observer,estimator,direction_provider,support_mode,estimator_calibration,controller_mode,step,target_mse,target_mae,observer_error_mae,collateral_abs_delta,collateral_rms_delta,mean_observer_estimate,mean_true_target,mean_target_ref,mean_residual_off_support_l2,mean_residual_off_support_normalized,mean_nearest_clean_residual_l2,mean_residual_delta_from_initial_l2,mean_abs_residual_norm_z,mean_convex_hull_extrapolation_mass,fraction_outside_clean_convex_hull,next_clip_fraction
est-first_order__dir-first_order__support-unprojected__cal-none__controller-base,first_order,first_order,unprojected,none,base,0,0.7175249182613791,0.8337119577179353,0.23897465655645544,0.0,0.0,0.3524907992962533,0.35120174288749695,1.0,1.2527062867488664e-15,2.445338972616886e-16,4.160469083197804e-05,0.0,0.8951582312583923,1.2478319048730115e-05,0.422,0.0
est-first_order__dir-first_order__support-unprojected__cal-none__controller-base,first_order,first_order,unprojected,none,base,1,0.38889515534632385,0.6212377575294834,0.32194040799672774,0.0120170555070652,0.013551167048438837,0.33125006651672556,0.543835752763746,1.0,0.31990771213740843,0.06244742318333517,0.37748139191344704,0.37747661139219,0.7909468298789416,0.09532122681642011,1.0,0.0
est-first_order__dir-first_order__support-unprojected__cal-none__controller-base,first_order,first_order,unprojected,none,base,2,0.17001170530330129,0.40179362794394685,0.43347630001880105,0.024428315551370712,0.027546863252314764,0.30931255795621904,0.7427888579750201,1.0,0.650309598288461,0.12694335629852255,0.7673406522592587,0.7673358728291807,0.9904772826452105,0.19376106068257778,1.0,0.0
est-first_order__dir-first_order__support-unprojected__cal-none__controller-base,first_order,first_order,unprojected,none,base,3,0.07251178526106793,0.21940702219940006,0.6616129552298893,0.03724671152173234,0.04200167083685825,0.28665541675315576,0.9482683719830449,1.0,0.9915499067599363,0.19355499816221433,1.1699887607881077,1.1699839817216313,1.6298802428571562,0.2954300906802185,1.0,0.0
est-first_order__dir-first_order__support-unprojected__cal-none__controller-base,first_order,first_order,unprojected,none,base,4,0.10895032236388674,0.3017309387401534,0.897233349243897,0.05048559900506811,0.05693065037903422,0.26325503625508434,1.1604883854989811,1.0,1.343984178495514,0.26235175196453875,1.5858452391650615,1.5858404602802914,2.426806458969989,0.40043424656608834,1.0,0.0
est-first_order__dir-first_order__support-unprojected__cal-none__controller-base,first_order,first_order,unprojected,none,base,5,0.29286577707371747,0.39355283685012366,1.1405829767903688,0.06415877170168914,0.07234935649927544,0.2390870354227247,1.3796700122130934,1.0,1.7079796175166635,0.33340529758082643,2.01534337139529,2.0153385926194685,3.3784967758715516,0.5088829329906559,1.0,0.0
est-first_order__dir-first_order__support-unprojected__cal-none__controller-base,first_order,first_order,unprojected,none,base,6,0.6388505287380594,0.6060416191748327,1.4171834374262182,0.07828047579706343,0.08827385406796275,0.21412623342717305,1.606041619174833,1.0,2.0839154735153826,0.4067896662554326,2.4589306549023866,2.458925876199134,4.480477430128463,0.620889143487671,1.0,0.0
est-first_order__dir-first_order__support-unprojected__cal-none__controller-base,first_order,first_order,unprojected,none,base,7,1.1626261121795147,0.8398390647302488,1.7034954352167497,0.09286542480502803,0.10472073494353919,0.18834662341379863,1.8398390647302485,1.0,2.4721834369974123,0.4825813177354684,2.917069266727493,2.9170644880760217,5.727424963333851,0.7365695782030122,1.0,0.0
est-first_order__dir-first_order__support-unprojected__cal-none__controller-base,first_order,first_order,unprojected,none,base,8,1.8811236339558872,1.081305944264644,1.9991995414592256,0.10792881489791387,0.12170713525969672,0.16172134540549932,2.0813059442646438,1.0,2.8731880473876403,0.5608592199348095,3.3902365450621983,3.3902317664495163,7.11385276519464,0.8560447654854793,1.0,0.0
est-first_order__dir-first_order__support-unprojected__cal-none__controller-base,first_order,first_order,unprojected,none,base,9,2.812569719024553,1.3496564293656756,2.3046038525724266,0.12348634073955664,0.13925075327964817,0.13422265831708158,2.330693844006508,1.0,3.2873471145228854,0.6417049312113824,3.878925486586605,3.8789207080040495,8.63457886478923,0.979439187466222,1.0,0.0
est-first_order__dir-first_order__support-unprojected__cal-none__controller-base,first_order,first_order,unprojected,none,base,10,3.9765783621080386,1.6337532877696836,2.6200265716943782,0.13955421183768965,0.1573698678360857,0.10582191105160679,2.5882626031571756,1.0,3.715092153971229,0.725202685343455,4.383645260124694,4.383640481566204,10.284996607226894,1.1068814097576454,1.0,0.0
est-first_order__dir-first_order__support-unprojected__cal-none__controller-base,first_order,first_order,unprojected,none,base,11,5.394249083197919,1.9271695897372805,2.9457963402206953,0.15614916943275656,0.17608335737603964,0.07648951264858946,2.8542805846193224,1.0,4.156868836631464,0.8114394792934673,4.904921737150518,4.904916958611684,12.061196808624222,1.2385042154069261,1.0,0.0
est-first_order__dir-first_order__support-unprojected__cal-none__controller-base,first_order,first_order,unprojected,none,base,12,7.088271813456725,2.2302110480060957,3.2822525802186058,0.1732885039407403,0.19541071963047943,0.046194901452944685,3.129024954606367,1.0,4.613137453081075,0.900505163850848,5.443298039697409,5.4432932611749205,13.959992390349163,1.3744447432437048,1.0,0.0
est-first_order__dir-first_order__support-unprojected__cal-none__controller-base,first_order,first_order,unprojected,none,base,13,9.08303896639492,2.543193403839318,3.629745848073469,0.19099007296818304,0.21537209192915258,0.014906513272560595,3.412781971424117,1.0,5.0843733931566035,0.992492537248253,5.9993351062408475,5.999330327732164,15.97888716171094,1.5148446307661079,1.0,0.0
est-first_order__dir-first_order__support-unprojected__cal-none__controller-base,first_order,first_order,unprojected,none,base,14,11.404765179731834,2.8664427559989782,3.988638199736205,0.20927231991816614,0.23598827218182555,-0.017408251508680108,3.705847283725529,1.0,5.571067641266017,1.0874974418487684,6.573612276144536,6.573607497647657,18.116018193812405,1.6598501617139603,1.0,0.0
est-first_order__dir-first_order__support-unprojected__cal-none__controller-base,first_order,first_order,unprojected,none,base,15,14.081615245924079,3.2002959005108034,4.359303567952217,0.2281542932066349,0.2572807405477881,-0.050783061896694674,4.008526238549362,1.0,6.073727287949212,1.1856188640048198,7.166727893278527,7.166723114791855,20.370090430807494,1.809612418482958,1.0,
est-first_order__dir-lifted_interaction__support-unprojected__cal-none__controller-base,first_order,lifted_interaction,unprojected,none,base,0,0.7175249182613791,0.8337119577179353,0.23897465655645544,0.0,0.0,0.3524907992962533,0.35120174288749695,1.0,1.2527062867488664e-15,2.445338972616886e-16,4.160469083197804e-05,0.0,0.8951582312583923,1.2478319048730115e-05,0.422,0.0
est-first_order__dir-lifted_interaction__support-unprojected__cal-none__controller-base,first_order,lifted_interaction,unprojected,none,base,1,0.38889515534632385,0.6212377575294834,0.31784407982726576,0.005256661597643984,0.005927733244213325,0.34180985103643524,0.543835752763746,1.0,0.29554451178010444,0.05769161697707697,0.37762590041861094,0.3776219039659485,0.98841039958564,0.09350360185792612,1.0,0.0
est-first_order__dir-lifted_interaction__support-unprojected__cal-none__controller-base,first_order,lifted_interaction,unprojected,none,base,2,0.17251628292165885,0.40525872394847073,0.4145571235648509,0.01060003413388597,0.011953247048163385,0.3309527158504627,0.7396473220804064,1.0,0.5959641599063265,0.11633488247943771,0.7614768422077747,0.7614728468608429,0.969849746386208,0.18854143043209864,1.0,0.0
est-first_order__dir-lifted_interaction__support-unprojected__cal-none__controller-base,first_order,lifted_interaction,unprojected,none,base,3,0.07415402225945893,0.21569097047046157,0.6187724016571803,0.016031547943688995,0.018078154345069014,0.31991648745771356,0.9386888891148939,1.0,0.9013393618909052,0.1759454943668949,1.1516595743922273,1.1516555794138406,0.8949508496453118,0.2851469496717056,1.0,0.0
est-first_order__dir-lifted_interaction__support-unprojected__cal-none__controller-base,first_order,lifted_interaction,unprojected,none,base,4,0.09979941729625127,0.2941763751993286,0.832315522459031,0.021552656956018774,0.02430409467418994,0.308698211637193,1.141013734096224,1.0,1.2117518617682148,0.23653940944234403,1.5482785420665808,1.5482745472724424,1.4383897779816601,0.38334601932185464,1.0,0.0
est-first_order__dir-lifted_interaction__support-unprojected__cal-none__controller-base,first_order,lifted_interaction,unprojected,none,base,5,0.25567686259410105,0.3739564311024936,1.0493811306974243,0.027164839083037,0.03063273461970517,0.2972948854367349,1.3466760161341593,1.0,1.5272847519763288,0.2981328477231425,1.9514399136445233,1.9514359189609143,2.1294594988605393,0.4831649256954902,1.0,0.0
est-first_order__dir-lifted_interaction__support-unprojected__cal-none__controller-base,first_order,lifted_interaction,unprojected,none,base,6,0.5482524272876849,0.5557307877167306,1.282741615187264,0.03286959661571459,0.03706576825683064,0.2857034563691598,1.5557307877167308,1.0,1.8480224955995304,0.3607422967829485,2.3612516089098334,2.361247614299894,2.960564999302713,0.5846303887098186,1.0,0.0
est-first_order__dir-lifted_interaction__support-unprojected__cal-none__controller-base,first_order,lifted_interaction,unprojected,none,base,7,0.9842424651812348,0.7682340094469055,1.530127623596813,0.0386684566259711,0.043604917605295994,0.2739208215951738,1.7682340094469056,1.0,2.1740509489777233,0.4243845161651787,2.777823327852127,2.7778193332947954,3.922599517252096,0.6877695690387994,1.0,0.0
est-first_order__dir-lifted_interaction__support-unprojected__cal-none__controller-base,first_order,lifted_interaction,unprojected,none,base,8,1.570622520666471,0.9842425650223413,1.7815943727173105,0.044562971375446965,0.05025193309030161,0.2619438270927879,1.9842425650223412,1.0,2.5054573846887953,0.4890765418692694,3.2012665800186224,3.201262585500733,5.005926803283756,0.7926100753836213,1.0,0.0
est-first_order__dir-lifted_interaction__support-unprojected__cal-none__controller-base,first_order,lifted_interaction,unprojected,none,base,9,2.314636540456855,1.2097089968670747,2.0372091761565745,0.050554718731019306,0.057008594011079244,0.24976926681303682,2.2038142764622366,1.0,2.8423305149100817,0.5548356909109392,3.631694714359066,3.631690719871844,6.201107943703864,0.8991799718631088,1.0,0.0
est-first_order__dir-lifted_interaction__support-unprojected__cal-none__controller-base,first_order,lifted_interaction,unprojected,none,base,10,3.223806401468536,1.455890300205701,2.297040457889909,0.05664530258717152,0.06387670901718191,0.2373938818217717,2.427007919585358,1.0,3.1847605151651925,0.6216795659576765,4.069222949565673,4.069218955102976,7.499355712748807,1.0075077855260346,1.0,0.0
est-first_order__dir-lifted_interaction__support-unprojected__cal-none__controller-base,first_order,lifted_interaction,unprojected,none,base,11,4.305941765524583,1.706132472116753,2.561157770576101,0.06283635329532969,0.07085811659263018,0.22481435942729533,2.653883239743381,1.0,3.5328390484625505,0.6896260600406896,4.513968404914523,4.513964410471881,8.892762962710352,1.1176225139873532,1.0,0.0
est-first_order__dir-lifted_interaction__support-unprojected__cal-none__controller-base,first_order,lifted_interaction,unprojected,none,base,12,5.569150271916884,1.9605024984084094,2.8296318141755488,0.069129528100282,0.07795468554804497,0.21202733229360812,2.884500967813761,1.0,3.886659289832106,0.7586933613445856,4.966050131616105,4.966046137190168,10.374372163580409,1.229553633190395,1.0,0.0
est-first_order__dir-lifted_interaction__support-unprojected__cal-none__controller-base,first_order,lifted_interaction,unprojected,none,base,13,7.021848079229828,2.2190684698491334,3.1025344548755056,0.07552651158379613,0.08516831552089803,0.1990293775390265,3.1189228364564126,1.0,4.2463159512667925,0.8288999580760531,5.425589144683208,5.425585150271398,11.93814785612491,1.3433311052971055,1.0,0.0
est-first_order__dir-lifted_interaction__support-unprojected__cal-none__controller-base,first_order,lifted_interaction,unprojected,none,base,14,8.672770768211953,2.4818996003944784,3.3799387443275046,0.0820290161155549,0.09250093748401433,0.18581701581993157,3.3572115966385523,1.0,4.611905307075409,0.9002646434128586,5.89270845532456,5.892704460924852,13.578898456400514,1.4589853867084313,1.0,0.0
est-first_order__dir-lifted_interaction__support-unprojected__cal-none__controller-base,first_order,lifted_interaction,unprojected,none,base,15,10.530984617876541,2.749066245714554,3.6619189392021108,0.0886387823115302,0.09995451426246263,0.17238671039940642,3.5994310344321225,1.0,4.9835252196537025,0.9728065205344794,6.367533103872893,6.367529109483667,15.292178011031462,1.5765474362170102,1.0,
est-lifted_interaction__dir-first_order__support-unprojected__cal-none__controller-base,lifted_interaction,first_order,unprojected,none,base,0,0.7175249182613791,0.8337119577179353,0.004087429757054386,0.0,0.0,0.35263333346302966,0.35120174288749695,1.0,1.2527062867488664e-15,2.445338972616886e-16,4.160469083197804e-05,0.0,0.8951582312583923,1.2478319048730115e-05,0.422,0.0
est-lifted_interaction__dir-first_order__support-unprojected__cal-none__controller-base,lifted_interaction,first_order,unprojected,none,base,1,0.35469245311771735,0.5860828754905288,0.18403902449728,0.014005335547348893,0.014225003614082743,0.4010436596606785,0.5437933488491302,1.0,0.37283799263762496,0.07277965182366856,0.43993672543760076,0.43993194511880546,0.9436672758885634,0.10280779303658863,1.0,0.0
est-lifted_interaction__dir-first_order__support-unprojected__cal-none__controller-base,lifted_interaction,first_order,unprojected,none,base,2,0.13167255572362227,0.35697161024415575,0.35556028037570253,0.026963346761516373,0.027386256033183048,0.4458338432039344,0.7219828601000783,1.0,0.7177950180036162,0.14011681352936026,0.8469703909970413,0.846965611613079,1.0873749916347175,0.19792015628089152,1.0,0.0
est-lifted_interaction__dir-first_order__support-unprojected__cal-none__controller-base,lifted_interaction,first_order,unprojected,none,base,3,0.021787611696834328,0.14499337278474805,0.5142551113297107,0.03895235295553608,0.039563304977324444,0.48727459974103804,0.8868472917469077,1.0,1.0369560254629848,0.20241847660359713,1.2235659243771329,1.2235611453041595,1.6340557535417368,0.28591998073057756,1.0,0.0
est-lifted_interaction__dir-first_order__support-unprojected__cal-none__controller-base,lifted_interaction,first_order,unprojected,none,base,4,0.002690497903833771,0.051133051239303465,0.6610826823065241,0.050044816694345844,0.05082974955769149,0.5256164007008175,1.0393830983239487,1.0,1.3322500510721285,0.2600611975543325,1.571999500288633,1.5719947213706862,2.2111409531436146,0.36733914474908314,1.0,0.0
est-lifted_interaction__dir-first_order__support-unprojected__cal-none__controller-base,lifted_interaction,first_order,unprojected,none,base,5,0.05570448848678131,0.2325930664818016,0.7969304315328303,0.060307781764643825,0.06125368511586727,0.5610909871631353,1.1805122191154558,1.0,1.605461876835508,0.31339337385025473,1.8943770805687212,1.8943723017434173,2.801290907434762,0.4426697526329939,1.0,0.0
est-lifted_interaction__dir-first_order__support-unprojected__cal-none__controller-base,lifted_interaction,first_order,unprojected,none,base,6,0.16526094881061104,0.40048343258448266,0.9226194342662997,0.06980327839319149,0.070898114797823,0.5939127705215272,1.3110876504344229,1.0,1.8582428180786623,0.36273734966448185,2.1926471424806704,2.1926423637168195,3.391549904085924,0.5123671089319329,1.0,0.0
est-lifted_interaction__dir-first_order__support-unprojected__cal-none__controller-base,lifted_interaction,first_order,unprojected,none,base,7,0.31842051770741264,0.5558188930848232,1.038909365443716,0.07858869816273792,0.07982133035024783,0.624280128403754,1.4318986012042687,1.0,2.0921207041373537,0.4083913641499398,2.468612455430442,2.468607676710223,3.9724918310503843,0.5768524703476712,1.0,0.0
est-lifted_interaction__dir-first_order__support-unprojected__cal-none__controller-base,lifted_interaction,first_order,unprojected,none,base,8,0.5044655688377837,0.6995383086115938,1.1465030912203877,0.08671714089158782,0.08807726444078391,0.6523766036829213,1.543675263004152,1.0,2.308509112686979,0.45063135402196486,2.723940977046018,2.7239361983582935,4.537454524740911,0.6365155918451746,1.0,0.0
est-lifted_interaction__dir-first_order__support-unprojected__cal-none__controller-base,lifted_interaction,first_order,unprojected,none,base,9,0.7145535138976867,0.8325103314377099,1.2460509171524903,0.0942377355733835,0.0957158166316199,0.6783720138260899,1.6470932234084827,1.0,2.5087159135252963,0.4897126213430918,2.960175934450352,2.9601711557877,5.081897562396799,0.6917170823644956,1.0,0.0
est-lifted_interaction__dir-first_order__support-unprojected__cal-none__controller-base,lifted_interaction,first_order,unprojected,none,base,10,0.9414220261492537,0.9555386556878569,1.3381545186987138,0.10119593731688709,0.10278315497665454,0.7024234772853734,1.7427775492952209,1.0,2.693951173447834,0.5258713765902591,3.178745151654839,3.1787403730120665,5.602885123214509,0.7427905843716306,1.0,0.0
est-lifted_interaction__dir-first_order__support-unprojected__cal-none__controller-base,lifted_interaction,first_order,unprojected,none,base,11,1.1791385593030463,1.0693668749335872,1.423370577797497,0.10763380208049349,0.10932199506511012,0.7246763631351184,1.8313065648028228,1.0,2.8653344699936873,0.5593261663308606,3.380969679447444,3.380964900820773,6.098680297382042,0.7900447904217341,1.0,0.0
est-lifted_interaction__dir-first_order__support-unprojected__cal-none__controller-base,lifted_interaction,first_order,unprojected,none,base,12,1.4228876457588528,1.1746829765356,1.5022141474996327,0.11359024086199024,0.11537185819815676,0.745265169694856,1.9132153467701243,1.0,3.0239016582666265,0.5902791941366381,3.56807177993479,3.5680670013213924,6.5684321965289065,0.8337653089229657,1.0,0.0
est-lifted_interaction__dir-first_order__support-unprojected__cal-none__controller-base,lifted_interaction,first_order,unprojected,none,base,13,1.6687904066941792,1.2721234998974,1.5751617649923577,0.11910125487991195,0.12096931025899199,0.764314337448492,1.9889989587859054,1.0,3.170611131730739,0.618917542719127,3.741182313997276,3.7411775353949768,7.011937318157344,0.8742163903778055,1.0,0.0
est-lifted_interaction__dir-first_order__support-unprojected__cal-none__controller-base,lifted_interaction,first_order,unprojected,none,base,14,1.9137515176434432,1.3622773837631494,1.6426543318303193,0.12420015316794204,0.12614818272012332,0.781939001173089,2.0591154433949783,1.0,3.306349614821379,0.6454143046733507,3.9013475763075482,3.901342797714639,7.4294588814697,0.9116425245353866,1.0,0.0
est-lifted_interaction__dir-first_order__support-unprojected__cal-none__controller-base,lifted_interaction,first_order,unprojected,none,base,15,2.155329566865716,1.4456895258131328,1.7050997787817717,0.12891775389752266,0.13093977712364238,0.7982456858231753,2.1239885905459843,1.0,3.4319375223824773,0.6699296286640672,4.049535619223714,4.049530840638832,7.8215907352249685,0.946269918108165,1.0,
est-lifted_interaction__dir-lifted_interaction__support-unprojected__cal-none__controller-base,lifted_interaction,lifted_interaction,unprojected,none,base,0,0.7175249182613791,0.8337119577179353,0.004087429757054386,0.0,0.0,0.35263333346302966,0.35120174288749695,1.0,1.2527062867488664e-15,2.445338972616886e-16,4.160469083197804e-05,0.0,0.8951582312583923,1.2478319048730115e-05,0.422,0.0
est-lifted_interaction__dir-lifted_interaction__support-unprojected__cal-none__controller-base,lifted_interaction,lifted_interaction,unprojected,none,base,1,0.35469245311771735,0.5860828754905287,0.16995301595776574,0.006126401720503298,0.0062224918725334415,0.41199894365526357,0.5437933488491302,1.0,0.3444437827739258,0.06723697444503365,0.4401052733038062,0.4401012770526416,1.1163108721774515,0.10013108594440841,1.0,0.0
est-lifted_interaction__dir-lifted_interaction__support-unprojected__cal-none__controller-base,lifted_interaction,lifted_interaction,unprojected,none,base,2,0.13477937966411888,0.3611621977846612,0.32554276523762604,0.011690992653982287,0.011874361181342285,0.46592053602009065,0.7187236631116893,1.0,0.6573009603080716,0.1283081015863104,0.8398478435787735,0.8398438482757492,1.2639814091388757,0.1910725404853149,1.0,0.0
est-lifted_interaction__dir-lifted_interaction__support-unprojected__cal-none__controller-base,lifted_interaction,lifted_interaction,unprojected,none,base,3,0.025491712369399053,0.15686747128553097,0.46686443294469465,0.01674529266067736,0.01700793585499625,0.5148973445417847,0.877612303645712,1.0,0.9414681261264629,0.18377880949799688,1.2029327320833842,1.202928737095438,1.3537847508924215,0.27367437048319293,1.0,0.0
est-lifted_interaction__dir-lifted_interaction__support-unprojected__cal-none__controller-base,lifted_interaction,lifted_interaction,unprojected,none,base,4,0.000854752350857401,0.02869277022296132,0.595226448154217,0.021336097063563913,0.021670745182329355,0.5593828218389161,1.021930343644531,1.0,1.199576246789425,0.2341626746771276,1.5327215659900488,1.5327175711589165,1.4531724758040687,0.34870134639250455,1.0,0.0
est-lifted_interaction__dir-lifted_interaction__support-unprojected__cal-none__controller-base,lifted_interaction,lifted_interaction,unprojected,none,base,5,0.04004596500998339,0.19723653940750985,0.711817252777346,0.025505909903649687,0.025905959863172654,0.5997888374631686,1.1530139541474536,1.0,1.4340150207424383,0.27992617700037814,1.8322677007591206,1.8322637060214997,1.8800062489322553,0.41684810675170014,1.0,0.0
est-lifted_interaction__dir-lifted_interaction__support-unprojected__cal-none__controller-base,lifted_interaction,lifted_interaction,unprojected,none,base,6,0.12643773324744237,0.35032430163503614,0.8177163047708849,0.02929333746436463,0.029752791705016317,0.6364894912006213,1.2720767750021609,1.0,1.6469550033800278,0.32149301863597446,2.104344489366948,2.1043404946911908,2.312715586772216,0.4787455895059969,1.0,0.0
est-lifted_interaction__dir-lifted_interaction__support-unprojected__cal-none__controller-base,lifted_interaction,lifted_interaction,unprojected,none,base,7,0.24681272774777188,0.48937342256795097,0.9139040723172247,0.03273344570849577,0.03324685666619923,0.6698245766810105,1.380221151369976,1.0,1.840367703169973,0.35924804689745693,2.351470959396868,2.3514669647648945,2.7406709399291054,0.5349668735571245,1.0,0.0
est-lifted_interaction__dir-lifted_interaction__support-unprojected__cal-none__controller-base,lifted_interaction,lifted_interaction,unprojected,none,base,8,0.3907212190200267,0.61567129086836,1.0012711115057646,0.03585808493700299,0.036420504606868076,0.700102727362857,1.4784483398073753,1.0,2.0160438348981424,0.3935408173591089,2.5759351354879505,2.5759311408884664,3.156469495676392,0.5860324846241295,1.0,0.0
est-lifted_interaction__dir-lifted_interaction__support-unprojected__cal-none__controller-base,lifted_interaction,lifted_interaction,unprojected,none,base,9,0.5499550668708278,0.7303872375079878,1.0806263115616814,0.03869618467557448,0.039303118800709996,0.7276042740216144,1.567667778416926,1.0,2.1756098990319397,0.42468883022221365,2.7798152230465116,2.7798112284719894,3.5551708595712626,0.6324152145396398,1.0,0.0
est-lifted_interaction__dir-lifted_interaction__support-unprojected__cal-none__controller-base,lifted_interaction,lifted_interaction,unprojected,none,base,10,0.7181175831352472,0.8345833620389616,1.1527043839606443,0.041274021519134584,0.041921387980494086,0.7525838401969449,1.648705506895495,1.0,2.320543240702671,0.4529804698960942,2.964998849344903,2.9649948547900786,3.933677177957875,0.6745444986011245,1.0,0.0
est-lifted_interaction__dir-lifted_interaction__support-unprojected__cal-none__controller-base,lifted_interaction,lifted_interaction,unprojected,none,base,11,0.8902721395537988,0.9292243660606625,1.218172664767565,0.04361546241414733,0.044299553436160176,0.7752726996291115,1.7223118144369043,1.0,2.4521857277306864,0.47867767501009323,3.1332005401502028,3.1331965456112507,4.290246329188667,0.7128103915049352,1.0,0.0
est-lifted_interaction__dir-lifted_interaction__support-unprojected__cal-none__controller-base,lifted_interaction,lifted_interaction,unprojected,none,base,12,1.0626554222009421,1.0151864849259657,1.2776372931789584,0.04574218563114767,0.04645963345321555,0.795880917510854,1.7891681862972437,1.0,2.5717561743315236,0.5020183635768499,3.2859775936899993,3.2859735991640573,4.624117873993792,0.747567178674375,1.0,0.0
est-lifted_interaction__dir-lifted_interaction__support-unprojected__cal-none__controller-base,lifted_interaction,lifted_interaction,unprojected,none,base,13,1.2324437302831122,1.0932656003812309,1.3316488234730492,0.047673881473379615,0.04842162716940748,0.8145992953795654,1.8498936133377641,1.0,2.6803616255281515,0.5232186357602844,3.4247444989244658,3.4247405044093346,4.935229998794091,0.7791366564173453,1.0,0.0
est-lifted_interaction__dir-lifted_interaction__support-unprojected__cal-none__controller-base,lifted_interaction,lifted_interaction,unprojected,none,base,14,1.3975627739944012,1.1641846092510473,1.3807073223259674,0.04942843457980577,0.050203699737082344,0.8316011376565863,1.905050322962344,1.0,2.7790076067462253,0.5424747746426584,3.550786031616465,3.550782037110421,5.2240076854287025,0.8078111112829606,1.0,0.0
est-lifted_interaction__dir-lifted_interaction__support-unprojected__cal-none__controller-base,lifted_interaction,lifted_interaction,unprojected,none,base,15,1.5565331206098232,1.2286001163908358,1.4252669986876099,0.051022089510342046,0.051822350505558265,0.8470438561891505,1.955148984509509,1.0,2.86860743348843,0.5599650635148461,3.665269149449848,3.6652651549515154,5.491205554402385,0.8338560262015577,1.0,
est-first_order__dir-first_order__support-projected__cal-none__controller-base,first_order,first_order,projected,none,base,0,0.7175249182613791,0.8337119577179353,0.23897465655645544,0.0,0.0,0.3524907992962533,0.35120174288749695,1.0,1.2527062867488664e-15,2.445338972616886e-16,4.160469083197804e-05,0.0,0.8951582312583923,1.2478319048730115e-05,0.422,0.0
est-first_order__dir-first_order__support-projected__cal-none__controller-base,first_order,first_order,projected,none,base,1,0.38889515534632374,0.6212377575294834,0.3465313253469097,0.04788142510400414,0.05399402455286951,0.2678579803318872,0.543835752763746,1.0,1.5761027821723068e-15,3.0766234662223647e-16,0.7983689425777769,0.7983616254251952,1.1109440547126086,0.48149589766967105,1.0,0.0
est-first_order__dir-first_order__support-projected__cal-none__controller-base,first_order,first_order,projected,none,base,2,0.1556182146330433,0.3809920988836211,0.5894847916963465,0.10202120140700102,0.11504534883240554,0.1721632119186632,0.7616480036150096,1.0,1.2174397170029e-15,2.3764970434731136e-16,1.7010805826424373,1.7010732660150727,0.7805289406412595,1.0259167398772246,1.0,0.0
est-first_order__dir-first_order__support-projected__cal-none__controller-base,first_order,first_order,projected,none,base,3,0.06867472608250635,0.24255061439448755,0.9439688083172144,0.16323732794817636,0.18407639860413386,0.06396063975199291,1.0079294480692074,1.0,1.2689648306636114e-15,2.4770763810527544e-16,2.721781327725721,2.721774011272552,1.7759041816760153,1.6414962166322136,1.0,0.0
est-first_order__dir-first_order__support-projected__cal-none__controller-base,first_order,first_order,projected,none,base,4,0.19643568862221283,0.35057474183816917,1.3651996972592675,0.23245472049395546,0.26213016547687196,-0.05838457114738992,1.2864011577429897,1.0,1.4378790957446212e-15,2.8068046180727217e-16,3.875892966975607,3.875885650608884,4.243574704088152,2.3375351314272503,1.0,0.0
est-first_order__dir-first_order__support-projected__cal-none__controller-base,first_order,first_order,projected,none,base,5,0.6299228438859875,0.601270567659338,1.8650830588326766,0.3107191861101182,0.3503859654852745,-0.19672093719012976,1.601270567659338,1.0,1.5345369568031268e-15,2.995485106992096e-16,5.180852997805388,5.180845681490015,7.887121082892418,3.182987814990274,1.0,0.0
est-first_order__dir-first_order__support-projected__cal-none__controller-base,first_order,first_order,projected,none,base,6,1.489588599056356,0.9572950464734015,2.4303037746820717,0.3992132242831441,0.4501772574010483,-0.35313858549227045,1.9572950464734016,1.0,1.8237055112800406e-15,3.5599551215498215e-16,6.656378089240672,6.656370772959108,12.67116402032905,4.219003921647742,1.0,0.0
est-first_order__dir-first_order__support-projected__cal-none__controller-base,first_order,first_order,projected,none,base,7,2.9340457887122513,1.3818196660897166,3.0694017767034625,0.4992738933302694,0.56301178999008,-0.5300008336505971,2.359853775657352,1.0,2.397931198212397e-15,4.680869470098064e-16,8.219945289461128,8.3247546652112,18.623560413393978,5.390432719744363,1.0,0.0
est-first_order__dir-first_order__support-projected__cal-none__controller-base,first_order,first_order,projected,none,base,8,5.171298355151883,1.8838753439973062,3.7920332102911978,0.6124130120422255,0.6905943826208185,-0.7299798971588001,2.8150290236684046,1.0,3.370733634280322e-15,6.579823546354275e-16,9.814345949755905,10.211205006191083,25.797076872870075,6.722843801307484,1.0,0.422
est-first_order__dir-first_order__support-projected__cal-none__controller-base,first_order,first_order,projected,none,base,9,8.262009822696896,2.4265891948557643,4.573185790236633,0.7347145206215188,0.8268699723587389,-0.9451298393237394,3.3047349287091734,1.0,2.6550633821513783e-15,5.182803049542246e-16,11.63928904977678,12.25042649906082,33.832625897781234,8.180852224307712,1.0,0.422
est-first_order__dir-first_order__support-projected__cal-none__controller-base,first_order,first_order,projected,none,base,10,12.15941787528264,2.9933546127185426,5.388956877867907,0.8624360915848317,0.9660307016819148,-1.1678027566399314,3.811563986644955,1.0,2.8612010968465623e-15,5.585193133157563e-16,13.46826533249752,14.38002061148841,42.36748502249882,9.703475543841286,1.0,0.422
est-first_order__dir-first_order__support-projected__cal-none__controller-base,first_order,first_order,projected,none,base,11,16.930173358465723,3.587315262438392,6.243871292122897,0.9962861552649277,1.108619429922349,-1.3989819410719655,4.337754282583249,1.0,4.245915552476109e-15,8.28821798432583e-16,15.462803083547595,16.611799514701776,52.00858072019649,11.299159262821156,1.0,0.422
est-first_order__dir-first_order__support-projected__cal-none__controller-base,first_order,first_order,projected,none,base,12,22.661033079994827,4.21202570220839,7.143045269299409,1.1370657375222277,1.2553255599224196,-1.6397792059563863,4.885836430991015,1.0,5.102259487974252e-15,9.95983983342854e-16,17.57209663403186,18.95911929212041,62.450144969831136,12.977452755299586,1.0,0.422
est-first_order__dir-first_order__support-projected__cal-none__controller-base,first_order,first_order,projected,none,base,13,29.464661024569928,4.87150508945777,8.092263764378952,1.2856805624616825,1.4069980126951196,-1.891451684413197,5.458671810802844,1.0,6.9153188918543256e-15,1.3499013274861337e-15,19.741268926676803,21.437081736705668,73.6772214142215,14.749153548165141,1.0,0.422
est-first_order__dir-first_order__support-projected__cal-none__controller-base,first_order,first_order,projected,none,base,14,37.48707155245581,5.570297906387569,9.098067856035371,1.4431547370376647,1.5646675634584384,-2.1554208233970815,6.059495798056516,1.0,5.8477205823919945e-15,1.1415013393290133e-15,22.075840722710698,24.062762524273907,85.74865991539528,16.6264704612076,1.0,0.422
est-first_order__dir-first_order__support-projected__cal-none__controller-base,first_order,first_order,projected,none,base,15,46.91717531286896,6.3135426226494795,10.167853575932588,1.6106462243078645,1.729575472991625,-2.433293860369877,6.691966649258838,1.0,6.67700320304817e-15,1.3033810339593748e-15,24.624778172176967,26.855469210248003,98.73690287409626,18.623208070437514,1.0,
est-first_order__dir-lifted_interaction__support-projected__cal-none__controller-base,first_order,lifted_interaction,projected,none,base,0,0.7175249182613791,0.8337119577179353,0.23897465655645544,0.0,0.0,0.3524907992962533,0.35120174288749695,1.0,1.2527062867488664e-15,2.445338972616886e-16,4.160469083197804e-05,0.0,0.8951582312583923,1.2478319048730115e-05,0.422,0.0
est-first_order__dir-lifted_interaction__support-projected__cal-none__controller-base,first_order,lifted_interaction,projected,none,base,1,0.38889515534632374,0.6212377575294834,0.32715229771355214,0.017066011766903054,0.01924467904537503,0.31781451397470706,0.543835752763746,1.0,1.240419663374969e-15,2.421354931588376e-16,0.7631311473445532,0.763126057044659,1.7631592325906749,0.3801138896122549,1.0,0.0
est-first_order__dir-lifted_interaction__support-projected__cal-none__controller-base,first_order,lifted_interaction,projected,none,base,2,0.16686919368764508,0.3973848751568967,0.4655047373655927,0.0350459655946862,0.03951997507777316,0.2812811974906779,0.7467859348562707,1.0,1.007766368738607e-15,1.9672052442274886e-16,1.567125158848432,1.5671200691108473,2.224461670576566,0.7805756969417622,1.0,0.0
est-first_order__dir-lifted_interaction__support-projected__cal-none__controller-base,first_order,lifted_interaction,projected,none,base,3,0.07081518627626497,0.22419253367002648,0.7178133789940397,0.05398880614025306,0.06088108108697791,0.24279139960875398,0.960604778602794,1.0,1.231620763816878e-15,2.4041790841984963e-16,2.4141757415512446,2.4141706520009265,1.9908622569491508,1.2024835746533544,1.0,0.0
est-first_order__dir-lifted_interaction__support-projected__cal-none__controller-base,first_order,lifted_interaction,projected,none,base,4,0.12264069968685216,0.31157860077776356,0.983633993018695,0.0739460992107335,0.08338614583214192,0.20224034420049447,1.1858743372191893,1.0,1.6692511608929928e-15,3.258453287890238e-16,3.3065887186769714,3.3065836292201602,1.0153858335048764,1.6469860316095875,1.0,0.0
est-first_order__dir-lifted_interaction__support-projected__cal-none__controller-base,first_order,lifted_interaction,projected,none,base,5,0.34709388791704776,0.42505994108144857,1.2757517856430114,0.09497217213485241,0.1070964321331309,0.1595176440250279,1.4232078348195427,1.0,1.501141952241964e-15,2.93029655720357e-16,4.246793398242377,4.246788308841569,2.623070261644296,2.115293083167397,1.0,0.0
est-first_order__dir-lifted_interaction__support-projected__cal-none__controller-base,first_order,lifted_interaction,projected,none,base,6,0.7720989831244411,0.6732513357220966,1.6011948084793093,0.11712426165165585,0.13207648363889998,0.11450700023519844,1.6732513357220966,1.0,2.005326654797365e-15,3.9144877563678287e-16,4.998366275303086,5.237344096517923,5.254526298032932,2.6219724452773536,1.0,0.0
est-first_order__dir-lifted_interaction__support-projected__cal-none__controller-base,first_order,lifted_interaction,projected,none,base,7,1.4291299188232351,0.9366855031521251,1.9440663946526417,0.14046266971917365,0.15839430052687448,0.06708588579125911,1.936685503152125,1.0,1.871886520457906e-15,3.654006616883514e-16,5.591455720490017,6.280947462642648,8.497674317153852,3.19018936297747,1.0,0.0
est-first_order__dir-lifted_interaction__support-projected__cal-none__controller-base,first_order,lifted_interaction,projected,none,base,8,2.353626345389223,1.2211946696744278,2.3052999020741596,0.16505092766715715,0.18612152461162054,0.017125211920308386,2.2142274521292253,1.0,2.1945007699668686e-15,4.2837641313071384e-16,6.3367744903589855,7.380439282625535,12.244994614989507,3.8282270633388378,1.0,0.0
est-first_order__dir-lifted_interaction__support-projected__cal-none__controller-base,first_order,lifted_interaction,projected,none,base,9,3.585456769744719,1.5437159763133481,2.6858786730956967,0.19095596914074509,0.21533363436670475,-0.0355110232864858,2.5066327015829333,1.0,2.614623466806009e-15,5.103862517280685e-16,7.220501659379824,8.538812570264781,16.451119875661114,4.500433818471301,1.0,0.0
est-first_order__dir-lifted_interaction__support-projected__cal-none__controller-base,first_order,lifted_interaction,projected,none,base,10,5.1694340752186365,1.8835093786060972,3.0868387113438973,0.21824831230584313,0.24611015039062756,-0.09096610509545804,2.8146972310106637,1.0,2.3055596095285464e-15,4.500555977493681e-16,8.116722533535032,9.759220625266991,21.086606080274176,5.208639495643343,1.0,0.0
est-first_order__dir-lifted_interaction__support-projected__cal-none__controller-base,first_order,lifted_interaction,projected,none,base,11,7.155889259540912,2.2414998550955927,3.509271501907772,0.24700225181220992,0.2785348518761449,-0.1493909921786218,3.1392596472765617,1.0,3.806013663349641e-15,7.429509726063216e-16,9.092592785280829,11.044985617094154,26.13282809513463,5.965901903506628,1.0,0.0
est-first_order__dir-lifted_interaction__support-projected__cal-none__controller-base,first_order,lifted_interaction,projected,none,base,12,9.601309875106747,2.6186619200222157,3.9543269825567453,0.27729606103681026,0.31269600467224723,-0.2109447275502317,3.481203467449702,1.0,3.845966651161845e-15,7.507499753895863e-16,10.189851621226085,12.399607628504352,31.578959893224344,6.768483639046773,1.0,0.0
est-first_order__dir-lifted_interaction__support-projected__cal-none__controller-base,first_order,lifted_interaction,projected,none,base,13,12.569050373107384,3.0160222761262387,4.423216674077362,0.3092122051579758,0.3486866015596198,-0.2757948715103728,3.841459523895896,1.0,3.28000574347693e-15,6.402718625885924e-16,11.402969839764072,13.826774183404368,37.42039249987884,7.61404631327505,1.0,0.0
est-first_order__dir-lifted_interaction__support-projected__cal-none__controller-base,first_order,lifted_interaction,projected,none,base,14,16.130122349722296,3.434662609516697,4.9172169782500115,0.342837565640401,0.38660461539365937,-0.3441179577741305,4.221008498170232,1.0,3.5405541083690442e-15,6.9113207440854155e-16,12.635205475771533,15.330370284950657,43.65787541870978,8.504891699342668,1.0,0.0
est-first_order__dir-lifted_interaction__support-projected__cal-none__controller-base,first_order,lifted_interaction,projected,none,base,15,20.364073577017866,3.875722534214858,5.437672652443356,0.37826367674206257,0.4265532658041468,-0.4160999740280043,4.6208835906080346,1.0,4.9434127244106956e-15,9.649763811838416e-16,13.926184774328581,16.91448899122429,50.29689487489286,9.443444838058577,1.0,
est-lifted_interaction__dir-first_order__support-projected__cal-none__controller-base,lifted_interaction,first_order,projected,none,base,0,0.7175249182613791,0.8337119577179353,0.004087429757054386,0.0,0.0,0.35263333346302966,0.35120174288749695,1.0,1.2527062867488664e-15,2.445338972616886e-16,4.160469083197804e-05,0.0,0.8951582312583923,1.2478319048730115e-05,0.422,0.0
est-lifted_interaction__dir-first_order__support-projected__cal-none__controller-base,lifted_interaction,first_order,projected,none,base,1,0.35469245311771735,0.5860828754905287,0.00424671957715342,0.05580363880923825,0.05667889648603557,0.5455223207641768,0.5437933488491302,1.0,1.1782836436123957e-15,2.3000626284076745e-16,0.930461740399525,0.930454423351285,1.2412518380429134,0.5098932150884773,1.0,0.0
est-lifted_interaction__dir-first_order__support-projected__cal-none__controller-base,lifted_interaction,first_order,projected,none,base,2,0.1755573889277617,0.41223722247187106,0.004416950142618464,0.09498005855696148,0.09646978265324888,0.6809382200222015,0.6790004584217874,1.0,1.3629732220445328e-15,2.660584986085303e-16,1.5836785162726088,1.5836711995895603,1.2559119376584948,0.8678533177155541,1.0,0.0
est-lifted_interaction__dir-first_order__support-projected__cal-none__controller-base,lifted_interaction,first_order,projected,none,base,3,0.08705169956124813,0.29019051692892567,0.004537324260408532,0.12248349555497513,0.12440460002151248,0.776005678400373,0.7739213379651825,1.0,1.2328968256542106e-15,2.406670014255531e-16,2.0422632098824183,2.0422558933161765,1.105160093181291,1.1191558408609594,1.0,0.0
est-lifted_interaction__dir-first_order__support-projected__cal-none__controller-base,lifted_interaction,first_order,projected,none,base,4,0.04327835228101931,0.2045087752503588,0.004621831777587315,0.14179202480738778,0.14401597580537823,0.8427468933685244,0.8405596486410717,1.0,1.256868201646571e-15,2.4534632175478224e-16,2.364208280698758,2.364200964187447,0.9544594813163497,1.2955804135319529,1.0,0.0
est-lifted_interaction__dir-first_order__support-projected__cal-none__controller-base,lifted_interaction,first_order,projected,none,base,5,0.021597224318652755,0.14435671441091708,0.004681159485161148,0.15534739615672857,0.1577839577136094,0.8896019355818732,0.8873424478639357,1.0,1.3321403436040792e-15,2.600397821635066e-16,2.5902267895200626,2.590219473039157,0.9851720890725971,1.4194376253599978,1.0,0.0
est-lifted_interaction__dir-first_order__support-projected__cal-none__controller-base,lifted_interaction,first_order,projected,none,base,6,0.010836357052755612,0.10212752587731139,0.004722809944238412,0.1648638171133154,0.16744963991329112,0.922496077258232,0.9201858720283284,1.0,1.4707164517673034e-15,2.870904612851511e-16,2.748900957754388,2.7488936412918403,1.176793698765552,1.5063904159467458,1.0,0.0
est-lifted_interaction__dir-first_order__support-projected__cal-none__controller-base,lifted_interaction,first_order,projected,none,base,7,0.005480032615113912,0.07248092126692546,0.004752050257277242,0.17154473093626044,0.17423534118802844,0.9455891000261446,0.9432432890440046,1.0,1.347043578294193e-15,2.6294896055522466e-16,2.8602966651057797,2.8602893486549044,1.3200037368643442,1.5674348047169326,1.0,0.0
est-lifted_interaction__dir-first_order__support-projected__cal-none__controller-base,lifted_interaction,first_order,projected,none,base,8,0.0028031027770546177,0.05166780135046969,0.004772578144017502,0.17623500364626762,0.17899917894295564,0.9618013394518236,0.9594305317862263,1.0,1.6687817944249322e-15,3.257537063449658e-16,2.938500973685737,2.938493657242526,1.4247269332071282,1.6102904436812537,1.0,0.0
est-lifted_interaction__dir-first_order__support-projected__cal-none__controller-base,lifted_interaction,first_order,projected,none,base,9,0.001457768447026354,0.03705614627732803,0.004786989553822144,0.1795277654865243,0.1823435864310599,0.973182989651413,0.9707946332993088,1.0,1.537295483195288e-15,3.000869874487158e-16,2.993403572949838,2.99339625651177,1.5002751883711263,1.6403768419242513,1.0,0.0
est-lifted_interaction__dir-first_order__support-projected__cal-none__controller-base,lifted_interaction,first_order,projected,none,base,10,0.0007764665977589808,0.026798171267648465,0.004797106948524484,0.18183941796539146,0.18469149625122935,0.9811733701204199,0.9787726938780134,1.0,1.5815284002625165e-15,3.087214516580192e-16,3.0319474263600146,3.031940109925444,1.554301013964426,1.6614987148238674,1.0,0.0
est-lifted_interaction__dir-first_order__support-projected__cal-none__controller-base,lifted_interaction,first_order,projected,none,base,11,0.00042787494927121336,0.0195966563966445,0.004804209770312992,0.18346229184522123,0.18633982425649076,0.9867829415727037,0.9843736162671884,1.0,1.370433202143862e-15,2.675147202516084e-16,3.0590067761106026,3.0589994596784362,1.5927121224334757,1.6763271270247657,1.0,0.0
est-lifted_interaction__dir-first_order__support-projected__cal-none__controller-base,lifted_interaction,first_order,projected,none,base,12,0.0002470784149786899,0.014540900617521408,0.004809196239542085,0.18460161518811583,0.18749701742872804,0.9907210884482284,0.988305691149309,1.0,1.816083697063148e-15,3.545076997648182e-16,3.0780035380879847,3.077996221657481,1.6199148016601264,1.6867372743372107,1.0,0.0
est-lifted_interaction__dir-first_order__support-projected__cal-none__controller-base,lifted_interaction,first_order,projected,none,base,13,0.0001516599964239177,0.010991554826255068,0.0048126969433624385,0.1854014664247386,0.1883094140109607,0.9934858274207373,0.9910661673359612,1.0,1.3934976214682704e-15,2.720169985630814e-16,3.0913400361543255,3.091332719724977,1.6391282652548587,1.6940456203420677,1.0,0.0
est-lifted_interaction__dir-first_order__support-projected__cal-none__controller-base,lifted_interaction,first_order,projected,none,base,14,0.00010020150070052669,0.00857078923163041,0.0048151545795523274,0.18596299446216252,0.18887974939027088,0.9954267864117843,0.9930041336782921,1.0,1.4885412079323663e-15,2.9056993379909083e-16,3.100702799181269,3.1006954827527236,1.652673936117893,1.6991763759138794,1.0,0.0
est-lifted_interaction__dir-first_order__support-projected__cal-none__controller-base,lifted_interaction,first_order,projected,none,base,15,7.172923919202151e-05,0.007453487922637236,0.004816879939923614,0.18635720993921123,0.18928014797885076,0.9967894184151613,0.9943646647207861,1.0,1.8804576465490008e-15,3.6707378402289023e-16,3.107275838899987,3.107268522472004,1.6622116002129879,1.702778374604169,1.0,
est-lifted_interaction__dir-lifted_interaction__support-projected__cal-none__controller-base,lifted_interaction,lifted_interaction,projected,none,base,0,0.7175249182613791,0.8337119577179353,0.004087429757054386,0.0,0.0,0.35263333346302966,0.35120174288749695,1.0,1.2527062867488664e-15,2.445338972616886e-16,4.160469083197804e-05,0.0,0.8951582312583923,1.2478319048730115e-05,0.422,0.0
est-lifted_interaction__dir-lifted_interaction__support-projected__cal-none__controller-base,lifted_interaction,lifted_interaction,projected,none,base,1,0.3546924531177173,0.5860828754905287,0.004163673416750689,0.019889666075850097,0.020201627505127728,0.5453672251559408,0.5437933488491302,1.0,1.1554226191436456e-15,2.255436881192446e-16,0.8893940497070122,0.8893889595127575,1.8806580476790216,0.4005520038899341,1.0,0.0
est-lifted_interaction__dir-lifted_interaction__support-projected__cal-none__controller-base,lifted_interaction,lifted_interaction,projected,none,base,2,0.17550690048040504,0.4121778956918641,0.004217186625827806,0.03385778421692993,0.03438882997286205,0.6807204160385896,0.6790465993652377,1.0,1.3495844738053314e-15,2.6344495477864794e-16,1.5139942820258272,1.5139891922401614,2.389572489912275,0.68184609965627,1.0,0.0
est-lifted_interaction__dir-lifted_interaction__support-projected__cal-none__controller-base,lifted_interaction,lifted_interaction,projected,none,base,3,0.08696623979782495,0.29004787631967904,0.0042578306944425215,0.04366731664744488,0.04435222098229426,0.7757762784050556,0.7740322755937573,1.0,1.2867626026543027e-15,2.5118184318710173e-16,1.9526386416551753,1.9526335520002085,2.5936270250841638,0.8793933660140079,1.0,0.0
est-lifted_interaction__dir-lifted_interaction__support-projected__cal-none__controller-base,lifted_interaction,lifted_interaction,projected,none,base,4,0.043181068957480896,0.20427838513478772,0.004298309119414446,0.05055635678394865,0.05134931294828269,0.8425321259126803,0.8407388327682532,1.0,1.1442144021366638e-15,2.2335579378594076e-16,2.260689878637151,2.2606847890436548,2.658290082524071,1.018126894491023,1.0,0.0
est-lifted_interaction__dir-lifted_interaction__support-projected__cal-none__controller-base,lifted_interaction,lifted_interaction,projected,none,base,5,0.021504067158645654,0.1440441719910324,0.004326736314723729,0.055394393085732685,0.056263231907615924,0.889413434077356,0.8875855253092308,1.0,1.2273557627204153e-15,2.395853610374539e-16,2.47702815477726,2.4770230652177943,2.66452943442629,1.1155567009294898,1.0,0.0
est-lifted_interaction__dir-lifted_interaction__support-projected__cal-none__controller-base,lifted_interaction,lifted_interaction,projected,none,base,6,0.010755250456824916,0.10174287833841868,0.00434670017037545,0.05879205005877793,0.05971417976656463,0.9223372473055563,0.9204850286712175,1.0,1.4045978883830674e-15,2.7418382055322643e-16,2.6289582368663855,2.6289531473274703,2.64962563830258,1.1839797222916966,1.0,0.0
est-lifted_interaction__dir-lifted_interaction__support-projected__cal-none__controller-base,lifted_interaction,lifted_interaction,projected,none,base,7,0.005413387413091781,0.07203551849603057,0.0043607203903849034,0.061178157187041025,0.0621377120274219,0.9454589885692138,0.9435896975978144,1.0,1.7385223354373378e-15,3.3936737338830916e-16,2.73565572126552,2.735650631739673,2.6296994323651584,1.2320318536000947,1.0,0.0
est-lifted_interaction__dir-lifted_interaction__support-projected__cal-none__controller-base,lifted_interaction,lifted_interaction,projected,none,base,8,0.0027502998089840164,0.05117262867396908,0.004370566512924214,0.06285387291488428,0.06383971068387378,0.9616969290337042,0.9598156484984736,1.0,1.3787506645437947e-15,2.691383262935814e-16,2.8105872491137696,2.8105821595965064,2.6110676618208943,1.2657779127087168,1.0,0.0
est-lifted_interaction__dir-lifted_interaction__support-projected__cal-none__controller-base,lifted_interaction,lifted_interaction,projected,none,base,9,0.0014168607517924896,0.03652103479162026,0.004377481249568825,0.0640306948468422,0.06503499059549306,0.9731005126791441,0.9712108121109462,1.0,1.4363763101200681e-15,2.803871112993294e-16,2.8632101754861803,2.8632050859746774,2.595707201338975,1.2894771009518735,1.0,0.0
est-lifted_interaction__dir-lifted_interaction__support-projected__cal-none__controller-base,lifted_interaction,lifted_interaction,projected,none,base,10,0.0007451586469032175,0.026231510898996332,0.004382337332018888,0.06485715355730606,0.0658744119791145,0.9811090233793108,0.9792134095889011,1.0,1.5199078124750415e-15,2.9669283597801504e-16,2.9001662133451647,2.900161123837582,2.583802039659671,1.306120570981269,1.0,0.0
est-lifted_interaction__dir-lifted_interaction__support-projected__cal-none__controller-base,lifted_interaction,lifted_interaction,projected,none,base,11,0.00040400748188056427,0.019005382275241085,0.004385747662444079,0.06543755912381775,0.06646392097397938,0.9867332416626865,0.984833475133556,1.0,1.620620153621543e-15,3.163523376053426e-16,2.9261197060218693,2.926114616516981,2.5748916837577576,1.317808949999879,1.0,0.0
est-lifted_interaction__dir-lifted_interaction__support-projected__cal-none__controller-base,lifted_interaction,lifted_interaction,projected,none,base,12,0.0002288215124250108,0.01393061541217088,0.0043881426698863454,0.06584516644572344,0.06687792145312767,0.9906830186541064,0.9887803357389068,1.0,1.962930761560495e-15,3.8317290673537575e-16,2.944346329359836,2.9443412398568105,2.5683636779711803,1.3260174668441058,1.0,0.0
est-lifted_interaction__dir-lifted_interaction__support-projected__cal-none__controller-base,lifted_interaction,lifted_interaction,projected,none,base,13,0.000137552675060859,0.010366707259491134,0.004389824636128288,0.06613142098644,0.06716866578142126,0.9934568687246239,0.9915521376893103,1.0,1.6650698568297635e-15,3.250291194436783e-16,2.9571465255585583,2.957141436056828,2.5636460307062214,1.3317821454770176,1.0,0.0
est-lifted_interaction__dir-lifted_interaction__support-projected__cal-none__controller-base,lifted_interaction,lifted_interaction,projected,none,base,14,8.912072329679393e-05,0.008164623490152683,0.004391005847672546,0.06633245187493768,0.06737284975871721,0.9954048886331972,0.9934987192437345,1.0,1.965558366059681e-15,3.836858269429655e-16,2.9661358495648567,2.9661307600640283,2.5602673257890274,1.3358305649870683,1.0,0.0
est-lifted_interaction__dir-lifted_interaction__support-projected__cal-none__controller-base,lifted_interaction,lifted_interaction,projected,none,base,15,6.28335377935917e-05,0.007041972241514788,0.004391835389120519,0.06647363188217525,0.06751624411770282,0.9967729443924224,0.9948657648753582,1.0,1.492424770364754e-15,2.91328022639944e-16,2.97244887358696,2.9724437840867637,2.5578622047397985,1.3386736897426779,1.0,
est-first_order__dir-first_order__support-unprojected__cal-response_gain__controller-base,first_order,first_order,unprojected,response_gain,base,0,0.7175249182613791,0.8337119577179353,0.23897465655645544,0.0,0.0,0.3524907992962533,0.35120174288749695,1.0,1.2527062867488664e-15,2.445338972616886e-16,4.160469083197804e-05,0.0,0.8951582312583923,1.2478319048730115e-05,0.422,0.0
est-first_order__dir-first_order__support-unprojected__cal-response_gain__controller-base,first_order,first_order,unprojected,response_gain,base,1,0.38889515534632385,0.6212377575294834,0.23897460139422996,0.0120170555070652,0.013551167048438837,0.5451247865056185,0.543835752763746,1.0,0.31990771213740843,0.06244742318333517,0.37748139191344704,0.37747661139219,0.7909468298789416,0.09532122681642011,1.0,0.0
est-first_order__dir-first_order__support-unprojected__cal-response_gain__controller-base,first_order,first_order,unprojected,response_gain,base,2,0.22669263903549236,0.4719746469144505,0.2389746013942306,0.020459037000778425,0.02307086189996708,0.6804501625201963,0.6791611287783246,1.0,0.544642879913938,0.10631673796962816,0.6426587105302588,0.6426539308952035,0.8211268605711969,0.16227875190055527,1.0,0.0
est-first_order__dir-first_order__support-unprojected__cal-response_gain__controller-base,first_order,first_order,unprojected,response_gain,base,3,0.14662945056690674,0.3671173117073901,0.23897460139423,0.02638952900011201,0.02975844753316568,0.7755162391704384,0.7742272054285662,1.0,0.7025193352769499,0.13713493160699897,0.82894577719763,0.8289409978460704,1.0792899707571049,0.20931641327216008,1.0,0.0
est-first_order__dir-first_order__support-unprojected__cal-response_gain__controller-base,first_order,first_order,unprojected,response_gain,base,4,0.10710706554804854,0.29345503372443005,0.23897460139423068,0.03055569962964383,0.034456476440487695,0.8423001580172325,0.8410111242753607,1.0,0.8134275451694657,0.15878471263725194,0.9598124415972656,0.9598076623790542,1.2789522461505536,0.24236037038571248,1.0,0.0
est-first_order__dir-first_order__support-unprojected__cal-response_gain__controller-base,first_order,first_order,unprojected,response_gain,base,5,0.0875950039932707,0.24170728344140058,0.23897460139423005,0.033482434496890014,0.03775684174788148,0.8892158610071061,0.8879268272652341,1.0,0.8913405626189581,0.1739936838110047,1.0517462733578546,1.051741494213476,1.4279516138402093,0.265573750257983,1.0,0.0
est-first_order__dir-first_order__support-unprojected__cal-response_gain__controller-base,first_order,first_order,unprojected,response_gain,base,6,0.07796039859862504,0.20878456746138796,0.23897460139422977,0.03553846574113044,0.040075348376325585,0.9221741423574928,0.9208851086156201,1.0,0.9460744573772266,0.18467798606056599,1.1163297901769402,1.116325011077157,1.536829311416191,0.28188114961825317,1.0,0.0
est-first_order__dir-first_order__support-unprojected__cal-response_gain__controller-base,first_order,first_order,unprojected,response_gain,base,7,0.07320195067053155,0.21776610255640835,0.23897460139422935,0.03698282769020926,0.04170409928280751,0.9453273350061389,0.9440383012642659,1.0,0.98452501844491,0.19218370839088272,1.1616997107453129,1.1616949316738923,1.615354070392501,0.29333709766884286,1.0,0.0
est-first_order__dir-first_order__support-unprojected__cal-response_gain__controller-base,first_order,first_order,unprojected,response_gain,base,8,0.07085102063815736,0.22407563096066022,0.23897460139422969,0.037997491959437205,0.04284829679461112,0.9615924528418118,0.9603034190999397,1.0,1.0115365375949574,0.19745647832793028,1.1935720799458842,1.1935673008930991,1.6715105092681248,0.301384901174382,1.0,0.0
est-first_order__dir-first_order__support-unprojected__cal-response_gain__controller-base,first_order,first_order,unprojected,response_gain,base,9,0.06968899109057676,0.22850807466464698,0.2389746013942298,0.03871029360856978,0.04365209554665311,0.973018698121373,0.9717296643795004,1.0,1.0305121297978663,0.20116059920870624,1.2159624193098701,1.215957640269592,1.7114458096030156,0.3070384831370235,1.0,0.0
est-first_order__dir-first_order__support-unprojected__cal-response_gain__controller-base,first_order,first_order,unprojected,response_gain,base,10,0.0691142360506491,0.2316218663666979,0.2389746013942303,0.03921103676708544,0.044216764169962626,0.981045635430264,0.9797566016883921,1.0,1.0438424833204096,0.20376274412745132,1.2316916327133423,1.2316868536815786,1.7397383255317467,0.31101012446577914,1.0,0.0
est-first_order__dir-first_order__support-unprojected__cal-response_gain__controller-base,first_order,first_order,unprojected,response_gain,base,11,0.06882968729387873,0.23380930503738875,0.23897460139423038,0.03956280883594269,0.044613443877837576,0.9866845588897603,0.9853955251478883,1.0,1.053207056669996,0.20559075093286974,1.2427414051294097,1.2427366261034989,1.7597307071787975,0.31380020249922974,1.0,0.0
est-first_order__dir-first_order__support-unprojected__cal-response_gain__controller-base,first_order,first_order,unprojected,response_gain,base,12,0.0686886259584589,0.2353459807035493,0.23897460139422966,0.03980992871431491,0.0448921113726197,0.9906459026200571,0.9893568688781851,1.0,1.059785669448081,0.20687492571367616,1.2505038702517595,1.2504990912298979,1.7738328502339091,0.31576023231772904,1.0,0.0
est-first_order__dir-first_order__support-unprojected__cal-response_gain__controller-base,first_order,first_order,unprojected,response_gain,base,13,0.06861856539906529,0.23642549535902685,0.2389746013942306,0.039983530428871414,0.045087875287704186,0.9934287465905899,0.992139712848718,1.0,1.0644071449246852,0.2077770584971927,1.2559570020002397,1.255952222981193,1.783767913721024,0.3171371532652247,1.0,0.0
est-first_order__dir-first_order__support-unprojected__cal-response_gain__controller-base,first_order,first_order,unprojected,response_gain,base,14,0.06858367682424281,0.23718385440449977,0.23897460139422985,0.040105485633347315,0.045225399438051,0.9953836944798898,0.9940946607380174,1.0,1.0676537314469998,0.20841080677761306,1.259787827053562,1.259783048036478,1.7907612430562234,0.3181044402308403,1.0,0.0
est-first_order__dir-first_order__support-unprojected__cal-response_gain__controller-base,first_order,first_order,unprojected,response_gain,base,15,0.0685662390357689,0.23771660163394456,0.23897460139422988,0.040191159164491626,0.045322010153669635,0.9967570453721225,0.9954680116302502,1.0,1.069934458478926,0.20885601494460837,1.262478981653528,1.2624742026378157,1.7956809320084979,0.3187839593241853,1.0,
est-first_order__dir-lifted_interaction__support-unprojected__cal-response_gain__controller-base,first_order,lifted_interaction,unprojected,response_gain,base,0,0.7175249182613791,0.8337119577179353,0.23897465655645544,0.0,0.0,0.3524907992962533,0.35120174288749695,1.0,1.2527062867488664e-15,2.445338972616886e-16,4.160469083197804e-05,0.0,0.8951582312583923,1.2478319048730115e-05,0.422,0.0
est-first_order__dir-lifted_interaction__support-unprojected__cal-response_gain__controller-base,first_order,lifted_interaction,unprojected,response_gain,base,1,0.38889515534632385,0.6212377575294834,0.23897460139423052,0.005256661597643984,0.005927733244213325,0.5451247865056182,0.543835752763746,1.0,0.29554451178010444,0.05769161697707697,0.37762590041861094,0.3776219039659485,0.98841039958564,0.09350360185792612,1.0,0.0
est-first_order__dir-lifted_interaction__support-unprojected__cal-response_gain__controller-base,first_order,lifted_interaction,unprojected,response_gain,base,2,0.22669263903549253,0.47197464691445057,0.23897460139423113,0.008949466369988964,0.010091965848273272,0.6804501625201954,0.6791611287783246,1.0,0.5031645313056279,0.09821997790347359,0.6429052870495827,0.6429012915020275,0.9876301732349487,0.15918424540871912,1.0,0.0
est-first_order__dir-lifted_interaction__support-unprojected__cal-response_gain__controller-base,first_order,lifted_interaction,unprojected,response_gain,base,3,0.14662945056690635,0.3671173117073895,0.23897460139422938,0.011543661722561325,0.013017339252625385,0.7755162391704384,0.7742272054285666,1.0,0.6490175950223087,0.12669115145426732,0.8292640565041354,0.8292600612461241,0.9549263242808729,0.20532489750315144,1.0,0.0
est-first_order__dir-lifted_interaction__support-unprojected__cal-response_gain__controller-base,first_order,lifted_interaction,unprojected,response_gain,base,4,0.10710706554804811,0.29345503372442944,0.23897460139422969,0.013366083957743356,0.0150724140691827,0.8423001580172328,0.841011124275361,1.0,0.7514793722832767,0.1466921508736998,0.9601810921131695,0.9601770969913511,0.9164565077317287,0.23773870559948984,1.0,0.0
est-first_order__dir-lifted_interaction__support-unprojected__cal-response_gain__controller-base,first_order,lifted_interaction,unprojected,response_gain,base,5,0.08759500399327025,0.24170728344139988,0.23897460139422963,0.014646335577958733,0.016516104127814173,0.8892158610071065,0.8879268272652343,1.0,0.8234587708091067,0.1607428529658512,1.0521503096487843,1.0521463146023733,0.8819531710431083,0.26050940578716775,1.0,0.0
est-first_order__dir-lifted_interaction__support-unprojected__cal-response_gain__controller-base,first_order,lifted_interaction,unprojected,response_gain,base,6,0.07796039859862472,0.20878456746138754,0.23897460139422927,0.015545712341160037,0.01753029639400283,0.9221741423574918,0.9208851086156199,1.0,0.8740242982735017,0.17061347118558745,1.1167586849749802,1.1167546899741159,0.8540910094018166,0.27650582266901136,1.0,0.0
est-first_order__dir-lifted_interaction__support-unprojected__cal-response_gain__controller-base,first_order,lifted_interaction,unprojected,response_gain,base,7,0.07320195067053102,0.21776610255640794,0.23897460139423105,0.01617752451730891,0.01824276646100032,0.9453273350061366,0.9440383012642664,1.0,0.90954658131724,0.17754758048495228,1.162146068644662,1.1621420736727657,0.9074698135773297,0.28774330552850663,1.0,0.0
est-first_order__dir-lifted_interaction__support-unprojected__cal-response_gain__controller-base,first_order,lifted_interaction,unprojected,response_gain,base,8,0.07085102063815715,0.22407563096066035,0.23897460139422932,0.01662137257105358,0.01874327668306612,0.9615924528418118,0.9603034190999405,1.0,0.934500985155466,0.1824187922677561,1.1940307056739308,1.1940267107210674,0.9461662199426969,0.29563763723730196,1.0,0.0
est-first_order__dir-lifted_interaction__support-unprojected__cal-response_gain__controller-base,first_order,lifted_interaction,unprojected,response_gain,base,9,0.06968899109057655,0.22850807466464726,0.23897460139423007,0.01693317582880914,0.019094885114067303,0.9730186981213726,0.9717296643795018,1.0,0.9520314538518202,0.18584081854517576,1.2164296631875888,1.2164256682474996,0.9739168726018022,0.30118340526273096,1.0,0.0
est-first_order__dir-lifted_interaction__support-unprojected__cal-response_gain__controller-base,first_order,lifted_interaction,unprojected,response_gain,base,10,0.06911423605064886,0.23162186636669813,0.2389746013942312,0.01715221761738253,0.019341890036845708,0.9810456354302639,0.9797566016883933,1.0,0.9643466081110089,0.18824479200506317,1.2321649308412115,1.2321609359098182,0.9936899778038998,0.3050793073005948,1.0,0.0
est-first_order__dir-lifted_interaction__support-unprojected__cal-response_gain__controller-base,first_order,lifted_interaction,unprojected,response_gain,base,11,0.0688296872938784,0.23380930503738906,0.2389746013942312,0.017306094473855234,0.019515410995097463,0.9866845588897604,0.98539552514789,1.0,0.9729980039780891,0.189933583360634,1.243218956368013,1.243214961442597,1.0077174693695865,0.3078161784821941,1.0,0.0
est-first_order__dir-lifted_interaction__support-unprojected__cal-response_gain__controller-base,first_order,lifted_interaction,unprojected,response_gain,base,12,0.06868862595845869,0.23534598070354962,0.23897460139423057,0.01741419296552733,0.019637309468269346,0.9906459026200571,0.989356868878186,1.0,0.9790756095747125,0.1911199592879225,1.250984409300654,1.2509804143793741,1.0176391807383245,0.3097388304872677,1.0,0.0
est-first_order__dir-lifted_interaction__support-unprojected__cal-response_gain__controller-base,first_order,lifted_interaction,unprojected,response_gain,base,13,0.0686185653990651,0.23642549535902724,0.2389746013942302,0.01749013215592701,0.019722943145672602,0.9934287465905896,0.9921397128487193,1.0,0.9833451275063405,0.19195338837684267,1.2564396399858646,1.2564356450674594,1.0246423904756765,0.31108949352083165,1.0,0.0
est-first_order__dir-lifted_interaction__support-unprojected__cal-response_gain__controller-base,first_order,lifted_interaction,unprojected,response_gain,base,14,0.06858367682424261,0.23718385440450016,0.23897460139423007,0.01754347943718275,0.019783100804048343,0.9953836944798898,0.9940946607380187,1.0,0.9863444638533095,0.19253887231180905,1.2602719395422404,1.2602679446258398,1.0295785145926597,0.31203833430191047,1.0,0.0
est-first_order__dir-lifted_interaction__support-unprojected__cal-response_gain__controller-base,first_order,lifted_interaction,unprojected,response_gain,base,15,0.06856623903576861,0.23771660163394484,0.2389746013942306,0.01758095590226492,0.019825361559057352,0.9967570453721217,0.9954680116302516,1.0,0.9884514976370553,0.19295017477612306,1.2629641299806016,1.2629601350656021,1.033054213577613,0.3127048949506183,1.0,
est-lifted_interaction__dir-first_order__support-unprojected__cal-response_gain__controller-base,lifted_interaction,first_order,unprojected,response_gain,base,0,0.7175249182613791,0.8337119577179353,0.004087429757054386,0.0,0.0,0.35263333346302966,0.35120174288749695,1.0,1.2527062867488664e-15,2.445338972616886e-16,4.160469083197804e-05,0.0,0.8951582312583923,1.2478319048730115e-05,0.422,0.0
est-lifted_interaction__dir-first_order__support-unprojected__cal-response_gain__controller-base,lifted_interaction,first_order,unprojected,response_gain,base,1,0.35469245311771735,0.5860828754905288,0.00408747418587066,0.014005335547348893,0.014225003614082743,0.5452249167577781,0.5437933488491302,1.0,0.37283799263762496,0.07277965182366856,0.43993672543760076,0.43993194511880546,0.9436672758885634,0.10280779303658863,1.0,0.0
est-lifted_interaction__dir-first_order__support-unprojected__cal-response_gain__controller-base,lifted_interaction,first_order,unprojected,response_gain,base,2,0.17546058105637158,0.4121234602431306,0.004087474185870792,0.023844083769361396,0.02421806865297578,0.6805205040223393,0.6790889361136909,1.0,0.6347566824655568,0.12390735722979579,0.748988916080908,0.7489841365647666,0.959037422230817,0.17502463089039202,1.0,0.0
est-lifted_interaction__dir-first_order__support-unprojected__cal-response_gain__controller-base,lifted_interaction,first_order,unprojected,response_gain,base,3,0.08688784791668293,0.2899169710318333,0.004087474185870875,0.030755804395325242,0.0312381968427982,0.7755656540756933,0.774134086167045,1.0,0.8187545620696786,0.1598245702776001,0.9660980803149247,0.9660933010555539,1.251269460675556,0.22575695948268898,1.0,0.0
est-lifted_interaction__dir-first_order__support-unprojected__cal-response_gain__controller-base,lifted_interaction,first_order,unprojected,response_gain,base,4,0.043091869967719076,0.20406691236089675,0.004087474185870714,0.03561128813506482,0.03616983689614842,0.8423348719881745,0.8409033040795264,1.0,0.9480130724915745,0.18505641244368268,1.1186172682489253,1.1186124891103322,1.4733964697393203,0.26139642031877763,1.0,0.0
est-lifted_interaction__dir-first_order__support-unprojected__cal-response_gain__controller-base,lifted_interaction,first_order,unprojected,response_gain,base,5,0.021418722778169186,0.143757246144564,0.004087474185870898,0.039022265462231975,0.03963431403362706,0.8892402475716927,0.8878086796630444,1.0,1.0388171760629563,0.20278178156535567,1.2257619977905343,1.225757218718814,1.6374843718013763,0.28643314155612976,1.0,0.0
est-lifted_interaction__dir-first_order__support-unprojected__cal-response_gain__controller-base,lifted_interaction,first_order,unprojected,response_gain,base,6,0.010681049444277283,0.1013897056275901,0.004087474185870994,0.041418477034566775,0.042068109222705666,0.922191273919114,0.920759706010466,1.0,1.102607058821852,0.21523385337333092,1.3010311703001012,1.301026391268772,1.7566312097717225,0.3040214382253697,1.0,0.0
est-lifted_interaction__dir-first_order__support-unprojected__cal-response_gain__controller-base,lifted_interaction,first_order,unprojected,response_gain,base,7,0.0053525481271213,0.07162650841441619,0.004087474185870885,0.043101815664132063,0.04377785034303348,0.9453393699281775,0.9439078020195293,1.0,1.1474194514599758,0.22398143381843352,1.3539077639907575,1.3539029849851179,1.8422108883349904,0.3163772166355108,1.0,0.0
est-lifted_interaction__dir-first_order__support-unprojected__cal-response_gain__controller-base,lifted_interaction,first_order,unprojected,response_gain,base,8,0.0027022512514350804,0.05071786237216137,0.004087474185871053,0.044284361051401634,0.04497894348006373,0.9616009073745447,0.9601693394658968,1.0,1.1789001572882585,0.23012660908111812,1.391053571059611,1.3910487920708507,1.9032462404385102,0.3250571509686349,1.0,0.0
est-lifted_interaction__dir-first_order__support-unprojected__cal-response_gain__controller-base,lifted_interaction,first_order,unprojected,response_gain,base,9,0.0013798078377215738,0.036029538527477235,0.004087474185870722,0.0451150991859585,0.045822711408827474,0.9730246374306177,0.9715930695219697,1.0,1.2010153531326266,0.23444359470315407,1.4171485005260105,1.4171437215485783,1.9465713681846537,0.3311548048376546,1.0,0.0
est-lifted_interaction__dir-first_order__support-unprojected__cal-response_gain__controller-base,lifted_interaction,first_order,unprojected,response_gain,base,10,0.0007169837455847965,0.025710991026586753,0.0040874741858710215,0.04569869272548474,0.04641545837878404,0.9810498077950092,0.979618239886361,1.0,1.2165512782132952,0.23747627710263433,1.4354801884764026,1.4354754095066815,1.97722684078025,0.3354384066806409,1.0,0.0
est-lifted_interaction__dir-first_order__support-unprojected__cal-response_gain__controller-base,lifted_interaction,first_order,unprojected,response_gain,base,11,0.0003827174369207468,0.018462211407211233,0.004087474185870849,0.04610866718700184,0.04683186312517845,0.9866874899759939,0.9852559220673457,1.0,1.2274652655824652,0.23960673648826916,1.4483581992616688,1.448353420297249,1.9988701767295667,0.33844763697533875,1.0,0.0
est-lifted_interaction__dir-first_order__support-unprojected__cal-response_gain__controller-base,lifted_interaction,first_order,unprojected,response_gain,base,12,0.00021272609465846333,0.013369943724599957,0.004087474185870818,0.046396674246217705,0.04712438745952061,0.9906479617081358,0.9892163937994873,1.0,1.2351323417093065,0.24110338420667768,1.457405001838375,1.4574002228776228,2.014127681847929,0.340561621257364,1.0,0.0
est-lifted_interaction__dir-first_order__support-unprojected__cal-response_gain__controller-base,lifted_interaction,first_order,unprojected,response_gain,base,13,0.00012530155189120613,0.009792625677565536,0.004087474185870951,0.0465989992053168,0.047329885804395955,0.9934301930999653,0.9919986251913171,1.0,1.2405184626884131,0.24215477922885967,1.463760380648538,1.4637556016903357,2.024872206031216,0.34204669521548675,1.0,0.0
est-lifted_interaction__dir-first_order__support-unprojected__cal-response_gain__controller-base,lifted_interaction,first_order,unprojected,response_gain,base,14,7.967523470942992e-05,0.0077914398170777265,0.004087474185870495,0.04674113248908393,0.04747424839167088,0.9953847106527253,0.9939531427440773,1.0,1.2443022126762355,0.24289338423194248,1.468225034262691,1.4682202553062664,2.0324331074192807,0.343089959671068,1.0,0.0
est-lifted_interaction__dir-first_order__support-unprojected__cal-response_gain__controller-base,lifted_interaction,first_order,unprojected,response_gain,base,15,5.541492637252031e-05,0.0066638588000049875,0.004087474185870857,0.04684098112093034,0.047575663109231524,0.9967577592335397,0.9953261913248916,1.0,1.2469602970426803,0.24341225424660817,1.47136145342664,1.4713566744714575,2.037750986475821,0.34382285295111387,1.0,
est-lifted_interaction__dir-lifted_interaction__support-unprojected__cal-response_gain__controller-base,lifted_interaction,lifted_interaction,unprojected,response_gain,base,0,0.7175249182613791,0.8337119577179353,0.004087429757054386,0.0,0.0,0.35263333346302966,0.35120174288749695,1.0,1.2527062867488664e-15,2.445338972616886e-16,4.160469083197804e-05,0.0,0.8951582312583923,1.2478319048730115e-05,0.422,0.0
est-lifted_interaction__dir-lifted_interaction__support-unprojected__cal-response_gain__controller-base,lifted_interaction,lifted_interaction,unprojected,response_gain,base,1,0.35469245311771735,0.5860828754905287,0.004087474185870773,0.006126401720503298,0.0062224918725334415,0.5452249167577782,0.5437933488491302,1.0,0.3444437827739258,0.06723697444503365,0.4401052733038062,0.4401012770526416,1.1163108721774515,0.10013108594440841,1.0,0.0
est-lifted_interaction__dir-lifted_interaction__support-unprojected__cal-response_gain__controller-base,lifted_interaction,lifted_interaction,unprojected,response_gain,base,2,0.17546058105637158,0.4121234602431306,0.004087474185870718,0.010430198929156819,0.010593792412988133,0.6805205040223391,0.6790889361136909,1.0,0.5864155401726086,0.1144709489926698,0.7492764196113293,0.7492724241821221,1.2350064821904925,0.17046753706595522,1.0,0.0
est-lifted_interaction__dir-lifted_interaction__support-unprojected__cal-response_gain__controller-base,lifted_interaction,lifted_interaction,unprojected,response_gain,base,3,0.08688784791668293,0.2899169710318332,0.004087474185870977,0.013453616468236016,0.013664631042657659,0.7755656540756934,0.774134086167045,1.0,0.7564006997451828,0.14765281611238418,0.9664691502068434,0.9664651550405824,1.3000818864629948,0.21987889397884192,1.0,0.0
est-lifted_interaction__dir-lifted_interaction__support-unprojected__cal-response_gain__controller-base,lifted_interaction,lifted_interaction,unprojected,response_gain,base,4,0.043091869967719125,0.20406691236089686,0.004087474185870976,0.015577567289439027,0.015821895180000375,0.8423348719881747,0.8409033040795263,1.0,0.8758152743449168,0.17096307776398348,1.1190470435112294,1.1190430484686509,1.3367716193639096,0.2545903722101448,1.0,0.0
est-lifted_interaction__dir-lifted_interaction__support-unprojected__cal-response_gain__controller-base,lifted_interaction,lifted_interaction,unprojected,response_gain,base,5,0.02141872277816922,0.14375724614456412,0.004087474185870908,0.017069642741334254,0.017337373236483742,0.8892402475716927,0.8878086796630444,1.0,0.9597040130012296,0.18733853657423205,1.2262330135759663,1.2262290186018687,1.358114282081107,0.278975185667635,1.0,0.0
est-lifted_interaction__dir-lifted_interaction__support-unprojected__cal-response_gain__controller-base,lifted_interaction,lifted_interaction,unprojected,response_gain,base,6,0.010681049444277358,0.10138970562759048,0.004087474185870798,0.018117825746290624,0.018401996571163273,0.922191273919114,0.9207597060104656,1.0,1.0186358519072893,0.19884229638843157,1.301531157553189,1.3015271626204539,1.370932419784115,0.29610551712152194,1.0,0.0
est-lifted_interaction__dir-lifted_interaction__support-unprojected__cal-response_gain__controller-base,lifted_interaction,lifted_interaction,unprojected,response_gain,base,7,0.005352548127121315,0.07162650841441633,0.004087474185870867,0.0188541743072724,0.019149894463775578,0.9453393699281777,0.9439078020195293,1.0,1.0600354687387963,0.20692368765790684,1.3544281036999382,1.3544241087935107,1.378868914429418,0.3081395749678775,1.0,0.0
est-lifted_interaction__dir-lifted_interaction__support-unprojected__cal-response_gain__controller-base,lifted_interaction,lifted_interaction,unprojected,response_gain,base,8,0.0027022512514350964,0.05071786237216154,0.004087474185870951,0.01937145917136216,0.019675292733335775,0.9616009073745451,0.9601693394658966,1.0,1.08911869956293,0.21260086502471318,1.391588208369226,1.3915842134800829,1.3839191347746738,0.3165935006049423,1.0,0.0
est-lifted_interaction__dir-lifted_interaction__support-unprojected__cal-response_gain__controller-base,lifted_interaction,lifted_interaction,unprojected,response_gain,base,9,0.001379807837721599,0.03602953852747761,0.0040874741858709825,0.019734851788385206,0.020044385017701814,0.9730246374306178,0.9715930695219693,1.0,1.1095496692168838,0.2165890821248946,1.4176931818999419,1.4176891870223995,1.3872084945303065,0.3225323833649803,1.0,0.0
est-lifted_interaction__dir-lifted_interaction__support-unprojected__cal-response_gain__controller-base,lifted_interaction,lifted_interaction,unprojected,response_gain,base,10,0.0007169837455848128,0.02571099102658707,0.004087474185871035,0.019990135101843887,0.02030367234746895,0.981049807795009,0.9796182398863604,1.0,1.1239024253987864,0.2193908046377721,1.4360319258055223,1.4360279309358772,1.3893920115372052,0.32670444850390684,1.0,0.0
est-lifted_interaction__dir-lifted_interaction__support-unprojected__cal-response_gain__controller-base,lifted_interaction,lifted_interaction,unprojected,response_gain,base,11,0.0003827174369207573,0.018462211407211528,0.004087474185870892,0.020169471629548692,0.020485821696630428,0.9866874899759936,0.9852559220673454,1.0,1.1339852366165728,0.22135901470306849,1.4489148933993117,1.448910898535095,1.390863227377573,0.329635324264003,1.0,0.0
est-lifted_interaction__dir-lifted_interaction__support-unprojected__cal-response_gain__controller-base,lifted_interaction,lifted_interaction,unprojected,response_gain,base,12,0.00021272609465847374,0.013369943724600295,0.00408747418587108,0.020295455540261225,0.020613781614416297,0.9906479617081357,0.9892163937994871,1.0,1.141068411497068,0.2227416822739392,1.4579651781340066,1.4579611832735457,1.3918658459134536,0.3316942644854704,1.0,0.0
est-lifted_interaction__dir-lifted_interaction__support-unprojected__cal-response_gain__controller-base,lifted_interaction,lifted_interaction,unprojected,response_gain,base,13,0.00012530155189121084,0.009792625677565735,0.0040874741858709105,0.020383959237536754,0.02070367345666083,0.9934301930999652,0.9919986251913168,1.0,1.1460443418506157,0.22371300624247595,1.4643230031601573,1.464319008302307,1.3925549430486814,0.3331406699910513,1.0,0.0
est-lifted_interaction__dir-lifted_interaction__support-unprojected__cal-response_gain__controller-base,lifted_interaction,lifted_interaction,unprojected,response_gain,base,14,7.967523470943755e-05,0.007791439817078038,0.004087474185871178,0.020446133084872878,0.02076682247583768,0.9953847106527255,0.993953142744077,1.0,1.149539932923983,0.22439536133037294,1.468789375241042,1.4687853803850124,1.3930315158390494,0.3341567698587218,1.0,0.0
est-lifted_interaction__dir-lifted_interaction__support-unprojected__cal-response_gain__controller-base,lifted_interaction,lifted_interaction,unprojected,response_gain,base,15,5.5414926372524875e-05,0.006663858800005178,0.0040874741858710085,0.020489810212626493,0.0208111846618094,0.9967577592335398,0.9953261913248913,1.0,1.1519955856530235,0.22487471577962057,1.4719270016278696,1.4719230067731126,1.39336259955936,0.3348705800157604,1.0,
est-first_order__dir-first_order__support-projected__cal-response_gain__controller-base,first_order,first_order,projected,response_gain,base,0,0.7175249182613791,0.8337119577179353,0.23897465655645544,0.0,0.0,0.3524907992962533,0.35120174288749695,1.0,1.2527062867488664e-15,2.445338972616886e-16,4.160469083197804e-05,0.0,0.8951582312583923,1.2478319048730115e-05,0.422,0.0
est-first_order__dir-first_order__support-projected__cal-response_gain__controller-base,first_order,first_order,projected,response_gain,base,1,0.38889515534632374,0.6212377575294834,0.23897460139423038,0.04788142510400414,0.05399402455286951,0.5451247865056179,0.543835752763746,1.0,1.5761027821723068e-15,3.0766234662223647e-16,0.7983689425777769,0.7983616254251952,1.1109440547126086,0.48149589766967105,1.0,0.0
est-first_order__dir-first_order__support-projected__cal-response_gain__controller-base,first_order,first_order,projected,response_gain,base,2,0.22669263903549236,0.47197464691445035,0.23897460139423027,0.08151812623956711,0.0919248268012604,0.6804501625201966,0.6791611287783249,1.0,1.252142390618722e-15,2.444238222027433e-16,1.3592179840305896,1.3592106672863946,0.9949995027595788,0.8197411290282149,1.0,0.0
est-first_order__dir-first_order__support-projected__cal-response_gain__controller-base,first_order,first_order,projected,response_gain,base,3,0.1466294505669067,0.36711731170739004,0.23897460139423007,0.10514790878730004,0.11857121538075498,0.7755162391704381,0.7742272054285665,1.0,1.2835957954083741e-15,2.505636681799872e-16,1.7532144358074389,1.7532071191938874,0.738680633662506,1.0573584040575918,1.0,0.0
est-first_order__dir-first_order__support-projected__cal-response_gain__controller-base,first_order,first_order,projected,response_gain,base,4,0.10710706554804854,0.29345503372443005,0.23897460139423007,0.12174783102708252,0.13729030335784995,0.8423001580172331,0.841011124275361,1.0,1.4863625344922397e-15,2.901446469518785e-16,2.029996943211002,2.0299896266589013,0.7880654908480392,1.2242845397657294,1.0,0.0
est-first_order__dir-first_order__support-projected__cal-response_gain__controller-base,first_order,first_order,projected,response_gain,base,5,0.0875950039932707,0.24170728344140058,0.2389746013942302,0.1334092764005296,0.15044046266175912,0.8892158610071061,0.8879268272652342,1.0,1.497333922484386e-15,2.9228631119709616e-16,2.22443665467115,2.224429338153073,1.0340544182058036,1.3415501501006954,1.0,0.0
est-first_order__dir-first_order__support-projected__cal-response_gain__controller-base,first_order,first_order,projected,response_gain,base,6,0.07796039859862496,0.2087845674613877,0.23897460139423016,0.14160144177537626,0.15967844957275534,0.9221741423574918,0.9208851086156201,1.0,1.5441610031468198e-15,3.0142716779923754e-16,2.3610305519752552,2.3610232354777283,1.222265212103799,1.423929241361009,1.0,0.0
est-first_order__dir-first_order__support-projected__cal-response_gain__controller-base,first_order,first_order,projected,response_gain,base,7,0.07320195067053152,0.21776610255640852,0.2389746013942303,0.14735643795120593,0.1661681353777301,0.9453273350061381,0.9440383012642661,1.0,1.6819737673045821e-15,3.283288387402885e-16,2.456987764832756,2.4569804483483,1.3617371366159883,1.48180055297138,1.0,0.0
est-first_order__dir-first_order__support-projected__cal-response_gain__controller-base,first_order,first_order,projected,response_gain,base,8,0.07085102063815751,0.22407563096066052,0.2389746013942304,0.1513993227647264,0.17072713965572497,0.9615924528418119,0.96030341909994,1.0,1.6370246593288408e-15,3.195545708468376e-16,2.5243977068657437,2.5243903903898754,1.4631739164221376,1.5224551493776652,1.0,0.0
est-first_order__dir-first_order__support-projected__cal-response_gain__controller-base,first_order,first_order,projected,response_gain,base,9,0.06968899109057704,0.2285080746646475,0.23897460139423035,0.15423944934622447,0.17392984016101634,0.9730186981213729,0.9717296643795009,1.0,1.6102854595750588e-15,3.1433495887983715e-16,2.571753191144187,2.5717458746740824,1.5360972383351041,1.5510150033530807,1.0,0.0
est-first_order__dir-first_order__support-projected__cal-response_gain__controller-base,first_order,first_order,projected,response_gain,base,10,0.06911423605064937,0.23162186636669851,0.2389746013942304,0.15623463826972686,0.17617973726598352,0.9810456354302645,0.9797566016883926,1.0,1.5635842963593752e-15,3.052186819292173e-16,2.6050204188499193,2.6050131023837384,1.5881323525767863,1.5710783007708102,1.0,0.0
est-first_order__dir-first_order__support-projected__cal-response_gain__controller-base,first_order,first_order,projected,response_gain,base,11,0.06882968729387881,0.23380930503738914,0.23897460139423035,0.15763625848848728,0.17776028998222299,0.9866845588897608,0.9853955251478891,1.0,1.943972959440355e-15,3.7947225855871086e-16,2.6283906463132545,2.628383329849772,1.6250799326843983,1.5851727672067653,1.0,0.0
est-first_order__dir-first_order__support-projected__cal-response_gain__controller-base,first_order,first_order,projected,response_gain,base,12,0.06868862595845897,0.2353459807035494,0.23897460139423046,0.15862089669216645,0.17887062826538117,0.990645902620057,0.9893568688781849,1.0,1.6872575697153188e-15,3.2936026071807005e-16,2.644808231106277,2.644800914644659,1.6512277502470085,1.595074129878023,1.0,0.0
est-first_order__dir-first_order__support-projected__cal-response_gain__controller-base,first_order,first_order,projected,response_gain,base,13,0.0686185653990654,0.23642549535902707,0.23897460139423052,0.15931260503025108,0.17965064090929977,0.99342874659059,0.992139712848718,1.0,1.642093406944325e-15,3.205440131620568e-16,2.656341584423389,2.6563342679630684,1.669690805538221,1.6020298371545822,1.0,0.0
est-first_order__dir-first_order__support-projected__cal-response_gain__controller-base,first_order,first_order,projected,response_gain,base,14,0.06858367682424293,0.23718385440450016,0.23897460139423046,0.15979853013775558,0.1801985997916527,0.9953836944798895,0.9940946607380176,1.0,1.873547461545689e-15,3.6572488485352097e-16,2.664443765128667,2.6644364486692504,1.682707385526302,1.606916221516365,1.0,0.0
est-first_order__dir-first_order__support-projected__cal-response_gain__controller-base,first_order,first_order,projected,response_gain,base,15,0.06856623903576899,0.23771660163394487,0.23897460139423038,0.16013989252577743,0.18058354090650555,0.9967570453721225,0.9954680116302506,1.0,1.7983231611700987e-15,3.510407633366034e-16,2.6701355470741275,2.670128230615344,1.6918743010475386,1.6103489065305172,1.0,
est-first_order__dir-lifted_interaction__support-projected__cal-response_gain__controller-base,first_order,lifted_interaction,projected,response_gain,base,0,0.7175249182613791,0.8337119577179353,0.23897465655645544,0.0,0.0,0.3524907992962533,0.35120174288749695,1.0,1.2527062867488664e-15,2.445338972616886e-16,4.160469083197804e-05,0.0,0.8951582312583923,1.2478319048730115e-05,0.422,0.0
est-first_order__dir-lifted_interaction__support-projected__cal-response_gain__controller-base,first_order,lifted_interaction,projected,response_gain,base,1,0.38889515534632374,0.6212377575294834,0.23897460139423007,0.017066011766903054,0.01924467904537503,0.5451247865056182,0.543835752763746,1.0,1.240419663374969e-15,2.421354931588376e-16,0.7631311473445532,0.763126057044659,1.7631592325906749,0.3801138896122549,1.0,0.0
est-first_order__dir-lifted_interaction__support-projected__cal-response_gain__controller-base,first_order,lifted_interaction,projected,response_gain,base,2,0.22669263903549244,0.4719746469144507,0.23897460139423018,0.029054885033152462,0.032764066074751026,0.6804501625201963,0.6791611287783247,1.0,1.0878784535968363e-15,2.1235876343804435e-16,1.2992272019661706,1.2992221121185321,2.1441893403479733,0.6471382603104642,1.0,0.0
est-first_order__dir-lifted_interaction__support-projected__cal-response_gain__controller-base,first_order,lifted_interaction,projected,response_gain,base,3,0.14662945056690666,0.36711731170739004,0.2389746013942303,0.037477068502692654,0.04226143546288763,0.775516239170438,0.7742272054285662,1.0,1.2334814205488528e-15,2.407811169763555e-16,1.6758346805108904,1.6758295908079277,2.2356788516192543,0.834722880725956,1.0,0.0
est-first_order__dir-lifted_interaction__support-projected__cal-response_gain__controller-base,first_order,lifted_interaction,projected,response_gain,base,4,0.10710706554804851,0.29345503372443,0.23897460139422985,0.04339365239004462,0.0489333374580536,0.8423001580172335,0.8410111242753608,1.0,1.2740700308233901e-15,2.4870419612097096e-16,1.9404014342221396,1.9403963445872283,2.211602090493599,0.9665010765678391,1.0,0.0
est-first_order__dir-lifted_interaction__support-projected__cal-response_gain__controller-base,first_order,lifted_interaction,projected,response_gain,base,5,0.0875950039932707,0.24170728344140072,0.2389746013942305,0.047550052570909385,0.0536203486096577,0.8892158610071056,0.8879268272652339,1.0,1.282955349315597e-15,2.5043865022429443e-16,2.1262595787144187,2.1262544891171866,2.151683320522966,1.0590752591467618,1.0,0.0
est-first_order__dir-lifted_interaction__support-projected__cal-response_gain__controller-base,first_order,lifted_interaction,projected,response_gain,base,6,0.07796039859862498,0.20878456746138785,0.2389746013942303,0.05046992369796693,0.05691297394365961,0.9221741423574918,0.9208851086156201,1.0,1.3963935237626332e-15,2.7258229170611135e-16,2.2568249252239574,2.2568198356494835,2.0888248449970144,1.1241086224084553,1.0,0.0
est-first_order__dir-lifted_interaction__support-projected__cal-response_gain__controller-base,first_order,lifted_interaction,projected,response_gain,base,7,0.0732019506705315,0.2177661025564086,0.2389746013942304,0.05252113316472484,0.05922604324079593,0.9453273350061381,0.9440383012642661,1.0,1.5390386256759764e-15,3.004272566952217e-16,2.3485470811484213,2.348541991588421,2.0346321251093,1.169794560099795,1.0,0.0
est-first_order__dir-lifted_interaction__support-projected__cal-response_gain__controller-base,first_order,lifted_interaction,projected,response_gain,base,8,0.0708510206381575,0.22407563096066066,0.2389746013942304,0.05396210781512225,0.06085097442203421,0.9615924528418119,0.96030341909994,1.0,1.4849197465173684e-15,2.8986300825480345e-16,2.412981895686014,2.4129768061355255,1.9916952892286535,1.2018889313279608,1.0,0.0
est-first_order__dir-lifted_interaction__support-projected__cal-response_gain__controller-base,first_order,lifted_interaction,projected,response_gain,base,9,0.06968899109057695,0.2285080746646475,0.23897460139423035,0.054974392507026446,0.06199248857685407,0.973018698121373,0.971729664379501,1.0,1.3379797474898422e-15,2.611796600462755e-16,2.4582473528989723,2.4582422633548653,1.9591628184931942,1.2244352271157475,1.0,0.0
est-first_order__dir-lifted_interaction__support-projected__cal-response_gain__controller-base,first_order,lifted_interaction,projected,response_gain,base,10,0.06911423605064931,0.23162186636669843,0.23897460139423,0.05568552250308912,0.06279440227061502,0.9810456354302649,0.9797566016883925,1.0,1.4043679264520026e-15,2.741389309507554e-16,2.4900463365912135,2.490041247051453,1.9351512339648778,1.2402739999066676,1.0,0.0
est-first_order__dir-lifted_interaction__support-projected__cal-response_gain__controller-base,first_order,lifted_interaction,projected,response_gain,base,11,0.06882968729387876,0.23380930503738906,0.23897460139423016,0.056185091325323164,0.0633577466404821,0.9866845588897608,0.9853955251478889,1.0,1.406821887729002e-15,2.746179552209627e-16,2.5123851226350795,2.512380033098305,1.9177160578921044,1.2514007377922889,1.0,0.0
est-first_order__dir-lifted_interaction__support-projected__cal-response_gain__controller-base,first_order,lifted_interaction,projected,response_gain,base,12,0.06868862595845893,0.23534598070354942,0.23897460139423035,0.05653603842294259,0.06375349606031373,0.990645902620057,0.9893568688781851,1.0,1.6357076284821866e-15,3.1929748050638593e-16,2.5280781198309255,2.5280730302962175,1.9051894984701492,1.259217271156938,1.0,0.0
est-first_order__dir-lifted_interaction__support-projected__cal-response_gain__controller-base,first_order,lifted_interaction,projected,response_gain,base,13,0.06861856539906519,0.23642549535902674,0.23897460139423038,0.05678257875902022,0.06403151002774546,0.99342874659059,0.9921397128487178,1.0,1.3925491573598942e-15,2.7183185410640586e-16,2.5391024503610238,2.5390973608277525,1.896252746946582,1.264708385845604,1.0,0.0
est-first_order__dir-lifted_interaction__support-projected__cal-response_gain__controller-base,first_order,lifted_interaction,projected,response_gain,base,14,0.06858367682424278,0.23718385440449985,0.23897460139423016,0.05695577334511476,0.06422681483986624,0.9953836944798894,0.9940946607380172,1.0,1.3876048237643285e-15,2.7086669796703396e-16,2.546847042558425,2.546841953026155,1.8899073288609252,1.268565893914392,1.0,0.0
est-first_order__dir-lifted_interaction__support-projected__cal-response_gain__controller-base,first_order,lifted_interaction,projected,response_gain,base,15,0.0685662390357689,0.23771660163394473,0.2389746013942303,0.05707744254184619,0.06436401647038109,0.9967570453721225,0.9954680116302506,1.0,1.7816549934501096e-15,3.4778706208524407e-16,2.552287618577103,2.5522825290455335,1.8854164987787645,1.2712757933327155,1.0,
est-lifted_interaction__dir-first_order__support-projected__cal-response_gain__controller-base,lifted_interaction,first_order,projected,response_gain,base,0,0.7175249182613791,0.8337119577179353,0.004087429757054386,0.0,0.0,0.35263333346302966,0.35120174288749695,1.0,1.2527062867488664e-15,2.445338972616886e-16,4.160469083197804e-05,0.0,0.8951582312583923,1.2478319048730115e-05,0.422,0.0
est-lifted_interaction__dir-first_order__support-projected__cal-response_gain__controller-base,lifted_interaction,first_order,projected,response_gain,base,1,0.35469245311771735,0.5860828754905287,0.004087474185870854,0.05580363880923825,0.05667889648603557,0.5452249167577784,0.5437933488491302,1.0,1.1782836436123957e-15,2.3000626284076745e-16,0.930461740399525,0.930454423351285,1.2412518380429134,0.5098932150884773,1.0,0.0
est-lifted_interaction__dir-first_order__support-projected__cal-response_gain__controller-base,lifted_interaction,first_order,projected,response_gain,base,2,0.17546058105637133,0.4121234602431303,0.004087474185870732,0.0950056950727281,0.09649582126747555,0.6805205040223393,0.6790889361136911,1.0,1.144919632743074e-15,2.2349345796985835e-16,1.5841059724384716,1.5840986557555632,1.25583269580576,0.8680875619337324,1.0,0.0
est-lifted_interaction__dir-first_order__support-projected__cal-response_gain__controller-base,lifted_interaction,first_order,projected,response_gain,base,3,0.0868878479166829,0.28991697103183317,0.004087474185870799,0.12254513959782977,0.12446721092643719,0.7755656540756934,0.774134086167045,1.0,1.132487927001292e-15,2.2106673313674671e-16,2.0432910455856073,2.043283729019568,1.1046760881215272,1.1197190905925243,1.0,0.0
est-lifted_interaction__dir-first_order__support-projected__cal-response_gain__controller-base,lifted_interaction,first_order,projected,response_gain,base,4,0.043091869967719076,0.20406691236089683,0.004087474185870778,0.1418915993767137,0.1441171121618577,0.8423348719881747,0.8409033040795263,1.0,1.2988162284150652e-15,2.535347651086982e-16,2.3658685594985984,2.3658612429875316,0.9538577101484154,1.2964902394753253,1.0,0.0
est-lifted_interaction__dir-first_order__support-projected__cal-response_gain__controller-base,lifted_interaction,first_order,projected,response_gain,base,5,0.021418722778169166,0.14375724614456398,0.0040874741858707535,0.15548248737137954,0.15792116777974055,0.8892402475716926,0.8878086796630444,1.0,1.2126822747683011e-15,2.367210302415535e-16,2.5924792630306555,2.592471946550026,0.9877888451582794,1.4206719715654936,1.0,0.0
est-lifted_interaction__dir-first_order__support-projected__cal-response_gain__controller-base,lifted_interaction,first_order,projected,response_gain,base,6,0.010681049444277302,0.10138970562759021,0.004087474185870776,0.1650300861876324,0.16761851685130336,0.922191273919114,0.9207597060104659,1.0,1.3613954877593438e-15,2.6575051778518666e-16,2.751673282264924,2.7516659658026787,1.1802717647797836,1.507909638358836,1.0,0.0
est-lifted_interaction__dir-first_order__support-projected__cal-response_gain__controller-base,lifted_interaction,first_order,projected,response_gain,base,7,0.005352548127121279,0.07162650841441608,0.0040874741858707795,0.17173727435605005,0.1744309045740762,0.9453393699281777,0.9439078020195294,1.0,1.2462151805882021e-15,2.4326680416588716e-16,2.8635070807782195,2.863499764327667,1.3242353792591288,1.56919409928116,1.0,0.0
est-lifted_interaction__dir-first_order__support-projected__cal-response_gain__controller-base,lifted_interaction,first_order,projected,response_gain,base,8,0.0027022512514350656,0.05071786237216122,0.004087474185870825,0.1764490740443634,0.17921660694932412,0.961600907374545,0.9601693394658968,1.0,1.5348298138094757e-15,2.99605677703048e-16,2.9420703242343413,2.9420630077914707,1.4295879381449026,1.6122464330790918,1.0,0.0
est-lifted_interaction__dir-first_order__support-projected__cal-response_gain__controller-base,lifted_interaction,first_order,projected,response_gain,base,9,0.0013798078377215723,0.036029538527477235,0.004087474185870778,0.17975911332540356,0.18257856286793572,0.9730246374306177,0.9715930695219697,1.0,1.1872742650362837e-15,2.317612725496224e-16,2.9972610027625075,2.9972536863247927,1.5056454906137384,1.6424906975721394,1.0,0.0
est-lifted_interaction__dir-first_order__support-projected__cal-response_gain__controller-base,lifted_interaction,first_order,projected,response_gain,base,10,0.0007169837455847968,0.0257109910265868,0.004087474185870828,0.18208441592033417,0.18494033690076042,0.981049807795009,0.9796182398863609,1.0,1.5379173457573694e-15,3.0020837781569607e-16,3.036032454428656,3.036025137994453,1.5600743187432267,1.663737293378504,1.0,0.0
est-lifted_interaction__dir-first_order__support-projected__cal-response_gain__controller-base,lifted_interaction,first_order,projected,response_gain,base,11,0.00038271743692074993,0.018462211407211333,0.00408747418587077,0.18371794099327304,0.18659948315881977,0.9866874899759935,0.9852559220673455,1.0,1.5694621185081667e-15,3.0636605922959406e-16,3.063269399224179,3.063262082792388,1.5987991044197667,1.6786630269324765,1.0,0.0
est-lifted_interaction__dir-first_order__support-projected__cal-response_gain__controller-base,lifted_interaction,first_order,projected,response_gain,base,12,0.00021272609465846279,0.013369943724599927,0.0040874741858709035,0.1848654923570125,0.18776503340510645,0.9906479617081356,0.9892163937994873,1.0,1.2808304803184528e-15,2.500238662461676e-16,3.08240335294306,3.0823960365129377,1.6262429065698532,1.6891483547541424,1.0,0.0
est-lifted_interaction__dir-first_order__support-projected__cal-response_gain__controller-base,lifted_interaction,first_order,projected,response_gain,base,13,0.00012530155189120518,0.00979262567756539,0.004087474185870928,0.18567164719003956,0.1885838324531229,0.9934301930999653,0.9919986251913171,1.0,1.6090760511669756e-15,3.1409887692308647e-16,3.095844955430585,3.0958376390016236,1.645639936318218,1.6965142975488618,1.0,0.0
est-lifted_interaction__dir-first_order__support-projected__cal-response_gain__controller-base,lifted_interaction,first_order,projected,response_gain,base,14,7.967523470943135e-05,0.007791439817077827,0.004087474185870876,0.18623797096024108,0.18915903878435442,0.9953847106527255,0.9939531427440773,1.0,1.5065107202705063e-15,2.940776633685988e-16,3.105287681178078,3.105280364749926,1.6593242890174635,1.7016888723621528,1.0,0.0
est-lifted_interaction__dir-first_order__support-projected__cal-response_gain__controller-base,lifted_interaction,first_order,projected,response_gain,base,15,5.541492637251998e-05,0.006663858800004941,0.004087474185870977,0.1866358134088076,0.18956312123204455,0.9967577592335398,0.9953261913248916,1.0,1.6193198209233363e-15,3.160985068185149e-16,3.111921196015695,3.1119138795881085,1.6689660793455503,1.7053240111684893,1.0,
est-lifted_interaction__dir-lifted_interaction__support-projected__cal-response_gain__controller-base,lifted_interaction,lifted_interaction,projected,response_gain,base,0,0.7175249182613791,0.8337119577179353,0.004087429757054386,0.0,0.0,0.35263333346302966,0.35120174288749695,1.0,1.2527062867488664e-15,2.445338972616886e-16,4.160469083197804e-05,0.0,0.8951582312583923,1.2478319048730115e-05,0.422,0.0
est-lifted_interaction__dir-lifted_interaction__support-projected__cal-response_gain__controller-base,lifted_interaction,lifted_interaction,projected,response_gain,base,1,0.3546924531177173,0.5860828754905287,0.004087474185870778,0.019889666075850097,0.020201627505127728,0.5452249167577782,0.5437933488491302,1.0,1.1554226191436456e-15,2.255436881192446e-16,0.8893940497070122,0.8893889595127575,1.8806580476790216,0.4005520038899341,1.0,0.0
est-lifted_interaction__dir-lifted_interaction__support-projected__cal-response_gain__controller-base,lifted_interaction,lifted_interaction,projected,response_gain,base,2,0.17546058105637144,0.41212346024313046,0.004087474185870882,0.03386215649413473,0.03439327082747991,0.6805205040223391,0.679088936113691,1.0,1.442861655972203e-15,2.816530799570172e-16,1.51418979335606,1.5141847035704699,2.3896922794807014,0.6819341498682128,1.0,0.0
est-lifted_interaction__dir-lifted_interaction__support-projected__cal-response_gain__controller-base,lifted_interaction,lifted_interaction,projected,response_gain,base,3,0.08688784791668287,0.2899169710318331,0.004087474185870809,0.04367783101297976,0.044362900261432386,0.7755656540756933,0.774134086167045,1.0,1.4654857818178892e-15,2.8606941100261503e-16,1.9531088034258706,1.9531037137710128,2.593775514691871,0.8796051074179532,1.0,0.0
est-lifted_interaction__dir-lifted_interaction__support-projected__cal-response_gain__controller-base,lifted_interaction,lifted_interaction,projected,response_gain,base,4,0.04309186996771908,0.20406691236089683,0.004087474185870778,0.050573342362468354,0.05136656493878397,0.8423348719881747,0.8409033040795263,1.0,1.4563681910357108e-15,2.8428961630437835e-16,2.26144940803026,2.261444318436894,2.658368554417434,1.0184689550966464,1.0,0.0
est-lifted_interaction__dir-lifted_interaction__support-projected__cal-response_gain__controller-base,lifted_interaction,lifted_interaction,projected,response_gain,base,5,0.021418722778169166,0.14375724614456398,0.004087474185870707,0.05541743908548409,0.05628663937462344,0.8892402475716926,0.8878086796630446,1.0,1.4360684927270647e-15,2.8032702396077905e-16,2.478058682773994,2.4780535932146757,2.6644818435211493,1.1160208080909284,1.0,0.0
est-lifted_interaction__dir-lifted_interaction__support-projected__cal-response_gain__controller-base,lifted_interaction,lifted_interaction,projected,response_gain,base,6,0.010681049444277292,0.10138970562759013,0.004087474185870857,0.058820417033402635,0.059742991665800674,0.922191273919114,0.920759706010466,1.0,1.3827458666675354e-15,2.6991820770393335e-16,2.6302266982848215,2.630221608746067,2.6494344812616792,1.1845509848194111,1.0,0.0
est-lifted_interaction__dir-lifted_interaction__support-projected__cal-response_gain__controller-base,lifted_interaction,lifted_interaction,projected,response_gain,base,7,0.005352548127121274,0.07162650841441602,0.004087474185870802,0.06121100904181542,0.06217107915035269,0.9453393699281778,0.9439078020195296,1.0,1.4438188314101035e-15,2.818399249043675e-16,2.7371247291825447,2.7371196396568696,2.6293708574295676,1.2326934339711704,1.0,0.0
est-lifted_interaction__dir-lifted_interaction__support-projected__cal-response_gain__controller-base,lifted_interaction,lifted_interaction,projected,response_gain,base,8,0.002702251251435072,0.0507178623721613,0.004087474185870747,0.0628903999277254,0.06387681060825047,0.9616009073745447,0.9601693394658968,1.0,1.4457583420406472e-15,2.8221852609627033e-16,2.8122205958887894,2.8122155063717087,2.6106190781500254,1.266513504500281,1.0,0.0
est-lifted_interaction__dir-lifted_interaction__support-projected__cal-response_gain__controller-base,lifted_interaction,lifted_interaction,projected,response_gain,base,9,0.0013798078377215723,0.036029538527477235,0.004087474185870703,0.06407017202507713,0.06507508695742364,0.9730246374306177,0.9715930695219697,1.0,1.3031686077630233e-15,2.5438436911849335e-16,2.8649754422501963,2.864970352738883,2.595159477324964,1.2902721040469813,1.0,0.0
est-lifted_interaction__dir-lifted_interaction__support-projected__cal-response_gain__controller-base,lifted_interaction,lifted_interaction,projected,response_gain,base,10,0.0007169837455848013,0.025710991026586843,0.004087474185870918,0.06489896192346681,0.06591687609271786,0.981049807795009,0.9796182398863607,1.0,1.4812824980740082e-15,2.8915300101162736e-16,2.90203572181921,2.9020306323118232,2.5831753395686294,1.3069625202285384,1.0,0.0
est-lifted_interaction__dir-lifted_interaction__support-projected__cal-response_gain__controller-base,lifted_interaction,lifted_interaction,projected,response_gain,base,11,0.0003827174369207425,0.018462211407211163,0.004087474185870756,0.06548118682708551,0.06650823296026201,0.9866874899759939,0.9852559220673457,1.0,1.3958177389967236e-15,2.724698959320331e-16,2.9280705682165014,2.928065478711813,2.5742036224354727,1.3186875375960823,1.0,0.0
est-lifted_interaction__dir-lifted_interaction__support-projected__cal-response_gain__controller-base,lifted_interaction,lifted_interaction,projected,response_gain,base,12,0.00021272609465846257,0.013369943724599953,0.004087474185870773,0.06589019982187766,0.06692366115971178,0.9906479617081356,0.9892163937994873,1.0,1.5175889370371409e-15,2.962401810707216e-16,2.9463600478106273,2.946354958307807,2.5676287791306827,1.326924362296782,1.0,0.0
est-lifted_interaction__dir-lifted_interaction__support-projected__cal-response_gain__controller-base,lifted_interaction,lifted_interaction,projected,response_gain,base,13,0.0001253015518912069,0.009792625677565541,0.004087474185870921,0.06617753145071915,0.06721549946982526,0.9934301930999653,0.991998625191317,1.0,1.4637273672347677e-15,2.8572616057307615e-16,2.959208407225514,2.959203317723991,2.5628758381919754,1.3327107316490232,1.0,0.0
est-lifted_interaction__dir-lifted_interaction__support-projected__cal-response_gain__controller-base,lifted_interaction,lifted_interaction,projected,response_gain,base,14,7.967523470943139e-05,0.007791439817077752,0.004087474185870746,0.06637938191998027,0.06742051588267996,0.9953847106527255,0.9939531427440773,1.0,1.536021038746416e-15,2.9983821016450904e-16,2.9682343797144792,2.9682292902138614,2.5594707909713166,1.3367756561189725,1.0,0.0
est-lifted_interaction__dir-lifted_interaction__support-projected__cal-response_gain__controller-base,lifted_interaction,lifted_interaction,projected,response_gain,base,15,5.541492637251831e-05,0.006663858800004789,0.004087474185870728,0.06652118187463621,0.06756453991271039,0.9967577592335395,0.9953261913248914,1.0,1.5253067167574935e-15,2.9774672635846256e-16,2.97457512538798,2.974570035887996,2.557046149495658,1.3396312655591127,1.0,
