model,fold,subset_idx,observed,predicted,error,subset_name,n_heads,n_P,n_B,n_E,has_P,has_B,has_E,P_B,P_E,B_E,P_B_count,P_E_count,B_E_count,high_primary,full_primary
additive_head,0,122,0.36294102668762207,0.6648651523426421,0.30192412565502,P:9.9|P:10.0|B:10.6|E:11.10,4,2,1,1,1,1,1,1,1,1,0.08333333333333333,0.3333333333333333,0.0625,1,0
additive_head,0,52,-1.6007912158966064,-0.7678069184982461,0.8329842973983603,P:10.0|B:10.2|E:10.7|E:11.10,4,1,1,2,1,1,1,1,1,1,0.041666666666666664,0.3333333333333333,0.125,0,0
additive_head,0,169,0.7088131904602051,0.26688286795687743,-0.44193032250332764,P:9.9|P:9.6|B:9.0|B:10.2|B:10.6|B:10.10|B:11.2|B:11.9|E:10.7|E:11.10,10,2,6,2,1,1,1,1,1,1,0.5,0.6666666666666666,0.75,1,0
additive_head,0,88,0.12008431553840637,-0.059511549654744145,-0.17959586519315052,P:9.6|P:10.0|B:9.7|B:10.6|B:11.2|B:11.9|E:11.10,7,2,4,1,1,1,1,1,1,1,0.3333333333333333,0.3333333333333333,0.25,1,0
additive_head,0,162,0.49946871399879456,-0.030512115264222928,-0.5299808292630175,P:9.9|P:9.6|B:10.1|B:10.2|B:10.6|E:10.7|E:11.10,7,2,3,2,1,1,1,1,1,1,0.25,0.6666666666666666,0.375,1,0
additive_head,0,197,1.1613008975982666,0.6875000390362298,-0.4738008585620368,P:9.9|P:9.6|P:10.0|B:10.1|B:10.2|B:10.6|E:10.7|E:11.10,8,3,3,2,1,1,1,1,1,1,0.375,1.0,0.375,1,1
additive_head,0,206,1.1710867881774902,0.7060211582844158,-0.46506562989307443,P:9.9|P:9.6|P:10.0|B:9.7|B:10.2|B:10.6|E:10.7|E:11.10,8,3,3,2,1,1,1,1,1,1,0.375,1.0,0.375,1,1
additive_head,0,225,1.2041503190994263,1.4444166571204011,0.24026633802097486,P:9.9|P:9.6|P:10.0|B:9.0|B:9.7|B:10.6|B:11.2|B:11.9,8,3,5,0,1,1,0,1,0,0,0.625,0.0,0.0,1,1
additive_head,0,51,-0.7062481641769409,-0.5707400349552242,0.13550812922171673,P:10.0|B:11.2|E:10.7,3,1,1,1,1,1,1,1,1,1,0.041666666666666664,0.16666666666666666,0.0625,0,0
additive_head,0,3,0.42918601632118225,-0.08129384754598445,-0.5104798638671667,P:10.0,1,1,0,0,1,0,0,0,0,0,0.0,0.0,0.0,0,0
additive_head,0,68,-0.03323224559426308,-0.27312205544757573,-0.23988980985331265,P:9.6|B:9.7|B:10.1|B:10.10|B:11.2,5,1,4,0,1,1,0,1,0,0,0.16666666666666666,0.0,0.0,0,0
additive_head,0,237,1.4893605709075928,2.2826246038757616,0.7932640329681688,P:9.9|P:9.6|P:10.0|B:9.0|B:9.7|B:10.1|B:10.2|B:10.6|B:10.10|B:11.9,10,3,7,0,1,1,0,1,0,0,0.875,0.0,0.0,1,1
additive_head,0,32,-0.6199086308479309,-0.43202312325213066,0.18788550759580025,B:9.7|B:10.2|B:10.10|E:10.7,4,0,3,1,0,1,1,0,0,1,0.0,0.0,0.1875,0,0
additive_head,0,134,0.43865135312080383,0.8669550257872221,0.4283036726664182,P:9.9|P:10.0|B:9.0|B:10.6|B:11.9|E:11.10,6,2,3,1,1,1,1,1,1,1,0.25,0.3333333333333333,0.1875,1,0
additive_head,0,6,0.11284340918064117,-0.6760629931741095,-0.7889064023547506,B:10.1,1,0,1,0,0,1,0,0,0,0,0.0,0.0,0.0,0,0
additive_head,0,149,0.47060713171958923,0.22757643076400513,-0.2430307009555841,P:9.9|P:9.6|B:10.10|E:10.7,4,2,1,1,1,1,1,1,1,1,0.08333333333333333,0.3333333333333333,0.0625,1,0
additive_head,0,155,0.781094491481781,0.6080692521286474,-0.17302523935313363,P:9.9|P:9.6|B:10.2|B:10.6|B:10.10|B:11.2|E:10.7,7,2,4,1,1,1,1,1,1,1,0.3333333333333333,0.3333333333333333,0.25,1,0
additive_head,0,218,0.63037109375,1.4139853656520147,0.7836142719020147,P:9.9|P:9.6|P:10.0|B:9.0|B:10.1|B:10.10,6,3,3,0,1,1,0,1,0,0,0.375,0.0,0.0,1,1
additive_head,0,83,0.6069852113723755,0.49220802560194804,-0.11477718577042745,P:9.6|P:10.0|B:10.6|B:11.9,4,2,2,0,1,1,0,1,0,0,0.16666666666666666,0.0,0.0,1,0
additive_head,0,201,0.5236175656318665,0.22128828917579524,-0.3023292764560712,P:9.9|P:9.6|P:10.0|B:9.7|B:11.2|B:11.9|E:10.7|E:11.10,8,3,3,2,1,1,1,1,1,1,0.375,1.0,0.375,1,1
additive_head,0,96,0.8413466215133667,0.8582623871728937,0.016915765659527016,P:9.6|P:10.0|B:9.0|B:9.7|B:10.2|B:10.6|B:10.10|B:11.2,8,2,6,0,1,1,0,1,0,0,0.5,0.0,0.0,1,0
additive_head,0,89,0.003570057451725006,-0.244175357372177,-0.247745414823902,P:9.6|P:10.0|B:9.7|B:10.2|E:11.10,5,2,2,1,1,1,1,1,1,1,0.16666666666666666,0.3333333333333333,0.125,1,0
additive_head,0,101,0.13574618101119995,-0.18380782460287093,-0.3195540056140709,P:9.9|E:10.7,2,1,0,1,1,0,1,0,1,0,0.0,0.16666666666666666,0.0,0,0
additive_head,0,60,0.8043079972267151,0.7662959838560794,-0.038012013370635644,P:10.0|B:9.0|B:9.7|B:10.1|B:10.2|B:10.6|B:11.2|B:11.9,8,1,7,0,1,1,0,1,0,0,0.29166666666666663,0.0,0.0,0,0
additive_head,0,222,2.0050816535949707,0.9119631875519236,-1.093118466043047,P:9.9|P:9.6|P:10.0|B:9.0|B:10.1|B:10.2|B:10.6|B:10.10|B:11.2|E:10.7|E:11.10,11,3,6,2,1,1,1,1,1,1,0.75,1.0,0.75,1,1
additive_head,0,76,-0.335871160030365,-0.5819414138051627,-0.24607025377479774,P:9.6|P:10.0|E:11.10,3,2,0,1,1,0,1,0,1,0,0.0,0.3333333333333333,0.0,1,0
additive_head,0,144,-0.024949822574853897,0.19805960860268423,0.22300943117753813,P:9.9|P:9.6,2,2,0,0,1,0,0,0,0,0,0.0,0.0,0.0,1,0
additive_head,0,84,-0.024493630975484848,0.3255500043855346,0.35004363536101946,P:9.6|P:10.0|B:10.6|B:10.10|E:10.7,5,2,2,1,1,1,1,1,1,1,0.16666666666666666,0.3333333333333333,0.125,1,0
additive_head,0,215,0.6853510737419128,0.08526627645686502,-0.6000847972850478,P:9.9|P:9.6|P:10.0|B:9.0|B:10.2|B:11.2|E:10.7|E:11.10,8,3,3,2,1,1,1,1,1,1,0.375,1.0,0.375,1,1
additive_head,0,24,-1.9099003076553345,-1.3471226628981439,0.5627776447571906,B:10.6|E:10.7|E:11.10,3,0,1,2,0,1,1,0,0,1,0.0,0.0,0.125,0,0
additive_head,0,136,0.7345575094223022,1.0026011102851387,0.2680436008628364,P:9.9|P:10.0|B:9.0|B:10.1,4,2,2,0,1,1,0,1,0,0,0.16666666666666666,0.0,0.0,1,0
additive_head,0,171,0.448146253824234,-0.14074730516155576,-0.5888935589857898,P:9.9|P:9.6|B:9.0|B:10.1|B:10.2|B:10.10|B:11.2|E:10.7|E:11.10,9,2,5,2,1,1,1,1,1,1,0.41666666666666663,0.6666666666666666,0.625,1,0
additive_head,0,69,-1.4318113327026367,-0.7975175086187809,0.6342938240838558,P:9.6|B:9.7|B:10.1|B:10.2|B:10.6|B:11.2|B:11.9|E:10.7|E:11.10,9,1,6,2,1,1,1,1,1,1,0.25,0.3333333333333333,0.75,0,0
additive_head,0,191,-0.00995168462395668,0.4960385139591147,0.5059901985830714,P:9.9|P:9.6|P:10.0|B:10.1|E:11.10,5,3,1,1,1,1,1,1,1,1,0.125,0.5,0.0625,1,1
additive_head,0,235,1.4840984344482422,1.5674867509274666,0.0833883164792244,P:9.9|P:9.6|P:10.0|B:9.0|B:9.7|B:10.1|B:10.2|B:10.6|B:11.2,9,3,6,0,1,1,0,1,0,0,0.75,0.0,0.0,1,1
additive_head,0,95,-1.1356269121170044,-0.7735009976661866,0.36212591445081777,P:9.6|P:10.0|B:9.0|B:9.7|E:10.7|E:11.10,6,2,2,2,1,1,1,1,1,1,0.16666666666666666,0.6666666666666666,0.25,1,0
additive_head,0,87,-1.1586300134658813,-0.7794160277330324,0.3792139857328489,P:9.6|P:10.0|B:9.7|E:10.7|E:11.10,5,2,1,2,1,1,1,1,1,1,0.08333333333333333,0.6666666666666666,0.125,1,0
additive_head,0,114,0.6210603713989258,0.528801740771927,-0.0922586306269988,P:9.9|B:9.0|B:9.7|B:10.10|B:11.9|E:10.7,6,1,4,1,1,1,1,1,1,1,0.16666666666666666,0.16666666666666666,0.25,0,0
additive_head,0,229,1.187390685081482,1.594451187815995,0.4070605027345131,P:9.9|P:9.6|P:10.0|B:9.0|B:9.7|B:10.2|B:10.6,7,3,4,0,1,1,0,1,0,0,0.5,0.0,0.0,1,1
additive_head,0,219,0.8841042518615723,1.7486837040650416,0.8645794522034693,P:9.9|P:9.6|P:10.0|B:9.0|B:10.1|B:10.6|B:10.10,7,3,4,0,1,1,0,1,0,0,0.5,0.0,0.0,1,1
additive_head,0,217,1.5335161685943604,1.324133764105714,-0.2093824044886463,P:9.9|P:9.6|P:10.0|B:9.0|B:10.2|B:10.6|B:10.10|B:11.2|B:11.9|E:11.10,10,3,6,1,1,1,1,1,1,1,0.75,0.5,0.375,1,1
additive_head,0,4,0.0034867338836193085,-0.7933909717795913,-0.7968777056632106,B:9.0,1,0,1,0,0,1,0,0,0,0,0.0,0.0,0.0,0,0
additive_head,0,130,1.2399502992630005,1.056461278982738,-0.1834890202802626,P:9.9|P:10.0|B:9.7|B:10.2|B:10.6|B:11.2|E:10.7,7,2,4,1,1,1,1,1,1,1,0.3333333333333333,0.3333333333333333,0.25,1,0
additive_head,0,228,1.137394905090332,1.3057202472198466,0.16832534212951455,P:9.9|P:9.6|P:10.0|B:9.0|B:9.7|B:10.2|B:11.2|B:11.9,8,3,5,0,1,1,0,1,0,0,0.625,0.0,0.0,1,1
additive_head,0,128,1.0614135265350342,1.3499055378795057,0.28849201134447156,P:9.9|P:10.0|B:9.7|B:10.6,4,2,2,0,1,1,0,1,0,0,0.16666666666666666,0.0,0.0,1,0
additive_head,0,15,0.35023680329322815,0.41703939356533104,0.06680259027210289,B:9.0|B:9.7|B:10.1|B:10.2|B:10.6|B:10.10|B:11.2|B:11.9,8,0,8,0,0,1,0,0,0,0,0.0,0.0,0.0,0,0
additive_head,0,124,0.9045531749725342,1.5616164876057317,0.6570633126331975,P:9.9|P:10.0|B:10.1|B:10.10|B:11.9,5,2,3,0,1,1,0,1,0,0,0.25,0.0,0.0,1,0
additive_head,0,93,0.3689282536506653,0.32360236206214826,-0.04532589158851702,P:9.6|P:10.0|B:9.0|B:10.6|B:10.10|B:11.9|E:11.10,7,2,4,1,1,1,1,1,1,1,0.3333333333333333,0.3333333333333333,0.25,1,0
additive_head,1,50,-0.5812591910362244,-0.4929573610246364,0.08830183001158798,P:10.0|E:10.7,2,1,0,1,1,0,1,0,1,0,0.0,0.16666666666666666,0.0,0,0
additive_head,1,106,-0.08755521476268768,0.011956145805215757,0.09951136056790344,P:9.9|B:11.2,2,1,1,0,1,1,0,1,0,0,0.041666666666666664,0.0,0.0,0,0
additive_head,1,230,1.7152396440505981,1.5520772472086943,-0.1631623968419038,P:9.9|P:9.6|P:10.0|B:9.0|B:9.7|B:10.2|B:10.6|B:10.10|B:11.2|B:11.9|E:11.10,11,3,7,1,1,1,1,1,1,1,0.875,0.5,0.4375,1,1
additive_head,1,160,0.060559697449207306,0.410093056583841,0.3495333591346337,P:9.9|P:9.6|B:10.1|B:10.6|B:10.10|B:11.2|E:11.10,7,2,4,1,1,1,1,1,1,1,0.3333333333333333,0.3333333333333333,0.25,1,0
additive_head,1,48,-1.0930901765823364,-0.32696460450927967,0.7661255720730568,B:9.0|B:9.7|B:10.1|B:10.2|B:10.6|B:10.10|B:11.9|E:10.7|E:11.10,9,0,7,2,0,1,1,0,0,1,0.0,0.0,0.875,0,0
additive_head,1,198,0.6584311127662659,1.0172808106783453,0.35884969791207944,P:9.9|P:9.6|P:10.0|B:9.7,4,3,1,0,1,1,0,1,0,0,0.125,0.0,0.0,1,1
additive_head,1,168,0.2776085138320923,0.950075740744807,0.6724672269127148,P:9.9|P:9.6|B:9.0|B:10.2|B:10.10|B:11.2|B:11.9,7,2,5,0,1,1,0,1,0,0,0.41666666666666663,0.0,0.0,1,0
additive_head,1,64,-1.8848259449005127,-1.3431120198455342,0.5417139250549785,P:9.6|B:10.2|E:10.7|E:11.10,4,1,1,2,1,1,1,1,1,1,0.041666666666666664,0.3333333333333333,0.125,0,0
additive_head,1,7,0.04607735201716423,-0.5995917866261078,-0.645669138643272,B:10.2,1,0,1,0,0,1,0,0,0,0,0.0,0.0,0.0,0,0
additive_head,1,75,0.32792341709136963,-0.08498723129312724,-0.41291064838449687,P:9.6|P:10.0,2,2,0,0,1,0,0,0,0,0,0.0,0.0,0.0,1,0
additive_head,1,174,0.0011423192918300629,-0.23450029043931764,-0.2356426097311477,P:9.9|P:9.6|B:9.0|B:9.7|B:10.1|B:11.9|E:10.7|E:11.10,8,2,4,2,1,1,1,1,1,1,0.3333333333333333,0.6666666666666666,0.5,1,0
additive_head,1,154,-0.12619715929031372,-0.3522635934654623,-0.2260664341751486,P:9.9|P:9.6|B:10.2|E:10.7|E:11.10,5,2,1,2,1,1,1,1,1,1,0.08333333333333333,0.6666666666666666,0.125,1,0
additive_head,1,142,1.7428615093231201,2.0630311076262484,0.3201695983031283,P:9.9|P:10.0|B:9.0|B:9.7|B:10.1|B:10.2|B:10.6|B:10.10|B:11.2|B:11.9,10,2,8,0,1,1,0,1,0,0,0.6666666666666666,0.0,0.0,1,0
additive_head,1,10,-0.3037194609642029,-0.9788922805748562,-0.6751728196106533,B:11.2,1,0,1,0,0,1,0,0,0,0,0.0,0.0,0.0,0,0
additive_head,1,9,0.1278882622718811,-0.43277532771393046,-0.5606635899858116,B:10.10,1,0,1,0,0,1,0,0,0,0,0.0,0.0,0.0,0,0
additive_head,1,177,-0.2263064682483673,0.41043237280441647,0.6367388410527838,P:9.9|P:9.6|P:10.0|E:11.10,4,3,0,1,1,0,1,0,1,0,0.0,0.5,0.0,1,1
additive_head,1,36,0.2635531723499298,-0.3975284750802538,-0.6610816474301836,B:9.0|B:10.6|B:11.9,3,0,3,0,0,1,0,0,0,0,0.0,0.0,0.0,0,0
additive_head,1,210,0.46982860565185547,0.8900518591195945,0.42022325346773903,P:9.9|P:9.6|P:10.0|B:9.0,4,3,1,0,1,1,0,1,0,0,0.125,0.0,0.0,1,1
additive_head,1,138,1.0839468240737915,0.8369678777746747,-0.24697894629911676,P:9.9|P:10.0|B:9.0|B:10.1|B:10.2|B:10.10|B:11.2|B:11.9|E:10.7|E:11.10,10,2,6,2,1,1,1,1,1,1,0.5,0.6666666666666666,0.75,1,0
additive_head,1,141,1.28229558467865,1.140624330855644,-0.14167125382300583,P:9.9|P:10.0|B:9.0|B:9.7|B:10.1|B:10.2|B:10.6|B:11.2|B:11.9|E:11.10,10,2,7,1,1,1,1,1,1,1,0.5833333333333333,0.3333333333333333,0.4375,1,0
additive_head,1,120,0.7438116073608398,1.2528997901777155,0.5090881828168756,P:9.9|P:10.0|B:10.10,3,2,1,0,1,1,0,1,0,0,0.08333333333333333,0.0,0.0,1,0
additive_head,1,131,0.40003639459609985,0.39619637764230076,-0.003840016953799097,P:9.9|P:10.0|B:9.7|B:10.1|B:11.9|E:10.7|E:11.10,7,2,3,2,1,1,1,1,1,1,0.25,0.6666666666666666,0.375,1,0
additive_head,1,30,-0.8866069912910461,-0.7685254808295835,0.11808151046146265,B:9.7|B:10.10|B:11.2|E:10.7,4,0,3,1,0,1,1,0,0,1,0.0,0.0,0.1875,0,0
additive_head,1,193,0.6254175305366516,1.428303547107352,0.8028860165707004,P:9.9|P:9.6|P:10.0|B:10.1|B:10.10,5,3,2,0,1,1,0,1,0,0,0.25,0.0,0.0,1,1
additive_head,1,19,1.8685230016708374,2.142970467023554,0.2744474653527167,P:9.9|P:9.6|P:10.0|B:9.0|B:9.7|B:10.1|B:10.2|B:10.6|B:10.10|B:11.2|B:11.9,11,3,8,0,1,1,0,1,0,0,1.0,0.0,0.0,1,1
additive_head,1,204,1.4221220016479492,1.5942621379213204,0.1721401362733712,P:9.9|P:9.6|P:10.0|B:9.7|B:10.6|B:10.10|B:11.9|E:10.7,8,3,4,1,1,1,1,1,1,1,0.5,0.5,0.25,1,1
additive_head,1,27,-2.05269718170166,-1.236201257797178,0.8164959239044822,B:10.2|B:11.9|E:10.7|E:11.10,4,0,2,2,0,1,1,0,0,1,0.0,0.0,0.25,0,0
additive_head,1,223,1.947177767753601,1.7035200810979494,-0.24365768665565168,P:9.9|P:9.6|P:10.0|B:9.0|B:10.1|B:10.2|B:10.6|B:10.10|B:11.2|B:11.9|E:10.7,11,3,7,1,1,1,1,1,1,1,0.875,0.5,0.4375,1,1
additive_head,1,74,-0.022991657257080078,-0.03813347315062032,-0.015141815893540245,P:9.6|B:9.0|B:9.7|B:10.1|B:10.2|B:10.6|B:10.10|B:11.2|B:11.9|E:11.10,10,1,8,1,1,1,1,1,1,1,0.3333333333333333,0.16666666666666666,0.5,0,0
additive_head,1,208,0.6361530423164368,0.8774778815040469,0.24132483918761016,P:9.9|P:9.6|P:10.0|B:9.7|B:10.1|B:10.2|E:11.10,7,3,3,1,1,1,1,1,1,1,0.375,0.5,0.1875,1,1
additive_head,1,224,0.5285061001777649,0.6780876756990579,0.14958157552129303,P:9.9|P:9.6|P:10.0|B:9.0|B:9.7|B:10.6|B:11.2|E:11.10,8,3,4,1,1,1,1,1,1,1,0.5,0.5,0.25,1,1
additive_head,1,173,0.6124219298362732,0.22138082924769076,-0.39104110058858244,P:9.9|P:9.6|B:9.0|B:9.7|B:10.2|B:10.6|B:11.9|E:10.7|E:11.10,9,2,5,2,1,1,1,1,1,1,0.41666666666666663,0.6666666666666666,0.625,1,0
additive_head,1,18,0.16123811900615692,0.08240160247021278,-0.07883651653594415,P:9.9|P:9.6|P:10.0|E:10.7|E:11.10,5,3,0,2,1,0,1,0,1,0,0.0,1.0,0.0,1,1
additive_head,1,11,0.04421548917889595,-0.6729031607563445,-0.7171186499352404,B:11.9,1,0,1,0,0,1,0,0,0,0,0.0,0.0,0.0,0,0
additive_head,1,187,0.8978749513626099,1.0779062183575359,0.180031266994926,P:9.9|P:9.6|P:10.0|B:10.6|B:11.2,5,3,2,0,1,1,0,1,0,0,0.25,0.0,0.0,1,1
additive_head,1,151,0.27609238028526306,0.502218525218812,0.226126144933549,P:9.9|P:9.6|B:10.6,3,2,1,0,1,1,0,1,0,0,0.08333333333333333,0.0,0.0,1,0
additive_head,1,157,0.37768739461898804,-0.0215318692265013,-0.39921926384548934,P:9.9|P:9.6|B:10.1|E:10.7,4,2,1,1,1,1,1,1,1,1,0.08333333333333333,0.3333333333333333,0.0625,1,0
additive_head,1,59,0.9626399278640747,0.5041822295550515,-0.45845769830902316,P:10.0|B:9.0|B:9.7|B:10.1|B:10.6|B:11.9,6,1,5,0,1,1,0,1,0,0,0.20833333333333331,0.0,0.0,0,0
additive_head,1,103,0.2608196437358856,0.3179452656237275,0.05712562188784187,P:9.9|B:11.9,2,1,1,0,1,1,0,1,0,0,0.041666666666666664,0.0,0.0,0,0
additive_head,1,156,0.08269024640321732,0.3064989011077023,0.22380865470448497,P:9.9|P:9.6|B:10.1,3,2,1,0,1,1,0,1,0,0,0.08333333333333333,0.0,0.0,1,0
additive_head,1,123,0.7120844125747681,0.47421646451491695,-0.23786794805985112,P:9.9|P:10.0|B:10.1|B:11.2|E:10.7,5,2,2,1,1,1,1,1,1,1,0.16666666666666666,0.3333333333333333,0.125,1,0
additive_head,1,78,-1.3243666887283325,-0.7215967024641974,0.6027699862641351,P:9.6|P:10.0|B:11.9|E:10.7|E:11.10,5,2,1,2,1,1,1,1,1,1,0.08333333333333333,0.6666666666666666,0.125,1,0
additive_head,1,115,0.6769262552261353,1.0770203944712335,0.4000941392450983,P:9.9|B:9.0|B:9.7|B:10.1|B:10.2|B:10.10|B:11.2|B:11.9,8,1,7,0,1,1,0,1,0,0,0.29166666666666663,0.0,0.0,0,0
additive_head,1,81,-0.23705950379371643,0.013959952860744806,0.25101945665446124,P:9.6|P:10.0|B:10.10|E:10.7,4,2,1,1,1,1,1,1,1,1,0.08333333333333333,0.3333333333333333,0.0625,1,0
additive_head,1,58,0.9003594517707825,1.0799020640276253,0.17954261225684287,P:10.0|B:9.0|B:10.1|B:10.2|B:10.6|B:10.10|B:11.9,7,1,6,0,1,1,0,1,0,0,0.25,0.0,0.0,0,0
additive_head,1,8,0.2057855874300003,-0.5685692605585653,-0.7743548479885656,B:10.6,1,0,1,0,0,1,0,0,0,0,0.0,0.0,0.0,0,0
additive_head,1,212,0.9004754424095154,0.442882090412541,-0.4575933519969744,P:9.9|P:9.6|P:10.0|B:9.0|B:11.2|E:10.7,6,3,2,1,1,1,1,1,1,1,0.25,0.5,0.125,1,1
additive_head,1,119,0.09514226019382477,0.5173431348527727,0.42220087465894796,P:9.9|P:10.0|B:11.9|E:11.10,4,2,1,1,1,1,1,1,1,1,0.08333333333333333,0.3333333333333333,0.0625,1,0
additive_head,2,163,-0.5653444528579712,0.006546682467021725,0.5718911353249929,P:9.9|P:9.6|B:9.7|B:10.2|B:11.2|E:11.10,6,2,3,1,1,1,1,1,1,1,0.25,0.3333333333333333,0.1875,1,0
additive_head,2,35,0.04845794662833214,-0.6156940648239966,-0.6641520114523287,B:9.0|B:11.9,2,0,2,0,0,1,0,0,0,0,0.0,0.0,0.0,0,0
additive_head,2,140,1.296229362487793,0.7936690755202247,-0.5025602869675683,P:9.9|P:10.0|B:9.0|B:9.7|B:10.1|B:10.2|B:10.10|B:11.2|B:11.9|E:10.7|E:11.10,11,2,7,2,1,1,1,1,1,1,0.5833333333333333,0.6666666666666666,0.875,1,0
additive_head,2,26,-0.9894403219223022,-0.805215130414475,0.18422519150782724,B:10.2|E:10.7,2,0,1,1,0,1,1,0,0,1,0.0,0.0,0.0625,0,0
additive_head,2,152,-0.1534038931131363,-0.331662388659147,-0.1782584955460107,P:9.9|P:9.6|B:10.6|E:10.7|E:11.10,5,2,1,2,1,1,1,1,1,1,0.08333333333333333,0.6666666666666666,0.125,1,0
additive_head,2,179,0.8624302744865417,0.6257622986060174,-0.23666797588052435,P:9.9|P:9.6|P:10.0|B:11.9|E:10.7,5,3,1,1,1,1,1,1,1,1,0.125,0.5,0.0625,1,1
additive_head,2,86,-0.13070634007453918,-0.5593637253686469,-0.4286573852941077,P:9.6|P:10.0|B:10.1|E:11.10,4,2,1,1,1,1,1,1,1,1,0.08333333333333333,0.3333333333333333,0.0625,1,0
additive_head,2,238,2.2124011516571045,1.03896174501135,-1.1734394066457545,P:9.9|P:9.6|P:10.0|B:9.0|B:9.7|B:10.1|B:10.2|B:10.6|B:10.10|B:11.2|E:10.7|E:11.10,12,3,7,2,1,1,1,1,1,1,0.875,1.0,0.875,1,1
additive_head,2,55,0.44097352027893066,-0.16288788023901557,-0.6038614005179462,P:10.0|B:9.0,2,1,1,0,1,1,0,1,0,0,0.041666666666666664,0.0,0.0,0,0
additive_head,2,195,1.2756190299987793,0.6118280670302059,-0.6637909629685734,P:9.9|P:9.6|P:10.0|B:10.1|B:10.2|B:10.10|E:10.7|E:11.10,8,3,3,2,1,1,1,1,1,1,0.375,1.0,0.375,1,1
additive_head,2,112,0.874880850315094,0.8379208328369893,-0.036960017478104734,P:9.9|B:9.7|B:10.1|B:10.2|B:10.6|B:10.10|B:11.2|B:11.9|E:11.10,9,1,7,1,1,1,1,1,1,1,0.29166666666666663,0.16666666666666666,0.4375,0,0
additive_head,2,188,0.19750064611434937,0.5149529195032854,0.317452273388936,P:9.9|P:9.6|P:10.0|B:10.2|E:11.10,5,3,1,1,1,1,1,1,1,1,0.125,0.5,0.0625,1,1
additive_head,2,72,0.32262489199638367,-0.0970517163304922,-0.41967660832687587,P:9.6|B:9.0|B:9.7|B:10.6|B:11.9,5,1,4,0,1,1,0,1,0,0,0.16666666666666666,0.0,0.0,0,0
additive_head,2,25,-0.6552460789680481,-1.0438974507233354,-0.3886513717552873,B:10.2|E:11.10,2,0,1,1,0,1,1,0,0,1,0.0,0.0,0.0625,0,0
additive_head,2,39,-1.9024442434310913,-1.254902165635204,0.6475420777958873,B:9.0|B:10.1|B:10.10|B:11.2|E:10.7|E:11.10,6,0,4,2,0,1,1,0,0,1,0.0,0.0,0.5,0,0
additive_head,2,192,0.3790181577205658,0.03545160841054473,-0.34356654931002106,P:9.9|P:9.6|P:10.0|B:10.1|E:10.7|E:11.10,6,3,1,2,1,1,1,1,1,1,0.125,1.0,0.125,1,1
additive_head,2,100,-0.21319368481636047,0.27569521465655267,0.48888889947291314,P:9.6|P:10.0|B:9.0|B:9.7|B:10.1|B:10.2|B:10.6|B:10.10|B:11.2|B:11.9|E:10.7|E:11.10,12,2,8,2,1,1,1,1,1,1,0.6666666666666666,0.6666666666666666,1.0,1,0
additive_head,2,132,0.789038896560669,0.6521912151327258,-0.13684768142794312,P:9.9|P:10.0|B:9.7|B:10.1|B:10.2|B:11.2|E:11.10,7,2,4,1,1,1,1,1,1,1,0.3333333333333333,0.3333333333333333,0.25,1,0
additive_head,2,226,1.4540021419525146,1.3990733194472131,-0.05492882250530151,P:9.9|P:9.6|P:10.0|B:9.0|B:9.7|B:10.6|B:10.10|B:11.9|E:10.7,9,3,5,1,1,1,1,1,1,1,0.625,0.5,0.3125,1,1
additive_head,2,216,1.3256909847259521,1.0926103349088583,-0.23308064981709387,P:9.9|P:9.6|P:10.0|B:9.0|B:10.2|B:10.6|E:10.7,7,3,3,1,1,1,1,1,1,1,0.375,0.5,0.1875,1,1
additive_head,2,184,0.9177335500717163,0.3381825676814223,-0.579550982390294,P:9.9|P:9.6|P:10.0|B:10.10|B:11.2|B:11.9|E:10.7|E:11.10,8,3,3,2,1,1,1,1,1,1,0.375,1.0,0.375,1,1
additive_head,2,33,-1.4734752178192139,-0.7967043766423997,0.6767708411768142,B:9.7|B:10.1|B:10.6|B:10.10|B:11.2|E:10.7|E:11.10,7,0,5,2,0,1,1,0,0,1,0.0,0.0,0.625,0,0
additive_head,2,107,0.5038124322891235,0.2683094763060423,-0.23550295598308124,P:9.9|B:10.1|B:10.6|E:10.7,4,1,2,1,1,1,1,1,1,1,0.08333333333333333,0.16666666666666666,0.125,0,0
additive_head,2,165,0.0528549998998642,-0.13916370841429282,-0.19201870831415702,P:9.9|P:9.6|B:9.7|B:10.1|B:10.6|B:11.2|E:10.7|E:11.10,8,2,4,2,1,1,1,1,1,1,0.3333333333333333,0.6666666666666666,0.5,1,0
additive_head,2,43,0.25424113869667053,0.11100032034967977,-0.14324081834699076,B:9.0|B:9.7|B:10.6|B:10.10|B:11.2|B:11.9,6,0,6,0,0,1,0,0,0,0,0.0,0.0,0.0,0,0
additive_head,2,71,-1.9208564758300781,-1.0889964512200518,0.8318600246100263,P:9.6|B:9.0|B:10.1|B:10.2|B:11.2|B:11.9|E:10.7|E:11.10,8,1,5,2,1,1,1,1,1,1,0.20833333333333331,0.3333333333333333,0.625,0,0
additive_head,2,102,-0.7290076017379761,-0.7207136934859866,0.008293908251989501,P:9.9|E:10.7|E:11.10,3,1,0,2,1,0,1,0,1,0,0.0,0.3333333333333333,0.0,0,0
additive_head,2,196,1.602601408958435,0.7141542415836872,-0.8884471673747478,P:9.9|P:9.6|P:10.0|B:10.1|B:10.2|B:10.10|B:11.2|B:11.9|E:10.7|E:11.10,10,3,5,2,1,1,1,1,1,1,0.625,1.0,0.625,1,1
additive_head,2,214,1.3109846115112305,0.5333990274424206,-0.7775855840688098,P:9.9|P:9.6|P:10.0|B:9.0|B:10.6|B:10.10|B:11.2|E:10.7|E:11.10,9,3,4,2,1,1,1,1,1,1,0.5,1.0,0.5,1,1
additive_head,2,13,-0.7300630211830139,-1.315529027265178,-0.5854660060821641,E:11.10,1,0,0,1,0,0,1,0,0,0,0.0,0.0,0.0,0,0
additive_head,2,232,1.248700737953186,0.5441845780578201,-0.704516159895366,P:9.9|P:9.6|P:10.0|B:9.0|B:9.7|B:10.1|B:10.2|B:11.2|B:11.9|E:10.7|E:11.10,11,3,6,2,1,1,1,1,1,1,0.75,1.0,0.75,1,1
additive_head,2,231,1.8862351179122925,0.911088803805222,-0.9751463141070705,P:9.9|P:9.6|P:10.0|B:9.0|B:9.7|B:10.1|B:10.6|B:10.10|B:11.2|B:11.9|E:10.7|E:11.10,12,3,7,2,1,1,1,1,1,1,0.875,1.0,0.875,1,1
additive_head,2,150,0.007378906011581421,-0.3607084267927545,-0.3680873328043359,P:9.9|P:9.6|B:10.10|E:10.7|E:11.10,5,2,1,2,1,1,1,1,1,1,0.08333333333333333,0.6666666666666666,0.125,1,0
additive_head,2,73,-0.7453505396842957,-0.2794371444819097,0.46591339520238595,P:9.6|B:9.0|B:9.7|B:10.1|B:10.2|B:10.6|B:10.10|B:11.9|E:10.7|E:11.10,10,1,7,2,1,1,1,1,1,1,0.29166666666666663,0.3333333333333333,0.875,0,0
additive_head,2,147,-0.8010349869728088,-0.7068857696528059,0.09414921732000292,P:9.9|P:9.6|B:11.2|E:10.7|E:11.10,5,2,1,2,1,1,1,1,1,1,0.08333333333333333,0.6666666666666666,0.125,1,0
additive_head,2,202,1.0955003499984741,0.9163395890147863,-0.17916076098368783,P:9.9|P:9.6|P:10.0|B:9.7|B:10.10|E:10.7,6,3,2,1,1,1,1,1,1,1,0.25,0.5,0.125,1,1
additive_head,2,12,-1.0317822694778442,-1.0768467069563177,-0.04506443747847344,E:10.7,1,0,0,1,0,0,1,0,0,0,0.0,0.0,0.0,0,0
additive_head,2,82,-0.03239645063877106,-0.3299129025176431,-0.29751645187887205,P:9.6|P:10.0|B:10.6|E:11.10,4,2,1,1,1,1,1,1,1,1,0.08333333333333333,0.3333333333333333,0.0625,1,0
additive_head,2,31,-0.23759472370147705,-0.5888346420915017,-0.35123991839002466,B:9.7|B:10.6|B:10.10|B:11.2|E:11.10,5,0,4,1,0,1,1,0,0,1,0.0,0.0,0.25,0,0
additive_head,2,153,0.2724653482437134,0.46928025180277055,0.19681490355905717,P:9.9|P:9.6|B:10.2,3,2,1,0,1,1,0,1,0,0,0.08333333333333333,0.0,0.0,1,0
additive_head,2,29,-2.157961845397949,-1.5395802762920665,0.6183815691058827,B:9.7|B:11.2|E:10.7|E:11.10,4,0,2,2,0,1,1,0,0,1,0.0,0.0,0.25,0,0
additive_head,2,172,0.1690041422843933,0.5626230095724889,0.3936188672880956,P:9.9|P:9.6|B:9.0|B:9.7|B:10.2|B:11.2,6,2,4,0,1,1,0,1,0,0,0.3333333333333333,0.0,0.0,1,0
additive_head,2,118,-0.1109267920255661,-0.12414887356529114,-0.013222081539725039,P:9.9|P:10.0|E:10.7|E:11.10,4,2,0,2,1,0,1,0,1,0,0.0,0.6666666666666666,0.0,1,0
additive_head,2,186,0.5278505086898804,0.26490243126154844,-0.26294807742833193,P:9.9|P:9.6|P:10.0|B:10.6|E:10.7|E:11.10,6,3,1,2,1,1,1,1,1,1,0.125,1.0,0.125,1,1
additive_head,2,79,-1.4608746767044067,-1.0173461154226224,0.4435285612817843,P:9.6|P:10.0|B:11.2|E:10.7|E:11.10,5,2,1,2,1,1,1,1,1,1,0.08333333333333333,0.6666666666666666,0.125,1,0
additive_head,2,139,1.4784176349639893,1.7172123008607727,0.23879466589678344,P:9.9|P:10.0|B:9.0|B:10.1|B:10.2|B:10.6|B:10.10|B:11.2,8,2,6,0,1,1,0,1,0,0,0.5,0.0,0.0,1,0
additive_head,2,178,0.7855501174926758,0.4820036632703031,-0.3035464542223727,P:9.9|P:9.6|P:10.0|E:10.7,4,3,0,1,1,0,1,0,1,0,0.0,0.5,0.0,1,1
additive_head,2,16,-1.3794432878494263,-0.37612998987955615,1.00331329796987,B:9.0|B:9.7|B:10.1|B:10.2|B:10.6|B:10.10|B:11.2|B:11.9|E:10.7|E:11.10,10,0,8,2,0,1,1,0,0,1,0.0,0.0,1.0,0,0
additive_head,3,110,0.5567262768745422,0.5417057838679433,-0.015020493006598912,P:9.9|B:9.7|B:10.10,3,1,2,0,1,1,0,1,0,0,0.08333333333333333,0.0,0.0,0,0
additive_head,3,116,0.6422114372253418,0.8353945900225395,0.19318315279719767,P:9.9|P:10.0,2,2,0,0,1,0,0,0,0,0,0.0,0.0,0.0,1,0
additive_head,3,199,-0.008658107370138168,0.42480051051250967,0.43345861788264783,P:9.9|P:9.6|P:10.0|B:9.7|E:11.10,5,3,1,1,1,1,1,1,1,1,0.125,0.5,0.0625,1,1
additive_head,3,236,1.351872205734253,1.253704551419123,-0.09816765431512997,P:9.9|P:9.6|P:10.0|B:9.0|B:9.7|B:10.1|B:10.2|B:10.6|B:11.2|B:11.9|E:11.10,11,3,7,1,1,1,1,1,1,1,0.875,0.5,0.4375,1,1
additive_head,3,176,0.476146936416626,0.571071629740614,0.09492469332398801,P:9.9|P:9.6|B:9.0|B:9.7|B:10.1|B:10.2|B:10.6|B:11.9|E:11.10,9,2,6,1,1,1,1,1,1,1,0.5,0.3333333333333333,0.375,1,0
additive_head,3,185,0.725487232208252,1.281556956386293,0.556069724178041,P:9.9|P:9.6|P:10.0|B:10.6,4,3,1,0,1,1,0,1,0,0,0.125,0.0,0.0,1,1
additive_head,3,158,-0.325837641954422,-0.5254866896890743,-0.1996490477346523,P:9.9|P:9.6|B:10.1|E:10.7|E:11.10,5,2,1,2,1,1,1,1,1,1,0.08333333333333333,0.6666666666666666,0.125,1,0
additive_head,3,2,-0.1576346457004547,-0.7523034218544005,-0.5946687761539458,P:9.6,1,1,0,0,1,0,0,0,0,0,0.0,0.0,0.0,0,0
additive_head,3,209,1.248810052871704,1.6088573501921564,0.36004729732045226,P:9.9|P:9.6|P:10.0|B:9.7|B:10.1|B:10.2|B:10.6,7,3,4,0,1,1,0,1,0,0,0.5,0.0,0.0,1,1
additive_head,3,92,-0.4412705600261688,-0.6024819699086831,-0.16121140988251426,P:9.6|P:10.0|B:9.0|B:11.2|E:11.10,5,2,2,1,1,1,1,1,1,1,0.16666666666666666,0.3333333333333333,0.125,1,0
additive_head,3,98,1.0093169212341309,1.1453214022722222,0.13600448103809137,P:9.6|P:10.0|B:9.0|B:9.7|B:10.1|B:10.2|B:10.6|B:10.10|B:11.2|B:11.9,10,2,8,0,1,1,0,1,0,0,0.6666666666666666,0.0,0.0,1,0
additive_head,3,105,-0.6707934737205505,-0.5069560926109418,0.16383738110960877,P:9.9|B:11.9|E:10.7|E:11.10,4,1,1,2,1,1,1,1,1,1,0.041666666666666664,0.3333333333333333,0.125,0,0
additive_head,3,205,1.3846073150634766,1.0385597748797821,-0.34604754018369444,P:9.9|P:9.6|P:10.0|B:9.7|B:10.2|B:11.2|B:11.9|E:10.7,8,3,4,1,1,1,1,1,1,1,0.5,0.5,0.25,1,1
additive_head,3,200,0.39837050437927246,0.1266086298843896,-0.27176187449488287,P:9.9|P:9.6|P:10.0|B:9.7|E:10.7|E:11.10,6,3,1,2,1,1,1,1,1,1,0.125,1.0,0.125,1,1
additive_head,3,23,-0.822664737701416,-0.7584308837289273,0.06423385397248871,B:10.6|E:10.7,2,0,1,1,0,1,1,0,0,1,0.0,0.0,0.0625,0,0
additive_head,3,56,-0.4917997121810913,-0.18165675600138176,0.31014295617970955,P:10.0|B:9.0|B:10.1|B:11.2|B:11.9|E:10.7,6,1,4,1,1,1,1,1,1,1,0.16666666666666666,0.16666666666666666,0.25,0,0
additive_head,3,159,0.029253222048282623,0.6492923597780684,0.6200391377297858,P:9.9|P:9.6|B:10.1|B:10.10|B:11.2,5,2,3,0,1,1,0,1,0,0,0.25,0.0,0.0,1,0
additive_head,3,239,2.1244568824768066,1.8306717126388194,-0.2937851698379872,P:9.9|P:9.6|P:10.0|B:9.0|B:9.7|B:10.1|B:10.2|B:10.6|B:10.10|B:11.2|B:11.9|E:10.7,12,3,8,1,1,1,1,1,1,1,1.0,0.5,0.5,1,1
additive_head,3,63,-1.987991452217102,-1.589679853769131,0.39831159844797104,P:9.6|E:10.7|E:11.10,3,1,0,2,1,0,1,0,1,0,0.0,0.3333333333333333,0.0,0,0
additive_head,3,90,0.6627393364906311,0.23732438785829402,-0.4254149486323371,P:9.6|P:10.0|B:9.7|B:10.1|B:11.9,5,2,3,0,1,1,0,1,0,0,0.25,0.0,0.0,1,0
additive_head,3,85,0.31950289011001587,0.30166796654168426,-0.017834923568331607,P:9.6|P:10.0|B:10.2|B:11.2|B:11.9,5,2,3,0,1,1,0,1,0,0,0.25,0.0,0.0,1,0
additive_head,3,181,0.5778552293777466,0.9138716908188259,0.33601646144107933,P:9.9|P:9.6|P:10.0|B:11.2,4,3,1,0,1,1,0,1,0,0,0.125,0.0,0.0,1,1
additive_head,3,146,-0.30595070123672485,0.23266689613152325,0.5386175973682481,P:9.9|P:9.6|B:11.2,3,2,1,0,1,1,0,1,0,0,0.08333333333333333,0.0,0.0,1,0
additive_head,3,117,0.02911713346838951,0.296210038735929,0.2670929052675395,P:9.9|P:10.0|E:11.10,3,2,0,1,1,0,1,0,1,0,0.0,0.3333333333333333,0.0,1,0
additive_head,3,143,1.8553862571716309,1.512630068175249,-0.34275618899638194,P:9.9|P:10.0|B:9.0|B:9.7|B:10.1|B:10.2|B:10.6|B:10.10|B:11.2|B:11.9|E:11.10,11,2,8,1,1,1,1,1,1,1,0.6666666666666666,0.3333333333333333,0.5,1,0
additive_head,3,233,1.394734501838684,1.5835196567397143,0.1887851549010302,P:9.9|P:9.6|P:10.0|B:9.0|B:9.7|B:10.1|B:10.2|B:10.10|B:11.2,9,3,6,0,1,1,0,1,0,0,0.75,0.0,0.0,1,1
additive_head,3,97,-0.00730687752366066,0.14204163852422302,0.14934851604788368,P:9.6|P:10.0|B:9.0|B:9.7|B:10.1|B:10.2|B:11.2|B:11.9|E:10.7,9,2,6,1,1,1,1,1,1,1,0.5,0.3333333333333333,0.375,1,0
additive_head,3,80,0.42400962114334106,0.2648758633941082,-0.15913375774923288,P:9.6|P:10.0|B:10.10,3,2,1,0,1,1,0,1,0,0,0.08333333333333333,0.0,0.0,1,0
additive_head,3,203,1.000139594078064,1.6690729449189994,0.6689333508409354,P:9.9|P:9.6|P:10.0|B:9.7|B:10.6|B:10.10,6,3,3,0,1,1,0,1,0,0,0.375,0.0,0.0,1,1
additive_head,3,182,-0.11927510797977448,0.37468713953221544,0.4939622475119899,P:9.9|P:9.6|P:10.0|B:11.2|E:11.10,5,3,1,1,1,1,1,1,1,1,0.125,0.5,0.0625,1,1
additive_head,3,17,0.46300008893013,0.9124435638276196,0.4494434748974896,P:9.9|P:9.6|P:10.0,3,3,0,0,1,0,0,0,0,0,0.0,0.0,0.0,1,1
additive_head,3,108,-0.3236079812049866,-0.10780773312580427,0.2158002480791823,P:9.9|B:10.1|B:10.2|B:11.2|E:11.10,5,1,3,1,1,1,1,1,1,1,0.125,0.16666666666666666,0.1875,0,0
additive_head,3,44,0.41070446372032166,-0.35481235248761617,-0.7655168162079378,B:9.0|B:9.7|B:10.1|B:10.10,4,0,4,0,0,1,0,0,0,0,0.0,0.0,0.0,0,0
additive_head,3,148,-0.35026711225509644,0.02802870841491245,0.3782958206700089,P:9.9|P:9.6|B:10.10|E:11.10,4,2,1,1,1,1,1,1,1,1,0.08333333333333333,0.3333333333333333,0.0625,1,0
additive_head,3,5,0.18057629466056824,-0.77781089768798,-0.9583871923485482,B:9.7,1,0,1,0,0,1,0,0,0,0,0.0,0.0,0.0,0,0
additive_head,3,129,0.7628957629203796,0.6137809713870066,-0.14911479153337304,P:9.9|P:10.0|B:9.7|B:10.2|B:10.6|E:10.7|E:11.10,7,2,3,2,1,1,1,1,1,1,0.25,0.6666666666666666,0.375,1,0
additive_head,3,194,1.2136534452438354,1.0662411230024147,-0.14741232224142076,P:9.9|P:9.6|P:10.0|B:10.1|B:10.2|B:11.9|E:10.7,7,3,3,1,1,1,1,1,1,1,0.375,0.5,0.1875,1,1
additive_head,3,42,-0.463800311088562,-0.7969892058998076,-0.3331888948112456,B:9.0|B:9.7|B:10.10|B:11.2|B:11.9|E:11.10,6,0,5,1,0,1,1,0,0,1,0.0,0.0,0.3125,0,0
additive_head,3,183,0.8049454092979431,1.2498461813800317,0.44490077208208856,P:9.9|P:9.6|P:10.0|B:10.10|B:11.2,5,3,2,0,1,1,0,1,0,0,0.25,0.0,0.0,1,1
additive_head,3,28,0.2634905278682709,-0.21761900926391176,-0.48110953713218263,B:10.1|B:10.2|B:10.10,3,0,3,0,0,1,0,0,0,0,0.0,0.0,0.0,0,0
additive_head,3,45,-0.5084518790245056,-0.10623216959730464,0.402219709427201,B:9.0|B:9.7|B:10.1|B:10.6|B:10.10|B:11.2|B:11.9|E:10.7,8,0,7,1,0,1,1,0,0,1,0.0,0.0,0.4375,0,0
additive_head,3,61,-1.0373321771621704,-0.10507849400879432,0.9322536831533761,P:10.0|B:9.0|B:9.7|B:10.1|B:10.2|B:10.6|B:11.2|B:11.9|E:10.7|E:11.10,10,1,7,2,1,1,1,1,1,1,0.29166666666666663,0.3333333333333333,0.875,0,0
additive_head,3,94,-0.4975939989089966,0.06129554963696715,0.5588895485459637,P:9.6|P:10.0|B:9.0|B:10.1|B:10.6|B:10.10|B:11.2|B:11.9|E:10.7|E:11.10,10,2,6,2,1,1,1,1,1,1,0.5,0.6666666666666666,0.75,1,0
additive_head,3,166,0.34098827838897705,-0.2788372689685499,-0.6198255473575269,P:9.9|P:9.6|B:9.7|B:10.1|B:10.2|E:10.7|E:11.10,7,2,3,2,1,1,1,1,1,1,0.25,0.6666666666666666,0.375,1,0
additive_head,3,54,0.02327965945005417,-0.6066811791734491,-0.6299608386235033,P:10.0|B:10.1|E:11.10,3,1,1,1,1,1,1,1,1,1,0.041666666666666664,0.16666666666666666,0.0625,0,0
additive_head,3,41,-2.0931179523468018,-1.4311555770891333,0.6619623752576684,B:9.0|B:9.7|B:11.2|B:11.9|E:10.7|E:11.10,6,0,4,2,0,1,1,0,0,1,0.0,0.0,0.5,0,0
additive_head,3,180,0.2293887734413147,0.2512976758814409,0.02190890244012622,P:9.9|P:9.6|P:10.0|B:11.9|E:10.7|E:11.10,6,3,1,2,1,1,1,1,1,1,0.125,1.0,0.125,1,1
additive_head,3,137,0.9683080315589905,1.1189546944019275,0.15064666284293704,P:9.9|P:10.0|B:9.0|B:10.1|B:10.2|B:11.2,6,2,4,0,1,1,0,1,0,0,0.3333333333333333,0.0,0.0,1,0
additive_head,4,135,0.3180081844329834,0.5308315300170471,0.21282334558406368,P:9.9|P:10.0|B:9.0|B:10.6|B:11.9|E:10.7|E:11.10,7,2,3,2,1,1,1,1,1,1,0.25,0.6666666666666666,0.375,1,0
additive_head,4,37,-2.0929110050201416,-1.2386737882917533,0.8542372167283883,B:9.0|B:10.2|E:10.7|E:11.10,4,0,2,2,0,1,1,0,0,1,0.0,0.0,0.25,0,0
additive_head,4,91,0.38466575741767883,0.13846923765871644,-0.2461965197589624,P:9.6|P:10.0|B:9.0|B:11.9,4,2,2,0,1,1,0,1,0,0,0.16666666666666666,0.0,0.0,1,0
additive_head,4,113,-0.6673448085784912,-0.44916780533677625,0.21817700324171496,P:9.9|B:9.0|B:9.7|B:11.2|B:11.9|E:10.7|E:11.10,7,1,4,2,1,1,1,1,1,1,0.16666666666666666,0.3333333333333333,0.5,0,0
additive_head,4,38,-0.12388209998607635,-0.09206689773703036,0.03181520224904599,B:9.0|B:10.2|B:10.10|B:11.2|B:11.9,5,0,5,0,0,1,0,0,0,0,0.0,0.0,0.0,0,0
additive_head,4,62,-0.96882164478302,-1.2371068658490336,-0.2682852210660136,P:9.6|E:11.10,2,1,0,1,1,0,1,0,1,0,0.0,0.16666666666666666,0.0,0,0
additive_head,4,57,-1.3938641548156738,-0.5054121119289037,0.8884520428867702,P:10.0|B:9.0|B:10.1|B:10.2|E:10.7|E:11.10,6,1,3,2,1,1,1,1,1,1,0.125,0.3333333333333333,0.375,0,0
additive_head,4,190,0.752892017364502,0.7851340354218388,0.03224201805733684,P:9.9|P:9.6|P:10.0|B:10.2|B:10.6|B:11.2|E:11.10,7,3,3,1,1,1,1,1,1,1,0.375,0.5,0.1875,1,1
additive_head,4,164,0.3011414110660553,0.7439893539243561,0.44284794285830076,P:9.9|P:9.6|B:9.7|B:10.1|B:10.10|B:11.2|B:11.9,7,2,5,0,1,1,0,1,0,0,0.41666666666666663,0.0,0.0,1,0
additive_head,4,221,0.5948653221130371,0.6368188596922469,0.04195353757920983,P:9.9|P:9.6|P:10.0|B:9.0|B:10.1|B:10.2|B:11.2|E:11.10,8,3,4,1,1,1,1,1,1,1,0.5,0.5,0.25,1,1
additive_head,4,1,0.19358167052268982,0.20559049312036182,0.012008822597671998,P:9.9,1,1,0,0,1,0,0,0,0,0,0.0,0.0,0.0,0,0
additive_head,4,53,-0.06579640507698059,-0.2604823621883099,-0.1946859571113293,P:10.0|B:10.2|B:11.9|E:11.10,4,1,2,1,1,1,1,1,1,1,0.08333333333333333,0.16666666666666666,0.125,0,0
additive_head,4,126,0.9073482155799866,0.9102158081614478,0.002867592581461187,P:9.9|P:10.0|B:10.1|B:10.2|E:10.7,5,2,2,1,1,1,1,1,1,1,0.16666666666666666,0.3333333333333333,0.125,1,0
additive_head,4,14,-2.1500723361968994,-1.550349847115139,0.5997224890817605,E:10.7|E:11.10,2,0,0,2,0,0,1,0,0,0,0.0,0.0,0.0,0,0
additive_head,4,40,0.43496954441070557,0.047365684672891595,-0.38760385973781397,B:9.0|B:10.1|B:10.6|B:10.10,4,0,4,0,0,1,0,0,0,0,0.0,0.0,0.0,0,0
additive_head,4,234,1.2642531394958496,1.6747035844874945,0.41045044499164485,P:9.9|P:9.6|P:10.0|B:9.0|B:9.7|B:10.1|B:10.2|B:10.6,8,3,5,0,1,1,0,1,0,0,0.625,0.0,0.0,1,1
additive_head,4,34,-0.45273491740226746,-0.1512126613709328,0.30152225603133465,B:9.7|B:10.1|B:10.2|B:10.10|B:11.9|E:10.7,6,0,5,1,0,1,1,0,0,1,0.0,0.0,0.3125,0,0
additive_head,4,99,0.8856487274169922,0.5216143447498316,-0.3640343826671606,P:9.6|P:10.0|B:9.0|B:9.7|B:10.1|B:10.2|B:10.6|B:10.10|B:11.2|B:11.9|E:11.10,11,2,8,1,1,1,1,1,1,1,0.6666666666666666,0.3333333333333333,0.5,1,0
additive_head,4,109,0.5982384085655212,0.5149797387993904,-0.08325866976613083,P:9.9|B:10.1|B:10.2|B:10.6|B:10.10|B:11.2|E:11.10,7,1,5,1,1,1,1,1,1,1,0.20833333333333331,0.16666666666666666,0.3125,0,0
additive_head,4,49,-0.5108466744422913,0.11874503010097692,0.6295917045432682,B:9.0|B:9.7|B:10.1|B:10.2|B:10.6|B:10.10|B:11.2|B:11.9|E:10.7,9,0,8,1,0,1,1,0,0,1,0.0,0.0,0.5,0,0
additive_head,4,127,0.24340668320655823,0.36897268791519733,0.1255660047086391,P:9.9|P:10.0|B:9.7|E:11.10,4,2,1,1,1,1,1,1,1,1,0.08333333333333333,0.3333333333333333,0.0625,1,0
additive_head,4,21,-2.092512369155884,-1.4165587596014315,0.6759536095544523,B:11.9|E:10.7|E:11.10,3,0,1,2,0,1,1,0,0,1,0.0,0.0,0.125,0,0
additive_head,4,227,1.6139283180236816,0.8355597503841183,-0.7783685676395633,P:9.9|P:9.6|P:10.0|B:9.0|B:9.7|B:10.6|B:10.10|B:11.2|B:11.9|E:10.7|E:11.10,11,3,6,2,1,1,1,1,1,1,0.75,1.0,0.75,1,1
additive_head,4,167,0.3539474606513977,0.165941029102447,-0.1880064315489507,P:9.9|P:9.6|B:9.0|B:11.9|E:10.7,5,2,2,1,1,1,1,1,1,1,0.16666666666666666,0.3333333333333333,0.125,1,0
additive_head,4,125,1.1199581623077393,1.277953845971305,0.15799568366356564,P:9.9|P:10.0|B:10.1|B:10.6|B:11.2|B:11.9,6,2,4,0,1,1,0,1,0,0,0.3333333333333333,0.0,0.0,1,0
additive_head,4,170,0.3828652501106262,0.7205366433099119,0.33767139319928563,P:9.9|P:9.6|B:9.0|B:10.1|B:10.6,5,2,3,0,1,1,0,1,0,0,0.25,0.0,0.0,1,0
additive_head,4,66,0.0925874263048172,-0.21265147902936343,-0.30523890533418063,P:9.6|B:10.1|B:10.2|B:11.9,4,1,3,0,1,1,0,1,0,0,0.125,0.0,0.0,0,0
additive_head,4,104,0.20134231448173523,0.06371626298644362,-0.1376260514952916,P:9.9|B:11.9|E:10.7,3,1,1,1,1,1,1,1,1,1,0.041666666666666664,0.16666666666666666,0.0625,0,0
additive_head,4,22,-0.9958476424217224,-1.2484246841297508,-0.2525770417080284,B:11.2|B:11.9|E:11.10,3,0,2,1,0,1,1,0,0,1,0.0,0.0,0.125,0,0
additive_head,4,46,-0.2302396595478058,-0.46218727345861343,-0.23194761391080765,B:9.0|B:9.7|B:10.1|B:10.2|B:10.10|B:11.2|B:11.9|E:11.10,8,0,7,1,0,1,1,0,0,1,0.0,0.0,0.4375,0,0
additive_head,4,111,-0.15740074217319489,-0.2272329220217313,-0.0698321798485364,P:9.9|B:9.7|B:10.6|E:10.7|E:11.10,5,1,2,2,1,1,1,1,1,1,0.08333333333333333,0.3333333333333333,0.25,0,0
additive_head,4,70,-1.6255607604980469,-0.9674254842363506,0.6581352762616963,P:9.6|B:9.0|B:10.1|B:10.2|B:11.9|E:10.7|E:11.10,7,1,4,2,1,1,1,1,1,1,0.16666666666666666,0.3333333333333333,0.5,0,0
additive_head,4,77,-1.3802261352539062,-0.8793900600570252,0.500836075196881,P:9.6|P:10.0|E:10.7|E:11.10,4,2,0,2,1,0,1,0,1,0,0.0,0.6666666666666666,0.0,1,0
additive_head,4,145,-0.9065220952033997,-0.3005876333180434,0.6059344618853563,P:9.9|P:9.6|E:11.10,3,2,0,1,1,0,1,0,1,0,0.0,0.3333333333333333,0.0,1,0
additive_head,4,207,1.186722993850708,0.6654816118354243,-0.5212413820152837,P:9.9|P:9.6|P:10.0|B:9.7|B:10.1|B:10.10|B:11.9|E:10.7|E:11.10,9,3,4,2,1,1,1,1,1,1,0.5,1.0,0.5,1,1
additive_head,4,189,0.566757321357727,0.30415812879982695,-0.2625991925579001,P:9.9|P:9.6|P:10.0|B:10.2|E:10.7|E:11.10,6,3,1,2,1,1,1,1,1,1,0.125,1.0,0.125,1,1
additive_head,4,20,2.3267788887023926,1.182468259633196,-1.1443106290691967,P:9.9|P:9.6|P:10.0|B:9.0|B:9.7|B:10.1|B:10.2|B:10.6|B:10.10|B:11.2|B:11.9|E:10.7|E:11.10,13,3,8,2,1,1,1,1,1,1,1.0,1.0,1.0,1,1
additive_head,4,175,0.43807387351989746,0.7823766110841172,0.3443027375642197,P:9.9|P:9.6|B:9.0|B:9.7|B:10.1|B:10.10,6,2,4,0,1,1,0,1,0,0,0.3333333333333333,0.0,0.0,1,0
additive_head,4,67,0.1194758415222168,-0.37256625805419996,-0.49204209957641676,P:9.6|B:9.7|B:10.2,3,1,2,0,1,1,0,1,0,0,0.08333333333333333,0.0,0.0,0,0
additive_head,4,121,0.8768311738967896,1.1518144477103267,0.27498327381353715,P:9.9|P:10.0|B:10.6,3,2,1,0,1,1,0,1,0,0,0.08333333333333333,0.0,0.0,1,0
additive_head,4,213,0.7374193072319031,1.25403921382633,0.516619906594427,P:9.9|P:9.6|P:10.0|B:9.0|B:10.6,5,3,2,0,1,1,0,1,0,0,0.25,0.0,0.0,1,1
additive_head,4,211,0.18796014785766602,0.12177627497148857,-0.06618387288617744,P:9.9|P:9.6|P:10.0|B:9.0|E:10.7|E:11.10,6,3,1,2,1,1,1,1,1,1,0.125,1.0,0.125,1,1
additive_head,4,133,1.7260209321975708,1.2221177236511107,-0.5039032085464601,P:9.9|P:10.0|B:9.7|B:10.1|B:10.2|B:10.6|B:10.10|B:11.2|E:11.10,9,2,6,1,1,1,1,1,1,1,0.5,0.3333333333333333,0.375,1,0
additive_head,4,161,0.4151726961135864,-0.03594974638008641,-0.45112244249367284,P:9.9|P:9.6|B:10.1|B:10.2|B:10.10|B:11.2|E:10.7|E:11.10,8,2,4,2,1,1,1,1,1,1,0.3333333333333333,0.6666666666666666,0.5,1,0
additive_head,4,65,-1.8147789239883423,-1.0723485318342925,0.7424303921540498,P:9.6|B:10.2|B:10.10|B:11.2|E:10.7|E:11.10,6,1,3,2,1,1,1,1,1,1,0.125,0.3333333333333333,0.375,0,0
additive_head,4,220,1.2591384649276733,0.8354235965574849,-0.42371486837018846,P:9.9|P:9.6|P:10.0|B:9.0|B:10.1|B:10.6|B:10.10|E:10.7|E:11.10,9,3,4,2,1,1,1,1,1,1,0.5,1.0,0.5,1,1
additive_head,4,47,0.18758109211921692,-0.04030667727755449,-0.2278877693967714,B:9.0|B:9.7|B:10.1|B:10.2|B:10.6|B:11.2,6,0,6,0,0,1,0,0,0,0,0.0,0.0,0.0,0,0
pb_occupancy_interaction,0,122,0.36294102668762207,0.6496625305348693,0.28672150384724726,P:9.9|P:10.0|B:10.6|E:11.10,4,2,1,1,1,1,1,1,1,1,0.08333333333333333,0.3333333333333333,0.0625,1,0
pb_occupancy_interaction,0,52,-1.6007912158966064,-0.8013651739576553,0.7994260419389512,P:10.0|B:10.2|E:10.7|E:11.10,4,1,1,2,1,1,1,1,1,1,0.041666666666666664,0.3333333333333333,0.125,0,0
pb_occupancy_interaction,0,169,0.7088131904602051,0.2644108537972526,-0.4444023366629525,P:9.9|P:9.6|B:9.0|B:10.2|B:10.6|B:10.10|B:11.2|B:11.9|E:10.7|E:11.10,10,2,6,2,1,1,1,1,1,1,0.5,0.6666666666666666,0.75,1,0
pb_occupancy_interaction,0,88,0.12008431553840637,-0.07009487725170244,-0.1901791927901088,P:9.6|P:10.0|B:9.7|B:10.6|B:11.2|B:11.9|E:11.10,7,2,4,1,1,1,1,1,1,1,0.3333333333333333,0.3333333333333333,0.25,1,0
pb_occupancy_interaction,0,162,0.49946871399879456,-0.029780401990126437,-0.529249115988921,P:9.9|P:9.6|B:10.1|B:10.2|B:10.6|E:10.7|E:11.10,7,2,3,2,1,1,1,1,1,1,0.25,0.6666666666666666,0.375,1,0
pb_occupancy_interaction,0,197,1.1613008975982666,0.6972355538612232,-0.46406534373704345,P:9.9|P:9.6|P:10.0|B:10.1|B:10.2|B:10.6|E:10.7|E:11.10,8,3,3,2,1,1,1,1,1,1,0.375,1.0,0.375,1,1
pb_occupancy_interaction,0,206,1.1710867881774902,0.7062686319665222,-0.464818156210968,P:9.9|P:9.6|P:10.0|B:9.7|B:10.2|B:10.6|E:10.7|E:11.10,8,3,3,2,1,1,1,1,1,1,0.375,1.0,0.375,1,1
pb_occupancy_interaction,0,225,1.2041503190994263,1.4508214592569302,0.2466711401575039,P:9.9|P:9.6|P:10.0|B:9.0|B:9.7|B:10.6|B:11.2|B:11.9,8,3,5,0,1,1,0,1,0,0,0.625,0.0,0.0,1,1
pb_occupancy_interaction,0,51,-0.7062481641769409,-0.6065324306466371,0.09971573353030383,P:10.0|B:11.2|E:10.7,3,1,1,1,1,1,1,1,1,1,0.041666666666666664,0.16666666666666666,0.0625,0,0
pb_occupancy_interaction,0,3,0.42918601632118225,-0.06650955540981596,-0.4956955717309982,P:10.0,1,1,0,0,1,0,0,0,0,0,0.0,0.0,0.0,0,0
pb_occupancy_interaction,0,68,-0.03323224559426308,-0.2977057803218423,-0.26447353472757923,P:9.6|B:9.7|B:10.1|B:10.10|B:11.2,5,1,4,0,1,1,0,1,0,0,0.16666666666666666,0.0,0.0,0,0
pb_occupancy_interaction,0,237,1.4893605709075928,2.295608257474935,0.806247686567342,P:9.9|P:9.6|P:10.0|B:9.0|B:9.7|B:10.1|B:10.2|B:10.6|B:10.10|B:11.9,10,3,7,0,1,1,0,1,0,0,0.875,0.0,0.0,1,1
pb_occupancy_interaction,0,32,-0.6199086308479309,-0.4293263714008295,0.1905822594471014,B:9.7|B:10.2|B:10.10|E:10.7,4,0,3,1,0,1,1,0,0,1,0.0,0.0,0.1875,0,0
pb_occupancy_interaction,0,134,0.43865135312080383,0.8581290485706412,0.4194776954498374,P:9.9|P:10.0|B:9.0|B:10.6|B:11.9|E:11.10,6,2,3,1,1,1,1,1,1,1,0.25,0.3333333333333333,0.1875,1,0
pb_occupancy_interaction,0,6,0.11284340918064117,-0.6622842152576662,-0.7751276244383074,B:10.1,1,0,1,0,0,1,0,0,0,0,0.0,0.0,0.0,0,0
pb_occupancy_interaction,0,149,0.47060713171958923,0.21044667409351603,-0.2601604576260732,P:9.9|P:9.6|B:10.10|E:10.7,4,2,1,1,1,1,1,1,1,1,0.08333333333333333,0.3333333333333333,0.0625,1,0
pb_occupancy_interaction,0,155,0.781094491481781,0.5989893770125475,-0.1821051144692335,P:9.9|P:9.6|B:10.2|B:10.6|B:10.10|B:11.2|E:10.7,7,2,4,1,1,1,1,1,1,1,0.3333333333333333,0.3333333333333333,0.25,1,0
pb_occupancy_interaction,0,218,0.63037109375,1.4152742671976237,0.7849031734476237,P:9.9|P:9.6|P:10.0|B:9.0|B:10.1|B:10.10,6,3,3,0,1,1,0,1,0,0,0.375,0.0,0.0,1,1
pb_occupancy_interaction,0,83,0.6069852113723755,0.4810429604099149,-0.1259422509624606,P:9.6|P:10.0|B:10.6|B:11.9,4,2,2,0,1,1,0,1,0,0,0.16666666666666666,0.0,0.0,1,0
pb_occupancy_interaction,0,201,0.5236175656318665,0.22414133073892417,-0.2994762348929423,P:9.9|P:9.6|P:10.0|B:9.7|B:11.2|B:11.9|E:10.7|E:11.10,8,3,3,2,1,1,1,1,1,1,0.375,1.0,0.375,1,1
pb_occupancy_interaction,0,96,0.8413466215133667,0.840295528270029,-0.0010510932433377418,P:9.6|P:10.0|B:9.0|B:9.7|B:10.2|B:10.6|B:10.10|B:11.2,8,2,6,0,1,1,0,1,0,0,0.5,0.0,0.0,1,0
pb_occupancy_interaction,0,89,0.003570057451725006,-0.26209706805946603,-0.26566712551119104,P:9.6|P:10.0|B:9.7|B:10.2|E:11.10,5,2,2,1,1,1,1,1,1,1,0.16666666666666666,0.3333333333333333,0.125,1,0
pb_occupancy_interaction,0,101,0.13574618101119995,-0.16222455725285823,-0.2979707382640582,P:9.9|E:10.7,2,1,0,1,1,0,1,0,1,0,0.0,0.16666666666666666,0.0,0,0
pb_occupancy_interaction,0,60,0.8043079972267151,0.7516131968834319,-0.05269480034328322,P:10.0|B:9.0|B:9.7|B:10.1|B:10.2|B:10.6|B:11.2|B:11.9,8,1,7,0,1,1,0,1,0,0,0.29166666666666663,0.0,0.0,0,0
pb_occupancy_interaction,0,222,2.0050816535949707,0.9195183629219708,-1.085563290673,P:9.9|P:9.6|P:10.0|B:9.0|B:10.1|B:10.2|B:10.6|B:10.10|B:11.2|E:10.7|E:11.10,11,3,6,2,1,1,1,1,1,1,0.75,1.0,0.75,1,1
pb_occupancy_interaction,0,76,-0.335871160030365,-0.5518144308151104,-0.2159432707847454,P:9.6|P:10.0|E:11.10,3,2,0,1,1,0,1,0,1,0,0.0,0.3333333333333333,0.0,1,0
pb_occupancy_interaction,0,144,-0.024949822574853897,0.23676917453653223,0.26171899711138613,P:9.9|P:9.6,2,2,0,0,1,0,0,0,0,0,0.0,0.0,0.0,1,0
pb_occupancy_interaction,0,84,-0.024493630975484848,0.30197285601062085,0.3264664869861057,P:9.6|P:10.0|B:10.6|B:10.10|E:10.7,5,2,2,1,1,1,1,1,1,1,0.16666666666666666,0.3333333333333333,0.125,1,0
pb_occupancy_interaction,0,215,0.6853510737419128,0.08587911662633418,-0.5994719571155787,P:9.9|P:9.6|P:10.0|B:9.0|B:10.2|B:11.2|E:10.7|E:11.10,8,3,3,2,1,1,1,1,1,1,0.375,1.0,0.375,1,1
pb_occupancy_interaction,0,24,-1.9099003076553345,-1.34075937243817,0.5691409352171646,B:10.6|E:10.7|E:11.10,3,0,1,2,0,1,1,0,0,1,0.0,0.0,0.125,0,0
pb_occupancy_interaction,0,136,0.7345575094223022,0.9922008970773954,0.2576433876550932,P:9.9|P:10.0|B:9.0|B:10.1,4,2,2,0,1,1,0,1,0,0,0.16666666666666666,0.0,0.0,1,0
pb_occupancy_interaction,0,171,0.448146253824234,-0.14456233894705983,-0.5927085927712938,P:9.9|P:9.6|B:9.0|B:10.1|B:10.2|B:10.10|B:11.2|E:10.7|E:11.10,9,2,5,2,1,1,1,1,1,1,0.41666666666666663,0.6666666666666666,0.625,1,0
pb_occupancy_interaction,0,69,-1.4318113327026367,-0.8072779756224707,0.624533357080166,P:9.6|B:9.7|B:10.1|B:10.2|B:10.6|B:11.2|B:11.9|E:10.7|E:11.10,9,1,6,2,1,1,1,1,1,1,0.25,0.3333333333333333,0.75,0,0
pb_occupancy_interaction,0,191,-0.00995168462395668,0.5015792463664608,0.5115309309904175,P:9.9|P:9.6|P:10.0|B:10.1|E:11.10,5,3,1,1,1,1,1,1,1,1,0.125,0.5,0.0625,1,1
pb_occupancy_interaction,0,235,1.4840984344482422,1.5787581399509982,0.09465970550275604,P:9.9|P:9.6|P:10.0|B:9.0|B:9.7|B:10.1|B:10.2|B:10.6|B:11.2,9,3,6,0,1,1,0,1,0,0,0.75,0.0,0.0,1,1
pb_occupancy_interaction,0,95,-1.1356269121170044,-0.7978789861181437,0.3377479259988607,P:9.6|P:10.0|B:9.0|B:9.7|E:10.7|E:11.10,6,2,2,2,1,1,1,1,1,1,0.16666666666666666,0.6666666666666666,0.25,1,0
pb_occupancy_interaction,0,87,-1.1586300134658813,-0.8031957614237839,0.35543425204209744,P:9.6|P:10.0|B:9.7|E:10.7|E:11.10,5,2,1,2,1,1,1,1,1,1,0.08333333333333333,0.6666666666666666,0.125,1,0
pb_occupancy_interaction,0,114,0.6210603713989258,0.5014474003923142,-0.11961297100661161,P:9.9|B:9.0|B:9.7|B:10.10|B:11.9|E:10.7,6,1,4,1,1,1,1,1,1,1,0.16666666666666666,0.16666666666666666,0.25,0,0
pb_occupancy_interaction,0,229,1.187390685081482,1.5958840144668476,0.40849332938536564,P:9.9|P:9.6|P:10.0|B:9.0|B:9.7|B:10.2|B:10.6,7,3,4,0,1,1,0,1,0,0,0.5,0.0,0.0,1,1
pb_occupancy_interaction,0,219,0.8841042518615723,1.7523390132153045,0.8682347613537322,P:9.9|P:9.6|P:10.0|B:9.0|B:10.1|B:10.6|B:10.10,7,3,4,0,1,1,0,1,0,0,0.5,0.0,0.0,1,1
pb_occupancy_interaction,0,217,1.5335161685943604,1.3326803755922207,-0.2008357930021396,P:9.9|P:9.6|P:10.0|B:9.0|B:10.2|B:10.6|B:10.10|B:11.2|B:11.9|E:11.10,10,3,6,1,1,1,1,1,1,1,0.75,0.5,0.375,1,1
pb_occupancy_interaction,0,4,0.0034867338836193085,-0.7882087359555254,-0.7916954698391447,B:9.0,1,0,1,0,0,1,0,0,0,0,0.0,0.0,0.0,0,0
pb_occupancy_interaction,0,130,1.2399502992630005,1.0432063368524676,-0.19674396241053294,P:9.9|P:10.0|B:9.7|B:10.2|B:10.6|B:11.2|E:10.7,7,2,4,1,1,1,1,1,1,1,0.3333333333333333,0.3333333333333333,0.25,1,0
pb_occupancy_interaction,0,228,1.137394905090332,1.3136018406599494,0.17620693556961742,P:9.9|P:9.6|P:10.0|B:9.0|B:9.7|B:10.2|B:11.2|B:11.9,8,3,5,0,1,1,0,1,0,0,0.625,0.0,0.0,1,1
pb_occupancy_interaction,0,128,1.0614135265350342,1.3329819458947347,0.27156841935970055,P:9.9|P:10.0|B:9.7|B:10.6,4,2,2,0,1,1,0,1,0,0,0.16666666666666666,0.0,0.0,1,0
pb_occupancy_interaction,0,15,0.35023680329322815,0.4403325840803921,0.09009578078716396,B:9.0|B:9.7|B:10.1|B:10.2|B:10.6|B:10.10|B:11.2|B:11.9,8,0,8,0,0,1,0,0,0,0,0.0,0.0,0.0,0,0
pb_occupancy_interaction,0,124,0.9045531749725342,1.5553670687763426,0.6508138938038084,P:9.9|P:10.0|B:10.1|B:10.10|B:11.9,5,2,3,0,1,1,0,1,0,0,0.25,0.0,0.0,1,0
pb_occupancy_interaction,0,93,0.3689282536506653,0.30864789873894416,-0.060280354911721123,P:9.6|P:10.0|B:9.0|B:10.6|B:10.10|B:11.9|E:11.10,7,2,4,1,1,1,1,1,1,1,0.3333333333333333,0.3333333333333333,0.25,1,0
pb_occupancy_interaction,1,50,-0.5812591910362244,-0.45980472845230835,0.12145446258391601,P:10.0|E:10.7,2,1,0,1,1,0,1,0,1,0,0.0,0.16666666666666666,0.0,0,0
pb_occupancy_interaction,1,106,-0.08755521476268768,-0.03778047717532951,0.049774737587358175,P:9.9|B:11.2,2,1,1,0,1,1,0,1,0,0,0.041666666666666664,0.0,0.0,0,0
pb_occupancy_interaction,1,230,1.7152396440505981,1.567601619886759,-0.1476380241638391,P:9.9|P:9.6|P:10.0|B:9.0|B:9.7|B:10.2|B:10.6|B:10.10|B:11.2|B:11.9|E:11.10,11,3,7,1,1,1,1,1,1,1,0.875,0.5,0.4375,1,1
pb_occupancy_interaction,1,160,0.060559697449207306,0.3980585762106802,0.3374988787614729,P:9.9|P:9.6|B:10.1|B:10.6|B:10.10|B:11.2|E:11.10,7,2,4,1,1,1,1,1,1,1,0.3333333333333333,0.3333333333333333,0.25,1,0
pb_occupancy_interaction,1,48,-1.0930901765823364,-0.290132677604096,0.8029574989782404,B:9.0|B:9.7|B:10.1|B:10.2|B:10.6|B:10.10|B:11.9|E:10.7|E:11.10,9,0,7,2,0,1,1,0,0,1,0.0,0.0,0.875,0,0
pb_occupancy_interaction,1,198,0.6584311127662659,1.0139311719471715,0.35550005918090566,P:9.9|P:9.6|P:10.0|B:9.7,4,3,1,0,1,1,0,1,0,0,0.125,0.0,0.0,1,1
pb_occupancy_interaction,1,168,0.2776085138320923,0.9351086947983939,0.6575001809663016,P:9.9|P:9.6|B:9.0|B:10.2|B:10.10|B:11.2|B:11.9,7,2,5,0,1,1,0,1,0,0,0.41666666666666663,0.0,0.0,1,0
pb_occupancy_interaction,1,64,-1.8848259449005127,-1.3855593570848874,0.4992665878156253,P:9.6|B:10.2|E:10.7|E:11.10,4,1,1,2,1,1,1,1,1,1,0.041666666666666664,0.3333333333333333,0.125,0,0
pb_occupancy_interaction,1,7,0.04607735201716423,-0.5829594162776829,-0.6290367682948471,B:10.2,1,0,1,0,0,1,0,0,0,0,0.0,0.0,0.0,0,0
pb_occupancy_interaction,1,75,0.32792341709136963,-0.026618424377557903,-0.35454184146892753,P:9.6|P:10.0,2,2,0,0,1,0,0,0,0,0,0.0,0.0,0.0,1,0
pb_occupancy_interaction,1,174,0.0011423192918300629,-0.24241828493637552,-0.24356060422820558,P:9.9|P:9.6|B:9.0|B:9.7|B:10.1|B:11.9|E:10.7|E:11.10,8,2,4,2,1,1,1,1,1,1,0.3333333333333333,0.6666666666666666,0.5,1,0
pb_occupancy_interaction,1,154,-0.12619715929031372,-0.37043914130737765,-0.24424198201706393,P:9.9|P:9.6|B:10.2|E:10.7|E:11.10,5,2,1,2,1,1,1,1,1,1,0.08333333333333333,0.6666666666666666,0.125,1,0
pb_occupancy_interaction,1,142,1.7428615093231201,2.060148376504216,0.317286867181096,P:9.9|P:10.0|B:9.0|B:9.7|B:10.1|B:10.2|B:10.6|B:10.10|B:11.2|B:11.9,10,2,8,0,1,1,0,1,0,0,0.6666666666666666,0.0,0.0,1,0
pb_occupancy_interaction,1,10,-0.3037194609642029,-0.9657355294653894,-0.6620160685011865,B:11.2,1,0,1,0,0,1,0,0,0,0,0.0,0.0,0.0,0,0
pb_occupancy_interaction,1,9,0.1278882622718811,-0.4267642788884363,-0.5546525411603174,B:10.10,1,0,1,0,0,1,0,0,0,0,0.0,0.0,0.0,0,0
pb_occupancy_interaction,1,177,-0.2263064682483673,0.4946768312134694,0.7209832994618367,P:9.9|P:9.6|P:10.0|E:11.10,4,3,0,1,1,0,1,0,1,0,0.0,0.5,0.0,1,1
pb_occupancy_interaction,1,36,0.2635531723499298,-0.37553572392531176,-0.6390888962752416,B:9.0|B:10.6|B:11.9,3,0,3,0,0,1,0,0,0,0,0.0,0.0,0.0,0,0
pb_occupancy_interaction,1,210,0.46982860565185547,0.8830933679894384,0.4132647623375829,P:9.9|P:9.6|P:10.0|B:9.0,4,3,1,0,1,1,0,1,0,0,0.125,0.0,0.0,1,1
pb_occupancy_interaction,1,138,1.0839468240737915,0.8298233917613005,-0.254123432312491,P:9.9|P:10.0|B:9.0|B:10.1|B:10.2|B:10.10|B:11.2|B:11.9|E:10.7|E:11.10,10,2,6,2,1,1,1,1,1,1,0.5,0.6666666666666666,0.75,1,0
pb_occupancy_interaction,1,141,1.28229558467865,1.1434651060354475,-0.13883047864320242,P:9.9|P:10.0|B:9.0|B:9.7|B:10.1|B:10.2|B:10.6|B:11.2|B:11.9|E:11.10,10,2,7,1,1,1,1,1,1,1,0.5833333333333333,0.3333333333333333,0.4375,1,0
pb_occupancy_interaction,1,120,0.7438116073608398,1.2184066947240488,0.474595087363209,P:9.9|P:10.0|B:10.10,3,2,1,0,1,1,0,1,0,0,0.08333333333333333,0.0,0.0,1,0
pb_occupancy_interaction,1,131,0.40003639459609985,0.3872526528383744,-0.012783741757725453,P:9.9|P:10.0|B:9.7|B:10.1|B:11.9|E:10.7|E:11.10,7,2,3,2,1,1,1,1,1,1,0.25,0.6666666666666666,0.375,1,0
pb_occupancy_interaction,1,30,-0.8866069912910461,-0.7576807357524449,0.12892625553860126,B:9.7|B:10.10|B:11.2|E:10.7,4,0,3,1,0,1,1,0,0,1,0.0,0.0,0.1875,0,0
pb_occupancy_interaction,1,193,0.6254175305366516,1.4287049780965022,0.8032874475598506,P:9.9|P:9.6|P:10.0|B:10.1|B:10.10,5,3,2,0,1,1,0,1,0,0,0.25,0.0,0.0,1,1
pb_occupancy_interaction,1,19,1.8685230016708374,2.1659366199749552,0.29741361830411783,P:9.9|P:9.6|P:10.0|B:9.0|B:9.7|B:10.1|B:10.2|B:10.6|B:10.10|B:11.2|B:11.9,11,3,8,0,1,1,0,1,0,0,1.0,0.0,0.0,1,1
pb_occupancy_interaction,1,204,1.4221220016479492,1.6017215467939208,0.17959954514597154,P:9.9|P:9.6|P:10.0|B:9.7|B:10.6|B:10.10|B:11.9|E:10.7,8,3,4,1,1,1,1,1,1,1,0.5,0.5,0.25,1,1
pb_occupancy_interaction,1,27,-2.05269718170166,-1.2083597318174548,0.8443374498842053,B:10.2|B:11.9|E:10.7|E:11.10,4,0,2,2,0,1,1,0,0,1,0.0,0.0,0.25,0,0
pb_occupancy_interaction,1,223,1.947177767753601,1.7259440153362746,-0.22123375241732646,P:9.9|P:9.6|P:10.0|B:9.0|B:10.1|B:10.2|B:10.6|B:10.10|B:11.2|B:11.9|E:10.7,11,3,7,1,1,1,1,1,1,1,0.875,0.5,0.4375,1,1
pb_occupancy_interaction,1,74,-0.022991657257080078,-0.0602244773114623,-0.03723282005438222,P:9.6|B:9.0|B:9.7|B:10.1|B:10.2|B:10.6|B:10.10|B:11.2|B:11.9|E:11.10,10,1,8,1,1,1,1,1,1,1,0.3333333333333333,0.16666666666666666,0.5,0,0
pb_occupancy_interaction,1,208,0.6361530423164368,0.8912794245554426,0.25512638223900586,P:9.9|P:9.6|P:10.0|B:9.7|B:10.1|B:10.2|E:11.10,7,3,3,1,1,1,1,1,1,1,0.375,0.5,0.1875,1,1
pb_occupancy_interaction,1,224,0.5285061001777649,0.6822574314607109,0.15375133128294605,P:9.9|P:9.6|P:10.0|B:9.0|B:9.7|B:10.6|B:11.2|E:11.10,8,3,4,1,1,1,1,1,1,1,0.5,0.5,0.25,1,1
pb_occupancy_interaction,1,173,0.6124219298362732,0.21624226797270296,-0.39617966186357023,P:9.9|P:9.6|B:9.0|B:9.7|B:10.2|B:10.6|B:11.9|E:10.7|E:11.10,9,2,5,2,1,1,1,1,1,1,0.41666666666666663,0.6666666666666666,0.625,1,0
pb_occupancy_interaction,1,18,0.16123811900615692,0.16727877060945806,0.006040651603301139,P:9.9|P:9.6|P:10.0|E:10.7|E:11.10,5,3,0,2,1,0,1,0,1,0,0.0,1.0,0.0,1,1
pb_occupancy_interaction,1,11,0.04421548917889595,-0.6537998839200007,-0.6980153730988966,B:11.9,1,0,1,0,0,1,0,0,0,0,0.0,0.0,0.0,0,0
pb_occupancy_interaction,1,187,0.8978749513626099,1.0817311075355878,0.1838561561729779,P:9.9|P:9.6|P:10.0|B:10.6|B:11.2,5,3,2,0,1,1,0,1,0,0,0.25,0.0,0.0,1,1
pb_occupancy_interaction,1,151,0.27609238028526306,0.4806281265078292,0.20453574622256615,P:9.9|P:9.6|B:10.6,3,2,1,0,1,1,0,1,0,0,0.08333333333333333,0.0,0.0,1,0
pb_occupancy_interaction,1,157,0.37768739461898804,-0.03876731411222056,-0.4164547087312086,P:9.9|P:9.6|B:10.1|E:10.7,4,2,1,1,1,1,1,1,1,1,0.08333333333333333,0.3333333333333333,0.0625,1,0
pb_occupancy_interaction,1,59,0.9626399278640747,0.4716196178460473,-0.49102031001802743,P:10.0|B:9.0|B:9.7|B:10.1|B:10.6|B:11.9,6,1,5,0,1,1,0,1,0,0,0.20833333333333331,0.0,0.0,0,0
pb_occupancy_interaction,1,103,0.2608196437358856,0.27415516837005915,0.013335524634173535,P:9.9|B:11.9,2,1,1,0,1,1,0,1,0,0,0.041666666666666664,0.0,0.0,0,0
pb_occupancy_interaction,1,156,0.08269024640321732,0.28863074649179066,0.20594050008857334,P:9.9|P:9.6|B:10.1,3,2,1,0,1,1,0,1,0,0,0.08333333333333333,0.0,0.0,1,0
pb_occupancy_interaction,1,123,0.7120844125747681,0.4565474234447986,-0.25553698912996947,P:9.9|P:10.0|B:10.1|B:11.2|E:10.7,5,2,2,1,1,1,1,1,1,1,0.16666666666666666,0.3333333333333333,0.125,1,0
pb_occupancy_interaction,1,78,-1.3243666887283325,-0.7391839034047798,0.5851827853235527,P:9.6|P:10.0|B:11.9|E:10.7|E:11.10,5,2,1,2,1,1,1,1,1,1,0.08333333333333333,0.6666666666666666,0.125,1,0
pb_occupancy_interaction,1,115,0.6769262552261353,1.046425035264038,0.3694987800379028,P:9.9|B:9.0|B:9.7|B:10.1|B:10.2|B:10.10|B:11.2|B:11.9,8,1,7,0,1,1,0,1,0,0,0.29166666666666663,0.0,0.0,0,0
pb_occupancy_interaction,1,81,-0.23705950379371643,-0.01832333818673293,0.2187361656069835,P:9.6|P:10.0|B:10.10|E:10.7,4,2,1,1,1,1,1,1,1,1,0.08333333333333333,0.3333333333333333,0.0625,1,0
pb_occupancy_interaction,1,58,0.9003594517707825,1.0485465569867034,0.14818710521592093,P:10.0|B:9.0|B:10.1|B:10.2|B:10.6|B:10.10|B:11.9,7,1,6,0,1,1,0,1,0,0,0.25,0.0,0.0,0,0
pb_occupancy_interaction,1,8,0.2057855874300003,-0.5531151692529699,-0.7589007566829702,B:10.6,1,0,1,0,0,1,0,0,0,0,0.0,0.0,0.0,0,0
pb_occupancy_interaction,1,212,0.9004754424095154,0.4395823670907604,-0.460893075318755,P:9.9|P:9.6|P:10.0|B:9.0|B:11.2|E:10.7,6,3,2,1,1,1,1,1,1,1,0.25,0.5,0.125,1,1
pb_occupancy_interaction,1,119,0.09514226019382477,0.4975461295060022,0.4024038693121774,P:9.9|P:10.0|B:11.9|E:11.10,4,2,1,1,1,1,1,1,1,1,0.08333333333333333,0.3333333333333333,0.0625,1,0
pb_occupancy_interaction,2,163,-0.5653444528579712,-0.01433601522231076,0.5510084376356604,P:9.9|P:9.6|B:9.7|B:10.2|B:11.2|E:11.10,6,2,3,1,1,1,1,1,1,1,0.25,0.3333333333333333,0.1875,1,0
pb_occupancy_interaction,2,35,0.04845794662833214,-0.5962267143842815,-0.6446846610126137,B:9.0|B:11.9,2,0,2,0,0,1,0,0,0,0,0.0,0.0,0.0,0,0
pb_occupancy_interaction,2,140,1.296229362487793,0.8000942814653844,-0.49613508102240855,P:9.9|P:10.0|B:9.0|B:9.7|B:10.1|B:10.2|B:10.10|B:11.2|B:11.9|E:10.7|E:11.10,11,2,7,2,1,1,1,1,1,1,0.5833333333333333,0.6666666666666666,0.875,1,0
pb_occupancy_interaction,2,26,-0.9894403219223022,-0.7821277021459927,0.20731261977630955,B:10.2|E:10.7,2,0,1,1,0,1,1,0,0,1,0.0,0.0,0.0625,0,0
pb_occupancy_interaction,2,152,-0.1534038931131363,-0.35798488641399506,-0.20458099330085877,P:9.9|P:9.6|B:10.6|E:10.7|E:11.10,5,2,1,2,1,1,1,1,1,1,0.08333333333333333,0.6666666666666666,0.125,1,0
pb_occupancy_interaction,2,179,0.8624302744865417,0.6352228416152546,-0.2272074328712872,P:9.9|P:9.6|P:10.0|B:11.9|E:10.7,5,3,1,1,1,1,1,1,1,1,0.125,0.5,0.0625,1,1
pb_occupancy_interaction,2,86,-0.13070634007453918,-0.588624517126973,-0.45791817705243376,P:9.6|P:10.0|B:10.1|E:11.10,4,2,1,1,1,1,1,1,1,1,0.08333333333333333,0.3333333333333333,0.0625,1,0
pb_occupancy_interaction,2,238,2.2124011516571045,1.0617582151349092,-1.1506429365221953,P:9.9|P:9.6|P:10.0|B:9.0|B:9.7|B:10.1|B:10.2|B:10.6|B:10.10|B:11.2|E:10.7|E:11.10,12,3,7,2,1,1,1,1,1,1,0.875,1.0,0.875,1,1
pb_occupancy_interaction,2,55,0.44097352027893066,-0.23635928147500307,-0.6773328017539337,P:10.0|B:9.0,2,1,1,0,1,1,0,1,0,0,0.041666666666666664,0.0,0.0,0,0
pb_occupancy_interaction,2,195,1.2756190299987793,0.6278651048864119,-0.6477539251123674,P:9.9|P:9.6|P:10.0|B:10.1|B:10.2|B:10.10|E:10.7|E:11.10,8,3,3,2,1,1,1,1,1,1,0.375,1.0,0.375,1,1
pb_occupancy_interaction,2,112,0.874880850315094,0.8194643750238094,-0.05541647529128457,P:9.9|B:9.7|B:10.1|B:10.2|B:10.6|B:10.10|B:11.2|B:11.9|E:11.10,9,1,7,1,1,1,1,1,1,1,0.29166666666666663,0.16666666666666666,0.4375,0,0
pb_occupancy_interaction,2,188,0.19750064611434937,0.5136197046784422,0.31611905856409284,P:9.9|P:9.6|P:10.0|B:10.2|E:11.10,5,3,1,1,1,1,1,1,1,1,0.125,0.5,0.0625,1,1
pb_occupancy_interaction,2,72,0.32262489199638367,-0.1550553010815917,-0.4776801930779754,P:9.6|B:9.0|B:9.7|B:10.6|B:11.9,5,1,4,0,1,1,0,1,0,0,0.16666666666666666,0.0,0.0,0,0
pb_occupancy_interaction,2,25,-0.6552460789680481,-1.0253094107506358,-0.37006333178258766,B:10.2|E:11.10,2,0,1,1,0,1,1,0,0,1,0.0,0.0,0.0625,0,0
pb_occupancy_interaction,2,39,-1.9024442434310913,-1.2232390781452769,0.6792051652858144,B:9.0|B:10.1|B:10.10|B:11.2|E:10.7|E:11.10,6,0,4,2,0,1,1,0,0,1,0.0,0.0,0.5,0,0
pb_occupancy_interaction,2,192,0.3790181577205658,0.046406805048280986,-0.3326113526722848,P:9.9|P:9.6|P:10.0|B:10.1|E:10.7|E:11.10,6,3,1,2,1,1,1,1,1,1,0.125,1.0,0.125,1,1
pb_occupancy_interaction,2,100,-0.21319368481636047,0.2762466042199728,0.4894402890363333,P:9.6|P:10.0|B:9.0|B:9.7|B:10.1|B:10.2|B:10.6|B:10.10|B:11.2|B:11.9|E:10.7|E:11.10,12,2,8,2,1,1,1,1,1,1,0.6666666666666666,0.6666666666666666,1.0,1,0
pb_occupancy_interaction,2,132,0.789038896560669,0.6464129744416706,-0.14262592211899838,P:9.9|P:10.0|B:9.7|B:10.1|B:10.2|B:11.2|E:11.10,7,2,4,1,1,1,1,1,1,1,0.3333333333333333,0.3333333333333333,0.25,1,0
pb_occupancy_interaction,2,226,1.4540021419525146,1.4075153420135487,-0.046486799938965984,P:9.9|P:9.6|P:10.0|B:9.0|B:9.7|B:10.6|B:10.10|B:11.9|E:10.7,9,3,5,1,1,1,1,1,1,1,0.625,0.5,0.3125,1,1
pb_occupancy_interaction,2,216,1.3256909847259521,1.0946319491343681,-0.23105903559158403,P:9.9|P:9.6|P:10.0|B:9.0|B:10.2|B:10.6|E:10.7,7,3,3,1,1,1,1,1,1,1,0.375,0.5,0.1875,1,1
pb_occupancy_interaction,2,184,0.9177335500717163,0.35384480581659017,-0.5638887442551261,P:9.9|P:9.6|P:10.0|B:10.10|B:11.2|B:11.9|E:10.7|E:11.10,8,3,3,2,1,1,1,1,1,1,0.375,1.0,0.375,1,1
pb_occupancy_interaction,2,33,-1.4734752178192139,-0.7557487426518572,0.7177264751673567,B:9.7|B:10.1|B:10.6|B:10.10|B:11.2|E:10.7|E:11.10,7,0,5,2,0,1,1,0,0,1,0.0,0.0,0.625,0,0
pb_occupancy_interaction,2,107,0.5038124322891235,0.22876650784472619,-0.27504592444439735,P:9.9|B:10.1|B:10.6|E:10.7,4,1,2,1,1,1,1,1,1,1,0.08333333333333333,0.16666666666666666,0.125,0,0
pb_occupancy_interaction,2,165,0.0528549998998642,-0.14435894814266625,-0.19721394804253045,P:9.9|P:9.6|B:9.7|B:10.1|B:10.6|B:11.2|E:10.7|E:11.10,8,2,4,2,1,1,1,1,1,1,0.3333333333333333,0.6666666666666666,0.5,1,0
pb_occupancy_interaction,2,43,0.25424113869667053,0.1405468533446581,-0.11369428535201243,B:9.0|B:9.7|B:10.6|B:10.10|B:11.2|B:11.9,6,0,6,0,0,1,0,0,0,0,0.0,0.0,0.0,0,0
pb_occupancy_interaction,2,71,-1.9208564758300781,-1.119423621334811,0.8014328544952671,P:9.6|B:9.0|B:10.1|B:10.2|B:11.2|B:11.9|E:10.7|E:11.10,8,1,5,2,1,1,1,1,1,1,0.20833333333333331,0.3333333333333333,0.625,0,0
pb_occupancy_interaction,2,102,-0.7290076017379761,-0.6682153617915934,0.06079223994638272,P:9.9|E:10.7|E:11.10,3,1,0,2,1,0,1,0,1,0,0.0,0.3333333333333333,0.0,0,0
pb_occupancy_interaction,2,196,1.602601408958435,0.749345442906916,-0.8532559660515191,P:9.9|P:9.6|P:10.0|B:10.1|B:10.2|B:10.10|B:11.2|B:11.9|E:10.7|E:11.10,10,3,5,2,1,1,1,1,1,1,0.625,1.0,0.625,1,1
pb_occupancy_interaction,2,214,1.3109846115112305,0.5353166401194922,-0.7756679713917383,P:9.9|P:9.6|P:10.0|B:9.0|B:10.6|B:10.10|B:11.2|E:10.7|E:11.10,9,3,4,2,1,1,1,1,1,1,0.5,1.0,0.5,1,1
pb_occupancy_interaction,2,13,-0.7300630211830139,-1.3032466839668473,-0.5731836627838334,E:11.10,1,0,0,1,0,0,1,0,0,0,0.0,0.0,0.0,0,0
pb_occupancy_interaction,2,232,1.248700737953186,0.5774059233515654,-0.6712948146016207,P:9.9|P:9.6|P:10.0|B:9.0|B:9.7|B:10.1|B:10.2|B:11.2|B:11.9|E:10.7|E:11.10,11,3,6,2,1,1,1,1,1,1,0.75,1.0,0.75,1,1
pb_occupancy_interaction,2,231,1.8862351179122925,0.9401796434670788,-0.9460554744452137,P:9.9|P:9.6|P:10.0|B:9.0|B:9.7|B:10.1|B:10.6|B:10.10|B:11.2|B:11.9|E:10.7|E:11.10,12,3,7,2,1,1,1,1,1,1,0.875,1.0,0.875,1,1
pb_occupancy_interaction,2,150,0.007378906011581421,-0.3916538265018813,-0.3990327325134627,P:9.9|P:9.6|B:10.10|E:10.7|E:11.10,5,2,1,2,1,1,1,1,1,1,0.08333333333333333,0.6666666666666666,0.125,1,0
pb_occupancy_interaction,2,73,-0.7453505396842957,-0.31289332655011737,0.4324572131341783,P:9.6|B:9.0|B:9.7|B:10.1|B:10.2|B:10.6|B:10.10|B:11.9|E:10.7|E:11.10,10,1,7,2,1,1,1,1,1,1,0.29166666666666663,0.3333333333333333,0.875,0,0
pb_occupancy_interaction,2,147,-0.8010349869728088,-0.7300532166516777,0.07098177032113118,P:9.9|P:9.6|B:11.2|E:10.7|E:11.10,5,2,1,2,1,1,1,1,1,1,0.08333333333333333,0.6666666666666666,0.125,1,0
pb_occupancy_interaction,2,202,1.0955003499984741,0.9133261046138843,-0.18217424538458982,P:9.9|P:9.6|P:10.0|B:9.7|B:10.10|E:10.7,6,3,2,1,1,1,1,1,1,1,0.25,0.5,0.125,1,1
pb_occupancy_interaction,2,12,-1.0317822694778442,-1.0600649753622042,-0.028282705884359993,E:10.7,1,0,0,1,0,0,1,0,0,0,0.0,0.0,0.0,0,0
pb_occupancy_interaction,2,82,-0.03239645063877106,-0.3689979142912816,-0.33660146365251054,P:9.6|P:10.0|B:10.6|E:11.10,4,2,1,1,1,1,1,1,1,1,0.08333333333333333,0.3333333333333333,0.0625,1,0
pb_occupancy_interaction,2,31,-0.23759472370147705,-0.5664731162379075,-0.3288783925364305,B:9.7|B:10.6|B:10.10|B:11.2|E:11.10,5,0,4,1,0,1,1,0,0,1,0.0,0.0,0.25,0,0
pb_occupancy_interaction,2,153,0.2724653482437134,0.4396221092731817,0.1671567610294683,P:9.9|P:9.6|B:10.2,3,2,1,0,1,1,0,1,0,0,0.08333333333333333,0.0,0.0,1,0
pb_occupancy_interaction,2,29,-2.157961845397949,-1.5140230998576967,0.6439387455402525,B:9.7|B:11.2|E:10.7|E:11.10,4,0,2,2,0,1,1,0,0,1,0.0,0.0,0.25,0,0
pb_occupancy_interaction,2,172,0.1690041422843933,0.5363252528118738,0.3673211105274805,P:9.9|P:9.6|B:9.0|B:9.7|B:10.2|B:11.2,6,2,4,0,1,1,0,1,0,0,0.3333333333333333,0.0,0.0,1,0
pb_occupancy_interaction,2,118,-0.1109267920255661,-0.04419706749362606,0.06672972453194004,P:9.9|P:10.0|E:10.7|E:11.10,4,2,0,2,1,0,1,0,1,0,0.0,0.6666666666666666,0.0,1,0
pb_occupancy_interaction,2,186,0.5278505086898804,0.26603340788397223,-0.26181710080590814,P:9.9|P:9.6|P:10.0|B:10.6|E:10.7|E:11.10,6,3,1,2,1,1,1,1,1,1,0.125,1.0,0.125,1,1
pb_occupancy_interaction,2,79,-1.4608746767044067,-1.0479052348170281,0.4129694418873786,P:9.6|P:10.0|B:11.2|E:10.7|E:11.10,5,2,1,2,1,1,1,1,1,1,0.08333333333333333,0.6666666666666666,0.125,1,0
pb_occupancy_interaction,2,139,1.4784176349639893,1.7068442978824891,0.2284266629184999,P:9.9|P:10.0|B:9.0|B:10.1|B:10.2|B:10.6|B:10.10|B:11.2,8,2,6,0,1,1,0,1,0,0,0.5,0.0,0.0,1,0
pb_occupancy_interaction,2,178,0.7855501174926758,0.5866562999071812,-0.19889381758549463,P:9.9|P:9.6|P:10.0|E:10.7,4,3,0,1,1,0,1,0,1,0,0.0,0.5,0.0,1,1
pb_occupancy_interaction,2,16,-1.3794432878494263,-0.32081219874578704,1.0586310891036392,B:9.0|B:9.7|B:10.1|B:10.2|B:10.6|B:10.10|B:11.2|B:11.9|E:10.7|E:11.10,10,0,8,2,0,1,1,0,0,1,0.0,0.0,1.0,0,0
pb_occupancy_interaction,3,110,0.5567262768745422,0.464446721974059,-0.09227955490048323,P:9.9|B:9.7|B:10.10,3,1,2,0,1,1,0,1,0,0,0.08333333333333333,0.0,0.0,0,0
pb_occupancy_interaction,3,116,0.6422114372253418,0.9225543577585448,0.280342920533203,P:9.9|P:10.0,2,2,0,0,1,0,0,0,0,0,0.0,0.0,0.0,1,0
pb_occupancy_interaction,3,199,-0.008658107370138168,0.4190757934228445,0.4277339007929827,P:9.9|P:9.6|P:10.0|B:9.7|E:11.10,5,3,1,1,1,1,1,1,1,1,0.125,0.5,0.0625,1,1
pb_occupancy_interaction,3,236,1.351872205734253,1.2977490350990206,-0.05412317063523231,P:9.9|P:9.6|P:10.0|B:9.0|B:9.7|B:10.1|B:10.2|B:10.6|B:11.2|B:11.9|E:11.10,11,3,7,1,1,1,1,1,1,1,0.875,0.5,0.4375,1,1
pb_occupancy_interaction,3,176,0.476146936416626,0.5818635360198332,0.10571659960320723,P:9.9|P:9.6|B:9.0|B:9.7|B:10.1|B:10.2|B:10.6|B:11.9|E:11.10,9,2,6,1,1,1,1,1,1,1,0.5,0.3333333333333333,0.375,1,0
pb_occupancy_interaction,3,185,0.725487232208252,1.2854746015336187,0.5599873693253667,P:9.9|P:9.6|P:10.0|B:10.6,4,3,1,0,1,1,0,1,0,0,0.125,0.0,0.0,1,1
pb_occupancy_interaction,3,158,-0.325837641954422,-0.5483971722172811,-0.22255953026285913,P:9.9|P:9.6|B:10.1|E:10.7|E:11.10,5,2,1,2,1,1,1,1,1,1,0.08333333333333333,0.6666666666666666,0.125,1,0
pb_occupancy_interaction,3,2,-0.1576346457004547,-0.6970649168442286,-0.5394302711437738,P:9.6,1,1,0,0,1,0,0,0,0,0,0.0,0.0,0.0,0,0
pb_occupancy_interaction,3,209,1.248810052871704,1.641186350851842,0.39237629798013796,P:9.9|P:9.6|P:10.0|B:9.7|B:10.1|B:10.2|B:10.6,7,3,4,0,1,1,0,1,0,0,0.5,0.0,0.0,1,1
pb_occupancy_interaction,3,92,-0.4412705600261688,-0.6518568948220873,-0.21058633479591848,P:9.6|P:10.0|B:9.0|B:11.2|E:11.10,5,2,2,1,1,1,1,1,1,1,0.16666666666666666,0.3333333333333333,0.125,1,0
pb_occupancy_interaction,3,98,1.0093169212341309,1.1456205234397223,0.13630360220559146,P:9.6|P:10.0|B:9.0|B:9.7|B:10.1|B:10.2|B:10.6|B:10.10|B:11.2|B:11.9,10,2,8,0,1,1,0,1,0,0,0.6666666666666666,0.0,0.0,1,0
pb_occupancy_interaction,3,105,-0.6707934737205505,-0.5661231639784177,0.10467030974213287,P:9.9|B:11.9|E:10.7|E:11.10,4,1,1,2,1,1,1,1,1,1,0.041666666666666664,0.3333333333333333,0.125,0,0
pb_occupancy_interaction,3,205,1.3846073150634766,1.0695804550625732,-0.3150268600009034,P:9.9|P:9.6|P:10.0|B:9.7|B:10.2|B:11.2|B:11.9|E:10.7,8,3,4,1,1,1,1,1,1,1,0.5,0.5,0.25,1,1
pb_occupancy_interaction,3,200,0.39837050437927246,0.1221857849472765,-0.27618471943199596,P:9.9|P:9.6|P:10.0|B:9.7|E:10.7|E:11.10,6,3,1,2,1,1,1,1,1,1,0.125,1.0,0.125,1,1
pb_occupancy_interaction,3,23,-0.822664737701416,-0.7321394478841754,0.09052528981724062,B:10.6|E:10.7,2,0,1,1,0,1,1,0,0,1,0.0,0.0,0.0625,0,0
pb_occupancy_interaction,3,56,-0.4917997121810913,-0.23268079935775154,0.25911891282333976,P:10.0|B:9.0|B:10.1|B:11.2|B:11.9|E:10.7,6,1,4,1,1,1,1,1,1,1,0.16666666666666666,0.16666666666666666,0.25,0,0
pb_occupancy_interaction,3,159,0.029253222048282623,0.6251542926394698,0.5959010705911871,P:9.9|P:9.6|B:10.1|B:10.10|B:11.2,5,2,3,0,1,1,0,1,0,0,0.25,0.0,0.0,1,0
pb_occupancy_interaction,3,239,2.1244568824768066,1.8726949011215783,-0.2517619813552283,P:9.9|P:9.6|P:10.0|B:9.0|B:9.7|B:10.1|B:10.2|B:10.6|B:10.10|B:11.2|B:11.9|E:10.7,12,3,8,1,1,1,1,1,1,1,1.0,0.5,0.5,1,1
pb_occupancy_interaction,3,63,-1.987991452217102,-1.5376865184820094,0.4503049337350926,P:9.6|E:10.7|E:11.10,3,1,0,2,1,0,1,0,1,0,0.0,0.3333333333333333,0.0,0,0
pb_occupancy_interaction,3,90,0.6627393364906311,0.22658253995610533,-0.43615679653452577,P:9.6|P:10.0|B:9.7|B:10.1|B:11.9,5,2,3,0,1,1,0,1,0,0,0.25,0.0,0.0,1,0
pb_occupancy_interaction,3,85,0.31950289011001587,0.2879527861428761,-0.03155010396713975,P:9.6|P:10.0|B:10.2|B:11.2|B:11.9,5,2,3,0,1,1,0,1,0,0,0.25,0.0,0.0,1,0
pb_occupancy_interaction,3,181,0.5778552293777466,0.9130796772302734,0.3352244478525268,P:9.9|P:9.6|P:10.0|B:11.2,4,3,1,0,1,1,0,1,0,0,0.125,0.0,0.0,1,1
pb_occupancy_interaction,3,146,-0.30595070123672485,0.20201976003414313,0.507970461270868,P:9.9|P:9.6|B:11.2,3,2,1,0,1,1,0,1,0,0,0.08333333333333333,0.0,0.0,1,0
pb_occupancy_interaction,3,117,0.02911713346838951,0.3788227645963319,0.3497056311279424,P:9.9|P:10.0|E:11.10,3,2,0,1,1,0,1,0,1,0,0.0,0.3333333333333333,0.0,1,0
pb_occupancy_interaction,3,143,1.8553862571716309,1.5104482876841523,-0.34493796948747857,P:9.9|P:10.0|B:9.0|B:9.7|B:10.1|B:10.2|B:10.6|B:10.10|B:11.2|B:11.9|E:11.10,11,2,8,1,1,1,1,1,1,1,0.6666666666666666,0.3333333333333333,0.5,1,0
pb_occupancy_interaction,3,233,1.394734501838684,1.5996551151516858,0.2049206133130017,P:9.9|P:9.6|P:10.0|B:9.0|B:9.7|B:10.1|B:10.2|B:10.10|B:11.2,9,3,6,0,1,1,0,1,0,0,0.75,0.0,0.0,1,1
pb_occupancy_interaction,3,97,-0.00730687752366066,0.143405727441839,0.15071260496549965,P:9.6|P:10.0|B:9.0|B:9.7|B:10.1|B:10.2|B:11.2|B:11.9|E:10.7,9,2,6,1,1,1,1,1,1,1,0.5,0.3333333333333333,0.375,1,0
pb_occupancy_interaction,3,80,0.42400962114334106,0.21239399052570518,-0.21161563061763589,P:9.6|P:10.0|B:10.10,3,2,1,0,1,1,0,1,0,0,0.08333333333333333,0.0,0.0,1,0
pb_occupancy_interaction,3,203,1.000139594078064,1.668132174107373,0.667992580029309,P:9.9|P:9.6|P:10.0|B:9.7|B:10.6|B:10.10,6,3,3,0,1,1,0,1,0,0,0.375,0.0,0.0,1,1
pb_occupancy_interaction,3,182,-0.11927510797977448,0.3693480840680605,0.488623192047835,P:9.9|P:9.6|P:10.0|B:11.2|E:11.10,5,3,1,1,1,1,1,1,1,1,0.125,0.5,0.0625,1,1
pb_occupancy_interaction,3,17,0.46300008893013,1.0379593865093257,0.5749592975791957,P:9.9|P:9.6|P:10.0,3,3,0,0,1,0,0,0,0,0,0.0,0.0,0.0,1,1
pb_occupancy_interaction,3,108,-0.3236079812049866,-0.1559584037984687,0.16764957740651787,P:9.9|B:10.1|B:10.2|B:11.2|E:11.10,5,1,3,1,1,1,1,1,1,1,0.125,0.16666666666666666,0.1875,0,0
pb_occupancy_interaction,3,44,0.41070446372032166,-0.33202271448456566,-0.7427271782048873,B:9.0|B:9.7|B:10.1|B:10.10,4,0,4,0,0,1,0,0,0,0,0.0,0.0,0.0,0,0
pb_occupancy_interaction,3,148,-0.35026711225509644,-0.01843313367521382,0.3318339785798826,P:9.9|P:9.6|B:10.10|E:11.10,4,2,1,1,1,1,1,1,1,1,0.08333333333333333,0.3333333333333333,0.0625,1,0
pb_occupancy_interaction,3,5,0.18057629466056824,-0.7579166543571686,-0.9384929490177368,B:9.7,1,0,1,0,0,1,0,0,0,0,0.0,0.0,0.0,0,0
pb_occupancy_interaction,3,129,0.7628957629203796,0.5901294691938663,-0.1727662937265133,P:9.9|P:10.0|B:9.7|B:10.2|B:10.6|E:10.7|E:11.10,7,2,3,2,1,1,1,1,1,1,0.25,0.6666666666666666,0.375,1,0
pb_occupancy_interaction,3,194,1.2136534452438354,1.1052318332110886,-0.1084216120327468,P:9.9|P:9.6|P:10.0|B:10.1|B:10.2|B:11.9|E:10.7,7,3,3,1,1,1,1,1,1,1,0.375,0.5,0.1875,1,1
pb_occupancy_interaction,3,42,-0.463800311088562,-0.7732496887740768,-0.30944937768551484,B:9.0|B:9.7|B:10.10|B:11.2|B:11.9|E:11.10,6,0,5,1,0,1,1,0,0,1,0.0,0.0,0.3125,0,0
pb_occupancy_interaction,3,183,0.8049454092979431,1.2411839585661864,0.43623854926824324,P:9.9|P:9.6|P:10.0|B:10.10|B:11.2,5,3,2,0,1,1,0,1,0,0,0.25,0.0,0.0,1,1
pb_occupancy_interaction,3,28,0.2634905278682709,-0.18320720617871433,-0.4466977340469852,B:10.1|B:10.2|B:10.10,3,0,3,0,0,1,0,0,0,0,0.0,0.0,0.0,0,0
pb_occupancy_interaction,3,45,-0.5084518790245056,-0.05415734663161609,0.4542945323928895,B:9.0|B:9.7|B:10.1|B:10.6|B:10.10|B:11.2|B:11.9|E:10.7,8,0,7,1,0,1,1,0,0,1,0.0,0.0,0.4375,0,0
pb_occupancy_interaction,3,61,-1.0373321771621704,-0.13851038828475265,0.8988217888774177,P:10.0|B:9.0|B:9.7|B:10.1|B:10.2|B:10.6|B:11.2|B:11.9|E:10.7|E:11.10,10,1,7,2,1,1,1,1,1,1,0.29166666666666663,0.3333333333333333,0.875,0,0
pb_occupancy_interaction,3,94,-0.4975939989089966,0.044317423753131635,0.5419114226621282,P:9.6|P:10.0|B:9.0|B:10.1|B:10.6|B:10.10|B:11.2|B:11.9|E:10.7|E:11.10,10,2,6,2,1,1,1,1,1,1,0.5,0.6666666666666666,0.75,1,0
pb_occupancy_interaction,3,166,0.34098827838897705,-0.28771567416847144,-0.6287039525574485,P:9.9|P:9.6|B:9.7|B:10.1|B:10.2|E:10.7|E:11.10,7,2,3,2,1,1,1,1,1,1,0.25,0.6666666666666666,0.375,1,0
pb_occupancy_interaction,3,54,0.02327965945005417,-0.6798166614537879,-0.7030963209038421,P:10.0|B:10.1|E:11.10,3,1,1,1,1,1,1,1,1,1,0.041666666666666664,0.16666666666666666,0.0625,0,0
pb_occupancy_interaction,3,41,-2.0931179523468018,-1.3982439785855578,0.6948739737612439,B:9.0|B:9.7|B:11.2|B:11.9|E:10.7|E:11.10,6,0,4,2,0,1,1,0,0,1,0.0,0.0,0.5,0,0
pb_occupancy_interaction,3,180,0.2293887734413147,0.26034178196849367,0.03095300852717897,P:9.9|P:9.6|P:10.0|B:11.9|E:10.7|E:11.10,6,3,1,2,1,1,1,1,1,1,0.125,1.0,0.125,1,1
pb_occupancy_interaction,3,137,0.9683080315589905,1.1015925138271507,0.13328448226816025,P:9.9|P:10.0|B:9.0|B:10.1|B:10.2|B:11.2,6,2,4,0,1,1,0,1,0,0,0.3333333333333333,0.0,0.0,1,0
pb_occupancy_interaction,4,135,0.3180081844329834,0.49763123819171384,0.17962305375873044,P:9.9|P:10.0|B:9.0|B:10.6|B:11.9|E:10.7|E:11.10,7,2,3,2,1,1,1,1,1,1,0.25,0.6666666666666666,0.375,1,0
pb_occupancy_interaction,4,37,-2.0929110050201416,-1.2194897797185824,0.8734212253015592,B:9.0|B:10.2|E:10.7|E:11.10,4,0,2,2,0,1,1,0,0,1,0.0,0.0,0.25,0,0
pb_occupancy_interaction,4,91,0.38466575741767883,0.10314256688494428,-0.28152319053273456,P:9.6|P:10.0|B:9.0|B:11.9,4,2,2,0,1,1,0,1,0,0,0.16666666666666666,0.0,0.0,1,0
pb_occupancy_interaction,4,113,-0.6673448085784912,-0.5079001696902332,0.159444638888258,P:9.9|B:9.0|B:9.7|B:11.2|B:11.9|E:10.7|E:11.10,7,1,4,2,1,1,1,1,1,1,0.16666666666666666,0.3333333333333333,0.5,0,0
pb_occupancy_interaction,4,38,-0.12388209998607635,-0.05162597301889482,0.07225612696718153,B:9.0|B:10.2|B:10.10|B:11.2|B:11.9,5,0,5,0,0,1,0,0,0,0,0.0,0.0,0.0,0,0
pb_occupancy_interaction,4,62,-0.96882164478302,-1.1795476087931158,-0.2107259640100958,P:9.6|E:11.10,2,1,0,1,1,0,1,0,1,0,0.0,0.16666666666666666,0.0,0,0
pb_occupancy_interaction,4,57,-1.3938641548156738,-0.5708981583189463,0.8229659964967275,P:10.0|B:9.0|B:10.1|B:10.2|E:10.7|E:11.10,6,1,3,2,1,1,1,1,1,1,0.125,0.3333333333333333,0.375,0,0
pb_occupancy_interaction,4,190,0.752892017364502,0.7987973815027559,0.04590536413825397,P:9.9|P:9.6|P:10.0|B:10.2|B:10.6|B:11.2|E:11.10,7,3,3,1,1,1,1,1,1,1,0.375,0.5,0.1875,1,1
pb_occupancy_interaction,4,164,0.3011414110660553,0.7445866441883402,0.4434452331222849,P:9.9|P:9.6|B:9.7|B:10.1|B:10.10|B:11.2|B:11.9,7,2,5,0,1,1,0,1,0,0,0.41666666666666663,0.0,0.0,1,0
pb_occupancy_interaction,4,221,0.5948653221130371,0.6578393543085314,0.06297403219549425,P:9.9|P:9.6|P:10.0|B:9.0|B:10.1|B:10.2|B:11.2|E:11.10,8,3,4,1,1,1,1,1,1,1,0.5,0.5,0.25,1,1
pb_occupancy_interaction,4,1,0.19358167052268982,0.2585983814370302,0.06501671091434036,P:9.9,1,1,0,0,1,0,0,0,0,0,0.0,0.0,0.0,0,0
pb_occupancy_interaction,4,53,-0.06579640507698059,-0.32350796956143,-0.25771156448444943,P:10.0|B:10.2|B:11.9|E:11.10,4,1,2,1,1,1,1,1,1,1,0.08333333333333333,0.16666666666666666,0.125,0,0
pb_occupancy_interaction,4,126,0.9073482155799866,0.8835137751714406,-0.023834440408545987,P:9.9|P:10.0|B:10.1|B:10.2|E:10.7,5,2,2,1,1,1,1,1,1,1,0.16666666666666666,0.3333333333333333,0.125,1,0
pb_occupancy_interaction,4,14,-2.1500723361968994,-1.5345432481238965,0.6155290880730029,E:10.7|E:11.10,2,0,0,2,0,0,1,0,0,0,0.0,0.0,0.0,0,0
pb_occupancy_interaction,4,40,0.43496954441070557,0.08226944881435738,-0.3527000955963482,B:9.0|B:10.1|B:10.6|B:10.10,4,0,4,0,0,1,0,0,0,0,0.0,0.0,0.0,0,0
pb_occupancy_interaction,4,234,1.2642531394958496,1.6936380623564247,0.42938492286057506,P:9.9|P:9.6|P:10.0|B:9.0|B:9.7|B:10.1|B:10.2|B:10.6,8,3,5,0,1,1,0,1,0,0,0.625,0.0,0.0,1,1
pb_occupancy_interaction,4,34,-0.45273491740226746,-0.09916749182383444,0.353567425578433,B:9.7|B:10.1|B:10.2|B:10.10|B:11.9|E:10.7,6,0,5,1,0,1,1,0,0,1,0.0,0.0,0.3125,0,0
pb_occupancy_interaction,4,99,0.8856487274169922,0.5256005149088062,-0.36004821250818597,P:9.6|P:10.0|B:9.0|B:9.7|B:10.1|B:10.2|B:10.6|B:10.10|B:11.2|B:11.9|E:11.10,11,2,8,1,1,1,1,1,1,1,0.6666666666666666,0.3333333333333333,0.5,1,0
pb_occupancy_interaction,4,109,0.5982384085655212,0.47569682071493236,-0.12254158785058888,P:9.9|B:10.1|B:10.2|B:10.6|B:10.10|B:11.2|E:11.10,7,1,5,1,1,1,1,1,1,1,0.20833333333333331,0.16666666666666666,0.3125,0,0
pb_occupancy_interaction,4,49,-0.5108466744422913,0.1826212198870868,0.693467894329378,B:9.0|B:9.7|B:10.1|B:10.2|B:10.6|B:10.10|B:11.2|B:11.9|E:10.7,9,0,8,1,0,1,1,0,0,1,0.0,0.0,0.5,0,0
pb_occupancy_interaction,4,127,0.24340668320655823,0.32111885866225043,0.0777121754556922,P:9.9|P:10.0|B:9.7|E:11.10,4,2,1,1,1,1,1,1,1,1,0.08333333333333333,0.3333333333333333,0.0625,1,0
pb_occupancy_interaction,4,21,-2.092512369155884,-1.3862489563112228,0.706263412844661,B:11.9|E:10.7|E:11.10,3,0,1,2,0,1,1,0,0,1,0.0,0.0,0.125,0,0
pb_occupancy_interaction,4,227,1.6139283180236816,0.8482996552197104,-0.7656286628039712,P:9.9|P:9.6|P:10.0|B:9.0|B:9.7|B:10.6|B:10.10|B:11.2|B:11.9|E:10.7|E:11.10,11,3,6,2,1,1,1,1,1,1,0.75,1.0,0.75,1,1
pb_occupancy_interaction,4,167,0.3539474606513977,0.13628457023279505,-0.21766289041860265,P:9.9|P:9.6|B:9.0|B:11.9|E:10.7,5,2,2,1,1,1,1,1,1,1,0.16666666666666666,0.3333333333333333,0.125,1,0
pb_occupancy_interaction,4,125,1.1199581623077393,1.2763802273585716,0.15642206505083234,P:9.9|P:10.0|B:10.1|B:10.6|B:11.2|B:11.9,6,2,4,0,1,1,0,1,0,0,0.3333333333333333,0.0,0.0,1,0
pb_occupancy_interaction,4,170,0.3828652501106262,0.7033744839295221,0.32050923381889584,P:9.9|P:9.6|B:9.0|B:10.1|B:10.6,5,2,3,0,1,1,0,1,0,0,0.25,0.0,0.0,1,0
pb_occupancy_interaction,4,66,0.0925874263048172,-0.24730734907979846,-0.33989477538461565,P:9.6|B:10.1|B:10.2|B:11.9,4,1,3,0,1,1,0,1,0,0,0.125,0.0,0.0,0,0
pb_occupancy_interaction,4,104,0.20134231448173523,-0.0017669310308248143,-0.20310924551256004,P:9.9|B:11.9|E:10.7,3,1,1,1,1,1,1,1,1,1,0.041666666666666664,0.16666666666666666,0.0625,0,0
pb_occupancy_interaction,4,22,-0.9958476424217224,-1.2072151538513731,-0.2113675114296507,B:11.2|B:11.9|E:11.10,3,0,2,1,0,1,1,0,0,1,0.0,0.0,0.125,0,0
pb_occupancy_interaction,4,46,-0.2302396595478058,-0.4020006349486742,-0.17176097540086843,B:9.0|B:9.7|B:10.1|B:10.2|B:10.10|B:11.2|B:11.9|E:11.10,8,0,7,1,0,1,1,0,0,1,0.0,0.0,0.4375,0,0
pb_occupancy_interaction,4,111,-0.15740074217319489,-0.2985850785773638,-0.14118433640416894,P:9.9|B:9.7|B:10.6|E:10.7|E:11.10,5,1,2,2,1,1,1,1,1,1,0.08333333333333333,0.3333333333333333,0.25,0,0
pb_occupancy_interaction,4,70,-1.6255607604980469,-1.0070112117333383,0.6185495487647086,P:9.6|B:9.0|B:10.1|B:10.2|B:11.9|E:10.7|E:11.10,7,1,4,2,1,1,1,1,1,1,0.16666666666666666,0.3333333333333333,0.5,0,0
pb_occupancy_interaction,4,77,-1.3802261352539062,-0.7958184583729697,0.5844076768809365,P:9.6|P:10.0|E:10.7|E:11.10,4,2,0,2,1,0,1,0,1,0,0.0,0.6666666666666666,0.0,1,0
pb_occupancy_interaction,4,145,-0.9065220952033997,-0.2070026208874184,0.6995194743159813,P:9.9|P:9.6|E:11.10,3,2,0,1,1,0,1,0,1,0,0.0,0.3333333333333333,0.0,1,0
pb_occupancy_interaction,4,207,1.186722993850708,0.6843591846311072,-0.5023638092196008,P:9.9|P:9.6|P:10.0|B:9.7|B:10.1|B:10.10|B:11.9|E:10.7|E:11.10,9,3,4,2,1,1,1,1,1,1,0.5,1.0,0.5,1,1
pb_occupancy_interaction,4,189,0.566757321357727,0.30006453172467396,-0.2666927896330531,P:9.9|P:9.6|P:10.0|B:10.2|E:10.7|E:11.10,6,3,1,2,1,1,1,1,1,1,0.125,1.0,0.125,1,1
pb_occupancy_interaction,4,20,2.3267788887023926,1.2203085857456535,-1.106470302956739,P:9.9|P:9.6|P:10.0|B:9.0|B:9.7|B:10.1|B:10.2|B:10.6|B:10.10|B:11.2|B:11.9|E:10.7|E:11.10,13,3,8,2,1,1,1,1,1,1,1.0,1.0,1.0,1,1
pb_occupancy_interaction,4,175,0.43807387351989746,0.7559882459863563,0.3179143724664588,P:9.9|P:9.6|B:9.0|B:9.7|B:10.1|B:10.10,6,2,4,0,1,1,0,1,0,0,0.3333333333333333,0.0,0.0,1,0
pb_occupancy_interaction,4,67,0.1194758415222168,-0.4389130604805088,-0.5583889020027256,P:9.6|B:9.7|B:10.2,3,1,2,0,1,1,0,1,0,0,0.08333333333333333,0.0,0.0,0,0
pb_occupancy_interaction,4,121,0.8768311738967896,1.10904080903258,0.23220963513579052,P:9.9|P:10.0|B:10.6,3,2,1,0,1,1,0,1,0,0,0.08333333333333333,0.0,0.0,1,0
pb_occupancy_interaction,4,213,0.7374193072319031,1.2470923102962002,0.5096730030642971,P:9.9|P:9.6|P:10.0|B:9.0|B:10.6,5,3,2,0,1,1,0,1,0,0,0.25,0.0,0.0,1,1
pb_occupancy_interaction,4,211,0.18796014785766602,0.10679662132273848,-0.08116352653492753,P:9.9|P:9.6|P:10.0|B:9.0|E:10.7|E:11.10,6,3,1,2,1,1,1,1,1,1,0.125,1.0,0.125,1,1
pb_occupancy_interaction,4,133,1.7260209321975708,1.2117997097382103,-0.5142212224593605,P:9.9|P:10.0|B:9.7|B:10.1|B:10.2|B:10.6|B:10.10|B:11.2|E:11.10,9,2,6,1,1,1,1,1,1,1,0.5,0.3333333333333333,0.375,1,0
pb_occupancy_interaction,4,161,0.4151726961135864,-0.04468042141021944,-0.45985311752380587,P:9.9|P:9.6|B:10.1|B:10.2|B:10.10|B:11.2|E:10.7|E:11.10,8,2,4,2,1,1,1,1,1,1,0.3333333333333333,0.6666666666666666,0.5,1,0
pb_occupancy_interaction,4,65,-1.8147789239883423,-1.1350736504382353,0.679705273550107,P:9.6|B:10.2|B:10.10|B:11.2|E:10.7|E:11.10,6,1,3,2,1,1,1,1,1,1,0.125,0.3333333333333333,0.375,0,0
pb_occupancy_interaction,4,220,1.2591384649276733,0.8421198976040738,-0.41701856732359954,P:9.9|P:9.6|P:10.0|B:9.0|B:10.1|B:10.6|B:10.10|E:10.7|E:11.10,9,3,4,2,1,1,1,1,1,1,0.5,1.0,0.5,1,1
pb_occupancy_interaction,4,47,0.18758109211921692,0.01438785730247849,-0.17319323481673843,B:9.0|B:9.7|B:10.1|B:10.2|B:10.6|B:11.2,6,0,6,0,0,1,0,0,0,0,0.0,0.0,0.0,0,0
pb_count_interaction,0,122,0.36294102668762207,0.6062481531144288,0.24330712642680674,P:9.9|P:10.0|B:10.6|E:11.10,4,2,1,1,1,1,1,1,1,1,0.08333333333333333,0.3333333333333333,0.0625,1,0
pb_count_interaction,0,52,-1.6007912158966064,-0.7088286120998211,0.8919626037967854,P:10.0|B:10.2|E:10.7|E:11.10,4,1,1,2,1,1,1,1,1,1,0.041666666666666664,0.3333333333333333,0.125,0,0
pb_count_interaction,0,169,0.7088131904602051,0.2830740340554545,-0.4257391564047506,P:9.9|P:9.6|B:9.0|B:10.2|B:10.6|B:10.10|B:11.2|B:11.9|E:10.7|E:11.10,10,2,6,2,1,1,1,1,1,1,0.5,0.6666666666666666,0.75,1,0
pb_count_interaction,0,88,0.12008431553840637,-0.048964063172429184,-0.16904837871083556,P:9.6|P:10.0|B:9.7|B:10.6|B:11.2|B:11.9|E:11.10,7,2,4,1,1,1,1,1,1,1,0.3333333333333333,0.3333333333333333,0.25,1,0
pb_count_interaction,0,162,0.49946871399879456,-0.06019168750537296,-0.5596604015041675,P:9.9|P:9.6|B:10.1|B:10.2|B:10.6|E:10.7|E:11.10,7,2,3,2,1,1,1,1,1,1,0.25,0.6666666666666666,0.375,1,0
pb_count_interaction,0,197,1.1613008975982666,0.6470189441995093,-0.5142819533987573,P:9.9|P:9.6|P:10.0|B:10.1|B:10.2|B:10.6|E:10.7|E:11.10,8,3,3,2,1,1,1,1,1,1,0.375,1.0,0.375,1,1
pb_count_interaction,0,206,1.1710867881774902,0.65639712753469,-0.5146896606428002,P:9.9|P:9.6|P:10.0|B:9.7|B:10.2|B:10.6|E:10.7|E:11.10,8,3,3,2,1,1,1,1,1,1,0.375,1.0,0.375,1,1
pb_count_interaction,0,225,1.2041503190994263,1.5865148156910216,0.3823644965915953,P:9.9|P:9.6|P:10.0|B:9.0|B:9.7|B:10.6|B:11.2|B:11.9,8,3,5,0,1,1,0,1,0,0,0.625,0.0,0.0,1,1
pb_count_interaction,0,51,-0.7062481641769409,-0.49871591014417105,0.20753225403276987,P:10.0|B:11.2|E:10.7,3,1,1,1,1,1,1,1,1,1,0.041666666666666664,0.16666666666666666,0.0625,0,0
pb_count_interaction,0,3,0.42918601632118225,0.052883173324053845,-0.3763028429971284,P:10.0,1,1,0,0,1,0,0,0,0,0,0.0,0.0,0.0,0,0
pb_count_interaction,0,68,-0.03323224559426308,-0.2634839880626918,-0.23025174246842872,P:9.6|B:9.7|B:10.1|B:10.10|B:11.2,5,1,4,0,1,1,0,1,0,0,0.16666666666666666,0.0,0.0,0,0
pb_count_interaction,0,237,1.4893605709075928,2.608972470135399,1.1196118992278064,P:9.9|P:9.6|P:10.0|B:9.0|B:9.7|B:10.1|B:10.2|B:10.6|B:10.10|B:11.9,10,3,7,0,1,1,0,1,0,0,0.875,0.0,0.0,1,1
pb_count_interaction,0,32,-0.6199086308479309,-0.43516201125112686,0.18474661959680405,B:9.7|B:10.2|B:10.10|E:10.7,4,0,3,1,0,1,1,0,0,1,0.0,0.0,0.1875,0,0
pb_count_interaction,0,134,0.43865135312080383,0.8503406815006137,0.41168932837980987,P:9.9|P:10.0|B:9.0|B:10.6|B:11.9|E:11.10,6,2,3,1,1,1,1,1,1,1,0.25,0.3333333333333333,0.1875,1,0
pb_count_interaction,0,6,0.11284340918064117,-0.4220457044699625,-0.5348891136506037,B:10.1,1,0,1,0,0,1,0,0,0,0,0.0,0.0,0.0,0,0
pb_count_interaction,0,149,0.47060713171958923,0.19260254112060493,-0.2780045905989843,P:9.9|P:9.6|B:10.10|E:10.7,4,2,1,1,1,1,1,1,1,1,0.08333333333333333,0.3333333333333333,0.0625,1,0
pb_count_interaction,0,155,0.781094491481781,0.5668607086237869,-0.2142337828579941,P:9.9|P:9.6|B:10.2|B:10.6|B:10.10|B:11.2|E:10.7,7,2,4,1,1,1,1,1,1,1,0.3333333333333333,0.3333333333333333,0.25,1,0
pb_count_interaction,0,218,0.63037109375,1.450620834754214,0.820249741004214,P:9.9|P:9.6|P:10.0|B:9.0|B:10.1|B:10.10,6,3,3,0,1,1,0,1,0,0,0.375,0.0,0.0,1,1
pb_count_interaction,0,83,0.6069852113723755,0.4434774817805861,-0.16350772959178939,P:9.6|P:10.0|B:10.6|B:11.9,4,2,2,0,1,1,0,1,0,0,0.16666666666666666,0.0,0.0,1,0
pb_count_interaction,0,201,0.5236175656318665,0.20590565292983154,-0.3177119127020349,P:9.9|P:9.6|P:10.0|B:9.7|B:11.2|B:11.9|E:10.7|E:11.10,8,3,3,2,1,1,1,1,1,1,0.375,1.0,0.375,1,1
pb_count_interaction,0,96,0.8413466215133667,0.8956100938640477,0.054263472350680964,P:9.6|P:10.0|B:9.0|B:9.7|B:10.2|B:10.6|B:10.10|B:11.2,8,2,6,0,1,1,0,1,0,0,0.5,0.0,0.0,1,0
pb_count_interaction,0,89,0.003570057451725006,-0.27527373137274613,-0.27884378882447114,P:9.6|P:10.0|B:9.7|B:10.2|E:11.10,5,2,2,1,1,1,1,1,1,1,0.16666666666666666,0.3333333333333333,0.125,1,0
pb_count_interaction,0,101,0.13574618101119995,-0.06105717087598006,-0.19680335188718,P:9.9|E:10.7,2,1,0,1,1,0,1,0,1,0,0.0,0.16666666666666666,0.0,0,0
pb_count_interaction,0,60,0.8043079972267151,0.5577651192116606,-0.24654287801505448,P:10.0|B:9.0|B:9.7|B:10.1|B:10.2|B:10.6|B:11.2|B:11.9,8,1,7,0,1,1,0,1,0,0,0.29166666666666663,0.0,0.0,0,0
pb_count_interaction,0,222,2.0050816535949707,1.1474264754654222,-0.8576551781295485,P:9.9|P:9.6|P:10.0|B:9.0|B:10.1|B:10.2|B:10.6|B:10.10|B:11.2|E:10.7|E:11.10,11,3,6,2,1,1,1,1,1,1,0.75,1.0,0.75,1,1
pb_count_interaction,0,76,-0.335871160030365,-0.6284778903731154,-0.2926067303427504,P:9.6|P:10.0|E:11.10,3,2,0,1,1,0,1,0,1,0,0.0,0.3333333333333333,0.0,1,0
pb_count_interaction,0,144,-0.024949822574853897,0.13083777260504836,0.15578759517990226,P:9.9|P:9.6,2,2,0,0,1,0,0,0,0,0,0.0,0.0,0.0,1,0
pb_count_interaction,0,84,-0.024493630975484848,0.29956665249954595,0.3240602834750308,P:9.6|P:10.0|B:10.6|B:10.10|E:10.7,5,2,2,1,1,1,1,1,1,1,0.16666666666666666,0.3333333333333333,0.125,1,0
pb_count_interaction,0,215,0.6853510737419128,0.03906692382191568,-0.6462841499199972,P:9.9|P:9.6|P:10.0|B:9.0|B:10.2|B:11.2|E:10.7|E:11.10,8,3,3,2,1,1,1,1,1,1,0.375,1.0,0.375,1,1
pb_count_interaction,0,24,-1.9099003076553345,-1.1239150673610303,0.7859852402943042,B:10.6|E:10.7|E:11.10,3,0,1,2,0,1,1,0,0,1,0.0,0.0,0.125,0,0
pb_count_interaction,0,136,0.7345575094223022,1.0011576423714048,0.26660013294910256,P:9.9|P:10.0|B:9.0|B:10.1,4,2,2,0,1,1,0,1,0,0,0.16666666666666666,0.0,0.0,1,0
pb_count_interaction,0,171,0.448146253824234,-0.0939882080282719,-0.5421344618525059,P:9.9|P:9.6|B:9.0|B:10.1|B:10.2|B:10.10|B:11.2|E:10.7|E:11.10,9,2,5,2,1,1,1,1,1,1,0.41666666666666663,0.6666666666666666,0.625,1,0
pb_count_interaction,0,69,-1.4318113327026367,-0.9535290038220275,0.4782823288806092,P:9.6|B:9.7|B:10.1|B:10.2|B:10.6|B:11.2|B:11.9|E:10.7|E:11.10,9,1,6,2,1,1,1,1,1,1,0.25,0.3333333333333333,0.75,0,0
pb_count_interaction,0,191,-0.00995168462395668,0.3466474748800551,0.3565991595040118,P:9.9|P:9.6|P:10.0|B:10.1|E:11.10,5,3,1,1,1,1,1,1,1,1,0.125,0.5,0.0625,1,1
pb_count_interaction,0,235,1.4840984344482422,1.7899330203550219,0.3058345859067797,P:9.9|P:9.6|P:10.0|B:9.0|B:9.7|B:10.1|B:10.2|B:10.6|B:11.2,9,3,6,0,1,1,0,1,0,0,0.75,0.0,0.0,1,1
pb_count_interaction,0,95,-1.1356269121170044,-0.7590456535565689,0.37658125856043545,P:9.6|P:10.0|B:9.0|B:9.7|E:10.7|E:11.10,6,2,2,2,1,1,1,1,1,1,0.16666666666666666,0.6666666666666666,0.25,1,0
pb_count_interaction,0,87,-1.1586300134658813,-0.7974625841461573,0.361167429319724,P:9.6|P:10.0|B:9.7|E:10.7|E:11.10,5,2,1,2,1,1,1,1,1,1,0.08333333333333333,0.6666666666666666,0.125,1,0
pb_count_interaction,0,114,0.6210603713989258,0.5054977335184478,-0.11556263788047794,P:9.9|B:9.0|B:9.7|B:10.10|B:11.9|E:10.7,6,1,4,1,1,1,1,1,1,1,0.16666666666666666,0.16666666666666666,0.25,0,0
pb_count_interaction,0,229,1.187390685081482,1.6333378920978843,0.44594720701640234,P:9.9|P:9.6|P:10.0|B:9.0|B:9.7|B:10.2|B:10.6,7,3,4,0,1,1,0,1,0,0,0.5,0.0,0.0,1,1
pb_count_interaction,0,219,0.8841042518615723,1.8542892329522096,0.9701849810906373,P:9.9|P:9.6|P:10.0|B:9.0|B:10.1|B:10.6|B:10.10,7,3,4,0,1,1,0,1,0,0,0.5,0.0,0.0,1,1
pb_count_interaction,0,217,1.5335161685943604,1.5314649503702413,-0.0020512182241190224,P:9.9|P:9.6|P:10.0|B:9.0|B:10.2|B:10.6|B:10.10|B:11.2|B:11.9|E:11.10,10,3,6,1,1,1,1,1,1,1,0.75,0.5,0.375,1,1
pb_count_interaction,0,4,0.0034867338836193085,-0.550642700995832,-0.5541294348794513,B:9.0,1,0,1,0,0,1,0,0,0,0,0.0,0.0,0.0,0,0
pb_count_interaction,0,130,1.2399502992630005,1.0010002583964985,-0.23895004086650196,P:9.9|P:10.0|B:9.7|B:10.2|B:10.6|B:11.2|E:10.7,7,2,4,1,1,1,1,1,1,1,0.3333333333333333,0.3333333333333333,0.25,1,0
pb_count_interaction,0,228,1.137394905090332,1.4249262928381643,0.28753138774783227,P:9.9|P:9.6|P:10.0|B:9.0|B:9.7|B:10.2|B:11.2|B:11.9,8,3,5,0,1,1,0,1,0,0,0.625,0.0,0.0,1,1
pb_count_interaction,0,128,1.0614135265350342,1.3105194665195845,0.24910593998455033,P:9.9|P:10.0|B:9.7|B:10.6,4,2,2,0,1,1,0,1,0,0,0.16666666666666666,0.0,0.0,1,0
pb_count_interaction,0,15,0.35023680329322815,-0.13391090052643323,-0.4841477038196614,B:9.0|B:9.7|B:10.1|B:10.2|B:10.6|B:10.10|B:11.2|B:11.9,8,0,8,0,0,1,0,0,0,0,0.0,0.0,0.0,0,0
pb_count_interaction,0,124,0.9045531749725342,1.5755578823176495,0.6710047073451153,P:9.9|P:10.0|B:10.1|B:10.10|B:11.9,5,2,3,0,1,1,0,1,0,0,0.25,0.0,0.0,1,0
pb_count_interaction,0,93,0.3689282536506653,0.3611567821548941,-0.007771471495771176,P:9.6|P:10.0|B:9.0|B:10.6|B:10.10|B:11.9|E:11.10,7,2,4,1,1,1,1,1,1,1,0.3333333333333333,0.3333333333333333,0.25,1,0
pb_count_interaction,1,50,-0.5812591910362244,-0.3836755580662242,0.19758363297000014,P:10.0|E:10.7,2,1,0,1,1,0,1,0,1,0,0.0,0.16666666666666666,0.0,0,0
pb_count_interaction,1,106,-0.08755521476268768,0.10116292835411467,0.18871814311680235,P:9.9|B:11.2,2,1,1,0,1,1,0,1,0,0,0.041666666666666664,0.0,0.0,0,0
pb_count_interaction,1,230,1.7152396440505981,1.8262437936316176,0.11100414958101945,P:9.9|P:9.6|P:10.0|B:9.0|B:9.7|B:10.2|B:10.6|B:10.10|B:11.2|B:11.9|E:11.10,11,3,7,1,1,1,1,1,1,1,0.875,0.5,0.4375,1,1
pb_count_interaction,1,160,0.060559697449207306,0.4568825644217944,0.3963228669725871,P:9.9|P:9.6|B:10.1|B:10.6|B:10.10|B:11.2|E:11.10,7,2,4,1,1,1,1,1,1,1,0.3333333333333333,0.3333333333333333,0.25,1,0
pb_count_interaction,1,48,-1.0930901765823364,-0.6912987427477163,0.4017914338346201,B:9.0|B:9.7|B:10.1|B:10.2|B:10.6|B:10.10|B:11.9|E:10.7|E:11.10,9,0,7,2,0,1,1,0,0,1,0.0,0.0,0.875,0,0
pb_count_interaction,1,198,0.6584311127662659,0.8468471285133038,0.18841601574703792,P:9.9|P:9.6|P:10.0|B:9.7,4,3,1,0,1,1,0,1,0,0,0.125,0.0,0.0,1,1
pb_count_interaction,1,168,0.2776085138320923,0.9687630161677236,0.6911545023356314,P:9.9|P:9.6|B:9.0|B:10.2|B:10.10|B:11.2|B:11.9,7,2,5,0,1,1,0,1,0,0,0.41666666666666663,0.0,0.0,1,0
pb_count_interaction,1,64,-1.8848259449005127,-1.2848890338655217,0.599936911034991,P:9.6|B:10.2|E:10.7|E:11.10,4,1,1,2,1,1,1,1,1,1,0.041666666666666664,0.3333333333333333,0.125,0,0
pb_count_interaction,1,7,0.04607735201716423,-0.41100801136745924,-0.45708536338462347,B:10.2,1,0,1,0,0,1,0,0,0,0,0.0,0.0,0.0,0,0
pb_count_interaction,1,75,0.32792341709136963,-0.1494744527171109,-0.47739786980848053,P:9.6|P:10.0,2,2,0,0,1,0,0,0,0,0,0.0,0.0,0.0,1,0
pb_count_interaction,1,174,0.0011423192918300629,-0.2219781806351525,-0.22312049992698257,P:9.9|P:9.6|B:9.0|B:9.7|B:10.1|B:11.9|E:10.7|E:11.10,8,2,4,2,1,1,1,1,1,1,0.3333333333333333,0.6666666666666666,0.5,1,0
pb_count_interaction,1,154,-0.12619715929031372,-0.4294945026242013,-0.3032973433338876,P:9.9|P:9.6|B:10.2|E:10.7|E:11.10,5,2,1,2,1,1,1,1,1,1,0.08333333333333333,0.6666666666666666,0.125,1,0
pb_count_interaction,1,142,1.7428615093231201,2.1498101237645377,0.4069486144414176,P:9.9|P:10.0|B:9.0|B:9.7|B:10.1|B:10.2|B:10.6|B:10.10|B:11.2|B:11.9,10,2,8,0,1,1,0,1,0,0,0.6666666666666666,0.0,0.0,1,0
pb_count_interaction,1,10,-0.3037194609642029,-0.7542316028872058,-0.45051214192300293,B:11.2,1,0,1,0,0,1,0,0,0,0,0.0,0.0,0.0,0,0
pb_count_interaction,1,9,0.1278882622718811,-0.20660789470711927,-0.33449615697900037,B:10.10,1,0,1,0,0,1,0,0,0,0,0.0,0.0,0.0,0,0
pb_count_interaction,1,177,-0.2263064682483673,0.15508938110512682,0.38139584935349413,P:9.9|P:9.6|P:10.0|E:11.10,4,3,0,1,1,0,1,0,1,0,0.0,0.5,0.0,1,1
pb_count_interaction,1,36,0.2635531723499298,-0.39011574822514516,-0.653668920575075,B:9.0|B:10.6|B:11.9,3,0,3,0,0,1,0,0,0,0,0.0,0.0,0.0,0,0
pb_count_interaction,1,210,0.46982860565185547,0.6856114885786533,0.21578288292679781,P:9.9|P:9.6|P:10.0|B:9.0,4,3,1,0,1,1,0,1,0,0,0.125,0.0,0.0,1,1
pb_count_interaction,1,138,1.0839468240737915,0.8715996250486993,-0.21234719902509225,P:9.9|P:10.0|B:9.0|B:10.1|B:10.2|B:10.10|B:11.2|B:11.9|E:10.7|E:11.10,10,2,6,2,1,1,1,1,1,1,0.5,0.6666666666666666,0.75,1,0
pb_count_interaction,1,141,1.28229558467865,1.195680469110931,-0.08661511556771884,P:9.9|P:10.0|B:9.0|B:9.7|B:10.1|B:10.2|B:10.6|B:11.2|B:11.9|E:11.10,10,2,7,1,1,1,1,1,1,1,0.5833333333333333,0.3333333333333333,0.4375,1,0
pb_count_interaction,1,120,0.7438116073608398,1.2104811930875172,0.4666695857266774,P:9.9|P:10.0|B:10.10,3,2,1,0,1,1,0,1,0,0,0.08333333333333333,0.0,0.0,1,0
pb_count_interaction,1,131,0.40003639459609985,0.4044495757286529,0.004413181132553068,P:9.9|P:10.0|B:9.7|B:10.1|B:11.9|E:10.7|E:11.10,7,2,3,2,1,1,1,1,1,1,0.25,0.6666666666666666,0.375,1,0
pb_count_interaction,1,30,-0.8866069912910461,-0.715981500733034,0.17062549055801213,B:9.7|B:10.10|B:11.2|E:10.7,4,0,3,1,0,1,1,0,0,1,0.0,0.0,0.1875,0,0
pb_count_interaction,1,193,0.6254175305366516,1.3490679857822898,0.7236504552456382,P:9.9|P:9.6|P:10.0|B:10.1|B:10.10,5,3,2,0,1,1,0,1,0,0,0.25,0.0,0.0,1,1
pb_count_interaction,1,19,1.8685230016708374,2.5032483461465556,0.6347253444757182,P:9.9|P:9.6|P:10.0|B:9.0|B:9.7|B:10.1|B:10.2|B:10.6|B:10.10|B:11.2|B:11.9,11,3,8,0,1,1,0,1,0,0,1.0,0.0,0.0,1,1
pb_count_interaction,1,204,1.4221220016479492,1.666320443906637,0.2441984422586878,P:9.9|P:9.6|P:10.0|B:9.7|B:10.6|B:10.10|B:11.9|E:10.7,8,3,4,1,1,1,1,1,1,1,0.5,0.5,0.25,1,1
pb_count_interaction,1,27,-2.05269718170166,-1.1376791240405992,0.9150180576610609,B:10.2|B:11.9|E:10.7|E:11.10,4,0,2,2,0,1,1,0,0,1,0.0,0.0,0.25,0,0
pb_count_interaction,1,223,1.947177767753601,1.9700204860157147,0.022842718262113593,P:9.9|P:9.6|P:10.0|B:9.0|B:10.1|B:10.2|B:10.6|B:10.10|B:11.2|B:11.9|E:10.7,11,3,7,1,1,1,1,1,1,1,0.875,0.5,0.4375,1,1
pb_count_interaction,1,74,-0.022991657257080078,-0.20355955609721466,-0.18056789884013458,P:9.6|B:9.0|B:9.7|B:10.1|B:10.2|B:10.6|B:10.10|B:11.2|B:11.9|E:11.10,10,1,8,1,1,1,1,1,1,1,0.3333333333333333,0.16666666666666666,0.5,0,0
pb_count_interaction,1,208,0.6361530423164368,0.8484393166196612,0.21228627430322444,P:9.9|P:9.6|P:10.0|B:9.7|B:10.1|B:10.2|E:11.10,7,3,3,1,1,1,1,1,1,1,0.375,0.5,0.1875,1,1
pb_count_interaction,1,224,0.5285061001777649,0.7233978636159686,0.1948917634382037,P:9.9|P:9.6|P:10.0|B:9.0|B:9.7|B:10.6|B:11.2|E:11.10,8,3,4,1,1,1,1,1,1,1,0.5,0.5,0.25,1,1
pb_count_interaction,1,173,0.6124219298362732,0.2154113884006419,-0.3970105414356313,P:9.9|P:9.6|B:9.0|B:9.7|B:10.2|B:10.6|B:11.9|E:10.7|E:11.10,9,2,5,2,1,1,1,1,1,1,0.41666666666666663,0.6666666666666666,0.625,1,0
pb_count_interaction,1,18,0.16123811900615692,-0.1803738815727698,-0.3416120005789267,P:9.9|P:9.6|P:10.0|E:10.7|E:11.10,5,3,0,2,1,0,1,0,1,0,0.0,1.0,0.0,1,1
pb_count_interaction,1,11,0.04421548917889595,-0.45028400451780415,-0.4944994936967001,B:11.9,1,0,1,0,0,1,0,0,0,0,0.0,0.0,0.0,0,0
pb_count_interaction,1,187,0.8978749513626099,0.9830974585999632,0.08522250723735336,P:9.9|P:9.6|P:10.0|B:10.6|B:11.2,5,3,2,0,1,1,0,1,0,0,0.25,0.0,0.0,1,1
pb_count_interaction,1,151,0.27609238028526306,0.45205255806450906,0.175960177779246,P:9.9|P:9.6|B:10.6,3,2,1,0,1,1,0,1,0,0,0.08333333333333333,0.0,0.0,1,0
pb_count_interaction,1,157,0.37768739461898804,-0.06506388561114751,-0.44275128023013555,P:9.9|P:9.6|B:10.1|E:10.7,4,2,1,1,1,1,1,1,1,1,0.08333333333333333,0.3333333333333333,0.0625,1,0
pb_count_interaction,1,59,0.9626399278640747,0.43867971341312073,-0.523960214450954,P:10.0|B:9.0|B:9.7|B:10.1|B:10.6|B:11.9,6,1,5,0,1,1,0,1,0,0,0.20833333333333331,0.0,0.0,0,0
pb_count_interaction,1,103,0.2608196437358856,0.40511052672351633,0.1442908829876307,P:9.9|B:11.9,2,1,1,0,1,1,0,1,0,0,0.041666666666666664,0.0,0.0,0,0
pb_count_interaction,1,156,0.08269024640321732,0.2703993770667491,0.1877091306635318,P:9.9|P:9.6|B:10.1,3,2,1,0,1,1,0,1,0,0,0.08333333333333333,0.0,0.0,1,0
pb_count_interaction,1,123,0.7120844125747681,0.45356807732538984,-0.2585163352493782,P:9.9|P:10.0|B:10.1|B:11.2|E:10.7,5,2,2,1,1,1,1,1,1,1,0.16666666666666666,0.3333333333333333,0.125,1,0
pb_count_interaction,1,78,-1.3243666887283325,-0.7624704704625507,0.5618962182657818,P:9.6|P:10.0|B:11.9|E:10.7|E:11.10,5,2,1,2,1,1,1,1,1,1,0.08333333333333333,0.6666666666666666,0.125,1,0
pb_count_interaction,1,115,0.6769262552261353,0.9392632463345063,0.26233699110837105,P:9.9|B:9.0|B:9.7|B:10.1|B:10.2|B:10.10|B:11.2|B:11.9,8,1,7,0,1,1,0,1,0,0,0.29166666666666663,0.0,0.0,0,0
pb_count_interaction,1,81,-0.23705950379371643,-0.02480121069663299,0.21225829309708344,P:9.6|P:10.0|B:10.10|E:10.7,4,2,1,1,1,1,1,1,1,1,0.08333333333333333,0.3333333333333333,0.0625,1,0
pb_count_interaction,1,58,0.9003594517707825,0.9567880086965854,0.05642855692580295,P:10.0|B:9.0|B:10.1|B:10.2|B:10.6|B:10.10|B:11.9,7,1,6,0,1,1,0,1,0,0,0.25,0.0,0.0,0,0
pb_count_interaction,1,8,0.2057855874300003,-0.3589173633118782,-0.5647029507418785,B:10.6,1,0,1,0,0,1,0,0,0,0,0.0,0.0,0.0,0,0
pb_count_interaction,1,212,0.9004754424095154,0.3194985698828947,-0.5809768725266207,P:9.9|P:9.6|P:10.0|B:9.0|B:11.2|E:10.7,6,3,2,1,1,1,1,1,1,1,0.25,0.5,0.125,1,1
pb_count_interaction,1,119,0.09514226019382477,0.47281193332159976,0.377669673127775,P:9.9|P:10.0|B:11.9|E:11.10,4,2,1,1,1,1,1,1,1,1,0.08333333333333333,0.3333333333333333,0.0625,1,0
pb_count_interaction,2,163,-0.5653444528579712,-0.006324329457888078,0.5590201234000831,P:9.9|P:9.6|B:9.7|B:10.2|B:11.2|E:11.10,6,2,3,1,1,1,1,1,1,1,0.25,0.3333333333333333,0.1875,1,0
pb_count_interaction,2,35,0.04845794662833214,-0.5265759658083458,-0.5750339124366779,B:9.0|B:11.9,2,0,2,0,0,1,0,0,0,0,0.0,0.0,0.0,0,0
pb_count_interaction,2,140,1.296229362487793,0.8746215348477815,-0.4216078276400115,P:9.9|P:10.0|B:9.0|B:9.7|B:10.1|B:10.2|B:10.10|B:11.2|B:11.9|E:10.7|E:11.10,11,2,7,2,1,1,1,1,1,1,0.5833333333333333,0.6666666666666666,0.875,1,0
pb_count_interaction,2,26,-0.9894403219223022,-0.6561830801904666,0.3332572417318357,B:10.2|E:10.7,2,0,1,1,0,1,1,0,0,1,0.0,0.0,0.0625,0,0
pb_count_interaction,2,152,-0.1534038931131363,-0.39613006203717027,-0.24272616892403398,P:9.9|P:9.6|B:10.6|E:10.7|E:11.10,5,2,1,2,1,1,1,1,1,1,0.08333333333333333,0.6666666666666666,0.125,1,0
pb_count_interaction,2,179,0.8624302744865417,0.4535150411576474,-0.40891523332889435,P:9.9|P:9.6|P:10.0|B:11.9|E:10.7,5,3,1,1,1,1,1,1,1,1,0.125,0.5,0.0625,1,1
pb_count_interaction,2,86,-0.13070634007453918,-0.5575821521582085,-0.4268758120836693,P:9.6|P:10.0|B:10.1|E:11.10,4,2,1,1,1,1,1,1,1,1,0.08333333333333333,0.3333333333333333,0.0625,1,0
pb_count_interaction,2,238,2.2124011516571045,1.2990618968741583,-0.9133392547829462,P:9.9|P:9.6|P:10.0|B:9.0|B:9.7|B:10.1|B:10.2|B:10.6|B:10.10|B:11.2|E:10.7|E:11.10,12,3,7,2,1,1,1,1,1,1,0.875,1.0,0.875,1,1
pb_count_interaction,2,55,0.44097352027893066,-0.08810552501921332,-0.529079045298144,P:10.0|B:9.0,2,1,1,0,1,1,0,1,0,0,0.041666666666666664,0.0,0.0,0,0
pb_count_interaction,2,195,1.2756190299987793,0.6020290128662129,-0.6735900171325664,P:9.9|P:9.6|P:10.0|B:10.1|B:10.2|B:10.10|E:10.7|E:11.10,8,3,3,2,1,1,1,1,1,1,0.375,1.0,0.375,1,1
pb_count_interaction,2,112,0.874880850315094,0.6906978798777672,-0.1841829704373268,P:9.9|B:9.7|B:10.1|B:10.2|B:10.6|B:10.10|B:11.2|B:11.9|E:11.10,9,1,7,1,1,1,1,1,1,1,0.29166666666666663,0.16666666666666666,0.4375,0,0
pb_count_interaction,2,188,0.19750064611434937,0.3390284325978531,0.14152778648350373,P:9.9|P:9.6|P:10.0|B:10.2|E:11.10,5,3,1,1,1,1,1,1,1,1,0.125,0.5,0.0625,1,1
pb_count_interaction,2,72,0.32262489199638367,-0.14417723764308343,-0.4668021296394671,P:9.6|B:9.0|B:9.7|B:10.6|B:11.9,5,1,4,0,1,1,0,1,0,0,0.16666666666666666,0.0,0.0,0,0
pb_count_interaction,2,25,-0.6552460789680481,-0.8764275607459184,-0.22118148177787034,B:10.2|E:11.10,2,0,1,1,0,1,1,0,0,1,0.0,0.0,0.0625,0,0
pb_count_interaction,2,39,-1.9024442434310913,-1.2857889694695148,0.6166552739615765,B:9.0|B:10.1|B:10.10|B:11.2|E:10.7|E:11.10,6,0,4,2,0,1,1,0,0,1,0.0,0.0,0.5,0,0
pb_count_interaction,2,192,0.3790181577205658,-0.08592337756770452,-0.4649415352882703,P:9.9|P:9.6|P:10.0|B:10.1|E:10.7|E:11.10,6,3,1,2,1,1,1,1,1,1,0.125,1.0,0.125,1,1
pb_count_interaction,2,100,-0.21319368481636047,0.35534035518378393,0.5685340400001444,P:9.6|P:10.0|B:9.0|B:9.7|B:10.1|B:10.2|B:10.6|B:10.10|B:11.2|B:11.9|E:10.7|E:11.10,12,2,8,2,1,1,1,1,1,1,0.6666666666666666,0.6666666666666666,1.0,1,0
pb_count_interaction,2,132,0.789038896560669,0.6851883515906557,-0.10385054497001323,P:9.9|P:10.0|B:9.7|B:10.1|B:10.2|B:11.2|E:11.10,7,2,4,1,1,1,1,1,1,1,0.3333333333333333,0.3333333333333333,0.25,1,0
pb_count_interaction,2,226,1.4540021419525146,1.503168379131051,0.04916623717853641,P:9.9|P:9.6|P:10.0|B:9.0|B:9.7|B:10.6|B:10.10|B:11.9|E:10.7,9,3,5,1,1,1,1,1,1,1,0.625,0.5,0.3125,1,1
pb_count_interaction,2,216,1.3256909847259521,1.0111439588357973,-0.3145470258901548,P:9.9|P:9.6|P:10.0|B:9.0|B:10.2|B:10.6|E:10.7,7,3,3,1,1,1,1,1,1,1,0.375,0.5,0.1875,1,1
pb_count_interaction,2,184,0.9177335500717163,0.3235397415788537,-0.5941938084928626,P:9.9|P:9.6|P:10.0|B:10.10|B:11.2|B:11.9|E:10.7|E:11.10,8,3,3,2,1,1,1,1,1,1,0.375,1.0,0.375,1,1
pb_count_interaction,2,33,-1.4734752178192139,-0.9222813294222543,0.5511938883969596,B:9.7|B:10.1|B:10.6|B:10.10|B:11.2|E:10.7|E:11.10,7,0,5,2,0,1,1,0,0,1,0.0,0.0,0.625,0,0
pb_count_interaction,2,107,0.5038124322891235,0.2908496209505005,-0.21296281133862305,P:9.9|B:10.1|B:10.6|E:10.7,4,1,2,1,1,1,1,1,1,1,0.08333333333333333,0.16666666666666666,0.125,0,0
pb_count_interaction,2,165,0.0528549998998642,-0.10740276348092515,-0.16025776338078934,P:9.9|P:9.6|B:9.7|B:10.1|B:10.6|B:11.2|E:10.7|E:11.10,8,2,4,2,1,1,1,1,1,1,0.3333333333333333,0.6666666666666666,0.5,1,0
pb_count_interaction,2,43,0.25424113869667053,-0.1474779243191242,-0.40171906301579474,B:9.0|B:9.7|B:10.6|B:10.10|B:11.2|B:11.9,6,0,6,0,0,1,0,0,0,0,0.0,0.0,0.0,0,0
pb_count_interaction,2,71,-1.9208564758300781,-1.1568299136308413,0.7640265621992368,P:9.6|B:9.0|B:10.1|B:10.2|B:11.2|B:11.9|E:10.7|E:11.10,8,1,5,2,1,1,1,1,1,1,0.20833333333333331,0.3333333333333333,0.625,0,0
pb_count_interaction,2,102,-0.7290076017379761,-0.6108968567577205,0.11811074498025553,P:9.9|E:10.7|E:11.10,3,1,0,2,1,0,1,0,1,0,0.0,0.3333333333333333,0.0,0,0
pb_count_interaction,2,196,1.602601408958435,0.8316030773390151,-0.77099833161942,P:9.9|P:9.6|P:10.0|B:10.1|B:10.2|B:10.10|B:11.2|B:11.9|E:10.7|E:11.10,10,3,5,2,1,1,1,1,1,1,0.625,1.0,0.625,1,1
pb_count_interaction,2,214,1.3109846115112305,0.5716926666838722,-0.7392919448273583,P:9.9|P:9.6|P:10.0|B:9.0|B:10.6|B:10.10|B:11.2|E:10.7|E:11.10,9,3,4,2,1,1,1,1,1,1,0.5,1.0,0.5,1,1
pb_count_interaction,2,13,-0.7300630211830139,-1.0308816703628119,-0.30081864917979795,E:11.10,1,0,0,1,0,0,1,0,0,0,0.0,0.0,0.0,0,0
pb_count_interaction,2,232,1.248700737953186,0.7487562824629128,-0.4999444554902732,P:9.9|P:9.6|P:10.0|B:9.0|B:9.7|B:10.1|B:10.2|B:11.2|B:11.9|E:10.7|E:11.10,11,3,6,2,1,1,1,1,1,1,0.75,1.0,0.75,1,1
pb_count_interaction,2,231,1.8862351179122925,1.1933040248785012,-0.6929310930337913,P:9.9|P:9.6|P:10.0|B:9.0|B:9.7|B:10.1|B:10.6|B:10.10|B:11.2|B:11.9|E:10.7|E:11.10,12,3,7,2,1,1,1,1,1,1,0.875,1.0,0.875,1,1
pb_count_interaction,2,150,0.007378906011581421,-0.393201001304317,-0.40057990731589843,P:9.9|P:9.6|B:10.10|E:10.7|E:11.10,5,2,1,2,1,1,1,1,1,1,0.08333333333333333,0.6666666666666666,0.125,1,0
pb_count_interaction,2,73,-0.7453505396842957,-0.41605207204897565,0.32929846763532,P:9.6|B:9.0|B:9.7|B:10.1|B:10.2|B:10.6|B:10.10|B:11.9|E:10.7|E:11.10,10,1,7,2,1,1,1,1,1,1,0.29166666666666663,0.3333333333333333,0.875,0,0
pb_count_interaction,2,147,-0.8010349869728088,-0.7458214552697752,0.05521353170303367,P:9.9|P:9.6|B:11.2|E:10.7|E:11.10,5,2,1,2,1,1,1,1,1,1,0.08333333333333333,0.6666666666666666,0.125,1,0
pb_count_interaction,2,202,1.0955003499984741,0.8475792128710844,-0.24792113712738972,P:9.9|P:9.6|P:10.0|B:9.7|B:10.10|E:10.7,6,3,2,1,1,1,1,1,1,1,0.25,0.5,0.125,1,1
pb_count_interaction,2,12,-1.0317822694778442,-0.8106371898073601,0.22114507967048413,E:10.7,1,0,0,1,0,0,1,0,0,0,0.0,0.0,0.0,0,0
pb_count_interaction,2,82,-0.03239645063877106,-0.3806221582173056,-0.34822570757853455,P:9.6|P:10.0|B:10.6|E:11.10,4,2,1,1,1,1,1,1,1,1,0.08333333333333333,0.3333333333333333,0.0625,1,0
pb_count_interaction,2,31,-0.23759472370147705,-0.6517836288735905,-0.4141889051721135,B:9.7|B:10.6|B:10.10|B:11.2|E:11.10,5,0,4,1,0,1,1,0,0,1,0.0,0.0,0.25,0,0
pb_count_interaction,2,153,0.2724653482437134,0.3861693955223924,0.113704047278679,P:9.9|P:9.6|B:10.2,3,2,1,0,1,1,0,1,0,0,0.08333333333333333,0.0,0.0,1,0
pb_count_interaction,2,29,-2.157961845397949,-1.4098267587292908,0.7481350866686585,B:9.7|B:11.2|E:10.7|E:11.10,4,0,2,2,0,1,1,0,0,1,0.0,0.0,0.25,0,0
pb_count_interaction,2,172,0.1690041422843933,0.552633059446167,0.3836289171617737,P:9.9|P:9.6|B:9.0|B:9.7|B:10.2|B:11.2,6,2,4,0,1,1,0,1,0,0,0.3333333333333333,0.0,0.0,1,0
pb_count_interaction,2,118,-0.1109267920255661,-0.17540413933276433,-0.06447734730719823,P:9.9|P:10.0|E:10.7|E:11.10,4,2,0,2,1,0,1,0,1,0,0.0,0.6666666666666666,0.0,1,0
pb_count_interaction,2,186,0.5278505086898804,0.09103661637319849,-0.4368138923166819,P:9.9|P:9.6|P:10.0|B:10.6|E:10.7|E:11.10,6,3,1,2,1,1,1,1,1,1,0.125,1.0,0.125,1,1
pb_count_interaction,2,79,-1.4608746767044067,-1.0443767122293668,0.41649796447503995,P:9.6|P:10.0|B:11.2|E:10.7|E:11.10,5,2,1,2,1,1,1,1,1,1,0.08333333333333333,0.6666666666666666,0.125,1,0
pb_count_interaction,2,139,1.4784176349639893,1.7271896200678931,0.24877198510390386,P:9.9|P:10.0|B:9.0|B:10.1|B:10.2|B:10.6|B:10.10|B:11.2,8,2,6,0,1,1,0,1,0,0,0.5,0.0,0.0,1,0
pb_count_interaction,2,178,0.7855501174926758,0.24979692058017355,-0.5357531969125022,P:9.9|P:9.6|P:10.0|E:10.7,4,3,0,1,1,0,1,0,1,0,0.0,0.5,0.0,1,1
pb_count_interaction,2,16,-1.3794432878494263,-0.7978291565858028,0.5816141312636235,B:9.0|B:9.7|B:10.1|B:10.2|B:10.6|B:10.10|B:11.2|B:11.9|E:10.7|E:11.10,10,0,8,2,0,1,1,0,0,1,0.0,0.0,1.0,0,0
pb_count_interaction,3,110,0.5567262768745422,0.589313599843304,0.03258732296876177,P:9.9|B:9.7|B:10.10,3,1,2,0,1,1,0,1,0,0,0.08333333333333333,0.0,0.0,0,0
pb_count_interaction,3,116,0.6422114372253418,0.7316838109079588,0.08947237368261696,P:9.9|P:10.0,2,2,0,0,1,0,0,0,0,0,0.0,0.0,0.0,1,0
pb_count_interaction,3,199,-0.008658107370138168,0.26617038020227624,0.2748284875724144,P:9.9|P:9.6|P:10.0|B:9.7|E:11.10,5,3,1,1,1,1,1,1,1,1,0.125,0.5,0.0625,1,1
pb_count_interaction,3,236,1.351872205734253,1.5382746560107616,0.1864024502765087,P:9.9|P:9.6|P:10.0|B:9.0|B:9.7|B:10.1|B:10.2|B:10.6|B:11.2|B:11.9|E:11.10,11,3,7,1,1,1,1,1,1,1,0.875,0.5,0.4375,1,1
pb_count_interaction,3,176,0.476146936416626,0.6528671412133058,0.17672020479667983,P:9.9|P:9.6|B:9.0|B:9.7|B:10.1|B:10.2|B:10.6|B:11.9|E:11.10,9,2,6,1,1,1,1,1,1,1,0.5,0.3333333333333333,0.375,1,0
pb_count_interaction,3,185,0.725487232208252,1.0850871636275476,0.3595999314192957,P:9.9|P:9.6|P:10.0|B:10.6,4,3,1,0,1,1,0,1,0,0,0.125,0.0,0.0,1,1
pb_count_interaction,3,158,-0.325837641954422,-0.5371112367807273,-0.21127359482630526,P:9.9|P:9.6|B:10.1|E:10.7|E:11.10,5,2,1,2,1,1,1,1,1,1,0.08333333333333333,0.6666666666666666,0.125,1,0
pb_count_interaction,3,2,-0.1576346457004547,-0.634619168067194,-0.47698452236673927,P:9.6,1,1,0,0,1,0,0,0,0,0,0.0,0.0,0.0,0,0
pb_count_interaction,3,209,1.248810052871704,1.6894965833963553,0.44068653052465123,P:9.9|P:9.6|P:10.0|B:9.7|B:10.1|B:10.2|B:10.6,7,3,4,0,1,1,0,1,0,0,0.5,0.0,0.0,1,1
pb_count_interaction,3,92,-0.4412705600261688,-0.6587832266997793,-0.21751266667361047,P:9.6|P:10.0|B:9.0|B:11.2|E:11.10,5,2,2,1,1,1,1,1,1,1,0.16666666666666666,0.3333333333333333,0.125,1,0
pb_count_interaction,3,98,1.0093169212341309,1.2481219636865313,0.23880504245240042,P:9.6|P:10.0|B:9.0|B:9.7|B:10.1|B:10.2|B:10.6|B:10.10|B:11.2|B:11.9,10,2,8,0,1,1,0,1,0,0,0.6666666666666666,0.0,0.0,1,0
pb_count_interaction,3,105,-0.6707934737205505,-0.45083698437491626,0.21995648934563428,P:9.9|B:11.9|E:10.7|E:11.10,4,1,1,2,1,1,1,1,1,1,0.041666666666666664,0.3333333333333333,0.125,0,0
pb_count_interaction,3,205,1.3846073150634766,1.0618394215218947,-0.32276789354158186,P:9.9|P:9.6|P:10.0|B:9.7|B:10.2|B:11.2|B:11.9|E:10.7,8,3,4,1,1,1,1,1,1,1,0.5,0.5,0.25,1,1
pb_count_interaction,3,200,0.39837050437927246,-0.03229723515776295,-0.4306677395370354,P:9.9|P:9.6|P:10.0|B:9.7|E:10.7|E:11.10,6,3,1,2,1,1,1,1,1,1,0.125,1.0,0.125,1,1
pb_count_interaction,3,23,-0.822664737701416,-0.5735563373465903,0.24910840035482573,B:10.6|E:10.7,2,0,1,1,0,1,1,0,0,1,0.0,0.0,0.0625,0,0
pb_count_interaction,3,56,-0.4917997121810913,-0.2333812277365488,0.2584184844445425,P:10.0|B:9.0|B:10.1|B:11.2|B:11.9|E:10.7,6,1,4,1,1,1,1,1,1,1,0.16666666666666666,0.16666666666666666,0.25,0,0
pb_count_interaction,3,159,0.029253222048282623,0.6561830325646145,0.6269298105163319,P:9.9|P:9.6|B:10.1|B:10.10|B:11.2,5,2,3,0,1,1,0,1,0,0,0.25,0.0,0.0,1,0
pb_count_interaction,3,239,2.1244568824768066,2.1905670474756143,0.06611016499880762,P:9.9|P:9.6|P:10.0|B:9.0|B:9.7|B:10.1|B:10.2|B:10.6|B:10.10|B:11.2|B:11.9|E:10.7,12,3,8,1,1,1,1,1,1,1,1.0,0.5,0.5,1,1
pb_count_interaction,3,63,-1.987991452217102,-1.4641471609442211,0.5238442912728809,P:9.6|E:10.7|E:11.10,3,1,0,2,1,0,1,0,1,0,0.0,0.3333333333333333,0.0,0,0
pb_count_interaction,3,90,0.6627393364906311,0.28265921612138956,-0.38008012036924155,P:9.6|P:10.0|B:9.7|B:10.1|B:11.9,5,2,3,0,1,1,0,1,0,0,0.25,0.0,0.0,1,0
pb_count_interaction,3,85,0.31950289011001587,0.24847691118721305,-0.07102597892280282,P:9.6|P:10.0|B:10.2|B:11.2|B:11.9,5,2,3,0,1,1,0,1,0,0,0.25,0.0,0.0,1,0
pb_count_interaction,3,181,0.5778552293777466,0.700928778094447,0.1230735487167004,P:9.9|P:9.6|P:10.0|B:11.2,4,3,1,0,1,1,0,1,0,0,0.125,0.0,0.0,1,1
pb_count_interaction,3,146,-0.30595070123672485,0.15497404434987017,0.460924745586595,P:9.9|P:9.6|B:11.2,3,2,1,0,1,1,0,1,0,0,0.08333333333333333,0.0,0.0,1,0
pb_count_interaction,3,117,0.02911713346838951,0.20062343339097066,0.17150629992258115,P:9.9|P:10.0|E:11.10,3,2,0,1,1,0,1,0,1,0,0.0,0.3333333333333333,0.0,1,0
pb_count_interaction,3,143,1.8553862571716309,1.593893564813329,-0.26149269235830186,P:9.9|P:10.0|B:9.0|B:9.7|B:10.1|B:10.2|B:10.6|B:10.10|B:11.2|B:11.9|E:11.10,11,2,8,1,1,1,1,1,1,1,0.6666666666666666,0.3333333333333333,0.5,1,0
pb_count_interaction,3,233,1.394734501838684,1.798396498563784,0.40366199672509984,P:9.9|P:9.6|P:10.0|B:9.0|B:9.7|B:10.1|B:10.2|B:10.10|B:11.2,9,3,6,0,1,1,0,1,0,0,0.75,0.0,0.0,1,1
pb_count_interaction,3,97,-0.00730687752366066,0.20172968632507704,0.2090365638487377,P:9.6|P:10.0|B:9.0|B:9.7|B:10.1|B:10.2|B:11.2|B:11.9|E:10.7,9,2,6,1,1,1,1,1,1,1,0.5,0.3333333333333333,0.375,1,0
pb_count_interaction,3,80,0.42400962114334106,0.21806772815886744,-0.20594189298447363,P:9.6|P:10.0|B:10.10,3,2,1,0,1,1,0,1,0,0,0.08333333333333333,0.0,0.0,1,0
pb_count_interaction,3,203,1.000139594078064,1.658122886547099,0.657983292469035,P:9.9|P:9.6|P:10.0|B:9.7|B:10.6|B:10.10,6,3,3,0,1,1,0,1,0,0,0.375,0.0,0.0,1,1
pb_count_interaction,3,182,-0.11927510797977448,0.1698684005774589,0.28914350855723336,P:9.9|P:9.6|P:10.0|B:11.2|E:11.10,5,3,1,1,1,1,1,1,1,1,0.125,0.5,0.0625,1,1
pb_count_interaction,3,17,0.46300008893013,0.6438946641076171,0.18089457517748708,P:9.9|P:9.6|P:10.0,3,3,0,0,1,0,0,0,0,0,0.0,0.0,0.0,1,1
pb_count_interaction,3,108,-0.3236079812049866,-0.11964252727566471,0.20396545392932186,P:9.9|B:10.1|B:10.2|B:11.2|E:11.10,5,1,3,1,1,1,1,1,1,1,0.125,0.16666666666666666,0.1875,0,0
pb_count_interaction,3,44,0.41070446372032166,-0.3837636021799332,-0.7944680659002549,B:9.0|B:9.7|B:10.1|B:10.10,4,0,4,0,0,1,0,0,0,0,0.0,0.0,0.0,0,0
pb_count_interaction,3,148,-0.35026711225509644,-0.013420817846043653,0.3368462944090528,P:9.9|P:9.6|B:10.10|E:11.10,4,2,1,1,1,1,1,1,1,1,0.08333333333333333,0.3333333333333333,0.0625,1,0
pb_count_interaction,3,5,0.18057629466056824,-0.5629451278948345,-0.7435214225554028,B:9.7,1,0,1,0,0,1,0,0,0,0,0.0,0.0,0.0,0,0
pb_count_interaction,3,129,0.7628957629203796,0.5838297113467806,-0.179066051573599,P:9.9|P:10.0|B:9.7|B:10.2|B:10.6|E:10.7|E:11.10,7,2,3,2,1,1,1,1,1,1,0.25,0.6666666666666666,0.375,1,0
pb_count_interaction,3,194,1.2136534452438354,1.0459460396566773,-0.16770740558715813,P:9.9|P:9.6|P:10.0|B:10.1|B:10.2|B:11.9|E:10.7,7,3,3,1,1,1,1,1,1,1,0.375,0.5,0.1875,1,1
pb_count_interaction,3,42,-0.463800311088562,-0.9722722269310415,-0.5084719158424795,B:9.0|B:9.7|B:10.10|B:11.2|B:11.9|E:11.10,6,0,5,1,0,1,1,0,0,1,0.0,0.0,0.3125,0,0
pb_count_interaction,3,183,0.8049454092979431,1.120628407402351,0.3156829981044078,P:9.9|P:9.6|P:10.0|B:10.10|B:11.2,5,3,2,0,1,1,0,1,0,0,0.25,0.0,0.0,1,1
pb_count_interaction,3,28,0.2634905278682709,-0.18441066652067573,-0.4479011943889466,B:10.1|B:10.2|B:10.10,3,0,3,0,0,1,0,0,0,0,0.0,0.0,0.0,0,0
pb_count_interaction,3,45,-0.5084518790245056,-0.44291254000016106,0.06553933902434456,B:9.0|B:9.7|B:10.1|B:10.6|B:10.10|B:11.2|B:11.9|E:10.7,8,0,7,1,0,1,1,0,0,1,0.0,0.0,0.4375,0,0
pb_count_interaction,3,61,-1.0373321771621704,-0.2522189121773173,0.7851132649848531,P:10.0|B:9.0|B:9.7|B:10.1|B:10.2|B:10.6|B:11.2|B:11.9|E:10.7|E:11.10,10,1,7,2,1,1,1,1,1,1,0.29166666666666663,0.3333333333333333,0.875,0,0
pb_count_interaction,3,94,-0.4975939989089966,0.12162884360037585,0.6192228425093724,P:9.6|P:10.0|B:9.0|B:10.1|B:10.6|B:10.10|B:11.2|B:11.9|E:10.7|E:11.10,10,2,6,2,1,1,1,1,1,1,0.5,0.6666666666666666,0.75,1,0
pb_count_interaction,3,166,0.34098827838897705,-0.240146109571599,-0.581134387960576,P:9.9|P:9.6|B:9.7|B:10.1|B:10.2|E:10.7|E:11.10,7,2,3,2,1,1,1,1,1,1,0.25,0.6666666666666666,0.375,1,0
pb_count_interaction,3,54,0.02327965945005417,-0.5069100395456332,-0.5301896989956874,P:10.0|B:10.1|E:11.10,3,1,1,1,1,1,1,1,1,1,0.041666666666666664,0.16666666666666666,0.0625,0,0
pb_count_interaction,3,41,-2.0931179523468018,-1.5209882713593559,0.5721296809874459,B:9.0|B:9.7|B:11.2|B:11.9|E:10.7|E:11.10,6,0,4,2,0,1,1,0,0,1,0.0,0.0,0.5,0,0
pb_count_interaction,3,180,0.2293887734413147,0.06381233598252878,-0.16557643745878592,P:9.9|P:9.6|P:10.0|B:11.9|E:10.7|E:11.10,6,3,1,2,1,1,1,1,1,1,0.125,1.0,0.125,1,1
pb_count_interaction,3,137,0.9683080315589905,1.0872149887917353,0.1189069572327448,P:9.9|P:10.0|B:9.0|B:10.1|B:10.2|B:11.2,6,2,4,0,1,1,0,1,0,0,0.3333333333333333,0.0,0.0,1,0
pb_count_interaction,4,135,0.3180081844329834,0.5060327138893751,0.1880245294563917,P:9.9|P:10.0|B:9.0|B:10.6|B:11.9|E:10.7|E:11.10,7,2,3,2,1,1,1,1,1,1,0.25,0.6666666666666666,0.375,1,0
pb_count_interaction,4,37,-2.0929110050201416,-1.200541892240681,0.8923691127794606,B:9.0|B:10.2|E:10.7|E:11.10,4,0,2,2,0,1,1,0,0,1,0.0,0.0,0.25,0,0
pb_count_interaction,4,91,0.38466575741767883,0.09161352941410006,-0.2930522280035788,P:9.6|P:10.0|B:9.0|B:11.9,4,2,2,0,1,1,0,1,0,0,0.16666666666666666,0.0,0.0,1,0
pb_count_interaction,4,113,-0.6673448085784912,-0.47403821598767204,0.19330659259081917,P:9.9|B:9.0|B:9.7|B:11.2|B:11.9|E:10.7|E:11.10,7,1,4,2,1,1,1,1,1,1,0.16666666666666666,0.3333333333333333,0.5,0,0
pb_count_interaction,4,38,-0.12388209998607635,-0.4105796503692372,-0.28669755038316086,B:9.0|B:10.2|B:10.10|B:11.2|B:11.9,5,0,5,0,0,1,0,0,0,0,0.0,0.0,0.0,0,0
pb_count_interaction,4,62,-0.96882164478302,-1.0603268606285914,-0.09150521584557136,P:9.6|E:11.10,2,1,0,1,1,0,1,0,1,0,0.0,0.16666666666666666,0.0,0,0
pb_count_interaction,4,57,-1.3938641548156738,-0.5625976465022132,0.8312665083134606,P:10.0|B:9.0|B:10.1|B:10.2|E:10.7|E:11.10,6,1,3,2,1,1,1,1,1,1,0.125,0.3333333333333333,0.375,0,0
pb_count_interaction,4,190,0.752892017364502,0.710578521805451,-0.04231349555905095,P:9.9|P:9.6|P:10.0|B:10.2|B:10.6|B:11.2|E:11.10,7,3,3,1,1,1,1,1,1,1,0.375,0.5,0.1875,1,1
pb_count_interaction,4,164,0.3011414110660553,0.8562817930546803,0.555140381988625,P:9.9|P:9.6|B:9.7|B:10.1|B:10.10|B:11.2|B:11.9,7,2,5,0,1,1,0,1,0,0,0.41666666666666663,0.0,0.0,1,0
pb_count_interaction,4,221,0.5948653221130371,0.6649898252779717,0.07012450316493457,P:9.9|P:9.6|P:10.0|B:9.0|B:10.1|B:10.2|B:11.2|E:11.10,8,3,4,1,1,1,1,1,1,1,0.5,0.5,0.25,1,1
pb_count_interaction,4,1,0.19358167052268982,0.3181399380382593,0.12455826751556948,P:9.9,1,1,0,0,1,0,0,0,0,0,0.0,0.0,0.0,0,0
pb_count_interaction,4,53,-0.06579640507698059,-0.2544308345254483,-0.1886344294484677,P:10.0|B:10.2|B:11.9|E:11.10,4,1,2,1,1,1,1,1,1,1,0.08333333333333333,0.16666666666666666,0.125,0,0
pb_count_interaction,4,126,0.9073482155799866,0.8075745976664457,-0.09977361791354089,P:9.9|P:10.0|B:10.1|B:10.2|E:10.7,5,2,2,1,1,1,1,1,1,1,0.16666666666666666,0.3333333333333333,0.125,1,0
pb_count_interaction,4,14,-2.1500723361968994,-1.1875398829122377,0.9625324532846617,E:10.7|E:11.10,2,0,0,2,0,0,1,0,0,0,0.0,0.0,0.0,0,0
pb_count_interaction,4,40,0.43496954441070557,-0.07736870698277301,-0.5123382513934785,B:9.0|B:10.1|B:10.6|B:10.10,4,0,4,0,0,1,0,0,0,0,0.0,0.0,0.0,0,0
pb_count_interaction,4,234,1.2642531394958496,1.7801644331358215,0.5159112936399719,P:9.9|P:9.6|P:10.0|B:9.0|B:9.7|B:10.1|B:10.2|B:10.6,8,3,5,0,1,1,0,1,0,0,0.625,0.0,0.0,1,1
pb_count_interaction,4,34,-0.45273491740226746,-0.375560992148607,0.07717392525366046,B:9.7|B:10.1|B:10.2|B:10.10|B:11.9|E:10.7,6,0,5,1,0,1,1,0,0,1,0.0,0.0,0.3125,0,0
pb_count_interaction,4,99,0.8856487274169922,0.6293411853054582,-0.25630754211153395,P:9.6|P:10.0|B:9.0|B:9.7|B:10.1|B:10.2|B:10.6|B:10.10|B:11.2|B:11.9|E:11.10,11,2,8,1,1,1,1,1,1,1,0.6666666666666666,0.3333333333333333,0.5,1,0
pb_count_interaction,4,109,0.5982384085655212,0.38980544046672283,-0.2084329680987984,P:9.9|B:10.1|B:10.2|B:10.6|B:10.10|B:11.2|E:11.10,7,1,5,1,1,1,1,1,1,1,0.20833333333333331,0.16666666666666666,0.3125,0,0
pb_count_interaction,4,49,-0.5108466744422913,-0.49747848170114645,0.013368192741144813,B:9.0|B:9.7|B:10.1|B:10.2|B:10.6|B:10.10|B:11.2|B:11.9|E:10.7,9,0,8,1,0,1,1,0,0,1,0.0,0.0,0.5,0,0
pb_count_interaction,4,127,0.24340668320655823,0.36570662577831275,0.12229994257175453,P:9.9|P:10.0|B:9.7|E:11.10,4,2,1,1,1,1,1,1,1,1,0.08333333333333333,0.3333333333333333,0.0625,1,0
pb_count_interaction,4,21,-2.092512369155884,-1.1538553880038886,0.9386569811519951,B:11.9|E:10.7|E:11.10,3,0,1,2,0,1,1,0,0,1,0.0,0.0,0.125,0,0
pb_count_interaction,4,227,1.6139283180236816,1.1319714224733433,-0.4819568955503384,P:9.9|P:9.6|P:10.0|B:9.0|B:9.7|B:10.6|B:10.10|B:11.2|B:11.9|E:10.7|E:11.10,11,3,6,2,1,1,1,1,1,1,0.75,1.0,0.75,1,1
pb_count_interaction,4,167,0.3539474606513977,0.11425354202456584,-0.23969391862683187,P:9.9|P:9.6|B:9.0|B:11.9|E:10.7,5,2,2,1,1,1,1,1,1,1,0.16666666666666666,0.3333333333333333,0.125,1,0
pb_count_interaction,4,125,1.1199581623077393,1.2817699165938201,0.16181175428608086,P:9.9|P:10.0|B:10.1|B:10.6|B:11.2|B:11.9,6,2,4,0,1,1,0,1,0,0,0.3333333333333333,0.0,0.0,1,0
pb_count_interaction,4,170,0.3828652501106262,0.6939893427336464,0.3111240926230202,P:9.9|P:9.6|B:9.0|B:10.1|B:10.6,5,2,3,0,1,1,0,1,0,0,0.25,0.0,0.0,1,0
pb_count_interaction,4,66,0.0925874263048172,-0.24457265538599737,-0.3371600816908146,P:9.6|B:10.1|B:10.2|B:11.9,4,1,3,0,1,1,0,1,0,0,0.125,0.0,0.0,0,0
pb_count_interaction,4,104,0.20134231448173523,0.1400414883334391,-0.06130082614829613,P:9.9|B:11.9|E:10.7,3,1,1,1,1,1,1,1,1,1,0.041666666666666664,0.16666666666666666,0.0625,0,0
pb_count_interaction,4,22,-0.9958476424217224,-1.105661233036141,-0.10981359061441864,B:11.2|B:11.9|E:11.10,3,0,2,1,0,1,1,0,0,1,0.0,0.0,0.125,0,0
pb_count_interaction,4,46,-0.2302396595478058,-0.906276545689491,-0.6760368861416852,B:9.0|B:9.7|B:10.1|B:10.2|B:10.10|B:11.2|B:11.9|E:11.10,8,0,7,1,0,1,1,0,0,1,0.0,0.0,0.4375,0,0
pb_count_interaction,4,111,-0.15740074217319489,-0.14991188549505435,0.007488856678140532,P:9.9|B:9.7|B:10.6|E:10.7|E:11.10,5,1,2,2,1,1,1,1,1,1,0.08333333333333333,0.3333333333333333,0.25,0,0
pb_count_interaction,4,70,-1.6255607604980469,-1.0352653085077983,0.5902954519902486,P:9.6|B:9.0|B:10.1|B:10.2|B:11.9|E:10.7|E:11.10,7,1,4,2,1,1,1,1,1,1,0.16666666666666666,0.3333333333333333,0.5,0,0
pb_count_interaction,4,77,-1.3802261352539062,-0.9178562425833396,0.4623698926705666,P:9.6|P:10.0|E:10.7|E:11.10,4,2,0,2,1,0,1,0,1,0,0.0,0.6666666666666666,0.0,1,0
pb_count_interaction,4,145,-0.9065220952033997,-0.33659299689455435,0.5699290983088453,P:9.9|P:9.6|E:11.10,3,2,0,1,1,0,1,0,1,0,0.0,0.3333333333333333,0.0,1,0
pb_count_interaction,4,207,1.186722993850708,0.8622928758460251,-0.3244301180046829,P:9.9|P:9.6|P:10.0|B:9.7|B:10.1|B:10.10|B:11.9|E:10.7|E:11.10,9,3,4,2,1,1,1,1,1,1,0.5,1.0,0.5,1,1
pb_count_interaction,4,189,0.566757321357727,0.07173699543155665,-0.4950203259261704,P:9.9|P:9.6|P:10.0|B:10.2|E:10.7|E:11.10,6,3,1,2,1,1,1,1,1,1,0.125,1.0,0.125,1,1
pb_count_interaction,4,20,2.3267788887023926,1.6139928079082588,-0.7127860807941337,P:9.9|P:9.6|P:10.0|B:9.0|B:9.7|B:10.1|B:10.2|B:10.6|B:10.10|B:11.2|B:11.9|E:10.7|E:11.10,13,3,8,2,1,1,1,1,1,1,1.0,1.0,1.0,1,1
pb_count_interaction,4,175,0.43807387351989746,0.8423820480344313,0.4043081745145338,P:9.9|P:9.6|B:9.0|B:9.7|B:10.1|B:10.10,6,2,4,0,1,1,0,1,0,0,0.3333333333333333,0.0,0.0,1,0
pb_count_interaction,4,67,0.1194758415222168,-0.36600036761546056,-0.48547620913767736,P:9.6|B:9.7|B:10.2,3,1,2,0,1,1,0,1,0,0,0.08333333333333333,0.0,0.0,0,0
pb_count_interaction,4,121,0.8768311738967896,1.0604548563248557,0.18362368242806615,P:9.9|P:10.0|B:10.6,3,2,1,0,1,1,0,1,0,0,0.08333333333333333,0.0,0.0,1,0
pb_count_interaction,4,213,0.7374193072319031,1.1021955819419729,0.3647762747100698,P:9.9|P:9.6|P:10.0|B:9.0|B:10.6,5,3,2,0,1,1,0,1,0,0,0.25,0.0,0.0,1,1
pb_count_interaction,4,211,0.18796014785766602,-0.06781173090266279,-0.2557718787603288,P:9.9|P:9.6|P:10.0|B:9.0|E:10.7|E:11.10,6,3,1,2,1,1,1,1,1,1,0.125,1.0,0.125,1,1
pb_count_interaction,4,133,1.7260209321975708,1.277649828514029,-0.4483711036835418,P:9.9|P:10.0|B:9.7|B:10.1|B:10.2|B:10.6|B:10.10|B:11.2|E:11.10,9,2,6,1,1,1,1,1,1,1,0.5,0.3333333333333333,0.375,1,0
pb_count_interaction,4,161,0.4151726961135864,-0.02449409440018324,-0.43966679051376967,P:9.9|P:9.6|B:10.1|B:10.2|B:10.10|B:11.2|E:10.7|E:11.10,8,2,4,2,1,1,1,1,1,1,0.3333333333333333,0.6666666666666666,0.5,1,0
pb_count_interaction,4,65,-1.8147789239883423,-1.0994473131402573,0.7153316108480849,P:9.6|B:10.2|B:10.10|B:11.2|E:10.7|E:11.10,6,1,3,2,1,1,1,1,1,1,0.125,0.3333333333333333,0.375,0,0
pb_count_interaction,4,220,1.2591384649276733,0.944446902975587,-0.31469156195208636,P:9.9|P:9.6|P:10.0|B:9.0|B:10.1|B:10.6|B:10.10|E:10.7|E:11.10,9,3,4,2,1,1,1,1,1,1,0.5,1.0,0.5,1,1
pb_count_interaction,4,47,0.18758109211921692,-0.45730061138838257,-0.6448817035075995,B:9.0|B:9.7|B:10.1|B:10.2|B:10.6|B:11.2,6,0,6,0,0,1,0,0,0,0,0.0,0.0,0.0,0,0
group_count_interaction,0,122,0.36294102668762207,0.5704468244422679,0.20750579775464584,P:9.9|P:10.0|B:10.6|E:11.10,4,2,1,1,1,1,1,1,1,1,0.08333333333333333,0.3333333333333333,0.0625,1,0
group_count_interaction,0,52,-1.6007912158966064,-1.0162909727164227,0.5845002431801838,P:10.0|B:10.2|E:10.7|E:11.10,4,1,1,2,1,1,1,1,1,1,0.041666666666666664,0.3333333333333333,0.125,0,0
group_count_interaction,0,169,0.7088131904602051,0.4083048196517367,-0.3005083708084684,P:9.9|P:9.6|B:9.0|B:10.2|B:10.6|B:10.10|B:11.2|B:11.9|E:10.7|E:11.10,10,2,6,2,1,1,1,1,1,1,0.5,0.6666666666666666,0.75,1,0
group_count_interaction,0,88,0.12008431553840637,-0.03088772298799275,-0.15097203852639912,P:9.6|P:10.0|B:9.7|B:10.6|B:11.2|B:11.9|E:11.10,7,2,4,1,1,1,1,1,1,1,0.3333333333333333,0.3333333333333333,0.25,1,0
group_count_interaction,0,162,0.49946871399879456,0.08859275132274369,-0.41087596267605087,P:9.9|P:9.6|B:10.1|B:10.2|B:10.6|E:10.7|E:11.10,7,2,3,2,1,1,1,1,1,1,0.25,0.6666666666666666,0.375,1,0
group_count_interaction,0,197,1.1613008975982666,1.1436788466466687,-0.017622050951597856,P:9.9|P:9.6|P:10.0|B:10.1|B:10.2|B:10.6|E:10.7|E:11.10,8,3,3,2,1,1,1,1,1,1,0.375,1.0,0.375,1,1
group_count_interaction,0,206,1.1710867881774902,1.1965155972867452,0.025428809109254935,P:9.9|P:9.6|P:10.0|B:9.7|B:10.2|B:10.6|E:10.7|E:11.10,8,3,3,2,1,1,1,1,1,1,0.375,1.0,0.375,1,1
group_count_interaction,0,225,1.2041503190994263,1.0540276724528521,-0.15012264664657415,P:9.9|P:9.6|P:10.0|B:9.0|B:9.7|B:10.6|B:11.2|B:11.9,8,3,5,0,1,1,0,1,0,0,0.625,0.0,0.0,1,1
group_count_interaction,0,51,-0.7062481641769409,-0.4893389020533585,0.2169092621235824,P:10.0|B:11.2|E:10.7,3,1,1,1,1,1,1,1,1,1,0.041666666666666664,0.16666666666666666,0.0625,0,0
group_count_interaction,0,3,0.42918601632118225,0.28602402467560284,-0.1431619916455794,P:10.0,1,1,0,0,1,0,0,0,0,0,0.0,0.0,0.0,0,0
group_count_interaction,0,68,-0.03323224559426308,-0.054424401777048714,-0.021192156182785638,P:9.6|B:9.7|B:10.1|B:10.10|B:11.2,5,1,4,0,1,1,0,1,0,0,0.16666666666666666,0.0,0.0,0,0
group_count_interaction,0,237,1.4893605709075928,1.8799235440296904,0.39056297312209765,P:9.9|P:9.6|P:10.0|B:9.0|B:9.7|B:10.1|B:10.2|B:10.6|B:10.10|B:11.9,10,3,7,0,1,1,0,1,0,0,0.875,0.0,0.0,1,1
group_count_interaction,0,32,-0.6199086308479309,-0.4575432291434842,0.1623654017044467,B:9.7|B:10.2|B:10.10|E:10.7,4,0,3,1,0,1,1,0,0,1,0.0,0.0,0.1875,0,0
group_count_interaction,0,134,0.43865135312080383,0.7307227605001505,0.29207140737934667,P:9.9|P:10.0|B:9.0|B:10.6|B:11.9|E:11.10,6,2,3,1,1,1,1,1,1,1,0.25,0.3333333333333333,0.1875,1,0
group_count_interaction,0,6,0.11284340918064117,0.09709221394373338,-0.015751195236907795,B:10.1,1,0,1,0,0,1,0,0,0,0,0.0,0.0,0.0,0,0
group_count_interaction,0,149,0.47060713171958923,0.11852633193502893,-0.3520807997845603,P:9.9|P:9.6|B:10.10|E:10.7,4,2,1,1,1,1,1,1,1,1,0.08333333333333333,0.3333333333333333,0.0625,1,0
group_count_interaction,0,155,0.781094491481781,0.6009303406519694,-0.18016415082981163,P:9.9|P:9.6|B:10.2|B:10.6|B:10.10|B:11.2|E:10.7,7,2,4,1,1,1,1,1,1,1,0.3333333333333333,0.3333333333333333,0.25,1,0
group_count_interaction,0,218,0.63037109375,0.8718000434927421,0.2414289497427421,P:9.9|P:9.6|P:10.0|B:9.0|B:10.1|B:10.10,6,3,3,0,1,1,0,1,0,0,0.375,0.0,0.0,1,1
group_count_interaction,0,83,0.6069852113723755,0.30605653411962497,-0.3009286772527505,P:9.6|P:10.0|B:10.6|B:11.9,4,2,2,0,1,1,0,1,0,0,0.16666666666666666,0.0,0.0,1,0
group_count_interaction,0,201,0.5236175656318665,0.6915688339820871,0.16795126835022067,P:9.9|P:9.6|P:10.0|B:9.7|B:11.2|B:11.9|E:10.7|E:11.10,8,3,3,2,1,1,1,1,1,1,0.375,1.0,0.375,1,1
group_count_interaction,0,96,0.8413466215133667,0.7275181332143382,-0.11382848829902847,P:9.6|P:10.0|B:9.0|B:9.7|B:10.2|B:10.6|B:10.10|B:11.2,8,2,6,0,1,1,0,1,0,0,0.5,0.0,0.0,1,0
group_count_interaction,0,89,0.003570057451725006,-0.2193453388679451,-0.2229153963196701,P:9.6|P:10.0|B:9.7|B:10.2|E:11.10,5,2,2,1,1,1,1,1,1,1,0.16666666666666666,0.3333333333333333,0.125,1,0
group_count_interaction,0,101,0.13574618101119995,-0.1258866504060585,-0.26163283141725846,P:9.9|E:10.7,2,1,0,1,1,0,1,0,1,0,0.0,0.16666666666666666,0.0,0,0
group_count_interaction,0,60,0.8043079972267151,0.7726504051449985,-0.03165759208171659,P:10.0|B:9.0|B:9.7|B:10.1|B:10.2|B:10.6|B:11.2|B:11.9,8,1,7,0,1,1,0,1,0,0,0.29166666666666663,0.0,0.0,0,0
group_count_interaction,0,222,2.0050816535949707,1.6158211165356464,-0.3892605370593243,P:9.9|P:9.6|P:10.0|B:9.0|B:10.1|B:10.2|B:10.6|B:10.10|B:11.2|E:10.7|E:11.10,11,3,6,2,1,1,1,1,1,1,0.75,1.0,0.75,1,1
group_count_interaction,0,76,-0.335871160030365,-0.6512534094794464,-0.31538224944908144,P:9.6|P:10.0|E:11.10,3,2,0,1,1,0,1,0,1,0,0.0,0.3333333333333333,0.0,1,0
group_count_interaction,0,144,-0.024949822574853897,0.09604219555749288,0.12099201813234678,P:9.9|P:9.6,2,2,0,0,1,0,0,0,0,0,0.0,0.0,0.0,1,0
group_count_interaction,0,84,-0.024493630975484848,0.23485253149434115,0.259346162469826,P:9.6|P:10.0|B:10.6|B:10.10|E:10.7,5,2,2,1,1,1,1,1,1,1,0.16666666666666666,0.3333333333333333,0.125,1,0
group_count_interaction,0,215,0.6853510737419128,0.56552223394736,-0.11982883979455283,P:9.9|P:9.6|P:10.0|B:9.0|B:10.2|B:11.2|E:10.7|E:11.10,8,3,3,2,1,1,1,1,1,1,0.375,1.0,0.375,1,1
group_count_interaction,0,24,-1.9099003076553345,-1.8505795937027854,0.05932071395254912,B:10.6|E:10.7|E:11.10,3,0,1,2,0,1,1,0,0,1,0.0,0.0,0.125,0,0
group_count_interaction,0,136,0.7345575094223022,0.8558243026722998,0.12126679324999756,P:9.9|P:10.0|B:9.0|B:10.1,4,2,2,0,1,1,0,1,0,0,0.16666666666666666,0.0,0.0,1,0
group_count_interaction,0,171,0.448146253824234,0.04382310647757803,-0.404323147346656,P:9.9|P:9.6|B:9.0|B:10.1|B:10.2|B:10.10|B:11.2|E:10.7|E:11.10,9,2,5,2,1,1,1,1,1,1,0.41666666666666663,0.6666666666666666,0.625,1,0
group_count_interaction,0,69,-1.4318113327026367,-0.9840701236463099,0.44774120905632686,P:9.6|B:9.7|B:10.1|B:10.2|B:10.6|B:11.2|B:11.9|E:10.7|E:11.10,9,1,6,2,1,1,1,1,1,1,0.25,0.3333333333333333,0.75,0,0
group_count_interaction,0,191,-0.00995168462395668,0.35290321260134777,0.36285489722530445,P:9.9|P:9.6|P:10.0|B:10.1|E:11.10,5,3,1,1,1,1,1,1,1,1,0.125,0.5,0.0625,1,1
group_count_interaction,0,235,1.4840984344482422,1.305026229609941,-0.1790722048383011,P:9.9|P:9.6|P:10.0|B:9.0|B:9.7|B:10.1|B:10.2|B:10.6|B:11.2,9,3,6,0,1,1,0,1,0,0,0.75,0.0,0.0,1,1
group_count_interaction,0,95,-1.1356269121170044,-0.6722235851578732,0.4634033269591312,P:9.6|P:10.0|B:9.0|B:9.7|E:10.7|E:11.10,6,2,2,2,1,1,1,1,1,1,0.16666666666666666,0.6666666666666666,0.25,1,0
group_count_interaction,0,87,-1.1586300134658813,-0.7114750225552975,0.44715499091058386,P:9.6|P:10.0|B:9.7|E:10.7|E:11.10,5,2,1,2,1,1,1,1,1,1,0.08333333333333333,0.6666666666666666,0.125,1,0
group_count_interaction,0,114,0.6210603713989258,0.3754424641851678,-0.24561790721375798,P:9.9|B:9.0|B:9.7|B:10.10|B:11.9|E:10.7,6,1,4,1,1,1,1,1,1,1,0.16666666666666666,0.16666666666666666,0.25,0,0
group_count_interaction,0,229,1.187390685081482,1.1919841506614435,0.004593465579961542,P:9.9|P:9.6|P:10.0|B:9.0|B:9.7|B:10.2|B:10.6,7,3,4,0,1,1,0,1,0,0,0.5,0.0,0.0,1,1
group_count_interaction,0,219,0.8841042518615723,1.2387903285888087,0.3546860767272364,P:9.9|P:9.6|P:10.0|B:9.0|B:10.1|B:10.6|B:10.10,7,3,4,0,1,1,0,1,0,0,0.5,0.0,0.0,1,1
group_count_interaction,0,217,1.5335161685943604,1.3965842929342722,-0.13693187566008813,P:9.9|P:9.6|P:10.0|B:9.0|B:10.2|B:10.6|B:10.10|B:11.2|B:11.9|E:11.10,10,3,6,1,1,1,1,1,1,1,0.75,0.5,0.375,1,1
group_count_interaction,0,4,0.0034867338836193085,-0.04891040271036294,-0.05239713659398225,B:9.0,1,0,1,0,0,1,0,0,0,0,0.0,0.0,0.0,0,0
group_count_interaction,0,130,1.2399502992630005,1.13551028583736,-0.10444001342564047,P:9.9|P:10.0|B:9.7|B:10.2|B:10.6|B:11.2|E:10.7,7,2,4,1,1,1,1,1,1,1,0.3333333333333333,0.3333333333333333,0.25,1,0
group_count_interaction,0,228,1.137394905090332,0.9284791084380895,-0.20891579665224258,P:9.9|P:9.6|P:10.0|B:9.0|B:9.7|B:10.2|B:11.2|B:11.9,8,3,5,0,1,1,0,1,0,0,0.625,0.0,0.0,1,1
group_count_interaction,0,128,1.0614135265350342,1.2434481651648959,0.1820346386298617,P:9.9|P:10.0|B:9.7|B:10.6,4,2,2,0,1,1,0,1,0,0,0.16666666666666666,0.0,0.0,1,0
group_count_interaction,0,15,0.35023680329322815,0.4132262680344325,0.06298946474120437,B:9.0|B:9.7|B:10.1|B:10.2|B:10.6|B:10.10|B:11.2|B:11.9,8,0,8,0,0,1,0,0,0,0,0.0,0.0,0.0,0,0
group_count_interaction,0,124,0.9045531749725342,1.2857302777379567,0.3811771027654225,P:9.9|P:10.0|B:10.1|B:10.10|B:11.9,5,2,3,0,1,1,0,1,0,0,0.25,0.0,0.0,1,0
group_count_interaction,0,93,0.3689282536506653,0.17652127031572568,-0.1924069833349396,P:9.6|P:10.0|B:9.0|B:10.6|B:10.10|B:11.9|E:11.10,7,2,4,1,1,1,1,1,1,1,0.3333333333333333,0.3333333333333333,0.25,1,0
group_count_interaction,1,50,-0.5812591910362244,-0.40295350328684176,0.1783056877493826,P:10.0|E:10.7,2,1,0,1,1,0,1,0,1,0,0.0,0.16666666666666666,0.0,0,0
group_count_interaction,1,106,-0.08755521476268768,0.4891497575734396,0.5767049723361273,P:9.9|B:11.2,2,1,1,0,1,1,0,1,0,0,0.041666666666666664,0.0,0.0,0,0
group_count_interaction,1,230,1.7152396440505981,1.7812230346364375,0.06598339058583935,P:9.9|P:9.6|P:10.0|B:9.0|B:9.7|B:10.2|B:10.6|B:10.10|B:11.2|B:11.9|E:11.10,11,3,7,1,1,1,1,1,1,1,0.875,0.5,0.4375,1,1
group_count_interaction,1,160,0.060559697449207306,0.40763618561631443,0.3470764881671071,P:9.9|P:9.6|B:10.1|B:10.6|B:10.10|B:11.2|E:11.10,7,2,4,1,1,1,1,1,1,1,0.3333333333333333,0.3333333333333333,0.25,1,0
group_count_interaction,1,48,-1.0930901765823364,-1.3057854479391031,-0.2126952713567667,B:9.0|B:9.7|B:10.1|B:10.2|B:10.6|B:10.10|B:11.9|E:10.7|E:11.10,9,0,7,2,0,1,1,0,0,1,0.0,0.0,0.875,0,0
group_count_interaction,1,198,0.6584311127662659,0.47086437130146386,-0.187566741464802,P:9.9|P:9.6|P:10.0|B:9.7,4,3,1,0,1,1,0,1,0,0,0.125,0.0,0.0,1,1
group_count_interaction,1,168,0.2776085138320923,0.7558297234427686,0.47822120961067627,P:9.9|P:9.6|B:9.0|B:10.2|B:10.10|B:11.2|B:11.9,7,2,5,0,1,1,0,1,0,0,0.41666666666666663,0.0,0.0,1,0
group_count_interaction,1,64,-1.8848259449005127,-1.640156636439736,0.24466930846077672,P:9.6|B:10.2|E:10.7|E:11.10,4,1,1,2,1,1,1,1,1,1,0.041666666666666664,0.3333333333333333,0.125,0,0
group_count_interaction,1,7,0.04607735201716423,0.30487232300924083,0.2587949709920766,B:10.2,1,0,1,0,0,1,0,0,0,0,0.0,0.0,0.0,0,0
group_count_interaction,1,75,0.32792341709136963,-0.16455940369237682,-0.49248282078374644,P:9.6|P:10.0,2,2,0,0,1,0,0,0,0,0,0.0,0.0,0.0,1,0
group_count_interaction,1,174,0.0011423192918300629,-0.1437435848725117,-0.14488590416434177,P:9.9|P:9.6|B:9.0|B:9.7|B:10.1|B:11.9|E:10.7|E:11.10,8,2,4,2,1,1,1,1,1,1,0.3333333333333333,0.6666666666666666,0.5,1,0
group_count_interaction,1,154,-0.12619715929031372,-0.40595666374898787,-0.27975950445867415,P:9.9|P:9.6|B:10.2|E:10.7|E:11.10,5,2,1,2,1,1,1,1,1,1,0.08333333333333333,0.6666666666666666,0.125,1,0
group_count_interaction,1,142,1.7428615093231201,1.883387661244614,0.14052615192149398,P:9.9|P:10.0|B:9.0|B:9.7|B:10.1|B:10.2|B:10.6|B:10.10|B:11.2|B:11.9,10,2,8,0,1,1,0,1,0,0,0.6666666666666666,0.0,0.0,1,0
group_count_interaction,1,10,-0.3037194609642029,-0.004325122915242285,0.2993943380489606,B:11.2,1,0,1,0,0,1,0,0,0,0,0.0,0.0,0.0,0,0
group_count_interaction,1,9,0.1278882622718811,0.40961217294503605,0.28172391067315494,B:10.10,1,0,1,0,0,1,0,0,0,0,0.0,0.0,0.0,0,0
group_count_interaction,1,177,-0.2263064682483673,0.13741995345085917,0.3637264216992265,P:9.9|P:9.6|P:10.0|E:11.10,4,3,0,1,1,0,1,0,1,0,0.0,0.5,0.0,1,1
group_count_interaction,1,36,0.2635531723499298,0.293741949496269,0.030188777146339163,B:9.0|B:10.6|B:11.9,3,0,3,0,0,1,0,0,0,0,0.0,0.0,0.0,0,0
group_count_interaction,1,210,0.46982860565185547,0.2871915071789968,-0.1826370984728587,P:9.9|P:9.6|P:10.0|B:9.0,4,3,1,0,1,1,0,1,0,0,0.125,0.0,0.0,1,1
group_count_interaction,1,138,1.0839468240737915,0.902942284485695,-0.18100453958809648,P:9.9|P:10.0|B:9.0|B:10.1|B:10.2|B:10.10|B:11.2|B:11.9|E:10.7|E:11.10,10,2,6,2,1,1,1,1,1,1,0.5,0.6666666666666666,0.75,1,0
group_count_interaction,1,141,1.28229558467865,1.2329765529948398,-0.04931903168381013,P:9.9|P:10.0|B:9.0|B:9.7|B:10.1|B:10.2|B:10.6|B:11.2|B:11.9|E:11.10,10,2,7,1,1,1,1,1,1,1,0.5833333333333333,0.3333333333333333,0.4375,1,0
group_count_interaction,1,120,0.7438116073608398,1.0791546409353736,0.33534303357453377,P:9.9|P:10.0|B:10.10,3,2,1,0,1,1,0,1,0,0,0.08333333333333333,0.0,0.0,1,0
group_count_interaction,1,131,0.40003639459609985,0.43378455737616384,0.033748162780063984,P:9.9|P:10.0|B:9.7|B:10.1|B:11.9|E:10.7|E:11.10,7,2,3,2,1,1,1,1,1,1,0.25,0.6666666666666666,0.375,1,0
group_count_interaction,1,30,-0.8866069912910461,-0.7414109522095513,0.1451960390814948,B:9.7|B:10.10|B:11.2|E:10.7,4,0,3,1,0,1,1,0,0,1,0.0,0.0,0.1875,0,0
group_count_interaction,1,193,0.6254175305366516,0.7904798409457703,0.16506231040911867,P:9.9|P:9.6|P:10.0|B:10.1|B:10.10,5,3,2,0,1,1,0,1,0,0,0.25,0.0,0.0,1,1
group_count_interaction,1,19,1.8685230016708374,1.8517129510110837,-0.016810050659753717,P:9.9|P:9.6|P:10.0|B:9.0|B:9.7|B:10.1|B:10.2|B:10.6|B:10.10|B:11.2|B:11.9,11,3,8,0,1,1,0,1,0,0,1.0,0.0,0.0,1,1
group_count_interaction,1,204,1.4221220016479492,1.5936648508708249,0.17154284922287566,P:9.9|P:9.6|P:10.0|B:9.7|B:10.6|B:10.10|B:11.9|E:10.7,8,3,4,1,1,1,1,1,1,1,0.5,0.5,0.25,1,1
group_count_interaction,1,27,-2.05269718170166,-1.863993974724707,0.1887032069769532,B:10.2|B:11.9|E:10.7|E:11.10,4,0,2,2,0,1,1,0,0,1,0.0,0.0,0.25,0,0
group_count_interaction,1,223,1.947177767753601,1.8802817351188266,-0.0668960326347745,P:9.9|P:9.6|P:10.0|B:9.0|B:10.1|B:10.2|B:10.6|B:10.10|B:11.2|B:11.9|E:10.7,11,3,7,1,1,1,1,1,1,1,0.875,0.5,0.4375,1,1
group_count_interaction,1,74,-0.022991657257080078,-0.24157702723200863,-0.21858536997492856,P:9.6|B:9.0|B:9.7|B:10.1|B:10.2|B:10.6|B:10.10|B:11.2|B:11.9|E:11.10,10,1,8,1,1,1,1,1,1,1,0.3333333333333333,0.16666666666666666,0.5,0,0
group_count_interaction,1,208,0.6361530423164368,0.8280343872249845,0.1918813449085477,P:9.9|P:9.6|P:10.0|B:9.7|B:10.1|B:10.2|E:11.10,7,3,3,1,1,1,1,1,1,1,0.375,0.5,0.1875,1,1
group_count_interaction,1,224,0.5285061001777649,0.8115857079252502,0.2830796077474853,P:9.9|P:9.6|P:10.0|B:9.0|B:9.7|B:10.6|B:11.2|E:11.10,8,3,4,1,1,1,1,1,1,1,0.5,0.5,0.25,1,1
group_count_interaction,1,173,0.6124219298362732,0.39430663642735386,-0.21811529340891933,P:9.9|P:9.6|B:9.0|B:9.7|B:10.2|B:10.6|B:11.9|E:10.7|E:11.10,9,2,5,2,1,1,1,1,1,1,0.41666666666666663,0.6666666666666666,0.625,1,0
group_count_interaction,1,18,0.16123811900615692,0.17035857988920666,0.009120460883049741,P:9.9|P:9.6|P:10.0|E:10.7|E:11.10,5,3,0,2,1,0,1,0,1,0,0.0,1.0,0.0,1,1
group_count_interaction,1,11,0.04421548917889595,0.2307491026594161,0.18653361348052014,B:11.9,1,0,1,0,0,1,0,0,0,0,0.0,0.0,0.0,0,0
group_count_interaction,1,187,0.8978749513626099,0.6288300373117954,-0.26904491405081443,P:9.9|P:9.6|P:10.0|B:10.6|B:11.2,5,3,2,0,1,1,0,1,0,0,0.25,0.0,0.0,1,1
group_count_interaction,1,151,0.27609238028526306,0.4764235337166722,0.20033115343140911,P:9.9|P:9.6|B:10.6,3,2,1,0,1,1,0,1,0,0,0.08333333333333333,0.0,0.0,1,0
group_count_interaction,1,157,0.37768739461898804,-0.08581734114852835,-0.4635047357675164,P:9.9|P:9.6|B:10.1|E:10.7,4,2,1,1,1,1,1,1,1,1,0.08333333333333333,0.3333333333333333,0.0625,1,0
group_count_interaction,1,59,0.9626399278640747,0.6830465836988031,-0.2795933441652716,P:10.0|B:9.0|B:9.7|B:10.1|B:10.6|B:11.9,6,1,5,0,1,1,0,1,0,0,0.20833333333333331,0.0,0.0,0,0
group_count_interaction,1,103,0.2608196437358856,0.724223983148098,0.4634043394122124,P:9.9|B:11.9,2,1,1,0,1,1,0,1,0,0,0.041666666666666664,0.0,0.0,0,0
group_count_interaction,1,156,0.08269024640321732,0.22413604149036886,0.14144579508715155,P:9.9|P:9.6|B:10.1,3,2,1,0,1,1,0,1,0,0,0.08333333333333333,0.0,0.0,1,0
group_count_interaction,1,123,0.7120844125747681,0.45402265165570654,-0.2580617609190615,P:9.9|P:10.0|B:10.1|B:11.2|E:10.7,5,2,2,1,1,1,1,1,1,1,0.16666666666666666,0.3333333333333333,0.125,1,0
group_count_interaction,1,78,-1.3243666887283325,-0.7974871770858387,0.5268795116424938,P:9.6|P:10.0|B:11.9|E:10.7|E:11.10,5,2,1,2,1,1,1,1,1,1,0.08333333333333333,0.6666666666666666,0.125,1,0
group_count_interaction,1,115,0.6769262552261353,1.0554561873691428,0.37852993214300756,P:9.9|B:9.0|B:9.7|B:10.1|B:10.2|B:10.10|B:11.2|B:11.9,8,1,7,0,1,1,0,1,0,0,0.29166666666666663,0.0,0.0,0,0
group_count_interaction,1,81,-0.23705950379371643,-0.13895128136949375,0.09810822242422268,P:9.6|P:10.0|B:10.10|E:10.7,4,2,1,1,1,1,1,1,1,1,0.08333333333333333,0.3333333333333333,0.0625,1,0
group_count_interaction,1,58,0.9003594517707825,1.0527661421894443,0.15240669041866184,P:10.0|B:9.0|B:10.1|B:10.2|B:10.6|B:10.10|B:11.9,7,1,6,0,1,1,0,1,0,0,0.25,0.0,0.0,0,0
group_count_interaction,1,8,0.2057855874300003,0.3976263124052787,0.19184072497527838,B:10.6,1,0,1,0,0,1,0,0,0,0,0.0,0.0,0.0,0,0
group_count_interaction,1,212,0.9004754424095154,0.3514101237583884,-0.549065318651127,P:9.9|P:9.6|P:10.0|B:9.0|B:11.2|E:10.7,6,3,2,1,1,1,1,1,1,1,0.25,0.5,0.125,1,1
group_count_interaction,1,119,0.09514226019382477,0.42061874521902876,0.325476485025204,P:9.9|P:10.0|B:11.9|E:11.10,4,2,1,1,1,1,1,1,1,1,0.08333333333333333,0.3333333333333333,0.0625,1,0
group_count_interaction,2,163,-0.5653444528579712,0.02159708311561187,0.586941535973583,P:9.9|P:9.6|B:9.7|B:10.2|B:11.2|E:11.10,6,2,3,1,1,1,1,1,1,1,0.25,0.3333333333333333,0.1875,1,0
group_count_interaction,2,35,0.04845794662833214,0.004031127333075098,-0.04442681929525704,B:9.0|B:11.9,2,0,2,0,0,1,0,0,0,0,0.0,0.0,0.0,0,0
group_count_interaction,2,140,1.296229362487793,1.1555117106627049,-0.1407176518250881,P:9.9|P:10.0|B:9.0|B:9.7|B:10.1|B:10.2|B:10.10|B:11.2|B:11.9|E:10.7|E:11.10,11,2,7,2,1,1,1,1,1,1,0.5833333333333333,0.6666666666666666,0.875,1,0
group_count_interaction,2,26,-0.9894403219223022,-0.7754351345521395,0.21400518737016272,B:10.2|E:10.7,2,0,1,1,0,1,1,0,0,1,0.0,0.0,0.0625,0,0
group_count_interaction,2,152,-0.1534038931131363,-0.41354885318937107,-0.2601449600762348,P:9.9|P:9.6|B:10.6|E:10.7|E:11.10,5,2,1,2,1,1,1,1,1,1,0.08333333333333333,0.6666666666666666,0.125,1,0
group_count_interaction,2,179,0.8624302744865417,0.5483332730141881,-0.31409700147235364,P:9.9|P:9.6|P:10.0|B:11.9|E:10.7,5,3,1,1,1,1,1,1,1,1,0.125,0.5,0.0625,1,1
group_count_interaction,2,86,-0.13070634007453918,-0.6044200780169229,-0.4737137379423837,P:9.6|P:10.0|B:10.1|E:11.10,4,2,1,1,1,1,1,1,1,1,0.08333333333333333,0.3333333333333333,0.0625,1,0
group_count_interaction,2,238,2.2124011516571045,1.989266269142544,-0.22313488251456048,P:9.9|P:9.6|P:10.0|B:9.0|B:9.7|B:10.1|B:10.2|B:10.6|B:10.10|B:11.2|E:10.7|E:11.10,12,3,7,2,1,1,1,1,1,1,0.875,1.0,0.875,1,1
group_count_interaction,2,55,0.44097352027893066,0.1982896433675897,-0.24268387691134097,P:10.0|B:9.0,2,1,1,0,1,1,0,1,0,0,0.041666666666666664,0.0,0.0,0,0
group_count_interaction,2,195,1.2756190299987793,1.064222314604425,-0.21139671539435434,P:9.9|P:9.6|P:10.0|B:10.1|B:10.2|B:10.10|E:10.7|E:11.10,8,3,3,2,1,1,1,1,1,1,0.375,1.0,0.375,1,1
group_count_interaction,2,112,0.874880850315094,0.6177642921949154,-0.25711655812017864,P:9.9|B:9.7|B:10.1|B:10.2|B:10.6|B:10.10|B:11.2|B:11.9|E:11.10,9,1,7,1,1,1,1,1,1,1,0.29166666666666663,0.16666666666666666,0.4375,0,0
group_count_interaction,2,188,0.19750064611434937,0.4196846824214946,0.22218403630714523,P:9.9|P:9.6|P:10.0|B:10.2|E:11.10,5,3,1,1,1,1,1,1,1,1,0.125,0.5,0.0625,1,1
group_count_interaction,2,72,0.32262489199638367,0.08999714993254358,-0.23262774206384007,P:9.6|B:9.0|B:9.7|B:10.6|B:11.9,5,1,4,0,1,1,0,1,0,0,0.16666666666666666,0.0,0.0,0,0
group_count_interaction,2,25,-0.6552460789680481,-1.0342585758597285,-0.3790124968916804,B:10.2|E:11.10,2,0,1,1,0,1,1,0,0,1,0.0,0.0,0.0625,0,0
group_count_interaction,2,39,-1.9024442434310913,-2.053125424048326,-0.15068118061723457,B:9.0|B:10.1|B:10.10|B:11.2|E:10.7|E:11.10,6,0,4,2,0,1,1,0,0,1,0.0,0.0,0.5,0,0
group_count_interaction,2,192,0.3790181577205658,0.297541614989302,-0.08147654273126381,P:9.9|P:9.6|P:10.0|B:10.1|E:10.7|E:11.10,6,3,1,2,1,1,1,1,1,1,0.125,1.0,0.125,1,1
group_count_interaction,2,100,-0.21319368481636047,0.7156135825297683,0.9288072673461287,P:9.6|P:10.0|B:9.0|B:9.7|B:10.1|B:10.2|B:10.6|B:10.10|B:11.2|B:11.9|E:10.7|E:11.10,12,2,8,2,1,1,1,1,1,1,0.6666666666666666,0.6666666666666666,1.0,1,0
group_count_interaction,2,132,0.789038896560669,0.6863596302918524,-0.10267926626881652,P:9.9|P:10.0|B:9.7|B:10.1|B:10.2|B:11.2|E:11.10,7,2,4,1,1,1,1,1,1,1,0.3333333333333333,0.3333333333333333,0.25,1,0
group_count_interaction,2,226,1.4540021419525146,1.6150032710630686,0.16100112911055398,P:9.9|P:9.6|P:10.0|B:9.0|B:9.7|B:10.6|B:10.10|B:11.9|E:10.7,9,3,5,1,1,1,1,1,1,1,0.625,0.5,0.3125,1,1
group_count_interaction,2,216,1.3256909847259521,1.1585807666278252,-0.16711021809812698,P:9.9|P:9.6|P:10.0|B:9.0|B:10.2|B:10.6|E:10.7,7,3,3,1,1,1,1,1,1,1,0.375,0.5,0.1875,1,1
group_count_interaction,2,184,0.9177335500717163,0.7805601478558832,-0.13717340221583307,P:9.9|P:9.6|P:10.0|B:10.10|B:11.2|B:11.9|E:10.7|E:11.10,8,3,3,2,1,1,1,1,1,1,0.375,1.0,0.375,1,1
group_count_interaction,2,33,-1.4734752178192139,-1.6144428419741303,-0.14096762415491648,B:9.7|B:10.1|B:10.6|B:10.10|B:11.2|E:10.7|E:11.10,7,0,5,2,0,1,1,0,0,1,0.0,0.0,0.625,0,0
group_count_interaction,2,107,0.5038124322891235,0.187843160052808,-0.31596927223631555,P:9.9|B:10.1|B:10.6|E:10.7,4,1,2,1,1,1,1,1,1,1,0.08333333333333333,0.16666666666666666,0.125,0,0
group_count_interaction,2,165,0.0528549998998642,0.015883764099407727,-0.03697123580045647,P:9.9|P:9.6|B:9.7|B:10.1|B:10.6|B:11.2|E:10.7|E:11.10,8,2,4,2,1,1,1,1,1,1,0.3333333333333333,0.6666666666666666,0.5,1,0
group_count_interaction,2,43,0.25424113869667053,0.24544151117531,-0.008799627521360542,B:9.0|B:9.7|B:10.6|B:10.10|B:11.2|B:11.9,6,0,6,0,0,1,0,0,0,0,0.0,0.0,0.0,0,0
group_count_interaction,2,71,-1.9208564758300781,-1.3552321672090528,0.5656243086210253,P:9.6|B:9.0|B:10.1|B:10.2|B:11.2|B:11.9|E:10.7|E:11.10,8,1,5,2,1,1,1,1,1,1,0.20833333333333331,0.3333333333333333,0.625,0,0
group_count_interaction,2,102,-0.7290076017379761,-1.126202679052867,-0.3971950773148909,P:9.9|E:10.7|E:11.10,3,1,0,2,1,0,1,0,1,0,0.0,0.3333333333333333,0.0,0,0
group_count_interaction,2,196,1.602601408958435,1.3837260793604775,-0.21887532959795752,P:9.9|P:9.6|P:10.0|B:10.1|B:10.2|B:10.10|B:11.2|B:11.9|E:10.7|E:11.10,10,3,5,2,1,1,1,1,1,1,0.625,1.0,0.625,1,1
group_count_interaction,2,214,1.3109846115112305,1.089827007367723,-0.2211576041435075,P:9.9|P:9.6|P:10.0|B:9.0|B:10.6|B:10.10|B:11.2|E:10.7|E:11.10,9,3,4,2,1,1,1,1,1,1,0.5,1.0,0.5,1,1
group_count_interaction,2,13,-0.7300630211830139,-1.2367352689998974,-0.5066722478168835,E:11.10,1,0,0,1,0,0,1,0,0,0,0.0,0.0,0.0,0,0
group_count_interaction,2,232,1.248700737953186,1.4434890945798347,0.19478835662664862,P:9.9|P:9.6|P:10.0|B:9.0|B:9.7|B:10.1|B:10.2|B:11.2|B:11.9|E:10.7|E:11.10,11,3,6,2,1,1,1,1,1,1,0.75,1.0,0.75,1,1
group_count_interaction,2,231,1.8862351179122925,1.8590914184276488,-0.02714369948464368,P:9.9|P:9.6|P:10.0|B:9.0|B:9.7|B:10.1|B:10.6|B:10.10|B:11.2|B:11.9|E:10.7|E:11.10,12,3,7,2,1,1,1,1,1,1,0.875,1.0,0.875,1,1
group_count_interaction,2,150,0.007378906011581421,-0.4617957410624518,-0.4691746470740332,P:9.9|P:9.6|B:10.10|E:10.7|E:11.10,5,2,1,2,1,1,1,1,1,1,0.08333333333333333,0.6666666666666666,0.125,1,0
group_count_interaction,2,73,-0.7453505396842957,-0.5054950878849274,0.2398554517993683,P:9.6|B:9.0|B:9.7|B:10.1|B:10.2|B:10.6|B:10.10|B:11.9|E:10.7|E:11.10,10,1,7,2,1,1,1,1,1,1,0.29166666666666663,0.3333333333333333,0.875,0,0
group_count_interaction,2,147,-0.8010349869728088,-0.7787978252066269,0.022237161766181957,P:9.9|P:9.6|B:11.2|E:10.7|E:11.10,5,2,1,2,1,1,1,1,1,1,0.08333333333333333,0.6666666666666666,0.125,1,0
group_count_interaction,2,202,1.0955003499984741,0.9202808346190712,-0.17521951537940295,P:9.9|P:9.6|P:10.0|B:9.7|B:10.10|E:10.7,6,3,2,1,1,1,1,1,1,1,0.25,0.5,0.125,1,1
group_count_interaction,2,12,-1.0317822694778442,-0.9779118276923087,0.05387044178553557,E:10.7,1,0,0,1,0,0,1,0,0,0,0.0,0.0,0.0,0,0
group_count_interaction,2,82,-0.03239645063877106,-0.3926584220333135,-0.36026197139454247,P:9.6|P:10.0|B:10.6|E:11.10,4,2,1,1,1,1,1,1,1,1,0.08333333333333333,0.3333333333333333,0.0625,1,0
group_count_interaction,2,31,-0.23759472370147705,-0.8199488445242493,-0.5823541208227723,B:9.7|B:10.6|B:10.10|B:11.2|E:11.10,5,0,4,1,0,1,1,0,0,1,0.0,0.0,0.25,0,0
group_count_interaction,2,153,0.2724653482437134,0.4037634655274269,0.13129811728371354,P:9.9|P:9.6|B:10.2,3,2,1,0,1,1,0,1,0,0,0.08333333333333333,0.0,0.0,1,0
group_count_interaction,2,29,-2.157961845397949,-2.2061672439665934,-0.04820539856864414,B:9.7|B:11.2|E:10.7|E:11.10,4,0,2,2,0,1,1,0,0,1,0.0,0.0,0.25,0,0
group_count_interaction,2,172,0.1690041422843933,0.49713647492574475,0.32813233264135144,P:9.9|P:9.6|B:9.0|B:9.7|B:10.2|B:11.2,6,2,4,0,1,1,0,1,0,0,0.3333333333333333,0.0,0.0,1,0
group_count_interaction,2,118,-0.1109267920255661,-0.25079987193057873,-0.13987307990501263,P:9.9|P:10.0|E:10.7|E:11.10,4,2,0,2,1,0,1,0,1,0,0.0,0.6666666666666666,0.0,1,0
group_count_interaction,2,186,0.5278505086898804,0.5093032709729113,-0.01854723771696909,P:9.9|P:9.6|P:10.0|B:10.6|E:10.7|E:11.10,6,3,1,2,1,1,1,1,1,1,0.125,1.0,0.125,1,1
group_count_interaction,2,79,-1.4608746767044067,-1.0559469720807715,0.40492770462363525,P:9.6|P:10.0|B:11.2|E:10.7|E:11.10,5,2,1,2,1,1,1,1,1,1,0.08333333333333333,0.6666666666666666,0.125,1,0
group_count_interaction,2,139,1.4784176349639893,1.4909153225830227,0.01249768761903347,P:9.9|P:10.0|B:9.0|B:10.1|B:10.2|B:10.6|B:10.10|B:11.2,8,2,6,0,1,1,0,1,0,0,0.5,0.0,0.0,1,0
group_count_interaction,2,178,0.7855501174926758,0.3336834794689323,-0.4518666380237435,P:9.9|P:9.6|P:10.0|E:10.7,4,3,0,1,1,0,1,0,1,0,0.0,0.5,0.0,1,1
group_count_interaction,2,16,-1.3794432878494263,-1.2528225070662136,0.1266207807832127,B:9.0|B:9.7|B:10.1|B:10.2|B:10.6|B:10.10|B:11.2|B:11.9|E:10.7|E:11.10,10,0,8,2,0,1,1,0,0,1,0.0,0.0,1.0,0,0
group_count_interaction,3,110,0.5567262768745422,0.8774288650652069,0.32070258819066466,P:9.9|B:9.7|B:10.10,3,1,2,0,1,1,0,1,0,0,0.08333333333333333,0.0,0.0,0,0
group_count_interaction,3,116,0.6422114372253418,0.7116712114009557,0.06945977417561389,P:9.9|P:10.0,2,2,0,0,1,0,0,0,0,0,0.0,0.0,0.0,1,0
group_count_interaction,3,199,-0.008658107370138168,0.32890186957683987,0.33755997694697804,P:9.9|P:9.6|P:10.0|B:9.7|E:11.10,5,3,1,1,1,1,1,1,1,1,0.125,0.5,0.0625,1,1
group_count_interaction,3,236,1.351872205734253,1.5109991016042978,0.15912689587004492,P:9.9|P:9.6|P:10.0|B:9.0|B:9.7|B:10.1|B:10.2|B:10.6|B:11.2|B:11.9|E:11.10,11,3,7,1,1,1,1,1,1,1,0.875,0.5,0.4375,1,1
group_count_interaction,3,176,0.476146936416626,0.7117216576869361,0.2355747212703101,P:9.9|P:9.6|B:9.0|B:9.7|B:10.1|B:10.2|B:10.6|B:11.9|E:11.10,9,2,6,1,1,1,1,1,1,1,0.5,0.3333333333333333,0.375,1,0
group_count_interaction,3,185,0.725487232208252,0.7043738139168559,-0.021113418291396013,P:9.9|P:9.6|P:10.0|B:10.6,4,3,1,0,1,1,0,1,0,0,0.125,0.0,0.0,1,1
group_count_interaction,3,158,-0.325837641954422,-0.5480703355533127,-0.22223269359889075,P:9.9|P:9.6|B:10.1|E:10.7|E:11.10,5,2,1,2,1,1,1,1,1,1,0.08333333333333333,0.6666666666666666,0.125,1,0
group_count_interaction,3,2,-0.1576346457004547,-0.3334486490901807,-0.17581400338972597,P:9.6,1,1,0,0,1,0,0,0,0,0,0.0,0.0,0.0,0,0
group_count_interaction,3,209,1.248810052871704,1.2737899745165222,0.024979921644818104,P:9.9|P:9.6|P:10.0|B:9.7|B:10.1|B:10.2|B:10.6,7,3,4,0,1,1,0,1,0,0,0.5,0.0,0.0,1,1
group_count_interaction,3,92,-0.4412705600261688,-0.740549793012548,-0.29927923298637915,P:9.6|P:10.0|B:9.0|B:11.2|E:11.10,5,2,2,1,1,1,1,1,1,1,0.16666666666666666,0.3333333333333333,0.125,1,0
group_count_interaction,3,98,1.0093169212341309,0.8981991455706864,-0.1111177756634445,P:9.6|P:10.0|B:9.0|B:9.7|B:10.1|B:10.2|B:10.6|B:10.10|B:11.2|B:11.9,10,2,8,0,1,1,0,1,0,0,0.6666666666666666,0.0,0.0,1,0
group_count_interaction,3,105,-0.6707934737205505,-0.8861782864126111,-0.21538481269206056,P:9.9|B:11.9|E:10.7|E:11.10,4,1,1,2,1,1,1,1,1,1,0.041666666666666664,0.3333333333333333,0.125,0,0
group_count_interaction,3,205,1.3846073150634766,1.0435700867153255,-0.3410372283481511,P:9.9|P:9.6|P:10.0|B:9.7|B:10.2|B:11.2|B:11.9|E:10.7,8,3,4,1,1,1,1,1,1,1,0.5,0.5,0.25,1,1
group_count_interaction,3,200,0.39837050437927246,0.42032836957143727,0.021957865192164805,P:9.9|P:9.6|P:10.0|B:9.7|E:10.7|E:11.10,6,3,1,2,1,1,1,1,1,1,0.125,1.0,0.125,1,1
group_count_interaction,3,23,-0.822664737701416,-0.6374523841378438,0.18521235356357224,B:10.6|E:10.7,2,0,1,1,0,1,1,0,0,1,0.0,0.0,0.0625,0,0
group_count_interaction,3,56,-0.4917997121810913,-0.37058529515034166,0.12121441703074964,P:10.0|B:9.0|B:10.1|B:11.2|B:11.9|E:10.7,6,1,4,1,1,1,1,1,1,1,0.16666666666666666,0.16666666666666666,0.25,0,0
group_count_interaction,3,159,0.029253222048282623,0.4220877983190371,0.39283457627075447,P:9.9|P:9.6|B:10.1|B:10.10|B:11.2,5,2,3,0,1,1,0,1,0,0,0.25,0.0,0.0,1,0
group_count_interaction,3,239,2.1244568824768066,2.1112049505643675,-0.013251931912439119,P:9.9|P:9.6|P:10.0|B:9.0|B:9.7|B:10.1|B:10.2|B:10.6|B:10.10|B:11.2|B:11.9|E:10.7,12,3,8,1,1,1,1,1,1,1,1.0,0.5,0.5,1,1
group_count_interaction,3,63,-1.987991452217102,-1.9095968005010993,0.0783946517160028,P:9.6|E:10.7|E:11.10,3,1,0,2,1,0,1,0,1,0,0.0,0.3333333333333333,0.0,0,0
group_count_interaction,3,90,0.6627393364906311,0.14146457511857213,-0.521274761372059,P:9.6|P:10.0|B:9.7|B:10.1|B:11.9,5,2,3,0,1,1,0,1,0,0,0.25,0.0,0.0,1,0
group_count_interaction,3,85,0.31950289011001587,0.03869200243757959,-0.2808108876724363,P:9.6|P:10.0|B:10.2|B:11.2|B:11.9,5,2,3,0,1,1,0,1,0,0,0.25,0.0,0.0,1,0
group_count_interaction,3,181,0.5778552293777466,0.2553673709889911,-0.3224878583887555,P:9.9|P:9.6|P:10.0|B:11.2,4,3,1,0,1,1,0,1,0,0,0.125,0.0,0.0,1,1
group_count_interaction,3,146,-0.30595070123672485,0.05644233415233252,0.36239303538905737,P:9.9|P:9.6|B:11.2,3,2,1,0,1,1,0,1,0,0,0.08333333333333333,0.0,0.0,1,0
group_count_interaction,3,117,0.02911713346838951,0.16660334662478735,0.13748621315639784,P:9.9|P:10.0|E:11.10,3,2,0,1,1,0,1,0,1,0,0.0,0.3333333333333333,0.0,1,0
group_count_interaction,3,143,1.8553862571716309,1.5520282602151187,-0.3033579969565121,P:9.9|P:10.0|B:9.0|B:9.7|B:10.1|B:10.2|B:10.6|B:10.10|B:11.2|B:11.9|E:11.10,11,2,8,1,1,1,1,1,1,1,0.6666666666666666,0.3333333333333333,0.5,1,0
group_count_interaction,3,233,1.394734501838684,1.1921815658912198,-0.20255293594746426,P:9.9|P:9.6|P:10.0|B:9.0|B:9.7|B:10.1|B:10.2|B:10.10|B:11.2,9,3,6,0,1,1,0,1,0,0,0.75,0.0,0.0,1,1
group_count_interaction,3,97,-0.00730687752366066,0.17668869734593295,0.18399557486959361,P:9.6|P:10.0|B:9.0|B:9.7|B:10.1|B:10.2|B:11.2|B:11.9|E:10.7,9,2,6,1,1,1,1,1,1,1,0.5,0.3333333333333333,0.375,1,0
group_count_interaction,3,80,0.42400962114334106,0.0955820224938832,-0.32842759864945786,P:9.6|P:10.0|B:10.10,3,2,1,0,1,1,0,1,0,0,0.08333333333333333,0.0,0.0,1,0
group_count_interaction,3,203,1.000139594078064,1.2116453889203758,0.2115057948423118,P:9.9|P:9.6|P:10.0|B:9.7|B:10.6|B:10.10,6,3,3,0,1,1,0,1,0,0,0.375,0.0,0.0,1,1
group_count_interaction,3,182,-0.11927510797977448,0.10989947905582087,0.22917458703559535,P:9.9|P:9.6|P:10.0|B:11.2|E:11.10,5,3,1,1,1,1,1,1,1,1,0.125,0.5,0.0625,1,1
group_count_interaction,3,17,0.46300008893013,0.29226307758896897,-0.17073701134116104,P:9.9|P:9.6|P:10.0,3,3,0,0,1,0,0,0,0,0,0.0,0.0,0.0,1,1
group_count_interaction,3,108,-0.3236079812049866,-0.16656977001461207,0.1570382111903745,P:9.9|B:10.1|B:10.2|B:11.2|E:11.10,5,1,3,1,1,1,1,1,1,1,0.125,0.16666666666666666,0.1875,0,0
group_count_interaction,3,44,0.41070446372032166,0.20064849435426954,-0.21005596936605211,B:9.0|B:9.7|B:10.1|B:10.10,4,0,4,0,0,1,0,0,0,0,0.0,0.0,0.0,0,0
group_count_interaction,3,148,-0.35026711225509644,-0.08841836699155606,0.2618487452635404,P:9.9|P:9.6|B:10.10|E:11.10,4,2,1,1,1,1,1,1,1,1,0.08333333333333333,0.3333333333333333,0.0625,1,0
group_count_interaction,3,5,0.18057629466056824,0.1254772841402373,-0.05509901052033095,B:9.7,1,0,1,0,0,1,0,0,0,0,0.0,0.0,0.0,0,0
group_count_interaction,3,129,0.7628957629203796,0.7907074524809704,0.02781168956059077,P:9.9|P:10.0|B:9.7|B:10.2|B:10.6|E:10.7|E:11.10,7,2,3,2,1,1,1,1,1,1,0.25,0.6666666666666666,0.375,1,0
group_count_interaction,3,194,1.2136534452438354,0.9957523728637384,-0.21790107238009704,P:9.9|P:9.6|P:10.0|B:10.1|B:10.2|B:11.9|E:10.7,7,3,3,1,1,1,1,1,1,1,0.375,0.5,0.1875,1,1
group_count_interaction,3,42,-0.463800311088562,-1.0431575882791189,-0.5793572771905569,B:9.0|B:9.7|B:10.10|B:11.2|B:11.9|E:11.10,6,0,5,1,0,1,1,0,0,1,0.0,0.0,0.3125,0,0
group_count_interaction,3,183,0.8049454092979431,0.5805322620714697,-0.22441314722647343,P:9.9|P:9.6|P:10.0|B:10.10|B:11.2,5,3,2,0,1,1,0,1,0,0,0.25,0.0,0.0,1,1
group_count_interaction,3,28,0.2634905278682709,0.37066719897508016,0.10717667110680928,B:10.1|B:10.2|B:10.10,3,0,3,0,0,1,0,0,0,0,0.0,0.0,0.0,0,0
group_count_interaction,3,45,-0.5084518790245056,-0.467497267709738,0.04095461131476763,B:9.0|B:9.7|B:10.1|B:10.6|B:10.10|B:11.2|B:11.9|E:10.7,8,0,7,1,0,1,1,0,0,1,0.0,0.0,0.4375,0,0
group_count_interaction,3,61,-1.0373321771621704,-0.3348316088184179,0.7025005683437525,P:10.0|B:9.0|B:9.7|B:10.1|B:10.2|B:10.6|B:11.2|B:11.9|E:10.7|E:11.10,10,1,7,2,1,1,1,1,1,1,0.29166666666666663,0.3333333333333333,0.875,0,0
group_count_interaction,3,94,-0.4975939989089966,0.16389952449870293,0.6614935234076995,P:9.6|P:10.0|B:9.0|B:10.1|B:10.6|B:10.10|B:11.2|B:11.9|E:10.7|E:11.10,10,2,6,2,1,1,1,1,1,1,0.5,0.6666666666666666,0.75,1,0
group_count_interaction,3,166,0.34098827838897705,-0.0566669969087259,-0.39765527529770295,P:9.9|P:9.6|B:9.7|B:10.1|B:10.2|E:10.7|E:11.10,7,2,3,2,1,1,1,1,1,1,0.25,0.6666666666666666,0.375,1,0
group_count_interaction,3,54,0.02327965945005417,-0.590539239244366,-0.6138188986944202,P:10.0|B:10.1|E:11.10,3,1,1,1,1,1,1,1,1,1,0.041666666666666664,0.16666666666666666,0.0625,0,0
group_count_interaction,3,41,-2.0931179523468018,-2.142374183644268,-0.04925623129746626,B:9.0|B:9.7|B:11.2|B:11.9|E:10.7|E:11.10,6,0,4,2,0,1,1,0,0,1,0.0,0.0,0.5,0,0
group_count_interaction,3,180,0.2293887734413147,0.38668187235229645,0.15729309891098175,P:9.9|P:9.6|P:10.0|B:11.9|E:10.7|E:11.10,6,3,1,2,1,1,1,1,1,1,0.125,1.0,0.125,1,1
group_count_interaction,3,137,0.9683080315589905,0.9141996120295404,-0.054108419529450114,P:9.9|P:10.0|B:9.0|B:10.1|B:10.2|B:11.2,6,2,4,0,1,1,0,1,0,0,0.3333333333333333,0.0,0.0,1,0
group_count_interaction,4,135,0.3180081844329834,0.5084787360969412,0.19047055166395777,P:9.9|P:10.0|B:9.0|B:10.6|B:11.9|E:10.7|E:11.10,7,2,3,2,1,1,1,1,1,1,0.25,0.6666666666666666,0.375,1,0
group_count_interaction,4,37,-2.0929110050201416,-2.0163093487319848,0.07660165628815685,B:9.0|B:10.2|E:10.7|E:11.10,4,0,2,2,0,1,1,0,0,1,0.0,0.0,0.25,0,0
group_count_interaction,4,91,0.38466575741767883,-0.03665969168251956,-0.4213254491001984,P:9.6|P:10.0|B:9.0|B:11.9,4,2,2,0,1,1,0,1,0,0,0.16666666666666666,0.0,0.0,1,0
group_count_interaction,4,113,-0.6673448085784912,-0.7865648961910178,-0.11922008761252656,P:9.9|B:9.0|B:9.7|B:11.2|B:11.9|E:10.7|E:11.10,7,1,4,2,1,1,1,1,1,1,0.16666666666666666,0.3333333333333333,0.5,0,0
group_count_interaction,4,38,-0.12388209998607635,0.10634311666779966,0.23022521665387602,B:9.0|B:10.2|B:10.10|B:11.2|B:11.9,5,0,5,0,0,1,0,0,0,0,0.0,0.0,0.0,0,0
group_count_interaction,4,62,-0.96882164478302,-1.2151564405382103,-0.24633479575519024,P:9.6|E:11.10,2,1,0,1,1,0,1,0,1,0,0.0,0.16666666666666666,0.0,0,0
group_count_interaction,4,57,-1.3938641548156738,-0.9174377127625718,0.47642644205310203,P:10.0|B:9.0|B:10.1|B:10.2|E:10.7|E:11.10,6,1,3,2,1,1,1,1,1,1,0.125,0.3333333333333333,0.375,0,0
group_count_interaction,4,190,0.752892017364502,0.8001297346362678,0.047237717271765844,P:9.9|P:9.6|P:10.0|B:10.2|B:10.6|B:11.2|E:11.10,7,3,3,1,1,1,1,1,1,1,0.375,0.5,0.1875,1,1
group_count_interaction,4,164,0.3011414110660553,0.68032577646654,0.3791843654004847,P:9.9|P:9.6|B:9.7|B:10.1|B:10.10|B:11.2|B:11.9,7,2,5,0,1,1,0,1,0,0,0.41666666666666663,0.0,0.0,1,0
group_count_interaction,4,221,0.5948653221130371,0.685622770284887,0.09075744817184994,P:9.9|P:9.6|P:10.0|B:9.0|B:10.1|B:10.2|B:11.2|E:11.10,8,3,4,1,1,1,1,1,1,1,0.5,0.5,0.25,1,1
group_count_interaction,4,1,0.19358167052268982,0.5412495528695568,0.34766788234686696,P:9.9,1,1,0,0,1,0,0,0,0,0,0.0,0.0,0.0,0,0
group_count_interaction,4,53,-0.06579640507698059,-0.39833418035227686,-0.33253777527529627,P:10.0|B:10.2|B:11.9|E:11.10,4,1,2,1,1,1,1,1,1,1,0.08333333333333333,0.16666666666666666,0.125,0,0
group_count_interaction,4,126,0.9073482155799866,0.7992144191344701,-0.10813379644551646,P:9.9|P:10.0|B:10.1|B:10.2|E:10.7,5,2,2,1,1,1,1,1,1,1,0.16666666666666666,0.3333333333333333,0.125,1,0
group_count_interaction,4,14,-2.1500723361968994,-2.1705011216293277,-0.02042878543242832,E:10.7|E:11.10,2,0,0,2,0,0,1,0,0,0,0.0,0.0,0.0,0,0
group_count_interaction,4,40,0.43496954441070557,0.4475933116259696,0.012623767215264037,B:9.0|B:10.1|B:10.6|B:10.10,4,0,4,0,0,1,0,0,0,0,0.0,0.0,0.0,0,0
group_count_interaction,4,234,1.2642531394958496,1.3718144717544485,0.10756133225859887,P:9.9|P:9.6|P:10.0|B:9.0|B:9.7|B:10.1|B:10.2|B:10.6,8,3,5,0,1,1,0,1,0,0,0.625,0.0,0.0,1,1
group_count_interaction,4,34,-0.45273491740226746,-0.42075047488095796,0.0319844425213095,B:9.7|B:10.1|B:10.2|B:10.10|B:11.9|E:10.7,6,0,5,1,0,1,1,0,0,1,0.0,0.0,0.3125,0,0
group_count_interaction,4,99,0.8856487274169922,0.6389482891769414,-0.24670043824005083,P:9.6|P:10.0|B:9.0|B:9.7|B:10.1|B:10.2|B:10.6|B:10.10|B:11.2|B:11.9|E:11.10,11,2,8,1,1,1,1,1,1,1,0.6666666666666666,0.3333333333333333,0.5,1,0
group_count_interaction,4,109,0.5982384085655212,0.3839731468615822,-0.21426526170393906,P:9.9|B:10.1|B:10.2|B:10.6|B:10.10|B:11.2|E:11.10,7,1,5,1,1,1,1,1,1,1,0.20833333333333331,0.16666666666666666,0.3125,0,0
group_count_interaction,4,49,-0.5108466744422913,-0.3615534406844587,0.14929323375783254,B:9.0|B:9.7|B:10.1|B:10.2|B:10.6|B:10.10|B:11.2|B:11.9|E:10.7,9,0,8,1,0,1,1,0,0,1,0.0,0.0,0.5,0,0
group_count_interaction,4,127,0.24340668320655823,0.35233096458994884,0.10892428138339061,P:9.9|P:10.0|B:9.7|E:11.10,4,2,1,1,1,1,1,1,1,1,0.08333333333333333,0.3333333333333333,0.0625,1,0
group_count_interaction,4,21,-2.092512369155884,-2.1240743540629774,-0.03156198490709361,B:11.9|E:10.7|E:11.10,3,0,1,2,0,1,1,0,0,1,0.0,0.0,0.125,0,0
group_count_interaction,4,227,1.6139283180236816,1.629691851451245,0.015763533427563425,P:9.9|P:9.6|P:10.0|B:9.0|B:9.7|B:10.6|B:10.10|B:11.2|B:11.9|E:10.7|E:11.10,11,3,6,2,1,1,1,1,1,1,0.75,1.0,0.75,1,1
group_count_interaction,4,167,0.3539474606513977,0.03423350312168694,-0.31971395752971077,P:9.9|P:9.6|B:9.0|B:11.9|E:10.7,5,2,2,1,1,1,1,1,1,1,0.16666666666666666,0.3333333333333333,0.125,1,0
group_count_interaction,4,125,1.1199581623077393,1.137571267616945,0.01761310530920568,P:9.9|P:10.0|B:10.1|B:10.6|B:11.2|B:11.9,6,2,4,0,1,1,0,1,0,0,0.3333333333333333,0.0,0.0,1,0
group_count_interaction,4,170,0.3828652501106262,0.6094681159468526,0.22660286583622635,P:9.9|P:9.6|B:9.0|B:10.1|B:10.6,5,2,3,0,1,1,0,1,0,0,0.25,0.0,0.0,1,0
group_count_interaction,4,66,0.0925874263048172,-0.06902207113427516,-0.16160949743909236,P:9.6|B:10.1|B:10.2|B:11.9,4,1,3,0,1,1,0,1,0,0,0.125,0.0,0.0,0,0
group_count_interaction,4,104,0.20134231448173523,-0.031239757007478386,-0.23258207148921362,P:9.9|B:11.9|E:10.7,3,1,1,1,1,1,1,1,1,1,0.041666666666666664,0.16666666666666666,0.0625,0,0
group_count_interaction,4,22,-0.9958476424217224,-1.320674408055823,-0.3248267656341006,B:11.2|B:11.9|E:11.10,3,0,2,1,0,1,1,0,0,1,0.0,0.0,0.125,0,0
group_count_interaction,4,46,-0.2302396595478058,-0.8787620259696015,-0.6485223664217957,B:9.0|B:9.7|B:10.1|B:10.2|B:10.10|B:11.2|B:11.9|E:11.10,8,0,7,1,0,1,1,0,0,1,0.0,0.0,0.4375,0,0
group_count_interaction,4,111,-0.15740074217319489,-0.4948893121642386,-0.3374885699910437,P:9.9|B:9.7|B:10.6|E:10.7|E:11.10,5,1,2,2,1,1,1,1,1,1,0.08333333333333333,0.3333333333333333,0.25,0,0
group_count_interaction,4,70,-1.6255607604980469,-1.3907116953265495,0.2348490651714974,P:9.6|B:9.0|B:10.1|B:10.2|B:11.9|E:10.7|E:11.10,7,1,4,2,1,1,1,1,1,1,0.16666666666666666,0.3333333333333333,0.5,0,0
group_count_interaction,4,77,-1.3802261352539062,-0.9684719536379429,0.41175418161596333,P:9.6|P:10.0|E:10.7|E:11.10,4,2,0,2,1,0,1,0,1,0,0.0,0.6666666666666666,0.0,1,0
group_count_interaction,4,145,-0.9065220952033997,-0.39319273847363245,0.5133293567297672,P:9.9|P:9.6|E:11.10,3,2,0,1,1,0,1,0,1,0,0.0,0.3333333333333333,0.0,1,0
group_count_interaction,4,207,1.186722993850708,1.2655502716390465,0.07882727778833853,P:9.9|P:9.6|P:10.0|B:9.7|B:10.1|B:10.10|B:11.9|E:10.7|E:11.10,9,3,4,2,1,1,1,1,1,1,0.5,1.0,0.5,1,1
group_count_interaction,4,189,0.566757321357727,0.5189772315133931,-0.047780089844333906,P:9.9|P:9.6|P:10.0|B:10.2|E:10.7|E:11.10,6,3,1,2,1,1,1,1,1,1,0.125,1.0,0.125,1,1
group_count_interaction,4,20,2.3267788887023926,2.1518983180817344,-0.1748805706206582,P:9.9|P:9.6|P:10.0|B:9.0|B:9.7|B:10.1|B:10.2|B:10.6|B:10.10|B:11.2|B:11.9|E:10.7|E:11.10,13,3,8,2,1,1,1,1,1,1,1.0,1.0,1.0,1,1
group_count_interaction,4,175,0.43807387351989746,0.7199910482609454,0.28191717474104794,P:9.9|P:9.6|B:9.0|B:9.7|B:10.1|B:10.10,6,2,4,0,1,1,0,1,0,0,0.3333333333333333,0.0,0.0,1,0
group_count_interaction,4,67,0.1194758415222168,-0.06535807349336972,-0.18483391501558652,P:9.6|B:9.7|B:10.2,3,1,2,0,1,1,0,1,0,0,0.08333333333333333,0.0,0.0,0,0
group_count_interaction,4,121,0.8768311738967896,1.040112627124399,0.16328145322760945,P:9.9|P:10.0|B:10.6,3,2,1,0,1,1,0,1,0,0,0.08333333333333333,0.0,0.0,1,0
group_count_interaction,4,213,0.7374193072319031,0.7676322619401121,0.03021295470820906,P:9.9|P:9.6|P:10.0|B:9.0|B:10.6,5,3,2,0,1,1,0,1,0,0,0.25,0.0,0.0,1,1
group_count_interaction,4,211,0.18796014785766602,0.34510779163771943,0.15714764378005341,P:9.9|P:9.6|P:10.0|B:9.0|E:10.7|E:11.10,6,3,1,2,1,1,1,1,1,1,0.125,1.0,0.125,1,1
group_count_interaction,4,133,1.7260209321975708,1.3297137321617147,-0.39630720003585607,P:9.9|P:10.0|B:9.7|B:10.1|B:10.2|B:10.6|B:10.10|B:11.2|E:11.10,9,2,6,1,1,1,1,1,1,1,0.5,0.3333333333333333,0.375,1,0
group_count_interaction,4,161,0.4151726961135864,0.061067910895461264,-0.35410478521812516,P:9.9|P:9.6|B:10.1|B:10.2|B:10.10|B:11.2|E:10.7|E:11.10,8,2,4,2,1,1,1,1,1,1,0.3333333333333333,0.6666666666666666,0.5,1,0
group_count_interaction,4,65,-1.8147789239883423,-1.4282558347766683,0.386523089211674,P:9.6|B:10.2|B:10.10|B:11.2|E:10.7|E:11.10,6,1,3,2,1,1,1,1,1,1,0.125,0.3333333333333333,0.375,0,0
group_count_interaction,4,220,1.2591384649276733,1.3887668248567113,0.12962835992903798,P:9.9|P:9.6|P:10.0|B:9.0|B:10.1|B:10.6|B:10.10|E:10.7|E:11.10,9,3,4,2,1,1,1,1,1,1,0.5,1.0,0.5,1,1
group_count_interaction,4,47,0.18758109211921692,0.22099956565638446,0.03341847353716754,B:9.0|B:9.7|B:10.1|B:10.2|B:10.6|B:11.2,6,0,6,0,0,1,0,0,0,0,0.0,0.0,0.0,0,0
