selector,target,pool_id,mask_id,mask_bits,n_heads,predicted_target_loss,predicted_mean_effect,is_noop
direct_risk,0.86343068687710911,qpool_04a0d16a2ce1d6ae,qmask_04e99e00df510b89,10100010,3,0.65347417885666104,,False
direct_risk,0.86343068687710911,qpool_04a0d16a2ce1d6ae,qmask_4dc7fd92c7b096a2,11101001,5,1.9487073241064468,,False
direct_risk,0.86343068687710911,qpool_04a0d16a2ce1d6ae,qmask_56332775d253c008,10100101,4,0.73466856698483285,,False
direct_risk,0.86343068687710911,qpool_04a0d16a2ce1d6ae,qmask_6d873abcf3a8f6b9,01001001,3,0.7335629718745762,,False
direct_risk,0.86343068687710911,qpool_04a0d16a2ce1d6ae,qmask_7c330068eacbeec8,01111110,6,1.4589607483525866,,False
direct_risk,0.86343068687710911,qpool_04a0d16a2ce1d6ae,qmask_87bb9cc60085dcff,11011101,6,2.2881692337214283,,False
direct_risk,0.86343068687710911,qpool_04a0d16a2ce1d6ae,qmask_a3ac1f42a70defe3,10110101,5,0.89936421966546587,,False
direct_risk,0.86343068687710911,qpool_04a0d16a2ce1d6ae,qmask_d7d102c2537b80f1,11100110,5,1.7587409347407275,,False
direct_risk,0.86343068687710911,qpool_04a0d16a2ce1d6ae,analytic_noop,00000000,0,0.86343068687710911,,True
direct_risk,0.86343068687710911,qpool_094d56ddcd5f1fe4,qmask_168ecc77c6d9bec7,00100011,3,0.73785436528995729,,False
direct_risk,0.86343068687710911,qpool_094d56ddcd5f1fe4,qmask_2def687a70c0189d,11100100,4,1.6464417681167085,,False
direct_risk,0.86343068687710911,qpool_094d56ddcd5f1fe4,qmask_514b410bbe7f097e,11010111,6,1.9203936168861688,,False
direct_risk,0.86343068687710911,qpool_094d56ddcd5f1fe4,qmask_8630d2328962fa10,00111000,3,1.0139274918715504,,False
direct_risk,0.86343068687710911,qpool_094d56ddcd5f1fe4,qmask_a4b7b621b0c57baf,10111100,5,1.2520811455934697,,False
direct_risk,0.86343068687710911,qpool_094d56ddcd5f1fe4,qmask_abc2c93f2a9da9d0,11100111,6,1.8978945329830281,,False
direct_risk,0.86343068687710911,qpool_094d56ddcd5f1fe4,qmask_cdd694ec938105ff,00011011,4,0.90781352234533341,,False
direct_risk,0.86343068687710911,qpool_094d56ddcd5f1fe4,qmask_e907033eeed311b5,00101010,3,0.84146554126798723,,False
direct_risk,0.86343068687710911,qpool_094d56ddcd5f1fe4,analytic_noop,00000000,0,0.86343068687710911,,True
direct_risk,0.86343068687710911,qpool_0b1792f4952557ee,qmask_282cb65c9e54d1f9,01101110,5,1.0546307880952663,,False
direct_risk,0.86343068687710911,qpool_0b1792f4952557ee,qmask_693dc55993aa4fa9,11001111,6,1.9299156525295567,,False
direct_risk,0.86343068687710911,qpool_0b1792f4952557ee,qmask_849e90ce5ffd4bc1,00111010,4,1.0479330567403597,,False
direct_risk,0.86343068687710911,qpool_0b1792f4952557ee,qmask_84e1013c62ab0342,10110111,6,0.99848496590015179,,False
direct_risk,0.86343068687710911,qpool_0b1792f4952557ee,qmask_92fdf63f6fed474e,00011001,3,0.87332063579929886,,False
direct_risk,0.86343068687710911,qpool_0b1792f4952557ee,qmask_95b0a9234a9eee46,10101110,5,0.97353441893624015,,False
direct_risk,0.86343068687710911,qpool_0b1792f4952557ee,qmask_9a86a5949df1b42b,01001100,3,0.74688293229743774,,False
direct_risk,0.86343068687710911,qpool_0b1792f4952557ee,qmask_bde177d3edcb1ae0,00110110,4,0.71450799834783807,,False
direct_risk,0.86343068687710911,qpool_0b1792f4952557ee,analytic_noop,00000000,0,0.86343068687710911,,True
direct_risk,0.86343068687710911,qpool_0ffd30d33ad8dd0f,qmask_31a763e8bc0202e0,00101110,4,0.81329947495762389,,False
direct_risk,0.86343068687710911,qpool_0ffd30d33ad8dd0f,qmask_4f926e356a625a67,01111100,5,1.3569537035512602,,False
direct_risk,0.86343068687710911,qpool_0ffd30d33ad8dd0f,qmask_7c849c67ebb1b4f9,10111111,7,1.4363940123328149,,False
direct_risk,0.86343068687710911,qpool_0ffd30d33ad8dd0f,qmask_8fc54aeb91caafc9,00111101,5,1.0125039171612993,,False
direct_risk,0.86343068687710911,qpool_0ffd30d33ad8dd0f,qmask_af6d0dc69e3d9a78,00011110,4,0.89475191751423122,,False
direct_risk,0.86343068687710911,qpool_0ffd30d33ad8dd0f,qmask_b996be105c0f3dda,10100110,4,0.71167593514599092,,False
direct_risk,0.86343068687710911,qpool_0ffd30d33ad8dd0f,qmask_c76e2148877c5063,11010110,5,1.8007760750113611,,False
direct_risk,0.86343068687710911,qpool_0ffd30d33ad8dd0f,qmask_e217ee83fae37141,11110010,5,1.9540962122775194,,False
direct_risk,0.86343068687710911,qpool_0ffd30d33ad8dd0f,analytic_noop,00000000,0,0.86343068687710911,,True
direct_risk,0.86343068687710911,qpool_169a31b6710ef111,qmask_427363983d4a675f,11011110,6,2.3478289631954867,,False
direct_risk,0.86343068687710911,qpool_169a31b6710ef111,qmask_55cbf5fefb67a9c9,10010100,3,0.61665767517847336,,False
direct_risk,0.86343068687710911,qpool_169a31b6710ef111,qmask_68ff8f889255b0e9,00001111,4,0.70841315250006887,,False
direct_risk,0.86343068687710911,qpool_169a31b6710ef111,qmask_8a9d405ad1968a90,11001000,3,1.4828632059331923,,False
direct_risk,0.86343068687710911,qpool_169a31b6710ef111,qmask_96b494b452b77f8e,01110100,4,0.92112330193533853,,False
direct_risk,0.86343068687710911,qpool_169a31b6710ef111,qmask_b02b2d5954d58371,01011000,3,0.97621041923794838,,False
direct_risk,0.86343068687710911,qpool_169a31b6710ef111,qmask_bcbb878aab0fd0e6,10010101,4,0.67177362577375643,,False
direct_risk,0.86343068687710911,qpool_169a31b6710ef111,qmask_cb0a7c3a10da33f2,11001100,4,1.6745787001851127,,False
direct_risk,0.86343068687710911,qpool_169a31b6710ef111,analytic_noop,00000000,0,0.86343068687710911,,True
direct_risk,0.86343068687710911,qpool_3bc403a0734a65bf,qmask_330533bb35dfe50c,10001011,4,0.74521524534002326,,False
direct_risk,0.86343068687710911,qpool_3bc403a0734a65bf,qmask_7496171506cc1757,10011111,6,1.1863951730232567,,False
direct_risk,0.86343068687710911,qpool_3bc403a0734a65bf,qmask_81b5d6cd2a60bf37,11110101,6,2.1272720400532927,,False
direct_risk,0.86343068687710911,qpool_3bc403a0734a65bf,qmask_85812c22f52f55f2,10101111,6,1.0478699816449502,,False
direct_risk,0.86343068687710911,qpool_3bc403a0734a65bf,qmask_8ec53a11acfe0f00,11110110,6,2.1546287190502174,,False
direct_risk,0.86343068687710911,qpool_3bc403a0734a65bf,qmask_cbd8bcbf0db11c8c,00110010,3,0.74987794790161444,,False
direct_risk,0.86343068687710911,qpool_3bc403a0734a65bf,qmask_d474d772a2156911,10111001,5,1.2143281449520875,,False
direct_risk,0.86343068687710911,qpool_3bc403a0734a65bf,qmask_d49846da5aa54e5e,01001011,4,0.78234094919234409,,False
direct_risk,0.86343068687710911,qpool_3bc403a0734a65bf,analytic_noop,00000000,0,0.86343068687710911,,True
direct_risk,0.86343068687710911,qpool_4da0243bdf72a6cd,qmask_06e53efa12c0c89c,01010011,4,0.72528971105939322,,False
direct_risk,0.86343068687710911,qpool_4da0243bdf72a6cd,qmask_5106913f39c2ea0e,01100101,4,0.82651892136694216,,False
direct_risk,0.86343068687710911,qpool_4da0243bdf72a6cd,qmask_58d4e1dd95e5c5b0,00111111,6,1.0549778408449406,,False
direct_risk,0.86343068687710911,qpool_4da0243bdf72a6cd,qmask_ac55e1313a50fb45,01101101,5,1.0834525310675178,,False
direct_risk,0.86343068687710911,qpool_4da0243bdf72a6cd,qmask_b52a639547d6a0e9,10000111,4,0.58972865407392672,,False
direct_risk,0.86343068687710911,qpool_4da0243bdf72a6cd,qmask_d3a70a2b122bfec6,10110100,4,0.83146195220714447,,False
direct_risk,0.86343068687710911,qpool_4da0243bdf72a6cd,qmask_e28959d82dee3e38,10001110,4,0.76682588066936441,,False
direct_risk,0.86343068687710911,qpool_4da0243bdf72a6cd,qmask_fe024629e8134fa2,11110111,7,2.2870325777880636,,False
direct_risk,0.86343068687710911,qpool_4da0243bdf72a6cd,analytic_noop,00000000,0,0.86343068687710911,,True
direct_risk,0.86343068687710911,qpool_59fb93108c625f9c,qmask_03e03e6bad3167c1,00110101,4,0.70760625400951416,,False
direct_risk,0.86343068687710911,qpool_59fb93108c625f9c,qmask_22c3d94ed895c2d5,10010110,4,0.71405240232558442,,False
direct_risk,0.86343068687710911,qpool_59fb93108c625f9c,qmask_581f449a19375ab8,00011100,3,0.85400401291816475,,False
direct_risk,0.86343068687710911,qpool_59fb93108c625f9c,qmask_649dfffca1027d37,11101111,7,2.2878395259644817,,False
direct_risk,0.86343068687710911,qpool_59fb93108c625f9c,qmask_88b9054a02247dd1,11000010,3,1.2632937288294732,,False
direct_risk,0.86343068687710911,qpool_59fb93108c625f9c,qmask_9cf9f1f53520f88b,01111010,5,1.3447960641795813,,False
direct_risk,0.86343068687710911,qpool_59fb93108c625f9c,qmask_af3070b33fa6727a,01000111,4,0.62085268755911915,,False
direct_risk,0.86343068687710911,qpool_59fb93108c625f9c,qmask_d9d8505932b1a835,11000100,3,1.3237124569626708,,False
direct_risk,0.86343068687710911,qpool_59fb93108c625f9c,analytic_noop,00000000,0,0.86343068687710911,,True
direct_risk,0.86343068687710911,qpool_6c9ad557921d1966,qmask_3b86e07f9bac3525,10001010,3,0.690304695079484,,False
direct_risk,0.86343068687710911,qpool_6c9ad557921d1966,qmask_494f47beb25cae41,11111001,6,2.4491895920731137,,False
direct_risk,0.86343068687710911,qpool_6c9ad557921d1966,qmask_5febbac13cd7abee,00010110,3,0.5915070687558498,,False
direct_risk,0.86343068687710911,qpool_6c9ad557921d1966,qmask_ba4de66f5ec66b86,01010110,4,0.74298743115686161,,False
direct_risk,0.86343068687710911,qpool_6c9ad557921d1966,qmask_d79394fce5af8530,11011111,7,2.4660233904338291,,False
direct_risk,0.86343068687710911,qpool_6c9ad557921d1966,qmask_e003b3ec0121953b,11011001,5,2.0700402904954789,,False
direct_risk,0.86343068687710911,qpool_6c9ad557921d1966,qmask_f820e84b827bfd6b,10101101,5,0.97639096845581186,,False
direct_risk,0.86343068687710911,qpool_6c9ad557921d1966,qmask_fa363a52954060a1,10110110,5,0.9294760280594303,,False
direct_risk,0.86343068687710911,qpool_6c9ad557921d1966,analytic_noop,00000000,0,0.86343068687710911,,True
direct_risk,0.86343068687710911,qpool_70bc91001fd21361,qmask_14432725d56e8049,10011100,4,1.0154879718521246,,False
direct_risk,0.86343068687710911,qpool_70bc91001fd21361,qmask_323b67f1b27b5893,11111100,6,2.5461036689118424,,False
direct_risk,0.86343068687710911,qpool_70bc91001fd21361,qmask_39ecce4dbde1e7f4,11001001,4,1.6000620067084561,,False
direct_risk,0.86343068687710911,qpool_70bc91001fd21361,qmask_527883050feb9009,11001011,5,1.7241997742600728,,False
direct_risk,0.86343068687710911,qpool_70bc91001fd21361,qmask_7f50455f5507bafe,10010011,4,0.69431902537166801,,False
direct_risk,0.86343068687710911,qpool_70bc91001fd21361,qmask_83013e5a4235b8ec,00010111,4,0.59557996355532461,,False
direct_risk,0.86343068687710911,qpool_70bc91001fd21361,qmask_a6bb6d75ba01c741,11010000,3,1.458229945355658,,False
direct_risk,0.86343068687710911,qpool_70bc91001fd21361,qmask_ddede699aac8de6a,11111010,6,2.4959593605420087,,False
direct_risk,0.86343068687710911,qpool_70bc91001fd21361,analytic_noop,00000000,0,0.86343068687710911,,True
direct_risk,0.86343068687710911,qpool_7d29cbb2adc90870,qmask_4cc030241e0f1e44,01100010,3,0.71014980192362209,,False
direct_risk,0.86343068687710911,qpool_7d29cbb2adc90870,qmask_6d08de407943319e,11101101,6,2.1557207212752587,,False
direct_risk,0.86343068687710911,qpool_7d29cbb2adc90870,qmask_87c7efb1f0502cb1,01001101,4,0.81857070247962538,,False
direct_risk,0.86343068687710911,qpool_7d29cbb2adc90870,qmask_95e119f889d86d43,00111011,5,1.0567304581812744,,False
direct_risk,0.86343068687710911,qpool_7d29cbb2adc90870,qmask_9a6bcdbfd54eac0e,10101001,4,0.89193356838147153,,False
direct_risk,0.86343068687710911,qpool_7d29cbb2adc90870,qmask_aa927932235c699d,11011100,5,2.1710814768654867,,False
direct_risk,0.86343068687710911,qpool_7d29cbb2adc90870,qmask_ecfec3b493d7256a,01100110,4,0.77756109607542023,,False
direct_risk,0.86343068687710911,qpool_7d29cbb2adc90870,qmask_fac74048988e3cbb,01010001,3,0.64887000069607748,,False
direct_risk,0.86343068687710911,qpool_7d29cbb2adc90870,analytic_noop,00000000,0,0.86343068687710911,,True
direct_risk,0.86343068687710911,qpool_a6ffe2b653ce5a24,qmask_3745eec79815ddf1,10011011,5,1.083460538459347,,False
direct_risk,0.86343068687710911,qpool_a6ffe2b653ce5a24,qmask_58970516f324daa1,11011000,4,1.9595912292246696,,False
direct_risk,0.86343068687710911,qpool_a6ffe2b653ce5a24,qmask_5a3f155888c60ff4,10001001,3,0.68171726928849163,,False
direct_risk,0.86343068687710911,qpool_a6ffe2b653ce5a24,qmask_8a58e1cfc4f87182,11010001,4,1.5701021212629334,,False
direct_risk,0.86343068687710911,qpool_a6ffe2b653ce5a24,qmask_9df5cd7b1d191d30,00001110,3,0.69901363283260565,,False
direct_risk,0.86343068687710911,qpool_a6ffe2b653ce5a24,qmask_a9284c314595341d,11001010,4,1.6058943031024091,,False
direct_risk,0.86343068687710911,qpool_a6ffe2b653ce5a24,qmask_c7c095a611af1783,00101100,3,0.81828692238473466,,False
direct_risk,0.86343068687710911,qpool_a6ffe2b653ce5a24,qmask_d350d740bff94567,00010011,3,0.6329704248557283,,False
direct_risk,0.86343068687710911,qpool_a6ffe2b653ce5a24,analytic_noop,00000000,0,0.86343068687710911,,True
direct_risk,0.86343068687710911,qpool_bace2709926cfaee,qmask_0cd7ddfc8c2186ca,00110100,3,0.69185371272940099,,False
direct_risk,0.86343068687710911,qpool_bace2709926cfaee,qmask_17b31d3e8666d651,01011101,5,1.1392922383244954,,False
direct_risk,0.86343068687710911,qpool_bace2709926cfaee,qmask_1d6d1ddc1980f1fe,10111000,4,1.1544876877153647,,False
direct_risk,0.86343068687710911,qpool_bace2709926cfaee,qmask_424f9867dfadb061,10110000,3,0.76084713096134937,,False
direct_risk,0.86343068687710911,qpool_bace2709926cfaee,qmask_884363745844cf9e,10110011,5,0.91386976063679271,,False
direct_risk,0.86343068687710911,qpool_bace2709926cfaee,qmask_bad2b6dedfcd4ce3,11010101,5,1.7612524278565727,,False
direct_risk,0.86343068687710911,qpool_bace2709926cfaee,qmask_ddc0ed6fecc12d09,11011011,6,2.2405327587754478,,False
direct_risk,0.86343068687710911,qpool_bace2709926cfaee,qmask_fe9b859e1804ec08,00011010,3,0.91180243776745695,,False
direct_risk,0.86343068687710911,qpool_bace2709926cfaee,analytic_noop,00000000,0,0.86343068687710911,,True
direct_risk,0.86343068687710911,qpool_c519138426e50658,qmask_07e4d5ad11974b66,01010100,3,0.66031270274351428,,False
direct_risk,0.86343068687710911,qpool_c519138426e50658,qmask_47a8b0e6e63f5071,10111110,6,1.3688081891285595,,False
direct_risk,0.86343068687710911,qpool_c519138426e50658,qmask_75e6dad44fc41222,01100100,3,0.74062171968525004,,False
direct_risk,0.86343068687710911,qpool_c519138426e50658,qmask_b0e252c8a061a875,00110011,4,0.76009846397899539,,False
direct_risk,0.86343068687710911,qpool_c519138426e50658,qmask_e7b741d3e896dac1,01101010,4,0.96024085731115805,,False
direct_risk,0.86343068687710911,qpool_c519138426e50658,qmask_e8f30cbb6e37ce0d,10101011,5,0.95605089313817793,,False
direct_risk,0.86343068687710911,qpool_c519138426e50658,qmask_ecc5bb9003043fc6,10000101,3,0.53758195727276736,,False
direct_risk,0.86343068687710911,qpool_c519138426e50658,qmask_ed854a1bc1c21a23,01111011,6,1.4169883865176207,,False
direct_risk,0.86343068687710911,qpool_c519138426e50658,analytic_noop,00000000,0,0.86343068687710911,,True
direct_risk,0.86343068687710911,qpool_e3bc02cdca185ab2,qmask_30f1d2fade2e7178,01001010,3,0.71618520421288867,,False
direct_risk,0.86343068687710911,qpool_e3bc02cdca185ab2,qmask_6227c96ae46c75f8,01111001,5,1.3212363597663264,,False
direct_risk,0.86343068687710911,qpool_e3bc02cdca185ab2,qmask_90dd78ad11f097b3,11110100,5,1.9959748516978468,,False
direct_risk,0.86343068687710911,qpool_e3bc02cdca185ab2,qmask_9f2a7299208a9ed1,01100111,5,0.86456496813951245,,False
direct_risk,0.86343068687710911,qpool_e3bc02cdca185ab2,qmask_afbe22c87ad11ae4,10101100,4,0.90316207612950206,,False
direct_risk,0.86343068687710911,qpool_e3bc02cdca185ab2,qmask_cc0414ee182789c1,01111111,7,1.5377917662757581,,False
direct_risk,0.86343068687710911,qpool_e3bc02cdca185ab2,qmask_ece46f8d3d79b53f,00011111,5,0.89740169767723987,,False
direct_risk,0.86343068687710911,qpool_e3bc02cdca185ab2,qmask_f61f977e6689b2ed,10001111,5,0.82837512651503598,,False
direct_risk,0.86343068687710911,qpool_e3bc02cdca185ab2,analytic_noop,00000000,0,0.86343068687710911,,True
direct_risk,0.86343068687710911,qpool_ff721276bd560c43,qmask_05031e6a7405856b,00111110,5,1.0395417438188934,,False
direct_risk,0.86343068687710911,qpool_ff721276bd560c43,qmask_239a2dd293cc8eaf,11000001,3,1.2775975147547904,,False
direct_risk,0.86343068687710911,qpool_ff721276bd560c43,qmask_2678a15f3a1887ca,10110001,4,0.82211070283453858,,False
direct_risk,0.86343068687710911,qpool_ff721276bd560c43,qmask_7c7f09c2f082e17d,01111000,4,1.250150707810687,,False
direct_risk,0.86343068687710911,qpool_ff721276bd560c43,qmask_8a4fe6aab0927861,11110001,5,1.9274625261278939,,False
direct_risk,0.86343068687710911,qpool_ff721276bd560c43,qmask_9ef84ec72720c5bb,00100111,4,0.68934835793241622,,False
direct_risk,0.86343068687710911,qpool_ff721276bd560c43,qmask_bdc01c419cf655bf,01100001,3,0.75983062006244362,,False
direct_risk,0.86343068687710911,qpool_ff721276bd560c43,qmask_f9ff1c9f8ba69f2e,11100101,5,1.7844886959766089,,False
direct_risk,0.86343068687710911,qpool_ff721276bd560c43,analytic_noop,00000000,0,0.86343068687710911,,True
natural_mean,0.86343068687710911,qpool_04a0d16a2ce1d6ae,qmask_04e99e00df510b89,10100010,3,0.36457913888873583,1.2280098257658449,False
natural_mean,0.86343068687710911,qpool_04a0d16a2ce1d6ae,qmask_4dc7fd92c7b096a2,11101001,5,1.9219528639263768,2.7853835508034859,False
natural_mean,0.86343068687710911,qpool_04a0d16a2ce1d6ae,qmask_56332775d253c008,10100101,4,0.55718913405599224,1.4206198209331014,False
natural_mean,0.86343068687710911,qpool_04a0d16a2ce1d6ae,qmask_6d873abcf3a8f6b9,01001001,3,0.29554430359795547,1.1589749904750646,False
natural_mean,0.86343068687710911,qpool_04a0d16a2ce1d6ae,qmask_7c330068eacbeec8,01111110,6,1.3037242451291342,2.1671549320062433,False
natural_mean,0.86343068687710911,qpool_04a0d16a2ce1d6ae,qmask_87bb9cc60085dcff,11011101,6,2.2715922950700618,3.1350229819471709,False
natural_mean,0.86343068687710911,qpool_04a0d16a2ce1d6ae,qmask_a3ac1f42a70defe3,10110101,5,0.81902007026654822,1.6824507571436573,False
natural_mean,0.86343068687710911,qpool_04a0d16a2ce1d6ae,qmask_d7d102c2537b80f1,11100110,5,1.7305411192468982,2.5939718061240074,False
natural_mean,0.86343068687710911,qpool_04a0d16a2ce1d6ae,analytic_noop,00000000,0,0.86343068687710911,0,True
natural_mean,0.86343068687710911,qpool_094d56ddcd5f1fe4,qmask_168ecc77c6d9bec7,00100011,3,0.32930933483116498,0.53412135204594413,False
natural_mean,0.86343068687710911,qpool_094d56ddcd5f1fe4,qmask_2def687a70c0189d,11100100,4,1.6127827913349355,2.4762134782120446,False
natural_mean,0.86343068687710911,qpool_094d56ddcd5f1fe4,qmask_514b410bbe7f097e,11010111,6,1.9426551499720963,2.8060858368492054,False
natural_mean,0.86343068687710911,qpool_094d56ddcd5f1fe4,qmask_8630d2328962fa10,00111000,3,0.093065020546643007,0.95649570742375212,False
natural_mean,0.86343068687710911,qpool_094d56ddcd5f1fe4,qmask_a4b7b621b0c57baf,10111100,5,1.1083470538087086,1.9717777406858177,False
natural_mean,0.86343068687710911,qpool_094d56ddcd5f1fe4,qmask_abc2c93f2a9da9d0,11100111,6,1.8884423563213013,2.7518730431984104,False
natural_mean,0.86343068687710911,qpool_094d56ddcd5f1fe4,qmask_cdd694ec938105ff,00011011,4,0.080035096251090732,0.78339559062601838,False
natural_mean,0.86343068687710911,qpool_094d56ddcd5f1fe4,qmask_e907033eeed311b5,00101010,3,0.17232221486646859,0.69110847201064052,False
natural_mean,0.86343068687710911,qpool_094d56ddcd5f1fe4,analytic_noop,00000000,0,0.86343068687710911,0,True
natural_mean,0.86343068687710911,qpool_0b1792f4952557ee,qmask_282cb65c9e54d1f9,01101110,5,0.83927350242625787,1.702704189303367,False
natural_mean,0.86343068687710911,qpool_0b1792f4952557ee,qmask_693dc55993aa4fa9,11001111,6,1.950312804112567,2.8137434909896761,False
natural_mean,0.86343068687710911,qpool_0b1792f4952557ee,qmask_849e90ce5ffd4bc1,00111010,4,0.22420780007281027,1.0876384869499194,False
natural_mean,0.86343068687710911,qpool_0b1792f4952557ee,qmask_84e1013c62ab0342,10110111,6,0.95244291183017116,1.8158735987072803,False
natural_mean,0.86343068687710911,qpool_0b1792f4952557ee,qmask_92fdf63f6fed474e,00011001,3,0.21184066193216777,0.65159002494494134,False
natural_mean,0.86343068687710911,qpool_0b1792f4952557ee,qmask_95b0a9234a9eee46,10101110,5,0.83467388830470224,1.6981045751818113,False
natural_mean,0.86343068687710911,qpool_0b1792f4952557ee,qmask_9a86a5949df1b42b,01001100,3,0.37748231410317223,1.2409130009802813,False
natural_mean,0.86343068687710911,qpool_0b1792f4952557ee,qmask_bde177d3edcb1ae0,00110110,4,0.019212621762943582,0.88264330864005269,False
natural_mean,0.86343068687710911,qpool_0b1792f4952557ee,analytic_noop,00000000,0,0.86343068687710911,0,True
natural_mean,0.86343068687710911,qpool_0ffd30d33ad8dd0f,qmask_31a763e8bc0202e0,00101110,4,0.011785576488370864,0.85164511038873825,False
natural_mean,0.86343068687710911,qpool_0ffd30d33ad8dd0f,qmask_4f926e356a625a67,01111100,5,1.148010344573164,2.0114410314502731,False
natural_mean,0.86343068687710911,qpool_0ffd30d33ad8dd0f,qmask_7c849c67ebb1b4f9,10111111,7,1.3394981586069346,2.2029288454840437,False
natural_mean,0.86343068687710911,qpool_0ffd30d33ad8dd0f,qmask_8fc54aeb91caafc9,00111101,5,0.28806983836483191,1.151500525241941,False
natural_mean,0.86343068687710911,qpool_0ffd30d33ad8dd0f,qmask_af6d0dc69e3d9a78,00011110,4,0.040112741555970555,0.90354342843307967,False
natural_mean,0.86343068687710911,qpool_0ffd30d33ad8dd0f,qmask_b996be105c0f3dda,10100110,4,0.54282074521569634,1.4062514320928055,False
natural_mean,0.86343068687710911,qpool_0ffd30d33ad8dd0f,qmask_c76e2148877c5063,11010110,5,1.8137774713408934,2.6772081582180025,False
natural_mean,0.86343068687710911,qpool_0ffd30d33ad8dd0f,qmask_e217ee83fae37141,11110010,5,1.9019261800225098,2.7653568668996189,False
natural_mean,0.86343068687710911,qpool_0ffd30d33ad8dd0f,analytic_noop,00000000,0,0.86343068687710911,0,True
natural_mean,0.86343068687710911,qpool_169a31b6710ef111,qmask_427363983d4a675f,11011110,6,2.3253872340899733,3.1888179209670824,False
natural_mean,0.86343068687710911,qpool_169a31b6710ef111,qmask_55cbf5fefb67a9c9,10010100,3,0.39954302362823579,1.2629737105053449,False
natural_mean,0.86343068687710911,qpool_169a31b6710ef111,qmask_68ff8f889255b0e9,00001111,4,0.31039424286380735,0.55303644401330176,False
natural_mean,0.86343068687710911,qpool_169a31b6710ef111,qmask_8a9d405ad1968a90,11001000,3,1.4754874969014793,2.3389181837785884,False
natural_mean,0.86343068687710911,qpool_169a31b6710ef111,qmask_96b494b452b77f8e,01110100,4,0.70778021367010435,1.5712109005472135,False
natural_mean,0.86343068687710911,qpool_169a31b6710ef111,qmask_b02b2d5954d58371,01011000,3,0.64039143667047749,1.5038221235475866,False
natural_mean,0.86343068687710911,qpool_169a31b6710ef111,qmask_bcbb878aab0fd0e6,10010101,4,0.48939242006499684,1.3528231069421059,False
natural_mean,0.86343068687710911,qpool_169a31b6710ef111,qmask_cb0a7c3a10da33f2,11001100,4,1.6834972868961651,2.5469279737732742,False
natural_mean,0.86343068687710911,qpool_169a31b6710ef111,analytic_noop,00000000,0,0.86343068687710911,0,True
natural_mean,0.86343068687710911,qpool_3bc403a0734a65bf,qmask_330533bb35dfe50c,10001011,4,0.42755613074441068,1.2909868176215198,False
natural_mean,0.86343068687710911,qpool_3bc403a0734a65bf,qmask_7496171506cc1757,10011111,6,1.0258922665530408,1.8893229534301499,False
natural_mean,0.86343068687710911,qpool_3bc403a0734a65bf,qmask_81b5d6cd2a60bf37,11110101,6,2.1029600160128776,2.9663907028899867,False
natural_mean,0.86343068687710911,qpool_3bc403a0734a65bf,qmask_85812c22f52f55f2,10101111,6,0.93463315689146387,1.798063843768573,False
natural_mean,0.86343068687710911,qpool_3bc403a0734a65bf,qmask_8ec53a11acfe0f00,11110110,6,2.1115060368020386,2.9749367236791477,False
natural_mean,0.86343068687710911,qpool_3bc403a0734a65bf,qmask_cbd8bcbf0db11c8c,00110010,3,0.13449101569629962,0.72893967118080949,False
natural_mean,0.86343068687710911,qpool_3bc403a0734a65bf,qmask_d474d772a2156911,10111001,5,1.0237890919391202,1.8872197788162293,False
natural_mean,0.86343068687710911,qpool_3bc403a0734a65bf,qmask_d49846da5aa54e5e,01001011,4,0.4105652483189739,1.273995935196083,False
natural_mean,0.86343068687710911,qpool_3bc403a0734a65bf,analytic_noop,00000000,0,0.86343068687710911,0,True
natural_mean,0.86343068687710911,qpool_4da0243bdf72a6cd,qmask_06e53efa12c0c89c,01010011,4,0.42095196296712301,1.2843826498442321,False
natural_mean,0.86343068687710911,qpool_4da0243bdf72a6cd,qmask_5106913f39c2ea0e,01100101,4,0.51126591430600765,1.3746966011831168,False
natural_mean,0.86343068687710911,qpool_4da0243bdf72a6cd,qmask_58d4e1dd95e5c5b0,00111111,6,0.42940986974010453,1.2928405566172136,False
natural_mean,0.86343068687710911,qpool_4da0243bdf72a6cd,qmask_ac55e1313a50fb45,01101101,5,0.82070678355171034,1.6841374704288194,False
natural_mean,0.86343068687710911,qpool_4da0243bdf72a6cd,qmask_b52a639547d6a0e9,10000111,4,0.32076025222526061,1.1841909391023697,False
natural_mean,0.86343068687710911,qpool_4da0243bdf72a6cd,qmask_d3a70a2b122bfec6,10110100,4,0.71991776981423006,1.5833484566913392,False
natural_mean,0.86343068687710911,qpool_4da0243bdf72a6cd,qmask_e28959d82dee3e38,10001110,4,0.51835231644261115,1.3817830033197203,False
natural_mean,0.86343068687710911,qpool_4da0243bdf72a6cd,qmask_fe024629e8134fa2,11110111,7,2.2496366194487991,3.1130673063259082,False
natural_mean,0.86343068687710911,qpool_4da0243bdf72a6cd,analytic_noop,00000000,0,0.86343068687710911,0,True
natural_mean,0.86343068687710911,qpool_59fb93108c625f9c,qmask_03e03e6bad3167c1,00110101,4,0.041844641250261105,0.821586045626848,False
natural_mean,0.86343068687710911,qpool_59fb93108c625f9c,qmask_22c3d94ed895c2d5,10010110,4,0.5358688659635662,1.3992995528406753,False
natural_mean,0.86343068687710911,qpool_59fb93108c625f9c,qmask_581f449a19375ab8,00011100,3,0.10413029059100953,0.75930039628609958,False
natural_mean,0.86343068687710911,qpool_59fb93108c625f9c,qmask_649dfffca1027d37,11101111,7,2.2550239927286739,3.118454679605783,False
natural_mean,0.86343068687710911,qpool_59fb93108c625f9c,qmask_88b9054a02247dd1,11000010,3,1.206945605407677,2.0703762922847861,False
natural_mean,0.86343068687710911,qpool_59fb93108c625f9c,qmask_9cf9f1f53520f88b,01111010,5,1.1118493562984684,1.9752800431755775,False
natural_mean,0.86343068687710911,qpool_59fb93108c625f9c,qmask_af3070b33fa6727a,01000111,4,0.26157723711806669,1.1250079239951758,False
natural_mean,0.86343068687710911,qpool_59fb93108c625f9c,qmask_d9d8505932b1a835,11000100,3,1.3013027485867275,2.1647334354638366,False
natural_mean,0.86343068687710911,qpool_59fb93108c625f9c,analytic_noop,00000000,0,0.86343068687710911,0,True
natural_mean,0.86343068687710911,qpool_6c9ad557921d1966,qmask_3b86e07f9bac3525,10001010,3,0.33176763406397591,1.195198320941085,False
natural_mean,0.86343068687710911,qpool_6c9ad557921d1966,qmask_494f47beb25cae41,11111001,6,2.3675086432150616,3.2309393300921707,False
natural_mean,0.86343068687710911,qpool_6c9ad557921d1966,qmask_5febbac13cd7abee,00010110,3,0.33825372349535576,0.52517696338175335,False
natural_mean,0.86343068687710911,qpool_6c9ad557921d1966,qmask_ba4de66f5ec66b86,01010110,4,0.51047151446223094,1.37390220133934,False
natural_mean,0.86343068687710911,qpool_6c9ad557921d1966,qmask_d79394fce5af8530,11011111,7,2.4364713337363764,3.2999020206134855,False
natural_mean,0.86343068687710911,qpool_6c9ad557921d1966,qmask_e003b3ec0121953b,11011001,5,2.0700688535055933,2.9334995403827024,False
natural_mean,0.86343068687710911,qpool_6c9ad557921d1966,qmask_f820e84b827bfd6b,10101101,5,0.81482915639311337,1.6782598432702225,False
natural_mean,0.86343068687710911,qpool_6c9ad557921d1966,qmask_fa363a52954060a1,10110110,5,0.85446071868625162,1.7178914055633607,False
natural_mean,0.86343068687710911,qpool_6c9ad557921d1966,analytic_noop,00000000,0,0.86343068687710911,0,True
natural_mean,0.86343068687710911,qpool_70bc91001fd21361,qmask_14432725d56e8049,10011100,4,0.80221117230706351,1.6656418591841726,False
natural_mean,0.86343068687710911,qpool_70bc91001fd21361,qmask_323b67f1b27b5893,11111100,6,2.444660682355364,3.3080913692324732,False
natural_mean,0.86343068687710911,qpool_70bc91001fd21361,qmask_39ecce4dbde1e7f4,11001001,4,1.6125444903931534,2.4759751772702625,False
natural_mean,0.86343068687710911,qpool_70bc91001fd21361,qmask_527883050feb9009,11001011,5,1.7360677870696066,2.5994984739467157,False
natural_mean,0.86343068687710911,qpool_70bc91001fd21361,qmask_7f50455f5507bafe,10010011,4,0.44992860574137783,1.3133592926184869,False
natural_mean,0.86343068687710911,qpool_70bc91001fd21361,qmask_83013e5a4235b8ec,00010111,4,0.28364340091592988,0.57978728596117923,False
natural_mean,0.86343068687710911,qpool_70bc91001fd21361,qmask_a6bb6d75ba01c741,11010000,3,1.4630210780574338,2.3264517649345429,False
natural_mean,0.86343068687710911,qpool_70bc91001fd21361,qmask_ddede699aac8de6a,11111010,6,2.3938682934893727,3.2572989803664818,False
natural_mean,0.86343068687710911,qpool_70bc91001fd21361,analytic_noop,00000000,0,0.86343068687710911,0,True
natural_mean,0.86343068687710911,qpool_7d29cbb2adc90870,qmask_4cc030241e0f1e44,01100010,3,0.30776919187488572,1.1711998787519948,False
natural_mean,0.86343068687710911,qpool_7d29cbb2adc90870,qmask_6d08de407943319e,11101101,6,2.1219662303580251,2.9853969172351342,False
natural_mean,0.86343068687710911,qpool_7d29cbb2adc90870,qmask_87c7efb1f0502cb1,01001101,4,0.47533820893668044,1.3387688958137896,False
natural_mean,0.86343068687710911,qpool_7d29cbb2adc90870,qmask_95e119f889d86d43,00111011,5,0.27535957979222414,1.1387902666693333,False
natural_mean,0.86343068687710911,qpool_7d29cbb2adc90870,qmask_9a6bcdbfd54eac0e,10101001,4,0.64755825673501977,1.5109889436121289,False
natural_mean,0.86343068687710911,qpool_7d29cbb2adc90870,qmask_aa927932235c699d,11011100,5,2.1593880881152598,3.022818774992369,False
natural_mean,0.86343068687710911,qpool_7d29cbb2adc90870,qmask_ecfec3b493d7256a,01100110,4,0.49561951242867064,1.3590501993057797,False
natural_mean,0.86343068687710911,qpool_7d29cbb2adc90870,qmask_fac74048988e3cbb,01010001,3,0.29231217718083236,1.1557428640579415,False
natural_mean,0.86343068687710911,qpool_7d29cbb2adc90870,analytic_noop,00000000,0,0.86343068687710911,0,True
natural_mean,0.86343068687710911,qpool_a6ffe2b653ce5a24,qmask_3745eec79815ddf1,10011011,5,0.84579393260462243,1.7092246194817315,False
natural_mean,0.86343068687710911,qpool_a6ffe2b653ce5a24,qmask_58970516f324daa1,11011000,4,1.9527825144415605,2.8162132013186696,False
natural_mean,0.86343068687710911,qpool_a6ffe2b653ce5a24,qmask_5a3f155888c60ff4,10001001,3,0.31728659594025577,1.1807172828173649,False
natural_mean,0.86343068687710911,qpool_a6ffe2b653ce5a24,qmask_8a58e1cfc4f87182,11010001,4,1.5981009961062655,2.4615316829833747,False
natural_mean,0.86343068687710911,qpool_a6ffe2b653ce5a24,qmask_9df5cd7b1d191d30,00001110,3,0.36698164088607566,0.49644904599103346,False
natural_mean,0.86343068687710911,qpool_a6ffe2b653ce5a24,qmask_a9284c314595341d,11001010,4,1.6001309008863309,2.46356158776344,False
natural_mean,0.86343068687710911,qpool_a6ffe2b653ce5a24,qmask_c7c095a611af1783,00101100,3,0.12420733233968528,0.73922335453742383,False
natural_mean,0.86343068687710911,qpool_a6ffe2b653ce5a24,qmask_d350d740bff94567,00010011,3,0.43517919771974978,0.42825148915735933,False
natural_mean,0.86343068687710911,qpool_a6ffe2b653ce5a24,analytic_noop,00000000,0,0.86343068687710911,0,True
natural_mean,0.86343068687710911,qpool_bace2709926cfaee,qmask_0cd7ddfc8c2186ca,00110100,3,0.10682797515364317,0.75660271172346594,False
natural_mean,0.86343068687710911,qpool_bace2709926cfaee,qmask_17b31d3e8666d651,01011101,5,0.90194849820331191,1.765379185080421,False
natural_mean,0.86343068687710911,qpool_bace2709926cfaee,qmask_1d6d1ddc1980f1fe,10111000,4,0.93739823836237157,1.8008289252394807,False
natural_mean,0.86343068687710911,qpool_bace2709926cfaee,qmask_424f9867dfadb061,10110000,3,0.55439773896576061,1.4178284258428697,False
natural_mean,0.86343068687710911,qpool_bace2709926cfaee,qmask_884363745844cf9e,10110011,5,0.78068765393342776,1.6441183408105369,False
natural_mean,0.86343068687710911,qpool_bace2709926cfaee,qmask_bad2b6dedfcd4ce3,11010101,5,1.7941956530728671,2.6576263399499762,False
natural_mean,0.86343068687710911,qpool_bace2709926cfaee,qmask_ddc0ed6fecc12d09,11011011,6,2.2236305330144033,3.0870612198915124,False
natural_mean,0.86343068687710911,qpool_bace2709926cfaee,qmask_fe9b859e1804ec08,00011010,3,0.12193397195494737,0.74149671492216174,False
natural_mean,0.86343068687710911,qpool_bace2709926cfaee,analytic_noop,00000000,0,0.86343068687710911,0,True
natural_mean,0.86343068687710911,qpool_c519138426e50658,qmask_07e4d5ad11974b66,01010100,3,0.36939426221003679,1.2328249490871459,False
natural_mean,0.86343068687710911,qpool_c519138426e50658,qmask_47a8b0e6e63f5071,10111110,6,1.2593095444478153,2.1227402313249244,False
natural_mean,0.86343068687710911,qpool_c519138426e50658,qmask_75e6dad44fc41222,01100100,3,0.3863635364721425,1.2497942233492516,False
natural_mean,0.86343068687710911,qpool_c519138426e50658,qmask_b0e252c8a061a875,00110011,4,0.06554565699208581,0.7978850298850233,False
natural_mean,0.86343068687710911,qpool_c519138426e50658,qmask_e7b741d3e896dac1,01101010,4,0.64599439727460539,1.5094250841517145,False
natural_mean,0.86343068687710911,qpool_c519138426e50658,qmask_e8f30cbb6e37ce0d,10101011,5,0.75604489807586606,1.6194755849529752,False
natural_mean,0.86343068687710911,qpool_c519138426e50658,qmask_ecc5bb9003043fc6,10000101,3,0.21559290003068621,1.0790235869077953,False
natural_mean,0.86343068687710911,qpool_c519138426e50658,qmask_ed854a1bc1c21a23,01111011,6,1.2031495255207236,2.0665802123978327,False
natural_mean,0.86343068687710911,qpool_c519138426e50658,analytic_noop,00000000,0,0.86343068687710911,0,True
natural_mean,0.86343068687710911,qpool_e3bc02cdca185ab2,qmask_30f1d2fade2e7178,01001010,3,0.30874732868463428,1.1721780155617434,False
natural_mean,0.86343068687710911,qpool_e3bc02cdca185ab2,qmask_6227c96ae46c75f8,01111001,5,1.0598730914306567,1.9233037783077658,False
natural_mean,0.86343068687710911,qpool_e3bc02cdca185ab2,qmask_90dd78ad11f097b3,11110100,5,1.9637093260577183,2.8271400129348274,False
natural_mean,0.86343068687710911,qpool_e3bc02cdca185ab2,qmask_9f2a7299208a9ed1,01100111,5,0.61940178295413695,1.4828324698312461,False
natural_mean,0.86343068687710911,qpool_e3bc02cdca185ab2,qmask_afbe22c87ad11ae4,10101100,4,0.7137497804979529,1.577180467375062,False
natural_mean,0.86343068687710911,qpool_e3bc02cdca185ab2,qmask_cc0414ee182789c1,01111111,7,1.389942282242159,2.2533729691192681,False
natural_mean,0.86343068687710911,qpool_e3bc02cdca185ab2,qmask_ece46f8d3d79b53f,00011111,5,0.076929485150596832,0.94036017202770594,False
natural_mean,0.86343068687710911,qpool_e3bc02cdca185ab2,qmask_f61f977e6689b2ed,10001111,5,0.60905868101381566,1.4724893678909248,False
natural_mean,0.86343068687710911,qpool_e3bc02cdca185ab2,analytic_noop,00000000,0,0.86343068687710911,0,True
natural_mean,0.86343068687710911,qpool_ff721276bd560c43,qmask_05031e6a7405856b,00111110,5,0.38334022212992092,1.24677090900703,False
natural_mean,0.86343068687710911,qpool_ff721276bd560c43,qmask_239a2dd293cc8eaf,11000001,3,1.2535723156663838,2.1170030025434929,False
natural_mean,0.86343068687710911,qpool_ff721276bd560c43,qmask_2678a15f3a1887ca,10110001,4,0.65858217152730925,1.5220128584044184,False
natural_mean,0.86343068687710911,qpool_ff721276bd560c43,qmask_7c7f09c2f082e17d,01111000,4,0.96745281490000279,1.8308835017771119,False
natural_mean,0.86343068687710911,qpool_ff721276bd560c43,qmask_8a4fe6aab0927861,11110001,5,1.9097796505000835,2.7732103373771926,False
natural_mean,0.86343068687710911,qpool_ff721276bd560c43,qmask_9ef84ec72720c5bb,00100111,4,0.17928361316016539,0.68414707371694372,False
natural_mean,0.86343068687710911,qpool_ff721276bd560c43,qmask_bdc01c419cf655bf,01100001,3,0.33981508501895741,1.2032457718960665,False
natural_mean,0.86343068687710911,qpool_ff721276bd560c43,qmask_f9ff1c9f8ba69f2e,11100101,5,1.771804135717737,2.6352348225948461,False
natural_mean,0.86343068687710911,qpool_ff721276bd560c43,analytic_noop,00000000,0,0.86343068687710911,0,True
transformed_mean,0.86343068687710911,qpool_04a0d16a2ce1d6ae,qmask_04e99e00df510b89,10100010,3,0.429589658240009,,False
transformed_mean,0.86343068687710911,qpool_04a0d16a2ce1d6ae,qmask_4dc7fd92c7b096a2,11101001,5,1.9072300916423057,,False
transformed_mean,0.86343068687710911,qpool_04a0d16a2ce1d6ae,qmask_56332775d253c008,10100101,4,0.55089940057768005,,False
transformed_mean,0.86343068687710911,qpool_04a0d16a2ce1d6ae,qmask_6d873abcf3a8f6b9,01001001,3,0.45260796407840692,,False
transformed_mean,0.86343068687710911,qpool_04a0d16a2ce1d6ae,qmask_7c330068eacbeec8,01111110,6,1.0865623922796996,,False
transformed_mean,0.86343068687710911,qpool_04a0d16a2ce1d6ae,qmask_87bb9cc60085dcff,11011101,6,2.2347053655214921,,False
transformed_mean,0.86343068687710911,qpool_04a0d16a2ce1d6ae,qmask_a3ac1f42a70defe3,10110101,5,0.73186697292757563,,False
transformed_mean,0.86343068687710911,qpool_04a0d16a2ce1d6ae,qmask_d7d102c2537b80f1,11100110,5,1.7025598593906632,,False
transformed_mean,0.86343068687710911,qpool_04a0d16a2ce1d6ae,analytic_noop,00000000,0,0.86343068687710911,,True
transformed_mean,0.86343068687710911,qpool_094d56ddcd5f1fe4,qmask_168ecc77c6d9bec7,00100011,3,0.33242827413977638,,False
transformed_mean,0.86343068687710911,qpool_094d56ddcd5f1fe4,qmask_2def687a70c0189d,11100100,4,1.6125866291881819,,False
transformed_mean,0.86343068687710911,qpool_094d56ddcd5f1fe4,qmask_514b410bbe7f097e,11010111,6,1.9151632214055367,,False
transformed_mean,0.86343068687710911,qpool_094d56ddcd5f1fe4,qmask_8630d2328962fa10,00111000,3,0.34169246429883421,,False
transformed_mean,0.86343068687710911,qpool_094d56ddcd5f1fe4,qmask_a4b7b621b0c57baf,10111100,5,0.88482106519263537,,False
transformed_mean,0.86343068687710911,qpool_094d56ddcd5f1fe4,qmask_abc2c93f2a9da9d0,11100111,6,1.873831335437826,,False
transformed_mean,0.86343068687710911,qpool_094d56ddcd5f1fe4,qmask_cdd694ec938105ff,00011011,4,0.52129538624332694,,False
transformed_mean,0.86343068687710911,qpool_094d56ddcd5f1fe4,qmask_e907033eeed311b5,00101010,3,0.3460375370964896,,False
transformed_mean,0.86343068687710911,qpool_094d56ddcd5f1fe4,analytic_noop,00000000,0,0.86343068687710911,,True
transformed_mean,0.86343068687710911,qpool_0b1792f4952557ee,qmask_282cb65c9e54d1f9,01101110,5,0.72497338660439459,,False
transformed_mean,0.86343068687710911,qpool_0b1792f4952557ee,qmask_693dc55993aa4fa9,11001111,6,1.9118329369146334,,False
transformed_mean,0.86343068687710911,qpool_0b1792f4952557ee,qmask_849e90ce5ffd4bc1,00111010,4,0.44478956479571885,,False
transformed_mean,0.86343068687710911,qpool_0b1792f4952557ee,qmask_84e1013c62ab0342,10110111,6,0.81539885735900042,,False
transformed_mean,0.86343068687710911,qpool_0b1792f4952557ee,qmask_92fdf63f6fed474e,00011001,3,0.4016473717698833,,False
transformed_mean,0.86343068687710911,qpool_0b1792f4952557ee,qmask_95b0a9234a9eee46,10101110,5,0.68435314000559777,,False
transformed_mean,0.86343068687710911,qpool_0b1792f4952557ee,qmask_9a86a5949df1b42b,01001100,3,0.48362583079938565,,False
transformed_mean,0.86343068687710911,qpool_0b1792f4952557ee,qmask_bde177d3edcb1ae0,00110110,4,0.35338559051552521,,False
transformed_mean,0.86343068687710911,qpool_0b1792f4952557ee,analytic_noop,00000000,0,0.86343068687710911,,True
transformed_mean,0.86343068687710911,qpool_0ffd30d33ad8dd0f,qmask_31a763e8bc0202e0,00101110,4,0.2728755747326046,,False
transformed_mean,0.86343068687710911,qpool_0ffd30d33ad8dd0f,qmask_4f926e356a625a67,01111100,5,0.95465295761756286,,False
transformed_mean,0.86343068687710911,qpool_0ffd30d33ad8dd0f,qmask_7c849c67ebb1b4f9,10111111,7,1.0635871608329774,,False
transformed_mean,0.86343068687710911,qpool_0ffd30d33ad8dd0f,qmask_8fc54aeb91caafc9,00111101,5,0.25507888400770679,,False
transformed_mean,0.86343068687710911,qpool_0ffd30d33ad8dd0f,qmask_af6d0dc69e3d9a78,00011110,4,0.53512216379730204,,False
transformed_mean,0.86343068687710911,qpool_0ffd30d33ad8dd0f,qmask_b996be105c0f3dda,10100110,4,0.50961378828164094,,False
transformed_mean,0.86343068687710911,qpool_0ffd30d33ad8dd0f,qmask_c76e2148877c5063,11010110,5,1.7354821172639254,,False
transformed_mean,0.86343068687710911,qpool_0ffd30d33ad8dd0f,qmask_e217ee83fae37141,11110010,5,1.9412930742370853,,False
transformed_mean,0.86343068687710911,qpool_0ffd30d33ad8dd0f,analytic_noop,00000000,0,0.86343068687710911,,True
transformed_mean,0.86343068687710911,qpool_169a31b6710ef111,qmask_427363983d4a675f,11011110,6,2.2920312322102316,,False
transformed_mean,0.86343068687710911,qpool_169a31b6710ef111,qmask_55cbf5fefb67a9c9,10010100,3,0.48628844823874157,,False
transformed_mean,0.86343068687710911,qpool_169a31b6710ef111,qmask_68ff8f889255b0e9,00001111,4,0.41012806807896202,,False
transformed_mean,0.86343068687710911,qpool_169a31b6710ef111,qmask_8a9d405ad1968a90,11001000,3,1.3066919683979032,,False
transformed_mean,0.86343068687710911,qpool_169a31b6710ef111,qmask_96b494b452b77f8e,01110100,4,0.71457053966533146,,False
transformed_mean,0.86343068687710911,qpool_169a31b6710ef111,qmask_b02b2d5954d58371,01011000,3,0.61971018706411951,,False
transformed_mean,0.86343068687710911,qpool_169a31b6710ef111,qmask_bcbb878aab0fd0e6,10010101,4,0.57220658617894737,,False
transformed_mean,0.86343068687710911,qpool_169a31b6710ef111,qmask_cb0a7c3a10da33f2,11001100,4,1.5569545724568703,,False
transformed_mean,0.86343068687710911,qpool_169a31b6710ef111,analytic_noop,00000000,0,0.86343068687710911,,True
transformed_mean,0.86343068687710911,qpool_3bc403a0734a65bf,qmask_330533bb35dfe50c,10001011,4,0.5902590851217302,,False
transformed_mean,0.86343068687710911,qpool_3bc403a0734a65bf,qmask_7496171506cc1757,10011111,6,0.97102723078724507,,False
transformed_mean,0.86343068687710911,qpool_3bc403a0734a65bf,qmask_81b5d6cd2a60bf37,11110101,6,2.2136209559457076,,False
transformed_mean,0.86343068687710911,qpool_3bc403a0734a65bf,qmask_85812c22f52f55f2,10101111,6,0.73358411498063958,,False
transformed_mean,0.86343068687710911,qpool_3bc403a0734a65bf,qmask_8ec53a11acfe0f00,11110110,6,2.1995785247957209,,False
transformed_mean,0.86343068687710911,qpool_3bc403a0734a65bf,qmask_cbd8bcbf0db11c8c,00110010,3,0.38157110250233139,,False
transformed_mean,0.86343068687710911,qpool_3bc403a0734a65bf,qmask_d474d772a2156911,10111001,5,0.81128707847793091,,False
transformed_mean,0.86343068687710911,qpool_3bc403a0734a65bf,qmask_d49846da5aa54e5e,01001011,4,0.56764356517493197,,False
transformed_mean,0.86343068687710911,qpool_3bc403a0734a65bf,analytic_noop,00000000,0,0.86343068687710911,,True
transformed_mean,0.86343068687710911,qpool_4da0243bdf72a6cd,qmask_06e53efa12c0c89c,01010011,4,0.52196962060306851,,False
transformed_mean,0.86343068687710911,qpool_4da0243bdf72a6cd,qmask_5106913f39c2ea0e,01100101,4,0.58051926119924047,,False
transformed_mean,0.86343068687710911,qpool_4da0243bdf72a6cd,qmask_58d4e1dd95e5c5b0,00111111,6,0.32218422686910503,,False
transformed_mean,0.86343068687710911,qpool_4da0243bdf72a6cd,qmask_ac55e1313a50fb45,01101101,5,0.71270517595597149,,False
transformed_mean,0.86343068687710911,qpool_4da0243bdf72a6cd,qmask_b52a639547d6a0e9,10000111,4,0.46910176670568948,,False
transformed_mean,0.86343068687710911,qpool_4da0243bdf72a6cd,qmask_d3a70a2b122bfec6,10110100,4,0.6743052908948064,,False
transformed_mean,0.86343068687710911,qpool_4da0243bdf72a6cd,qmask_e28959d82dee3e38,10001110,4,0.58852569540278954,,False
transformed_mean,0.86343068687710911,qpool_4da0243bdf72a6cd,qmask_fe024629e8134fa2,11110111,7,2.3509031730298959,,False
transformed_mean,0.86343068687710911,qpool_4da0243bdf72a6cd,analytic_noop,00000000,0,0.86343068687710911,,True
transformed_mean,0.86343068687710911,qpool_59fb93108c625f9c,qmask_03e03e6bad3167c1,00110101,4,0.28386149394944293,,False
transformed_mean,0.86343068687710911,qpool_59fb93108c625f9c,qmask_22c3d94ed895c2d5,10010110,4,0.60847876494267594,,False
transformed_mean,0.86343068687710911,qpool_59fb93108c625f9c,qmask_581f449a19375ab8,00011100,3,0.42935838866339432,,False
transformed_mean,0.86343068687710911,qpool_59fb93108c625f9c,qmask_649dfffca1027d37,11101111,7,2.2829881636102698,,False
transformed_mean,0.86343068687710911,qpool_59fb93108c625f9c,qmask_88b9054a02247dd1,11000010,3,1.0183467960242769,,False
transformed_mean,0.86343068687710911,qpool_59fb93108c625f9c,qmask_9cf9f1f53520f88b,01111010,5,0.98146303412658109,,False
transformed_mean,0.86343068687710911,qpool_59fb93108c625f9c,qmask_af3070b33fa6727a,01000111,4,0.43678036406588705,,False
transformed_mean,0.86343068687710911,qpool_59fb93108c625f9c,qmask_d9d8505932b1a835,11000100,3,1.1459744898822124,,False
transformed_mean,0.86343068687710911,qpool_59fb93108c625f9c,analytic_noop,00000000,0,0.86343068687710911,,True
transformed_mean,0.86343068687710911,qpool_6c9ad557921d1966,qmask_3b86e07f9bac3525,10001010,3,0.51636695158475376,,False
transformed_mean,0.86343068687710911,qpool_6c9ad557921d1966,qmask_494f47beb25cae41,11111001,6,2.3915164519138701,,False
transformed_mean,0.86343068687710911,qpool_6c9ad557921d1966,qmask_5febbac13cd7abee,00010110,3,0.4522889095390481,,False
transformed_mean,0.86343068687710911,qpool_6c9ad557921d1966,qmask_ba4de66f5ec66b86,01010110,4,0.58680275045183783,,False
transformed_mean,0.86343068687710911,qpool_6c9ad557921d1966,qmask_d79394fce5af8530,11011111,7,2.4544885606291027,,False
transformed_mean,0.86343068687710911,qpool_6c9ad557921d1966,qmask_e003b3ec0121953b,11011001,5,1.9556520053534396,,False
transformed_mean,0.86343068687710911,qpool_6c9ad557921d1966,qmask_f820e84b827bfd6b,10101101,5,0.65351867168000854,,False
transformed_mean,0.86343068687710911,qpool_6c9ad557921d1966,qmask_fa363a52954060a1,10110110,5,0.76889093447420642,,False
transformed_mean,0.86343068687710911,qpool_6c9ad557921d1966,analytic_noop,00000000,0,0.86343068687710911,,True
transformed_mean,0.86343068687710911,qpool_70bc91001fd21361,qmask_14432725d56e8049,10011100,4,0.73630000611493229,,False
transformed_mean,0.86343068687710911,qpool_70bc91001fd21361,qmask_323b67f1b27b5893,11111100,6,2.5133995750326141,,False
transformed_mean,0.86343068687710911,qpool_70bc91001fd21361,qmask_39ecce4dbde1e7f4,11001001,4,1.4964545864322358,,False
transformed_mean,0.86343068687710911,qpool_70bc91001fd21361,qmask_527883050feb9009,11001011,5,1.6828130339976757,,False
transformed_mean,0.86343068687710911,qpool_70bc91001fd21361,qmask_7f50455f5507bafe,10010011,4,0.56251265219428992,,False
transformed_mean,0.86343068687710911,qpool_70bc91001fd21361,qmask_83013e5a4235b8ec,00010111,4,0.42333030684291262,,False
transformed_mean,0.86343068687710911,qpool_70bc91001fd21361,qmask_a6bb6d75ba01c741,11010000,3,1.2643024134711818,,False
transformed_mean,0.86343068687710911,qpool_70bc91001fd21361,qmask_ddede699aac8de6a,11111010,6,2.4782273972185251,,False
transformed_mean,0.86343068687710911,qpool_70bc91001fd21361,analytic_noop,00000000,0,0.86343068687710911,,True
transformed_mean,0.86343068687710911,qpool_7d29cbb2adc90870,qmask_4cc030241e0f1e44,01100010,3,0.4207825002230049,,False
transformed_mean,0.86343068687710911,qpool_7d29cbb2adc90870,qmask_6d08de407943319e,11101101,6,2.1491723876568756,,False
transformed_mean,0.86343068687710911,qpool_7d29cbb2adc90870,qmask_87c7efb1f0502cb1,01001101,4,0.57326076469085407,,False
transformed_mean,0.86343068687710911,qpool_7d29cbb2adc90870,qmask_95e119f889d86d43,00111011,5,0.36655543312390459,,False
transformed_mean,0.86343068687710911,qpool_7d29cbb2adc90870,qmask_9a6bcdbfd54eac0e,10101001,4,0.56474223741885865,,False
transformed_mean,0.86343068687710911,qpool_7d29cbb2adc90870,qmask_aa927932235c699d,11011100,5,2.0611942779546459,,False
transformed_mean,0.86343068687710911,qpool_7d29cbb2adc90870,qmask_ecfec3b493d7256a,01100110,4,0.52066739122603534,,False
transformed_mean,0.86343068687710911,qpool_7d29cbb2adc90870,qmask_fac74048988e3cbb,01010001,3,0.40346757837574965,,False
transformed_mean,0.86343068687710911,qpool_7d29cbb2adc90870,analytic_noop,00000000,0,0.86343068687710911,,True
transformed_mean,0.86343068687710911,qpool_a6ffe2b653ce5a24,qmask_3745eec79815ddf1,10011011,5,0.87007773086012385,,False
transformed_mean,0.86343068687710911,qpool_a6ffe2b653ce5a24,qmask_58970516f324daa1,11011000,4,1.7858362151320955,,False
transformed_mean,0.86343068687710911,qpool_a6ffe2b653ce5a24,qmask_5a3f155888c60ff4,10001001,3,0.45765097020905371,,False
transformed_mean,0.86343068687710911,qpool_a6ffe2b653ce5a24,qmask_8a58e1cfc4f87182,11010001,4,1.4513419794152664,,False
transformed_mean,0.86343068687710911,qpool_a6ffe2b653ce5a24,qmask_9df5cd7b1d191d30,00001110,3,0.43636361868484974,,False
transformed_mean,0.86343068687710911,qpool_a6ffe2b653ce5a24,qmask_a9284c314595341d,11001010,4,1.5041041751113182,,False
transformed_mean,0.86343068687710911,qpool_a6ffe2b653ce5a24,qmask_c7c095a611af1783,00101100,3,0.25307921875291295,,False
transformed_mean,0.86343068687710911,qpool_a6ffe2b653ce5a24,qmask_d350d740bff94567,00010011,3,0.43580491609431787,,False
transformed_mean,0.86343068687710911,qpool_a6ffe2b653ce5a24,analytic_noop,00000000,0,0.86343068687710911,,True
transformed_mean,0.86343068687710911,qpool_bace2709926cfaee,qmask_0cd7ddfc8c2186ca,00110100,3,0.3301227934050398,,False
transformed_mean,0.86343068687710911,qpool_bace2709926cfaee,qmask_17b31d3e8666d651,01011101,5,0.83145125517312879,,False
transformed_mean,0.86343068687710911,qpool_bace2709926cfaee,qmask_1d6d1ddc1980f1fe,10111000,4,0.77464446951340382,,False
transformed_mean,0.86343068687710911,qpool_bace2709926cfaee,qmask_424f9867dfadb061,10110000,3,0.54424770360207964,,False
transformed_mean,0.86343068687710911,qpool_bace2709926cfaee,qmask_884363745844cf9e,10110011,5,0.70658397120828298,,False
transformed_mean,0.86343068687710911,qpool_bace2709926cfaee,qmask_bad2b6dedfcd4ce3,11010101,5,1.7502763311968144,,False
transformed_mean,0.86343068687710911,qpool_bace2709926cfaee,qmask_ddc0ed6fecc12d09,11011011,6,2.2003731989485615,,False
transformed_mean,0.86343068687710911,qpool_bace2709926cfaee,qmask_fe9b859e1804ec08,00011010,3,0.57117306200770457,,False
transformed_mean,0.86343068687710911,qpool_bace2709926cfaee,analytic_noop,00000000,0,0.86343068687710911,,True
transformed_mean,0.86343068687710911,qpool_c519138426e50658,qmask_07e4d5ad11974b66,01010100,3,0.48218494756405494,,False
transformed_mean,0.86343068687710911,qpool_c519138426e50658,qmask_47a8b0e6e63f5071,10111110,6,1.0343030136709235,,False
transformed_mean,0.86343068687710911,qpool_c519138426e50658,qmask_75e6dad44fc41222,01100100,3,0.50201700749246847,,False
transformed_mean,0.86343068687710911,qpool_c519138426e50658,qmask_b0e252c8a061a875,00110011,4,0.32056074655325739,,False
transformed_mean,0.86343068687710911,qpool_c519138426e50658,qmask_e7b741d3e896dac1,01101010,4,0.64496948721485947,,False
transformed_mean,0.86343068687710911,qpool_c519138426e50658,qmask_e8f30cbb6e37ce0d,10101011,5,0.66974567920700079,,False
transformed_mean,0.86343068687710911,qpool_c519138426e50658,qmask_ecc5bb9003043fc6,10000101,3,0.41632795517941235,,False
transformed_mean,0.86343068687710911,qpool_c519138426e50658,qmask_ed854a1bc1c21a23,01111011,6,1.0080456278041479,,False
transformed_mean,0.86343068687710911,qpool_c519138426e50658,analytic_noop,00000000,0,0.86343068687710911,,True
transformed_mean,0.86343068687710911,qpool_e3bc02cdca185ab2,qmask_30f1d2fade2e7178,01001010,3,0.49275768777694068,,False
transformed_mean,0.86343068687710911,qpool_e3bc02cdca185ab2,qmask_6227c96ae46c75f8,01111001,5,0.86225195380247499,,False
transformed_mean,0.86343068687710911,qpool_e3bc02cdca185ab2,qmask_90dd78ad11f097b3,11110100,5,2.0512425485635575,,False
transformed_mean,0.86343068687710911,qpool_e3bc02cdca185ab2,qmask_9f2a7299208a9ed1,01100111,5,0.58811588578483198,,False
transformed_mean,0.86343068687710911,qpool_e3bc02cdca185ab2,qmask_afbe22c87ad11ae4,10101100,4,0.59323393755699161,,False
transformed_mean,0.86343068687710911,qpool_e3bc02cdca185ab2,qmask_cc0414ee182789c1,01111111,7,1.1168402833027684,,False
transformed_mean,0.86343068687710911,qpool_e3bc02cdca185ab2,qmask_ece46f8d3d79b53f,00011111,5,0.48893978537842636,,False
transformed_mean,0.86343068687710911,qpool_e3bc02cdca185ab2,qmask_f61f977e6689b2ed,10001111,5,0.66611312628526786,,False
transformed_mean,0.86343068687710911,qpool_e3bc02cdca185ab2,analytic_noop,00000000,0,0.86343068687710911,,True
transformed_mean,0.86343068687710911,qpool_ff721276bd560c43,qmask_05031e6a7405856b,00111110,5,0.39672306119541734,,False
transformed_mean,0.86343068687710911,qpool_ff721276bd560c43,qmask_239a2dd293cc8eaf,11000001,3,1.0828172879668228,,False
transformed_mean,0.86343068687710911,qpool_ff721276bd560c43,qmask_2678a15f3a1887ca,10110001,4,0.59811408828934698,,False
transformed_mean,0.86343068687710911,qpool_ff721276bd560c43,qmask_7c7f09c2f082e17d,01111000,4,0.82461560097693321,,False
transformed_mean,0.86343068687710911,qpool_ff721276bd560c43,qmask_8a4fe6aab0927861,11110001,5,1.9267022095540591,,False
transformed_mean,0.86343068687710911,qpool_ff721276bd560c43,qmask_9ef84ec72720c5bb,00100111,4,0.28284260073488854,,False
transformed_mean,0.86343068687710911,qpool_ff721276bd560c43,qmask_bdc01c419cf655bf,01100001,3,0.45200107436319703,,False
transformed_mean,0.86343068687710911,qpool_ff721276bd560c43,qmask_f9ff1c9f8ba69f2e,11100101,5,1.79491186438332,,False
transformed_mean,0.86343068687710911,qpool_ff721276bd560c43,analytic_noop,00000000,0,0.86343068687710911,,True
direct_risk,1.7268613737542182,qpool_04a0d16a2ce1d6ae,qmask_04e99e00df510b89,10100010,3,0.85869689991495513,,False
direct_risk,1.7268613737542182,qpool_04a0d16a2ce1d6ae,qmask_4dc7fd92c7b096a2,11101001,5,1.4507413951429808,,False
direct_risk,1.7268613737542182,qpool_04a0d16a2ce1d6ae,qmask_56332775d253c008,10100101,4,0.85941957230730193,,False
direct_risk,1.7268613737542182,qpool_04a0d16a2ce1d6ae,qmask_6d873abcf3a8f6b9,01001001,3,1.0140687690022621,,False
direct_risk,1.7268613737542182,qpool_04a0d16a2ce1d6ae,qmask_7c330068eacbeec8,01111110,6,1.2871506162764819,,False
direct_risk,1.7268613737542182,qpool_04a0d16a2ce1d6ae,qmask_87bb9cc60085dcff,11011101,6,1.5568399854470523,,False
direct_risk,1.7268613737542182,qpool_04a0d16a2ce1d6ae,qmask_a3ac1f42a70defe3,10110101,5,0.89288640511505779,,False
direct_risk,1.7268613737542182,qpool_04a0d16a2ce1d6ae,qmask_d7d102c2537b80f1,11100110,5,1.1666733387064783,,False
direct_risk,1.7268613737542182,qpool_04a0d16a2ce1d6ae,analytic_noop,00000000,0,1.7268613737542182,,True
direct_risk,1.7268613737542182,qpool_094d56ddcd5f1fe4,qmask_168ecc77c6d9bec7,00100011,3,1.3532688506709318,,False
direct_risk,1.7268613737542182,qpool_094d56ddcd5f1fe4,qmask_2def687a70c0189d,11100100,4,1.1149785031251596,,False
direct_risk,1.7268613737542182,qpool_094d56ddcd5f1fe4,qmask_514b410bbe7f097e,11010111,6,1.1924306564594429,,False
direct_risk,1.7268613737542182,qpool_094d56ddcd5f1fe4,qmask_8630d2328962fa10,00111000,3,1.3587995935224397,,False
direct_risk,1.7268613737542182,qpool_094d56ddcd5f1fe4,qmask_a4b7b621b0c57baf,10111100,5,1.1778285748962873,,False
direct_risk,1.7268613737542182,qpool_094d56ddcd5f1fe4,qmask_abc2c93f2a9da9d0,11100111,6,1.2381543157209511,,False
direct_risk,1.7268613737542182,qpool_094d56ddcd5f1fe4,qmask_cdd694ec938105ff,00011011,4,1.3078984305264898,,False
direct_risk,1.7268613737542182,qpool_094d56ddcd5f1fe4,qmask_e907033eeed311b5,00101010,3,1.3106656796359628,,False
direct_risk,1.7268613737542182,qpool_094d56ddcd5f1fe4,analytic_noop,00000000,0,1.7268613737542182,,True
direct_risk,1.7268613737542182,qpool_0b1792f4952557ee,qmask_282cb65c9e54d1f9,01101110,5,1.0567752657310177,,False
direct_risk,1.7268613737542182,qpool_0b1792f4952557ee,qmask_693dc55993aa4fa9,11001111,6,1.2910989167836511,,False
direct_risk,1.7268613737542182,qpool_0b1792f4952557ee,qmask_849e90ce5ffd4bc1,00111010,4,1.29592031353986,,False
direct_risk,1.7268613737542182,qpool_0b1792f4952557ee,qmask_84e1013c62ab0342,10110111,6,0.89583175058301934,,False
direct_risk,1.7268613737542182,qpool_0b1792f4952557ee,qmask_92fdf63f6fed474e,00011001,3,1.3828085966502455,,False
direct_risk,1.7268613737542182,qpool_0b1792f4952557ee,qmask_95b0a9234a9eee46,10101110,5,0.99152190218189262,,False
direct_risk,1.7268613737542182,qpool_0b1792f4952557ee,qmask_9a86a5949df1b42b,01001100,3,0.9548974942316335,,False
direct_risk,1.7268613737542182,qpool_0b1792f4952557ee,qmask_bde177d3edcb1ae0,00110110,4,1.1075400154853234,,False
direct_risk,1.7268613737542182,qpool_0b1792f4952557ee,analytic_noop,00000000,0,1.7268613737542182,,True
direct_risk,1.7268613737542182,qpool_0ffd30d33ad8dd0f,qmask_31a763e8bc0202e0,00101110,4,1.217175075163192,,False
direct_risk,1.7268613737542182,qpool_0ffd30d33ad8dd0f,qmask_4f926e356a625a67,01111100,5,1.2679470555492813,,False
direct_risk,1.7268613737542182,qpool_0ffd30d33ad8dd0f,qmask_7c849c67ebb1b4f9,10111111,7,1.2422114319326725,,False
direct_risk,1.7268613737542182,qpool_0ffd30d33ad8dd0f,qmask_8fc54aeb91caafc9,00111101,5,1.2783166955884722,,False
direct_risk,1.7268613737542182,qpool_0ffd30d33ad8dd0f,qmask_af6d0dc69e3d9a78,00011110,4,1.2351258312824722,,False
direct_risk,1.7268613737542182,qpool_0ffd30d33ad8dd0f,qmask_b996be105c0f3dda,10100110,4,0.82879545243743702,,False
direct_risk,1.7268613737542182,qpool_0ffd30d33ad8dd0f,qmask_c76e2148877c5063,11010110,5,1.1415091051799031,,False
direct_risk,1.7268613737542182,qpool_0ffd30d33ad8dd0f,qmask_e217ee83fae37141,11110010,5,1.3376877466369113,,False
direct_risk,1.7268613737542182,qpool_0ffd30d33ad8dd0f,analytic_noop,00000000,0,1.7268613737542182,,True
direct_risk,1.7268613737542182,qpool_169a31b6710ef111,qmask_427363983d4a675f,11011110,6,1.5705544033523788,,False
direct_risk,1.7268613737542182,qpool_169a31b6710ef111,qmask_55cbf5fefb67a9c9,10010100,3,0.81133068624897897,,False
direct_risk,1.7268613737542182,qpool_169a31b6710ef111,qmask_68ff8f889255b0e9,00001111,4,1.2615768098333275,,False
direct_risk,1.7268613737542182,qpool_169a31b6710ef111,qmask_8a9d405ad1968a90,11001000,3,1.1012900825119387,,False
direct_risk,1.7268613737542182,qpool_169a31b6710ef111,qmask_96b494b452b77f8e,01110100,4,0.96498602481395357,,False
direct_risk,1.7268613737542182,qpool_169a31b6710ef111,qmask_b02b2d5954d58371,01011000,3,1.0925142169598494,,False
direct_risk,1.7268613737542182,qpool_169a31b6710ef111,qmask_bcbb878aab0fd0e6,10010101,4,0.79669037283936395,,False
direct_risk,1.7268613737542182,qpool_169a31b6710ef111,qmask_cb0a7c3a10da33f2,11001100,4,1.1639201764775857,,False
direct_risk,1.7268613737542182,qpool_169a31b6710ef111,analytic_noop,00000000,0,1.7268613737542182,,True
direct_risk,1.7268613737542182,qpool_3bc403a0734a65bf,qmask_330533bb35dfe50c,10001011,4,0.92662537525915789,,False
direct_risk,1.7268613737542182,qpool_3bc403a0734a65bf,qmask_7496171506cc1757,10011111,6,1.0313556933739445,,False
direct_risk,1.7268613737542182,qpool_3bc403a0734a65bf,qmask_81b5d6cd2a60bf37,11110101,6,1.4329586299683572,,False
direct_risk,1.7268613737542182,qpool_3bc403a0734a65bf,qmask_85812c22f52f55f2,10101111,6,1.0248055490233514,,False
direct_risk,1.7268613737542182,qpool_3bc403a0734a65bf,qmask_8ec53a11acfe0f00,11110110,6,1.4333585671692672,,False
direct_risk,1.7268613737542182,qpool_3bc403a0734a65bf,qmask_cbd8bcbf0db11c8c,00110010,3,1.2116565205894654,,False
direct_risk,1.7268613737542182,qpool_3bc403a0734a65bf,qmask_d474d772a2156911,10111001,5,1.1861731798943242,,False
direct_risk,1.7268613737542182,qpool_3bc403a0734a65bf,qmask_d49846da5aa54e5e,01001011,4,0.9919047038916976,,False
direct_risk,1.7268613737542182,qpool_3bc403a0734a65bf,analytic_noop,00000000,0,1.7268613737542182,,True
direct_risk,1.7268613737542182,qpool_4da0243bdf72a6cd,qmask_06e53efa12c0c89c,01010011,4,0.90729743372346217,,False
direct_risk,1.7268613737542182,qpool_4da0243bdf72a6cd,qmask_5106913f39c2ea0e,01100101,4,0.9398816955665783,,False
direct_risk,1.7268613737542182,qpool_4da0243bdf72a6cd,qmask_58d4e1dd95e5c5b0,00111111,6,1.2251170240896412,,False
direct_risk,1.7268613737542182,qpool_4da0243bdf72a6cd,qmask_ac55e1313a50fb45,01101101,5,1.1059253419293209,,False
direct_risk,1.7268613737542182,qpool_4da0243bdf72a6cd,qmask_b52a639547d6a0e9,10000111,4,0.80717749571143638,,False
direct_risk,1.7268613737542182,qpool_4da0243bdf72a6cd,qmask_d3a70a2b122bfec6,10110100,4,0.87950301841129497,,False
direct_risk,1.7268613737542182,qpool_4da0243bdf72a6cd,qmask_e28959d82dee3e38,10001110,4,0.88937971310209329,,False
direct_risk,1.7268613737542182,qpool_4da0243bdf72a6cd,qmask_fe024629e8134fa2,11110111,7,1.5123038185621847,,False
direct_risk,1.7268613737542182,qpool_4da0243bdf72a6cd,analytic_noop,00000000,0,1.7268613737542182,,True
direct_risk,1.7268613737542182,qpool_59fb93108c625f9c,qmask_03e03e6bad3167c1,00110101,4,1.1566534909179909,,False
direct_risk,1.7268613737542182,qpool_59fb93108c625f9c,qmask_22c3d94ed895c2d5,10010110,4,0.79425192377609655,,False
direct_risk,1.7268613737542182,qpool_59fb93108c625f9c,qmask_581f449a19375ab8,00011100,3,1.3083496107221475,,False
direct_risk,1.7268613737542182,qpool_59fb93108c625f9c,qmask_649dfffca1027d37,11101111,7,1.628914438762866,,False
direct_risk,1.7268613737542182,qpool_59fb93108c625f9c,qmask_88b9054a02247dd1,11000010,3,0.92591832388523865,,False
direct_risk,1.7268613737542182,qpool_59fb93108c625f9c,qmask_9cf9f1f53520f88b,01111010,5,1.255068952739379,,False
direct_risk,1.7268613737542182,qpool_59fb93108c625f9c,qmask_af3070b33fa6727a,01000111,4,0.86299498303536226,,False
direct_risk,1.7268613737542182,qpool_59fb93108c625f9c,qmask_d9d8505932b1a835,11000100,3,0.91984638754235626,,False
direct_risk,1.7268613737542182,qpool_59fb93108c625f9c,analytic_noop,00000000,0,1.7268613737542182,,True
direct_risk,1.7268613737542182,qpool_6c9ad557921d1966,qmask_3b86e07f9bac3525,10001010,3,0.91854710084164148,,False
direct_risk,1.7268613737542182,qpool_6c9ad557921d1966,qmask_494f47beb25cae41,11111001,6,1.8334306751396663,,False
direct_risk,1.7268613737542182,qpool_6c9ad557921d1966,qmask_5febbac13cd7abee,00010110,3,1.2107765582219665,,False
direct_risk,1.7268613737542182,qpool_6c9ad557921d1966,qmask_ba4de66f5ec66b86,01010110,4,0.85509029424340477,,False
direct_risk,1.7268613737542182,qpool_6c9ad557921d1966,qmask_d79394fce5af8530,11011111,7,1.6448438782482244,,False
direct_risk,1.7268613737542182,qpool_6c9ad557921d1966,qmask_e003b3ec0121953b,11011001,5,1.468936430450076,,False
direct_risk,1.7268613737542182,qpool_6c9ad557921d1966,qmask_f820e84b827bfd6b,10101101,5,1.0208277444197094,,False
direct_risk,1.7268613737542182,qpool_6c9ad557921d1966,qmask_fa363a52954060a1,10110110,5,0.87845175297942268,,False
direct_risk,1.7268613737542182,qpool_6c9ad557921d1966,analytic_noop,00000000,0,1.7268613737542182,,True
direct_risk,1.7268613737542182,qpool_70bc91001fd21361,qmask_14432725d56e8049,10011100,4,1.0110240334919471,,False
direct_risk,1.7268613737542182,qpool_70bc91001fd21361,qmask_323b67f1b27b5893,11111100,6,1.8610012956414188,,False
direct_risk,1.7268613737542182,qpool_70bc91001fd21361,qmask_39ecce4dbde1e7f4,11001001,4,1.1669369998189416,,False
direct_risk,1.7268613737542182,qpool_70bc91001fd21361,qmask_527883050feb9009,11001011,5,1.2256041529235251,,False
direct_risk,1.7268613737542182,qpool_70bc91001fd21361,qmask_7f50455f5507bafe,10010011,4,0.82621983732667004,,False
direct_risk,1.7268613737542182,qpool_70bc91001fd21361,qmask_83013e5a4235b8ec,00010111,4,1.1539804607940705,,False
direct_risk,1.7268613737542182,qpool_70bc91001fd21361,qmask_a6bb6d75ba01c741,11010000,3,1.0301838311926437,,False
direct_risk,1.7268613737542182,qpool_70bc91001fd21361,qmask_ddede699aac8de6a,11111010,6,1.8266475646992759,,False
direct_risk,1.7268613737542182,qpool_70bc91001fd21361,analytic_noop,00000000,0,1.7268613737542182,,True
direct_risk,1.7268613737542182,qpool_7d29cbb2adc90870,qmask_4cc030241e0f1e44,01100010,3,0.92414115627202265,,False
direct_risk,1.7268613737542182,qpool_7d29cbb2adc90870,qmask_6d08de407943319e,11101101,6,1.5485367910333581,,False
direct_risk,1.7268613737542182,qpool_7d29cbb2adc90870,qmask_87c7efb1f0502cb1,01001101,4,0.97157368893108564,,False
direct_risk,1.7268613737542182,qpool_7d29cbb2adc90870,qmask_95e119f889d86d43,00111011,5,1.293334167531083,,False
direct_risk,1.7268613737542182,qpool_7d29cbb2adc90870,qmask_9a6bcdbfd54eac0e,10101001,4,1.0205128278184419,,False
direct_risk,1.7268613737542182,qpool_7d29cbb2adc90870,qmask_aa927932235c699d,11011100,5,1.4865471214510406,,False
direct_risk,1.7268613737542182,qpool_7d29cbb2adc90870,qmask_ecfec3b493d7256a,01100110,4,0.88941334173622588,,False
direct_risk,1.7268613737542182,qpool_7d29cbb2adc90870,qmask_fac74048988e3cbb,01010001,3,0.9304939579697068,,False
direct_risk,1.7268613737542182,qpool_7d29cbb2adc90870,analytic_noop,00000000,0,1.7268613737542182,,True
direct_risk,1.7268613737542182,qpool_a6ffe2b653ce5a24,qmask_3745eec79815ddf1,10011011,5,1.0352496200821637,,False
direct_risk,1.7268613737542182,qpool_a6ffe2b653ce5a24,qmask_58970516f324daa1,11011000,4,1.3958252387646293,,False
direct_risk,1.7268613737542182,qpool_a6ffe2b653ce5a24,qmask_5a3f155888c60ff4,10001001,3,0.94435806528044053,,False
direct_risk,1.7268613737542182,qpool_a6ffe2b653ce5a24,qmask_8a58e1cfc4f87182,11010001,4,1.0799270992617847,,False
direct_risk,1.7268613737542182,qpool_a6ffe2b653ce5a24,qmask_9df5cd7b1d191d30,00001110,3,1.3024692580233617,,False
direct_risk,1.7268613737542182,qpool_a6ffe2b653ce5a24,qmask_a9284c314595341d,11001010,4,1.1559606247166878,,False
direct_risk,1.7268613737542182,qpool_a6ffe2b653ce5a24,qmask_c7c095a611af1783,00101100,3,1.2980250996745317,,False
direct_risk,1.7268613737542182,qpool_a6ffe2b653ce5a24,qmask_d350d740bff94567,00010011,3,1.2988989232018131,,False
direct_risk,1.7268613737542182,qpool_a6ffe2b653ce5a24,analytic_noop,00000000,0,1.7268613737542182,,True
direct_risk,1.7268613737542182,qpool_bace2709926cfaee,qmask_0cd7ddfc8c2186ca,00110100,3,1.1894224991323434,,False
direct_risk,1.7268613737542182,qpool_bace2709926cfaee,qmask_17b31d3e8666d651,01011101,5,1.1050697223767694,,False
direct_risk,1.7268613737542182,qpool_bace2709926cfaee,qmask_1d6d1ddc1980f1fe,10111000,4,1.1466035418848204,,False
direct_risk,1.7268613737542182,qpool_bace2709926cfaee,qmask_424f9867dfadb061,10110000,3,0.88699567475196339,,False
direct_risk,1.7268613737542182,qpool_bace2709926cfaee,qmask_884363745844cf9e,10110011,5,0.90045973702920856,,False
direct_risk,1.7268613737542182,qpool_bace2709926cfaee,qmask_bad2b6dedfcd4ce3,11010101,5,1.1291129649066254,,False
direct_risk,1.7268613737542182,qpool_bace2709926cfaee,qmask_ddc0ed6fecc12d09,11011011,6,1.5512573256673341,,False
direct_risk,1.7268613737542182,qpool_bace2709926cfaee,qmask_fe9b859e1804ec08,00011010,3,1.3385082766486442,,False
direct_risk,1.7268613737542182,qpool_bace2709926cfaee,analytic_noop,00000000,0,1.7268613737542182,,True
direct_risk,1.7268613737542182,qpool_c519138426e50658,qmask_07e4d5ad11974b66,01010100,3,0.87660043180556912,,False
direct_risk,1.7268613737542182,qpool_c519138426e50658,qmask_47a8b0e6e63f5071,10111110,6,1.2014635107127698,,False
direct_risk,1.7268613737542182,qpool_c519138426e50658,qmask_75e6dad44fc41222,01100100,3,0.91854972437005467,,False
direct_risk,1.7268613737542182,qpool_c519138426e50658,qmask_b0e252c8a061a875,00110011,4,1.1857024509643823,,False
direct_risk,1.7268613737542182,qpool_c519138426e50658,qmask_e7b741d3e896dac1,01101010,4,1.0527853909146787,,False
direct_risk,1.7268613737542182,qpool_c519138426e50658,qmask_e8f30cbb6e37ce0d,10101011,5,1.0188076348381694,,False
direct_risk,1.7268613737542182,qpool_c519138426e50658,qmask_ecc5bb9003043fc6,10000101,3,0.84391338939715932,,False
direct_risk,1.7268613737542182,qpool_c519138426e50658,qmask_ed854a1bc1c21a23,01111011,6,1.3140480605199225,,False
direct_risk,1.7268613737542182,qpool_c519138426e50658,analytic_noop,00000000,0,1.7268613737542182,,True
direct_risk,1.7268613737542182,qpool_e3bc02cdca185ab2,qmask_30f1d2fade2e7178,01001010,3,0.96841357060297595,,False
direct_risk,1.7268613737542182,qpool_e3bc02cdca185ab2,qmask_6227c96ae46c75f8,01111001,5,1.2965308864768021,,False
direct_risk,1.7268613737542182,qpool_e3bc02cdca185ab2,qmask_90dd78ad11f097b3,11110100,5,1.3580099894752737,,False
direct_risk,1.7268613737542182,qpool_e3bc02cdca185ab2,qmask_9f2a7299208a9ed1,01100111,5,0.91474192383258346,,False
direct_risk,1.7268613737542182,qpool_e3bc02cdca185ab2,qmask_afbe22c87ad11ae4,10101100,4,0.99154070847808495,,False
direct_risk,1.7268613737542182,qpool_e3bc02cdca185ab2,qmask_cc0414ee182789c1,01111111,7,1.3433113963675907,,False
direct_risk,1.7268613737542182,qpool_e3bc02cdca185ab2,qmask_ece46f8d3d79b53f,00011111,5,1.2016976574708824,,False
direct_risk,1.7268613737542182,qpool_e3bc02cdca185ab2,qmask_f61f977e6689b2ed,10001111,5,0.89463965983017435,,False
direct_risk,1.7268613737542182,qpool_e3bc02cdca185ab2,analytic_noop,00000000,0,1.7268613737542182,,True
direct_risk,1.7268613737542182,qpool_ff721276bd560c43,qmask_05031e6a7405856b,00111110,5,1.2305214977878531,,False
direct_risk,1.7268613737542182,qpool_ff721276bd560c43,qmask_239a2dd293cc8eaf,11000001,3,0.93821297661954106,,False
direct_risk,1.7268613737542182,qpool_ff721276bd560c43,qmask_2678a15f3a1887ca,10110001,4,0.90319738914516134,,False
direct_risk,1.7268613737542182,qpool_ff721276bd560c43,qmask_7c7f09c2f082e17d,01111000,4,1.2415483895960928,,False
direct_risk,1.7268613737542182,qpool_ff721276bd560c43,qmask_8a4fe6aab0927861,11110001,5,1.3457891347093507,,False
direct_risk,1.7268613737542182,qpool_ff721276bd560c43,qmask_9ef84ec72720c5bb,00100111,4,1.2182422291565902,,False
direct_risk,1.7268613737542182,qpool_ff721276bd560c43,qmask_bdc01c419cf655bf,01100001,3,0.98311083537572441,,False
direct_risk,1.7268613737542182,qpool_ff721276bd560c43,qmask_f9ff1c9f8ba69f2e,11100101,5,1.182462869239798,,False
direct_risk,1.7268613737542182,qpool_ff721276bd560c43,analytic_noop,00000000,0,1.7268613737542182,,True
natural_mean,1.7268613737542182,qpool_04a0d16a2ce1d6ae,qmask_04e99e00df510b89,10100010,3,0.49885154798837328,1.2280098257658449,False
natural_mean,1.7268613737542182,qpool_04a0d16a2ce1d6ae,qmask_4dc7fd92c7b096a2,11101001,5,1.0585221770492677,2.7853835508034859,False
natural_mean,1.7268613737542182,qpool_04a0d16a2ce1d6ae,qmask_56332775d253c008,10100101,4,0.30624155282111687,1.4206198209331014,False
natural_mean,1.7268613737542182,qpool_04a0d16a2ce1d6ae,qmask_6d873abcf3a8f6b9,01001001,3,0.56788638327915364,1.1589749904750646,False
natural_mean,1.7268613737542182,qpool_04a0d16a2ce1d6ae,qmask_7c330068eacbeec8,01111110,6,0.4402935582520251,2.1671549320062433,False
natural_mean,1.7268613737542182,qpool_04a0d16a2ce1d6ae,qmask_87bb9cc60085dcff,11011101,6,1.4081616081929527,3.1350229819471709,False
natural_mean,1.7268613737542182,qpool_04a0d16a2ce1d6ae,qmask_a3ac1f42a70defe3,10110101,5,0.044410616610560893,1.6824507571436573,False
natural_mean,1.7268613737542182,qpool_04a0d16a2ce1d6ae,qmask_d7d102c2537b80f1,11100110,5,0.86711043236978913,2.5939718061240074,False
natural_mean,1.7268613737542182,qpool_04a0d16a2ce1d6ae,analytic_noop,00000000,0,1.7268613737542182,0,True
natural_mean,1.7268613737542182,qpool_094d56ddcd5f1fe4,qmask_168ecc77c6d9bec7,00100011,3,1.192740021708274,0.53412135204594413,False
natural_mean,1.7268613737542182,qpool_094d56ddcd5f1fe4,qmask_2def687a70c0189d,11100100,4,0.74935210445782641,2.4762134782120446,False
natural_mean,1.7268613737542182,qpool_094d56ddcd5f1fe4,qmask_514b410bbe7f097e,11010111,6,1.0792244630949872,2.8060858368492054,False
natural_mean,1.7268613737542182,qpool_094d56ddcd5f1fe4,qmask_8630d2328962fa10,00111000,3,0.7703656663304661,0.95649570742375212,False
natural_mean,1.7268613737542182,qpool_094d56ddcd5f1fe4,qmask_a4b7b621b0c57baf,10111100,5,0.24491636693159946,1.9717777406858177,False
natural_mean,1.7268613737542182,qpool_094d56ddcd5f1fe4,qmask_abc2c93f2a9da9d0,11100111,6,1.0250116694441922,2.7518730431984104,False
natural_mean,1.7268613737542182,qpool_094d56ddcd5f1fe4,qmask_cdd694ec938105ff,00011011,4,0.94346578312819984,0.78339559062601838,False
natural_mean,1.7268613737542182,qpool_094d56ddcd5f1fe4,qmask_e907033eeed311b5,00101010,3,1.0357529017435776,0.69110847201064052,False
natural_mean,1.7268613737542182,qpool_094d56ddcd5f1fe4,analytic_noop,00000000,0,1.7268613737542182,0,True
natural_mean,1.7268613737542182,qpool_0b1792f4952557ee,qmask_282cb65c9e54d1f9,01101110,5,0.024157184450851243,1.702704189303367,False
natural_mean,1.7268613737542182,qpool_0b1792f4952557ee,qmask_693dc55993aa4fa9,11001111,6,1.0868821172354579,2.8137434909896761,False
natural_mean,1.7268613737542182,qpool_0b1792f4952557ee,qmask_849e90ce5ffd4bc1,00111010,4,0.63922288680429884,1.0876384869499194,False
natural_mean,1.7268613737542182,qpool_0b1792f4952557ee,qmask_84e1013c62ab0342,10110111,6,0.089012224953062047,1.8158735987072803,False
natural_mean,1.7268613737542182,qpool_0b1792f4952557ee,qmask_92fdf63f6fed474e,00011001,3,1.0752713488092769,0.65159002494494134,False
natural_mean,1.7268613737542182,qpool_0b1792f4952557ee,qmask_95b0a9234a9eee46,10101110,5,0.028756798572406872,1.6981045751818113,False
natural_mean,1.7268613737542182,qpool_0b1792f4952557ee,qmask_9a86a5949df1b42b,01001100,3,0.48594837277393688,1.2409130009802813,False
natural_mean,1.7268613737542182,qpool_0b1792f4952557ee,qmask_bde177d3edcb1ae0,00110110,4,0.84421806511416553,0.88264330864005269,False
natural_mean,1.7268613737542182,qpool_0b1792f4952557ee,analytic_noop,00000000,0,1.7268613737542182,0,True
natural_mean,1.7268613737542182,qpool_0ffd30d33ad8dd0f,qmask_31a763e8bc0202e0,00101110,4,0.87521626336547997,0.85164511038873825,False
natural_mean,1.7268613737542182,qpool_0ffd30d33ad8dd0f,qmask_4f926e356a625a67,01111100,5,0.28457965769605487,2.0114410314502731,False
natural_mean,1.7268613737542182,qpool_0ffd30d33ad8dd0f,qmask_7c849c67ebb1b4f9,10111111,7,0.47606747172982544,2.2029288454840437,False
natural_mean,1.7268613737542182,qpool_0ffd30d33ad8dd0f,qmask_8fc54aeb91caafc9,00111101,5,0.5753608485122772,1.151500525241941,False
natural_mean,1.7268613737542182,qpool_0ffd30d33ad8dd0f,qmask_af6d0dc69e3d9a78,00011110,4,0.82331794532113856,0.90354342843307967,False
natural_mean,1.7268613737542182,qpool_0ffd30d33ad8dd0f,qmask_b996be105c0f3dda,10100110,4,0.32060994166141277,1.4062514320928055,False
natural_mean,1.7268613737542182,qpool_0ffd30d33ad8dd0f,qmask_c76e2148877c5063,11010110,5,0.95034678446378429,2.6772081582180025,False
natural_mean,1.7268613737542182,qpool_0ffd30d33ad8dd0f,qmask_e217ee83fae37141,11110010,5,1.0384954931454007,2.7653568668996189,False
natural_mean,1.7268613737542182,qpool_0ffd30d33ad8dd0f,analytic_noop,00000000,0,1.7268613737542182,0,True
natural_mean,1.7268613737542182,qpool_169a31b6710ef111,qmask_427363983d4a675f,11011110,6,1.4619565472128642,3.1888179209670824,False
natural_mean,1.7268613737542182,qpool_169a31b6710ef111,qmask_55cbf5fefb67a9c9,10010100,3,0.46388766324887332,1.2629737105053449,False
natural_mean,1.7268613737542182,qpool_169a31b6710ef111,qmask_68ff8f889255b0e9,00001111,4,1.1738249297409165,0.55303644401330176,False
natural_mean,1.7268613737542182,qpool_169a31b6710ef111,qmask_8a9d405ad1968a90,11001000,3,0.61205681002437018,2.3389181837785884,False
natural_mean,1.7268613737542182,qpool_169a31b6710ef111,qmask_96b494b452b77f8e,01110100,4,0.15565047320700476,1.5712109005472135,False
natural_mean,1.7268613737542182,qpool_169a31b6710ef111,qmask_b02b2d5954d58371,01011000,3,0.22303925020663162,1.5038221235475866,False
natural_mean,1.7268613737542182,qpool_169a31b6710ef111,qmask_bcbb878aab0fd0e6,10010101,4,0.37403826681211227,1.3528231069421059,False
natural_mean,1.7268613737542182,qpool_169a31b6710ef111,qmask_cb0a7c3a10da33f2,11001100,4,0.82006660001905596,2.5469279737732742,False
natural_mean,1.7268613737542182,qpool_169a31b6710ef111,analytic_noop,00000000,0,1.7268613737542182,0,True
natural_mean,1.7268613737542182,qpool_3bc403a0734a65bf,qmask_330533bb35dfe50c,10001011,4,0.43587455613269843,1.2909868176215198,False
natural_mean,1.7268613737542182,qpool_3bc403a0734a65bf,qmask_7496171506cc1757,10011111,6,0.16246157967593167,1.8893229534301499,False
natural_mean,1.7268613737542182,qpool_3bc403a0734a65bf,qmask_81b5d6cd2a60bf37,11110101,6,1.2395293291357685,2.9663907028899867,False
natural_mean,1.7268613737542182,qpool_3bc403a0734a65bf,qmask_85812c22f52f55f2,10101111,6,0.071202470014354757,1.798063843768573,False
natural_mean,1.7268613737542182,qpool_3bc403a0734a65bf,qmask_8ec53a11acfe0f00,11110110,6,1.2480753499249295,2.9749367236791477,False
natural_mean,1.7268613737542182,qpool_3bc403a0734a65bf,qmask_cbd8bcbf0db11c8c,00110010,3,0.99792170257340873,0.72893967118080949,False
natural_mean,1.7268613737542182,qpool_3bc403a0734a65bf,qmask_d474d772a2156911,10111001,5,0.16035840506201104,1.8872197788162293,False
natural_mean,1.7268613737542182,qpool_3bc403a0734a65bf,qmask_d49846da5aa54e5e,01001011,4,0.45286543855813521,1.273995935196083,False
natural_mean,1.7268613737542182,qpool_3bc403a0734a65bf,analytic_noop,00000000,0,1.7268613737542182,0,True
natural_mean,1.7268613737542182,qpool_4da0243bdf72a6cd,qmask_06e53efa12c0c89c,01010011,4,0.4424787239099861,1.2843826498442321,False
natural_mean,1.7268613737542182,qpool_4da0243bdf72a6cd,qmask_5106913f39c2ea0e,01100101,4,0.35216477257110146,1.3746966011831168,False
natural_mean,1.7268613737542182,qpool_4da0243bdf72a6cd,qmask_58d4e1dd95e5c5b0,00111111,6,0.43402081713700458,1.2928405566172136,False
natural_mean,1.7268613737542182,qpool_4da0243bdf72a6cd,qmask_ac55e1313a50fb45,01101101,5,0.042723903325398771,1.6841374704288194,False
natural_mean,1.7268613737542182,qpool_4da0243bdf72a6cd,qmask_b52a639547d6a0e9,10000111,4,0.5426704346518485,1.1841909391023697,False
natural_mean,1.7268613737542182,qpool_4da0243bdf72a6cd,qmask_d3a70a2b122bfec6,10110100,4,0.14351291706287905,1.5833484566913392,False
natural_mean,1.7268613737542182,qpool_4da0243bdf72a6cd,qmask_e28959d82dee3e38,10001110,4,0.34507837043449796,1.3817830033197203,False
natural_mean,1.7268613737542182,qpool_4da0243bdf72a6cd,qmask_fe024629e8134fa2,11110111,7,1.38620593257169,3.1130673063259082,False
natural_mean,1.7268613737542182,qpool_4da0243bdf72a6cd,analytic_noop,00000000,0,1.7268613737542182,0,True
natural_mean,1.7268613737542182,qpool_59fb93108c625f9c,qmask_03e03e6bad3167c1,00110101,4,0.90527532812737022,0.821586045626848,False
natural_mean,1.7268613737542182,qpool_59fb93108c625f9c,qmask_22c3d94ed895c2d5,10010110,4,0.32756182091354291,1.3992995528406753,False
natural_mean,1.7268613737542182,qpool_59fb93108c625f9c,qmask_581f449a19375ab8,00011100,3,0.96756097746811864,0.75930039628609958,False
natural_mean,1.7268613737542182,qpool_59fb93108c625f9c,qmask_649dfffca1027d37,11101111,7,1.3915933058515648,3.118454679605783,False
natural_mean,1.7268613737542182,qpool_59fb93108c625f9c,qmask_88b9054a02247dd1,11000010,3,0.34351491853056793,2.0703762922847861,False
natural_mean,1.7268613737542182,qpool_59fb93108c625f9c,qmask_9cf9f1f53520f88b,01111010,5,0.24841866942135926,1.9752800431755775,False
natural_mean,1.7268613737542182,qpool_59fb93108c625f9c,qmask_af3070b33fa6727a,01000111,4,0.60185344975904242,1.1250079239951758,False
natural_mean,1.7268613737542182,qpool_59fb93108c625f9c,qmask_d9d8505932b1a835,11000100,3,0.43787206170961834,2.1647334354638366,False
natural_mean,1.7268613737542182,qpool_59fb93108c625f9c,analytic_noop,00000000,0,1.7268613737542182,0,True
natural_mean,1.7268613737542182,qpool_6c9ad557921d1966,qmask_3b86e07f9bac3525,10001010,3,0.5316630528131332,1.195198320941085,False
natural_mean,1.7268613737542182,qpool_6c9ad557921d1966,qmask_494f47beb25cae41,11111001,6,1.5040779563379525,3.2309393300921707,False
natural_mean,1.7268613737542182,qpool_6c9ad557921d1966,qmask_5febbac13cd7abee,00010110,3,1.2016844103724649,0.52517696338175335,False
natural_mean,1.7268613737542182,qpool_6c9ad557921d1966,qmask_ba4de66f5ec66b86,01010110,4,0.35295917241487818,1.37390220133934,False
natural_mean,1.7268613737542182,qpool_6c9ad557921d1966,qmask_d79394fce5af8530,11011111,7,1.5730406468592673,3.2999020206134855,False
natural_mean,1.7268613737542182,qpool_6c9ad557921d1966,qmask_e003b3ec0121953b,11011001,5,1.2066381666284842,2.9334995403827024,False
natural_mean,1.7268613737542182,qpool_6c9ad557921d1966,qmask_f820e84b827bfd6b,10101101,5,0.048601530483995736,1.6782598432702225,False
natural_mean,1.7268613737542182,qpool_6c9ad557921d1966,qmask_fa363a52954060a1,10110110,5,0.0089699681908574913,1.7178914055633607,False
natural_mean,1.7268613737542182,qpool_6c9ad557921d1966,analytic_noop,00000000,0,1.7268613737542182,0,True
natural_mean,1.7268613737542182,qpool_70bc91001fd21361,qmask_14432725d56e8049,10011100,4,0.061219514570045597,1.6656418591841726,False
natural_mean,1.7268613737542182,qpool_70bc91001fd21361,qmask_323b67f1b27b5893,11111100,6,1.5812299954782549,3.3080913692324732,False
natural_mean,1.7268613737542182,qpool_70bc91001fd21361,qmask_39ecce4dbde1e7f4,11001001,4,0.74911380351604429,2.4759751772702625,False
natural_mean,1.7268613737542182,qpool_70bc91001fd21361,qmask_527883050feb9009,11001011,5,0.87263710019249752,2.5994984739467157,False
natural_mean,1.7268613737542182,qpool_70bc91001fd21361,qmask_7f50455f5507bafe,10010011,4,0.41350208113573128,1.3133592926184869,False
natural_mean,1.7268613737542182,qpool_70bc91001fd21361,qmask_83013e5a4235b8ec,00010111,4,1.147074087793039,0.57978728596117923,False
natural_mean,1.7268613737542182,qpool_70bc91001fd21361,qmask_a6bb6d75ba01c741,11010000,3,0.59959039118032464,2.3264517649345429,False
natural_mean,1.7268613737542182,qpool_70bc91001fd21361,qmask_ddede699aac8de6a,11111010,6,1.5304376066122636,3.2572989803664818,False
natural_mean,1.7268613737542182,qpool_70bc91001fd21361,analytic_noop,00000000,0,1.7268613737542182,0,True
natural_mean,1.7268613737542182,qpool_7d29cbb2adc90870,qmask_4cc030241e0f1e44,01100010,3,0.55566149500222339,1.1711998787519948,False
natural_mean,1.7268613737542182,qpool_7d29cbb2adc90870,qmask_6d08de407943319e,11101101,6,1.258535543480916,2.9853969172351342,False
natural_mean,1.7268613737542182,qpool_7d29cbb2adc90870,qmask_87c7efb1f0502cb1,01001101,4,0.38809247794042867,1.3387688958137896,False
natural_mean,1.7268613737542182,qpool_7d29cbb2adc90870,qmask_95e119f889d86d43,00111011,5,0.58807110708488497,1.1387902666693333,False
natural_mean,1.7268613737542182,qpool_7d29cbb2adc90870,qmask_9a6bcdbfd54eac0e,10101001,4,0.21587243014208934,1.5109889436121289,False
natural_mean,1.7268613737542182,qpool_7d29cbb2adc90870,qmask_aa927932235c699d,11011100,5,1.2959574012381507,3.022818774992369,False
natural_mean,1.7268613737542182,qpool_7d29cbb2adc90870,qmask_ecfec3b493d7256a,01100110,4,0.36781117444843847,1.3590501993057797,False
natural_mean,1.7268613737542182,qpool_7d29cbb2adc90870,qmask_fac74048988e3cbb,01010001,3,0.57111850969627675,1.1557428640579415,False
natural_mean,1.7268613737542182,qpool_7d29cbb2adc90870,analytic_noop,00000000,0,1.7268613737542182,0,True
natural_mean,1.7268613737542182,qpool_a6ffe2b653ce5a24,qmask_3745eec79815ddf1,10011011,5,0.017636754272486677,1.7092246194817315,False
natural_mean,1.7268613737542182,qpool_a6ffe2b653ce5a24,qmask_58970516f324daa1,11011000,4,1.0893518275644514,2.8162132013186696,False
natural_mean,1.7268613737542182,qpool_a6ffe2b653ce5a24,qmask_5a3f155888c60ff4,10001001,3,0.54614409093685334,1.1807172828173649,False
natural_mean,1.7268613737542182,qpool_a6ffe2b653ce5a24,qmask_8a58e1cfc4f87182,11010001,4,0.73467030922915644,2.4615316829833747,False
natural_mean,1.7268613737542182,qpool_a6ffe2b653ce5a24,qmask_9df5cd7b1d191d30,00001110,3,1.2304123277631849,0.49644904599103346,False
natural_mean,1.7268613737542182,qpool_a6ffe2b653ce5a24,qmask_a9284c314595341d,11001010,4,0.73670021400922181,2.46356158776344,False
natural_mean,1.7268613737542182,qpool_a6ffe2b653ce5a24,qmask_c7c095a611af1783,00101100,3,0.98763801921679439,0.73922335453742383,False
natural_mean,1.7268613737542182,qpool_a6ffe2b653ce5a24,qmask_d350d740bff94567,00010011,3,1.2986098845968588,0.42825148915735933,False
natural_mean,1.7268613737542182,qpool_a6ffe2b653ce5a24,analytic_noop,00000000,0,1.7268613737542182,0,True
natural_mean,1.7268613737542182,qpool_bace2709926cfaee,qmask_0cd7ddfc8c2186ca,00110100,3,0.97025866203075228,0.75660271172346594,False
natural_mean,1.7268613737542182,qpool_bace2709926cfaee,qmask_17b31d3e8666d651,01011101,5,0.0385178113262028,1.765379185080421,False
natural_mean,1.7268613737542182,qpool_bace2709926cfaee,qmask_1d6d1ddc1980f1fe,10111000,4,0.073967551485262462,1.8008289252394807,False
natural_mean,1.7268613737542182,qpool_bace2709926cfaee,qmask_424f9867dfadb061,10110000,3,0.3090329479113485,1.4178284258428697,False
natural_mean,1.7268613737542182,qpool_bace2709926cfaee,qmask_884363745844cf9e,10110011,5,0.082743032943681349,1.6441183408105369,False
natural_mean,1.7268613737542182,qpool_bace2709926cfaee,qmask_bad2b6dedfcd4ce3,11010101,5,0.93076496619575799,2.6576263399499762,False
natural_mean,1.7268613737542182,qpool_bace2709926cfaee,qmask_ddc0ed6fecc12d09,11011011,6,1.3601998461372942,3.0870612198915124,False
natural_mean,1.7268613737542182,qpool_bace2709926cfaee,qmask_fe9b859e1804ec08,00011010,3,0.98536465883205648,0.74149671492216174,False
natural_mean,1.7268613737542182,qpool_bace2709926cfaee,analytic_noop,00000000,0,1.7268613737542182,0,True
natural_mean,1.7268613737542182,qpool_c519138426e50658,qmask_07e4d5ad11974b66,01010100,3,0.49403642466707232,1.2328249490871459,False
natural_mean,1.7268613737542182,qpool_c519138426e50658,qmask_47a8b0e6e63f5071,10111110,6,0.39587885757070618,2.1227402313249244,False
natural_mean,1.7268613737542182,qpool_c519138426e50658,qmask_75e6dad44fc41222,01100100,3,0.47706715040496661,1.2497942233492516,False
natural_mean,1.7268613737542182,qpool_c519138426e50658,qmask_b0e252c8a061a875,00110011,4,0.92897634386919492,0.7978850298850233,False
natural_mean,1.7268613737542182,qpool_c519138426e50658,qmask_e7b741d3e896dac1,01101010,4,0.21743628960250372,1.5094250841517145,False
natural_mean,1.7268613737542182,qpool_c519138426e50658,qmask_e8f30cbb6e37ce0d,10101011,5,0.10738578880124305,1.6194755849529752,False
natural_mean,1.7268613737542182,qpool_c519138426e50658,qmask_ecc5bb9003043fc6,10000101,3,0.6478377868464229,1.0790235869077953,False
natural_mean,1.7268613737542182,qpool_c519138426e50658,qmask_ed854a1bc1c21a23,01111011,6,0.33971883864361452,2.0665802123978327,False
natural_mean,1.7268613737542182,qpool_c519138426e50658,analytic_noop,00000000,0,1.7268613737542182,0,True
natural_mean,1.7268613737542182,qpool_e3bc02cdca185ab2,qmask_30f1d2fade2e7178,01001010,3,0.55468335819247483,1.1721780155617434,False
natural_mean,1.7268613737542182,qpool_e3bc02cdca185ab2,qmask_6227c96ae46c75f8,01111001,5,0.19644240455354756,1.9233037783077658,False
natural_mean,1.7268613737542182,qpool_e3bc02cdca185ab2,qmask_90dd78ad11f097b3,11110100,5,1.1002786391806092,2.8271400129348274,False
natural_mean,1.7268613737542182,qpool_e3bc02cdca185ab2,qmask_9f2a7299208a9ed1,01100111,5,0.24402890392297216,1.4828324698312461,False
natural_mean,1.7268613737542182,qpool_e3bc02cdca185ab2,qmask_afbe22c87ad11ae4,10101100,4,0.14968090637915621,1.577180467375062,False
natural_mean,1.7268613737542182,qpool_e3bc02cdca185ab2,qmask_cc0414ee182789c1,01111111,7,0.52651159536504988,2.2533729691192681,False
natural_mean,1.7268613737542182,qpool_e3bc02cdca185ab2,qmask_ece46f8d3d79b53f,00011111,5,0.78650120172651228,0.94036017202770594,False
natural_mean,1.7268613737542182,qpool_e3bc02cdca185ab2,qmask_f61f977e6689b2ed,10001111,5,0.25437200586329345,1.4724893678909248,False
natural_mean,1.7268613737542182,qpool_e3bc02cdca185ab2,analytic_noop,00000000,0,1.7268613737542182,0,True
natural_mean,1.7268613737542182,qpool_ff721276bd560c43,qmask_05031e6a7405856b,00111110,5,0.48009046474718819,1.24677090900703,False
natural_mean,1.7268613737542182,qpool_ff721276bd560c43,qmask_239a2dd293cc8eaf,11000001,3,0.39014162878927472,2.1170030025434929,False
natural_mean,1.7268613737542182,qpool_ff721276bd560c43,qmask_2678a15f3a1887ca,10110001,4,0.20484851534979986,1.5220128584044184,False
natural_mean,1.7268613737542182,qpool_ff721276bd560c43,qmask_7c7f09c2f082e17d,01111000,4,0.10402212802289368,1.8308835017771119,False
natural_mean,1.7268613737542182,qpool_ff721276bd560c43,qmask_8a4fe6aab0927861,11110001,5,1.0463489636229744,2.7732103373771926,False
natural_mean,1.7268613737542182,qpool_ff721276bd560c43,qmask_9ef84ec72720c5bb,00100111,4,1.0427143000372745,0.68414707371694372,False
natural_mean,1.7268613737542182,qpool_ff721276bd560c43,qmask_bdc01c419cf655bf,01100001,3,0.5236156018581517,1.2032457718960665,False
natural_mean,1.7268613737542182,qpool_ff721276bd560c43,qmask_f9ff1c9f8ba69f2e,11100101,5,0.90837344884062787,2.6352348225948461,False
natural_mean,1.7268613737542182,qpool_ff721276bd560c43,analytic_noop,00000000,0,1.7268613737542182,0,True
transformed_mean,1.7268613737542182,qpool_04a0d16a2ce1d6ae,qmask_04e99e00df510b89,10100010,3,0.36740140781170982,,False
transformed_mean,1.7268613737542182,qpool_04a0d16a2ce1d6ae,qmask_4dc7fd92c7b096a2,11101001,5,1.0356375378870979,,False
transformed_mean,1.7268613737542182,qpool_04a0d16a2ce1d6ae,qmask_56332775d253c008,10100101,4,0.3733814563109088,,False
transformed_mean,1.7268613737542182,qpool_04a0d16a2ce1d6ae,qmask_6d873abcf3a8f6b9,01001001,3,0.49897717671177433,,False
transformed_mean,1.7268613737542182,qpool_04a0d16a2ce1d6ae,qmask_7c330068eacbeec8,01111110,6,0.20768843059044984,,False
transformed_mean,1.7268613737542182,qpool_04a0d16a2ce1d6ae,qmask_87bb9cc60085dcff,11011101,6,1.0582809093408108,,False
transformed_mean,1.7268613737542182,qpool_04a0d16a2ce1d6ae,qmask_a3ac1f42a70defe3,10110101,5,0.43060202774453038,,False
transformed_mean,1.7268613737542182,qpool_04a0d16a2ce1d6ae,qmask_d7d102c2537b80f1,11100110,5,0.76560895171635579,,False
transformed_mean,1.7268613737542182,qpool_04a0d16a2ce1d6ae,analytic_noop,00000000,0,1.7268613737542182,,True
transformed_mean,1.7268613737542182,qpool_094d56ddcd5f1fe4,qmask_168ecc77c6d9bec7,00100011,3,1.1476080022081057,,False
transformed_mean,1.7268613737542182,qpool_094d56ddcd5f1fe4,qmask_2def687a70c0189d,11100100,4,0.67525232674170399,,False
transformed_mean,1.7268613737542182,qpool_094d56ddcd5f1fe4,qmask_514b410bbe7f097e,11010111,6,0.89316656416754781,,False
transformed_mean,1.7268613737542182,qpool_094d56ddcd5f1fe4,qmask_8630d2328962fa10,00111000,3,0.67526593707159166,,False
transformed_mean,1.7268613737542182,qpool_094d56ddcd5f1fe4,qmask_a4b7b621b0c57baf,10111100,5,0.47556881235759851,,False
transformed_mean,1.7268613737542182,qpool_094d56ddcd5f1fe4,qmask_abc2c93f2a9da9d0,11100111,6,0.83912109635312393,,False
transformed_mean,1.7268613737542182,qpool_094d56ddcd5f1fe4,qmask_cdd694ec938105ff,00011011,4,0.60336963478602568,,False
transformed_mean,1.7268613737542182,qpool_094d56ddcd5f1fe4,qmask_e907033eeed311b5,00101010,3,0.85017726856910603,,False
transformed_mean,1.7268613737542182,qpool_094d56ddcd5f1fe4,analytic_noop,00000000,0,1.7268613737542182,,True
transformed_mean,1.7268613737542182,qpool_0b1792f4952557ee,qmask_282cb65c9e54d1f9,01101110,5,0.24423268192602055,,False
transformed_mean,1.7268613737542182,qpool_0b1792f4952557ee,qmask_693dc55993aa4fa9,11001111,6,0.99249289239600524,,False
transformed_mean,1.7268613737542182,qpool_0b1792f4952557ee,qmask_849e90ce5ffd4bc1,00111010,4,0.43786184372423831,,False
transformed_mean,1.7268613737542182,qpool_0b1792f4952557ee,qmask_84e1013c62ab0342,10110111,6,0.37679670906064583,,False
transformed_mean,1.7268613737542182,qpool_0b1792f4952557ee,qmask_92fdf63f6fed474e,00011001,3,0.83886833802515015,,False
transformed_mean,1.7268613737542182,qpool_0b1792f4952557ee,qmask_95b0a9234a9eee46,10101110,5,0.41357281916544064,,False
transformed_mean,1.7268613737542182,qpool_0b1792f4952557ee,qmask_9a86a5949df1b42b,01001100,3,0.47366364405268629,,False
transformed_mean,1.7268613737542182,qpool_0b1792f4952557ee,qmask_bde177d3edcb1ae0,00110110,4,0.64456779060153435,,False
transformed_mean,1.7268613737542182,qpool_0b1792f4952557ee,analytic_noop,00000000,0,1.7268613737542182,,True
transformed_mean,1.7268613737542182,qpool_0ffd30d33ad8dd0f,qmask_31a763e8bc0202e0,00101110,4,0.73250871460583711,,False
transformed_mean,1.7268613737542182,qpool_0ffd30d33ad8dd0f,qmask_4f926e356a625a67,01111100,5,0.28550642897752598,,False
transformed_mean,1.7268613737542182,qpool_0ffd30d33ad8dd0f,qmask_7c849c67ebb1b4f9,10111111,7,0.51218898539421387,,False
transformed_mean,1.7268613737542182,qpool_0ffd30d33ad8dd0f,qmask_8fc54aeb91caafc9,00111101,5,0.57664169619840666,,False
transformed_mean,1.7268613737542182,qpool_0ffd30d33ad8dd0f,qmask_af6d0dc69e3d9a78,00011110,4,0.52850466471946611,,False
transformed_mean,1.7268613737542182,qpool_0ffd30d33ad8dd0f,qmask_b996be105c0f3dda,10100110,4,0.31483758854099797,,False
transformed_mean,1.7268613737542182,qpool_0ffd30d33ad8dd0f,qmask_c76e2148877c5063,11010110,5,0.88006577406157604,,False
transformed_mean,1.7268613737542182,qpool_0ffd30d33ad8dd0f,qmask_e217ee83fae37141,11110010,5,1.0118429265682547,,False
transformed_mean,1.7268613737542182,qpool_0ffd30d33ad8dd0f,analytic_noop,00000000,0,1.7268613737542182,,True
transformed_mean,1.7268613737542182,qpool_169a31b6710ef111,qmask_427363983d4a675f,11011110,6,1.091776643613831,,False
transformed_mean,1.7268613737542182,qpool_169a31b6710ef111,qmask_55cbf5fefb67a9c9,10010100,3,0.4147972192373619,,False
transformed_mean,1.7268613737542182,qpool_169a31b6710ef111,qmask_68ff8f889255b0e9,00001111,4,1.0063911583077239,,False
transformed_mean,1.7268613737542182,qpool_169a31b6710ef111,qmask_8a9d405ad1968a90,11001000,3,0.82933466919495791,,False
transformed_mean,1.7268613737542182,qpool_169a31b6710ef111,qmask_96b494b452b77f8e,01110100,4,0.25149464527016652,,False
transformed_mean,1.7268613737542182,qpool_169a31b6710ef111,qmask_b02b2d5954d58371,01011000,3,0.32465401268410327,,False
transformed_mean,1.7268613737542182,qpool_169a31b6710ef111,qmask_bcbb878aab0fd0e6,10010101,4,0.35763658455337233,,False
transformed_mean,1.7268613737542182,qpool_169a31b6710ef111,qmask_cb0a7c3a10da33f2,11001100,4,0.87267564191551261,,False
transformed_mean,1.7268613737542182,qpool_169a31b6710ef111,analytic_noop,00000000,0,1.7268613737542182,,True
transformed_mean,1.7268613737542182,qpool_3bc403a0734a65bf,qmask_330533bb35dfe50c,10001011,4,0.411502901336052,,False
transformed_mean,1.7268613737542182,qpool_3bc403a0734a65bf,qmask_7496171506cc1757,10011111,6,0.20190730902901904,,False
transformed_mean,1.7268613737542182,qpool_3bc403a0734a65bf,qmask_81b5d6cd2a60bf37,11110101,6,1.1140742741998824,,False
transformed_mean,1.7268613737542182,qpool_3bc403a0734a65bf,qmask_85812c22f52f55f2,10101111,6,0.48380480177954638,,False
transformed_mean,1.7268613737542182,qpool_3bc403a0734a65bf,qmask_8ec53a11acfe0f00,11110110,6,1.1080446194889002,,False
transformed_mean,1.7268613737542182,qpool_3bc403a0734a65bf,qmask_cbd8bcbf0db11c8c,00110010,3,0.81059904071625022,,False
transformed_mean,1.7268613737542182,qpool_3bc403a0734a65bf,qmask_d474d772a2156911,10111001,5,0.46200941391036277,,False
transformed_mean,1.7268613737542182,qpool_3bc403a0734a65bf,qmask_d49846da5aa54e5e,01001011,4,0.4316368151370677,,False
transformed_mean,1.7268613737542182,qpool_3bc403a0734a65bf,analytic_noop,00000000,0,1.7268613737542182,,True
transformed_mean,1.7268613737542182,qpool_4da0243bdf72a6cd,qmask_06e53efa12c0c89c,01010011,4,0.38111745130132291,,False
transformed_mean,1.7268613737542182,qpool_4da0243bdf72a6cd,qmask_5106913f39c2ea0e,01100101,4,0.22741579755833885,,False
transformed_mean,1.7268613737542182,qpool_4da0243bdf72a6cd,qmask_58d4e1dd95e5c5b0,00111111,6,0.37717032291945646,,False
transformed_mean,1.7268613737542182,qpool_4da0243bdf72a6cd,qmask_ac55e1313a50fb45,01101101,5,0.31074026507940722,,False
transformed_mean,1.7268613737542182,qpool_4da0243bdf72a6cd,qmask_b52a639547d6a0e9,10000111,4,0.45212866222799891,,False
transformed_mean,1.7268613737542182,qpool_4da0243bdf72a6cd,qmask_d3a70a2b122bfec6,10110100,4,0.40298934360963812,,False
transformed_mean,1.7268613737542182,qpool_4da0243bdf72a6cd,qmask_e28959d82dee3e38,10001110,4,0.39316486854225063,,False
transformed_mean,1.7268613737542182,qpool_4da0243bdf72a6cd,qmask_fe024629e8134fa2,11110111,7,1.205918728413754,,False
transformed_mean,1.7268613737542182,qpool_4da0243bdf72a6cd,analytic_noop,00000000,0,1.7268613737542182,,True
transformed_mean,1.7268613737542182,qpool_59fb93108c625f9c,qmask_03e03e6bad3167c1,00110101,4,0.83417373098611836,,False
transformed_mean,1.7268613737542182,qpool_59fb93108c625f9c,qmask_22c3d94ed895c2d5,10010110,4,0.31490449464994286,,False
transformed_mean,1.7268613737542182,qpool_59fb93108c625f9c,qmask_581f449a19375ab8,00011100,3,0.77406344390195125,,False
transformed_mean,1.7268613737542182,qpool_59fb93108c625f9c,qmask_649dfffca1027d37,11101111,7,1.3153698749954721,,False
transformed_mean,1.7268613737542182,qpool_59fb93108c625f9c,qmask_88b9054a02247dd1,11000010,3,0.77750145869615284,,False
transformed_mean,1.7268613737542182,qpool_59fb93108c625f9c,qmask_9cf9f1f53520f88b,01111010,5,0.17659147236236095,,False
transformed_mean,1.7268613737542182,qpool_59fb93108c625f9c,qmask_af3070b33fa6727a,01000111,4,0.45875725418571695,,False
transformed_mean,1.7268613737542182,qpool_59fb93108c625f9c,qmask_d9d8505932b1a835,11000100,3,0.67446489613515626,,False
transformed_mean,1.7268613737542182,qpool_59fb93108c625f9c,analytic_noop,00000000,0,1.7268613737542182,,True
transformed_mean,1.7268613737542182,qpool_6c9ad557921d1966,qmask_3b86e07f9bac3525,10001010,3,0.44096754183490638,,False
transformed_mean,1.7268613737542182,qpool_6c9ad557921d1966,qmask_494f47beb25cae41,11111001,6,1.3749303755464721,,False
transformed_mean,1.7268613737542182,qpool_6c9ad557921d1966,qmask_5febbac13cd7abee,00010110,3,1.0244188467207886,,False
transformed_mean,1.7268613737542182,qpool_6c9ad557921d1966,qmask_ba4de66f5ec66b86,01010110,4,0.3160040470207589,,False
transformed_mean,1.7268613737542182,qpool_6c9ad557921d1966,qmask_d79394fce5af8530,11011111,7,1.1478622984812201,,False
transformed_mean,1.7268613737542182,qpool_6c9ad557921d1966,qmask_e003b3ec0121953b,11011001,5,0.95633108821055157,,False
transformed_mean,1.7268613737542182,qpool_6c9ad557921d1966,qmask_f820e84b827bfd6b,10101101,5,0.49527360887257776,,False
transformed_mean,1.7268613737542182,qpool_6c9ad557921d1966,qmask_fa363a52954060a1,10110110,5,0.32518762691987169,,False
transformed_mean,1.7268613737542182,qpool_6c9ad557921d1966,analytic_noop,00000000,0,1.7268613737542182,,True
transformed_mean,1.7268613737542182,qpool_70bc91001fd21361,qmask_14432725d56e8049,10011100,4,0.27215146270893853,,False
transformed_mean,1.7268613737542182,qpool_70bc91001fd21361,qmask_323b67f1b27b5893,11111100,6,1.4473047152853591,,False
transformed_mean,1.7268613737542182,qpool_70bc91001fd21361,qmask_39ecce4dbde1e7f4,11001001,4,0.82213865747430093,,False
transformed_mean,1.7268613737542182,qpool_70bc91001fd21361,qmask_527883050feb9009,11001011,5,0.92029229331885087,,False
transformed_mean,1.7268613737542182,qpool_70bc91001fd21361,qmask_7f50455f5507bafe,10010011,4,0.36298232312185935,,False
transformed_mean,1.7268613737542182,qpool_70bc91001fd21361,qmask_83013e5a4235b8ec,00010111,4,0.90995215218335002,,False
transformed_mean,1.7268613737542182,qpool_70bc91001fd21361,qmask_a6bb6d75ba01c741,11010000,3,0.83933044918213184,,False
transformed_mean,1.7268613737542182,qpool_70bc91001fd21361,qmask_ddede699aac8de6a,11111010,6,1.3467307811298199,,False
transformed_mean,1.7268613737542182,qpool_70bc91001fd21361,analytic_noop,00000000,0,1.7268613737542182,,True
transformed_mean,1.7268613737542182,qpool_7d29cbb2adc90870,qmask_4cc030241e0f1e44,01100010,3,0.28870196249679003,,False
transformed_mean,1.7268613737542182,qpool_7d29cbb2adc90870,qmask_6d08de407943319e,11101101,6,1.1811889091907479,,False
transformed_mean,1.7268613737542182,qpool_7d29cbb2adc90870,qmask_87c7efb1f0502cb1,01001101,4,0.40008847876677694,,False
transformed_mean,1.7268613737542182,qpool_7d29cbb2adc90870,qmask_95e119f889d86d43,00111011,5,0.43623002847302045,,False
transformed_mean,1.7268613737542182,qpool_7d29cbb2adc90870,qmask_9a6bcdbfd54eac0e,10101001,4,0.45480220564465945,,False
transformed_mean,1.7268613737542182,qpool_7d29cbb2adc90870,qmask_aa927932235c699d,11011100,5,1.0261916524793038,,False
transformed_mean,1.7268613737542182,qpool_7d29cbb2adc90870,qmask_ecfec3b493d7256a,01100110,4,0.18406513634217891,,False
transformed_mean,1.7268613737542182,qpool_7d29cbb2adc90870,qmask_fac74048988e3cbb,01010001,3,0.49079432446688198,,False
transformed_mean,1.7268613737542182,qpool_7d29cbb2adc90870,analytic_noop,00000000,0,1.7268613737542182,,True
transformed_mean,1.7268613737542182,qpool_a6ffe2b653ce5a24,qmask_3745eec79815ddf1,10011011,5,0.19110113391197009,,False
transformed_mean,1.7268613737542182,qpool_a6ffe2b653ce5a24,qmask_58970516f324daa1,11011000,4,0.93916513564312298,,False
transformed_mean,1.7268613737542182,qpool_a6ffe2b653ce5a24,qmask_5a3f155888c60ff4,10001001,3,0.45899903838925749,,False
transformed_mean,1.7268613737542182,qpool_a6ffe2b653ce5a24,qmask_8a58e1cfc4f87182,11010001,4,0.81351153698814327,,False
transformed_mean,1.7268613737542182,qpool_a6ffe2b653ce5a24,qmask_9df5cd7b1d191d30,00001110,3,1.1022349523718309,,False
transformed_mean,1.7268613737542182,qpool_a6ffe2b653ce5a24,qmask_a9284c314595341d,11001010,4,0.90349190703362603,,False
transformed_mean,1.7268613737542182,qpool_a6ffe2b653ce5a24,qmask_c7c095a611af1783,00101100,3,0.93346791712400712,,False
transformed_mean,1.7268613737542182,qpool_a6ffe2b653ce5a24,qmask_d350d740bff94567,00010011,3,1.1483471922930044,,False
transformed_mean,1.7268613737542182,qpool_a6ffe2b653ce5a24,analytic_noop,00000000,0,1.7268613737542182,,True
transformed_mean,1.7268613737542182,qpool_bace2709926cfaee,qmask_0cd7ddfc8c2186ca,00110100,3,0.88786350471055719,,False
transformed_mean,1.7268613737542182,qpool_bace2709926cfaee,qmask_17b31d3e8666d651,01011101,5,0.20531435356283001,,False
transformed_mean,1.7268613737542182,qpool_bace2709926cfaee,qmask_1d6d1ddc1980f1fe,10111000,4,0.40633516930813185,,False
transformed_mean,1.7268613737542182,qpool_bace2709926cfaee,qmask_424f9867dfadb061,10110000,3,0.42580394082724493,,False
transformed_mean,1.7268613737542182,qpool_bace2709926cfaee,qmask_884363745844cf9e,10110011,5,0.37075167992165342,,False
transformed_mean,1.7268613737542182,qpool_bace2709926cfaee,qmask_bad2b6dedfcd4ce3,11010101,5,0.82341311785132898,,False
transformed_mean,1.7268613737542182,qpool_bace2709926cfaee,qmask_ddc0ed6fecc12d09,11011011,6,1.0319761552884397,,False
transformed_mean,1.7268613737542182,qpool_bace2709926cfaee,qmask_fe9b859e1804ec08,00011010,3,0.68977476885612565,,False
transformed_mean,1.7268613737542182,qpool_bace2709926cfaee,analytic_noop,00000000,0,1.7268613737542182,,True
transformed_mean,1.7268613737542182,qpool_c519138426e50658,qmask_07e4d5ad11974b66,01010100,3,0.43574099612967859,,False
transformed_mean,1.7268613737542182,qpool_c519138426e50658,qmask_47a8b0e6e63f5071,10111110,6,0.41759503849202284,,False
transformed_mean,1.7268613737542182,qpool_c519138426e50658,qmask_75e6dad44fc41222,01100100,3,0.25920250878678375,,False
transformed_mean,1.7268613737542182,qpool_c519138426e50658,qmask_b0e252c8a061a875,00110011,4,0.76598236070361514,,False
transformed_mean,1.7268613737542182,qpool_c519138426e50658,qmask_e7b741d3e896dac1,01101010,4,0.25682126781355796,,False
transformed_mean,1.7268613737542182,qpool_c519138426e50658,qmask_e8f30cbb6e37ce0d,10101011,5,0.42939707648910636,,False
transformed_mean,1.7268613737542182,qpool_c519138426e50658,qmask_ecc5bb9003043fc6,10000101,3,0.50551642004287389,,False
transformed_mean,1.7268613737542182,qpool_c519138426e50658,qmask_ed854a1bc1c21a23,01111011,6,0.22122468389522248,,False
transformed_mean,1.7268613737542182,qpool_c519138426e50658,analytic_noop,00000000,0,1.7268613737542182,,True
transformed_mean,1.7268613737542182,qpool_e3bc02cdca185ab2,qmask_30f1d2fade2e7178,01001010,3,0.49613888671117334,,False
transformed_mean,1.7268613737542182,qpool_e3bc02cdca185ab2,qmask_6227c96ae46c75f8,01111001,5,0.28898260633893813,,False
transformed_mean,1.7268613737542182,qpool_e3bc02cdca185ab2,qmask_90dd78ad11f097b3,11110100,5,1.0401965632809105,,False
transformed_mean,1.7268613737542182,qpool_e3bc02cdca185ab2,qmask_9f2a7299208a9ed1,01100111,5,0.1762748231196159,,False
transformed_mean,1.7268613737542182,qpool_e3bc02cdca185ab2,qmask_afbe22c87ad11ae4,10101100,4,0.44903802426435391,,False
transformed_mean,1.7268613737542182,qpool_e3bc02cdca185ab2,qmask_cc0414ee182789c1,01111111,7,0.26724494641738977,,False
transformed_mean,1.7268613737542182,qpool_e3bc02cdca185ab2,qmask_ece46f8d3d79b53f,00011111,5,0.4570228349434447,,False
transformed_mean,1.7268613737542182,qpool_e3bc02cdca185ab2,qmask_f61f977e6689b2ed,10001111,5,0.37862353233747442,,False
transformed_mean,1.7268613737542182,qpool_e3bc02cdca185ab2,analytic_noop,00000000,0,1.7268613737542182,,True
transformed_mean,1.7268613737542182,qpool_ff721276bd560c43,qmask_05031e6a7405856b,00111110,5,0.36387883387659592,,False
transformed_mean,1.7268613737542182,qpool_ff721276bd560c43,qmask_239a2dd293cc8eaf,11000001,3,0.67299128719960122,,False
transformed_mean,1.7268613737542182,qpool_ff721276bd560c43,qmask_2678a15f3a1887ca,10110001,4,0.43849332066805902,,False
transformed_mean,1.7268613737542182,qpool_ff721276bd560c43,qmask_7c7f09c2f082e17d,01111000,4,0.26834579281195836,,False
transformed_mean,1.7268613737542182,qpool_ff721276bd560c43,qmask_8a4fe6aab0927861,11110001,5,1.0168855990476795,,False
transformed_mean,1.7268613737542182,qpool_ff721276bd560c43,qmask_9ef84ec72720c5bb,00100111,4,0.95281451227184177,,False
transformed_mean,1.7268613737542182,qpool_ff721276bd560c43,qmask_bdc01c419cf655bf,01100001,3,0.33106564148139284,,False
transformed_mean,1.7268613737542182,qpool_ff721276bd560c43,qmask_f9ff1c9f8ba69f2e,11100101,5,0.72476807337259019,,False
transformed_mean,1.7268613737542182,qpool_ff721276bd560c43,analytic_noop,00000000,0,1.7268613737542182,,True
direct_risk,2.5902920606313273,qpool_04a0d16a2ce1d6ae,qmask_04e99e00df510b89,10100010,3,1.4971857269316735,,False
direct_risk,2.5902920606313273,qpool_04a0d16a2ce1d6ae,qmask_4dc7fd92c7b096a2,11101001,5,1.3412007190421247,,False
direct_risk,2.5902920606313273,qpool_04a0d16a2ce1d6ae,qmask_56332775d253c008,10100101,4,1.4284698760741021,,False
direct_risk,2.5902920606313273,qpool_04a0d16a2ce1d6ae,qmask_6d873abcf3a8f6b9,01001001,3,1.6553833773489832,,False
direct_risk,2.5902920606313273,qpool_04a0d16a2ce1d6ae,qmask_7c330068eacbeec8,01111110,6,1.5068975125628992,,False
direct_risk,2.5902920606313273,qpool_04a0d16a2ce1d6ae,qmask_87bb9cc60085dcff,11011101,6,1.2762481795440648,,False
direct_risk,2.5902920606313273,qpool_04a0d16a2ce1d6ae,qmask_a3ac1f42a70defe3,10110101,5,1.3845361919801005,,False
direct_risk,2.5902920606313273,qpool_04a0d16a2ce1d6ae,qmask_d7d102c2537b80f1,11100110,5,1.0957917588007426,,False
direct_risk,2.5902920606313273,qpool_04a0d16a2ce1d6ae,analytic_noop,00000000,0,2.5902920606313273,,True
direct_risk,2.5902920606313273,qpool_094d56ddcd5f1fe4,qmask_168ecc77c6d9bec7,00100011,3,2.1048594421293814,,False
direct_risk,2.5902920606313273,qpool_094d56ddcd5f1fe4,qmask_2def687a70c0189d,11100100,4,1.103635526270105,,False
direct_risk,2.5902920606313273,qpool_094d56ddcd5f1fe4,qmask_514b410bbe7f097e,11010111,6,1.0046335478002457,,False
direct_risk,2.5902920606313273,qpool_094d56ddcd5f1fe4,qmask_8630d2328962fa10,00111000,3,1.9398030476588439,,False
direct_risk,2.5902920606313273,qpool_094d56ddcd5f1fe4,qmask_a4b7b621b0c57baf,10111100,5,1.5405416597898676,,False
direct_risk,2.5902920606313273,qpool_094d56ddcd5f1fe4,qmask_abc2c93f2a9da9d0,11100111,6,1.0887483930573942,,False
direct_risk,2.5902920606313273,qpool_094d56ddcd5f1fe4,qmask_cdd694ec938105ff,00011011,4,1.9617001230580446,,False
direct_risk,2.5902920606313273,qpool_094d56ddcd5f1fe4,qmask_e907033eeed311b5,00101010,3,1.9866148973071851,,False
direct_risk,2.5902920606313273,qpool_094d56ddcd5f1fe4,analytic_noop,00000000,0,2.5902920606313273,,True
direct_risk,2.5902920606313273,qpool_0b1792f4952557ee,qmask_282cb65c9e54d1f9,01101110,5,1.465748961753039,,False
direct_risk,2.5902920606313273,qpool_0b1792f4952557ee,qmask_693dc55993aa4fa9,11001111,6,1.1284215716622976,,False
direct_risk,2.5902920606313273,qpool_0b1792f4952557ee,qmask_849e90ce5ffd4bc1,00111010,4,1.8364604060273444,,False
direct_risk,2.5902920606313273,qpool_0b1792f4952557ee,qmask_84e1013c62ab0342,10110111,6,1.3280568987309669,,False
direct_risk,2.5902920606313273,qpool_0b1792f4952557ee,qmask_92fdf63f6fed474e,00011001,3,2.0906921821386799,,False
direct_risk,2.5902920606313273,qpool_0b1792f4952557ee,qmask_95b0a9234a9eee46,10101110,5,1.4539112603015143,,False
direct_risk,2.5902920606313273,qpool_0b1792f4952557ee,qmask_9a86a5949df1b42b,01001100,3,1.5530530607908817,,False
direct_risk,2.5902920606313273,qpool_0b1792f4952557ee,qmask_bde177d3edcb1ae0,00110110,4,1.7826704219535396,,False
direct_risk,2.5902920606313273,qpool_0b1792f4952557ee,analytic_noop,00000000,0,2.5902920606313273,,True
direct_risk,2.5902920606313273,qpool_0ffd30d33ad8dd0f,qmask_31a763e8bc0202e0,00101110,4,1.8723231640725113,,False
direct_risk,2.5902920606313273,qpool_0ffd30d33ad8dd0f,qmask_4f926e356a625a67,01111100,5,1.5529931309382368,,False
direct_risk,2.5902920606313273,qpool_0ffd30d33ad8dd0f,qmask_7c849c67ebb1b4f9,10111111,7,1.523283742806856,,False
direct_risk,2.5902920606313273,qpool_0ffd30d33ad8dd0f,qmask_8fc54aeb91caafc9,00111101,5,1.8463664861327038,,False
direct_risk,2.5902920606313273,qpool_0ffd30d33ad8dd0f,qmask_af6d0dc69e3d9a78,00011110,4,1.8554905924418403,,False
direct_risk,2.5902920606313273,qpool_0ffd30d33ad8dd0f,qmask_b996be105c0f3dda,10100110,4,1.4146264969155855,,False
direct_risk,2.5902920606313273,qpool_0ffd30d33ad8dd0f,qmask_c76e2148877c5063,11010110,5,1.0163217989947286,,False
direct_risk,2.5902920606313273,qpool_0ffd30d33ad8dd0f,qmask_e217ee83fae37141,11110010,5,1.2004488849819166,,False
direct_risk,2.5902920606313273,qpool_0ffd30d33ad8dd0f,analytic_noop,00000000,0,2.5902920606313273,,True
direct_risk,2.5902920606313273,qpool_169a31b6710ef111,qmask_427363983d4a675f,11011110,6,1.2303072841621407,,False
direct_risk,2.5902920606313273,qpool_169a31b6710ef111,qmask_55cbf5fefb67a9c9,10010100,3,1.4524523064359303,,False
direct_risk,2.5902920606313273,qpool_169a31b6710ef111,qmask_68ff8f889255b0e9,00001111,4,2.0243599421033669,,False
direct_risk,2.5902920606313273,qpool_169a31b6710ef111,qmask_8a9d405ad1968a90,11001000,3,1.1901397995895409,,False
direct_risk,2.5902920606313273,qpool_169a31b6710ef111,qmask_96b494b452b77f8e,01110100,4,1.4222859420845924,,False
direct_risk,2.5902920606313273,qpool_169a31b6710ef111,qmask_b02b2d5954d58371,01011000,3,1.5857798723657739,,False
direct_risk,2.5902920606313273,qpool_169a31b6710ef111,qmask_bcbb878aab0fd0e6,10010101,4,1.401538314509081,,False
direct_risk,2.5902920606313273,qpool_169a31b6710ef111,qmask_cb0a7c3a10da33f2,11001100,4,1.1404245355090907,,False
direct_risk,2.5902920606313273,qpool_169a31b6710ef111,analytic_noop,00000000,0,2.5902920606313273,,True
direct_risk,2.5902920606313273,qpool_3bc403a0734a65bf,qmask_330533bb35dfe50c,10001011,4,1.5152255939383306,,False
direct_risk,2.5902920606313273,qpool_3bc403a0734a65bf,qmask_7496171506cc1757,10011111,6,1.393508657703989,,False
direct_risk,2.5902920606313273,qpool_3bc403a0734a65bf,qmask_81b5d6cd2a60bf37,11110101,6,1.2143113640799048,,False
direct_risk,2.5902920606313273,qpool_3bc403a0734a65bf,qmask_85812c22f52f55f2,10101111,6,1.4527181700356289,,False
direct_risk,2.5902920606313273,qpool_3bc403a0734a65bf,qmask_8ec53a11acfe0f00,11110110,6,1.1920042831253768,,False
direct_risk,2.5902920606313273,qpool_3bc403a0734a65bf,qmask_cbd8bcbf0db11c8c,00110010,3,1.9097030911909205,,False
direct_risk,2.5902920606313273,qpool_3bc403a0734a65bf,qmask_d474d772a2156911,10111001,5,1.5820562902565398,,False
direct_risk,2.5902920606313273,qpool_3bc403a0734a65bf,qmask_d49846da5aa54e5e,01001011,4,1.5770591112965457,,False
direct_risk,2.5902920606313273,qpool_3bc403a0734a65bf,analytic_noop,00000000,0,2.5902920606313273,,True
direct_risk,2.5902920606313273,qpool_4da0243bdf72a6cd,qmask_06e53efa12c0c89c,01010011,4,1.4831166752750993,,False
direct_risk,2.5902920606313273,qpool_4da0243bdf72a6cd,qmask_5106913f39c2ea0e,01100101,4,1.4628620906545882,,False
direct_risk,2.5902920606313273,qpool_4da0243bdf72a6cd,qmask_58d4e1dd95e5c5b0,00111111,6,1.7500344168409243,,False
direct_risk,2.5902920606313273,qpool_4da0243bdf72a6cd,qmask_ac55e1313a50fb45,01101101,5,1.5237146967410782,,False
direct_risk,2.5902920606313273,qpool_4da0243bdf72a6cd,qmask_b52a639547d6a0e9,10000111,4,1.4607196129197555,,False
direct_risk,2.5902920606313273,qpool_4da0243bdf72a6cd,qmask_d3a70a2b122bfec6,10110100,4,1.405665426842204,,False
direct_risk,2.5902920606313273,qpool_4da0243bdf72a6cd,qmask_e28959d82dee3e38,10001110,4,1.4549304496634332,,False
direct_risk,2.5902920606313273,qpool_4da0243bdf72a6cd,qmask_fe024629e8134fa2,11110111,7,1.2101007889956399,,False
direct_risk,2.5902920606313273,qpool_4da0243bdf72a6cd,analytic_noop,00000000,0,2.5902920606313273,,True
direct_risk,2.5902920606313273,qpool_59fb93108c625f9c,qmask_03e03e6bad3167c1,00110101,4,1.8535134613048676,,False
direct_risk,2.5902920606313273,qpool_59fb93108c625f9c,qmask_22c3d94ed895c2d5,10010110,4,1.3662590612408079,,False
direct_risk,2.5902920606313273,qpool_59fb93108c625f9c,qmask_581f449a19375ab8,00011100,3,1.9815366136796086,,False
direct_risk,2.5902920606313273,qpool_59fb93108c625f9c,qmask_649dfffca1027d37,11101111,7,1.3519748183919373,,False
direct_risk,2.5902920606313273,qpool_59fb93108c625f9c,qmask_88b9054a02247dd1,11000010,3,1.1062145742561231,,False
direct_risk,2.5902920606313273,qpool_59fb93108c625f9c,qmask_9cf9f1f53520f88b,01111010,5,1.5470746176380246,,False
direct_risk,2.5902920606313273,qpool_59fb93108c625f9c,qmask_af3070b33fa6727a,01000111,4,1.5011275889219948,,False
direct_risk,2.5902920606313273,qpool_59fb93108c625f9c,qmask_d9d8505932b1a835,11000100,3,1.0566442442370589,,False
direct_risk,2.5902920606313273,qpool_59fb93108c625f9c,analytic_noop,00000000,0,2.5902920606313273,,True
direct_risk,2.5902920606313273,qpool_6c9ad557921d1966,qmask_3b86e07f9bac3525,10001010,3,1.5461641496180132,,False
direct_risk,2.5902920606313273,qpool_6c9ad557921d1966,qmask_494f47beb25cae41,11111001,6,1.5462326343781319,,False
direct_risk,2.5902920606313273,qpool_6c9ad557921d1966,qmask_5febbac13cd7abee,00010110,3,2.0074699773428697,,False
direct_risk,2.5902920606313273,qpool_6c9ad557921d1966,qmask_ba4de66f5ec66b86,01010110,4,1.3888953379049493,,False
direct_risk,2.5902920606313273,qpool_6c9ad557921d1966,qmask_d79394fce5af8530,11011111,7,1.2616627819290607,,False
direct_risk,2.5902920606313273,qpool_6c9ad557921d1966,qmask_e003b3ec0121953b,11011001,5,1.2983848480813385,,False
direct_risk,2.5902920606313273,qpool_6c9ad557921d1966,qmask_f820e84b827bfd6b,10101101,5,1.4934915262546111,,False
direct_risk,2.5902920606313273,qpool_6c9ad557921d1966,qmask_fa363a52954060a1,10110110,5,1.3471538663446438,,False
direct_risk,2.5902920606313273,qpool_6c9ad557921d1966,analytic_noop,00000000,0,2.5902920606313273,,True
direct_risk,2.5902920606313273,qpool_70bc91001fd21361,qmask_14432725d56e8049,10011100,4,1.4682330164493085,,False
direct_risk,2.5902920606313273,qpool_70bc91001fd21361,qmask_323b67f1b27b5893,11111100,6,1.5140212713929431,,False
direct_risk,2.5902920606313273,qpool_70bc91001fd21361,qmask_39ecce4dbde1e7f4,11001001,4,1.1943624501453716,,False
direct_risk,2.5902920606313273,qpool_70bc91001fd21361,qmask_527883050feb9009,11001011,5,1.1731978223024029,,False
direct_risk,2.5902920606313273,qpool_70bc91001fd21361,qmask_7f50455f5507bafe,10010011,4,1.421391264170621,,False
direct_risk,2.5902920606313273,qpool_70bc91001fd21361,qmask_83013e5a4235b8ec,00010111,4,1.9348893281708495,,False
direct_risk,2.5902920606313273,qpool_70bc91001fd21361,qmask_a6bb6d75ba01c741,11010000,3,1.1127025261081394,,False
direct_risk,2.5902920606313273,qpool_70bc91001fd21361,qmask_ddede699aac8de6a,11111010,6,1.4931710698867819,,False
direct_risk,2.5902920606313273,qpool_70bc91001fd21361,analytic_noop,00000000,0,2.5902920606313273,,True
direct_risk,2.5902920606313273,qpool_7d29cbb2adc90870,qmask_4cc030241e0f1e44,01100010,3,1.5387870579272116,,False
direct_risk,2.5902920606313273,qpool_7d29cbb2adc90870,qmask_6d08de407943319e,11101101,6,1.3404794564460505,,False
direct_risk,2.5902920606313273,qpool_7d29cbb2adc90870,qmask_87c7efb1f0502cb1,01001101,4,1.5335374952021663,,False
direct_risk,2.5902920606313273,qpool_7d29cbb2adc90870,qmask_95e119f889d86d43,00111011,5,1.8367475545324219,,False
direct_risk,2.5902920606313273,qpool_7d29cbb2adc90870,qmask_9a6bcdbfd54eac0e,10101001,4,1.5407095298161089,,False
direct_risk,2.5902920606313273,qpool_7d29cbb2adc90870,qmask_aa927932235c699d,11011100,5,1.2469249490255716,,False
direct_risk,2.5902920606313273,qpool_7d29cbb2adc90870,qmask_ecfec3b493d7256a,01100110,4,1.4306332424611288,,False
direct_risk,2.5902920606313273,qpool_7d29cbb2adc90870,qmask_fac74048988e3cbb,01010001,3,1.5771468783576887,,False
direct_risk,2.5902920606313273,qpool_7d29cbb2adc90870,analytic_noop,00000000,0,2.5902920606313273,,True
direct_risk,2.5902920606313273,qpool_a6ffe2b653ce5a24,qmask_3745eec79815ddf1,10011011,5,1.4571637621153928,,False
direct_risk,2.5902920606313273,qpool_a6ffe2b653ce5a24,qmask_58970516f324daa1,11011000,4,1.2690223259118967,,False
direct_risk,2.5902920606313273,qpool_a6ffe2b653ce5a24,qmask_5a3f155888c60ff4,10001001,3,1.5886589399461679,,False
direct_risk,2.5902920606313273,qpool_a6ffe2b653ce5a24,qmask_8a58e1cfc4f87182,11010001,4,1.0990212993161785,,False
direct_risk,2.5902920606313273,qpool_a6ffe2b653ce5a24,qmask_9df5cd7b1d191d30,00001110,3,2.079036713927596,,False
direct_risk,2.5902920606313273,qpool_a6ffe2b653ce5a24,qmask_a9284c314595341d,11001010,4,1.1669429044981456,,False
direct_risk,2.5902920606313273,qpool_a6ffe2b653ce5a24,qmask_c7c095a611af1783,00101100,3,1.9722884257493885,,False
direct_risk,2.5902920606313273,qpool_a6ffe2b653ce5a24,qmask_d350d740bff94567,00010011,3,2.1109945821945031,,False
direct_risk,2.5902920606313273,qpool_a6ffe2b653ce5a24,analytic_noop,00000000,0,2.5902920606313273,,True
direct_risk,2.5902920606313273,qpool_bace2709926cfaee,qmask_0cd7ddfc8c2186ca,00110100,3,1.8983416206605686,,False
direct_risk,2.5902920606313273,qpool_bace2709926cfaee,qmask_17b31d3e8666d651,01011101,5,1.4972154750889271,,False
direct_risk,2.5902920606313273,qpool_bace2709926cfaee,qmask_1d6d1ddc1980f1fe,10111000,4,1.5601024845062919,,False
direct_risk,2.5902920606313273,qpool_bace2709926cfaee,qmask_424f9867dfadb061,10110000,3,1.4655850747554604,,False
direct_risk,2.5902920606313273,qpool_bace2709926cfaee,qmask_884363745844cf9e,10110011,5,1.3830375332038785,,False
direct_risk,2.5902920606313273,qpool_bace2709926cfaee,qmask_bad2b6dedfcd4ce3,11010101,5,1.0365258075820729,,False
direct_risk,2.5902920606313273,qpool_bace2709926cfaee,qmask_ddc0ed6fecc12d09,11011011,6,1.2788211453750409,,False
direct_risk,2.5902920606313273,qpool_bace2709926cfaee,qmask_fe9b859e1804ec08,00011010,3,1.9911977316177132,,False
direct_risk,2.5902920606313273,qpool_bace2709926cfaee,analytic_noop,00000000,0,2.5902920606313273,,True
direct_risk,2.5902920606313273,qpool_c519138426e50658,qmask_07e4d5ad11974b66,01010100,3,1.4799795031446721,,False
direct_risk,2.5902920606313273,qpool_c519138426e50658,qmask_47a8b0e6e63f5071,10111110,6,1.4993369614591303,,False
direct_risk,2.5902920606313273,qpool_c519138426e50658,qmask_75e6dad44fc41222,01100100,3,1.4956366481399603,,False
direct_risk,2.5902920606313273,qpool_c519138426e50658,qmask_b0e252c8a061a875,00110011,4,1.866946490734595,,False
direct_risk,2.5902920606313273,qpool_c519138426e50658,qmask_e7b741d3e896dac1,01101010,4,1.5335439540222893,,False
direct_risk,2.5902920606313273,qpool_c519138426e50658,qmask_e8f30cbb6e37ce0d,10101011,5,1.494957868505834,,False
direct_risk,2.5902920606313273,qpool_c519138426e50658,qmask_ecc5bb9003043fc6,10000101,3,1.5464815160031222,,False
direct_risk,2.5902920606313273,qpool_c519138426e50658,qmask_ed854a1bc1c21a23,01111011,6,1.5845552396270419,,False
direct_risk,2.5902920606313273,qpool_c519138426e50658,analytic_noop,00000000,0,2.5902920606313273,,True
direct_risk,2.5902920606313273,qpool_e3bc02cdca185ab2,qmask_30f1d2fade2e7178,01001010,3,1.5945031179858855,,False
direct_risk,2.5902920606313273,qpool_e3bc02cdca185ab2,qmask_6227c96ae46c75f8,01111001,5,1.6335968958452463,,False
direct_risk,2.5902920606313273,qpool_e3bc02cdca185ab2,qmask_90dd78ad11f097b3,11110100,5,1.1982471254580684,,False
direct_risk,2.5902920606313273,qpool_e3bc02cdca185ab2,qmask_9f2a7299208a9ed1,01100111,5,1.3998909522241834,,False
direct_risk,2.5902920606313273,qpool_e3bc02cdca185ab2,qmask_afbe22c87ad11ae4,10101100,4,1.4967168837689226,,False
direct_risk,2.5902920606313273,qpool_e3bc02cdca185ab2,qmask_cc0414ee182789c1,01111111,7,1.5443388429009677,,False
direct_risk,2.5902920606313273,qpool_e3bc02cdca185ab2,qmask_ece46f8d3d79b53f,00011111,5,1.8259536922312229,,False
direct_risk,2.5902920606313273,qpool_e3bc02cdca185ab2,qmask_f61f977e6689b2ed,10001111,5,1.4239526023328017,,False
direct_risk,2.5902920606313273,qpool_e3bc02cdca185ab2,analytic_noop,00000000,0,2.5902920606313273,,True
direct_risk,2.5902920606313273,qpool_ff721276bd560c43,qmask_05031e6a7405856b,00111110,5,1.7497865599867959,,False
direct_risk,2.5902920606313273,qpool_ff721276bd560c43,qmask_239a2dd293cc8eaf,11000001,3,1.1078972331087691,,False
direct_risk,2.5902920606313273,qpool_ff721276bd560c43,qmask_2678a15f3a1887ca,10110001,4,1.4444951315443055,,False
direct_risk,2.5902920606313273,qpool_ff721276bd560c43,qmask_7c7f09c2f082e17d,01111000,4,1.5981485411046554,,False
direct_risk,2.5902920606313273,qpool_ff721276bd560c43,qmask_8a4fe6aab0927861,11110001,5,1.2277735626786863,,False
direct_risk,2.5902920606313273,qpool_ff721276bd560c43,qmask_9ef84ec72720c5bb,00100111,4,1.950169594046927,,False
direct_risk,2.5902920606313273,qpool_ff721276bd560c43,qmask_bdc01c419cf655bf,01100001,3,1.5760335028629129,,False
direct_risk,2.5902920606313273,qpool_ff721276bd560c43,qmask_f9ff1c9f8ba69f2e,11100101,5,1.0945598932783303,,False
direct_risk,2.5902920606313273,qpool_ff721276bd560c43,analytic_noop,00000000,0,2.5902920606313273,,True
natural_mean,2.5902920606313273,qpool_04a0d16a2ce1d6ae,qmask_04e99e00df510b89,10100010,3,1.3622822348654824,1.2280098257658449,False
natural_mean,2.5902920606313273,qpool_04a0d16a2ce1d6ae,qmask_4dc7fd92c7b096a2,11101001,5,0.19509149017215854,2.7853835508034859,False
natural_mean,2.5902920606313273,qpool_04a0d16a2ce1d6ae,qmask_56332775d253c008,10100101,4,1.169672239698226,1.4206198209331014,False
natural_mean,2.5902920606313273,qpool_04a0d16a2ce1d6ae,qmask_6d873abcf3a8f6b9,01001001,3,1.4313170701562627,1.1589749904750646,False
natural_mean,2.5902920606313273,qpool_04a0d16a2ce1d6ae,qmask_7c330068eacbeec8,01111110,6,0.42313712862508401,2.1671549320062433,False
natural_mean,2.5902920606313273,qpool_04a0d16a2ce1d6ae,qmask_87bb9cc60085dcff,11011101,6,0.54473092131584355,3.1350229819471709,False
natural_mean,2.5902920606313273,qpool_04a0d16a2ce1d6ae,qmask_a3ac1f42a70defe3,10110101,5,0.90784130348767,1.6824507571436573,False
natural_mean,2.5902920606313273,qpool_04a0d16a2ce1d6ae,qmask_d7d102c2537b80f1,11100110,5,0.0036797454926800199,2.5939718061240074,False
natural_mean,2.5902920606313273,qpool_04a0d16a2ce1d6ae,analytic_noop,00000000,0,2.5902920606313273,0,True
natural_mean,2.5902920606313273,qpool_094d56ddcd5f1fe4,qmask_168ecc77c6d9bec7,00100011,3,2.0561707085853831,0.53412135204594413,False
natural_mean,2.5902920606313273,qpool_094d56ddcd5f1fe4,qmask_2def687a70c0189d,11100100,4,0.1140785824192827,2.4762134782120446,False
natural_mean,2.5902920606313273,qpool_094d56ddcd5f1fe4,qmask_514b410bbe7f097e,11010111,6,0.2157937762178781,2.8060858368492054,False
natural_mean,2.5902920606313273,qpool_094d56ddcd5f1fe4,qmask_8630d2328962fa10,00111000,3,1.6337963532075752,0.95649570742375212,False
natural_mean,2.5902920606313273,qpool_094d56ddcd5f1fe4,qmask_a4b7b621b0c57baf,10111100,5,0.61851431994550965,1.9717777406858177,False
natural_mean,2.5902920606313273,qpool_094d56ddcd5f1fe4,qmask_abc2c93f2a9da9d0,11100111,6,0.16158098256708309,2.7518730431984104,False
natural_mean,2.5902920606313273,qpool_094d56ddcd5f1fe4,qmask_cdd694ec938105ff,00011011,4,1.806896470005309,0.78339559062601838,False
natural_mean,2.5902920606313273,qpool_094d56ddcd5f1fe4,qmask_e907033eeed311b5,00101010,3,1.8991835886206867,0.69110847201064052,False
natural_mean,2.5902920606313273,qpool_094d56ddcd5f1fe4,analytic_noop,00000000,0,2.5902920606313273,0,True
natural_mean,2.5902920606313273,qpool_0b1792f4952557ee,qmask_282cb65c9e54d1f9,01101110,5,0.88758787132796035,1.702704189303367,False
natural_mean,2.5902920606313273,qpool_0b1792f4952557ee,qmask_693dc55993aa4fa9,11001111,6,0.2234514303583488,2.8137434909896761,False
natural_mean,2.5902920606313273,qpool_0b1792f4952557ee,qmask_849e90ce5ffd4bc1,00111010,4,1.502653573681408,1.0876384869499194,False
natural_mean,2.5902920606313273,qpool_0b1792f4952557ee,qmask_84e1013c62ab0342,10110111,6,0.77441846192404706,1.8158735987072803,False
natural_mean,2.5902920606313273,qpool_0b1792f4952557ee,qmask_92fdf63f6fed474e,00011001,3,1.938702035686386,0.65159002494494134,False
natural_mean,2.5902920606313273,qpool_0b1792f4952557ee,qmask_95b0a9234a9eee46,10101110,5,0.89218748544951598,1.6981045751818113,False
natural_mean,2.5902920606313273,qpool_0b1792f4952557ee,qmask_9a86a5949df1b42b,01001100,3,1.349379059651046,1.2409130009802813,False
natural_mean,2.5902920606313273,qpool_0b1792f4952557ee,qmask_bde177d3edcb1ae0,00110110,4,1.7076487519912746,0.88264330864005269,False
natural_mean,2.5902920606313273,qpool_0b1792f4952557ee,analytic_noop,00000000,0,2.5902920606313273,0,True
natural_mean,2.5902920606313273,qpool_0ffd30d33ad8dd0f,qmask_31a763e8bc0202e0,00101110,4,1.7386469502425892,0.85164511038873825,False
natural_mean,2.5902920606313273,qpool_0ffd30d33ad8dd0f,qmask_4f926e356a625a67,01111100,5,0.57885102918105424,2.0114410314502731,False
natural_mean,2.5902920606313273,qpool_0ffd30d33ad8dd0f,qmask_7c849c67ebb1b4f9,10111111,7,0.38736321514728367,2.2029288454840437,False
natural_mean,2.5902920606313273,qpool_0ffd30d33ad8dd0f,qmask_8fc54aeb91caafc9,00111101,5,1.4387915353893863,1.151500525241941,False
natural_mean,2.5902920606313273,qpool_0ffd30d33ad8dd0f,qmask_af6d0dc69e3d9a78,00011110,4,1.6867486321982477,0.90354342843307967,False
natural_mean,2.5902920606313273,qpool_0ffd30d33ad8dd0f,qmask_b996be105c0f3dda,10100110,4,1.1840406285385219,1.4062514320928055,False
natural_mean,2.5902920606313273,qpool_0ffd30d33ad8dd0f,qmask_c76e2148877c5063,11010110,5,0.086916097586675178,2.6772081582180025,False
natural_mean,2.5902920606313273,qpool_0ffd30d33ad8dd0f,qmask_e217ee83fae37141,11110010,5,0.17506480626829157,2.7653568668996189,False
natural_mean,2.5902920606313273,qpool_0ffd30d33ad8dd0f,analytic_noop,00000000,0,2.5902920606313273,0,True
natural_mean,2.5902920606313273,qpool_169a31b6710ef111,qmask_427363983d4a675f,11011110,6,0.59852586033575506,3.1888179209670824,False
natural_mean,2.5902920606313273,qpool_169a31b6710ef111,qmask_55cbf5fefb67a9c9,10010100,3,1.3273183501259824,1.2629737105053449,False
natural_mean,2.5902920606313273,qpool_169a31b6710ef111,qmask_68ff8f889255b0e9,00001111,4,2.0372556166180256,0.55303644401330176,False
natural_mean,2.5902920606313273,qpool_169a31b6710ef111,qmask_8a9d405ad1968a90,11001000,3,0.25137387685273893,2.3389181837785884,False
natural_mean,2.5902920606313273,qpool_169a31b6710ef111,qmask_96b494b452b77f8e,01110100,4,1.0190811600841139,1.5712109005472135,False
natural_mean,2.5902920606313273,qpool_169a31b6710ef111,qmask_b02b2d5954d58371,01011000,3,1.0864699370837407,1.5038221235475866,False
natural_mean,2.5902920606313273,qpool_169a31b6710ef111,qmask_bcbb878aab0fd0e6,10010101,4,1.2374689536892214,1.3528231069421059,False
natural_mean,2.5902920606313273,qpool_169a31b6710ef111,qmask_cb0a7c3a10da33f2,11001100,4,0.043364086858053152,2.5469279737732742,False
natural_mean,2.5902920606313273,qpool_169a31b6710ef111,analytic_noop,00000000,0,2.5902920606313273,0,True
natural_mean,2.5902920606313273,qpool_3bc403a0734a65bf,qmask_330533bb35dfe50c,10001011,4,1.2993052430098075,1.2909868176215198,False
natural_mean,2.5902920606313273,qpool_3bc403a0734a65bf,qmask_7496171506cc1757,10011111,6,0.70096910720117744,1.8893229534301499,False
natural_mean,2.5902920606313273,qpool_3bc403a0734a65bf,qmask_81b5d6cd2a60bf37,11110101,6,0.37609864225865941,2.9663907028899867,False
natural_mean,2.5902920606313273,qpool_3bc403a0734a65bf,qmask_85812c22f52f55f2,10101111,6,0.79222821686275435,1.798063843768573,False
natural_mean,2.5902920606313273,qpool_3bc403a0734a65bf,qmask_8ec53a11acfe0f00,11110110,6,0.38464466304782041,2.9749367236791477,False
natural_mean,2.5902920606313273,qpool_3bc403a0734a65bf,qmask_cbd8bcbf0db11c8c,00110010,3,1.8613523894505177,0.72893967118080949,False
natural_mean,2.5902920606313273,qpool_3bc403a0734a65bf,qmask_d474d772a2156911,10111001,5,0.70307228181509807,1.8872197788162293,False
natural_mean,2.5902920606313273,qpool_3bc403a0734a65bf,qmask_d49846da5aa54e5e,01001011,4,1.3162961254352443,1.273995935196083,False
natural_mean,2.5902920606313273,qpool_3bc403a0734a65bf,analytic_noop,00000000,0,2.5902920606313273,0,True
natural_mean,2.5902920606313273,qpool_4da0243bdf72a6cd,qmask_06e53efa12c0c89c,01010011,4,1.3059094107870952,1.2843826498442321,False
natural_mean,2.5902920606313273,qpool_4da0243bdf72a6cd,qmask_5106913f39c2ea0e,01100101,4,1.2155954594482106,1.3746966011831168,False
natural_mean,2.5902920606313273,qpool_4da0243bdf72a6cd,qmask_58d4e1dd95e5c5b0,00111111,6,1.2974515040141137,1.2928405566172136,False
natural_mean,2.5902920606313273,qpool_4da0243bdf72a6cd,qmask_ac55e1313a50fb45,01101101,5,0.90615459020250788,1.6841374704288194,False
natural_mean,2.5902920606313273,qpool_4da0243bdf72a6cd,qmask_b52a639547d6a0e9,10000111,4,1.4061011215289576,1.1841909391023697,False
natural_mean,2.5902920606313273,qpool_4da0243bdf72a6cd,qmask_d3a70a2b122bfec6,10110100,4,1.0069436039399882,1.5833484566913392,False
natural_mean,2.5902920606313273,qpool_4da0243bdf72a6cd,qmask_e28959d82dee3e38,10001110,4,1.2085090573116071,1.3817830033197203,False
natural_mean,2.5902920606313273,qpool_4da0243bdf72a6cd,qmask_fe024629e8134fa2,11110111,7,0.52277524569458089,3.1130673063259082,False
natural_mean,2.5902920606313273,qpool_4da0243bdf72a6cd,analytic_noop,00000000,0,2.5902920606313273,0,True
natural_mean,2.5902920606313273,qpool_59fb93108c625f9c,qmask_03e03e6bad3167c1,00110101,4,1.7687060150044793,0.821586045626848,False
natural_mean,2.5902920606313273,qpool_59fb93108c625f9c,qmask_22c3d94ed895c2d5,10010110,4,1.190992507790652,1.3992995528406753,False
natural_mean,2.5902920606313273,qpool_59fb93108c625f9c,qmask_581f449a19375ab8,00011100,3,1.8309916643452278,0.75930039628609958,False
natural_mean,2.5902920606313273,qpool_59fb93108c625f9c,qmask_649dfffca1027d37,11101111,7,0.52816261897445571,3.118454679605783,False
natural_mean,2.5902920606313273,qpool_59fb93108c625f9c,qmask_88b9054a02247dd1,11000010,3,0.51991576834654118,2.0703762922847861,False
natural_mean,2.5902920606313273,qpool_59fb93108c625f9c,qmask_9cf9f1f53520f88b,01111010,5,0.61501201745574985,1.9752800431755775,False
natural_mean,2.5902920606313273,qpool_59fb93108c625f9c,qmask_af3070b33fa6727a,01000111,4,1.4652841366361515,1.1250079239951758,False
natural_mean,2.5902920606313273,qpool_59fb93108c625f9c,qmask_d9d8505932b1a835,11000100,3,0.42555862516749077,2.1647334354638366,False
natural_mean,2.5902920606313273,qpool_59fb93108c625f9c,analytic_noop,00000000,0,2.5902920606313273,0,True
natural_mean,2.5902920606313273,qpool_6c9ad557921d1966,qmask_3b86e07f9bac3525,10001010,3,1.3950937396902423,1.195198320941085,False
natural_mean,2.5902920606313273,qpool_6c9ad557921d1966,qmask_494f47beb25cae41,11111001,6,0.64064726946084338,3.2309393300921707,False
natural_mean,2.5902920606313273,qpool_6c9ad557921d1966,qmask_5febbac13cd7abee,00010110,3,2.0651150972495742,0.52517696338175335,False
natural_mean,2.5902920606313273,qpool_6c9ad557921d1966,qmask_ba4de66f5ec66b86,01010110,4,1.2163898592919873,1.37390220133934,False
natural_mean,2.5902920606313273,qpool_6c9ad557921d1966,qmask_d79394fce5af8530,11011111,7,0.70960995998215814,3.2999020206134855,False
natural_mean,2.5902920606313273,qpool_6c9ad557921d1966,qmask_e003b3ec0121953b,11011001,5,0.34320747975137511,2.9334995403827024,False
natural_mean,2.5902920606313273,qpool_6c9ad557921d1966,qmask_f820e84b827bfd6b,10101101,5,0.91203221736110485,1.6782598432702225,False
natural_mean,2.5902920606313273,qpool_6c9ad557921d1966,qmask_fa363a52954060a1,10110110,5,0.8724006550679666,1.7178914055633607,False
natural_mean,2.5902920606313273,qpool_6c9ad557921d1966,analytic_noop,00000000,0,2.5902920606313273,0,True
natural_mean,2.5902920606313273,qpool_70bc91001fd21361,qmask_14432725d56e8049,10011100,4,0.92465020144715471,1.6656418591841726,False
natural_mean,2.5902920606313273,qpool_70bc91001fd21361,qmask_323b67f1b27b5893,11111100,6,0.71779930860114582,3.3080913692324732,False
natural_mean,2.5902920606313273,qpool_70bc91001fd21361,qmask_39ecce4dbde1e7f4,11001001,4,0.11431688336106482,2.4759751772702625,False
natural_mean,2.5902920606313273,qpool_70bc91001fd21361,qmask_527883050feb9009,11001011,5,0.0092064133153884065,2.5994984739467157,False
natural_mean,2.5902920606313273,qpool_70bc91001fd21361,qmask_7f50455f5507bafe,10010011,4,1.2769327680128404,1.3133592926184869,False
natural_mean,2.5902920606313273,qpool_70bc91001fd21361,qmask_83013e5a4235b8ec,00010111,4,2.0105047746701481,0.57978728596117923,False
natural_mean,2.5902920606313273,qpool_70bc91001fd21361,qmask_a6bb6d75ba01c741,11010000,3,0.26384029569678447,2.3264517649345429,False
natural_mean,2.5902920606313273,qpool_70bc91001fd21361,qmask_ddede699aac8de6a,11111010,6,0.66700691973515447,3.2572989803664818,False
natural_mean,2.5902920606313273,qpool_70bc91001fd21361,analytic_noop,00000000,0,2.5902920606313273,0,True
natural_mean,2.5902920606313273,qpool_7d29cbb2adc90870,qmask_4cc030241e0f1e44,01100010,3,1.4190921818793325,1.1711998787519948,False
natural_mean,2.5902920606313273,qpool_7d29cbb2adc90870,qmask_6d08de407943319e,11101101,6,0.3951048566038069,2.9853969172351342,False
natural_mean,2.5902920606313273,qpool_7d29cbb2adc90870,qmask_87c7efb1f0502cb1,01001101,4,1.2515231648175378,1.3387688958137896,False
natural_mean,2.5902920606313273,qpool_7d29cbb2adc90870,qmask_95e119f889d86d43,00111011,5,1.4515017939619941,1.1387902666693333,False
natural_mean,2.5902920606313273,qpool_7d29cbb2adc90870,qmask_9a6bcdbfd54eac0e,10101001,4,1.0793031170191985,1.5109889436121289,False
natural_mean,2.5902920606313273,qpool_7d29cbb2adc90870,qmask_aa927932235c699d,11011100,5,0.43252671436104162,3.022818774992369,False
natural_mean,2.5902920606313273,qpool_7d29cbb2adc90870,qmask_ecfec3b493d7256a,01100110,4,1.2312418613255476,1.3590501993057797,False
natural_mean,2.5902920606313273,qpool_7d29cbb2adc90870,qmask_fac74048988e3cbb,01010001,3,1.4345491965733859,1.1557428640579415,False
natural_mean,2.5902920606313273,qpool_7d29cbb2adc90870,analytic_noop,00000000,0,2.5902920606313273,0,True
natural_mean,2.5902920606313273,qpool_a6ffe2b653ce5a24,qmask_3745eec79815ddf1,10011011,5,0.88106744114959579,1.7092246194817315,False
natural_mean,2.5902920606313273,qpool_a6ffe2b653ce5a24,qmask_58970516f324daa1,11011000,4,0.22592114068734226,2.8162132013186696,False
natural_mean,2.5902920606313273,qpool_a6ffe2b653ce5a24,qmask_5a3f155888c60ff4,10001001,3,1.4095747778139625,1.1807172828173649,False
natural_mean,2.5902920606313273,qpool_a6ffe2b653ce5a24,qmask_8a58e1cfc4f87182,11010001,4,0.12876037764795267,2.4615316829833747,False
natural_mean,2.5902920606313273,qpool_a6ffe2b653ce5a24,qmask_9df5cd7b1d191d30,00001110,3,2.093843014640294,0.49644904599103346,False
natural_mean,2.5902920606313273,qpool_a6ffe2b653ce5a24,qmask_a9284c314595341d,11001010,4,0.1267304728678873,2.46356158776344,False
natural_mean,2.5902920606313273,qpool_a6ffe2b653ce5a24,qmask_c7c095a611af1783,00101100,3,1.8510687060939035,0.73922335453742383,False
natural_mean,2.5902920606313273,qpool_a6ffe2b653ce5a24,qmask_d350d740bff94567,00010011,3,2.1620405714739679,0.42825148915735933,False
natural_mean,2.5902920606313273,qpool_a6ffe2b653ce5a24,analytic_noop,00000000,0,2.5902920606313273,0,True
natural_mean,2.5902920606313273,qpool_bace2709926cfaee,qmask_0cd7ddfc8c2186ca,00110100,3,1.8336893489078614,0.75660271172346594,False
natural_mean,2.5902920606313273,qpool_bace2709926cfaee,qmask_17b31d3e8666d651,01011101,5,0.82491287555090631,1.765379185080421,False
natural_mean,2.5902920606313273,qpool_bace2709926cfaee,qmask_1d6d1ddc1980f1fe,10111000,4,0.78946313539184665,1.8008289252394807,False
natural_mean,2.5902920606313273,qpool_bace2709926cfaee,qmask_424f9867dfadb061,10110000,3,1.1724636347884576,1.4178284258428697,False
natural_mean,2.5902920606313273,qpool_bace2709926cfaee,qmask_884363745844cf9e,10110011,5,0.94617371982079046,1.6441183408105369,False
natural_mean,2.5902920606313273,qpool_bace2709926cfaee,qmask_bad2b6dedfcd4ce3,11010101,5,0.067334279318648882,2.6576263399499762,False
natural_mean,2.5902920606313273,qpool_bace2709926cfaee,qmask_ddc0ed6fecc12d09,11011011,6,0.49676915926018506,3.0870612198915124,False
natural_mean,2.5902920606313273,qpool_bace2709926cfaee,qmask_fe9b859e1804ec08,00011010,3,1.8487953457091657,0.74149671492216174,False
natural_mean,2.5902920606313273,qpool_bace2709926cfaee,analytic_noop,00000000,0,2.5902920606313273,0,True
natural_mean,2.5902920606313273,qpool_c519138426e50658,qmask_07e4d5ad11974b66,01010100,3,1.3574671115441814,1.2328249490871459,False
natural_mean,2.5902920606313273,qpool_c519138426e50658,qmask_47a8b0e6e63f5071,10111110,6,0.46755182930640293,2.1227402313249244,False
natural_mean,2.5902920606313273,qpool_c519138426e50658,qmask_75e6dad44fc41222,01100100,3,1.3404978372820757,1.2497942233492516,False
natural_mean,2.5902920606313273,qpool_c519138426e50658,qmask_b0e252c8a061a875,00110011,4,1.792407030746304,0.7978850298850233,False
natural_mean,2.5902920606313273,qpool_c519138426e50658,qmask_e7b741d3e896dac1,01101010,4,1.0808669764796128,1.5094250841517145,False
natural_mean,2.5902920606313273,qpool_c519138426e50658,qmask_e8f30cbb6e37ce0d,10101011,5,0.97081647567835216,1.6194755849529752,False
natural_mean,2.5902920606313273,qpool_c519138426e50658,qmask_ecc5bb9003043fc6,10000101,3,1.511268473723532,1.0790235869077953,False
natural_mean,2.5902920606313273,qpool_c519138426e50658,qmask_ed854a1bc1c21a23,01111011,6,0.52371184823349459,2.0665802123978327,False
natural_mean,2.5902920606313273,qpool_c519138426e50658,analytic_noop,00000000,0,2.5902920606313273,0,True
natural_mean,2.5902920606313273,qpool_e3bc02cdca185ab2,qmask_30f1d2fade2e7178,01001010,3,1.4181140450695839,1.1721780155617434,False
natural_mean,2.5902920606313273,qpool_e3bc02cdca185ab2,qmask_6227c96ae46c75f8,01111001,5,0.66698828232356155,1.9233037783077658,False
natural_mean,2.5902920606313273,qpool_e3bc02cdca185ab2,qmask_90dd78ad11f097b3,11110100,5,0.23684795230350009,2.8271400129348274,False
natural_mean,2.5902920606313273,qpool_e3bc02cdca185ab2,qmask_9f2a7299208a9ed1,01100111,5,1.1074595908000813,1.4828324698312461,False
natural_mean,2.5902920606313273,qpool_e3bc02cdca185ab2,qmask_afbe22c87ad11ae4,10101100,4,1.0131115932562653,1.577180467375062,False
natural_mean,2.5902920606313273,qpool_e3bc02cdca185ab2,qmask_cc0414ee182789c1,01111111,7,0.33691909151205923,2.2533729691192681,False
natural_mean,2.5902920606313273,qpool_e3bc02cdca185ab2,qmask_ece46f8d3d79b53f,00011111,5,1.6499318886036214,0.94036017202770594,False
natural_mean,2.5902920606313273,qpool_e3bc02cdca185ab2,qmask_f61f977e6689b2ed,10001111,5,1.1178026927404026,1.4724893678909248,False
natural_mean,2.5902920606313273,qpool_e3bc02cdca185ab2,analytic_noop,00000000,0,2.5902920606313273,0,True
natural_mean,2.5902920606313273,qpool_ff721276bd560c43,qmask_05031e6a7405856b,00111110,5,1.3435211516242973,1.24677090900703,False
natural_mean,2.5902920606313273,qpool_ff721276bd560c43,qmask_239a2dd293cc8eaf,11000001,3,0.47328905808783439,2.1170030025434929,False
natural_mean,2.5902920606313273,qpool_ff721276bd560c43,qmask_2678a15f3a1887ca,10110001,4,1.068279202226909,1.5220128584044184,False
natural_mean,2.5902920606313273,qpool_ff721276bd560c43,qmask_7c7f09c2f082e17d,01111000,4,0.75940855885421543,1.8308835017771119,False
natural_mean,2.5902920606313273,qpool_ff721276bd560c43,qmask_8a4fe6aab0927861,11110001,5,0.18291827674586525,2.7732103373771926,False
natural_mean,2.5902920606313273,qpool_ff721276bd560c43,qmask_9ef84ec72720c5bb,00100111,4,1.9061449869143836,0.68414707371694372,False
natural_mean,2.5902920606313273,qpool_ff721276bd560c43,qmask_bdc01c419cf655bf,01100001,3,1.3870462887352608,1.2032457718960665,False
natural_mean,2.5902920606313273,qpool_ff721276bd560c43,qmask_f9ff1c9f8ba69f2e,11100101,5,0.044942761963518763,2.6352348225948461,False
natural_mean,2.5902920606313273,qpool_ff721276bd560c43,analytic_noop,00000000,0,2.5902920606313273,0,True
transformed_mean,2.5902920606313273,qpool_04a0d16a2ce1d6ae,qmask_04e99e00df510b89,10100010,3,1.2151305923389528,,False
transformed_mean,2.5902920606313273,qpool_04a0d16a2ce1d6ae,qmask_4dc7fd92c7b096a2,11101001,5,0.27009219628174241,,False
transformed_mean,2.5902920606313273,qpool_04a0d16a2ce1d6ae,qmask_56332775d253c008,10100101,4,1.1734519453349768,,False
transformed_mean,2.5902920606313273,qpool_04a0d16a2ce1d6ae,qmask_6d873abcf3a8f6b9,01001001,3,1.3939693672853997,,False
transformed_mean,2.5902920606313273,qpool_04a0d16a2ce1d6ae,qmask_7c330068eacbeec8,01111110,6,0.92420820314509178,,False
transformed_mean,2.5902920606313273,qpool_04a0d16a2ce1d6ae,qmask_87bb9cc60085dcff,11011101,6,0.19573339103999432,,False
transformed_mean,2.5902920606313273,qpool_04a0d16a2ce1d6ae,qmask_a3ac1f42a70defe3,10110101,5,1.0672439437730288,,False
transformed_mean,2.5902920606313273,qpool_04a0d16a2ce1d6ae,qmask_d7d102c2537b80f1,11100110,5,0.2816091517426873,,False
transformed_mean,2.5902920606313273,qpool_04a0d16a2ce1d6ae,analytic_noop,00000000,0,2.5902920606313273,,True
transformed_mean,2.5902920606313273,qpool_094d56ddcd5f1fe4,qmask_168ecc77c6d9bec7,00100011,3,2.0105605016542971,,False
transformed_mean,2.5902920606313273,qpool_094d56ddcd5f1fe4,qmask_2def687a70c0189d,11100100,4,0.21814174956218491,,False
transformed_mean,2.5902920606313273,qpool_094d56ddcd5f1fe4,qmask_514b410bbe7f097e,11010111,6,0.21499046468168762,,False
transformed_mean,2.5902920606313273,qpool_094d56ddcd5f1fe4,qmask_8630d2328962fa10,00111000,3,1.5612901039485778,,False
transformed_mean,2.5902920606313273,qpool_094d56ddcd5f1fe4,qmask_a4b7b621b0c57baf,10111100,5,1.0102538304682298,,False
transformed_mean,2.5902920606313273,qpool_094d56ddcd5f1fe4,qmask_abc2c93f2a9da9d0,11100111,6,0.24156389890088106,,False
transformed_mean,2.5902920606313273,qpool_094d56ddcd5f1fe4,qmask_cdd694ec938105ff,00011011,4,1.5577665404719505,,False
transformed_mean,2.5902920606313273,qpool_094d56ddcd5f1fe4,qmask_e907033eeed311b5,00101010,3,1.7715350815959292,,False
transformed_mean,2.5902920606313273,qpool_094d56ddcd5f1fe4,analytic_noop,00000000,0,2.5902920606313273,,True
transformed_mean,2.5902920606313273,qpool_0b1792f4952557ee,qmask_282cb65c9e54d1f9,01101110,5,1.0326904785067406,,False
transformed_mean,2.5902920606313273,qpool_0b1792f4952557ee,qmask_693dc55993aa4fa9,11001111,6,0.24742847481681476,,False
transformed_mean,2.5902920606313273,qpool_0b1792f4952557ee,qmask_849e90ce5ffd4bc1,00111010,4,1.3971582661075397,,False
transformed_mean,2.5902920606313273,qpool_0b1792f4952557ee,qmask_84e1013c62ab0342,10110111,6,1.0477786510626796,,False
transformed_mean,2.5902920606313273,qpool_0b1792f4952557ee,qmask_92fdf63f6fed474e,00011001,3,1.7946248877590911,,False
transformed_mean,2.5902920606313273,qpool_0b1792f4952557ee,qmask_95b0a9234a9eee46,10101110,5,1.1114395307529801,,False
transformed_mean,2.5902920606313273,qpool_0b1792f4952557ee,qmask_9a86a5949df1b42b,01001100,3,1.2421963837469487,,False
transformed_mean,2.5902920606313273,qpool_0b1792f4952557ee,qmask_bde177d3edcb1ae0,00110110,4,1.6177447788094277,,False
transformed_mean,2.5902920606313273,qpool_0b1792f4952557ee,analytic_noop,00000000,0,2.5902920606313273,,True
transformed_mean,2.5902920606313273,qpool_0ffd30d33ad8dd0f,qmask_31a763e8bc0202e0,00101110,4,1.6706513862701533,,False
transformed_mean,2.5902920606313273,qpool_0ffd30d33ad8dd0f,qmask_4f926e356a625a67,01111100,5,0.92489980448137843,,False
transformed_mean,2.5902920606313273,qpool_0ffd30d33ad8dd0f,qmask_7c849c67ebb1b4f9,10111111,7,1.0156124331390144,,False
transformed_mean,2.5902920606313273,qpool_0ffd30d33ad8dd0f,qmask_8fc54aeb91caafc9,00111101,5,1.3967804994371618,,False
transformed_mean,2.5902920606313273,qpool_0ffd30d33ad8dd0f,qmask_af6d0dc69e3d9a78,00011110,4,1.4658061245176113,,False
transformed_mean,2.5902920606313273,qpool_0ffd30d33ad8dd0f,qmask_b996be105c0f3dda,10100110,4,1.2055835706412439,,False
transformed_mean,2.5902920606313273,qpool_0ffd30d33ad8dd0f,qmask_c76e2148877c5063,11010110,5,0.2683536859471447,,False
transformed_mean,2.5902920606313273,qpool_0ffd30d33ad8dd0f,qmask_e217ee83fae37141,11110010,5,0.30823736829472415,,False
transformed_mean,2.5902920606313273,qpool_0ffd30d33ad8dd0f,analytic_noop,00000000,0,2.5902920606313273,,True
transformed_mean,2.5902920606313273,qpool_169a31b6710ef111,qmask_427363983d4a675f,11011110,6,0.23053076885960788,,False
transformed_mean,2.5902920606313273,qpool_169a31b6710ef111,qmask_55cbf5fefb67a9c9,10010100,3,1.2646603500535925,,False
transformed_mean,2.5902920606313273,qpool_169a31b6710ef111,qmask_68ff8f889255b0e9,00001111,4,1.8779640077005755,,False
transformed_mean,2.5902920606313273,qpool_169a31b6710ef111,qmask_8a9d405ad1968a90,11001000,3,0.40737396608699838,,False
transformed_mean,2.5902920606313273,qpool_169a31b6710ef111,qmask_96b494b452b77f8e,01110100,4,1.0328601671592827,,False
transformed_mean,2.5902920606313273,qpool_169a31b6710ef111,qmask_b02b2d5954d58371,01011000,3,1.1771807840111725,,False
transformed_mean,2.5902920606313273,qpool_169a31b6710ef111,qmask_bcbb878aab0fd0e6,10010101,4,1.1868252656423464,,False
transformed_mean,2.5902920606313273,qpool_169a31b6710ef111,qmask_cb0a7c3a10da33f2,11001100,4,0.28120711440157886,,False
transformed_mean,2.5902920606313273,qpool_169a31b6710ef111,analytic_noop,00000000,0,2.5902920606313273,,True
transformed_mean,2.5902920606313273,qpool_3bc403a0734a65bf,qmask_330533bb35dfe50c,10001011,4,1.205022262036116,,False
transformed_mean,2.5902920606313273,qpool_3bc403a0734a65bf,qmask_7496171506cc1757,10011111,6,0.88199518553902534,,False
transformed_mean,2.5902920606313273,qpool_3bc403a0734a65bf,qmask_81b5d6cd2a60bf37,11110101,6,0.27698973407042882,,False
transformed_mean,2.5902920606313273,qpool_3bc403a0734a65bf,qmask_85812c22f52f55f2,10101111,6,1.0986634946386362,,False
transformed_mean,2.5902920606313273,qpool_3bc403a0734a65bf,qmask_8ec53a11acfe0f00,11110110,6,0.37056155099842103,,False
transformed_mean,2.5902920606313273,qpool_3bc403a0734a65bf,qmask_cbd8bcbf0db11c8c,00110010,3,1.7128570974722028,,False
transformed_mean,2.5902920606313273,qpool_3bc403a0734a65bf,qmask_d474d772a2156911,10111001,5,0.98185604841615226,,False
transformed_mean,2.5902920606313273,qpool_3bc403a0734a65bf,qmask_d49846da5aa54e5e,01001011,4,1.254818965180956,,False
transformed_mean,2.5902920606313273,qpool_3bc403a0734a65bf,analytic_noop,00000000,0,2.5902920606313273,,True
transformed_mean,2.5902920606313273,qpool_4da0243bdf72a6cd,qmask_06e53efa12c0c89c,01010011,4,1.200483020981949,,False
transformed_mean,2.5902920606313273,qpool_4da0243bdf72a6cd,qmask_5106913f39c2ea0e,01100101,4,1.0723125133248856,,False
transformed_mean,2.5902920606313273,qpool_4da0243bdf72a6cd,qmask_58d4e1dd95e5c5b0,00111111,6,1.315011255530891,,False
transformed_mean,2.5902920606313273,qpool_4da0243bdf72a6cd,qmask_ac55e1313a50fb45,01101101,5,0.97630598784519318,,False
transformed_mean,2.5902920606313273,qpool_4da0243bdf72a6cd,qmask_b52a639547d6a0e9,10000111,4,1.3580417924223456,,False
transformed_mean,2.5902920606313273,qpool_4da0243bdf72a6cd,qmask_d3a70a2b122bfec6,10110100,4,1.1089000236953293,,False
transformed_mean,2.5902920606313273,qpool_4da0243bdf72a6cd,qmask_e28959d82dee3e38,10001110,4,1.1841218129874185,,False
transformed_mean,2.5902920606313273,qpool_4da0243bdf72a6cd,qmask_fe024629e8134fa2,11110111,7,0.35337733422190959,,False
transformed_mean,2.5902920606313273,qpool_4da0243bdf72a6cd,analytic_noop,00000000,0,2.5902920606313273,,True
transformed_mean,2.5902920606313273,qpool_59fb93108c625f9c,qmask_03e03e6bad3167c1,00110101,4,1.6647809726825524,,False
transformed_mean,2.5902920606313273,qpool_59fb93108c625f9c,qmask_22c3d94ed895c2d5,10010110,4,1.1429180473134493,,False
transformed_mean,2.5902920606313273,qpool_59fb93108c625f9c,qmask_581f449a19375ab8,00011100,3,1.649852378453676,,False
transformed_mean,2.5902920606313273,qpool_59fb93108c625f9c,qmask_649dfffca1027d37,11101111,7,0.38139162874291382,,False
transformed_mean,2.5902920606313273,qpool_59fb93108c625f9c,qmask_88b9054a02247dd1,11000010,3,0.44834799433928629,,False
transformed_mean,2.5902920606313273,qpool_59fb93108c625f9c,qmask_9cf9f1f53520f88b,01111010,5,0.9532206940694623,,False
transformed_mean,2.5902920606313273,qpool_59fb93108c625f9c,qmask_af3070b33fa6727a,01000111,4,1.3114224706085362,,False
transformed_mean,2.5902920606313273,qpool_59fb93108c625f9c,qmask_d9d8505932b1a835,11000100,3,0.37355616959433835,,False
transformed_mean,2.5902920606313273,qpool_59fb93108c625f9c,analytic_noop,00000000,0,2.5902920606313273,,True
transformed_mean,2.5902920606313273,qpool_6c9ad557921d1966,qmask_3b86e07f9bac3525,10001010,3,1.2685544745084254,,False
transformed_mean,2.5902920606313273,qpool_6c9ad557921d1966,qmask_494f47beb25cae41,11111001,6,0.3627546253839351,,False
transformed_mean,2.5902920606313273,qpool_6c9ad557921d1966,qmask_5febbac13cd7abee,00010110,3,1.9069550913537368,,False
transformed_mean,2.5902920606313273,qpool_6c9ad557921d1966,qmask_ba4de66f5ec66b86,01010110,4,1.1213983009736848,,False
transformed_mean,2.5902920606313273,qpool_6c9ad557921d1966,qmask_d79394fce5af8530,11011111,7,0.21413337717555583,,False
transformed_mean,2.5902920606313273,qpool_6c9ad557921d1966,qmask_e003b3ec0121953b,11011001,5,0.26130501993349764,,False
transformed_mean,2.5902920606313273,qpool_6c9ad557921d1966,qmask_f820e84b827bfd6b,10101101,5,1.0867595893060893,,False
transformed_mean,2.5902920606313273,qpool_6c9ad557921d1966,qmask_fa363a52954060a1,10110110,5,1.0746594806931338,,False
transformed_mean,2.5902920606313273,qpool_6c9ad557921d1966,analytic_noop,00000000,0,2.5902920606313273,,True
transformed_mean,2.5902920606313273,qpool_70bc91001fd21361,qmask_14432725d56e8049,10011100,4,1.000317347095135,,False
transformed_mean,2.5902920606313273,qpool_70bc91001fd21361,qmask_323b67f1b27b5893,11111100,6,0.40730894806057849,,False
transformed_mean,2.5902920606313273,qpool_70bc91001fd21361,qmask_39ecce4dbde1e7f4,11001001,4,0.33876311617678612,,False
transformed_mean,2.5902920606313273,qpool_70bc91001fd21361,qmask_527883050feb9009,11001011,5,0.29143081099029305,,False
transformed_mean,2.5902920606313273,qpool_70bc91001fd21361,qmask_7f50455f5507bafe,10010011,4,1.1439423261830357,,False
transformed_mean,2.5902920606313273,qpool_70bc91001fd21361,qmask_83013e5a4235b8ec,00010111,4,1.8065288911096162,,False
transformed_mean,2.5902920606313273,qpool_70bc91001fd21361,qmask_a6bb6d75ba01c741,11010000,3,0.41463857084787714,,False
transformed_mean,2.5902920606313273,qpool_70bc91001fd21361,qmask_ddede699aac8de6a,11111010,6,0.39586458667864921,,False
transformed_mean,2.5902920606313273,qpool_70bc91001fd21361,analytic_noop,00000000,0,2.5902920606313273,,True
transformed_mean,2.5902920606313273,qpool_7d29cbb2adc90870,qmask_4cc030241e0f1e44,01100010,3,1.2514259039529727,,False
transformed_mean,2.5902920606313273,qpool_7d29cbb2adc90870,qmask_6d08de407943319e,11101101,6,0.27363483054853699,,False
transformed_mean,2.5902920606313273,qpool_7d29cbb2adc90870,qmask_87c7efb1f0502cb1,01001101,4,1.1507963395810363,,False
transformed_mean,2.5902920606313273,qpool_7d29cbb2adc90870,qmask_95e119f889d86d43,00111011,5,1.3552997280647505,,False
transformed_mean,2.5902920606313273,qpool_7d29cbb2adc90870,qmask_9a6bcdbfd54eac0e,10101001,4,1.1090701085178036,,False
transformed_mean,2.5902920606313273,qpool_7d29cbb2adc90870,qmask_aa927932235c699d,11011100,5,0.22690603301589229,,False
transformed_mean,2.5902920606313273,qpool_7d29cbb2adc90870,qmask_ecfec3b493d7256a,01100110,4,1.1361486878458094,,False
transformed_mean,2.5902920606313273,qpool_7d29cbb2adc90870,qmask_fac74048988e3cbb,01010001,3,1.3710026211292883,,False
transformed_mean,2.5902920606313273,qpool_7d29cbb2adc90870,analytic_noop,00000000,0,2.5902920606313273,,True
transformed_mean,2.5902920606313273,qpool_a6ffe2b653ce5a24,qmask_3745eec79815ddf1,10011011,5,0.90583262426811584,,False
transformed_mean,2.5902920606313273,qpool_a6ffe2b653ce5a24,qmask_58970516f324daa1,11011000,4,0.30705483377841536,,False
transformed_mean,2.5902920606313273,qpool_a6ffe2b653ce5a24,qmask_5a3f155888c60ff4,10001001,3,1.3482074600844389,,False
transformed_mean,2.5902920606313273,qpool_a6ffe2b653ce5a24,qmask_8a58e1cfc4f87182,11010001,4,0.33192292742155438,,False
transformed_mean,2.5902920606313273,qpool_a6ffe2b653ce5a24,qmask_9df5cd7b1d191d30,00001110,3,1.9642854144285853,,False
transformed_mean,2.5902920606313273,qpool_a6ffe2b653ce5a24,qmask_a9284c314595341d,11001010,4,0.34526641060865959,,False
transformed_mean,2.5902920606313273,qpool_a6ffe2b653ce5a24,qmask_c7c095a611af1783,00101100,3,1.7653408281474028,,False
transformed_mean,2.5902920606313273,qpool_a6ffe2b653ce5a24,qmask_d350d740bff94567,00010011,3,2.0021963519865666,,False
transformed_mean,2.5902920606313273,qpool_a6ffe2b653ce5a24,analytic_noop,00000000,0,2.5902920606313273,,True
transformed_mean,2.5902920606313273,qpool_bace2709926cfaee,qmask_0cd7ddfc8c2186ca,00110100,3,1.743803418729573,,False
transformed_mean,2.5902920606313273,qpool_bace2709926cfaee,qmask_17b31d3e8666d651,01011101,5,0.89690962726006807,,False
transformed_mean,2.5902920606313273,qpool_bace2709926cfaee,qmask_1d6d1ddc1980f1fe,10111000,4,1.0011234706260672,,False
transformed_mean,2.5902920606313273,qpool_bace2709926cfaee,qmask_424f9867dfadb061,10110000,3,1.1400163381130626,,False
transformed_mean,2.5902920606313273,qpool_bace2709926cfaee,qmask_884363745844cf9e,10110011,5,0.99673044996847149,,False
transformed_mean,2.5902920606313273,qpool_bace2709926cfaee,qmask_bad2b6dedfcd4ce3,11010101,5,0.22610462426815514,,False
transformed_mean,2.5902920606313273,qpool_bace2709926cfaee,qmask_ddc0ed6fecc12d09,11011011,6,0.21211766242613764,,False
transformed_mean,2.5902920606313273,qpool_bace2709926cfaee,qmask_fe9b859e1804ec08,00011010,3,1.6358040830036851,,False
transformed_mean,2.5902920606313273,qpool_bace2709926cfaee,analytic_noop,00000000,0,2.5902920606313273,,True
transformed_mean,2.5902920606313273,qpool_c519138426e50658,qmask_07e4d5ad11974b66,01010100,3,1.2391058077699486,,False
transformed_mean,2.5902920606313273,qpool_c519138426e50658,qmask_47a8b0e6e63f5071,10111110,6,1.0055274331880639,,False
transformed_mean,2.5902920606313273,qpool_c519138426e50658,qmask_75e6dad44fc41222,01100100,3,1.1644993825832579,,False
transformed_mean,2.5902920606313273,qpool_c519138426e50658,qmask_b0e252c8a061a875,00110011,4,1.6340327298480084,,False
transformed_mean,2.5902920606313273,qpool_c519138426e50658,qmask_e7b741d3e896dac1,01101010,4,1.107721020354008,,False
transformed_mean,2.5902920606313273,qpool_c519138426e50658,qmask_e8f30cbb6e37ce0d,10101011,5,1.053386670207429,,False
transformed_mean,2.5902920606313273,qpool_c519138426e50658,qmask_ecc5bb9003043fc6,10000101,3,1.463153792549776,,False
transformed_mean,2.5902920606313273,qpool_c519138426e50658,qmask_ed854a1bc1c21a23,01111011,6,0.92105876888061622,,False
transformed_mean,2.5902920606313273,qpool_c519138426e50658,analytic_noop,00000000,0,2.5902920606313273,,True
transformed_mean,2.5902920606313273,qpool_e3bc02cdca185ab2,qmask_30f1d2fade2e7178,01001010,3,1.3460209309240425,,False
transformed_mean,2.5902920606313273,qpool_e3bc02cdca185ab2,qmask_6227c96ae46c75f8,01111001,5,0.9745624635679786,,False
transformed_mean,2.5902920606313273,qpool_e3bc02cdca185ab2,qmask_90dd78ad11f097b3,11110100,5,0.30894920113878621,,False
transformed_mean,2.5902920606313273,qpool_e3bc02cdca185ab2,qmask_9f2a7299208a9ed1,01100111,5,1.058737068879283,,False
transformed_mean,2.5902920606313273,qpool_e3bc02cdca185ab2,qmask_afbe22c87ad11ae4,10101100,4,1.1143108757122797,,False
transformed_mean,2.5902920606313273,qpool_e3bc02cdca185ab2,qmask_cc0414ee182789c1,01111111,7,0.90662344982526533,,False
transformed_mean,2.5902920606313273,qpool_e3bc02cdca185ab2,qmask_ece46f8d3d79b53f,00011111,5,1.402345753854896,,False
transformed_mean,2.5902920606313273,qpool_e3bc02cdca185ab2,qmask_f61f977e6689b2ed,10001111,5,1.1351667723841288,,False
transformed_mean,2.5902920606313273,qpool_e3bc02cdca185ab2,analytic_noop,00000000,0,2.5902920606313273,,True
transformed_mean,2.5902920606313273,qpool_ff721276bd560c43,qmask_05031e6a7405856b,00111110,5,1.3422926217046605,,False
transformed_mean,2.5902920606313273,qpool_ff721276bd560c43,qmask_239a2dd293cc8eaf,11000001,3,0.43439301604803648,,False
transformed_mean,2.5902920606313273,qpool_ff721276bd560c43,qmask_2678a15f3a1887ca,10110001,4,1.0837830863217424,,False
transformed_mean,2.5902920606313273,qpool_ff721276bd560c43,qmask_7c7f09c2f082e17d,01111000,4,1.0214996390486704,,False
transformed_mean,2.5902920606313273,qpool_ff721276bd560c43,qmask_8a4fe6aab0927861,11110001,5,0.26767572314063348,,False
transformed_mean,2.5902920606313273,qpool_ff721276bd560c43,qmask_9ef84ec72720c5bb,00100111,4,1.8840073039376442,,False
transformed_mean,2.5902920606313273,qpool_ff721276bd560c43,qmask_bdc01c419cf655bf,01100001,3,1.2405999012059508,,False
transformed_mean,2.5902920606313273,qpool_ff721276bd560c43,qmask_f9ff1c9f8ba69f2e,11100101,5,0.16332124642853296,,False
transformed_mean,2.5902920606313273,qpool_ff721276bd560c43,analytic_noop,00000000,0,2.5902920606313273,,True
