layer,head,prompt_id,family_id,effect
14,6,qseq_00cb1c1a51bbd477,length_32_gap_8,-0.19845747947692871
14,6,qseq_fdb0d02eb17a3ad5,length_32_gap_8,-0.0703125
14,6,qseq_0fb480259789823d,length_32_gap_8,-0.156005859375
14,6,qseq_a2e6bd810032888a,length_32_gap_8,0.081706523895263602
14,6,qseq_5ce005c7be85e2b9,length_32_gap_8,-0.0162885189056396
14,6,qseq_9c1391f827e05414,length_32_gap_8,0.14392328262329099
14,6,qseq_b5c59e25abaa4090,length_32_gap_8,-0.043494224548339802
14,6,qseq_9aa233d4f18630ef,length_32_gap_8,0.48096227645874018
14,6,qseq_36581fc0e870746a,length_32_gap_8,0.087691307067870997
14,6,qseq_f1250fa423e1545e,length_32_gap_8,-0.23706197738647461
14,6,qseq_82e41c38cbe9078a,length_32_gap_8,-0.3281941413879394
14,6,qseq_d0b29249fa160784,length_32_gap_8,-0.25361442565917958
14,6,qseq_05f13a28471ab531,length_32_gap_8,-0.1096487045288085
14,6,qseq_f1b36b9fae18111b,length_32_gap_8,-0.13369178771972651
14,6,qseq_83e6b8683b1256b2,length_32_gap_8,0.56513881683349598
14,6,qseq_67044cfad9f21ecb,length_32_gap_8,0.40676069259643549
14,6,qseq_70ea623170fa926c,length_32_gap_8,0.52015876770019531
14,6,qseq_5b73de916863d399,length_32_gap_8,0.424591064453125
14,6,qseq_db732a487a875289,length_32_gap_8,0.1709270477294921
14,6,qseq_fd7563a3a3cec767,length_32_gap_8,0.74713230133056641
14,6,qseq_d6183e1df454b220,length_32_gap_8,0.95448780059814442
14,6,qseq_1355795077be0f50,length_32_gap_8,-0.10932540893554681
14,6,qseq_8b0497deeb8bcaef,length_32_gap_8,-0.043080329895019497
14,6,qseq_1fb3a17d5dccef31,length_32_gap_8,0.19132041931152341
14,6,qseq_a17078d2a6b4b999,length_32_gap_8,0.26371860504150391
14,6,qseq_9e89898b6bb8b44e,length_32_gap_8,0.0276641845703125
14,6,qseq_52f1b1128f7f8827,length_32_gap_8,0.28100776672363281
14,6,qseq_d4bff5080bd4daa2,length_32_gap_8,0.63373136520385742
14,6,qseq_bc537eed9a30ad79,length_32_gap_8,0.25939607620239252
14,6,qseq_4e294cfbb31deac6,length_32_gap_8,0.35704994201660151
14,6,qseq_a9426dae73873222,length_32_gap_8,0.1738827228546142
14,6,qseq_84c7ecb2a5f6fb74,length_32_gap_8,-0.1101748943328857
14,6,qseq_2232308bba387df3,length_32_gap_8,0.1099634170532226
14,6,qseq_c651ff600b8839df,length_32_gap_8,0.7041473388671875
14,6,qseq_bdd4291ac8449310,length_32_gap_8,0.16843843460082999
14,6,qseq_eee8756396fe6af2,length_32_gap_8,-0.013987541198730399
14,6,qseq_d27c4368416fdc93,length_32_gap_8,0.054627418518066399
14,6,qseq_1bc3d720581f5d2b,length_32_gap_8,-0.031009197235107401
14,6,qseq_d1b8220e931c7fd7,length_32_gap_8,0.44106197357177729
14,6,qseq_f3612a27015ba1ca,length_32_gap_8,1.458892822265625
14,6,qseq_983999860e3f68fa,length_32_gap_8,-0.67850065231323242
14,6,qseq_3cc6488c0780e435,length_32_gap_8,-0.49812555313110352
14,6,qseq_896e75303fd36619,length_32_gap_8,0.8739933967590332
14,6,qseq_bb44694bf88faab7,length_32_gap_8,-0.14059019088745109
14,6,qseq_676b73120ca2a061,length_32_gap_8,0.079073905944824205
14,6,qseq_03289c2c4536e699,length_32_gap_8,-0.079535722732543904
14,6,qseq_62632b972840b049,length_32_gap_8,-0.014234542846679601
14,6,qseq_f5d56d42459ee9bc,length_32_gap_8,-0.14522886276245109
14,6,qseq_32bc0ad658c10a1c,length_32_gap_8,0.045168876647949198
14,6,qseq_4da58de5cf93ae4a,length_32_gap_8,0.23855495452880851
14,6,qseq_5e6685ba720055c7,length_32_gap_8,-0.35658168792724598
14,6,qseq_2cfb75f54306c844,length_32_gap_8,0.68396282196044922
14,6,qseq_8345587890d3c14f,length_32_gap_8,-0.37826156616210932
14,6,qseq_46afeffe5dd0d89f,length_32_gap_8,-0.0240330696105957
14,6,qseq_b592f6abbb02f055,length_32_gap_8,0.34944057464599598
14,6,qseq_3d813b4e2f642750,length_32_gap_8,0.3470611572265625
14,6,qseq_c3ccf9967efbcd30,length_32_gap_8,0.40831279754638672
14,6,qseq_029bb1fad3e341b6,length_32_gap_8,0.22975873947143549
14,6,qseq_f0a1548c14cbff39,length_32_gap_8,-0.0175614356994628
14,6,qseq_ce67b9d37322c254,length_32_gap_8,0.0794262886047363
14,6,qseq_1d5def43cbaaf204,length_32_gap_8,2.1223304271697998
14,6,qseq_ef053ee48a778a2d,length_32_gap_8,-0.061923980712890597
14,6,qseq_aad6bf2a44151808,length_32_gap_8,0.40875339508056641
14,6,qseq_8efc9f11c7cf051c,length_32_gap_8,0.57971000671386708
14,6,qseq_8e716ecd02e0f73a,length_32_gap_16,0.0104923248291015
14,6,qseq_1595750272a9182b,length_32_gap_16,0.0625
14,6,qseq_bcb1e40d4e33a983,length_32_gap_16,0.19005393981933591
14,6,qseq_918b1e8c99f205fc,length_32_gap_16,0.2314448356628418
14,6,qseq_9bcb64e386770afd,length_32_gap_16,0.47050571441650391
14,6,qseq_f308f77da35e5150,length_32_gap_16,-0.010054588317871
14,6,qseq_3d452bb0ed05ae44,length_32_gap_16,-0.45448946952819819
14,6,qseq_5e121f37966766e3,length_32_gap_16,0.064364194869995103
14,6,qseq_7d05ec534f8e7970,length_32_gap_16,0.038628578186035101
14,6,qseq_1a641e032f933a96,length_32_gap_16,-0.2790987491607666
14,6,qseq_afb04c9fd38b4a73,length_32_gap_16,0.22822666168212891
14,6,qseq_0a7044add0a71938,length_32_gap_16,0.002786636352539
14,6,qseq_ad84a1c2bee1922b,length_32_gap_16,-0.0018882751464843
14,6,qseq_0449b2f15993e9e3,length_32_gap_16,0.87026023864746094
14,6,qseq_e239bfe29ce1339d,length_32_gap_16,0.48472976684570312
14,6,qseq_1c01b2c0b82e7c86,length_32_gap_16,0.43613862991333002
14,6,qseq_5a6f346a0090499e,length_32_gap_16,0.28208732604980458
14,6,qseq_23e29e93fa14dc22,length_32_gap_16,0.40430688858032221
14,6,qseq_aed28d8945a5fd51,length_32_gap_16,1.5113391876220703
14,6,qseq_64af7706440b2eb6,length_32_gap_16,0.73931503295898426
14,6,qseq_9b65b35ce09e05fc,length_32_gap_16,-0.1892552375793457
14,6,qseq_9966ff37eb81ef5e,length_32_gap_16,-0.06640625
14,6,qseq_2f710e8798ec9e71,length_32_gap_16,0.16261482238769531
14,6,qseq_11b039baed6684b4,length_32_gap_16,0.46614599227905268
14,6,qseq_60e817fc1eb4a770,length_32_gap_16,0.57811403274536133
14,6,qseq_704ee3aa78d74315,length_32_gap_16,-0.033073425292968701
14,6,qseq_56aa2892fb9d4215,length_32_gap_16,-0.29889297485351562
14,6,qseq_cfd0f3fa73dabac6,length_32_gap_16,0.066722154617309501
14,6,qseq_4d8b8abbf9e82df2,length_32_gap_16,0.24525547027587891
14,6,qseq_dc290e31b0f7fee9,length_32_gap_16,0.209324836730957
14,6,qseq_d59e491f27122012,length_32_gap_16,-0.1011829376220703
14,6,qseq_0d1644fe34089dc5,length_32_gap_16,0.61536502838134755
14,6,qseq_b0f1c882cbfc023b,length_32_gap_16,-0.014678955078125
14,6,qseq_ae326193ef533b6f,length_32_gap_16,0.0704998970031738
14,6,qseq_b90113f916a4ef25,length_32_gap_16,-0.36699581146240229
14,6,qseq_47db8e82e82ab9ab,length_32_gap_16,-0.19695234298706049
14,6,qseq_1bd1876170be1293,length_32_gap_16,0.1541838645935058
14,6,qseq_28a6625244b67550,length_32_gap_16,-0.0223889350891113
14,6,qseq_0319d5aa3b7a2109,length_32_gap_16,0.26755857467651362
14,6,qseq_b4281d845cf8791c,length_32_gap_16,0.15582513809204099
14,6,qseq_eb72d6b6095aa9bf,length_32_gap_16,0.65330886840820312
14,6,qseq_2a530f25c94c88b0,length_32_gap_16,0.50940942764282215
14,6,qseq_b90ee294cda3f4ef,length_32_gap_16,-0.15253686904907221
14,6,qseq_2194e53c28d8ac06,length_32_gap_16,0.12661218643188471
14,6,qseq_cd35a5d7a5f5a555,length_32_gap_16,0.1082277297973632
14,6,qseq_e3fd7e822923d545,length_32_gap_16,-0.090681552886962793
14,6,qseq_3c1160a318793be3,length_32_gap_16,0.73565006256103505
14,6,qseq_a4167c2fe5df8c7f,length_32_gap_16,-0.091396331787109306
14,6,qseq_fa6f788e8ca0ef62,length_32_gap_16,0.1042051315307617
14,6,qseq_98487b25edb3051f,length_32_gap_16,0.34938287734985352
14,6,qseq_1f823851ae16f13f,length_32_gap_16,0.25409078598022461
14,6,qseq_b190b48533f45a2c,length_32_gap_16,0.21817970275878901
14,6,qseq_63d72c96ef626e2d,length_32_gap_16,1.048893928527832
14,6,qseq_a28e2ec155ecc582,length_32_gap_16,0.51066970825195312
14,6,qseq_eb02fc157dd74784,length_32_gap_16,0.21391582489013669
14,6,qseq_e887c4a51d9b260c,length_32_gap_16,2.0282855033874512
14,6,qseq_dee021939107fbde,length_32_gap_16,-0.23189306259155271
14,6,qseq_affe6175ca94dda2,length_32_gap_16,0.0209288597106933
14,6,qseq_7be057ad143b9690,length_32_gap_16,0.20748329162597651
14,6,qseq_24f5b4f7f640338f,length_32_gap_16,0.16975498199462891
14,6,qseq_43ebed208484255f,length_32_gap_16,0.069603443145751898
14,6,qseq_c613b96c7912d379,length_32_gap_16,0.51065516471862793
14,6,qseq_7f5aade052d4177f,length_32_gap_16,0.031388282775878899
14,6,qseq_ee49c796752d8710,length_32_gap_16,1.1213631629943848
14,6,qseq_b3f568f628b46423,length_64_gap_8,-0.15540075302124021
14,6,qseq_2fb25780aa1dbffa,length_64_gap_8,0.53016138076782215
14,6,qseq_fd1170e3dcd5f55e,length_64_gap_8,0.188267707824707
14,6,qseq_24b25ead5a4620eb,length_64_gap_8,0.25599765777587891
14,6,qseq_4074ee710223309a,length_64_gap_8,-0.1635212898254394
14,6,qseq_4279be38393632ff,length_64_gap_8,0.31271600723266602
14,6,qseq_a128a3ad062f254f,length_64_gap_8,0.78578805923461914
14,6,qseq_40546941dd2db2c4,length_64_gap_8,0.043769836425781201
14,6,qseq_bd1d709ea9de2442,length_64_gap_8,-0.8834078311920166
14,6,qseq_0701dad0bea1f82c,length_64_gap_8,0.62357354164123535
14,6,qseq_1922d44b2343c70a,length_64_gap_8,0.18267488479614249
14,6,qseq_730ee300e88dbdc9,length_64_gap_8,1.1901936531066897
14,6,qseq_5b194ba92705c9b8,length_64_gap_8,0.0586090087890625
14,6,qseq_021ce8a6eb41287d,length_64_gap_8,-0.016998291015625
14,6,qseq_039bccf871e60190,length_64_gap_8,-0.45753884315490723
14,6,qseq_c9895be6cd96e125,length_64_gap_8,-0.28362560272216791
14,6,qseq_e517bd5620ecf760,length_64_gap_8,-0.095694541931152302
14,6,qseq_05be70e9da000c21,length_64_gap_8,-0.038987159729003899
14,6,qseq_9e0484c8cf5ddfc6,length_64_gap_8,0.40862941741943348
14,6,qseq_d8653dab52d91576,length_64_gap_8,0.89192771911621094
14,6,qseq_7c7ae2fc6a76be76,length_64_gap_8,-0.68133664131164551
14,6,qseq_eea059d57beab37f,length_64_gap_8,-0.078166961669921806
14,6,qseq_8fee472e774e69bb,length_64_gap_8,-0.015850067138671799
14,6,qseq_6a6e891f0af35a46,length_64_gap_8,0.1969585418701171
14,6,qseq_a6eb78d92d0c43ab,length_64_gap_8,0.30901908874511708
14,6,qseq_4eb4bdf24b06d78c,length_64_gap_8,0.48739767074584961
14,6,qseq_772ec14d440e73c4,length_64_gap_8,1.5772860050201416
14,6,qseq_c9795ce42618194e,length_64_gap_8,0.035057544708251898
14,6,qseq_ad3d3bcb9795d514,length_64_gap_8,0.24126863479614249
14,6,qseq_1e356400a385b9c8,length_64_gap_8,0.22065210342407221
14,6,qseq_200c199e7437db70,length_64_gap_8,0.96422767639160156
14,6,qseq_f93016a2d910f6d4,length_64_gap_8,-0.2345056533813476
14,6,qseq_b26f645287ad75c3,length_64_gap_8,0.22889947891235349
14,6,qseq_5dbd77e6301a4d88,length_64_gap_8,0.16391754150390619
14,6,qseq_1f519fea8800a91a,length_64_gap_8,-0.20843410491943351
14,6,qseq_c22690e962dda79a,length_64_gap_8,1.2245662212371826
14,6,qseq_aa1bf93acfa1394f,length_64_gap_8,1.6555802822113037
14,6,qseq_c7e2bf5dffccfdb4,length_64_gap_8,-0.1425676345825195
14,6,qseq_f0b7c35e28157360,length_64_gap_8,0.34830176830291742
14,6,qseq_5b3541bc4ecd5520,length_64_gap_8,0.20941448211669919
14,6,qseq_51105068c69885d2,length_64_gap_8,0.81528836488723755
14,6,qseq_1fa7df7dac6c2475,length_64_gap_8,0.36826992034912098
14,6,qseq_1f17912f3d8f9da9,length_64_gap_8,0.18776988983154291
14,6,qseq_492ddced5e4b2559,length_64_gap_8,-0.049040794372558497
14,6,qseq_131de4ffcd89e6e9,length_64_gap_8,0.35788202285766602
14,6,qseq_2eba76d2215c33b9,length_64_gap_8,-0.051518678665161098
14,6,qseq_a1c3fb56cf8462bb,length_64_gap_8,0.079798340797424303
14,6,qseq_dcd58d81cb05e28d,length_64_gap_8,0.87583708763122547
14,6,qseq_6715416239d80838,length_64_gap_8,0.47776269912719721
14,6,qseq_8d499f91b4526a3a,length_64_gap_8,0.59715938568115234
14,6,qseq_587220b2bc085b31,length_64_gap_8,0.010416030883789
14,6,qseq_69cc809df6a6f6c9,length_64_gap_8,0.45632076263427729
14,6,qseq_b92aea251b1eff2b,length_64_gap_8,0.022371292114257799
14,6,qseq_4f51e954884cdf48,length_64_gap_8,0.25181758403778071
14,6,qseq_fe9ddd894232689b,length_64_gap_8,0.109375
14,6,qseq_c12d62810ba631af,length_64_gap_8,0.47644376754760742
14,6,qseq_5e9dad96f848721b,length_64_gap_8,-0.6112518310546875
14,6,qseq_32e4b0f9ec8b30ce,length_64_gap_8,-0.16974163055419919
14,6,qseq_eab2e57f5041e3f9,length_64_gap_8,0.2485389709472656
14,6,qseq_845854475db5ae4a,length_64_gap_8,-0.0064268112182616997
14,6,qseq_8688a95186e10f9c,length_64_gap_8,-0.2083406448364257
14,6,qseq_e8c2d067e77fc845,length_64_gap_8,-0.0368626117706298
14,6,qseq_c0d3d38e8bedac65,length_64_gap_8,0.94362735748291005
14,6,qseq_84ff4fbaaa20d8cc,length_64_gap_8,0.42720317840576172
14,6,qseq_a0de254948a6e5bf,length_64_gap_16,0.2319774627685546
14,6,qseq_b0e4d687f94733dc,length_64_gap_16,-0.093544483184814398
14,6,qseq_be52c9a76238a7d9,length_64_gap_16,0.074963092803954995
14,6,qseq_f37fbd079a3b6bde,length_64_gap_16,0.4274139404296875
14,6,qseq_ecccef08f74a0d62,length_64_gap_16,0.203601598739624
14,6,qseq_3b5d281e4d3fc2c2,length_64_gap_16,0.62828445434570312
14,6,qseq_d1e08ad378e2d77d,length_64_gap_16,-0.045292854309081997
14,6,qseq_7e4b4a517eef4bbc,length_64_gap_16,0.24307823181152341
14,6,qseq_8b91b6dc4c4ad5a7,length_64_gap_16,-0.036921977996826102
14,6,qseq_61c50fa15c9aaf25,length_64_gap_16,0.32655429840087891
14,6,qseq_eb6a949eb0642356,length_64_gap_16,-0.46428298950195312
14,6,qseq_ccbe5bac490d61b5,length_64_gap_16,-0.72160625457763672
14,6,qseq_ae9e47b71d61c01f,length_64_gap_16,0.31829357147216791
14,6,qseq_c423f0620a3bd358,length_64_gap_16,-0.008493423461914
14,6,qseq_b7edc17d7108c749,length_64_gap_16,0.0670619010925292
14,6,qseq_c0b98a93360f9565,length_64_gap_16,0.1812677383422851
14,6,qseq_b6de0520ecba0cb7,length_64_gap_16,0.062328338623046799
14,6,qseq_adc73ff9cfa008e2,length_64_gap_16,0.19927549362182609
14,6,qseq_2940a4d578561754,length_64_gap_16,0.1220693588256835
14,6,qseq_30994fe2dabf428d,length_64_gap_16,-0.019182205200195299
14,6,qseq_949a4801d597a033,length_64_gap_16,-0.1220955848693847
14,6,qseq_c5b16a3541c1277e,length_64_gap_16,0.1766858100891113
14,6,qseq_9431506847fefb45,length_64_gap_16,0.014730930328369101
14,6,qseq_5c36d742824efa4b,length_64_gap_16,-0.090181350708007799
14,6,qseq_05d8cddf3ea281a9,length_64_gap_16,2.1478776931762691
14,6,qseq_f17674cc4392f3bf,length_64_gap_16,1.9555215835571289
14,6,qseq_382e6ced8b87a663,length_64_gap_16,0.22809028625488281
14,6,qseq_fe5cd0e334e253c1,length_64_gap_16,0.96088242530822765
14,6,qseq_b417731b953269a4,length_64_gap_16,0.4319086074829101
14,6,qseq_450cbb29b12c67b7,length_64_gap_16,0.1282320022583007
14,6,qseq_a30ec5f4c977bbc8,length_64_gap_16,0.0782618522644042
14,6,qseq_f52fc5c697a8e7f5,length_64_gap_16,0.20650386810302729
14,6,qseq_396aff10bb95400f,length_64_gap_16,-0.43039226531982422
14,6,qseq_82c1df8241dca3cf,length_64_gap_16,-0.0181169509887695
14,6,qseq_204175b8e8f592ff,length_64_gap_16,0.21827602386474601
14,6,qseq_b7054e022b918880,length_64_gap_16,-0.057535171508789
14,6,qseq_ba8a8e9d30f030c0,length_64_gap_16,-0.0416007041931152
14,6,qseq_57bd27a9adf994ef,length_64_gap_16,0.16145896911621091
14,6,qseq_df9ba99fcdbb78f6,length_64_gap_16,-0.068767547607421806
14,6,qseq_c7f36be3fc9142a4,length_64_gap_16,0.091068267822265597
14,6,qseq_bb25837841d78095,length_64_gap_16,0.14721107482910151
14,6,qseq_89060805f114dcc8,length_64_gap_16,0.58920955657958984
14,6,qseq_cfce5ff0ec658964,length_64_gap_16,0.28256559371948242
14,6,qseq_84f8cb3faeb6a744,length_64_gap_16,-0.2973561286926269
14,6,qseq_42c429c411c30673,length_64_gap_16,1.1806244850158691
14,6,qseq_1d8ea3a6efaf9fab,length_64_gap_16,0.023416519165039
14,6,qseq_a1e47f7cb49b58b7,length_64_gap_16,1.6224403381347656
14,6,qseq_75975c5fcfe56f9f,length_64_gap_16,-0.071298599243163993
14,6,qseq_8a0db1772110a4a8,length_64_gap_16,0.24696254730224601
14,6,qseq_5f7ce90f26f794f5,length_64_gap_16,0.0138745307922363
14,6,qseq_f2f94c41d471f1c4,length_64_gap_16,0.54538059234619141
14,6,qseq_d57f36c4148c49c6,length_64_gap_16,-0.078474998474120997
14,6,qseq_fdf96662daefa822,length_64_gap_16,-0.13715219497680661
14,6,qseq_4b71f66c27222d97,length_64_gap_16,-0.14995527267456049
14,6,qseq_a1e8b0d618f525ce,length_64_gap_16,0.17448043823242179
14,6,qseq_8597a5fd74382a82,length_64_gap_16,0.59885597229003895
14,6,qseq_2317dd357fbf5323,length_64_gap_16,0.24166536331176749
14,6,qseq_44b93471651b7136,length_64_gap_16,1.2984611988067627
14,6,qseq_9936aeb4dac5517c,length_64_gap_16,-0.037462234497070299
14,6,qseq_4118977d719f3b17,length_64_gap_16,1.5535529851913452
14,6,qseq_622c80501e6559b9,length_64_gap_16,0.17203330993652341
14,6,qseq_995d48cc4618a5d7,length_64_gap_16,0.2761011123657226
14,6,qseq_2a1a4deb70ed1a8f,length_64_gap_16,0.40318775177001948
14,6,qseq_d83a3e748cb0801e,length_64_gap_16,-0.20481967926025391
14,0,qseq_00cb1c1a51bbd477,length_32_gap_8,-0.057093381881713798
14,0,qseq_fdb0d02eb17a3ad5,length_32_gap_8,-0.12686443328857419
14,0,qseq_0fb480259789823d,length_32_gap_8,-0.164093017578125
14,0,qseq_a2e6bd810032888a,length_32_gap_8,0.059121608734130797
14,0,qseq_5ce005c7be85e2b9,length_32_gap_8,-0.0099856853485107006
14,0,qseq_9c1391f827e05414,length_32_gap_8,0.19678497314453119
14,0,qseq_b5c59e25abaa4090,length_32_gap_8,-0.039537191390991197
14,0,qseq_9aa233d4f18630ef,length_32_gap_8,0.26898431777954102
14,0,qseq_36581fc0e870746a,length_32_gap_8,0.115157127380371
14,0,qseq_f1250fa423e1545e,length_32_gap_8,0.0107579231262207
14,0,qseq_82e41c38cbe9078a,length_32_gap_8,-0.080358982086181599
14,0,qseq_d0b29249fa160784,length_32_gap_8,-0.17544031143188471
14,0,qseq_05f13a28471ab531,length_32_gap_8,0.0028514862060545999
14,0,qseq_f1b36b9fae18111b,length_32_gap_8,-0.0348658561706542
14,0,qseq_83e6b8683b1256b2,length_32_gap_8,0.46650218963623041
14,0,qseq_67044cfad9f21ecb,length_32_gap_8,0.37450981140136708
14,0,qseq_70ea623170fa926c,length_32_gap_8,0.1423621177673339
14,0,qseq_5b73de916863d399,length_32_gap_8,0.239013671875
14,0,qseq_db732a487a875289,length_32_gap_8,-0.2018365859985351
14,0,qseq_fd7563a3a3cec767,length_32_gap_8,0.18764781951904291
14,0,qseq_d6183e1df454b220,length_32_gap_8,0.81664085388183594
14,0,qseq_1355795077be0f50,length_32_gap_8,0.0781402587890625
14,0,qseq_8b0497deeb8bcaef,length_32_gap_8,0.035044670104980399
14,0,qseq_1fb3a17d5dccef31,length_32_gap_8,0.4561004638671875
14,0,qseq_a17078d2a6b4b999,length_32_gap_8,0.39432191848754877
14,0,qseq_9e89898b6bb8b44e,length_32_gap_8,0.043907165527343701
14,0,qseq_52f1b1128f7f8827,length_32_gap_8,0.1247463226318359
14,0,qseq_d4bff5080bd4daa2,length_32_gap_8,0.42852783203125
14,0,qseq_bc537eed9a30ad79,length_32_gap_8,0.2007265090942382
14,0,qseq_4e294cfbb31deac6,length_32_gap_8,0.2291998863220214
14,0,qseq_a9426dae73873222,length_32_gap_8,0.065945386886596596
14,0,qseq_84c7ecb2a5f6fb74,length_32_gap_8,-0.0304455757141113
14,0,qseq_2232308bba387df3,length_32_gap_8,0.42920160293579102
14,0,qseq_c651ff600b8839df,length_32_gap_8,-0.045250892639160101
14,0,qseq_bdd4291ac8449310,length_32_gap_8,0.084498405456542899
14,0,qseq_eee8756396fe6af2,length_32_gap_8,-0.015435218811035101
14,0,qseq_d27c4368416fdc93,length_32_gap_8,-0.014073371887207
14,0,qseq_1bc3d720581f5d2b,length_32_gap_8,0.093896865844726493
14,0,qseq_d1b8220e931c7fd7,length_32_gap_8,0.047814846038818297
14,0,qseq_f3612a27015ba1ca,length_32_gap_8,0.39092636108398432
14,0,qseq_983999860e3f68fa,length_32_gap_8,-0.38704204559326172
14,0,qseq_3cc6488c0780e435,length_32_gap_8,-0.063355922698974595
14,0,qseq_896e75303fd36619,length_32_gap_8,0.7457127571105957
14,0,qseq_bb44694bf88faab7,length_32_gap_8,-0.15622663497924799
14,0,qseq_676b73120ca2a061,length_32_gap_8,0.062870979309082003
14,0,qseq_03289c2c4536e699,length_32_gap_8,-0.053305149078369099
14,0,qseq_62632b972840b049,length_32_gap_8,-0.038418292999267502
14,0,qseq_f5d56d42459ee9bc,length_32_gap_8,0.0073037147521971997
14,0,qseq_32bc0ad658c10a1c,length_32_gap_8,0.18495941162109369
14,0,qseq_4da58de5cf93ae4a,length_32_gap_8,0.29540729522705073
14,0,qseq_5e6685ba720055c7,length_32_gap_8,-0.1368141174316406
14,0,qseq_2cfb75f54306c844,length_32_gap_8,0.079121589660644503
14,0,qseq_8345587890d3c14f,length_32_gap_8,0.080162048339843694
14,0,qseq_46afeffe5dd0d89f,length_32_gap_8,0.125
14,0,qseq_b592f6abbb02f055,length_32_gap_8,0.63069057464599598
14,0,qseq_3d813b4e2f642750,length_32_gap_8,0.48509693145751948
14,0,qseq_c3ccf9967efbcd30,length_32_gap_8,0.1104640960693359
14,0,qseq_029bb1fad3e341b6,length_32_gap_8,0.81826496124267567
14,0,qseq_f0a1548c14cbff39,length_32_gap_8,0.075095653533935505
14,0,qseq_ce67b9d37322c254,length_32_gap_8,-0.047960758209228502
14,0,qseq_1d5def43cbaaf204,length_32_gap_8,0.93648290634155285
14,0,qseq_ef053ee48a778a2d,length_32_gap_8,-0.021021842956542899
14,0,qseq_aad6bf2a44151808,length_32_gap_8,0.1956682205200195
14,0,qseq_8efc9f11c7cf051c,length_32_gap_8,0.71599578857421875
14,0,qseq_8e716ecd02e0f73a,length_32_gap_16,0.14135169982910151
14,0,qseq_1595750272a9182b,length_32_gap_16,0.09375
14,0,qseq_bcb1e40d4e33a983,length_32_gap_16,0.032508850097656201
14,0,qseq_918b1e8c99f205fc,length_32_gap_16,0.37309122085571278
14,0,qseq_9bcb64e386770afd,length_32_gap_16,0.37989997863769531
14,0,qseq_f308f77da35e5150,length_32_gap_16,-0.0128602981567382
14,0,qseq_3d452bb0ed05ae44,length_32_gap_16,0.1178982257843017
14,0,qseq_5e121f37966766e3,length_32_gap_16,0.16302061080932609
14,0,qseq_7d05ec534f8e7970,length_32_gap_16,0.10548019409179681
14,0,qseq_1a641e032f933a96,length_32_gap_16,-0.043235063552856397
14,0,qseq_afb04c9fd38b4a73,length_32_gap_16,0.0546417236328125
14,0,qseq_0a7044add0a71938,length_32_gap_16,0.018128395080566399
14,0,qseq_ad84a1c2bee1922b,length_32_gap_16,0.053659439086914
14,0,qseq_0449b2f15993e9e3,length_32_gap_16,0.4102935791015625
14,0,qseq_e239bfe29ce1339d,length_32_gap_16,0.0160069465637207
14,0,qseq_1c01b2c0b82e7c86,length_32_gap_16,0.34415292739868159
14,0,qseq_5a6f346a0090499e,length_32_gap_16,0.2486763000488281
14,0,qseq_23e29e93fa14dc22,length_32_gap_16,0.30981540679931641
14,0,qseq_aed28d8945a5fd51,length_32_gap_16,1.2408361434936523
14,0,qseq_64af7706440b2eb6,length_32_gap_16,0.40546607971191401
14,0,qseq_9b65b35ce09e05fc,length_32_gap_16,-0.070431709289550698
14,0,qseq_9966ff37eb81ef5e,length_32_gap_16,0.27573823928833002
14,0,qseq_2f710e8798ec9e71,length_32_gap_16,0.077998161315917899
14,0,qseq_11b039baed6684b4,length_32_gap_16,0.43989467620849598
14,0,qseq_60e817fc1eb4a770,length_32_gap_16,0.51568365097045887
14,0,qseq_704ee3aa78d74315,length_32_gap_16,0.19191122055053711
14,0,qseq_56aa2892fb9d4215,length_32_gap_16,0.043417453765869099
14,0,qseq_cfd0f3fa73dabac6,length_32_gap_16,0.1615533828735351
14,0,qseq_4d8b8abbf9e82df2,length_32_gap_16,0.35140132904052729
14,0,qseq_dc290e31b0f7fee9,length_32_gap_16,0.2016534805297851
14,0,qseq_d59e491f27122012,length_32_gap_16,-0.1032867431640625
14,0,qseq_0d1644fe34089dc5,length_32_gap_16,0.43518447875976562
14,0,qseq_b0f1c882cbfc023b,length_32_gap_16,0.030643463134765601
14,0,qseq_ae326193ef533b6f,length_32_gap_16,0.19571447372436521
14,0,qseq_b90113f916a4ef25,length_32_gap_16,-0.1459436416625976
14,0,qseq_47db8e82e82ab9ab,length_32_gap_16,-0.060144901275634703
14,0,qseq_1bd1876170be1293,length_32_gap_16,0.21607398986816401
14,0,qseq_28a6625244b67550,length_32_gap_16,0.64866757392883301
14,0,qseq_0319d5aa3b7a2109,length_32_gap_16,0.30686092376708979
14,0,qseq_b4281d845cf8791c,length_32_gap_16,0.15582513809204099
14,0,qseq_eb72d6b6095aa9bf,length_32_gap_16,1.2438082695007324
14,0,qseq_2a530f25c94c88b0,length_32_gap_16,0.39000034332275391
14,0,qseq_b90ee294cda3f4ef,length_32_gap_16,0.061485767364501898
14,0,qseq_2194e53c28d8ac06,length_32_gap_16,0.1263275146484375
14,0,qseq_cd35a5d7a5f5a555,length_32_gap_16,-0.043210983276367097
14,0,qseq_e3fd7e822923d545,length_32_gap_16,0.1241369247436523
14,0,qseq_3c1160a318793be3,length_32_gap_16,0.82166481018066395
14,0,qseq_a4167c2fe5df8c7f,length_32_gap_16,0.063481330871582003
14,0,qseq_fa6f788e8ca0ef62,length_32_gap_16,0.45131969451904291
14,0,qseq_98487b25edb3051f,length_32_gap_16,0.2147674560546875
14,0,qseq_1f823851ae16f13f,length_32_gap_16,0.2488441467285156
14,0,qseq_b190b48533f45a2c,length_32_gap_16,0.18689298629760739
14,0,qseq_63d72c96ef626e2d,length_32_gap_16,0.84769916534423817
14,0,qseq_a28e2ec155ecc582,length_32_gap_16,0.44784450531005848
14,0,qseq_eb02fc157dd74784,length_32_gap_16,0.39323139190673823
14,0,qseq_e887c4a51d9b260c,length_32_gap_16,1.3885762691497805
14,0,qseq_dee021939107fbde,length_32_gap_16,-0.0081186294555663993
14,0,qseq_affe6175ca94dda2,length_32_gap_16,-0.0081243515014648004
14,0,qseq_7be057ad143b9690,length_32_gap_16,0.54861164093017567
14,0,qseq_24f5b4f7f640338f,length_32_gap_16,0.18328762054443351
14,0,qseq_43ebed208484255f,length_32_gap_16,0.2523436546325683
14,0,qseq_c613b96c7912d379,length_32_gap_16,0.56719756126403797
14,0,qseq_7f5aade052d4177f,length_32_gap_16,0.18761444091796869
14,0,qseq_ee49c796752d8710,length_32_gap_16,0.91402387619018555
14,0,qseq_b3f568f628b46423,length_64_gap_8,-0.1020069122314453
14,0,qseq_2fb25780aa1dbffa,length_64_gap_8,0.1869044303894043
14,0,qseq_fd1170e3dcd5f55e,length_64_gap_8,-0.1242322921752929
14,0,qseq_24b25ead5a4620eb,length_64_gap_8,0.14352273941040031
14,0,qseq_4074ee710223309a,length_64_gap_8,-0.067599773406982394
14,0,qseq_4279be38393632ff,length_64_gap_8,0.2151529788970947
14,0,qseq_a128a3ad062f254f,length_64_gap_8,-0.070402383804321206
14,0,qseq_40546941dd2db2c4,length_64_gap_8,-0.0038375854492187001
14,0,qseq_bd1d709ea9de2442,length_64_gap_8,-0.4934084415435791
14,0,qseq_0701dad0bea1f82c,length_64_gap_8,0.30861210823059082
14,0,qseq_1922d44b2343c70a,length_64_gap_8,0.038510322570800698
14,0,qseq_730ee300e88dbdc9,length_64_gap_8,1.2719303369522097
14,0,qseq_5b194ba92705c9b8,length_64_gap_8,0.076215744018554604
14,0,qseq_021ce8a6eb41287d,length_64_gap_8,-0.063199996948242104
14,0,qseq_039bccf871e60190,length_64_gap_8,-0.083696126937866197
14,0,qseq_c9895be6cd96e125,length_64_gap_8,-0.074850082397460896
14,0,qseq_e517bd5620ecf760,length_64_gap_8,-0.10944366455078119
14,0,qseq_05be70e9da000c21,length_64_gap_8,0.22431850433349601
14,0,qseq_9e0484c8cf5ddfc6,length_64_gap_8,0.13300275802612299
14,0,qseq_d8653dab52d91576,length_64_gap_8,0.34518527984619141
14,0,qseq_7c7ae2fc6a76be76,length_64_gap_8,-0.089348554611205999
14,0,qseq_eea059d57beab37f,length_64_gap_8,0.069578170776367104
14,0,qseq_8fee472e774e69bb,length_64_gap_8,0.51036715507507324
14,0,qseq_6a6e891f0af35a46,length_64_gap_8,0.24446868896484369
14,0,qseq_a6eb78d92d0c43ab,length_64_gap_8,0.1589288711547851
14,0,qseq_4eb4bdf24b06d78c,length_64_gap_8,0.49257421493530268
14,0,qseq_772ec14d440e73c4,length_64_gap_8,1.856797456741333
14,0,qseq_c9795ce42618194e,length_64_gap_8,0.14433860778808591
14,0,qseq_ad3d3bcb9795d514,length_64_gap_8,0.2452995777130127
14,0,qseq_1e356400a385b9c8,length_64_gap_8,0.060700893402099602
14,0,qseq_200c199e7437db70,length_64_gap_8,0.53989601135253895
14,0,qseq_f93016a2d910f6d4,length_64_gap_8,-0.1087064743041992
14,0,qseq_b26f645287ad75c3,length_64_gap_8,0.31216907501220698
14,0,qseq_5dbd77e6301a4d88,length_64_gap_8,0.13254737854003901
14,0,qseq_1f519fea8800a91a,length_64_gap_8,0.083185195922851493
14,0,qseq_c22690e962dda79a,length_64_gap_8,0.51411652565002441
14,0,qseq_aa1bf93acfa1394f,length_64_gap_8,0.65884923934936523
14,0,qseq_c7e2bf5dffccfdb4,length_64_gap_8,0.16023540496826169
14,0,qseq_f0b7c35e28157360,length_64_gap_8,0.1090917587280273
14,0,qseq_5b3541bc4ecd5520,length_64_gap_8,0.21099758148193351
14,0,qseq_51105068c69885d2,length_64_gap_8,0.97692298889160156
14,0,qseq_1fa7df7dac6c2475,length_64_gap_8,0.4827656745910644
14,0,qseq_1f17912f3d8f9da9,length_64_gap_8,-0.0310873985290527
14,0,qseq_492ddced5e4b2559,length_64_gap_8,0.0457501411437988
14,0,qseq_131de4ffcd89e6e9,length_64_gap_8,0.032912492752075098
14,0,qseq_2eba76d2215c33b9,length_64_gap_8,0.058552742004394497
14,0,qseq_a1c3fb56cf8462bb,length_64_gap_8,-0.13158321380615229
14,0,qseq_dcd58d81cb05e28d,length_64_gap_8,0.51582455635070801
14,0,qseq_6715416239d80838,length_64_gap_8,0.16748619079589841
14,0,qseq_8d499f91b4526a3a,length_64_gap_8,0.2513885498046875
14,0,qseq_587220b2bc085b31,length_64_gap_8,0.024264335632324201
14,0,qseq_69cc809df6a6f6c9,length_64_gap_8,0.1543555259704589
14,0,qseq_b92aea251b1eff2b,length_64_gap_8,0.26411819458007812
14,0,qseq_4f51e954884cdf48,length_64_gap_8,-0.1342320442199707
14,0,qseq_fe9ddd894232689b,length_64_gap_8,0.092125892639160101
14,0,qseq_c12d62810ba631af,length_64_gap_8,0.58449053764343262
14,0,qseq_5e9dad96f848721b,length_64_gap_8,-0.27869701385498041
14,0,qseq_32e4b0f9ec8b30ce,length_64_gap_8,-0.17273139953613281
14,0,qseq_eab2e57f5041e3f9,length_64_gap_8,0.17892646789550781
14,0,qseq_845854475db5ae4a,length_64_gap_8,0.28657817840576172
14,0,qseq_8688a95186e10f9c,length_64_gap_8,-0.16475868225097651
14,0,qseq_e8c2d067e77fc845,length_64_gap_8,-0.032320618629455497
14,0,qseq_c0d3d38e8bedac65,length_64_gap_8,0.11486434936523431
14,0,qseq_84ff4fbaaa20d8cc,length_64_gap_8,0.2784056663513183
14,0,qseq_a0de254948a6e5bf,length_64_gap_16,0.32946014404296869
14,0,qseq_b0e4d687f94733dc,length_64_gap_16,0.32044839859008778
14,0,qseq_be52c9a76238a7d9,length_64_gap_16,0.1663703918457031
14,0,qseq_f37fbd079a3b6bde,length_64_gap_16,0.3382725715637207
14,0,qseq_ecccef08f74a0d62,length_64_gap_16,0.26923227310180659
14,0,qseq_3b5d281e4d3fc2c2,length_64_gap_16,0.5015411376953125
14,0,qseq_d1e08ad378e2d77d,length_64_gap_16,0.31651639938354492
14,0,qseq_7e4b4a517eef4bbc,length_64_gap_16,0.1543822288513183
14,0,qseq_8b91b6dc4c4ad5a7,length_64_gap_16,-0.1215362548828125
14,0,qseq_61c50fa15c9aaf25,length_64_gap_16,0.1709184646606445
14,0,qseq_eb6a949eb0642356,length_64_gap_16,-0.053778648376464802
14,0,qseq_ccbe5bac490d61b5,length_64_gap_16,-0.43838024139404291
14,0,qseq_ae9e47b71d61c01f,length_64_gap_16,0.30836582183837891
14,0,qseq_c423f0620a3bd358,length_64_gap_16,-0.1470580101013183
14,0,qseq_b7edc17d7108c749,length_64_gap_16,0.37476825714111323
14,0,qseq_c0b98a93360f9565,length_64_gap_16,0.1078667640686035
14,0,qseq_b6de0520ecba0cb7,length_64_gap_16,0.093393802642822196
14,0,qseq_adc73ff9cfa008e2,length_64_gap_16,0.068459510803222601
14,0,qseq_2940a4d578561754,length_64_gap_16,0.40806913375854492
14,0,qseq_30994fe2dabf428d,length_64_gap_16,0.37144279479980458
14,0,qseq_949a4801d597a033,length_64_gap_16,0.2070927619934082
14,0,qseq_c5b16a3541c1277e,length_64_gap_16,0.053879261016845703
14,0,qseq_9431506847fefb45,length_64_gap_16,0.079441308975219699
14,0,qseq_5c36d742824efa4b,length_64_gap_16,-0.043882369995117097
14,0,qseq_05d8cddf3ea281a9,length_64_gap_16,1.4765238761901855
14,0,qseq_f17674cc4392f3bf,length_64_gap_16,1.5034236907958984
14,0,qseq_382e6ced8b87a663,length_64_gap_16,0.071632742881774902
14,0,qseq_fe5cd0e334e253c1,length_64_gap_16,0.91259217262268055
14,0,qseq_b417731b953269a4,length_64_gap_16,0.5692145824432373
14,0,qseq_450cbb29b12c67b7,length_64_gap_16,0.046121597290039
14,0,qseq_a30ec5f4c977bbc8,length_64_gap_16,0.17035865783691401
14,0,qseq_f52fc5c697a8e7f5,length_64_gap_16,0.096080780029296806
14,0,qseq_396aff10bb95400f,length_64_gap_16,-0.27434444427490229
14,0,qseq_82c1df8241dca3cf,length_64_gap_16,0.16850376129150391
14,0,qseq_204175b8e8f592ff,length_64_gap_16,0.2263190746307373
14,0,qseq_b7054e022b918880,length_64_gap_16,-0.054729461669921799
14,0,qseq_ba8a8e9d30f030c0,length_64_gap_16,0.21621847152709961
14,0,qseq_57bd27a9adf994ef,length_64_gap_16,0.21119832992553711
14,0,qseq_df9ba99fcdbb78f6,length_64_gap_16,-0.093767166137695299
14,0,qseq_c7f36be3fc9142a4,length_64_gap_16,0.1733241081237793
14,0,qseq_bb25837841d78095,length_64_gap_16,0.22282934188842771
14,0,qseq_89060805f114dcc8,length_64_gap_16,0.6827385425567627
14,0,qseq_cfce5ff0ec658964,length_64_gap_16,0.24012231826782221
14,0,qseq_84f8cb3faeb6a744,length_64_gap_16,-0.1235780715942382
14,0,qseq_42c429c411c30673,length_64_gap_16,0.35966300964355458
14,0,qseq_1d8ea3a6efaf9fab,length_64_gap_16,0.13282322883605949
14,0,qseq_a1e47f7cb49b58b7,length_64_gap_16,0.57337379455566395
14,0,qseq_75975c5fcfe56f9f,length_64_gap_16,-0.10254859924316399
14,0,qseq_8a0db1772110a4a8,length_64_gap_16,0.34908294677734369
14,0,qseq_5f7ce90f26f794f5,length_64_gap_16,0.16264867782592771
14,0,qseq_f2f94c41d471f1c4,length_64_gap_16,0.47836923599243159
14,0,qseq_d57f36c4148c49c6,length_64_gap_16,0.17175626754760739
14,0,qseq_fdf96662daefa822,length_64_gap_16,0.26507997512817377
14,0,qseq_4b71f66c27222d97,length_64_gap_16,-0.035614013671875
14,0,qseq_a1e8b0d618f525ce,length_64_gap_16,0.20573043823242179
14,0,qseq_8597a5fd74382a82,length_64_gap_16,0.89195442199707031
14,0,qseq_2317dd357fbf5323,length_64_gap_16,0.38229036331176752
14,0,qseq_44b93471651b7136,length_64_gap_16,0.81355810165405273
14,0,qseq_9936aeb4dac5517c,length_64_gap_16,0.1618432998657226
14,0,qseq_4118977d719f3b17,length_64_gap_16,1.7389695644378662
14,0,qseq_622c80501e6559b9,length_64_gap_16,0.16403698921203611
14,0,qseq_995d48cc4618a5d7,length_64_gap_16,0.22436046600341791
14,0,qseq_2a1a4deb70ed1a8f,length_64_gap_16,0.53668737411499023
14,0,qseq_d83a3e748cb0801e,length_64_gap_16,-0.088871955871582003
22,3,qseq_00cb1c1a51bbd477,length_32_gap_8,0.52411890029907215
22,3,qseq_fdb0d02eb17a3ad5,length_32_gap_8,0.73680877685546875
22,3,qseq_0fb480259789823d,length_32_gap_8,0.82242870330810536
22,3,qseq_a2e6bd810032888a,length_32_gap_8,0.3586201667785644
22,3,qseq_5ce005c7be85e2b9,length_32_gap_8,0.79257106781005848
22,3,qseq_9c1391f827e05414,length_32_gap_8,0.25928497314453119
22,3,qseq_b5c59e25abaa4090,length_32_gap_8,0.10057783126831051
22,3,qseq_9aa233d4f18630ef,length_32_gap_8,0.66912984848022461
22,3,qseq_36581fc0e870746a,length_32_gap_8,0.68854522705078125
22,3,qseq_f1250fa423e1545e,length_32_gap_8,1.1620311737060549
22,3,qseq_82e41c38cbe9078a,length_32_gap_8,0.79913759231567383
22,3,qseq_d0b29249fa160784,length_32_gap_8,0.53152942657470703
22,3,qseq_05f13a28471ab531,length_32_gap_8,0.30414581298828119
22,3,qseq_f1b36b9fae18111b,length_32_gap_8,0.46577024459838862
22,3,qseq_83e6b8683b1256b2,length_32_gap_8,0.78508090972900391
22,3,qseq_67044cfad9f21ecb,length_32_gap_8,0.59379863739013672
22,3,qseq_70ea623170fa926c,length_32_gap_8,1.5167887210845947
22,3,qseq_5b73de916863d399,length_32_gap_8,0.1355128288269043
22,3,qseq_db732a487a875289,length_32_gap_8,0.5947723388671875
22,3,qseq_fd7563a3a3cec767,length_32_gap_8,0.28750324249267573
22,3,qseq_d6183e1df454b220,length_32_gap_8,0.65295791625976562
22,3,qseq_1355795077be0f50,length_32_gap_8,-0.0312042236328125
22,3,qseq_8b0497deeb8bcaef,length_32_gap_8,1.6050434112548828
22,3,qseq_1fb3a17d5dccef31,length_32_gap_8,0.9040699005126952
22,3,qseq_a17078d2a6b4b999,length_32_gap_8,0.3458104133605957
22,3,qseq_9e89898b6bb8b44e,length_32_gap_8,0.29085540771484369
22,3,qseq_52f1b1128f7f8827,length_32_gap_8,1.280829906463623
22,3,qseq_d4bff5080bd4daa2,length_32_gap_8,0.28738069534301752
22,3,qseq_bc537eed9a30ad79,length_32_gap_8,0.69629049301147461
22,3,qseq_4e294cfbb31deac6,length_32_gap_8,0.75904369354248036
22,3,qseq_a9426dae73873222,length_32_gap_8,0.2359960079193115
22,3,qseq_84c7ecb2a5f6fb74,length_32_gap_8,0.53217291831970215
22,3,qseq_2232308bba387df3,length_32_gap_8,1.070976734161377
22,3,qseq_c651ff600b8839df,length_32_gap_8,2.1733391284942627
22,3,qseq_bdd4291ac8449310,length_32_gap_8,0.57867050170898426
22,3,qseq_eee8756396fe6af2,length_32_gap_8,0.48759746551513672
22,3,qseq_d27c4368416fdc93,length_32_gap_8,0.69170475006103505
22,3,qseq_1bc3d720581f5d2b,length_32_gap_8,0.2818751335144043
22,3,qseq_d1b8220e931c7fd7,length_32_gap_8,0.96247720718383778
22,3,qseq_f3612a27015ba1ca,length_32_gap_8,0.4214935302734375
22,3,qseq_983999860e3f68fa,length_32_gap_8,1.7360149621963501
22,3,qseq_3cc6488c0780e435,length_32_gap_8,1.1022014617919922
22,3,qseq_896e75303fd36619,length_32_gap_8,1.4050564765930176
22,3,qseq_bb44694bf88faab7,length_32_gap_8,0.40618467330932612
22,3,qseq_676b73120ca2a061,length_32_gap_8,0.242279052734375
22,3,qseq_03289c2c4536e699,length_32_gap_8,0.72702968120574951
22,3,qseq_62632b972840b049,length_32_gap_8,0.86755132675170887
22,3,qseq_f5d56d42459ee9bc,length_32_gap_8,0.48353338241577137
22,3,qseq_32bc0ad658c10a1c,length_32_gap_8,0.57177448272705067
22,3,qseq_4da58de5cf93ae4a,length_32_gap_8,0.6510767936706543
22,3,qseq_5e6685ba720055c7,length_32_gap_8,0.23767280578613281
22,3,qseq_2cfb75f54306c844,length_32_gap_8,1.0747442245483398
22,3,qseq_8345587890d3c14f,length_32_gap_8,1.1758384704589844
22,3,qseq_46afeffe5dd0d89f,length_32_gap_8,-0.1567277908325195
22,3,qseq_b592f6abbb02f055,length_32_gap_8,-0.16910839080810541
22,3,qseq_3d813b4e2f642750,length_32_gap_8,0.15364742279052729
22,3,qseq_c3ccf9967efbcd30,length_32_gap_8,1.2918133735656738
22,3,qseq_029bb1fad3e341b6,length_32_gap_8,0.85490512847900391
22,3,qseq_f0a1548c14cbff39,length_32_gap_8,0.83337163925170887
22,3,qseq_ce67b9d37322c254,length_32_gap_8,0.0233502388000488
22,3,qseq_1d5def43cbaaf204,length_32_gap_8,0.62751460075378407
22,3,qseq_ef053ee48a778a2d,length_32_gap_8,0.99319744110107422
22,3,qseq_aad6bf2a44151808,length_32_gap_8,1.1529359817504885
22,3,qseq_8efc9f11c7cf051c,length_32_gap_8,0.58093452453613281
22,3,qseq_8e716ecd02e0f73a,length_32_gap_16,0.48487663269042958
22,3,qseq_1595750272a9182b,length_32_gap_16,1.1221103668212893
22,3,qseq_bcb1e40d4e33a983,length_32_gap_16,0.28250885009765619
22,3,qseq_918b1e8c99f205fc,length_32_gap_16,1.0332732200622561
22,3,qseq_9bcb64e386770afd,length_32_gap_16,0.14338779449462891
22,3,qseq_f308f77da35e5150,length_32_gap_16,1.0799016952514648
22,3,qseq_3d452bb0ed05ae44,length_32_gap_16,0.97375416755676281
22,3,qseq_5e121f37966766e3,length_32_gap_16,0.52553701400756825
22,3,qseq_7d05ec534f8e7970,length_32_gap_16,0.81935214996337891
22,3,qseq_1a641e032f933a96,length_32_gap_16,1.6520235538482666
22,3,qseq_afb04c9fd38b4a73,length_32_gap_16,0.37063121795654291
22,3,qseq_0a7044add0a71938,length_32_gap_16,1.0575790405273438
22,3,qseq_ad84a1c2bee1922b,length_32_gap_16,0.52277183532714844
22,3,qseq_0449b2f15993e9e3,length_32_gap_16,0.71513938903808594
22,3,qseq_e239bfe29ce1339d,length_32_gap_16,1.7969174385070801
22,3,qseq_1c01b2c0b82e7c86,length_32_gap_16,0.8817296028137207
22,3,qseq_5a6f346a0090499e,length_32_gap_16,1.1202297210693359
22,3,qseq_23e29e93fa14dc22,length_32_gap_16,1.3353891372680664
22,3,qseq_aed28d8945a5fd51,length_32_gap_16,1.9264535903930664
22,3,qseq_64af7706440b2eb6,length_32_gap_16,0.45368576049804682
22,3,qseq_9b65b35ce09e05fc,length_32_gap_16,0.54269504547119141
22,3,qseq_9966ff37eb81ef5e,length_32_gap_16,0.75925540924072255
22,3,qseq_2f710e8798ec9e71,length_32_gap_16,0.2651453018188476
22,3,qseq_11b039baed6684b4,length_32_gap_16,0.95910358428955078
22,3,qseq_60e817fc1eb4a770,length_32_gap_16,0.90620660781860363
22,3,qseq_704ee3aa78d74315,length_32_gap_16,0.73686838150024414
22,3,qseq_56aa2892fb9d4215,length_32_gap_16,0.47349762916564941
22,3,qseq_cfd0f3fa73dabac6,length_32_gap_16,0.58066773414611805
22,3,qseq_4d8b8abbf9e82df2,length_32_gap_16,0.50335502624511708
22,3,qseq_dc290e31b0f7fee9,length_32_gap_16,0.94369983673095703
22,3,qseq_d59e491f27122012,length_32_gap_16,0.4553990364074707
22,3,qseq_0d1644fe34089dc5,length_32_gap_16,0.91154384613037098
22,3,qseq_b0f1c882cbfc023b,length_32_gap_16,0.37143135070800781
22,3,qseq_ae326193ef533b6f,length_32_gap_16,0.73285198211669922
22,3,qseq_b90113f916a4ef25,length_32_gap_16,1.3697090148925779
22,3,qseq_47db8e82e82ab9ab,length_32_gap_16,1.522162914276123
22,3,qseq_1bd1876170be1293,length_32_gap_16,0.52189493179321278
22,3,qseq_28a6625244b67550,length_32_gap_16,1.6630312204360962
22,3,qseq_0319d5aa3b7a2109,length_32_gap_16,1.2941832542419434
22,3,qseq_b4281d845cf8791c,length_32_gap_16,0.37478399276733387
22,3,qseq_eb72d6b6095aa9bf,length_32_gap_16,1.0928354263305664
22,3,qseq_2a530f25c94c88b0,length_32_gap_16,0.89124298095703125
22,3,qseq_b90ee294cda3f4ef,length_32_gap_16,0.58344888687133778
22,3,qseq_2194e53c28d8ac06,length_32_gap_16,0.62861347198486317
22,3,qseq_cd35a5d7a5f5a555,length_32_gap_16,0.66641139984130848
22,3,qseq_e3fd7e822923d545,length_32_gap_16,0.88184022903442383
22,3,qseq_3c1160a318793be3,length_32_gap_16,0.1919856071472168
22,3,qseq_a4167c2fe5df8c7f,length_32_gap_16,0.45061969757080073
22,3,qseq_fa6f788e8ca0ef62,length_32_gap_16,1.0120277404785156
22,3,qseq_98487b25edb3051f,length_32_gap_16,0.76885509490966786
22,3,qseq_1f823851ae16f13f,length_32_gap_16,0.44035577774047852
22,3,qseq_b190b48533f45a2c,length_32_gap_16,0.6212458610534668
22,3,qseq_63d72c96ef626e2d,length_32_gap_16,0.68231439590454102
22,3,qseq_a28e2ec155ecc582,length_32_gap_16,1.7167305946350098
22,3,qseq_eb02fc157dd74784,length_32_gap_16,0.66522884368896484
22,3,qseq_e887c4a51d9b260c,length_32_gap_16,1.7186129093170166
22,3,qseq_dee021939107fbde,length_32_gap_16,1.2633590698242188
22,3,qseq_affe6175ca94dda2,length_32_gap_16,0.1535797119140625
22,3,qseq_7be057ad143b9690,length_32_gap_16,0.59375
22,3,qseq_24f5b4f7f640338f,length_32_gap_16,0.66029262542724598
22,3,qseq_43ebed208484255f,length_32_gap_16,0.50578022003173817
22,3,qseq_c613b96c7912d379,length_32_gap_16,0.1591690778732299
22,3,qseq_7f5aade052d4177f,length_32_gap_16,0.43763828277587891
22,3,qseq_ee49c796752d8710,length_32_gap_16,2.0684232711791992
22,3,qseq_b3f568f628b46423,length_64_gap_8,0.3374791145324707
22,3,qseq_2fb25780aa1dbffa,length_64_gap_8,0.29228973388671869
22,3,qseq_fd1170e3dcd5f55e,length_64_gap_8,-0.0283098220825195
22,3,qseq_24b25ead5a4620eb,length_64_gap_8,0.83973407745361317
22,3,qseq_4074ee710223309a,length_64_gap_8,0.28698205947875971
22,3,qseq_4279be38393632ff,length_64_gap_8,0.97712218761444081
22,3,qseq_a128a3ad062f254f,length_64_gap_8,0.89508509635925293
22,3,qseq_40546941dd2db2c4,length_64_gap_8,0.33411216735839838
22,3,qseq_bd1d709ea9de2442,length_64_gap_8,0.90038967132568348
22,3,qseq_0701dad0bea1f82c,length_64_gap_8,1.0043601989746094
22,3,qseq_1922d44b2343c70a,length_64_gap_8,0.54095888137817383
22,3,qseq_730ee300e88dbdc9,length_64_gap_8,1.1926712989807129
22,3,qseq_5b194ba92705c9b8,length_64_gap_8,0.41953587532043451
22,3,qseq_021ce8a6eb41287d,length_64_gap_8,0.70476269721984863
22,3,qseq_039bccf871e60190,length_64_gap_8,0.59770846366882324
22,3,qseq_c9895be6cd96e125,length_64_gap_8,0.1040821075439453
22,3,qseq_e517bd5620ecf760,length_64_gap_8,0.75548744201660145
22,3,qseq_05be70e9da000c21,length_64_gap_8,0.63928985595703125
22,3,qseq_9e0484c8cf5ddfc6,length_64_gap_8,0.84024953842163075
22,3,qseq_d8653dab52d91576,length_64_gap_8,0.79268646240234375
22,3,qseq_7c7ae2fc6a76be76,length_64_gap_8,0.79431366920471191
22,3,qseq_eea059d57beab37f,length_64_gap_8,0.0755157470703125
22,3,qseq_8fee472e774e69bb,length_64_gap_8,0.79031229019165028
22,3,qseq_6a6e891f0af35a46,length_64_gap_8,0.58156490325927734
22,3,qseq_a6eb78d92d0c43ab,length_64_gap_8,0.55163860321044922
22,3,qseq_4eb4bdf24b06d78c,length_64_gap_8,0.31596612930297852
22,3,qseq_772ec14d440e73c4,length_64_gap_8,1.0691897869110107
22,3,qseq_c9795ce42618194e,length_64_gap_8,1.0588667392730713
22,3,qseq_ad3d3bcb9795d514,length_64_gap_8,0.4784083366394043
22,3,qseq_1e356400a385b9c8,length_64_gap_8,0.53277111053466786
22,3,qseq_200c199e7437db70,length_64_gap_8,0.34911632537841791
22,3,qseq_f93016a2d910f6d4,length_64_gap_8,0.23929882049560541
22,3,qseq_b26f645287ad75c3,length_64_gap_8,1.0106062889099121
22,3,qseq_5dbd77e6301a4d88,length_64_gap_8,0.4063873291015625
22,3,qseq_1f519fea8800a91a,length_64_gap_8,0.38129234313964838
22,3,qseq_c22690e962dda79a,length_64_gap_8,1.9029445648193359
22,3,qseq_aa1bf93acfa1394f,length_64_gap_8,0.076754570007324205
22,3,qseq_c7e2bf5dffccfdb4,length_64_gap_8,0.296875
22,3,qseq_f0b7c35e28157360,length_64_gap_8,0.60209918022155762
22,3,qseq_5b3541bc4ecd5520,length_64_gap_8,0.68201255798339844
22,3,qseq_51105068c69885d2,length_64_gap_8,1.807025253772736
22,3,qseq_1fa7df7dac6c2475,length_64_gap_8,0.34561872482299799
22,3,qseq_1f17912f3d8f9da9,length_64_gap_8,0.56237173080444325
22,3,qseq_492ddced5e4b2559,length_64_gap_8,1.0237922668457031
22,3,qseq_131de4ffcd89e6e9,length_64_gap_8,0.56511735916137695
22,3,qseq_2eba76d2215c33b9,length_64_gap_8,0.13609433174133301
22,3,qseq_a1c3fb56cf8462bb,length_64_gap_8,0.60171103477478016
22,3,qseq_dcd58d81cb05e28d,length_64_gap_8,1.0788516998291016
22,3,qseq_6715416239d80838,length_64_gap_8,0.89102935791015625
22,3,qseq_8d499f91b4526a3a,length_64_gap_8,0.3664331436157226
22,3,qseq_587220b2bc085b31,length_64_gap_8,0.88092041015625
22,3,qseq_69cc809df6a6f6c9,length_64_gap_8,1.6950397491455078
22,3,qseq_b92aea251b1eff2b,length_64_gap_8,1.1397075653076172
22,3,qseq_4f51e954884cdf48,length_64_gap_8,0.75104618072509755
22,3,qseq_fe9ddd894232689b,length_64_gap_8,0.5317990779876709
22,3,qseq_c12d62810ba631af,length_64_gap_8,1.0097486972808838
22,3,qseq_5e9dad96f848721b,length_64_gap_8,1.1552543640136721
22,3,qseq_32e4b0f9ec8b30ce,length_64_gap_8,1.5297629833221436
22,3,qseq_eab2e57f5041e3f9,length_64_gap_8,0.45166397094726562
22,3,qseq_845854475db5ae4a,length_64_gap_8,0.51452314853668213
22,3,qseq_8688a95186e10f9c,length_64_gap_8,0.896087646484375
22,3,qseq_e8c2d067e77fc845,length_64_gap_8,0.67217493057250965
22,3,qseq_c0d3d38e8bedac65,length_64_gap_8,0.23546791076660151
22,3,qseq_84ff4fbaaa20d8cc,length_64_gap_8,0.5020751953125
22,3,qseq_a0de254948a6e5bf,length_64_gap_16,0.64247608184814453
22,3,qseq_b0e4d687f94733dc,length_64_gap_16,0.68586373329162587
22,3,qseq_be52c9a76238a7d9,length_64_gap_16,0.68367946147918701
22,3,qseq_f37fbd079a3b6bde,length_64_gap_16,0.6288609504699707
22,3,qseq_ecccef08f74a0d62,length_64_gap_16,0.421875
22,3,qseq_3b5d281e4d3fc2c2,length_64_gap_16,0.61454868316650391
22,3,qseq_d1e08ad378e2d77d,length_64_gap_16,0.55734109878540028
22,3,qseq_7e4b4a517eef4bbc,length_64_gap_16,0.61583614349365234
22,3,qseq_8b91b6dc4c4ad5a7,length_64_gap_16,0.81413388252258301
22,3,qseq_61c50fa15c9aaf25,length_64_gap_16,0.28421211242675781
22,3,qseq_eb6a949eb0642356,length_64_gap_16,1.0925571918487549
22,3,qseq_ccbe5bac490d61b5,length_64_gap_16,1.2331910133361816
22,3,qseq_ae9e47b71d61c01f,length_64_gap_16,0.61435747146606445
22,3,qseq_c423f0620a3bd358,length_64_gap_16,0.67326152324676514
22,3,qseq_b7edc17d7108c749,length_64_gap_16,1.1531658172607422
22,3,qseq_c0b98a93360f9565,length_64_gap_16,0.98183679580688477
22,3,qseq_b6de0520ecba0cb7,length_64_gap_16,1.2494907379150393
22,3,qseq_adc73ff9cfa008e2,length_64_gap_16,1.0374999046325684
22,3,qseq_2940a4d578561754,length_64_gap_16,1.2806687355041504
22,3,qseq_30994fe2dabf428d,length_64_gap_16,1.0750198364257812
22,3,qseq_949a4801d597a033,length_64_gap_16,1.5112524032592771
22,3,qseq_c5b16a3541c1277e,length_64_gap_16,0.64785528182983387
22,3,qseq_9431506847fefb45,length_64_gap_16,0.40406632423400868
22,3,qseq_5c36d742824efa4b,length_64_gap_16,0.65622615814208984
22,3,qseq_05d8cddf3ea281a9,length_64_gap_16,2.4222784042358398
22,3,qseq_f17674cc4392f3bf,length_64_gap_16,1.0457496643066406
22,3,qseq_382e6ced8b87a663,length_64_gap_16,0.91023528575897195
22,3,qseq_fe5cd0e334e253c1,length_64_gap_16,1.7887747287750244
22,3,qseq_b417731b953269a4,length_64_gap_16,1.0384020805358889
22,3,qseq_450cbb29b12c67b7,length_64_gap_16,0.58314418792724598
22,3,qseq_a30ec5f4c977bbc8,length_64_gap_16,0.58620715141296376
22,3,qseq_f52fc5c697a8e7f5,length_64_gap_16,0.72577953338623036
22,3,qseq_396aff10bb95400f,length_64_gap_16,0.58868551254272461
22,3,qseq_82c1df8241dca3cf,length_64_gap_16,0.49371337890625
22,3,qseq_204175b8e8f592ff,length_64_gap_16,0.82784795761108387
22,3,qseq_b7054e022b918880,length_64_gap_16,0.4809575080871582
22,3,qseq_ba8a8e9d30f030c0,length_64_gap_16,0.53339219093322754
22,3,qseq_57bd27a9adf994ef,length_64_gap_16,0.47948563098907471
22,3,qseq_df9ba99fcdbb78f6,length_64_gap_16,0.49100112915039062
22,3,qseq_c7f36be3fc9142a4,length_64_gap_16,1.3213739395141602
22,3,qseq_bb25837841d78095,length_64_gap_16,0.87733650207519531
22,3,qseq_89060805f114dcc8,length_64_gap_16,0.35299324989318842
22,3,qseq_cfce5ff0ec658964,length_64_gap_16,0.85782051086425781
22,3,qseq_84f8cb3faeb6a744,length_64_gap_16,0.53571271896362305
22,3,qseq_42c429c411c30673,length_64_gap_16,3.2551589012146001
22,3,qseq_1d8ea3a6efaf9fab,length_64_gap_16,1.0979878902435305
22,3,qseq_a1e47f7cb49b58b7,length_64_gap_16,0.64792728424072255
22,3,qseq_75975c5fcfe56f9f,length_64_gap_16,0.58533287048339844
22,3,qseq_8a0db1772110a4a8,length_64_gap_16,0.60780239105224598
22,3,qseq_5f7ce90f26f794f5,length_64_gap_16,0.50639867782592773
22,3,qseq_f2f94c41d471f1c4,length_64_gap_16,1.6201236248016355
22,3,qseq_d57f36c4148c49c6,length_64_gap_16,1.054868221282959
22,3,qseq_fdf96662daefa822,length_64_gap_16,1.191798210144043
22,3,qseq_4b71f66c27222d97,length_64_gap_16,0.50384616851806641
22,3,qseq_a1e8b0d618f525ce,length_64_gap_16,0.57994747161865234
22,3,qseq_8597a5fd74382a82,length_64_gap_16,1.511810302734375
22,3,qseq_2317dd357fbf5323,length_64_gap_16,0.82110023498535145
22,3,qseq_44b93471651b7136,length_64_gap_16,0.72042036056518555
22,3,qseq_9936aeb4dac5517c,length_64_gap_16,0.90153360366821278
22,3,qseq_4118977d719f3b17,length_64_gap_16,1.383141040802002
22,3,qseq_622c80501e6559b9,length_64_gap_16,0.78874397277832031
22,3,qseq_995d48cc4618a5d7,length_64_gap_16,0.87898159027099598
22,3,qseq_2a1a4deb70ed1a8f,length_64_gap_16,0.46422576904296869
22,3,qseq_d83a3e748cb0801e,length_64_gap_16,0.242919921875
5,19,qseq_00cb1c1a51bbd477,length_32_gap_8,-0.0759015083312988
5,19,qseq_fdb0d02eb17a3ad5,length_32_gap_8,-0.052253723144531201
5,19,qseq_0fb480259789823d,length_32_gap_8,-0.171875
5,19,qseq_a2e6bd810032888a,length_32_gap_8,-0.088023662567138602
5,19,qseq_5ce005c7be85e2b9,length_32_gap_8,-0.1354527473449707
5,19,qseq_9c1391f827e05414,length_32_gap_8,0.0124578475952148
5,19,qseq_b5c59e25abaa4090,length_32_gap_8,0.0285456180572509
5,19,qseq_9aa233d4f18630ef,length_32_gap_8,-0.22018289566040031
5,19,qseq_36581fc0e870746a,length_32_gap_8,-0.0845184326171875
5,19,qseq_f1250fa423e1545e,length_32_gap_8,-0.17505478858947751
5,19,qseq_82e41c38cbe9078a,length_32_gap_8,-0.15602731704711911
5,19,qseq_d0b29249fa160784,length_32_gap_8,-0.18332672119140619
5,19,qseq_05f13a28471ab531,length_32_gap_8,-0.18694686889648429
5,19,qseq_f1b36b9fae18111b,length_32_gap_8,0.1581859588623046
5,19,qseq_83e6b8683b1256b2,length_32_gap_8,0.42451381683349598
5,19,qseq_67044cfad9f21ecb,length_32_gap_8,-0.093618392944335896
5,19,qseq_70ea623170fa926c,length_32_gap_8,0.1209521293640136
5,19,qseq_5b73de916863d399,length_32_gap_8,0.069648265838623005
5,19,qseq_db732a487a875289,length_32_gap_8,0.062360763549804597
5,19,qseq_fd7563a3a3cec767,length_32_gap_8,0.26816749572753901
5,19,qseq_d6183e1df454b220,length_32_gap_8,0.33016204833984369
5,19,qseq_1355795077be0f50,length_32_gap_8,-0.0468597412109375
5,19,qseq_8b0497deeb8bcaef,length_32_gap_8,0.19725131988525391
5,19,qseq_1fb3a17d5dccef31,length_32_gap_8,-0.1217713356018066
5,19,qseq_a17078d2a6b4b999,length_32_gap_8,-0.085875034332275293
5,19,qseq_9e89898b6bb8b44e,length_32_gap_8,-0.1376848220825195
5,19,qseq_52f1b1128f7f8827,length_32_gap_8,0.12511301040649411
5,19,qseq_d4bff5080bd4daa2,length_32_gap_8,0.1592531204223632
5,19,qseq_bc537eed9a30ad79,length_32_gap_8,-0.19388103485107419
5,19,qseq_4e294cfbb31deac6,length_32_gap_8,-0.066919326782226493
5,19,qseq_a9426dae73873222,length_32_gap_8,0.0563645362854003
5,19,qseq_84c7ecb2a5f6fb74,length_32_gap_8,-0.1367616653442382
5,19,qseq_2232308bba387df3,length_32_gap_8,0.29567718505859369
5,19,qseq_c651ff600b8839df,length_32_gap_8,-0.15625
5,19,qseq_bdd4291ac8449310,length_32_gap_8,-0.089118003845214802
5,19,qseq_eee8756396fe6af2,length_32_gap_8,0.018872261047363201
5,19,qseq_d27c4368416fdc93,length_32_gap_8,-0.006260871887207
5,19,qseq_1bc3d720581f5d2b,length_32_gap_8,-0.046846866607666002
5,19,qseq_d1b8220e931c7fd7,length_32_gap_8,-0.070209026336669894
5,19,qseq_f3612a27015ba1ca,length_32_gap_8,0.27373886108398432
5,19,qseq_983999860e3f68fa,length_32_gap_8,-0.71510791778564453
5,19,qseq_3cc6488c0780e435,length_32_gap_8,-0.033361434936523403
5,19,qseq_896e75303fd36619,length_32_gap_8,0.086194038391113198
5,19,qseq_bb44694bf88faab7,length_32_gap_8,-0.062488555908203097
5,19,qseq_676b73120ca2a061,length_32_gap_8,0.219120979309082
5,19,qseq_03289c2c4536e699,length_32_gap_8,0.17201113700866691
5,19,qseq_62632b972840b049,length_32_gap_8,-0.024668693542480399
5,19,qseq_f5d56d42459ee9bc,length_32_gap_8,-0.097336292266845703
5,19,qseq_32bc0ad658c10a1c,length_32_gap_8,-0.20046901702880851
5,19,qseq_4da58de5cf93ae4a,length_32_gap_8,-0.28247356414794922
5,19,qseq_5e6685ba720055c7,length_32_gap_8,-0.06109619140625
5,19,qseq_2cfb75f54306c844,length_32_gap_8,0.22725963592529291
5,19,qseq_8345587890d3c14f,length_32_gap_8,-0.36187839508056641
5,19,qseq_46afeffe5dd0d89f,length_32_gap_8,0.033586502075195299
5,19,qseq_b592f6abbb02f055,length_32_gap_8,0.2236719131469726
5,19,qseq_3d813b4e2f642750,length_32_gap_8,0.016981124877929601
5,19,qseq_c3ccf9967efbcd30,length_32_gap_8,0.025605201721191399
5,19,qseq_029bb1fad3e341b6,length_32_gap_8,-0.2920155525207519
5,19,qseq_f0a1548c14cbff39,length_32_gap_8,0.087903976440429604
5,19,qseq_ce67b9d37322c254,length_32_gap_8,0.1020207405090332
5,19,qseq_1d5def43cbaaf204,length_32_gap_8,-0.4076771736145019
5,19,qseq_ef053ee48a778a2d,length_32_gap_8,0.14334201812744141
5,19,qseq_aad6bf2a44151808,length_32_gap_8,0.19487571716308591
5,19,qseq_8efc9f11c7cf051c,length_32_gap_8,-0.013960838317871
5,19,qseq_8e716ecd02e0f73a,length_32_gap_16,-0.19921875
5,19,qseq_1595750272a9182b,length_32_gap_16,0
5,19,qseq_bcb1e40d4e33a983,length_32_gap_16,0.1875
5,19,qseq_918b1e8c99f205fc,length_32_gap_16,-0.23162841796875
5,19,qseq_9bcb64e386770afd,length_32_gap_16,0.1921777725219726
5,19,qseq_f308f77da35e5150,length_32_gap_16,0.0080041885375976007
5,19,qseq_3d452bb0ed05ae44,length_32_gap_16,0.1060819625854492
5,19,qseq_5e121f37966766e3,length_32_gap_16,-0.21298956871032709
5,19,qseq_7d05ec534f8e7970,length_32_gap_16,-0.0081434249877928994
5,19,qseq_1a641e032f933a96,length_32_gap_16,0.077247381210327107
5,19,qseq_afb04c9fd38b4a73,length_32_gap_16,0.057665824890136698
5,19,qseq_0a7044add0a71938,length_32_gap_16,-0.13286352157592771
5,19,qseq_ad84a1c2bee1922b,length_32_gap_16,0.038578987121581997
5,19,qseq_0449b2f15993e9e3,length_32_gap_16,0.49407768249511708
5,19,qseq_e239bfe29ce1339d,length_32_gap_16,0.10943937301635739
5,19,qseq_1c01b2c0b82e7c86,length_32_gap_16,0.12289285659790029
5,19,qseq_5a6f346a0090499e,length_32_gap_16,0.089056015014648396
5,19,qseq_23e29e93fa14dc22,length_32_gap_16,0.27258014678955073
5,19,qseq_aed28d8945a5fd51,length_32_gap_16,0.5203857421875
5,19,qseq_64af7706440b2eb6,length_32_gap_16,0.81798458099365234
5,19,qseq_9b65b35ce09e05fc,length_32_gap_16,-0.021588802337646401
5,19,qseq_9966ff37eb81ef5e,length_32_gap_16,0.033849716186523403
5,19,qseq_2f710e8798ec9e71,length_32_gap_16,0.09375
5,19,qseq_11b039baed6684b4,length_32_gap_16,-0.013681411743164
5,19,qseq_60e817fc1eb4a770,length_32_gap_16,0.64051103591918945
5,19,qseq_704ee3aa78d74315,length_32_gap_16,0.0048332214355468004
5,19,qseq_56aa2892fb9d4215,length_32_gap_16,-0.1478509902954101
5,19,qseq_cfd0f3fa73dabac6,length_32_gap_16,-0.0016167163848875999
5,19,qseq_4d8b8abbf9e82df2,length_32_gap_16,0.142430305480957
5,19,qseq_dc290e31b0f7fee9,length_32_gap_16,0.1745233535766601
5,19,qseq_d59e491f27122012,length_32_gap_16,-0.056000232696533203
5,19,qseq_0d1644fe34089dc5,length_32_gap_16,0.27352428436279291
5,19,qseq_b0f1c882cbfc023b,length_32_gap_16,-0.038908004760742097
5,19,qseq_ae326193ef533b6f,length_32_gap_16,0.18694496154785151
5,19,qseq_b90113f916a4ef25,length_32_gap_16,-0.018403053283691399
5,19,qseq_47db8e82e82ab9ab,length_32_gap_16,0.36972475051879877
5,19,qseq_1bd1876170be1293,length_32_gap_16,0.0271244049072265
5,19,qseq_28a6625244b67550,length_32_gap_16,0.19012570381164551
5,19,qseq_0319d5aa3b7a2109,length_32_gap_16,0.25292682647705073
5,19,qseq_b4281d845cf8791c,length_32_gap_16,0.0609478950500488
5,19,qseq_eb72d6b6095aa9bf,length_32_gap_16,0.3125
5,19,qseq_2a530f25c94c88b0,length_32_gap_16,0.18822002410888669
5,19,qseq_b90ee294cda3f4ef,length_32_gap_16,-0.069842815399169894
5,19,qseq_2194e53c28d8ac06,length_32_gap_16,0.18509674072265619
5,19,qseq_cd35a5d7a5f5a555,length_32_gap_16,0.0075540542602539002
5,19,qseq_e3fd7e822923d545,length_32_gap_16,0.40880441665649409
5,19,qseq_3c1160a318793be3,length_32_gap_16,0.40243911743164062
5,19,qseq_a4167c2fe5df8c7f,length_32_gap_16,0.1204414367675781
5,19,qseq_fa6f788e8ca0ef62,length_32_gap_16,0.067803859710693304
5,19,qseq_98487b25edb3051f,length_32_gap_16,0.072084903717041002
5,19,qseq_1f823851ae16f13f,length_32_gap_16,0.13170957565307609
5,19,qseq_b190b48533f45a2c,length_32_gap_16,0.093291282653808497
5,19,qseq_63d72c96ef626e2d,length_32_gap_16,0.1880769729614257
5,19,qseq_a28e2ec155ecc582,length_32_gap_16,0.546875
5,19,qseq_eb02fc157dd74784,length_32_gap_16,0.0102357864379882
5,19,qseq_e887c4a51d9b260c,length_32_gap_16,1.1021733283996582
5,19,qseq_dee021939107fbde,length_32_gap_16,-0.050647258758544901
5,19,qseq_affe6175ca94dda2,length_32_gap_16,0.061144828796386698
5,19,qseq_7be057ad143b9690,length_32_gap_16,-0.17817211151123041
5,19,qseq_24f5b4f7f640338f,length_32_gap_16,0.071848869323730399
5,19,qseq_43ebed208484255f,length_32_gap_16,-0.0628399848937988
5,19,qseq_c613b96c7912d379,length_32_gap_16,0.30840492248535151
5,19,qseq_7f5aade052d4177f,length_32_gap_16,0.062544822692870997
5,19,qseq_ee49c796752d8710,length_32_gap_16,-0.32895565032958979
5,19,qseq_b3f568f628b46423,length_64_gap_8,-0.050805091857910101
5,19,qseq_2fb25780aa1dbffa,length_64_gap_8,-0.030092239379882799
5,19,qseq_fd1170e3dcd5f55e,length_64_gap_8,0.094685554504394503
5,19,qseq_24b25ead5a4620eb,length_64_gap_8,0.23786354064941401
5,19,qseq_4074ee710223309a,length_64_gap_8,-0.030086994171142498
5,19,qseq_4279be38393632ff,length_64_gap_8,0.15320873260498041
5,19,qseq_a128a3ad062f254f,length_64_gap_8,0.1848649978637695
5,19,qseq_40546941dd2db2c4,length_64_gap_8,-0.050895690917968701
5,19,qseq_bd1d709ea9de2442,length_64_gap_8,-0.1707150936126709
5,19,qseq_0701dad0bea1f82c,length_64_gap_8,0.53574109077453613
5,19,qseq_1922d44b2343c70a,length_64_gap_8,0.018962860107421799
5,19,qseq_730ee300e88dbdc9,length_64_gap_8,0.043015241622924798
5,19,qseq_5b194ba92705c9b8,length_64_gap_8,0.081457614898681599
5,19,qseq_021ce8a6eb41287d,length_64_gap_8,-0.37471246719360352
5,19,qseq_039bccf871e60190,length_64_gap_8,-0.099833965301513602
5,19,qseq_c9895be6cd96e125,length_64_gap_8,-0.091786384582519503
5,19,qseq_e517bd5620ecf760,length_64_gap_8,0.0548648834228515
5,19,qseq_05be70e9da000c21,length_64_gap_8,0.095103263854980399
5,19,qseq_9e0484c8cf5ddfc6,length_64_gap_8,-0.15625
5,19,qseq_d8653dab52d91576,length_64_gap_8,-0.26625728607177729
5,19,qseq_7c7ae2fc6a76be76,length_64_gap_8,-0.082990169525146401
5,19,qseq_eea059d57beab37f,length_64_gap_8,-0.0028257369995117001
5,19,qseq_8fee472e774e69bb,length_64_gap_8,-0.2383008003234863
5,19,qseq_6a6e891f0af35a46,length_64_gap_8,0.056538581848144497
5,19,qseq_a6eb78d92d0c43ab,length_64_gap_8,0.059019088745117097
5,19,qseq_4eb4bdf24b06d78c,length_64_gap_8,0.0088081359863281007
5,19,qseq_772ec14d440e73c4,length_64_gap_8,-0.42093229293823242
5,19,qseq_c9795ce42618194e,length_64_gap_8,-0.17111444473266599
5,19,qseq_ad3d3bcb9795d514,length_64_gap_8,0.1979908943176269
5,19,qseq_1e356400a385b9c8,length_64_gap_8,0.1593060493469238
5,19,qseq_200c199e7437db70,length_64_gap_8,0.18405246734619141
5,19,qseq_f93016a2d910f6d4,length_64_gap_8,-0.031766891479492097
5,19,qseq_b26f645287ad75c3,length_64_gap_8,0.013403415679931601
5,19,qseq_5dbd77e6301a4d88,length_64_gap_8,0.28112030029296869
5,19,qseq_1f519fea8800a91a,length_64_gap_8,0.025940895080566399
5,19,qseq_c22690e962dda79a,length_64_gap_8,0.57758045196533203
5,19,qseq_aa1bf93acfa1394f,length_64_gap_8,0.42256355285644531
5,19,qseq_c7e2bf5dffccfdb4,length_64_gap_8,0.061614036560058497
5,19,qseq_f0b7c35e28157360,length_64_gap_8,-0.1086554527282714
5,19,qseq_5b3541bc4ecd5520,length_64_gap_8,0.098112106323242104
5,19,qseq_51105068c69885d2,length_64_gap_8,0.050062417984008699
5,19,qseq_1fa7df7dac6c2475,length_64_gap_8,0.1273279190063476
5,19,qseq_1f17912f3d8f9da9,length_64_gap_8,-0.062529087066650293
5,19,qseq_492ddced5e4b2559,length_64_gap_8,-0.21921014785766599
5,19,qseq_131de4ffcd89e6e9,length_64_gap_8,0.27707552909851069
5,19,qseq_2eba76d2215c33b9,length_64_gap_8,0.0019395351409912001
5,19,qseq_a1c3fb56cf8462bb,length_64_gap_8,0.52253913879394531
5,19,qseq_dcd58d81cb05e28d,length_64_gap_8,0.483635663986206
5,19,qseq_6715416239d80838,length_64_gap_8,-0.14501380920410151
5,19,qseq_8d499f91b4526a3a,length_64_gap_8,0.040923118591308497
5,19,qseq_587220b2bc085b31,length_64_gap_8,0.041256904602050698
5,19,qseq_69cc809df6a6f6c9,length_64_gap_8,0.036565780639648403
5,19,qseq_b92aea251b1eff2b,length_64_gap_8,-0.11088180541992181
5,19,qseq_4f51e954884cdf48,length_64_gap_8,0.045701026916503899
5,19,qseq_fe9ddd894232689b,length_64_gap_8,-0.13840413093566889
5,19,qseq_c12d62810ba631af,length_64_gap_8,-0.1030397415161132
5,19,qseq_5e9dad96f848721b,length_64_gap_8,-0.087425708770751898
5,19,qseq_32e4b0f9ec8b30ce,length_64_gap_8,-0.0170989036560058
5,19,qseq_eab2e57f5041e3f9,length_64_gap_8,0.03125
5,19,qseq_845854475db5ae4a,length_64_gap_8,-0.0301861763000488
5,19,qseq_8688a95186e10f9c,length_64_gap_8,-0.15383005142211911
5,19,qseq_e8c2d067e77fc845,length_64_gap_8,-0.062723398208618095
5,19,qseq_c0d3d38e8bedac65,length_64_gap_8,0.2010784149169921
5,19,qseq_84ff4fbaaa20d8cc,length_64_gap_8,0.052696704864501898
5,19,qseq_a0de254948a6e5bf,length_64_gap_16,-0.14165401458740229
5,19,qseq_b0e4d687f94733dc,length_64_gap_16,0.015658617019653299
5,19,qseq_be52c9a76238a7d9,length_64_gap_16,-0.062531232833862305
5,19,qseq_f37fbd079a3b6bde,length_64_gap_16,-0.037801742553710903
5,19,qseq_ecccef08f74a0d62,length_64_gap_16,0.22651958465576169
5,19,qseq_3b5d281e4d3fc2c2,length_64_gap_16,-0.0052814483642578004
5,19,qseq_d1e08ad378e2d77d,length_64_gap_16,-0.091370820999145494
5,19,qseq_7e4b4a517eef4bbc,length_64_gap_16,-0.0286612510681152
5,19,qseq_8b91b6dc4c4ad5a7,length_64_gap_16,-0.041601657867431599
5,19,qseq_61c50fa15c9aaf25,length_64_gap_16,-0.17381954193115229
5,19,qseq_eb6a949eb0642356,length_64_gap_16,-0.15878486633300781
5,19,qseq_ccbe5bac490d61b5,length_64_gap_16,-0.14697551727294919
5,19,qseq_ae9e47b71d61c01f,length_64_gap_16,0.27445650100708002
5,19,qseq_c423f0620a3bd358,length_64_gap_16,-0.20082783699035639
5,19,qseq_b7edc17d7108c749,length_64_gap_16,-0.00098896026611319993
5,19,qseq_c0b98a93360f9565,length_64_gap_16,0.063530921936035101
5,19,qseq_b6de0520ecba0cb7,length_64_gap_16,-0.09375
5,19,qseq_adc73ff9cfa008e2,length_64_gap_16,0.050865173339843701
5,19,qseq_2940a4d578561754,length_64_gap_16,0.040232181549072203
5,19,qseq_30994fe2dabf428d,length_64_gap_16,0.050966262817382799
5,19,qseq_949a4801d597a033,length_64_gap_16,-0.0730786323547363
5,19,qseq_c5b16a3541c1277e,length_64_gap_16,0.029516696929931599
5,19,qseq_9431506847fefb45,length_64_gap_16,-0.066065549850463798
5,19,qseq_5c36d742824efa4b,length_64_gap_16,-0.028660774230957
5,19,qseq_05d8cddf3ea281a9,length_64_gap_16,0.43463659286499018
5,19,qseq_f17674cc4392f3bf,length_64_gap_16,1.1432080268859863
5,19,qseq_382e6ced8b87a663,length_64_gap_16,-0.22610795497894279
5,19,qseq_fe5cd0e334e253c1,length_64_gap_16,0.19243836402893061
5,19,qseq_b417731b953269a4,length_64_gap_16,0.2886357307434082
5,19,qseq_450cbb29b12c67b7,length_64_gap_16,-0.1996002197265625
5,19,qseq_a30ec5f4c977bbc8,length_64_gap_16,-0.0023679733276367001
5,19,qseq_f52fc5c697a8e7f5,length_64_gap_16,0.19850254058837891
5,19,qseq_396aff10bb95400f,length_64_gap_16,-0.11768341064453119
5,19,qseq_82c1df8241dca3cf,length_64_gap_16,0.01397705078125
5,19,qseq_204175b8e8f592ff,length_64_gap_16,0.1795122623443603
5,19,qseq_b7054e022b918880,length_64_gap_16,0.0054149627685545999
5,19,qseq_ba8a8e9d30f030c0,length_64_gap_16,0.0120925903320312
5,19,qseq_57bd27a9adf994ef,length_64_gap_16,0.0038669109344482001
5,19,qseq_df9ba99fcdbb78f6,length_64_gap_16,-0.062473297119140597
5,19,qseq_c7f36be3fc9142a4,length_64_gap_16,-0.077558994293212793
5,19,qseq_bb25837841d78095,length_64_gap_16,-0.1328125
5,19,qseq_89060805f114dcc8,length_64_gap_16,0.19203734397888181
5,19,qseq_cfce5ff0ec658964,length_64_gap_16,0.043655872344970703
5,19,qseq_84f8cb3faeb6a744,length_64_gap_16,-0.063051223754882799
5,19,qseq_42c429c411c30673,length_64_gap_16,0.055283546447753899
5,19,qseq_1d8ea3a6efaf9fab,length_64_gap_16,-0.0155818462371826
5,19,qseq_a1e47f7cb49b58b7,length_64_gap_16,0.37556838989257812
5,19,qseq_75975c5fcfe56f9f,length_64_gap_16,-0.089482307434082003
5,19,qseq_8a0db1772110a4a8,length_64_gap_16,0.22479820251464841
5,19,qseq_5f7ce90f26f794f5,length_64_gap_16,-0.052842617034912102
5,19,qseq_f2f94c41d471f1c4,length_64_gap_16,0.2137994766235351
5,19,qseq_d57f36c4148c49c6,length_64_gap_16,-0.069883346557617104
5,19,qseq_fdf96662daefa822,length_64_gap_16,0.099920272827148396
5,19,qseq_4b71f66c27222d97,length_64_gap_16,0.040186405181884703
5,19,qseq_a1e8b0d618f525ce,length_64_gap_16,-0.1746807098388671
5,19,qseq_8597a5fd74382a82,length_64_gap_16,-0.0097112655639648004
5,19,qseq_2317dd357fbf5323,length_64_gap_16,0.085888385772704995
5,19,qseq_44b93471651b7136,length_64_gap_16,0.36181116104125971
5,19,qseq_9936aeb4dac5517c,length_64_gap_16,-0.043931961059570299
5,19,qseq_4118977d719f3b17,length_64_gap_16,0.1605803966522216
5,19,qseq_622c80501e6559b9,length_64_gap_16,0.085963249206542899
5,19,qseq_995d48cc4618a5d7,length_64_gap_16,0.064571380615234306
5,19,qseq_2a1a4deb70ed1a8f,length_64_gap_16,0.12180328369140619
5,19,qseq_d83a3e748cb0801e,length_64_gap_16,-0.044452667236328097
22,4,qseq_00cb1c1a51bbd477,length_32_gap_8,0.89457321166992176
22,4,qseq_fdb0d02eb17a3ad5,length_32_gap_8,0.88894462585449208
22,4,qseq_0fb480259789823d,length_32_gap_8,0.76557445526123036
22,4,qseq_a2e6bd810032888a,length_32_gap_8,0.098199367523193304
22,4,qseq_5ce005c7be85e2b9,length_32_gap_8,0.081933021545410101
22,4,qseq_9c1391f827e05414,length_32_gap_8,0.522216796875
22,4,qseq_b5c59e25abaa4090,length_32_gap_8,0.056896924972534103
22,4,qseq_9aa233d4f18630ef,length_32_gap_8,0.98449182510375965
22,4,qseq_36581fc0e870746a,length_32_gap_8,0.72875308990478505
22,4,qseq_f1250fa423e1545e,length_32_gap_8,0.63175511360168446
22,4,qseq_82e41c38cbe9078a,length_32_gap_8,0.49019098281860352
22,4,qseq_d0b29249fa160784,length_32_gap_8,0.2469158172607421
22,4,qseq_05f13a28471ab531,length_32_gap_8,0.052167415618896401
22,4,qseq_f1b36b9fae18111b,length_32_gap_8,0.70493888854980458
22,4,qseq_83e6b8683b1256b2,length_32_gap_8,0.9642643928527832
22,4,qseq_67044cfad9f21ecb,length_32_gap_8,1.1246142387390137
22,4,qseq_70ea623170fa926c,length_32_gap_8,1.1638951301574707
22,4,qseq_5b73de916863d399,length_32_gap_8,0.75989723205566395
22,4,qseq_db732a487a875289,length_32_gap_8,0.79844284057617176
22,4,qseq_fd7563a3a3cec767,length_32_gap_8,1.056645393371582
22,4,qseq_d6183e1df454b220,length_32_gap_8,0.27101898193359369
22,4,qseq_1355795077be0f50,length_32_gap_8,0.34376192092895502
22,4,qseq_8b0497deeb8bcaef,length_32_gap_8,0.57525157928466786
22,4,qseq_1fb3a17d5dccef31,length_32_gap_8,0.51812648773193348
22,4,qseq_a17078d2a6b4b999,length_32_gap_8,0.26922082901000971
22,4,qseq_9e89898b6bb8b44e,length_32_gap_8,0.2115602493286132
22,4,qseq_52f1b1128f7f8827,length_32_gap_8,1.1242847442626951
22,4,qseq_d4bff5080bd4daa2,length_32_gap_8,0.32710981369018549
22,4,qseq_bc537eed9a30ad79,length_32_gap_8,0.35681009292602528
22,4,qseq_4e294cfbb31deac6,length_32_gap_8,0.50279808044433594
22,4,qseq_a9426dae73873222,length_32_gap_8,0.55932521820068348
22,4,qseq_84c7ecb2a5f6fb74,length_32_gap_8,0.12884783744812009
22,4,qseq_2232308bba387df3,length_32_gap_8,1.3434691429138184
22,4,qseq_c651ff600b8839df,length_32_gap_8,2.0830059051513672
22,4,qseq_bdd4291ac8449310,length_32_gap_8,1.0436229705810549
22,4,qseq_eee8756396fe6af2,length_32_gap_8,0.94042778015136719
22,4,qseq_d27c4368416fdc93,length_32_gap_8,0.13846397399902341
22,4,qseq_1bc3d720581f5d2b,length_32_gap_8,0.016032695770263599
22,4,qseq_d1b8220e931c7fd7,length_32_gap_8,0.6488652229309082
22,4,qseq_f3612a27015ba1ca,length_32_gap_8,0.2151308059692382
22,4,qseq_983999860e3f68fa,length_32_gap_8,2.0383996963500977
22,4,qseq_3cc6488c0780e435,length_32_gap_8,0.099458217620849595
22,4,qseq_896e75303fd36619,length_32_gap_8,2.2564325332641602
22,4,qseq_bb44694bf88faab7,length_32_gap_8,0.70302891731262196
22,4,qseq_676b73120ca2a061,length_32_gap_8,0.1647186279296875
22,4,qseq_03289c2c4536e699,length_32_gap_8,0.1516957283020019
22,4,qseq_62632b972840b049,length_32_gap_8,0.46939420700073242
22,4,qseq_f5d56d42459ee9bc,length_32_gap_8,1.0589137077331543
22,4,qseq_32bc0ad658c10a1c,length_32_gap_8,0.77074146270751953
22,4,qseq_4da58de5cf93ae4a,length_32_gap_8,0.71924781799316395
22,4,qseq_5e6685ba720055c7,length_32_gap_8,0.42727279663085932
22,4,qseq_2cfb75f54306c844,length_32_gap_8,1.3134088516235352
22,4,qseq_8345587890d3c14f,length_32_gap_8,0.83538436889648426
22,4,qseq_46afeffe5dd0d89f,length_32_gap_8,0.14285945892333979
22,4,qseq_b592f6abbb02f055,length_32_gap_8,0.064109802246093694
22,4,qseq_3d813b4e2f642750,length_32_gap_8,0.21714878082275391
22,4,qseq_c3ccf9967efbcd30,length_32_gap_8,0.36730384826660151
22,4,qseq_029bb1fad3e341b6,length_32_gap_8,1.2456660270690918
22,4,qseq_f0a1548c14cbff39,length_32_gap_8,0.84112644195556641
22,4,qseq_ce67b9d37322c254,length_32_gap_8,0.4181604385375976
22,4,qseq_1d5def43cbaaf204,length_32_gap_8,1.7064218521118164
22,4,qseq_ef053ee48a778a2d,length_32_gap_8,0.2931671142578125
22,4,qseq_aad6bf2a44151808,length_32_gap_8,0.80584716796875
22,4,qseq_8efc9f11c7cf051c,length_32_gap_8,0.98742389678955078
22,4,qseq_8e716ecd02e0f73a,length_32_gap_16,0.592987060546875
22,4,qseq_1595750272a9182b,length_32_gap_16,1.3208074569702148
22,4,qseq_bcb1e40d4e33a983,length_32_gap_16,0.32369613647460932
22,4,qseq_918b1e8c99f205fc,length_32_gap_16,2.0067276954650879
22,4,qseq_9bcb64e386770afd,length_32_gap_16,-0.0156402587890625
22,4,qseq_f308f77da35e5150,length_32_gap_16,1.0235528945922852
22,4,qseq_3d452bb0ed05ae44,length_32_gap_16,0.7706291675567627
22,4,qseq_5e121f37966766e3,length_32_gap_16,0.1714177131652832
22,4,qseq_7d05ec534f8e7970,length_32_gap_16,0.53782415390014637
22,4,qseq_1a641e032f933a96,length_32_gap_16,0.1209263801574707
22,4,qseq_afb04c9fd38b4a73,length_32_gap_16,0.31079387664794922
22,4,qseq_0a7044add0a71938,length_32_gap_16,0.22934913635253901
22,4,qseq_ad84a1c2bee1922b,length_32_gap_16,0.2152185440063476
22,4,qseq_0449b2f15993e9e3,length_32_gap_16,0.66223526000976562
22,4,qseq_e239bfe29ce1339d,length_32_gap_16,2.3281459808349609
22,4,qseq_1c01b2c0b82e7c86,length_32_gap_16,1.0971484184265137
22,4,qseq_5a6f346a0090499e,length_32_gap_16,1.174281120300293
22,4,qseq_23e29e93fa14dc22,length_32_gap_16,1.6655511856079102
22,4,qseq_aed28d8945a5fd51,length_32_gap_16,1.7665328979492188
22,4,qseq_64af7706440b2eb6,length_32_gap_16,0.85085964202880848
22,4,qseq_9b65b35ce09e05fc,length_32_gap_16,0.61136722564697255
22,4,qseq_9966ff37eb81ef5e,length_32_gap_16,0.17447471618652341
22,4,qseq_2f710e8798ec9e71,length_32_gap_16,0.83253192901611317
22,4,qseq_11b039baed6684b4,length_32_gap_16,1.4555501937866211
22,4,qseq_60e817fc1eb4a770,length_32_gap_16,1.6406140327453611
22,4,qseq_704ee3aa78d74315,length_32_gap_16,0.7220458984375
22,4,qseq_56aa2892fb9d4215,length_32_gap_16,0.67933940887451172
22,4,qseq_cfd0f3fa73dabac6,length_32_gap_16,0.30442571640014637
22,4,qseq_4d8b8abbf9e82df2,length_32_gap_16,0.93729019165039062
22,4,qseq_dc290e31b0f7fee9,length_32_gap_16,1.6835322380065918
22,4,qseq_d59e491f27122012,length_32_gap_16,0.98573827743530285
22,4,qseq_0d1644fe34089dc5,length_32_gap_16,1.0430574417114258
22,4,qseq_b0f1c882cbfc023b,length_32_gap_16,0.26440048217773432
22,4,qseq_ae326193ef533b6f,length_32_gap_16,0.63757181167602528
22,4,qseq_b90113f916a4ef25,length_32_gap_16,0.81625652313232422
22,4,qseq_47db8e82e82ab9ab,length_32_gap_16,1.6672139167785645
22,4,qseq_1bd1876170be1293,length_32_gap_16,0.57360744476318348
22,4,qseq_28a6625244b67550,length_32_gap_16,1.7589600086212158
22,4,qseq_0319d5aa3b7a2109,length_32_gap_16,1.5575957298278809
22,4,qseq_b4281d845cf8791c,length_32_gap_16,0.87272977828979492
22,4,qseq_eb72d6b6095aa9bf,length_32_gap_16,1.0286478996276855
22,4,qseq_2a530f25c94c88b0,length_32_gap_16,0.65232944488525391
22,4,qseq_b90ee294cda3f4ef,length_32_gap_16,1.2673144340515137
22,4,qseq_2194e53c28d8ac06,length_32_gap_16,0.62853431701660145
22,4,qseq_cd35a5d7a5f5a555,length_32_gap_16,1.0145301818847656
22,4,qseq_e3fd7e822923d545,length_32_gap_16,1.1945247650146484
22,4,qseq_3c1160a318793be3,length_32_gap_16,0.74327850341796875
22,4,qseq_a4167c2fe5df8c7f,length_32_gap_16,0.45130825042724598
22,4,qseq_fa6f788e8ca0ef62,length_32_gap_16,1.2275421619415283
22,4,qseq_98487b25edb3051f,length_32_gap_16,0.95400381088256836
22,4,qseq_1f823851ae16f13f,length_32_gap_16,0.60041475296020497
22,4,qseq_b190b48533f45a2c,length_32_gap_16,0.52718400955200195
22,4,qseq_63d72c96ef626e2d,length_32_gap_16,0.71226644515991211
22,4,qseq_a28e2ec155ecc582,length_32_gap_16,1.3796768188476562
22,4,qseq_eb02fc157dd74784,length_32_gap_16,0.58443164825439453
22,4,qseq_e887c4a51d9b260c,length_32_gap_16,2.4379862546920776
22,4,qseq_dee021939107fbde,length_32_gap_16,0.25900173187255848
22,4,qseq_affe6175ca94dda2,length_32_gap_16,0.21236228942871091
22,4,qseq_7be057ad143b9690,length_32_gap_16,1.0148138999938965
22,4,qseq_24f5b4f7f640338f,length_32_gap_16,0.59375
22,4,qseq_43ebed208484255f,length_32_gap_16,0.53660249710082997
22,4,qseq_c613b96c7912d379,length_32_gap_16,0.2395981550216674
22,4,qseq_7f5aade052d4177f,length_32_gap_16,0.71877193450927734
22,4,qseq_ee49c796752d8710,length_32_gap_16,0.83440494537353505
22,4,qseq_b3f568f628b46423,length_64_gap_8,0.34793853759765619
22,4,qseq_2fb25780aa1dbffa,length_64_gap_8,0.1246852874755859
22,4,qseq_fd1170e3dcd5f55e,length_64_gap_8,0.47146034240722651
22,4,qseq_24b25ead5a4620eb,length_64_gap_8,0.1430296897888183
22,4,qseq_4074ee710223309a,length_64_gap_8,0.81755971908569325
22,4,qseq_4279be38393632ff,length_64_gap_8,1.2497936487197876
22,4,qseq_a128a3ad062f254f,length_64_gap_8,0.68926191329956055
22,4,qseq_40546941dd2db2c4,length_64_gap_8,0.1951904296875
22,4,qseq_bd1d709ea9de2442,length_64_gap_8,0.55472207069396973
22,4,qseq_0701dad0bea1f82c,length_64_gap_8,1.4383046627044678
22,4,qseq_1922d44b2343c70a,length_64_gap_8,0.37271499633789062
22,4,qseq_730ee300e88dbdc9,length_64_gap_8,1.115725040435791
22,4,qseq_5b194ba92705c9b8,length_64_gap_8,0.3874669075012207
22,4,qseq_021ce8a6eb41287d,length_64_gap_8,0.76710820198059082
22,4,qseq_039bccf871e60190,length_64_gap_8,0.26926755905151362
22,4,qseq_c9895be6cd96e125,length_64_gap_8,0.76366615295410145
22,4,qseq_e517bd5620ecf760,length_64_gap_8,0.48250102996826172
22,4,qseq_05be70e9da000c21,length_64_gap_8,0.597320556640625
22,4,qseq_9e0484c8cf5ddfc6,length_64_gap_8,0.34531211853027338
22,4,qseq_d8653dab52d91576,length_64_gap_8,0.99765777587890625
22,4,qseq_7c7ae2fc6a76be76,length_64_gap_8,0.64678835868835438
22,4,qseq_eea059d57beab37f,length_64_gap_8,0.20833110809326169
22,4,qseq_8fee472e774e69bb,length_64_gap_8,0.58048415184020985
22,4,qseq_6a6e891f0af35a46,length_64_gap_8,0.74086380004882812
22,4,qseq_a6eb78d92d0c43ab,length_64_gap_8,0.3670282363891601
22,4,qseq_4eb4bdf24b06d78c,length_64_gap_8,0.3853602409362793
22,4,qseq_772ec14d440e73c4,length_64_gap_8,0.60287237167358387
22,4,qseq_c9795ce42618194e,length_64_gap_8,0.77407217025756825
22,4,qseq_ad3d3bcb9795d514,length_64_gap_8,0.54772603511810303
22,4,qseq_1e356400a385b9c8,length_64_gap_8,0.21304464340209961
22,4,qseq_200c199e7437db70,length_64_gap_8,0.31971836090087891
22,4,qseq_f93016a2d910f6d4,length_64_gap_8,0.78363132476806641
22,4,qseq_b26f645287ad75c3,length_64_gap_8,0.29654359817504877
22,4,qseq_5dbd77e6301a4d88,length_64_gap_8,0.43347263336181641
22,4,qseq_1f519fea8800a91a,length_64_gap_8,0.93391132354736317
22,4,qseq_c22690e962dda79a,length_64_gap_8,1.1967833042144775
22,4,qseq_aa1bf93acfa1394f,length_64_gap_8,0.8852543830871582
22,4,qseq_c7e2bf5dffccfdb4,length_64_gap_8,0.38368701934814448
22,4,qseq_f0b7c35e28157360,length_64_gap_8,0.33386135101318348
22,4,qseq_5b3541bc4ecd5520,length_64_gap_8,0.24092769622802729
22,4,qseq_51105068c69885d2,length_64_gap_8,0.83850562572479237
22,4,qseq_1fa7df7dac6c2475,length_64_gap_8,0.55219507217407215
22,4,qseq_1f17912f3d8f9da9,length_64_gap_8,0.34379386901855458
22,4,qseq_492ddced5e4b2559,length_64_gap_8,0.063217639923095703
22,4,qseq_131de4ffcd89e6e9,length_64_gap_8,0.58608412742614735
22,4,qseq_2eba76d2215c33b9,length_64_gap_8,-0.0077064037322998004
22,4,qseq_a1c3fb56cf8462bb,length_64_gap_8,0.71033883094787587
22,4,qseq_dcd58d81cb05e28d,length_64_gap_8,1.4856712818145752
22,4,qseq_6715416239d80838,length_64_gap_8,0.53526163101196278
22,4,qseq_8d499f91b4526a3a,length_64_gap_8,0.4445581436157226
22,4,qseq_587220b2bc085b31,length_64_gap_8,0.676025390625
22,4,qseq_69cc809df6a6f6c9,length_64_gap_8,2.0316147804260254
22,4,qseq_b92aea251b1eff2b,length_64_gap_8,0.54656410217285145
22,4,qseq_4f51e954884cdf48,length_64_gap_8,0.99509298801422119
22,4,qseq_fe9ddd894232689b,length_64_gap_8,1.2067010402679443
22,4,qseq_c12d62810ba631af,length_64_gap_8,0.91092157363891602
22,4,qseq_5e9dad96f848721b,length_64_gap_8,0.27584266662597651
22,4,qseq_32e4b0f9ec8b30ce,length_64_gap_8,0.95743656158447255
22,4,qseq_eab2e57f5041e3f9,length_64_gap_8,0.265625
22,4,qseq_845854475db5ae4a,length_64_gap_8,0.1797190904617309
22,4,qseq_8688a95186e10f9c,length_64_gap_8,0.46484947204589838
22,4,qseq_e8c2d067e77fc845,length_64_gap_8,0.28409051895141602
22,4,qseq_c0d3d38e8bedac65,length_64_gap_8,0.12688255310058591
22,4,qseq_84ff4fbaaa20d8cc,length_64_gap_8,0.8217310905456543
22,4,qseq_a0de254948a6e5bf,length_64_gap_16,0.67334938049316395
22,4,qseq_b0e4d687f94733dc,length_64_gap_16,0.42322063446044922
22,4,qseq_be52c9a76238a7d9,length_64_gap_16,0.30481410026550287
22,4,qseq_f37fbd079a3b6bde,length_64_gap_16,0.16064643859863281
22,4,qseq_ecccef08f74a0d62,length_64_gap_16,0.29845643043518061
22,4,qseq_3b5d281e4d3fc2c2,length_64_gap_16,0.49708175659179682
22,4,qseq_d1e08ad378e2d77d,length_64_gap_16,0.23622226715087891
22,4,qseq_7e4b4a517eef4bbc,length_64_gap_16,0.3622369766235351
22,4,qseq_8b91b6dc4c4ad5a7,length_64_gap_16,0.84171581268310536
22,4,qseq_61c50fa15c9aaf25,length_64_gap_16,0.59535789489746094
22,4,qseq_eb6a949eb0642356,length_64_gap_16,1.0588533878326416
22,4,qseq_ccbe5bac490d61b5,length_64_gap_16,0.55745220184326172
22,4,qseq_ae9e47b71d61c01f,length_64_gap_16,0.62641763687133778
22,4,qseq_c423f0620a3bd358,length_64_gap_16,0.38622152805328358
22,4,qseq_b7edc17d7108c749,length_64_gap_16,0.36690330505371088
22,4,qseq_c0b98a93360f9565,length_64_gap_16,0.55593776702880848
22,4,qseq_b6de0520ecba0cb7,length_64_gap_16,0.4688262939453125
22,4,qseq_adc73ff9cfa008e2,length_64_gap_16,0.33995532989501948
22,4,qseq_2940a4d578561754,length_64_gap_16,0.17454671859741211
22,4,qseq_30994fe2dabf428d,length_64_gap_16,0.25758075714111323
22,4,qseq_949a4801d597a033,length_64_gap_16,1.5448355674743652
22,4,qseq_c5b16a3541c1277e,length_64_gap_16,0.38194131851196278
22,4,qseq_9431506847fefb45,length_64_gap_16,0.5536189079284668
22,4,qseq_5c36d742824efa4b,length_64_gap_16,0.6869206428527832
22,4,qseq_05d8cddf3ea281a9,length_64_gap_16,1.6880736351013184
22,4,qseq_f17674cc4392f3bf,length_64_gap_16,1.8699171543121336
22,4,qseq_382e6ced8b87a663,length_64_gap_16,0.31364333629608149
22,4,qseq_fe5cd0e334e253c1,length_64_gap_16,2.1066703796386719
22,4,qseq_b417731b953269a4,length_64_gap_16,0.92080307006835915
22,4,qseq_450cbb29b12c67b7,length_64_gap_16,0.66367340087890625
22,4,qseq_a30ec5f4c977bbc8,length_64_gap_16,0.1788103580474853
22,4,qseq_f52fc5c697a8e7f5,length_64_gap_16,0.44621086120605458
22,4,qseq_396aff10bb95400f,length_64_gap_16,0.38371801376342768
22,4,qseq_82c1df8241dca3cf,length_64_gap_16,0.58504867553710926
22,4,qseq_204175b8e8f592ff,length_64_gap_16,0.4051823616027832
22,4,qseq_b7054e022b918880,length_64_gap_16,0.44123077392578119
22,4,qseq_ba8a8e9d30f030c0,length_64_gap_16,0.20058727264404291
22,4,qseq_57bd27a9adf994ef,length_64_gap_16,0.094822645187377902
22,4,qseq_df9ba99fcdbb78f6,length_64_gap_16,0.50079631805419922
22,4,qseq_c7f36be3fc9142a4,length_64_gap_16,0.28683233261108387
22,4,qseq_bb25837841d78095,length_64_gap_16,0.85725307464599598
22,4,qseq_89060805f114dcc8,length_64_gap_16,0.82550549507141113
22,4,qseq_cfce5ff0ec658964,length_64_gap_16,0.51887416839599598
22,4,qseq_84f8cb3faeb6a744,length_64_gap_16,0.9556124210357666
22,4,qseq_42c429c411c30673,length_64_gap_16,3.4965574741363525
22,4,qseq_1d8ea3a6efaf9fab,length_64_gap_16,1.2537848949432373
22,4,qseq_a1e47f7cb49b58b7,length_64_gap_16,0.83695602416992176
22,4,qseq_75975c5fcfe56f9f,length_64_gap_16,0.85043525695800781
22,4,qseq_8a0db1772110a4a8,length_64_gap_16,0.51159143447875965
22,4,qseq_5f7ce90f26f794f5,length_64_gap_16,0.43585300445556641
22,4,qseq_f2f94c41d471f1c4,length_64_gap_16,0.93264675140380837
22,4,qseq_d57f36c4148c49c6,length_64_gap_16,0.78311538696289062
22,4,qseq_fdf96662daefa822,length_64_gap_16,0.41403579711914062
22,4,qseq_4b71f66c27222d97,length_64_gap_16,1.0960235595703125
22,4,qseq_a1e8b0d618f525ce,length_64_gap_16,0.37461566925048823
22,4,qseq_8597a5fd74382a82,length_64_gap_16,1.6842126846313477
22,4,qseq_2317dd357fbf5323,length_64_gap_16,0.6024622917175293
22,4,qseq_44b93471651b7136,length_64_gap_16,1.309523344039917
22,4,qseq_9936aeb4dac5517c,length_64_gap_16,0.72434329986572255
22,4,qseq_4118977d719f3b17,length_64_gap_16,0.87184715270996094
22,4,qseq_622c80501e6559b9,length_64_gap_16,0.1247048377990722
22,4,qseq_995d48cc4618a5d7,length_64_gap_16,0.70528888702392567
22,4,qseq_2a1a4deb70ed1a8f,length_64_gap_16,0.56953811645507812
22,4,qseq_d83a3e748cb0801e,length_64_gap_16,0.10111618041992181
17,8,qseq_00cb1c1a51bbd477,length_32_gap_8,-0.0228998661041259
17,8,qseq_fdb0d02eb17a3ad5,length_32_gap_8,-0.1416559219360351
17,8,qseq_0fb480259789823d,length_32_gap_8,-0.210968017578125
17,8,qseq_a2e6bd810032888a,length_32_gap_8,0.12847900390625
17,8,qseq_5ce005c7be85e2b9,length_32_gap_8,-0.1458103656768798
17,8,qseq_9c1391f827e05414,length_32_gap_8,0.29053497314453119
17,8,qseq_b5c59e25abaa4090,length_32_gap_8,-0.1393320560455322
17,8,qseq_9aa233d4f18630ef,length_32_gap_8,0.39228296279907221
17,8,qseq_36581fc0e870746a,length_32_gap_8,-0.054076194763183497
17,8,qseq_f1250fa423e1545e,length_32_gap_8,-0.010652065277099601
17,8,qseq_82e41c38cbe9078a,length_32_gap_8,-0.38110876083374018
17,8,qseq_d0b29249fa160784,length_32_gap_8,-0.29644584655761708
17,8,qseq_05f13a28471ab531,length_32_gap_8,-0.21791744232177729
17,8,qseq_f1b36b9fae18111b,length_32_gap_8,-0.1074390411376953
17,8,qseq_83e6b8683b1256b2,length_32_gap_8,-0.19422340393066401
17,8,qseq_67044cfad9f21ecb,length_32_gap_8,-0.062163352966308497
17,8,qseq_70ea623170fa926c,length_32_gap_8,0.36783313751220698
17,8,qseq_5b73de916863d399,length_32_gap_8,-0.029263496398925701
17,8,qseq_db732a487a875289,length_32_gap_8,-0.094024658203125
17,8,qseq_fd7563a3a3cec767,length_32_gap_8,0.091860771179199205
17,8,qseq_d6183e1df454b220,length_32_gap_8,0.76999759674072255
17,8,qseq_1355795077be0f50,length_32_gap_8,-0.062488079071044901
17,8,qseq_8b0497deeb8bcaef,length_32_gap_8,-0.1023378372192382
17,8,qseq_1fb3a17d5dccef31,length_32_gap_8,-0.1229114532470703
17,8,qseq_a17078d2a6b4b999,length_32_gap_8,-0.22316932678222651
17,8,qseq_9e89898b6bb8b44e,length_32_gap_8,0.010900497436523399
17,8,qseq_52f1b1128f7f8827,length_32_gap_8,0.74947023391723633
17,8,qseq_d4bff5080bd4daa2,length_32_gap_8,0.11043930053710931
17,8,qseq_bc537eed9a30ad79,length_32_gap_8,-0.0195002555847167
17,8,qseq_4e294cfbb31deac6,length_32_gap_8,-0.098680496215820299
17,8,qseq_a9426dae73873222,length_32_gap_8,-0.18949484825134269
17,8,qseq_84c7ecb2a5f6fb74,length_32_gap_8,-0.15746665000915519
17,8,qseq_2232308bba387df3,length_32_gap_8,-0.35799837112426752
17,8,qseq_c651ff600b8839df,length_32_gap_8,0.095680236816406194
17,8,qseq_bdd4291ac8449310,length_32_gap_8,-0.018897056579589799
17,8,qseq_eee8756396fe6af2,length_32_gap_8,0.054167747497558497
17,8,qseq_d27c4368416fdc93,length_32_gap_8,0.0089702606201171008
17,8,qseq_1bc3d720581f5d2b,length_32_gap_8,0.015711784362792899
17,8,qseq_d1b8220e931c7fd7,length_32_gap_8,0.053706169128417899
17,8,qseq_f3612a27015ba1ca,length_32_gap_8,-0.17140293121337891
17,8,qseq_983999860e3f68fa,length_32_gap_8,-0.43099188804626459
17,8,qseq_3cc6488c0780e435,length_32_gap_8,-0.12894868850707999
17,8,qseq_896e75303fd36619,length_32_gap_8,0.63155889511108387
17,8,qseq_bb44694bf88faab7,length_32_gap_8,0.046830654144287102
17,8,qseq_676b73120ca2a061,length_32_gap_8,-0.19323158264160151
17,8,qseq_03289c2c4536e699,length_32_gap_8,-0.0425894260406494
17,8,qseq_62632b972840b049,length_32_gap_8,-0.16169357299804679
17,8,qseq_f5d56d42459ee9bc,length_32_gap_8,-0.075160026550292899
17,8,qseq_32bc0ad658c10a1c,length_32_gap_8,-0.32873249053955073
17,8,qseq_4da58de5cf93ae4a,length_32_gap_8,-0.1786022186279296
17,8,qseq_5e6685ba720055c7,length_32_gap_8,-0.2086114883422851
17,8,qseq_2cfb75f54306c844,length_32_gap_8,-0.77473163604736317
17,8,qseq_8345587890d3c14f,length_32_gap_8,0.075743675231933497
17,8,qseq_46afeffe5dd0d89f,length_32_gap_8,-0.21875
17,8,qseq_b592f6abbb02f055,length_32_gap_8,0.0392136573791503
17,8,qseq_3d813b4e2f642750,length_32_gap_8,0.062687873840332003
17,8,qseq_c3ccf9967efbcd30,length_32_gap_8,0.15101051330566401
17,8,qseq_029bb1fad3e341b6,length_32_gap_8,-0.1037611961364746
17,8,qseq_f0a1548c14cbff39,length_32_gap_8,-0.0188193321228027
17,8,qseq_ce67b9d37322c254,length_32_gap_8,-0.29569578170776362
17,8,qseq_1d5def43cbaaf204,length_32_gap_8,0.12200784683227529
17,8,qseq_ef053ee48a778a2d,length_32_gap_8,-0.4129571914672851
17,8,qseq_aad6bf2a44151808,length_32_gap_8,-0.038706779479980399
17,8,qseq_8efc9f11c7cf051c,length_32_gap_8,0.44404029846191401
17,8,qseq_8e716ecd02e0f73a,length_32_gap_16,0.14184761047363281
17,8,qseq_1595750272a9182b,length_32_gap_16,0.019793510437011701
17,8,qseq_bcb1e40d4e33a983,length_32_gap_16,-0.054357528686523403
17,8,qseq_918b1e8c99f205fc,length_32_gap_16,0.25596284866333002
17,8,qseq_9bcb64e386770afd,length_32_gap_16,0.23857402801513669
17,8,qseq_f308f77da35e5150,length_32_gap_16,0.19423198699951169
17,8,qseq_3d452bb0ed05ae44,length_32_gap_16,-0.00044035911560050001
17,8,qseq_5e121f37966766e3,length_32_gap_16,0.15470123291015619
17,8,qseq_7d05ec534f8e7970,length_32_gap_16,0.0121917724609375
17,8,qseq_1a641e032f933a96,length_32_gap_16,-0.2029242515563964
17,8,qseq_afb04c9fd38b4a73,length_32_gap_16,0.40337371826171869
17,8,qseq_0a7044add0a71938,length_32_gap_16,0.10211181640625
17,8,qseq_ad84a1c2bee1922b,length_32_gap_16,0.12650060653686521
17,8,qseq_0449b2f15993e9e3,length_32_gap_16,-0.080105781555175698
17,8,qseq_e239bfe29ce1339d,length_32_gap_16,0.59402751922607422
17,8,qseq_1c01b2c0b82e7c86,length_32_gap_16,0.31113862991333002
17,8,qseq_5a6f346a0090499e,length_32_gap_16,0.081511497497558497
17,8,qseq_23e29e93fa14dc22,length_32_gap_16,0.14757823944091791
17,8,qseq_aed28d8945a5fd51,length_32_gap_16,0.74315834045410145
17,8,qseq_64af7706440b2eb6,length_32_gap_16,0.2486543655395507
17,8,qseq_9b65b35ce09e05fc,length_32_gap_16,-0.1015224456787109
17,8,qseq_9966ff37eb81ef5e,length_32_gap_16,-0.051539421081542899
17,8,qseq_2f710e8798ec9e71,length_32_gap_16,0.078125
17,8,qseq_11b039baed6684b4,length_32_gap_16,0.40117454528808588
17,8,qseq_60e817fc1eb4a770,length_32_gap_16,-0.48438596725463862
17,8,qseq_704ee3aa78d74315,length_32_gap_16,-0.075665950775146401
17,8,qseq_56aa2892fb9d4215,length_32_gap_16,-0.081360816955566406
17,8,qseq_cfd0f3fa73dabac6,length_32_gap_16,-0.0161881446838378
17,8,qseq_4d8b8abbf9e82df2,length_32_gap_16,0.16460704803466791
17,8,qseq_dc290e31b0f7fee9,length_32_gap_16,0.226109504699707
17,8,qseq_d59e491f27122012,length_32_gap_16,-0.10453891754150391
17,8,qseq_0d1644fe34089dc5,length_32_gap_16,0.72647666931152344
17,8,qseq_b0f1c882cbfc023b,length_32_gap_16,0.040830612182617097
17,8,qseq_ae326193ef533b6f,length_32_gap_16,0.080443382263183497
17,8,qseq_b90113f916a4ef25,length_32_gap_16,-0.1615686416625976
17,8,qseq_47db8e82e82ab9ab,length_32_gap_16,-0.51520109176635742
17,8,qseq_1bd1876170be1293,length_32_gap_16,-0.084756851196288993
17,8,qseq_28a6625244b67550,length_32_gap_16,0.059081315994262598
17,8,qseq_0319d5aa3b7a2109,length_32_gap_16,0.26964187622070312
17,8,qseq_b4281d845cf8791c,length_32_gap_16,0.093122005462646401
17,8,qseq_eb72d6b6095aa9bf,length_32_gap_16,0.029711723327636701
17,8,qseq_2a530f25c94c88b0,length_32_gap_16,0.16895484924316401
17,8,qseq_b90ee294cda3f4ef,length_32_gap_16,-0.33095121383666992
17,8,qseq_2194e53c28d8ac06,length_32_gap_16,0.061328887939453097
17,8,qseq_cd35a5d7a5f5a555,length_32_gap_16,-0.30515098571777338
17,8,qseq_e3fd7e822923d545,length_32_gap_16,-0.26659727096557612
17,8,qseq_3c1160a318793be3,length_32_gap_16,0.92661762237548817
17,8,qseq_a4167c2fe5df8c7f,length_32_gap_16,-0.1173763275146484
17,8,qseq_fa6f788e8ca0ef62,length_32_gap_16,-0.23797225952148429
17,8,qseq_98487b25edb3051f,length_32_gap_16,-0.22580289840698239
17,8,qseq_1f823851ae16f13f,length_32_gap_16,0.0063762664794920999
17,8,qseq_b190b48533f45a2c,length_32_gap_16,0.15514183044433591
17,8,qseq_63d72c96ef626e2d,length_32_gap_16,0.1787614822387695
17,8,qseq_a28e2ec155ecc582,length_32_gap_16,-0.158203125
17,8,qseq_eb02fc157dd74784,length_32_gap_16,-0.32206439971923823
17,8,qseq_e887c4a51d9b260c,length_32_gap_16,0.1684117317199707
17,8,qseq_dee021939107fbde,length_32_gap_16,-0.43641328811645502
17,8,qseq_affe6175ca94dda2,length_32_gap_16,-0.1094708442687988
17,8,qseq_7be057ad143b9690,length_32_gap_16,-0.15625
17,8,qseq_24f5b4f7f640338f,length_32_gap_16,-0.23666286468505851
17,8,qseq_43ebed208484255f,length_32_gap_16,0.0323028564453125
17,8,qseq_c613b96c7912d379,length_32_gap_16,0.0046975612640380001
17,8,qseq_7f5aade052d4177f,length_32_gap_16,0.12502193450927729
17,8,qseq_ee49c796752d8710,length_32_gap_16,0.79719662666320801
17,8,qseq_b3f568f628b46423,length_64_gap_8,-0.0070075988769530998
17,8,qseq_2fb25780aa1dbffa,length_64_gap_8,0.079119682312011705
17,8,qseq_fd1170e3dcd5f55e,length_64_gap_8,-0.1097164154052734
17,8,qseq_24b25ead5a4620eb,length_64_gap_8,0.1076703071594238
17,8,qseq_4074ee710223309a,length_64_gap_8,-0.34626197814941401
17,8,qseq_4279be38393632ff,length_64_gap_8,-0.1242387294769287
17,8,qseq_a128a3ad062f254f,length_64_gap_8,0.30634284019470209
17,8,qseq_40546941dd2db2c4,length_64_gap_8,0.031158447265625
17,8,qseq_bd1d709ea9de2442,length_64_gap_8,-0.2638788223266601
17,8,qseq_0701dad0bea1f82c,length_64_gap_8,-0.5381019115447998
17,8,qseq_1922d44b2343c70a,length_64_gap_8,0.015879631042480399
17,8,qseq_730ee300e88dbdc9,length_64_gap_8,1.2321373224258425
17,8,qseq_5b194ba92705c9b8,length_64_gap_8,-0.24423480033874509
17,8,qseq_021ce8a6eb41287d,length_64_gap_8,-0.061920166015625
17,8,qseq_039bccf871e60190,length_64_gap_8,-0.1240012645721435
17,8,qseq_c9895be6cd96e125,length_64_gap_8,-0.033172607421875
17,8,qseq_e517bd5620ecf760,length_64_gap_8,0.28876018524169922
17,8,qseq_05be70e9da000c21,length_64_gap_8,0.56544399261474598
17,8,qseq_9e0484c8cf5ddfc6,length_64_gap_8,0.15478038787841791
17,8,qseq_d8653dab52d91576,length_64_gap_8,0.063935279846191406
17,8,qseq_7c7ae2fc6a76be76,length_64_gap_8,0.027749061584472601
17,8,qseq_eea059d57beab37f,length_64_gap_8,-0.044793128967285101
17,8,qseq_8fee472e774e69bb,length_64_gap_8,-0.50081324577331543
17,8,qseq_6a6e891f0af35a46,length_64_gap_8,-0.41772556304931641
17,8,qseq_a6eb78d92d0c43ab,length_64_gap_8,0.10264682769775391
17,8,qseq_4eb4bdf24b06d78c,length_64_gap_8,-0.24677944183349601
17,8,qseq_772ec14d440e73c4,length_64_gap_8,0.52340579032897938
17,8,qseq_c9795ce42618194e,length_64_gap_8,-0.029083251953125
17,8,qseq_ad3d3bcb9795d514,length_64_gap_8,0.043243169784545801
17,8,qseq_1e356400a385b9c8,length_64_gap_8,-0.11117410659790029
17,8,qseq_200c199e7437db70,length_64_gap_8,0.48360919952392573
17,8,qseq_f93016a2d910f6d4,length_64_gap_8,-0.0645899772644042
17,8,qseq_b26f645287ad75c3,length_64_gap_8,0.020595073699951099
17,8,qseq_5dbd77e6301a4d88,length_64_gap_8,-0.26590442657470698
17,8,qseq_1f519fea8800a91a,length_64_gap_8,-0.20326519012451169
17,8,qseq_c22690e962dda79a,length_64_gap_8,0.045243978500366197
17,8,qseq_aa1bf93acfa1394f,length_64_gap_8,0.5011298656463623
17,8,qseq_c7e2bf5dffccfdb4,length_64_gap_8,-0.15651130676269531
17,8,qseq_f0b7c35e28157360,length_64_gap_8,0.1304445266723632
17,8,qseq_5b3541bc4ecd5520,length_64_gap_8,-0.25969505310058588
17,8,qseq_51105068c69885d2,length_64_gap_8,-0.238983154296875
17,8,qseq_1fa7df7dac6c2475,length_64_gap_8,0.090185165405273396
17,8,qseq_1f17912f3d8f9da9,length_64_gap_8,-0.5
17,8,qseq_492ddced5e4b2559,length_64_gap_8,-0.00023174285888669999
17,8,qseq_131de4ffcd89e6e9,length_64_gap_8,0.081918954849243095
17,8,qseq_2eba76d2215c33b9,length_64_gap_8,0.0421564579010009
17,8,qseq_a1c3fb56cf8462bb,length_64_gap_8,-0.23867011070251459
17,8,qseq_dcd58d81cb05e28d,length_64_gap_8,-0.18730044364929191
17,8,qseq_6715416239d80838,length_64_gap_8,0.31679058074951172
17,8,qseq_8d499f91b4526a3a,length_64_gap_8,0.49966716766357422
17,8,qseq_587220b2bc085b31,length_64_gap_8,-0.40736818313598627
17,8,qseq_69cc809df6a6f6c9,length_64_gap_8,-0.29993343353271479
17,8,qseq_b92aea251b1eff2b,length_64_gap_8,-0.1875
17,8,qseq_4f51e954884cdf48,length_64_gap_8,0.060159683227539
17,8,qseq_fe9ddd894232689b,length_64_gap_8,-0.044654130935668897
17,8,qseq_c12d62810ba631af,length_64_gap_8,-0.17398643493652341
17,8,qseq_5e9dad96f848721b,length_64_gap_8,-0.30161237716674799
17,8,qseq_32e4b0f9ec8b30ce,length_64_gap_8,0.1043939590454101
17,8,qseq_eab2e57f5041e3f9,length_64_gap_8,0.0625
17,8,qseq_845854475db5ae4a,length_64_gap_8,-0.041584014892578097
17,8,qseq_8688a95186e10f9c,length_64_gap_8,-0.47142457962036127
17,8,qseq_e8c2d067e77fc845,length_64_gap_8,-0.016457319259643499
17,8,qseq_c0d3d38e8bedac65,length_64_gap_8,0.024450302124023399
17,8,qseq_84ff4fbaaa20d8cc,length_64_gap_8,0.0447592735290527
17,8,qseq_a0de254948a6e5bf,length_64_gap_16,-0.28959131240844721
17,8,qseq_b0e4d687f94733dc,length_64_gap_16,0.019287824630737301
17,8,qseq_be52c9a76238a7d9,length_64_gap_16,0.1391446590423584
17,8,qseq_f37fbd079a3b6bde,length_64_gap_16,-0.034922122955322203
17,8,qseq_ecccef08f74a0d62,length_64_gap_16,-0.34148001670837402
17,8,qseq_3b5d281e4d3fc2c2,length_64_gap_16,0.059160232543945299
17,8,qseq_d1e08ad378e2d77d,length_64_gap_16,-0.36581945419311518
17,8,qseq_7e4b4a517eef4bbc,length_64_gap_16,0.2515108585357666
17,8,qseq_8b91b6dc4c4ad5a7,length_64_gap_16,-0.081952571868896401
17,8,qseq_61c50fa15c9aaf25,length_64_gap_16,-0.32796096801757812
17,8,qseq_eb6a949eb0642356,length_64_gap_16,-0.12567853927612299
17,8,qseq_ccbe5bac490d61b5,length_64_gap_16,-0.1075935363769531
17,8,qseq_ae9e47b71d61c01f,length_64_gap_16,0.67940521240234375
17,8,qseq_c423f0620a3bd358,length_64_gap_16,-0.15193676948547361
17,8,qseq_b7edc17d7108c749,length_64_gap_16,-0.048921585083007799
17,8,qseq_c0b98a93360f9565,length_64_gap_16,-0.19473934173583979
17,8,qseq_b6de0520ecba0cb7,length_64_gap_16,-0.062345504760742097
17,8,qseq_adc73ff9cfa008e2,length_64_gap_16,-0.15439605712890619
17,8,qseq_2940a4d578561754,length_64_gap_16,-0.16544961929321281
17,8,qseq_30994fe2dabf428d,length_64_gap_16,-0.16608333587646479
17,8,qseq_949a4801d597a033,length_64_gap_16,-0.21037197113037101
17,8,qseq_c5b16a3541c1277e,length_64_gap_16,0.0016360282897949
17,8,qseq_9431506847fefb45,length_64_gap_16,-0.1015625
17,8,qseq_5c36d742824efa4b,length_64_gap_16,-0.34863662719726562
17,8,qseq_05d8cddf3ea281a9,length_64_gap_16,0.35907316207885742
17,8,qseq_f17674cc4392f3bf,length_64_gap_16,0.49936676025390619
17,8,qseq_382e6ced8b87a663,length_64_gap_16,-0.074107050895690904
17,8,qseq_fe5cd0e334e253c1,length_64_gap_16,0.50670742988586415
17,8,qseq_b417731b953269a4,length_64_gap_16,0.1741876602172851
17,8,qseq_450cbb29b12c67b7,length_64_gap_16,0.078722000122070299
17,8,qseq_a30ec5f4c977bbc8,length_64_gap_16,-0.074167728424072196
17,8,qseq_f52fc5c697a8e7f5,length_64_gap_16,0.24615478515625
17,8,qseq_396aff10bb95400f,length_64_gap_16,-0.14117336273193351
17,8,qseq_82c1df8241dca3cf,length_64_gap_16,-0.023649215698242101
17,8,qseq_204175b8e8f592ff,length_64_gap_16,-0.18777704238891599
17,8,qseq_b7054e022b918880,length_64_gap_16,0.1095733642578125
17,8,qseq_ba8a8e9d30f030c0,length_64_gap_16,0.044336795806884703
17,8,qseq_57bd27a9adf994ef,length_64_gap_16,-0.1152276992797851
17,8,qseq_df9ba99fcdbb78f6,length_64_gap_16,-0.090633392333984306
17,8,qseq_c7f36be3fc9142a4,length_64_gap_16,-0.2264227867126464
17,8,qseq_bb25837841d78095,length_64_gap_16,-0.2447142601013183
17,8,qseq_89060805f114dcc8,length_64_gap_16,-0.030479907989501901
17,8,qseq_cfce5ff0ec658964,length_64_gap_16,-0.36442708969116211
17,8,qseq_84f8cb3faeb6a744,length_64_gap_16,-0.15671348571777341
17,8,qseq_42c429c411c30673,length_64_gap_16,-0.0432281494140625
17,8,qseq_1d8ea3a6efaf9fab,length_64_gap_16,-0.0079624652862547995
17,8,qseq_a1e47f7cb49b58b7,length_64_gap_16,0.2338647842407226
17,8,qseq_75975c5fcfe56f9f,length_64_gap_16,-0.10499191284179681
17,8,qseq_8a0db1772110a4a8,length_64_gap_16,-0.18560028076171869
17,8,qseq_5f7ce90f26f794f5,length_64_gap_16,-0.044479846954345703
17,8,qseq_f2f94c41d471f1c4,length_64_gap_16,-0.1746034622192382
17,8,qseq_d57f36c4148c49c6,length_64_gap_16,-0.1784663200378418
17,8,qseq_fdf96662daefa822,length_64_gap_16,-0.28951644897460932
17,8,qseq_4b71f66c27222d97,length_64_gap_16,-0.15025615692138669
17,8,qseq_a1e8b0d618f525ce,length_64_gap_16,0.025279998779296799
17,8,qseq_8597a5fd74382a82,length_64_gap_16,-0.175567626953125
17,8,qseq_2317dd357fbf5323,length_64_gap_16,-0.1094732284545898
17,8,qseq_44b93471651b7136,length_64_gap_16,0.095761775970458901
17,8,qseq_9936aeb4dac5517c,length_64_gap_16,-0.0843048095703125
17,8,qseq_4118977d719f3b17,length_64_gap_16,-0.25404620170593262
17,8,qseq_622c80501e6559b9,length_64_gap_16,-0.0235638618469238
17,8,qseq_995d48cc4618a5d7,length_64_gap_16,0.039071083068847601
17,8,qseq_2a1a4deb70ed1a8f,length_64_gap_16,0.33856105804443348
17,8,qseq_d83a3e748cb0801e,length_64_gap_16,0.040269851684570299
14,2,qseq_00cb1c1a51bbd477,length_32_gap_8,-0.042318105697631801
14,2,qseq_fdb0d02eb17a3ad5,length_32_gap_8,-0.035350799560546799
14,2,qseq_0fb480259789823d,length_32_gap_8,0.125732421875
14,2,qseq_a2e6bd810032888a,length_32_gap_8,-0.056070804595947203
14,2,qseq_5ce005c7be85e2b9,length_32_gap_8,0.026171684265136701
14,2,qseq_9c1391f827e05414,length_32_gap_8,0.11605930328369141
14,2,qseq_b5c59e25abaa4090,length_32_gap_8,0.0039248466491699002
14,2,qseq_9aa233d4f18630ef,length_32_gap_8,0.125
14,2,qseq_36581fc0e870746a,length_32_gap_8,0.00058364868164059995
14,2,qseq_f1250fa423e1545e,length_32_gap_8,-0.0516963005065917
14,2,qseq_82e41c38cbe9078a,length_32_gap_8,-0.034175395965576102
14,2,qseq_d0b29249fa160784,length_32_gap_8,-0.1443829536437988
14,2,qseq_05f13a28471ab531,length_32_gap_8,0.077042579650878906
14,2,qseq_f1b36b9fae18111b,length_32_gap_8,0.27268457412719721
14,2,qseq_83e6b8683b1256b2,length_32_gap_8,0.194000244140625
14,2,qseq_67044cfad9f21ecb,length_32_gap_8,0.0624585151672363
14,2,qseq_70ea623170fa926c,length_32_gap_8,-0.039328098297119099
14,2,qseq_5b73de916863d399,length_32_gap_8,0.0610547065734863
14,2,qseq_db732a487a875289,length_32_gap_8,0.077718734741210896
14,2,qseq_fd7563a3a3cec767,length_32_gap_8,-0.148716926574707
14,2,qseq_d6183e1df454b220,length_32_gap_8,0.22607612609863281
14,2,qseq_1355795077be0f50,length_32_gap_8,-0.015627861022949201
14,2,qseq_8b0497deeb8bcaef,length_32_gap_8,0.14927577972412101
14,2,qseq_1fb3a17d5dccef31,length_32_gap_8,-0.015625
14,2,qseq_a17078d2a6b4b999,length_32_gap_8,0.042778968811035101
14,2,qseq_9e89898b6bb8b44e,length_32_gap_8,0.073400497436523396
14,2,qseq_52f1b1128f7f8827,length_32_gap_8,-0.062619209289550698
14,2,qseq_d4bff5080bd4daa2,length_32_gap_8,-0.0308780670166015
14,2,qseq_bc537eed9a30ad79,length_32_gap_8,0.0625
14,2,qseq_4e294cfbb31deac6,length_32_gap_8,0.0207157135009765
14,2,qseq_a9426dae73873222,length_32_gap_8,0.095371007919311496
14,2,qseq_84c7ecb2a5f6fb74,length_32_gap_8,0.046369314193725503
14,2,qseq_2232308bba387df3,length_32_gap_8,-0.039944171905517502
14,2,qseq_c651ff600b8839df,length_32_gap_8,0.017555236816406201
14,2,qseq_bdd4291ac8449310,length_32_gap_8,0.032433509826660101
14,2,qseq_eee8756396fe6af2,length_32_gap_8,-0.1468133926391601
14,2,qseq_d27c4368416fdc93,length_32_gap_8,-0.032724380493164
14,2,qseq_1bc3d720581f5d2b,length_32_gap_8,0.18764686584472651
14,2,qseq_d1b8220e931c7fd7,length_32_gap_8,0.098412990570068304
14,2,qseq_f3612a27015ba1ca,length_32_gap_8,0.14144039154052729
14,2,qseq_983999860e3f68fa,length_32_gap_8,-0.093107461929321206
14,2,qseq_3cc6488c0780e435,length_32_gap_8,-0.0546875
14,2,qseq_896e75303fd36619,length_32_gap_8,0.0130338668823242
14,2,qseq_bb44694bf88faab7,length_32_gap_8,-0.1093401908874511
14,2,qseq_676b73120ca2a061,length_32_gap_8,0.054779052734375
14,2,qseq_03289c2c4536e699,length_32_gap_8,-0.097206115722656194
14,2,qseq_62632b972840b049,length_32_gap_8,0.0598697662353515
14,2,qseq_f5d56d42459ee9bc,length_32_gap_8,-0.1102166175842285
14,2,qseq_32bc0ad658c10a1c,length_32_gap_8,-0.044219017028808497
14,2,qseq_4da58de5cf93ae4a,length_32_gap_8,0.083456039428710896
14,2,qseq_5e6685ba720055c7,length_32_gap_8,-0.044736862182617097
14,2,qseq_2cfb75f54306c844,length_32_gap_8,-0.048338890075683497
14,2,qseq_8345587890d3c14f,length_32_gap_8,-0.2458314895629882
14,2,qseq_46afeffe5dd0d89f,length_32_gap_8,0.22108650207519531
14,2,qseq_b592f6abbb02f055,length_32_gap_8,0.080801963806152302
14,2,qseq_3d813b4e2f642750,length_32_gap_8,0.17396450042724601
14,2,qseq_c3ccf9967efbcd30,length_32_gap_8,0.022700786590576099
14,2,qseq_029bb1fad3e341b6,length_32_gap_8,-0.00042963027954100001
14,2,qseq_f0a1548c14cbff39,length_32_gap_8,0.065562248229980399
14,2,qseq_ce67b9d37322c254,length_32_gap_8,0.040911197662353502
14,2,qseq_1d5def43cbaaf204,length_32_gap_8,-0.0157113075256347
14,2,qseq_ef053ee48a778a2d,length_32_gap_8,0.048223495483398403
14,2,qseq_aad6bf2a44151808,length_32_gap_8,0.064342498779296806
14,2,qseq_8efc9f11c7cf051c,length_32_gap_8,0.0256948471069335
14,2,qseq_8e716ecd02e0f73a,length_32_gap_16,0.068486213684082003
14,2,qseq_1595750272a9182b,length_32_gap_16,-0.03125
14,2,qseq_bcb1e40d4e33a983,length_32_gap_16,0.0625
14,2,qseq_918b1e8c99f205fc,length_32_gap_16,-0.27609348297119141
14,2,qseq_9bcb64e386770afd,length_32_gap_16,0.026835441589355399
14,2,qseq_f308f77da35e5150,length_32_gap_16,0
14,2,qseq_3d452bb0ed05ae44,length_32_gap_16,-0.0237822532653808
14,2,qseq_5e121f37966766e3,length_32_gap_16,0.033114194869995103
14,2,qseq_7d05ec534f8e7970,length_32_gap_16,-0.014783859252929601
14,2,qseq_1a641e032f933a96,length_32_gap_16,-0.025543212890625
14,2,qseq_afb04c9fd38b4a73,length_32_gap_16,0.11080169677734369
14,2,qseq_0a7044add0a71938,length_32_gap_16,-0.00726318359375
14,2,qseq_ad84a1c2bee1922b,length_32_gap_16,-0.15410137176513669
14,2,qseq_0449b2f15993e9e3,length_32_gap_16,0.084232330322265597
14,2,qseq_e239bfe29ce1339d,length_32_gap_16,-0.18756198883056641
14,2,qseq_1c01b2c0b82e7c86,length_32_gap_16,0.063106060028076102
14,2,qseq_5a6f346a0090499e,length_32_gap_16,-0.11974525451660149
14,2,qseq_23e29e93fa14dc22,length_32_gap_16,0.0727386474609375
14,2,qseq_aed28d8945a5fd51,length_32_gap_16,0.042778015136718701
14,2,qseq_64af7706440b2eb6,length_32_gap_16,0.069299697875976493
14,2,qseq_9b65b35ce09e05fc,length_32_gap_16,0.0018734931945800001
14,2,qseq_9966ff37eb81ef5e,length_32_gap_16,0.070085525512695299
14,2,qseq_2f710e8798ec9e71,length_32_gap_16,-0.0011243820190429
14,2,qseq_11b039baed6684b4,length_32_gap_16,0.092991828918457003
14,2,qseq_60e817fc1eb4a770,length_32_gap_16,0.20323419570922849
14,2,qseq_704ee3aa78d74315,length_32_gap_16,0.12473726272582999
14,2,qseq_56aa2892fb9d4215,length_32_gap_16,-0.0078635215759276997
14,2,qseq_cfd0f3fa73dabac6,length_32_gap_16,0.017141342163085899
14,2,qseq_4d8b8abbf9e82df2,length_32_gap_16,-0.031260490417480399
14,2,qseq_dc290e31b0f7fee9,length_32_gap_16,0.1132049560546875
14,2,qseq_d59e491f27122012,length_32_gap_16,-0.044157981872558497
14,2,qseq_0d1644fe34089dc5,length_32_gap_16,0.1178102493286132
14,2,qseq_b0f1c882cbfc023b,length_32_gap_16,0.022097587585449201
14,2,qseq_ae326193ef533b6f,length_32_gap_16,-0.081387519836425698
14,2,qseq_b90113f916a4ef25,length_32_gap_16,-0.040480613708495997
14,2,qseq_47db8e82e82ab9ab,length_32_gap_16,0.2480549812316894
14,2,qseq_1bd1876170be1293,length_32_gap_16,0.03125
14,2,qseq_28a6625244b67550,length_32_gap_16,0.0322012901306152
14,2,qseq_0319d5aa3b7a2109,length_32_gap_16,-0.068299770355224595
14,2,qseq_b4281d845cf8791c,length_32_gap_16,0.030928611755371
14,2,qseq_eb72d6b6095aa9bf,length_32_gap_16,0.1550831794738769
14,2,qseq_2a530f25c94c88b0,length_32_gap_16,0.11176681518554681
14,2,qseq_b90ee294cda3f4ef,length_32_gap_16,0.0442700386047363
14,2,qseq_2194e53c28d8ac06,length_32_gap_16,0.12629222869873041
14,2,qseq_cd35a5d7a5f5a555,length_32_gap_16,0.0144777297973632
14,2,qseq_e3fd7e822923d545,length_32_gap_16,0.010366916656494101
14,2,qseq_3c1160a318793be3,length_32_gap_16,0.18785333633422849
14,2,qseq_a4167c2fe5df8c7f,length_32_gap_16,-0.23158836364746091
14,2,qseq_fa6f788e8ca0ef62,length_32_gap_16,0.065531253814697196
14,2,qseq_98487b25edb3051f,length_32_gap_16,0.0090107917785643993
14,2,qseq_1f823851ae16f13f,length_32_gap_16,-0.032090187072753899
14,2,qseq_b190b48533f45a2c,length_32_gap_16,0.093671798706054604
14,2,qseq_63d72c96ef626e2d,length_32_gap_16,0.098802566528320299
14,2,qseq_a28e2ec155ecc582,length_32_gap_16,0.1203975677490234
14,2,qseq_eb02fc157dd74784,length_32_gap_16,0.1601381301879882
14,2,qseq_e887c4a51d9b260c,length_32_gap_16,0.35610198974609369
14,2,qseq_dee021939107fbde,length_32_gap_16,-0.085979461669921806
14,2,qseq_affe6175ca94dda2,length_32_gap_16,0.12569284439086911
14,2,qseq_7be057ad143b9690,length_32_gap_16,0.1030778884887695
14,2,qseq_24f5b4f7f640338f,length_32_gap_16,0.040020942687988198
14,2,qseq_43ebed208484255f,length_32_gap_16,0.095164775848388602
14,2,qseq_c613b96c7912d379,length_32_gap_16,-0.040766000747680602
14,2,qseq_7f5aade052d4177f,length_32_gap_16,0.031164646148681599
14,2,qseq_ee49c796752d8710,length_32_gap_16,0.35113000869750971
14,2,qseq_b3f568f628b46423,length_64_gap_8,-0.054726123809814398
14,2,qseq_2fb25780aa1dbffa,length_64_gap_8,0.045360565185546799
14,2,qseq_fd1170e3dcd5f55e,length_64_gap_8,-0.3123559951782226
14,2,qseq_24b25ead5a4620eb,length_64_gap_8,0.2427039146423339
14,2,qseq_4074ee710223309a,length_64_gap_8,-0.0646967887878417
14,2,qseq_4279be38393632ff,length_64_gap_8,-0.098107099533080999
14,2,qseq_a128a3ad062f254f,length_64_gap_8,-0.1832358837127685
14,2,qseq_40546941dd2db2c4,length_64_gap_8,-0.043083190917968701
14,2,qseq_bd1d709ea9de2442,length_64_gap_8,0.1065478324890136
14,2,qseq_0701dad0bea1f82c,length_64_gap_8,0.098196268081664997
14,2,qseq_1922d44b2343c70a,length_64_gap_8,0.1429076194763183
14,2,qseq_730ee300e88dbdc9,length_64_gap_8,0.39147615432739252
14,2,qseq_5b194ba92705c9b8,length_64_gap_8,0.017648458480834898
14,2,qseq_021ce8a6eb41287d,length_64_gap_8,0.078268051147460896
14,2,qseq_039bccf871e60190,length_64_gap_8,-0.062416553497314398
14,2,qseq_c9895be6cd96e125,length_64_gap_8,0.42614507675170887
14,2,qseq_e517bd5620ecf760,length_64_gap_8,-0.15457439422607419
14,2,qseq_05be70e9da000c21,length_64_gap_8,0.17996883392333979
14,2,qseq_9e0484c8cf5ddfc6,length_64_gap_8,-0.046105861663818297
14,2,qseq_d8653dab52d91576,length_64_gap_8,0.031764984130859299
14,2,qseq_7c7ae2fc6a76be76,length_64_gap_8,-0.079585552215576102
14,2,qseq_eea059d57beab37f,length_64_gap_8,0.18307113647460929
14,2,qseq_8fee472e774e69bb,length_64_gap_8,-0.0011167526245117001
14,2,qseq_6a6e891f0af35a46,length_64_gap_8,-0.0063066482543945
14,2,qseq_a6eb78d92d0c43ab,length_64_gap_8,-0.046875
14,2,qseq_4eb4bdf24b06d78c,length_64_gap_8,0.1623573303222656
14,2,qseq_772ec14d440e73c4,length_64_gap_8,0.43727588653564448
14,2,qseq_c9795ce42618194e,length_64_gap_8,0.0045914649963378004
14,2,qseq_ad3d3bcb9795d514,length_64_gap_8,0.124225378036499
14,2,qseq_1e356400a385b9c8,length_64_gap_8,-0.01171875
14,2,qseq_200c199e7437db70,length_64_gap_8,0.12781810760498041
14,2,qseq_f93016a2d910f6d4,length_64_gap_8,-0.030445098876953101
14,2,qseq_b26f645287ad75c3,length_64_gap_8,0.026348114013671799
14,2,qseq_5dbd77e6301a4d88,length_64_gap_8,-0.1328620910644531
14,2,qseq_1f519fea8800a91a,length_64_gap_8,0.093609809875488198
14,2,qseq_c22690e962dda79a,length_64_gap_8,0.014415264129638601
14,2,qseq_aa1bf93acfa1394f,length_64_gap_8,0.4725117683410644
14,2,qseq_c7e2bf5dffccfdb4,length_64_gap_8,-0.028499603271484299
14,2,qseq_f0b7c35e28157360,length_64_gap_8,0.030036449432372998
14,2,qseq_5b3541bc4ecd5520,length_64_gap_8,0.091502189636230399
14,2,qseq_51105068c69885d2,length_64_gap_8,0.27287054061889637
14,2,qseq_1fa7df7dac6c2475,length_64_gap_8,0.0431418418884277
14,2,qseq_1f17912f3d8f9da9,length_64_gap_8,-0.00010013580322259999
14,2,qseq_492ddced5e4b2559,length_64_gap_8,0.062268257141113198
14,2,qseq_131de4ffcd89e6e9,length_64_gap_8,0.020884990692138599
14,2,qseq_2eba76d2215c33b9,length_64_gap_8,0.072504281997680595
14,2,qseq_a1c3fb56cf8462bb,length_64_gap_8,0.00060987472534169995
14,2,qseq_dcd58d81cb05e28d,length_64_gap_8,-0.1245944499969482
14,2,qseq_6715416239d80838,length_64_gap_8,0.0045804977416991997
14,2,qseq_8d499f91b4526a3a,length_64_gap_8,-0.074542045593261705
14,2,qseq_587220b2bc085b31,length_64_gap_8,0.3317804336547851
14,2,qseq_69cc809df6a6f6c9,length_64_gap_8,0.027486801147460899
14,2,qseq_b92aea251b1eff2b,length_64_gap_8,-0.125
14,2,qseq_4f51e954884cdf48,length_64_gap_8,0.0390625
14,2,qseq_fe9ddd894232689b,length_64_gap_8,-0.123340368270874
14,2,qseq_c12d62810ba631af,length_64_gap_8,0.14162778854370109
14,2,qseq_5e9dad96f848721b,length_64_gap_8,-0.073256492614745997
14,2,qseq_32e4b0f9ec8b30ce,length_64_gap_8,-0.67146778106689453
14,2,qseq_eab2e57f5041e3f9,length_64_gap_8,0.0625
14,2,qseq_845854475db5ae4a,length_64_gap_8,0.011068820953369101
14,2,qseq_8688a95186e10f9c,length_64_gap_8,0.1398773193359375
14,2,qseq_e8c2d067e77fc845,length_64_gap_8,-0.017395615577697698
14,2,qseq_c0d3d38e8bedac65,length_64_gap_8,0.083287239074707003
14,2,qseq_84ff4fbaaa20d8cc,length_64_gap_8,0.1173286437988281
14,2,qseq_a0de254948a6e5bf,length_64_gap_16,0.1069774627685546
14,2,qseq_b0e4d687f94733dc,length_64_gap_16,-0.16438412666320801
14,2,qseq_be52c9a76238a7d9,length_64_gap_16,-0.0595219135284423
14,2,qseq_f37fbd079a3b6bde,length_64_gap_16,0.1086926460266113
14,2,qseq_ecccef08f74a0d62,length_64_gap_16,0.10058212280273431
14,2,qseq_3b5d281e4d3fc2c2,length_64_gap_16,0
14,2,qseq_d1e08ad378e2d77d,length_64_gap_16,0.095067262649536105
14,2,qseq_7e4b4a517eef4bbc,length_64_gap_16,-0.0959973335266113
14,2,qseq_8b91b6dc4c4ad5a7,length_64_gap_16,0.167973518371582
14,2,qseq_61c50fa15c9aaf25,length_64_gap_16,0.062664031982421806
14,2,qseq_eb6a949eb0642356,length_64_gap_16,-0.1072282791137695
14,2,qseq_ccbe5bac490d61b5,length_64_gap_16,-0.13939666748046869
14,2,qseq_ae9e47b71d61c01f,length_64_gap_16,0.0326676368713378
14,2,qseq_c423f0620a3bd358,length_64_gap_16,0.0083110332489012995
14,2,qseq_b7edc17d7108c749,length_64_gap_16,0.060721397399902302
14,2,qseq_c0b98a93360f9565,length_64_gap_16,-0.091446876525878906
14,2,qseq_b6de0520ecba0cb7,length_64_gap_16,-0.0624747276306152
14,2,qseq_adc73ff9cfa008e2,length_64_gap_16,0.12698554992675781
14,2,qseq_2940a4d578561754,length_64_gap_16,0.00082254409790029999
14,2,qseq_30994fe2dabf428d,length_64_gap_16,-0.068952560424804604
14,2,qseq_949a4801d597a033,length_64_gap_16,-0.29799365997314448
14,2,qseq_c5b16a3541c1277e,length_64_gap_16,-0.14349365234375
14,2,qseq_9431506847fefb45,length_64_gap_16,0.1049253940582275
14,2,qseq_5c36d742824efa4b,length_64_gap_16,-0.0011110305786131999
14,2,qseq_05d8cddf3ea281a9,length_64_gap_16,0.17416238784790031
14,2,qseq_f17674cc4392f3bf,length_64_gap_16,0.037875175476074198
14,2,qseq_382e6ced8b87a663,length_64_gap_16,-0.1239959001541137
14,2,qseq_fe5cd0e334e253c1,length_64_gap_16,0.072989225387573201
14,2,qseq_b417731b953269a4,length_64_gap_16,0.085510730743408203
14,2,qseq_450cbb29b12c67b7,length_64_gap_16,0.0111865997314453
14,2,qseq_a30ec5f4c977bbc8,length_64_gap_16,0.13492822647094721
14,2,qseq_f52fc5c697a8e7f5,length_64_gap_16,0.069529533386230399
14,2,qseq_396aff10bb95400f,length_64_gap_16,0.031024932861328101
14,2,qseq_82c1df8241dca3cf,length_64_gap_16,0.054900169372558497
14,2,qseq_204175b8e8f592ff,length_64_gap_16,0.16417098045349121
14,2,qseq_b7054e022b918880,length_64_gap_16,0.0012373924255371001
14,2,qseq_ba8a8e9d30f030c0,length_64_gap_16,-0.055750370025634703
14,2,qseq_57bd27a9adf994ef,length_64_gap_16,-0.070299148559570299
14,2,qseq_df9ba99fcdbb78f6,length_64_gap_16,0.019382476806640601
14,2,qseq_c7f36be3fc9142a4,length_64_gap_16,0.18641805648803711
14,2,qseq_bb25837841d78095,length_64_gap_16,0.00013303756713859999
14,2,qseq_89060805f114dcc8,length_64_gap_16,0.058329105377197203
14,2,qseq_cfce5ff0ec658964,length_64_gap_16,0.055742740631103502
14,2,qseq_84f8cb3faeb6a744,length_64_gap_16,-0.1078166961669921
14,2,qseq_42c429c411c30673,length_64_gap_16,-0.030073165893554601
14,2,qseq_1d8ea3a6efaf9fab,length_64_gap_16,0.031271219253539997
14,2,qseq_a1e47f7cb49b58b7,length_64_gap_16,0.039342880249023403
14,2,qseq_75975c5fcfe56f9f,length_64_gap_16,0.0090007781982421008
14,2,qseq_8a0db1772110a4a8,length_64_gap_16,0.094190597534179604
14,2,qseq_5f7ce90f26f794f5,length_64_gap_16,-0.055276393890380797
14,2,qseq_f2f94c41d471f1c4,length_64_gap_16,0.066241025924682603
14,2,qseq_d57f36c4148c49c6,length_64_gap_16,0.070252895355224595
14,2,qseq_fdf96662daefa822,length_64_gap_16,0.38441276550292958
14,2,qseq_4b71f66c27222d97,length_64_gap_16,0.068138122558593694
14,2,qseq_a1e8b0d618f525ce,length_64_gap_16,-0.1544275283813476
14,2,qseq_8597a5fd74382a82,length_64_gap_16,0.13386154174804679
14,2,qseq_2317dd357fbf5323,length_64_gap_16,-0.047258853912353502
14,2,qseq_44b93471651b7136,length_64_gap_16,-0.1760339736938476
14,2,qseq_9936aeb4dac5517c,length_64_gap_16,0.008523941040039
14,2,qseq_4118977d719f3b17,length_64_gap_16,0.1110332012176513
14,2,qseq_622c80501e6559b9,length_64_gap_16,-0.00015115737915030001
14,2,qseq_995d48cc4618a5d7,length_64_gap_16,-0.019731521606445299
14,2,qseq_2a1a4deb70ed1a8f,length_64_gap_16,0.0077400207519530998
14,2,qseq_d83a3e748cb0801e,length_64_gap_16,-0.015625
16,13,qseq_00cb1c1a51bbd477,length_32_gap_8,0.078535795211791895
16,13,qseq_fdb0d02eb17a3ad5,length_32_gap_8,0.046424865722656201
16,13,qseq_0fb480259789823d,length_32_gap_8,-0.1563005447387695
16,13,qseq_a2e6bd810032888a,length_32_gap_8,0.1206822395324707
16,13,qseq_5ce005c7be85e2b9,length_32_gap_8,0.125
16,13,qseq_9c1391f827e05414,length_32_gap_8,0.221806526184082
16,13,qseq_b5c59e25abaa4090,length_32_gap_8,0.031521558761596603
16,13,qseq_9aa233d4f18630ef,length_32_gap_8,0.1588749885559082
16,13,qseq_36581fc0e870746a,length_32_gap_8,0.061155319213867097
16,13,qseq_f1250fa423e1545e,length_32_gap_8,0.0225834846496582
16,13,qseq_82e41c38cbe9078a,length_32_gap_8,-0.034003257751464802
16,13,qseq_d0b29249fa160784,length_32_gap_8,0.1761980056762695
16,13,qseq_05f13a28471ab531,length_32_gap_8,0.18641757965087891
16,13,qseq_f1b36b9fae18111b,length_32_gap_8,0.1049365997314453
16,13,qseq_83e6b8683b1256b2,length_32_gap_8,0.30633449554443348
16,13,qseq_67044cfad9f21ecb,length_32_gap_8,-0.0308117866516113
16,13,qseq_70ea623170fa926c,length_32_gap_8,-0.42717218399047852
16,13,qseq_5b73de916863d399,length_32_gap_8,0.46879291534423823
16,13,qseq_db732a487a875289,length_32_gap_8,0.0462799072265625
16,13,qseq_fd7563a3a3cec767,length_32_gap_8,-0.028161048889160101
16,13,qseq_d6183e1df454b220,length_32_gap_8,0.99158668518066395
16,13,qseq_1355795077be0f50,length_32_gap_8,0.25001192092895502
16,13,qseq_8b0497deeb8bcaef,length_32_gap_8,-0.072380065917968694
16,13,qseq_1fb3a17d5dccef31,length_32_gap_8,0.1113219261169433
16,13,qseq_a17078d2a6b4b999,length_32_gap_8,0.21892070770263669
16,13,qseq_9e89898b6bb8b44e,length_32_gap_8,-0.263916015625
16,13,qseq_52f1b1128f7f8827,length_32_gap_8,0.031223297119140601
16,13,qseq_d4bff5080bd4daa2,length_32_gap_8,0.09259033203125
16,13,qseq_bc537eed9a30ad79,length_32_gap_8,0.25035333633422852
16,13,qseq_4e294cfbb31deac6,length_32_gap_8,-0.020241260528564401
16,13,qseq_a9426dae73873222,length_32_gap_8,-0.1010942459106445
16,13,qseq_84c7ecb2a5f6fb74,length_32_gap_8,0.1049840450286865
16,13,qseq_2232308bba387df3,length_32_gap_8,0.13427162170410151
16,13,qseq_c651ff600b8839df,length_32_gap_8,0.060132026672363198
16,13,qseq_bdd4291ac8449310,length_32_gap_8,0.15625
16,13,qseq_eee8756396fe6af2,length_32_gap_8,0.1545495986938476
16,13,qseq_d27c4368416fdc93,length_32_gap_8,0.40161800384521479
16,13,qseq_1bc3d720581f5d2b,length_32_gap_8,0.23471403121948239
16,13,qseq_d1b8220e931c7fd7,length_32_gap_8,0.14352321624755851
16,13,qseq_f3612a27015ba1ca,length_32_gap_8,-0.031546592712402302
16,13,qseq_983999860e3f68fa,length_32_gap_8,-0.106001853942871
16,13,qseq_3cc6488c0780e435,length_32_gap_8,0.0355124473571777
16,13,qseq_896e75303fd36619,length_32_gap_8,-0.064496994018554604
16,13,qseq_bb44694bf88faab7,length_32_gap_8,-0.031238555908203101
16,13,qseq_676b73120ca2a061,length_32_gap_8,0.079474449157714802
16,13,qseq_03289c2c4536e699,length_32_gap_8,-0.13560652732849121
16,13,qseq_62632b972840b049,length_32_gap_8,-0.076734542846679604
16,13,qseq_f5d56d42459ee9bc,length_32_gap_8,0.09375
16,13,qseq_32bc0ad658c10a1c,length_32_gap_8,0.063372611999511705
16,13,qseq_4da58de5cf93ae4a,length_32_gap_8,0.19631862640380851
16,13,qseq_5e6685ba720055c7,length_32_gap_8,-0.068727493286132799
16,13,qseq_2cfb75f54306c844,length_32_gap_8,0.27771282196044922
16,13,qseq_8345587890d3c14f,length_32_gap_8,0.26102447509765619
16,13,qseq_46afeffe5dd0d89f,length_32_gap_8,0.028979778289794901
16,13,qseq_b592f6abbb02f055,length_32_gap_8,-0.027348518371582
16,13,qseq_3d813b4e2f642750,length_32_gap_8,0.52939891815185536
16,13,qseq_c3ccf9967efbcd30,length_32_gap_8,0.0425763130187988
16,13,qseq_029bb1fad3e341b6,length_32_gap_8,0.51288938522338856
16,13,qseq_f0a1548c14cbff39,length_32_gap_8,0.1328125
16,13,qseq_ce67b9d37322c254,length_32_gap_8,-0.0124664306640625
16,13,qseq_1d5def43cbaaf204,length_32_gap_8,-0.0148310661315917
16,13,qseq_ef053ee48a778a2d,length_32_gap_8,-0.29584026336669922
16,13,qseq_aad6bf2a44151808,length_32_gap_8,0.1485939025878906
16,13,qseq_8efc9f11c7cf051c,length_32_gap_8,0.33787631988525391
16,13,qseq_8e716ecd02e0f73a,length_32_gap_16,-0.020933151245117101
16,13,qseq_1595750272a9182b,length_32_gap_16,0.13356304168701169
16,13,qseq_bcb1e40d4e33a983,length_32_gap_16,0.2151985168457031
16,13,qseq_918b1e8c99f205fc,length_32_gap_16,0.55541706085205067
16,13,qseq_9bcb64e386770afd,length_32_gap_16,0.065262794494628906
16,13,qseq_f308f77da35e5150,length_32_gap_16,0.22547340393066401
16,13,qseq_3d452bb0ed05ae44,length_32_gap_16,0.8059539794921875
16,13,qseq_5e121f37966766e3,length_32_gap_16,0.1141400337219238
16,13,qseq_7d05ec534f8e7970,length_32_gap_16,0.24575042724609369
16,13,qseq_1a641e032f933a96,length_32_gap_16,-0.026307582855224599
16,13,qseq_afb04c9fd38b4a73,length_32_gap_16,0.25016593933105458
16,13,qseq_0a7044add0a71938,length_32_gap_16,0.25055456161499018
16,13,qseq_ad84a1c2bee1922b,length_32_gap_16,0.081263542175292899
16,13,qseq_0449b2f15993e9e3,length_32_gap_16,0.074968338012695299
16,13,qseq_e239bfe29ce1339d,length_32_gap_16,0.203125
16,13,qseq_1c01b2c0b82e7c86,length_32_gap_16,0.3121037483215332
16,13,qseq_5a6f346a0090499e,length_32_gap_16,0.11884689331054681
16,13,qseq_23e29e93fa14dc22,length_32_gap_16,0.18956756591796869
16,13,qseq_aed28d8945a5fd51,length_32_gap_16,0.66307544708251953
16,13,qseq_64af7706440b2eb6,length_32_gap_16,0.1868219375610351
16,13,qseq_9b65b35ce09e05fc,length_32_gap_16,0.014695167541503899
16,13,qseq_9966ff37eb81ef5e,length_32_gap_16,0.038835525512695299
16,13,qseq_2f710e8798ec9e71,length_32_gap_16,0.32309150695800781
16,13,qseq_11b039baed6684b4,length_32_gap_16,0.13167953491210929
16,13,qseq_60e817fc1eb4a770,length_32_gap_16,0.28112697601318348
16,13,qseq_704ee3aa78d74315,length_32_gap_16,0.117769718170166
16,13,qseq_56aa2892fb9d4215,length_32_gap_16,-0.039011478424072203
16,13,qseq_cfd0f3fa73dabac6,length_32_gap_16,0.031816244125366197
16,13,qseq_4d8b8abbf9e82df2,length_32_gap_16,0.25096607208251948
16,13,qseq_dc290e31b0f7fee9,length_32_gap_16,0.23054599761962891
16,13,qseq_d59e491f27122012,length_32_gap_16,0.0054473876953125
16,13,qseq_0d1644fe34089dc5,length_32_gap_16,0.0078992843627928994
16,13,qseq_b0f1c882cbfc023b,length_32_gap_16,0.36446380615234369
16,13,qseq_ae326193ef533b6f,length_32_gap_16,0.81919717788696278
16,13,qseq_b90113f916a4ef25,length_32_gap_16,-0.1993904113769531
16,13,qseq_47db8e82e82ab9ab,length_32_gap_16,0.1065235137939453
16,13,qseq_1bd1876170be1293,length_32_gap_16,0.18340921401977531
16,13,qseq_28a6625244b67550,length_32_gap_16,0.94042539596557595
16,13,qseq_0319d5aa3b7a2109,length_32_gap_16,0.034358024597167899
16,13,qseq_b4281d845cf8791c,length_32_gap_16,0
16,13,qseq_eb72d6b6095aa9bf,length_32_gap_16,0.12370824813842771
16,13,qseq_2a530f25c94c88b0,length_32_gap_16,0.2196636199951171
16,13,qseq_b90ee294cda3f4ef,length_32_gap_16,0.21685361862182609
16,13,qseq_2194e53c28d8ac06,length_32_gap_16,0.47061491012573242
16,13,qseq_cd35a5d7a5f5a555,length_32_gap_16,0.12129974365234369
16,13,qseq_e3fd7e822923d545,length_32_gap_16,-0.18730831146240229
16,13,qseq_3c1160a318793be3,length_32_gap_16,0.18382453918457031
16,13,qseq_a4167c2fe5df8c7f,length_32_gap_16,0.085377693176269503
16,13,qseq_fa6f788e8ca0ef62,length_32_gap_16,0.56651711463928223
16,13,qseq_98487b25edb3051f,length_32_gap_16,0.051711082458495997
16,13,qseq_1f823851ae16f13f,length_32_gap_16,-0.0017743110656737999
16,13,qseq_b190b48533f45a2c,length_32_gap_16,0.061017036437988198
16,13,qseq_63d72c96ef626e2d,length_32_gap_16,0.17161083221435541
16,13,qseq_a28e2ec155ecc582,length_32_gap_16,-0.11104965209960931
16,13,qseq_eb02fc157dd74784,length_32_gap_16,0.016590118408203101
16,13,qseq_e887c4a51d9b260c,length_32_gap_16,-0.0659632682800292
16,13,qseq_dee021939107fbde,length_32_gap_16,0.072127342224120997
16,13,qseq_affe6175ca94dda2,length_32_gap_16,0.0285797119140625
16,13,qseq_7be057ad143b9690,length_32_gap_16,-0.0138883590698242
16,13,qseq_24f5b4f7f640338f,length_32_gap_16,0.089537620544433497
16,13,qseq_43ebed208484255f,length_32_gap_16,0.029284000396728498
16,13,qseq_c613b96c7912d379,length_32_gap_16,0.30716264247894282
16,13,qseq_7f5aade052d4177f,length_32_gap_16,9.1075897216796875e-05
16,13,qseq_ee49c796752d8710,length_32_gap_16,0.58392477035522461
16,13,qseq_b3f568f628b46423,length_64_gap_8,0.1217818260192871
16,13,qseq_2fb25780aa1dbffa,length_64_gap_8,0.049741744995117097
16,13,qseq_fd1170e3dcd5f55e,length_64_gap_8,-0.1093034744262695
16,13,qseq_24b25ead5a4620eb,length_64_gap_8,0.54128265380859375
16,13,qseq_4074ee710223309a,length_64_gap_8,0.0607295036315917
16,13,qseq_4279be38393632ff,length_64_gap_8,0.1835412979125976
16,13,qseq_a128a3ad062f254f,length_64_gap_8,0.029374599456787099
16,13,qseq_40546941dd2db2c4,length_64_gap_8,0.18347930908203119
16,13,qseq_bd1d709ea9de2442,length_64_gap_8,0.089820384979248005
16,13,qseq_0701dad0bea1f82c,length_64_gap_8,0.21332430839538569
16,13,qseq_1922d44b2343c70a,length_64_gap_8,0.033952713012695299
16,13,qseq_730ee300e88dbdc9,length_64_gap_8,0.72534990310668945
16,13,qseq_5b194ba92705c9b8,length_64_gap_8,-0.10681676864624021
16,13,qseq_021ce8a6eb41287d,length_64_gap_8,0.12543296813964841
16,13,qseq_039bccf871e60190,length_64_gap_8,0.13541674613952631
16,13,qseq_c9895be6cd96e125,length_64_gap_8,-0.0155448913574218
16,13,qseq_e517bd5620ecf760,length_64_gap_8,0.2601556777954101
16,13,qseq_05be70e9da000c21,length_64_gap_8,0.42993354797363281
16,13,qseq_9e0484c8cf5ddfc6,length_64_gap_8,0.50322198867797852
16,13,qseq_d8653dab52d91576,length_64_gap_8,0.2168865203857421
16,13,qseq_7c7ae2fc6a76be76,length_64_gap_8,0.32509112358093262
16,13,qseq_eea059d57beab37f,length_64_gap_8,0.19561195373535151
16,13,qseq_8fee472e774e69bb,length_64_gap_8,0.28102493286132812
16,13,qseq_6a6e891f0af35a46,length_64_gap_8,0.1188335418701171
16,13,qseq_a6eb78d92d0c43ab,length_64_gap_8,0.2152690887451171
16,13,qseq_4eb4bdf24b06d78c,length_64_gap_8,0.0282888412475585
16,13,qseq_772ec14d440e73c4,length_64_gap_8,0.7630770206451416
16,13,qseq_c9795ce42618194e,length_64_gap_8,0.33455657958984369
16,13,qseq_ad3d3bcb9795d514,length_64_gap_8,0.12015724182128899
16,13,qseq_1e356400a385b9c8,length_64_gap_8,-0.015625
16,13,qseq_200c199e7437db70,length_64_gap_8,-0.0018520355224609
16,13,qseq_f93016a2d910f6d4,length_64_gap_8,0.063032150268554604
16,13,qseq_b26f645287ad75c3,length_64_gap_8,0.30616664886474598
16,13,qseq_5dbd77e6301a4d88,length_64_gap_8,0.42153835296630848
16,13,qseq_1f519fea8800a91a,length_64_gap_8,0.046734809875488198
16,13,qseq_c22690e962dda79a,length_64_gap_8,0.45768451690673823
16,13,qseq_aa1bf93acfa1394f,length_64_gap_8,0.031677961349487298
16,13,qseq_c7e2bf5dffccfdb4,length_64_gap_8,0.026869773864746
16,13,qseq_f0b7c35e28157360,length_64_gap_8,0.36956560611724848
16,13,qseq_5b3541bc4ecd5520,length_64_gap_8,0.017347335815429601
16,13,qseq_51105068c69885d2,length_64_gap_8,0.1506083011627197
16,13,qseq_1fa7df7dac6c2475,length_64_gap_8,0.23917388916015619
16,13,qseq_1f17912f3d8f9da9,length_64_gap_8,0.062115669250488198
16,13,qseq_492ddced5e4b2559,length_64_gap_8,0.24931478500366211
16,13,qseq_131de4ffcd89e6e9,length_64_gap_8,0.0021874904632567999
16,13,qseq_2eba76d2215c33b9,length_64_gap_8,-0.014512538909912101
16,13,qseq_a1c3fb56cf8462bb,length_64_gap_8,-0.1478276252746582
16,13,qseq_dcd58d81cb05e28d,length_64_gap_8,0.12519955635070801
16,13,qseq_6715416239d80838,length_64_gap_8,0.018292903900146401
16,13,qseq_8d499f91b4526a3a,length_64_gap_8,0.0078125
16,13,qseq_587220b2bc085b31,length_64_gap_8,0.072706222534179604
16,13,qseq_69cc809df6a6f6c9,length_64_gap_8,0.1146306991577148
16,13,qseq_b92aea251b1eff2b,length_64_gap_8,0.12438392639160149
16,13,qseq_4f51e954884cdf48,length_64_gap_8,0.23546385765075681
16,13,qseq_fe9ddd894232689b,length_64_gap_8,0.21553683280944819
16,13,qseq_c12d62810ba631af,length_64_gap_8,0.4295439720153808
16,13,qseq_5e9dad96f848721b,length_64_gap_8,0.19714450836181641
16,13,qseq_32e4b0f9ec8b30ce,length_64_gap_8,1.1787557601928711
16,13,qseq_eab2e57f5041e3f9,length_64_gap_8,0.17892646789550781
16,13,qseq_845854475db5ae4a,length_64_gap_8,0.16120338439941401
16,13,qseq_8688a95186e10f9c,length_64_gap_8,0.0143098831176757
16,13,qseq_e8c2d067e77fc845,length_64_gap_8,0.16082406044006339
16,13,qseq_c0d3d38e8bedac65,length_64_gap_8,0.091099739074707003
16,13,qseq_84ff4fbaaa20d8cc,length_64_gap_8,0.1631050109863281
16,13,qseq_a0de254948a6e5bf,length_64_gap_16,-0.058442592620849602
16,13,qseq_b0e4d687f94733dc,length_64_gap_16,-0.0041496753692625999
16,13,qseq_be52c9a76238a7d9,length_64_gap_16,0.071720123291015597
16,13,qseq_f37fbd079a3b6bde,length_64_gap_16,0.37083768844604492
16,13,qseq_ecccef08f74a0d62,length_64_gap_16,-0.016605377197265601
16,13,qseq_3b5d281e4d3fc2c2,length_64_gap_16,0.078841209411620997
16,13,qseq_d1e08ad378e2d77d,length_64_gap_16,-0.093224287033080999
16,13,qseq_7e4b4a517eef4bbc,length_64_gap_16,0.086110353469848605
16,13,qseq_8b91b6dc4c4ad5a7,length_64_gap_16,0.2380714416503906
16,13,qseq_61c50fa15c9aaf25,length_64_gap_16,-0.0163469314575195
16,13,qseq_eb6a949eb0642356,length_64_gap_16,0.24947166442871091
16,13,qseq_ccbe5bac490d61b5,length_64_gap_16,0.070920944213867104
16,13,qseq_ae9e47b71d61c01f,length_64_gap_16,0.266754150390625
16,13,qseq_c423f0620a3bd358,length_64_gap_16,0.38284003734588617
16,13,qseq_b7edc17d7108c749,length_64_gap_16,0.12670040130615229
16,13,qseq_c0b98a93360f9565,length_64_gap_16,-0.0062494277954100999
16,13,qseq_b6de0520ecba0cb7,length_64_gap_16,0.34315729141235352
16,13,qseq_adc73ff9cfa008e2,length_64_gap_16,0.033235549926757799
16,13,qseq_2940a4d578561754,length_64_gap_16,0.37981796264648432
16,13,qseq_30994fe2dabf428d,length_64_gap_16,0.35026264190673823
16,13,qseq_949a4801d597a033,length_64_gap_16,0.14900302886962891
16,13,qseq_c5b16a3541c1277e,length_64_gap_16,-0.29136323928833002
16,13,qseq_9431506847fefb45,length_64_gap_16,0.0092730522155761008
16,13,qseq_5c36d742824efa4b,length_64_gap_16,0.13668918609619141
16,13,qseq_05d8cddf3ea281a9,length_64_gap_16,-0.15515661239624021
16,13,qseq_f17674cc4392f3bf,length_64_gap_16,0.30708122253417958
16,13,qseq_382e6ced8b87a663,length_64_gap_16,0.084217309951782199
16,13,qseq_fe5cd0e334e253c1,length_64_gap_16,0.2430236339569091
16,13,qseq_b417731b953269a4,length_64_gap_16,0.1020498275756835
16,13,qseq_450cbb29b12c67b7,length_64_gap_16,-0.1138134002685546
16,13,qseq_a30ec5f4c977bbc8,length_64_gap_16,0.008430004119873
16,13,qseq_f52fc5c697a8e7f5,length_64_gap_16,0.171875
16,13,qseq_396aff10bb95400f,length_64_gap_16,-0.0002250671386718
16,13,qseq_82c1df8241dca3cf,length_64_gap_16,0.17230224609375
16,13,qseq_204175b8e8f592ff,length_64_gap_16,0.28162169456481928
16,13,qseq_b7054e022b918880,length_64_gap_16,0.1860504150390625
16,13,qseq_ba8a8e9d30f030c0,length_64_gap_16,-0.17813873291015619
16,13,qseq_57bd27a9adf994ef,length_64_gap_16,0.13670551776885981
16,13,qseq_df9ba99fcdbb78f6,length_64_gap_16,0.1125426292419433
16,13,qseq_c7f36be3fc9142a4,length_64_gap_16,0.25115013122558588
16,13,qseq_bb25837841d78095,length_64_gap_16,0.0233206748962402
16,13,qseq_89060805f114dcc8,length_64_gap_16,0.162381887435913
16,13,qseq_cfce5ff0ec658964,length_64_gap_16,0.21875
16,13,qseq_84f8cb3faeb6a744,length_64_gap_16,0.015320777893066399
16,13,qseq_42c429c411c30673,length_64_gap_16,0.51911449432373036
16,13,qseq_1d8ea3a6efaf9fab,length_64_gap_16,-0.062478780746459898
16,13,qseq_a1e47f7cb49b58b7,length_64_gap_16,0.094986915588378906
16,13,qseq_75975c5fcfe56f9f,length_64_gap_16,0.072268486022949205
16,13,qseq_8a0db1772110a4a8,length_64_gap_16,-0.0273795127868652
16,13,qseq_5f7ce90f26f794f5,length_64_gap_16,0.41489648818969721
16,13,qseq_f2f94c41d471f1c4,length_64_gap_16,0.25848150253295887
16,13,qseq_d57f36c4148c49c6,length_64_gap_16,0.1254920959472656
16,13,qseq_fdf96662daefa822,length_64_gap_16,0.2292146682739257
16,13,qseq_4b71f66c27222d97,length_64_gap_16,-0.081350326538085896
16,13,qseq_a1e8b0d618f525ce,length_64_gap_16,0.048748016357421799
16,13,qseq_8597a5fd74382a82,length_64_gap_16,-0.085927009582519503
16,13,qseq_2317dd357fbf5323,length_64_gap_16,0.070165634155273396
16,13,qseq_44b93471651b7136,length_64_gap_16,-0.20165014266967771
16,13,qseq_9936aeb4dac5517c,length_64_gap_16,0.22461700439453119
16,13,qseq_4118977d719f3b17,length_64_gap_16,0.50936079025268555
16,13,qseq_622c80501e6559b9,length_64_gap_16,-0.0156760215759277
16,13,qseq_995d48cc4618a5d7,length_64_gap_16,0.084374427795410101
16,13,qseq_2a1a4deb70ed1a8f,length_64_gap_16,0.26627540588378901
16,13,qseq_d83a3e748cb0801e,length_64_gap_16,0.051753044128417899
5,18,qseq_00cb1c1a51bbd477,length_32_gap_8,-0.031338691711425698
5,18,qseq_fdb0d02eb17a3ad5,length_32_gap_8,0.051138877868652302
5,18,qseq_0fb480259789823d,length_32_gap_8,-0.007354736328125
5,18,qseq_a2e6bd810032888a,length_32_gap_8,-0.033387660980224602
5,18,qseq_5ce005c7be85e2b9,length_32_gap_8,0.043479204177856397
5,18,qseq_9c1391f827e05414,length_32_gap_8,0.0124578475952148
5,18,qseq_b5c59e25abaa4090,length_32_gap_8,0.0119574069976806
5,18,qseq_9aa233d4f18630ef,length_32_gap_8,0.0448050498962402
5,18,qseq_36581fc0e870746a,length_32_gap_8,-0.1165761947631835
5,18,qseq_f1250fa423e1545e,length_32_gap_8,-0.0042264461517333004
5,18,qseq_82e41c38cbe9078a,length_32_gap_8,0.0308623313903808
5,18,qseq_d0b29249fa160784,length_32_gap_8,-0.0197348594665527
5,18,qseq_05f13a28471ab531,length_32_gap_8,-0.20229244232177729
5,18,qseq_f1b36b9fae18111b,length_32_gap_8,0.14044189453125
5,18,qseq_83e6b8683b1256b2,length_32_gap_8,-0.071735382080078097
5,18,qseq_67044cfad9f21ecb,length_32_gap_8,0.093629837036132799
5,18,qseq_70ea623170fa926c,length_32_gap_8,0.074063777923583901
5,18,qseq_5b73de916863d399,length_32_gap_8,0.048771858215331997
5,18,qseq_db732a487a875289,length_32_gap_8,0.015485763549804601
5,18,qseq_fd7563a3a3cec767,length_32_gap_8,0.060360908508300698
5,18,qseq_d6183e1df454b220,length_32_gap_8,0.20861434936523429
5,18,qseq_1355795077be0f50,length_32_gap_8,-0.062488079071044901
5,18,qseq_8b0497deeb8bcaef,length_32_gap_8,0.028505325317382799
5,18,qseq_1fb3a17d5dccef31,length_32_gap_8,-0.029619216918945299
5,18,qseq_a17078d2a6b4b999,length_32_gap_8,0.0030055046081542002
5,18,qseq_9e89898b6bb8b44e,length_32_gap_8,-0.069797515869140597
5,18,qseq_52f1b1128f7f8827,length_32_gap_8,0.1249065399169921
5,18,qseq_d4bff5080bd4daa2,length_32_gap_8,0.0199370384216308
5,18,qseq_bc537eed9a30ad79,length_32_gap_8,-0.1098995208740234
5,18,qseq_4e294cfbb31deac6,length_32_gap_8,0.0078125
5,18,qseq_a9426dae73873222,length_32_gap_8,-0.0062615871429443004
5,18,qseq_84c7ecb2a5f6fb74,length_32_gap_8,0.0065958499908446997
5,18,qseq_2232308bba387df3,length_32_gap_8,0.038850784301757799
5,18,qseq_c651ff600b8839df,length_32_gap_8,0
5,18,qseq_bdd4291ac8449310,length_32_gap_8,0.1120576858520507
5,18,qseq_eee8756396fe6af2,length_32_gap_8,-0.043744087219238198
5,18,qseq_d27c4368416fdc93,length_32_gap_8,0.047265052795410101
5,18,qseq_1bc3d720581f5d2b,length_32_gap_8,0.046961784362792899
5,18,qseq_d1b8220e931c7fd7,length_32_gap_8,0.0228519439697265
5,18,qseq_f3612a27015ba1ca,length_32_gap_8,-0.011884689331054601
5,18,qseq_983999860e3f68fa,length_32_gap_8,-0.020954132080078101
5,18,qseq_3cc6488c0780e435,length_32_gap_8,-0.1801280975341796
5,18,qseq_896e75303fd36619,length_32_gap_8,0.061944007873535101
5,18,qseq_bb44694bf88faab7,length_32_gap_8,-0.15616559982299799
5,18,qseq_676b73120ca2a061,length_32_gap_8,0.054779052734375
5,18,qseq_03289c2c4536e699,length_32_gap_8,0.039130210876464802
5,18,qseq_62632b972840b049,length_32_gap_8,-0.0142521858215332
5,18,qseq_f5d56d42459ee9bc,length_32_gap_8,-0.15625
5,18,qseq_32bc0ad658c10a1c,length_32_gap_8,-0.080977439880370997
5,18,qseq_4da58de5cf93ae4a,length_32_gap_8,-0.055957794189453097
5,18,qseq_5e6685ba720055c7,length_32_gap_8,0.017763137817382799
5,18,qseq_2cfb75f54306c844,length_32_gap_8,-0.071606636047363198
5,18,qseq_8345587890d3c14f,length_32_gap_8,0.090250968933105399
5,18,qseq_46afeffe5dd0d89f,length_32_gap_8,-0.03125
5,18,qseq_b592f6abbb02f055,length_32_gap_8,0.079564094543457003
5,18,qseq_3d813b4e2f642750,length_32_gap_8,0.079943656921386705
5,18,qseq_c3ccf9967efbcd30,length_32_gap_8,0.13374519348144531
5,18,qseq_029bb1fad3e341b6,length_32_gap_8,0.25115728378295887
5,18,qseq_f0a1548c14cbff39,length_32_gap_8,-0.012372493743896399
5,18,qseq_ce67b9d37322c254,length_32_gap_8,0.068859577178954995
5,18,qseq_1d5def43cbaaf204,length_32_gap_8,-0.016889095306396401
5,18,qseq_ef053ee48a778a2d,length_32_gap_8,-0.015625
5,18,qseq_aad6bf2a44151808,length_32_gap_8,0.1157770156860351
5,18,qseq_8efc9f11c7cf051c,length_32_gap_8,-0.060338973999023403
5,18,qseq_8e716ecd02e0f73a,length_32_gap_16,0.0654449462890625
5,18,qseq_1595750272a9182b,length_32_gap_16,0
5,18,qseq_bcb1e40d4e33a983,length_32_gap_16,0.125
5,18,qseq_918b1e8c99f205fc,length_32_gap_16,-0.1263561248779296
5,18,qseq_9bcb64e386770afd,length_32_gap_16,0.043889045715331997
5,18,qseq_f308f77da35e5150,length_32_gap_16,-0.0073909759521484002
5,18,qseq_3d452bb0ed05ae44,length_32_gap_16,0.0214912891387939
5,18,qseq_5e121f37966766e3,length_32_gap_16,-0.051388740539550698
5,18,qseq_7d05ec534f8e7970,length_32_gap_16,-0.083646774291992104
5,18,qseq_1a641e032f933a96,length_32_gap_16,-0.0218048095703125
5,18,qseq_afb04c9fd38b4a73,length_32_gap_16,0.0034694671630859002
5,18,qseq_0a7044add0a71938,length_32_gap_16,0.003929853439331
5,18,qseq_ad84a1c2bee1922b,length_32_gap_16,-0.056698322296142502
5,18,qseq_0449b2f15993e9e3,length_32_gap_16,0.09375
5,18,qseq_e239bfe29ce1339d,length_32_gap_16,-0.015538215637207
5,18,qseq_1c01b2c0b82e7c86,length_32_gap_16,0.062005519866943297
5,18,qseq_5a6f346a0090499e,length_32_gap_16,-0.1015338897705078
5,18,qseq_23e29e93fa14dc22,length_32_gap_16,0.068020820617675698
5,18,qseq_aed28d8945a5fd51,length_32_gap_16,0.15824413299560541
5,18,qseq_64af7706440b2eb6,length_32_gap_16,0.13315486907958979
5,18,qseq_9b65b35ce09e05fc,length_32_gap_16,0.0022563934326170999
5,18,qseq_9966ff37eb81ef5e,length_32_gap_16,-0.0053582191467285
5,18,qseq_2f710e8798ec9e71,length_32_gap_16,-0.023281097412109299
5,18,qseq_11b039baed6684b4,length_32_gap_16,0.023819923400878899
5,18,qseq_60e817fc1eb4a770,length_32_gap_16,0.015592098236083899
5,18,qseq_704ee3aa78d74315,length_32_gap_16,-0.015625
5,18,qseq_56aa2892fb9d4215,length_32_gap_16,0.0119528770446777
5,18,qseq_cfd0f3fa73dabac6,length_32_gap_16,-0.050465345382690402
5,18,qseq_4d8b8abbf9e82df2,length_32_gap_16,0.053230285644531201
5,18,qseq_dc290e31b0f7fee9,length_32_gap_16,0.085784912109375
5,18,qseq_d59e491f27122012,length_32_gap_16,-0.0080680847167968004
5,18,qseq_0d1644fe34089dc5,length_32_gap_16,0.15625
5,18,qseq_b0f1c882cbfc023b,length_32_gap_16,0.076930046081542899
5,18,qseq_ae326193ef533b6f,length_32_gap_16,0.1928095817565918
5,18,qseq_b90113f916a4ef25,length_32_gap_16,-0.058765411376953097
5,18,qseq_47db8e82e82ab9ab,length_32_gap_16,-0.029172420501708901
5,18,qseq_1bd1876170be1293,length_32_gap_16,0.024618148803710899
5,18,qseq_28a6625244b67550,length_32_gap_16,0.1008346080780029
5,18,qseq_0319d5aa3b7a2109,length_32_gap_16,0.088951110839843694
5,18,qseq_b4281d845cf8791c,length_32_gap_16,-0.062924861907958901
5,18,qseq_eb72d6b6095aa9bf,length_32_gap_16,0.0612082481384277
5,18,qseq_2a530f25c94c88b0,length_32_gap_16,0.1554450988769531
5,18,qseq_b90ee294cda3f4ef,length_32_gap_16,-0.1810998916625976
5,18,qseq_2194e53c28d8ac06,length_32_gap_16,0.0935864448547363
5,18,qseq_cd35a5d7a5f5a555,length_32_gap_16,0.044579505920410101
5,18,qseq_e3fd7e822923d545,length_32_gap_16,-0.0121293067932128
5,18,qseq_3c1160a318793be3,length_32_gap_16,-0.093039989471435505
5,18,qseq_a4167c2fe5df8c7f,length_32_gap_16,0.0038118362426757002
5,18,qseq_fa6f788e8ca0ef62,length_32_gap_16,0.042093753814697203
5,18,qseq_98487b25edb3051f,length_32_gap_16,0.035058021545410101
5,18,qseq_1f823851ae16f13f,length_32_gap_16,0.0318350791931152
5,18,qseq_b190b48533f45a2c,length_32_gap_16,0.030828475952148399
5,18,qseq_63d72c96ef626e2d,length_32_gap_16,0.084781646728515597
5,18,qseq_a28e2ec155ecc582,length_32_gap_16,0.057065010070800698
5,18,qseq_eb02fc157dd74784,length_32_gap_16,0.0121488571166992
5,18,qseq_e887c4a51d9b260c,length_32_gap_16,-0.021672248840332
5,18,qseq_dee021939107fbde,length_32_gap_16,0.00738525390625
5,18,qseq_affe6175ca94dda2,length_32_gap_16,0.03125
5,18,qseq_7be057ad143b9690,length_32_gap_16,-0.03125
5,18,qseq_24f5b4f7f640338f,length_32_gap_16,-0.044726371765136698
5,18,qseq_43ebed208484255f,length_32_gap_16,-0.030375957489013599
5,18,qseq_c613b96c7912d379,length_32_gap_16,0.022495627403259201
5,18,qseq_7f5aade052d4177f,length_32_gap_16,4.482269287109375e-05
5,18,qseq_ee49c796752d8710,length_32_gap_16,-0.1050057411193847
5,18,qseq_b3f568f628b46423,length_64_gap_8,-0.018671989440917899
5,18,qseq_2fb25780aa1dbffa,length_64_gap_8,0.0624680519104003
5,18,qseq_fd1170e3dcd5f55e,length_64_gap_8,-0.093605995178222601
5,18,qseq_24b25ead5a4620eb,length_64_gap_8,0.24589014053344721
5,18,qseq_4074ee710223309a,length_64_gap_8,-0.031135559082031201
5,18,qseq_4279be38393632ff,length_64_gap_8,0.019878149032592701
5,18,qseq_a128a3ad062f254f,length_64_gap_8,0.14698338508605949
5,18,qseq_40546941dd2db2c4,length_64_gap_8,0.0234375
5,18,qseq_bd1d709ea9de2442,length_64_gap_8,0.0011599063873291
5,18,qseq_0701dad0bea1f82c,length_64_gap_8,0.032755613327026298
5,18,qseq_1922d44b2343c70a,length_64_gap_8,0.025311946868896401
5,18,qseq_730ee300e88dbdc9,length_64_gap_8,0.2109375
5,18,qseq_5b194ba92705c9b8,length_64_gap_8,-0.065897941589355399
5,18,qseq_021ce8a6eb41287d,length_64_gap_8,-0.030962467193603498
5,18,qseq_039bccf871e60190,length_64_gap_8,0.011974811553955
5,18,qseq_c9895be6cd96e125,length_64_gap_8,0.0193166732788085
5,18,qseq_e517bd5620ecf760,length_64_gap_8,-0.021388053894042899
5,18,qseq_05be70e9da000c21,length_64_gap_8,0.010715484619140601
5,18,qseq_9e0484c8cf5ddfc6,length_64_gap_8,0.18532848358154291
5,18,qseq_d8653dab52d91576,length_64_gap_8,-0.062114238739013602
5,18,qseq_7c7ae2fc6a76be76,length_64_gap_8,0.072889566421508706
5,18,qseq_eea059d57beab37f,length_64_gap_8,-0.072267532348632799
5,18,qseq_8fee472e774e69bb,length_64_gap_8,-0.063395023345947196
5,18,qseq_6a6e891f0af35a46,length_64_gap_8,-0.032052040100097601
5,18,qseq_a6eb78d92d0c43ab,length_64_gap_8,-0.056456565856933497
5,18,qseq_4eb4bdf24b06d78c,length_64_gap_8,0.041972637176513602
5,18,qseq_772ec14d440e73c4,length_64_gap_8,0.15596342086791989
5,18,qseq_c9795ce42618194e,length_64_gap_8,0.037286281585693297
5,18,qseq_ad3d3bcb9795d514,length_64_gap_8,0.0276911258697509
5,18,qseq_1e356400a385b9c8,length_64_gap_8,-0.03515625
5,18,qseq_200c199e7437db70,length_64_gap_8,0.082445144653320299
5,18,qseq_f93016a2d910f6d4,length_64_gap_8,0.1086058616638183
5,18,qseq_b26f645287ad75c3,length_64_gap_8,-0.017605304718017498
5,18,qseq_5dbd77e6301a4d88,length_64_gap_8,0.17951202392578119
5,18,qseq_1f519fea8800a91a,length_64_gap_8,0.0103378295898437
5,18,qseq_c22690e962dda79a,length_64_gap_8,0.1021199226379394
5,18,qseq_aa1bf93acfa1394f,length_64_gap_8,-0.030561447143554601
5,18,qseq_c7e2bf5dffccfdb4,length_64_gap_8,0.060557365417480399
5,18,qseq_f0b7c35e28157360,length_64_gap_8,-0.0068178176879881997
5,18,qseq_5b3541bc4ecd5520,length_64_gap_8,0.0025978088378905998
5,18,qseq_51105068c69885d2,length_64_gap_8,0.21287834644317619
5,18,qseq_1fa7df7dac6c2475,length_64_gap_8,0.078386306762695299
5,18,qseq_1f17912f3d8f9da9,length_64_gap_8,-0.00023794174194329999
5,18,qseq_492ddced5e4b2559,length_64_gap_8,-0.078356742858886705
5,18,qseq_131de4ffcd89e6e9,length_64_gap_8,0.0326206684112548
5,18,qseq_2eba76d2215c33b9,length_64_gap_8,-0.0085101127624511008
5,18,qseq_a1c3fb56cf8462bb,length_64_gap_8,0.21235513687133781
5,18,qseq_dcd58d81cb05e28d,length_64_gap_8,0.15615248680114741
5,18,qseq_6715416239d80838,length_64_gap_8,0.094854831695556599
5,18,qseq_8d499f91b4526a3a,length_64_gap_8,0.10502052307128899
5,18,qseq_587220b2bc085b31,length_64_gap_8,0.33208703994750971
5,18,qseq_69cc809df6a6f6c9,length_64_gap_8,-0.21014738082885739
5,18,qseq_b92aea251b1eff2b,length_64_gap_8,0.060706138610839802
5,18,qseq_4f51e954884cdf48,length_64_gap_8,-0.075852870941162095
5,18,qseq_fe9ddd894232689b,length_64_gap_8,0.030163288116454998
5,18,qseq_c12d62810ba631af,length_64_gap_8,0.013662815093994101
5,18,qseq_5e9dad96f848721b,length_64_gap_8,0.1181974411010742
5,18,qseq_32e4b0f9ec8b30ce,length_64_gap_8,0.1103715896606445
5,18,qseq_eab2e57f5041e3f9,length_64_gap_8,0.046875
5,18,qseq_845854475db5ae4a,length_64_gap_8,0.017920494079589799
5,18,qseq_8688a95186e10f9c,length_64_gap_8,-0.033460140228271401
5,18,qseq_e8c2d067e77fc845,length_64_gap_8,0.060723304748535101
5,18,qseq_c0d3d38e8bedac65,length_64_gap_8,0.084494590759277302
5,18,qseq_84ff4fbaaa20d8cc,length_64_gap_8,0.022480010986328101
5,18,qseq_a0de254948a6e5bf,length_64_gap_16,-0.031947135925292899
5,18,qseq_b0e4d687f94733dc,length_64_gap_16,-0.16052412986755371
5,18,qseq_be52c9a76238a7d9,length_64_gap_16,0.0087611675262450998
5,18,qseq_f37fbd079a3b6bde,length_64_gap_16,-0.062120914459228502
5,18,qseq_ecccef08f74a0d62,length_64_gap_16,-0.0105552673339843
5,18,qseq_3b5d281e4d3fc2c2,length_64_gap_16,0.061160087585449198
5,18,qseq_d1e08ad378e2d77d,length_64_gap_16,-0.044229030609130797
5,18,qseq_7e4b4a517eef4bbc,length_64_gap_16,0.070334672927856404
5,18,qseq_8b91b6dc4c4ad5a7,length_64_gap_16,0.081633090972900293
5,18,qseq_61c50fa15c9aaf25,length_64_gap_16,0.0145130157470703
5,18,qseq_eb6a949eb0642356,length_64_gap_16,0.062122344970703097
5,18,qseq_ccbe5bac490d61b5,length_64_gap_16,-0.018587112426757799
5,18,qseq_ae9e47b71d61c01f,length_64_gap_16,0.1768574714660644
5,18,qseq_c423f0620a3bd358,length_64_gap_16,-0.017191886901855399
5,18,qseq_b7edc17d7108c749,length_64_gap_16,0.092761039733886705
5,18,qseq_c0b98a93360f9565,length_64_gap_16,-0.029615402221679601
5,18,qseq_b6de0520ecba0cb7,length_64_gap_16,-0.1249237060546875
5,18,qseq_adc73ff9cfa008e2,length_64_gap_16,-0.0096840858459471997
5,18,qseq_2940a4d578561754,length_64_gap_16,-0.081357002258300698
5,18,qseq_30994fe2dabf428d,length_64_gap_16,-0.011533737182617101
5,18,qseq_949a4801d597a033,length_64_gap_16,-0.054121971130370997
5,18,qseq_c5b16a3541c1277e,length_64_gap_16,-0.067942142486572196
5,18,qseq_9431506847fefb45,length_64_gap_16,-0.030650377273559501
5,18,qseq_5c36d742824efa4b,length_64_gap_16,0.0017671585083006999
5,18,qseq_05d8cddf3ea281a9,length_64_gap_16,0.0518937110900878
5,18,qseq_f17674cc4392f3bf,length_64_gap_16,0.1630091667175293
5,18,qseq_382e6ced8b87a663,length_64_gap_16,0.088596940040588296
5,18,qseq_fe5cd0e334e253c1,length_64_gap_16,0.0013513565063476001
5,18,qseq_b417731b953269a4,length_64_gap_16,0.097892284393310505
5,18,qseq_450cbb29b12c67b7,length_64_gap_16,-0.13506984710693351
5,18,qseq_a30ec5f4c977bbc8,length_64_gap_16,-0.0053391456604003004
5,18,qseq_f52fc5c697a8e7f5,length_64_gap_16,0.075807571411132799
5,18,qseq_396aff10bb95400f,length_64_gap_16,-0.0082006454467773004
5,18,qseq_82c1df8241dca3cf,length_64_gap_16,0.09210205078125
5,18,qseq_204175b8e8f592ff,length_64_gap_16,0.038887500762939398
5,18,qseq_b7054e022b918880,length_64_gap_16,0.00592041015625
5,18,qseq_ba8a8e9d30f030c0,length_64_gap_16,-0.00086164474487300004
5,18,qseq_57bd27a9adf994ef,length_64_gap_16,-0.0097113847732543009
5,18,qseq_df9ba99fcdbb78f6,length_64_gap_16,-0.087460517883300698
5,18,qseq_c7f36be3fc9142a4,length_64_gap_16,0.053474903106689398
5,18,qseq_bb25837841d78095,length_64_gap_16,0.095198154449462793
5,18,qseq_89060805f114dcc8,length_64_gap_16,0.13153219223022461
5,18,qseq_cfce5ff0ec658964,length_64_gap_16,0.046875
5,18,qseq_84f8cb3faeb6a744,length_64_gap_16,-0.031394004821777302
5,18,qseq_42c429c411c30673,length_64_gap_16,-0.093813896179199205
5,18,qseq_1d8ea3a6efaf9fab,length_64_gap_16,-0.031446218490600503
5,18,qseq_a1e47f7cb49b58b7,length_64_gap_16,0.090149879455566406
5,18,qseq_75975c5fcfe56f9f,length_64_gap_16,-0.1120452880859375
5,18,qseq_8a0db1772110a4a8,length_64_gap_16,0.020594596862792899
5,18,qseq_5f7ce90f26f794f5,length_64_gap_16,-0.057697296142578097
5,18,qseq_f2f94c41d471f1c4,length_64_gap_16,0.039731502532958901
5,18,qseq_d57f36c4148c49c6,length_64_gap_16,-0.1010065078735351
5,18,qseq_fdf96662daefa822,length_64_gap_16,0.066854000091552707
5,18,qseq_4b71f66c27222d97,length_64_gap_16,-0.12646007537841791
5,18,qseq_a1e8b0d618f525ce,length_64_gap_16,-0.078125
5,18,qseq_8597a5fd74382a82,length_64_gap_16,0.033912658691406201
5,18,qseq_2317dd357fbf5323,length_64_gap_16,-0.047165393829345703
5,18,qseq_44b93471651b7136,length_64_gap_16,-0.1272315979003906
5,18,qseq_9936aeb4dac5517c,length_64_gap_16,0.014246940612792899
5,18,qseq_4118977d719f3b17,length_64_gap_16,0.21357345581054679
5,18,qseq_622c80501e6559b9,length_64_gap_16,0.0858612060546875
5,18,qseq_995d48cc4618a5d7,length_64_gap_16,0.048946380615234299
5,18,qseq_2a1a4deb70ed1a8f,length_64_gap_16,-0.052895545959472601
5,18,qseq_d83a3e748cb0801e,length_64_gap_16,0.0189714431762695
16,7,qseq_00cb1c1a51bbd477,length_32_gap_8,0.30340075492858881
16,7,qseq_fdb0d02eb17a3ad5,length_32_gap_8,0.1060152053833007
16,7,qseq_0fb480259789823d,length_32_gap_8,-0.061767578125
16,7,qseq_a2e6bd810032888a,length_32_gap_8,0.1056818962097168
16,7,qseq_5ce005c7be85e2b9,length_32_gap_8,0.017338752746582
16,7,qseq_9c1391f827e05414,length_32_gap_8,0.17565393447875971
16,7,qseq_b5c59e25abaa4090,length_32_gap_8,-0.0246703624725341
16,7,qseq_9aa233d4f18630ef,length_32_gap_8,-0.0509476661682128
16,7,qseq_36581fc0e870746a,length_32_gap_8,-0.1279430389404296
16,7,qseq_f1250fa423e1545e,length_32_gap_8,-0.2293999195098877
16,7,qseq_82e41c38cbe9078a,length_32_gap_8,0.1355743408203125
16,7,qseq_d0b29249fa160784,length_32_gap_8,-0.043192863464355399
16,7,qseq_05f13a28471ab531,length_32_gap_8,0.12418556213378899
16,7,qseq_f1b36b9fae18111b,length_32_gap_8,-0.1045422554016113
16,7,qseq_83e6b8683b1256b2,length_32_gap_8,0.056253433227539
16,7,qseq_67044cfad9f21ecb,length_32_gap_8,0.031223297119140601
16,7,qseq_70ea623170fa926c,length_32_gap_8,-0.096047401428222601
16,7,qseq_5b73de916863d399,length_32_gap_8,-0.067612171173095703
16,7,qseq_db732a487a875289,length_32_gap_8,-0.062774658203125
16,7,qseq_fd7563a3a3cec767,length_32_gap_8,-0.077118873596191406
16,7,qseq_d6183e1df454b220,length_32_gap_8,-0.072525978088378906
16,7,qseq_1355795077be0f50,length_32_gap_8,-0.031238079071044901
16,7,qseq_8b0497deeb8bcaef,length_32_gap_8,0.14046001434326169
16,7,qseq_1fb3a17d5dccef31,length_32_gap_8,0.0010099411010742001
16,7,qseq_a17078d2a6b4b999,length_32_gap_8,0.31444787979125971
16,7,qseq_9e89898b6bb8b44e,length_32_gap_8,0.20017528533935541
16,7,qseq_52f1b1128f7f8827,length_32_gap_8,-0.15603256225585929
16,7,qseq_d4bff5080bd4daa2,length_32_gap_8,-0.12302398681640619
16,7,qseq_bc537eed9a30ad79,length_32_gap_8,0.4563989639282226
16,7,qseq_4e294cfbb31deac6,length_32_gap_8,-0.28680896759033198
16,7,qseq_a9426dae73873222,length_32_gap_8,0.17604184150695801
16,7,qseq_84c7ecb2a5f6fb74,length_32_gap_8,-0.0869772434234619
16,7,qseq_2232308bba387df3,length_32_gap_8,0.0077414512634276997
16,7,qseq_c651ff600b8839df,length_32_gap_8,0.016345977783203101
16,7,qseq_bdd4291ac8449310,length_32_gap_8,-0.029091835021972601
16,7,qseq_eee8756396fe6af2,length_32_gap_8,0.022224426269531201
16,7,qseq_d27c4368416fdc93,length_32_gap_8,0.1689491271972656
16,7,qseq_1bc3d720581f5d2b,length_32_gap_8,0.062586784362792899
16,7,qseq_d1b8220e931c7fd7,length_32_gap_8,-0.18283700942993161
16,7,qseq_f3612a27015ba1ca,length_32_gap_8,0.053865432739257799
16,7,qseq_983999860e3f68fa,length_32_gap_8,0.37065505981445312
16,7,qseq_3cc6488c0780e435,length_32_gap_8,-0.038417816162109299
16,7,qseq_896e75303fd36619,length_32_gap_8,-0.052849769592285101
16,7,qseq_bb44694bf88faab7,length_32_gap_8,0.093716144561767495
16,7,qseq_676b73120ca2a061,length_32_gap_8,0.024685859680175701
16,7,qseq_03289c2c4536e699,length_32_gap_8,0.0551731586456298
16,7,qseq_62632b972840b049,length_32_gap_8,-0.16944313049316401
16,7,qseq_f5d56d42459ee9bc,length_32_gap_8,0.088840007781982394
16,7,qseq_32bc0ad658c10a1c,length_32_gap_8,-0.1701173782348632
16,7,qseq_4da58de5cf93ae4a,length_32_gap_8,0.14518833160400391
16,7,qseq_5e6685ba720055c7,length_32_gap_8,-0.13194465637207031
16,7,qseq_2cfb75f54306c844,length_32_gap_8,-0.1107149124145507
16,7,qseq_8345587890d3c14f,length_32_gap_8,-0.065557479858398396
16,7,qseq_46afeffe5dd0d89f,length_32_gap_8,-0.0240330696105957
16,7,qseq_b592f6abbb02f055,length_32_gap_8,0.11107635498046869
16,7,qseq_3d813b4e2f642750,length_32_gap_8,0.1138906478881835
16,7,qseq_c3ccf9967efbcd30,length_32_gap_8,0.039995193481445299
16,7,qseq_029bb1fad3e341b6,length_32_gap_8,0.42837905883789062
16,7,qseq_f0a1548c14cbff39,length_32_gap_8,0.0179948806762695
16,7,qseq_ce67b9d37322c254,length_32_gap_8,-0.071635246276855399
16,7,qseq_1d5def43cbaaf204,length_32_gap_8,0.26579904556274409
16,7,qseq_ef053ee48a778a2d,length_32_gap_8,-0.0801281929016113
16,7,qseq_aad6bf2a44151808,length_32_gap_8,0.0054492950439453004
16,7,qseq_8efc9f11c7cf051c,length_32_gap_8,-0.18282127380371091
16,7,qseq_8e716ecd02e0f73a,length_32_gap_16,0.49324417114257812
16,7,qseq_1595750272a9182b,length_32_gap_16,-0.09375
16,7,qseq_bcb1e40d4e33a983,length_32_gap_16,0.18509674072265619
16,7,qseq_918b1e8c99f205fc,length_32_gap_16,0.1119179725646972
16,7,qseq_9bcb64e386770afd,length_32_gap_16,0.019198417663574201
16,7,qseq_f308f77da35e5150,length_32_gap_16,0.0333085060119628
16,7,qseq_3d452bb0ed05ae44,length_32_gap_16,-0.1002960205078125
16,7,qseq_5e121f37966766e3,length_32_gap_16,0.029701232910156201
16,7,qseq_7d05ec534f8e7970,length_32_gap_16,0.062619209289550698
16,7,qseq_1a641e032f933a96,length_32_gap_16,-0.061045169830322203
16,7,qseq_afb04c9fd38b4a73,length_32_gap_16,-0.016291618347167899
16,7,qseq_0a7044add0a71938,length_32_gap_16,-0.034844160079955999
16,7,qseq_ad84a1c2bee1922b,length_32_gap_16,-0.029101371765136701
16,7,qseq_0449b2f15993e9e3,length_32_gap_16,0.025944709777832
16,7,qseq_e239bfe29ce1339d,length_32_gap_16,-0.28116321563720698
16,7,qseq_1c01b2c0b82e7c86,length_32_gap_16,0.18405389785766599
16,7,qseq_5a6f346a0090499e,length_32_gap_16,-0.1249713897705078
16,7,qseq_23e29e93fa14dc22,length_32_gap_16,-0.49371433258056641
16,7,qseq_aed28d8945a5fd51,length_32_gap_16,-0.13375091552734369
16,7,qseq_64af7706440b2eb6,length_32_gap_16,-0.057383537292480399
16,7,qseq_9b65b35ce09e05fc,length_32_gap_16,-0.12785625457763669
16,7,qseq_9966ff37eb81ef5e,length_32_gap_16,-0.068857192993163993
16,7,qseq_2f710e8798ec9e71,length_32_gap_16,-0.098147392272949205
16,7,qseq_11b039baed6684b4,length_32_gap_16,0.030117034912109299
16,7,qseq_60e817fc1eb4a770,length_32_gap_16,0.28116559982299799
16,7,qseq_704ee3aa78d74315,length_32_gap_16,-0.061882972717285101
16,7,qseq_56aa2892fb9d4215,length_32_gap_16,-0.38599157333374018
16,7,qseq_cfd0f3fa73dabac6,length_32_gap_16,-0.0043702125549315999
16,7,qseq_4d8b8abbf9e82df2,length_32_gap_16,0.15984725952148429
16,7,qseq_dc290e31b0f7fee9,length_32_gap_16,-0.015625
16,7,qseq_d59e491f27122012,length_32_gap_16,-0.026413917541503899
16,7,qseq_0d1644fe34089dc5,length_32_gap_16,0.35081100463867182
16,7,qseq_b0f1c882cbfc023b,length_32_gap_16,0.0095806121826171008
16,7,qseq_ae326193ef533b6f,length_32_gap_16,-0.0153827667236328
16,7,qseq_b90113f916a4ef25,length_32_gap_16,-0.034028053283691399
16,7,qseq_47db8e82e82ab9ab,length_32_gap_16,0.13291168212890619
16,7,qseq_1bd1876170be1293,length_32_gap_16,-0.0261688232421875
16,7,qseq_28a6625244b67550,length_32_gap_16,0.2343266010284423
16,7,qseq_0319d5aa3b7a2109,length_32_gap_16,0.1307573318481445
16,7,qseq_b4281d845cf8791c,length_32_gap_16,0.061972618103027302
16,7,qseq_eb72d6b6095aa9bf,length_32_gap_16,0.2788777351379394
16,7,qseq_2a530f25c94c88b0,length_32_gap_16,-0.036346435546875
16,7,qseq_b90ee294cda3f4ef,length_32_gap_16,0.27864503860473627
16,7,qseq_2194e53c28d8ac06,length_32_gap_16,-0.18574380874633781
16,7,qseq_cd35a5d7a5f5a555,length_32_gap_16,0.1844673156738281
16,7,qseq_e3fd7e822923d545,length_32_gap_16,0.098567962646484306
16,7,qseq_3c1160a318793be3,length_32_gap_16,0.33142852783203119
16,7,qseq_a4167c2fe5df8c7f,length_32_gap_16,-0.030484199523925701
16,7,qseq_fa6f788e8ca0ef62,length_32_gap_16,0.14880657196044919
16,7,qseq_98487b25edb3051f,length_32_gap_16,0.0031723976135253
16,7,qseq_1f823851ae16f13f,length_32_gap_16,0.21551847457885739
16,7,qseq_b190b48533f45a2c,length_32_gap_16,0.095215797424316406
16,7,qseq_63d72c96ef626e2d,length_32_gap_16,0.1064863204956054
16,7,qseq_a28e2ec155ecc582,length_32_gap_16,0.38233661651611323
16,7,qseq_eb02fc157dd74784,length_32_gap_16,0.17498970031738281
16,7,qseq_e887c4a51d9b260c,length_32_gap_16,0.21433925628662101
16,7,qseq_dee021939107fbde,length_32_gap_16,0.1072030067443847
16,7,qseq_affe6175ca94dda2,length_32_gap_16,-0.034563541412353502
16,7,qseq_7be057ad143b9690,length_32_gap_16,0.16858863830566401
16,7,qseq_24f5b4f7f640338f,length_32_gap_16,0.071848869323730399
16,7,qseq_43ebed208484255f,length_32_gap_16,-0.061979293823242097
16,7,qseq_c613b96c7912d379,length_32_gap_16,0.14952635765075681
16,7,qseq_7f5aade052d4177f,length_32_gap_16,-0.1248369216918945
16,7,qseq_ee49c796752d8710,length_32_gap_16,0.13204002380371091
16,7,qseq_b3f568f628b46423,length_64_gap_8,0.0076899528503416997
16,7,qseq_2fb25780aa1dbffa,length_64_gap_8,0.29597043991088862
16,7,qseq_fd1170e3dcd5f55e,length_64_gap_8,-0.18673229217529291
16,7,qseq_24b25ead5a4620eb,length_64_gap_8,0.2117767333984375
16,7,qseq_4074ee710223309a,length_64_gap_8,0.21785116195678711
16,7,qseq_4279be38393632ff,length_64_gap_8,0.14826488494873041
16,7,qseq_a128a3ad062f254f,length_64_gap_8,0.080011844635009696
16,7,qseq_40546941dd2db2c4,length_64_gap_8,0.1800537109375
16,7,qseq_bd1d709ea9de2442,length_64_gap_8,-0.078125
16,7,qseq_0701dad0bea1f82c,length_64_gap_8,0.1986477375030517
16,7,qseq_1922d44b2343c70a,length_64_gap_8,-0.023377895355224599
16,7,qseq_730ee300e88dbdc9,length_64_gap_8,-0.1755223274230957
16,7,qseq_5b194ba92705c9b8,length_64_gap_8,-0.027682781219482401
16,7,qseq_021ce8a6eb41287d,length_64_gap_8,0.28197765350341791
16,7,qseq_039bccf871e60190,length_64_gap_8,0.0502982139587402
16,7,qseq_c9895be6cd96e125,length_64_gap_8,-0.034739494323730399
16,7,qseq_e517bd5620ecf760,length_64_gap_8,0.30472278594970698
16,7,qseq_05be70e9da000c21,length_64_gap_8,-0.19240951538085929
16,7,qseq_9e0484c8cf5ddfc6,length_64_gap_8,0.16542387008666989
16,7,qseq_d8653dab52d91576,length_64_gap_8,-0.093493461608886705
16,7,qseq_7c7ae2fc6a76be76,length_64_gap_8,0
16,7,qseq_eea059d57beab37f,length_64_gap_8,0.079652786254882799
16,7,qseq_8fee472e774e69bb,length_64_gap_8,0.55619621276855458
16,7,qseq_6a6e891f0af35a46,length_64_gap_8,0.087443351745605399
16,7,qseq_a6eb78d92d0c43ab,length_64_gap_8,0.080803871154785101
16,7,qseq_4eb4bdf24b06d78c,length_64_gap_8,0.21004486083984369
16,7,qseq_772ec14d440e73c4,length_64_gap_8,0.51026248931884755
16,7,qseq_c9795ce42618194e,length_64_gap_8,0.1516082286834716
16,7,qseq_ad3d3bcb9795d514,length_64_gap_8,0.018966913223266602
16,7,qseq_1e356400a385b9c8,length_64_gap_8,-0.083928108215332003
16,7,qseq_200c199e7437db70,length_64_gap_8,0.032120704650878899
16,7,qseq_f93016a2d910f6d4,length_64_gap_8,0.1712312698364257
16,7,qseq_b26f645287ad75c3,length_64_gap_8,-0.0058155059814453004
16,7,qseq_5dbd77e6301a4d88,length_64_gap_8,0.0316104888916015
16,7,qseq_1f519fea8800a91a,length_64_gap_8,-0.1232290267944335
16,7,qseq_c22690e962dda79a,length_64_gap_8,0.4865047931671142
16,7,qseq_aa1bf93acfa1394f,length_64_gap_8,-0.28191757202148432
16,7,qseq_c7e2bf5dffccfdb4,length_64_gap_8,0.018963813781738201
16,7,qseq_f0b7c35e28157360,length_64_gap_8,-0.1755671501159668
16,7,qseq_5b3541bc4ecd5520,length_64_gap_8,-0.13806438446044919
16,7,qseq_51105068c69885d2,length_64_gap_8,-0.17444694042205811
16,7,qseq_1fa7df7dac6c2475,length_64_gap_8,0.061109542846679597
16,7,qseq_1f17912f3d8f9da9,length_64_gap_8,-0.00035142898559569998
16,7,qseq_492ddced5e4b2559,length_64_gap_8,-0.0319352149963378
16,7,qseq_131de4ffcd89e6e9,length_64_gap_8,-0.12552547454833979
16,7,qseq_2eba76d2215c33b9,length_64_gap_8,0.088634967803954995
16,7,qseq_a1c3fb56cf8462bb,length_64_gap_8,0.23231005668640131
16,7,qseq_dcd58d81cb05e28d,length_64_gap_8,0.1097805500030517
16,7,qseq_6715416239d80838,length_64_gap_8,-0.13561105728149411
16,7,qseq_8d499f91b4526a3a,length_64_gap_8,0.054716110229492097
16,7,qseq_587220b2bc085b31,length_64_gap_8,-0.2435808181762695
16,7,qseq_69cc809df6a6f6c9,length_64_gap_8,0.609375
16,7,qseq_b92aea251b1eff2b,length_64_gap_8,0.29595756530761708
16,7,qseq_4f51e954884cdf48,length_64_gap_8,0.1189007759094238
16,7,qseq_fe9ddd894232689b,length_64_gap_8,-0.058570384979247998
16,7,qseq_c12d62810ba631af,length_64_gap_8,0.14317655563354489
16,7,qseq_5e9dad96f848721b,length_64_gap_8,0.028306007385253899
16,7,qseq_32e4b0f9ec8b30ce,length_64_gap_8,0.1031880378723144
16,7,qseq_eab2e57f5041e3f9,length_64_gap_8,-0.0069918632507324002
16,7,qseq_845854475db5ae4a,length_64_gap_8,-0.1134030818939209
16,7,qseq_8688a95186e10f9c,length_64_gap_8,0.10994911193847649
16,7,qseq_e8c2d067e77fc845,length_64_gap_8,0.039513349533080999
16,7,qseq_c0d3d38e8bedac65,length_64_gap_8,0.028614044189453101
16,7,qseq_84ff4fbaaa20d8cc,length_64_gap_8,0.045522689819335903
16,7,qseq_a0de254948a6e5bf,length_64_gap_16,-0.3606495857238769
16,7,qseq_b0e4d687f94733dc,length_64_gap_16,0.0114126205444335
16,7,qseq_be52c9a76238a7d9,length_64_gap_16,-0.087443351745605399
16,7,qseq_f37fbd079a3b6bde,length_64_gap_16,0.2394709587097168
16,7,qseq_ecccef08f74a0d62,length_64_gap_16,0.041941404342651298
16,7,qseq_3b5d281e4d3fc2c2,length_64_gap_16,-0.042402267456054597
16,7,qseq_d1e08ad378e2d77d,length_64_gap_16,0.087328433990478502
16,7,qseq_7e4b4a517eef4bbc,length_64_gap_16,-0.30102419853210438
16,7,qseq_8b91b6dc4c4ad5a7,length_64_gap_16,0.0724530220031738
16,7,qseq_61c50fa15c9aaf25,length_64_gap_16,0.012740135192871
16,7,qseq_eb6a949eb0642356,length_64_gap_16,0.1319117546081543
16,7,qseq_ccbe5bac490d61b5,length_64_gap_16,-0.040139198303222601
16,7,qseq_ae9e47b71d61c01f,length_64_gap_16,0.0151214599609375
16,7,qseq_c423f0620a3bd358,length_64_gap_16,0.047916412353515597
16,7,qseq_b7edc17d7108c749,length_64_gap_16,0.23228359222412101
16,7,qseq_c0b98a93360f9565,length_64_gap_16,-0.0045228004455565999
16,7,qseq_b6de0520ecba0cb7,length_64_gap_16,-0.00017166137695310001
16,7,qseq_adc73ff9cfa008e2,length_64_gap_16,0.097651958465576102
16,7,qseq_2940a4d578561754,length_64_gap_16,-0.014379978179931601
16,7,qseq_30994fe2dabf428d,length_64_gap_16,0.18707370758056641
16,7,qseq_949a4801d597a033,length_64_gap_16,-0.055248737335205002
16,7,qseq_c5b16a3541c1277e,length_64_gap_16,-0.15795087814331049
16,7,qseq_9431506847fefb45,length_64_gap_16,0.2067039012908935
16,7,qseq_5c36d742824efa4b,length_64_gap_16,0.047109603881835903
16,7,qseq_05d8cddf3ea281a9,length_64_gap_16,-0.41047191619873041
16,7,qseq_f17674cc4392f3bf,length_64_gap_16,0.069279670715332003
16,7,qseq_382e6ced8b87a663,length_64_gap_16,0.018920540809631299
16,7,qseq_fe5cd0e334e253c1,length_64_gap_16,-0.026298046112060498
16,7,qseq_b417731b953269a4,length_64_gap_16,0.1280450820922851
16,7,qseq_450cbb29b12c67b7,length_64_gap_16,-0.1127214431762695
16,7,qseq_a30ec5f4c977bbc8,length_64_gap_16,0.049796104431152302
16,7,qseq_f52fc5c697a8e7f5,length_64_gap_16,0.0250234603881835
16,7,qseq_396aff10bb95400f,length_64_gap_16,-0.024142265319824201
16,7,qseq_82c1df8241dca3cf,length_64_gap_16,0.18880271911621091
16,7,qseq_204175b8e8f592ff,length_64_gap_16,0.054181575775146401
16,7,qseq_b7054e022b918880,length_64_gap_16,-0.0010213851928710001
16,7,qseq_ba8a8e9d30f030c0,length_64_gap_16,0.29860281944274902
16,7,qseq_57bd27a9adf994ef,length_64_gap_16,0.11387968063354489
16,7,qseq_df9ba99fcdbb78f6,length_64_gap_16,0.028226852416992101
16,7,qseq_c7f36be3fc9142a4,length_64_gap_16,-0.10822486877441399
16,7,qseq_bb25837841d78095,length_64_gap_16,0.060846805572509703
16,7,qseq_89060805f114dcc8,length_64_gap_16,0.1076984405517578
16,7,qseq_cfce5ff0ec658964,length_64_gap_16,0.46808004379272461
16,7,qseq_84f8cb3faeb6a744,length_64_gap_16,-0.0615382194519042
16,7,qseq_42c429c411c30673,length_64_gap_16,-0.17859840393066401
16,7,qseq_1d8ea3a6efaf9fab,length_64_gap_16,-0.078187227249145494
16,7,qseq_a1e47f7cb49b58b7,length_64_gap_16,0.026154518127441399
16,7,qseq_75975c5fcfe56f9f,length_64_gap_16,0.1525697708129882
16,7,qseq_8a0db1772110a4a8,length_64_gap_16,-0.07421875
16,7,qseq_5f7ce90f26f794f5,length_64_gap_16,0.083878993988037095
16,7,qseq_f2f94c41d471f1c4,length_64_gap_16,-0.070533752441406194
16,7,qseq_d57f36c4148c49c6,length_64_gap_16,-0.047110080718994099
16,7,qseq_fdf96662daefa822,length_64_gap_16,0.10275363922119141
16,7,qseq_4b71f66c27222d97,length_64_gap_16,0.1507110595703125
16,7,qseq_a1e8b0d618f525ce,length_64_gap_16,0
16,7,qseq_8597a5fd74382a82,length_64_gap_16,0.055910110473632799
16,7,qseq_2317dd357fbf5323,length_64_gap_16,-0.078508853912353502
16,7,qseq_44b93471651b7136,length_64_gap_16,0.050745487213134703
16,7,qseq_9936aeb4dac5517c,length_64_gap_16,-0.095663070678710896
16,7,qseq_4118977d719f3b17,length_64_gap_16,-0.11364150047302241
16,7,qseq_622c80501e6559b9,length_64_gap_16,-0.039286375045776298
16,7,qseq_995d48cc4618a5d7,length_64_gap_16,-0.078125
16,7,qseq_2a1a4deb70ed1a8f,length_64_gap_16,-0.062116622924804597
16,7,qseq_d83a3e748cb0801e,length_64_gap_16,0.018047332763671799
14,1,qseq_00cb1c1a51bbd477,length_32_gap_8,0.14127564430236811
14,1,qseq_fdb0d02eb17a3ad5,length_32_gap_8,-0.034388542175292899
14,1,qseq_0fb480259789823d,length_32_gap_8,-0.052766323089599602
14,1,qseq_a2e6bd810032888a,length_32_gap_8,0.054584503173828097
14,1,qseq_5ce005c7be85e2b9,length_32_gap_8,-0.0017030239105224
14,1,qseq_9c1391f827e05414,length_32_gap_8,0.068651199340820299
14,1,qseq_b5c59e25abaa4090,length_32_gap_8,0.031521558761596603
14,1,qseq_9aa233d4f18630ef,length_32_gap_8,0.03125
14,1,qseq_36581fc0e870746a,length_32_gap_8,-0.010015487670898399
14,1,qseq_f1250fa423e1545e,length_32_gap_8,-0.076905727386474595
14,1,qseq_82e41c38cbe9078a,length_32_gap_8,-0.0484910011291503
14,1,qseq_d0b29249fa160784,length_32_gap_8,-0.042935371398925698
14,1,qseq_05f13a28471ab531,length_32_gap_8,-0.32123088836669922
14,1,qseq_f1b36b9fae18111b,length_32_gap_8,0.091423511505126898
14,1,qseq_83e6b8683b1256b2,length_32_gap_8,-0.17989540100097651
14,1,qseq_67044cfad9f21ecb,length_32_gap_8,-0.031363010406494099
14,1,qseq_70ea623170fa926c,length_32_gap_8,-0.013887882232666
14,1,qseq_5b73de916863d399,length_32_gap_8,-0.082804679870605399
14,1,qseq_db732a487a875289,length_32_gap_8,-0.0314579010009765
14,1,qseq_fd7563a3a3cec767,length_32_gap_8,0.13487815856933591
14,1,qseq_d6183e1df454b220,length_32_gap_8,0.1387004852294921
14,1,qseq_1355795077be0f50,length_32_gap_8,-0.0625
14,1,qseq_8b0497deeb8bcaef,length_32_gap_8,0.077745437622070299
14,1,qseq_1fb3a17d5dccef31,length_32_gap_8,0.063407897949218694
14,1,qseq_a17078d2a6b4b999,length_32_gap_8,-0.086673259735107394
14,1,qseq_9e89898b6bb8b44e,length_32_gap_8,0.0132560729980468
14,1,qseq_52f1b1128f7f8827,length_32_gap_8,-0.15615081787109369
14,1,qseq_d4bff5080bd4daa2,length_32_gap_8,-0.0579681396484375
14,1,qseq_bc537eed9a30ad79,length_32_gap_8,0.045319080352783203
14,1,qseq_4e294cfbb31deac6,length_32_gap_8,0.188934326171875
14,1,qseq_a9426dae73873222,length_32_gap_8,0.123401403427124
14,1,qseq_84c7ecb2a5f6fb74,length_32_gap_8,0.00061345100402830004
14,1,qseq_2232308bba387df3,length_32_gap_8,0.1083021163940429
14,1,qseq_c651ff600b8839df,length_32_gap_8,0.045661926269531201
14,1,qseq_bdd4291ac8449310,length_32_gap_8,0.021427154541015601
14,1,qseq_eee8756396fe6af2,length_32_gap_8,-0.059369087219238198
14,1,qseq_d27c4368416fdc93,length_32_gap_8,0.0078125
14,1,qseq_1bc3d720581f5d2b,length_32_gap_8,0.031278133392333901
14,1,qseq_d1b8220e931c7fd7,length_32_gap_8,0.063498497009277302
14,1,qseq_f3612a27015ba1ca,length_32_gap_8,0.13586330413818351
14,1,qseq_983999860e3f68fa,length_32_gap_8,0.082263469696044894
14,1,qseq_3cc6488c0780e435,length_32_gap_8,-0.028923511505126901
14,1,qseq_896e75303fd36619,length_32_gap_8,-0.17070674896240229
14,1,qseq_bb44694bf88faab7,length_32_gap_8,0.0156846046447753
14,1,qseq_676b73120ca2a061,length_32_gap_8,0.132720947265625
14,1,qseq_03289c2c4536e699,length_32_gap_8,-0.15638399124145499
14,1,qseq_62632b972840b049,length_32_gap_8,-0.0087666511535643993
14,1,qseq_f5d56d42459ee9bc,length_32_gap_8,0.0073037147521971997
14,1,qseq_32bc0ad658c10a1c,length_32_gap_8,-0.077252388000488198
14,1,qseq_4da58de5cf93ae4a,length_32_gap_8,0.16939353942871091
14,1,qseq_5e6685ba720055c7,length_32_gap_8,-0.0744476318359375
14,1,qseq_2cfb75f54306c844,length_32_gap_8,0.0262441635131835
14,1,qseq_8345587890d3c14f,length_32_gap_8,0.1185760498046875
14,1,qseq_46afeffe5dd0d89f,length_32_gap_8,-0.057758331298828097
14,1,qseq_b592f6abbb02f055,length_32_gap_8,0.051563262939453097
14,1,qseq_3d813b4e2f642750,length_32_gap_8,-0.022068023681640601
14,1,qseq_c3ccf9967efbcd30,length_32_gap_8,0.14085483551025391
14,1,qseq_029bb1fad3e341b6,length_32_gap_8,0.049440383911132799
14,1,qseq_f0a1548c14cbff39,length_32_gap_8,0.019721984863281201
14,1,qseq_ce67b9d37322c254,length_32_gap_8,0.0056300163269041997
14,1,qseq_1d5def43cbaaf204,length_32_gap_8,-0.109804630279541
14,1,qseq_ef053ee48a778a2d,length_32_gap_8,0.065217018127441406
14,1,qseq_aad6bf2a44151808,length_32_gap_8,0.075458526611328097
14,1,qseq_8efc9f11c7cf051c,length_32_gap_8,0.15725994110107419
14,1,qseq_8e716ecd02e0f73a,length_32_gap_16,0.061876296997070299
14,1,qseq_1595750272a9182b,length_32_gap_16,0
14,1,qseq_bcb1e40d4e33a983,length_32_gap_16,0.0625
14,1,qseq_918b1e8c99f205fc,length_32_gap_16,0.063599586486816406
14,1,qseq_9bcb64e386770afd,length_32_gap_16,0.000192642211914
14,1,qseq_f308f77da35e5150,length_32_gap_16,0.0348358154296875
14,1,qseq_3d452bb0ed05ae44,length_32_gap_16,0.013632297515869101
14,1,qseq_5e121f37966766e3,length_32_gap_16,0.057504415512084898
14,1,qseq_7d05ec534f8e7970,length_32_gap_16,0.027000427246093701
14,1,qseq_1a641e032f933a96,length_32_gap_16,-0.1223969459533691
14,1,qseq_afb04c9fd38b4a73,length_32_gap_16,0.24989604949951169
14,1,qseq_0a7044add0a71938,length_32_gap_16,0.1330866813659668
14,1,qseq_ad84a1c2bee1922b,length_32_gap_16,0.0483756065368652
14,1,qseq_0449b2f15993e9e3,length_32_gap_16,0.10351181030273431
14,1,qseq_e239bfe29ce1339d,length_32_gap_16,0.046917438507080002
14,1,qseq_1c01b2c0b82e7c86,length_32_gap_16,0.18690776824951169
14,1,qseq_5a6f346a0090499e,length_32_gap_16,0.034074783325195299
14,1,qseq_23e29e93fa14dc22,length_32_gap_16,0.0015153884887695
14,1,qseq_aed28d8945a5fd51,length_32_gap_16,0.18895053863525391
14,1,qseq_64af7706440b2eb6,length_32_gap_16,-0.015625
14,1,qseq_9b65b35ce09e05fc,length_32_gap_16,-0.091493606567382799
14,1,qseq_9966ff37eb81ef5e,length_32_gap_16,-0.0146665573120117
14,1,qseq_2f710e8798ec9e71,length_32_gap_16,0.066946029663085896
14,1,qseq_11b039baed6684b4,length_32_gap_16,-0.00075817108154290001
14,1,qseq_60e817fc1eb4a770,length_32_gap_16,0.10932111740112301
14,1,qseq_704ee3aa78d74315,length_32_gap_16,0.040248394012451102
14,1,qseq_56aa2892fb9d4215,length_32_gap_16,0.1134624481201171
14,1,qseq_cfd0f3fa73dabac6,length_32_gap_16,0.022687435150146401
14,1,qseq_4d8b8abbf9e82df2,length_32_gap_16,0.095555305480957003
14,1,qseq_dc290e31b0f7fee9,length_32_gap_16,0.033614158630370997
14,1,qseq_d59e491f27122012,length_32_gap_16,0.0054473876953125
14,1,qseq_0d1644fe34089dc5,length_32_gap_16,0.070399284362792899
14,1,qseq_b0f1c882cbfc023b,length_32_gap_16,0.062810897827148396
14,1,qseq_ae326193ef533b6f,length_32_gap_16,0.099617958068847601
14,1,qseq_b90113f916a4ef25,length_32_gap_16,-0.1368904113769531
14,1,qseq_47db8e82e82ab9ab,length_32_gap_16,0.038057327270507799
14,1,qseq_1bd1876170be1293,length_32_gap_16,-0.044453620910644497
14,1,qseq_28a6625244b67550,length_32_gap_16,0.2448275089263916
14,1,qseq_0319d5aa3b7a2109,length_32_gap_16,0.0428509712219238
14,1,qseq_b4281d845cf8791c,length_32_gap_16,0.061872005462646401
14,1,qseq_eb72d6b6095aa9bf,length_32_gap_16,-0.21806573867797849
14,1,qseq_2a530f25c94c88b0,length_32_gap_16,0.075385093688964802
14,1,qseq_b90ee294cda3f4ef,length_32_gap_16,-0.13541746139526359
14,1,qseq_2194e53c28d8ac06,length_32_gap_16,0.12314176559448239
14,1,qseq_cd35a5d7a5f5a555,length_32_gap_16,0.094857215881347601
14,1,qseq_e3fd7e822923d545,length_32_gap_16,-0.044690608978271401
14,1,qseq_3c1160a318793be3,length_32_gap_16,0.0037651062011718
14,1,qseq_a4167c2fe5df8c7f,length_32_gap_16,0.032805442810058497
14,1,qseq_fa6f788e8ca0ef62,length_32_gap_16,0.1381163597106933
14,1,qseq_98487b25edb3051f,length_32_gap_16,0.096645355224609306
14,1,qseq_1f823851ae16f13f,length_32_gap_16,-0.031581878662109299
14,1,qseq_b190b48533f45a2c,length_32_gap_16,-0.062182426452636698
14,1,qseq_63d72c96ef626e2d,length_32_gap_16,0.049253463745117097
14,1,qseq_a28e2ec155ecc582,length_32_gap_16,0.069506645202636705
14,1,qseq_eb02fc157dd74784,length_32_gap_16,-0.0708465576171875
14,1,qseq_e887c4a51d9b260c,length_32_gap_16,-0.23835182189941401
14,1,qseq_dee021939107fbde,length_32_gap_16,0.066988945007324205
14,1,qseq_affe6175ca94dda2,length_32_gap_16,0.032646656036376898
14,1,qseq_7be057ad143b9690,length_32_gap_16,-0.056369304656982401
14,1,qseq_24f5b4f7f640338f,length_32_gap_16,-0.089423179626464802
14,1,qseq_43ebed208484255f,length_32_gap_16,-0.0610852241516113
14,1,qseq_c613b96c7912d379,length_32_gap_16,-0.1914184093475341
14,1,qseq_7f5aade052d4177f,length_32_gap_16,0.062614440917968694
14,1,qseq_ee49c796752d8710,length_32_gap_16,-0.043096542358398403
14,1,qseq_b3f568f628b46423,length_64_gap_8,0.092973709106445299
14,1,qseq_2fb25780aa1dbffa,length_64_gap_8,-0.0153074264526367
14,1,qseq_fd1170e3dcd5f55e,length_64_gap_8,-0.062053680419921799
14,1,qseq_24b25ead5a4620eb,length_64_gap_8,-0.018108367919921799
14,1,qseq_4074ee710223309a,length_64_gap_8,-0.097287654876708901
14,1,qseq_4279be38393632ff,length_64_gap_8,0.0393903255462646
14,1,qseq_a128a3ad062f254f,length_64_gap_8,0.078125
14,1,qseq_40546941dd2db2c4,length_64_gap_8,-0.0118331909179687
14,1,qseq_bd1d709ea9de2442,length_64_gap_8,0.028422832489013599
14,1,qseq_0701dad0bea1f82c,length_64_gap_8,0.037482500076293897
14,1,qseq_1922d44b2343c70a,length_64_gap_8,0.058113574981689398
14,1,qseq_730ee300e88dbdc9,length_64_gap_8,0.15801239013671869
14,1,qseq_5b194ba92705c9b8,length_64_gap_8,0.078017234802245997
14,1,qseq_021ce8a6eb41287d,length_64_gap_8,-0.047711372375488198
14,1,qseq_039bccf871e60190,length_64_gap_8,-0.16052532196044919
14,1,qseq_c9895be6cd96e125,length_64_gap_8,-0.062211036682128899
14,1,qseq_e517bd5620ecf760,length_64_gap_8,0.0043249130249023004
14,1,qseq_05be70e9da000c21,length_64_gap_8,-0.038781166076660101
14,1,qseq_9e0484c8cf5ddfc6,length_64_gap_8,0.2431526184082031
14,1,qseq_d8653dab52d91576,length_64_gap_8,0.1087427139282226
14,1,qseq_7c7ae2fc6a76be76,length_64_gap_8,0.1321299076080322
14,1,qseq_eea059d57beab37f,length_64_gap_8,-0.04296875
14,1,qseq_8fee472e774e69bb,length_64_gap_8,0.058785676956176702
14,1,qseq_6a6e891f0af35a46,length_64_gap_8,0.056193351745605399
14,1,qseq_a6eb78d92d0c43ab,length_64_gap_8,-0.0252065658569335
14,1,qseq_4eb4bdf24b06d78c,length_64_gap_8,0.010722637176513601
14,1,qseq_772ec14d440e73c4,length_64_gap_8,0.16931343078613281
14,1,qseq_c9795ce42618194e,length_64_gap_8,-0.0190699100494384
14,1,qseq_ad3d3bcb9795d514,length_64_gap_8,0.0198786258697509
14,1,qseq_1e356400a385b9c8,length_64_gap_8,-0.015625
14,1,qseq_200c199e7437db70,length_64_gap_8,0.13343429565429679
14,1,qseq_f93016a2d910f6d4,length_64_gap_8,0.000131607055664
14,1,qseq_b26f645287ad75c3,length_64_gap_8,0.048474788665771401
14,1,qseq_5dbd77e6301a4d88,length_64_gap_8,-0.046702384948730399
14,1,qseq_1f519fea8800a91a,length_64_gap_8,-0.072880744934082003
14,1,qseq_c22690e962dda79a,length_64_gap_8,0.19034814834594721
14,1,qseq_aa1bf93acfa1394f,length_64_gap_8,0.15685129165649411
14,1,qseq_c7e2bf5dffccfdb4,length_64_gap_8,-0.0043802261352539002
14,1,qseq_f0b7c35e28157360,length_64_gap_8,0.036064624786376898
14,1,qseq_5b3541bc4ecd5520,length_64_gap_8,-0.00390625
14,1,qseq_51105068c69885d2,length_64_gap_8,0.2813724279403686
14,1,qseq_1fa7df7dac6c2475,length_64_gap_8,0.21553754806518549
14,1,qseq_1f17912f3d8f9da9,length_64_gap_8,-0.062765121459960896
14,1,qseq_492ddced5e4b2559,length_64_gap_8,0.046189785003662102
14,1,qseq_131de4ffcd89e6e9,length_64_gap_8,0.011332988739013601
14,1,qseq_2eba76d2215c33b9,length_64_gap_8,0.0077736377716064002
14,1,qseq_a1c3fb56cf8462bb,length_64_gap_8,0.032792568206787102
14,1,qseq_dcd58d81cb05e28d,length_64_gap_8,-0.0154254436492919
14,1,qseq_6715416239d80838,length_64_gap_8,-0.092796325683593694
14,1,qseq_8d499f91b4526a3a,length_64_gap_8,0.125
14,1,qseq_587220b2bc085b31,length_64_gap_8,0.16594982147216791
14,1,qseq_69cc809df6a6f6c9,length_64_gap_8,-0.22327613830566401
14,1,qseq_b92aea251b1eff2b,length_64_gap_8,0.0618839263916015
14,1,qseq_4f51e954884cdf48,length_64_gap_8,0.054085016250610303
14,1,qseq_fe9ddd894232689b,length_64_gap_8,0.058764934539794901
14,1,qseq_c12d62810ba631af,length_64_gap_8,0.023515224456787099
14,1,qseq_5e9dad96f848721b,length_64_gap_8,-0.084927558898925698
14,1,qseq_32e4b0f9ec8b30ce,length_64_gap_8,0.068987846374511705
14,1,qseq_eab2e57f5041e3f9,length_64_gap_8,0.078125
14,1,qseq_845854475db5ae4a,length_64_gap_8,0.1187877655029296
14,1,qseq_8688a95186e10f9c,length_64_gap_8,0.072666168212890597
14,1,qseq_e8c2d067e77fc845,length_64_gap_8,-0.16742599010467521
14,1,qseq_c0d3d38e8bedac65,length_64_gap_8,0.1028900146484375
14,1,qseq_84ff4fbaaa20d8cc,length_64_gap_8,0.13927268981933591
14,1,qseq_a0de254948a6e5bf,length_64_gap_16,-0.1213836669921875
14,1,qseq_b0e4d687f94733dc,length_64_gap_16,0.011200904846191399
14,1,qseq_be52c9a76238a7d9,length_64_gap_16,-0.026401519775390601
14,1,qseq_f37fbd079a3b6bde,length_64_gap_16,0.069445610046386705
14,1,qseq_ecccef08f74a0d62,length_64_gap_16,0.024198055267333901
14,1,qseq_3b5d281e4d3fc2c2,length_64_gap_16,0.017458915710449201
14,1,qseq_d1e08ad378e2d77d,length_64_gap_16,0.0077972412109375
14,1,qseq_7e4b4a517eef4bbc,length_64_gap_16,-0.12573146820068351
14,1,qseq_8b91b6dc4c4ad5a7,length_64_gap_16,0.010831832885742101
14,1,qseq_61c50fa15c9aaf25,length_64_gap_16,0.0302934646606445
14,1,qseq_eb6a949eb0642356,length_64_gap_16,-0.013865470886230399
14,1,qseq_ccbe5bac490d61b5,length_64_gap_16,-0.057448387145995997
14,1,qseq_ae9e47b71d61c01f,length_64_gap_16,0.090974330902099595
14,1,qseq_c423f0620a3bd358,length_64_gap_16,0.033291816711425698
14,1,qseq_b7edc17d7108c749,length_64_gap_16,0.2168817520141601
14,1,qseq_c0b98a93360f9565,length_64_gap_16,-0.050914287567138602
14,1,qseq_b6de0520ecba0cb7,length_64_gap_16,-0.093968868255615207
14,1,qseq_adc73ff9cfa008e2,length_64_gap_16,0.0585980415344238
14,1,qseq_2940a4d578561754,length_64_gap_16,0.047675609588622998
14,1,qseq_30994fe2dabf428d,length_64_gap_16,0.046875
14,1,qseq_949a4801d597a033,length_64_gap_16,0.046875
14,1,qseq_c5b16a3541c1277e,length_64_gap_16,-0.31813478469848627
14,1,qseq_9431506847fefb45,length_64_gap_16,-0.027475595474243102
14,1,qseq_5c36d742824efa4b,length_64_gap_16,-0.048611640930175698
14,1,qseq_05d8cddf3ea281a9,length_64_gap_16,-0.022936820983886701
14,1,qseq_f17674cc4392f3bf,length_64_gap_16,0.073614120483398396
14,1,qseq_382e6ced8b87a663,length_64_gap_16,0.1224156618118286
14,1,qseq_fe5cd0e334e253c1,length_64_gap_16,0.0572531223297119
14,1,qseq_b417731b953269a4,length_64_gap_16,0.058372497558593701
14,1,qseq_450cbb29b12c67b7,length_64_gap_16,0.026450157165527299
14,1,qseq_a30ec5f4c977bbc8,length_64_gap_16,-0.12442731857299801
14,1,qseq_f52fc5c697a8e7f5,length_64_gap_16,0.19288063049316401
14,1,qseq_396aff10bb95400f,length_64_gap_16,0.055217742919921799
14,1,qseq_82c1df8241dca3cf,length_64_gap_16,-0.0472965240478515
14,1,qseq_204175b8e8f592ff,length_64_gap_16,-0.039168357849120997
14,1,qseq_b7054e022b918880,length_64_gap_16,-0.016958236694335899
14,1,qseq_ba8a8e9d30f030c0,length_64_gap_16,0.1760642528533935
14,1,qseq_57bd27a9adf994ef,length_64_gap_16,0.084994792938232394
14,1,qseq_df9ba99fcdbb78f6,length_64_gap_16,-0.11841583251953119
14,1,qseq_c7f36be3fc9142a4,length_64_gap_16,-0.075433731079101493
14,1,qseq_bb25837841d78095,length_64_gap_16,-0.054804325103759703
14,1,qseq_89060805f114dcc8,length_64_gap_16,-0.013508081436157201
14,1,qseq_cfce5ff0ec658964,length_64_gap_16,0.092710018157958901
14,1,qseq_84f8cb3faeb6a744,length_64_gap_16,-0.061614036560058497
14,1,qseq_42c429c411c30673,length_64_gap_16,-0.055588722229003899
14,1,qseq_1d8ea3a6efaf9fab,length_64_gap_16,-0.070167303085327107
14,1,qseq_a1e47f7cb49b58b7,length_64_gap_16,0.0022974014282225999
14,1,qseq_75975c5fcfe56f9f,length_64_gap_16,0.0038814544677734002
14,1,qseq_8a0db1772110a4a8,length_64_gap_16,-0.0098929405212401997
14,1,qseq_5f7ce90f26f794f5,length_64_gap_16,0.077064037322998005
14,1,qseq_f2f94c41d471f1c4,length_64_gap_16,-0.0509464740753173
14,1,qseq_d57f36c4148c49c6,length_64_gap_16,-0.023008346557617101
14,1,qseq_fdf96662daefa822,length_64_gap_16,0.095641136169433497
14,1,qseq_4b71f66c27222d97,length_64_gap_16,0.045056343078613198
14,1,qseq_a1e8b0d618f525ce,length_64_gap_16,0.0055303573608398004
14,1,qseq_8597a5fd74382a82,length_64_gap_16,-0.1207170486450195
14,1,qseq_2317dd357fbf5323,length_64_gap_16,9.9658966064453125e-05
14,1,qseq_44b93471651b7136,length_64_gap_16,0.16947507858276359
14,1,qseq_9936aeb4dac5517c,length_64_gap_16,-0.033237457275390597
14,1,qseq_4118977d719f3b17,length_64_gap_16,0.033046722412109299
14,1,qseq_622c80501e6559b9,length_64_gap_16,0.109375
14,1,qseq_995d48cc4618a5d7,length_64_gap_16,0.10731601715087891
14,1,qseq_2a1a4deb70ed1a8f,length_64_gap_16,0.054069519042968701
14,1,qseq_d83a3e748cb0801e,length_64_gap_16,-0.047024726867675698
2,26,qseq_00cb1c1a51bbd477,length_32_gap_8,0.0077590942382811997
2,26,qseq_fdb0d02eb17a3ad5,length_32_gap_8,0.0066967010498045999
2,26,qseq_0fb480259789823d,length_32_gap_8,0.078125
2,26,qseq_a2e6bd810032888a,length_32_gap_8,-0.081986904144287095
2,26,qseq_5ce005c7be85e2b9,length_32_gap_8,0
2,26,qseq_9c1391f827e05414,length_32_gap_8,0.03125
2,26,qseq_b5c59e25abaa4090,length_32_gap_8,0.0065796375274658004
2,26,qseq_9aa233d4f18630ef,length_32_gap_8,-0.061081409454345703
2,26,qseq_36581fc0e870746a,length_32_gap_8,-0.018898010253906201
2,26,qseq_f1250fa423e1545e,length_32_gap_8,-0.025781393051147398
2,26,qseq_82e41c38cbe9078a,length_32_gap_8,0.062583446502685505
2,26,qseq_d0b29249fa160784,length_32_gap_8,0.0388693809509277
2,26,qseq_05f13a28471ab531,length_32_gap_8,-0.41350936889648432
2,26,qseq_f1b36b9fae18111b,length_32_gap_8,-0.03125
2,26,qseq_83e6b8683b1256b2,length_32_gap_8,0.0105104446411132
2,26,qseq_67044cfad9f21ecb,length_32_gap_8,0.031283855438232401
2,26,qseq_70ea623170fa926c,length_32_gap_8,0.017317771911621
2,26,qseq_5b73de916863d399,length_32_gap_8,0.13086509704589841
2,26,qseq_db732a487a875289,length_32_gap_8,-0.0002079010009765
2,26,qseq_fd7563a3a3cec767,length_32_gap_8,-0.055158615112304597
2,26,qseq_d6183e1df454b220,length_32_gap_8,0.078730583190917899
2,26,qseq_1355795077be0f50,length_32_gap_8,-0.031238079071044901
2,26,qseq_8b0497deeb8bcaef,length_32_gap_8,0.23035717010498041
2,26,qseq_1fb3a17d5dccef31,length_32_gap_8,0.061584949493408203
2,26,qseq_a17078d2a6b4b999,length_32_gap_8,-0.046916484832763602
2,26,qseq_9e89898b6bb8b44e,length_32_gap_8,-0.020859718322753899
2,26,qseq_52f1b1128f7f8827,length_32_gap_8,0.12479352951049801
2,26,qseq_d4bff5080bd4daa2,length_32_gap_8,0.0040931701660155998
2,26,qseq_bc537eed9a30ad79,length_32_gap_8,-0.098106861114501898
2,26,qseq_4e294cfbb31deac6,length_32_gap_8,0.092436790466308497
2,26,qseq_a9426dae73873222,length_32_gap_8,0.0272953510284423
2,26,qseq_84c7ecb2a5f6fb74,length_32_gap_8,-0.0046784877777099002
2,26,qseq_2232308bba387df3,length_32_gap_8,0.10882186889648431
2,26,qseq_c651ff600b8839df,length_32_gap_8,-0.046154022216796799
2,26,qseq_bdd4291ac8449310,length_32_gap_8,0.0051708221435545999
2,26,qseq_eee8756396fe6af2,length_32_gap_8,-0.021813392639160101
2,26,qseq_d27c4368416fdc93,length_32_gap_8,0.035006523132324198
2,26,qseq_1bc3d720581f5d2b,length_32_gap_8,-0.0155081748962402
2,26,qseq_d1b8220e931c7fd7,length_32_gap_8,-0.030759811401367101
2,26,qseq_f3612a27015ba1ca,length_32_gap_8,0.092133522033691406
2,26,qseq_983999860e3f68fa,length_32_gap_8,-0.25741243362426752
2,26,qseq_3cc6488c0780e435,length_32_gap_8,0.077512741088867104
2,26,qseq_896e75303fd36619,length_32_gap_8,0.058178901672363198
2,26,qseq_bb44694bf88faab7,length_32_gap_8,-0.078090190887451102
2,26,qseq_676b73120ca2a061,length_32_gap_8,0.038970947265625
2,26,qseq_03289c2c4536e699,length_32_gap_8,0.086281776428222601
2,26,qseq_62632b972840b049,length_32_gap_8,-0.079079151153564398
2,26,qseq_f5d56d42459ee9bc,length_32_gap_8,0.0073037147521971997
2,26,qseq_32bc0ad658c10a1c,length_32_gap_8,-0.1184720993041992
2,26,qseq_4da58de5cf93ae4a,length_32_gap_8,-0.002481460571289
2,26,qseq_5e6685ba720055c7,length_32_gap_8,0.0083293914794921008
2,26,qseq_2cfb75f54306c844,length_32_gap_8,0.005624771118164
2,26,qseq_8345587890d3c14f,length_32_gap_8,0.057179450988769497
2,26,qseq_46afeffe5dd0d89f,length_32_gap_8,0.0023365020751952999
2,26,qseq_b592f6abbb02f055,length_32_gap_8,-0.015519142150878899
2,26,qseq_3d813b4e2f642750,length_32_gap_8,-0.035459518432617097
2,26,qseq_c3ccf9967efbcd30,length_32_gap_8,0.14937019348144531
2,26,qseq_029bb1fad3e341b6,length_32_gap_8,-0.0435013771057128
2,26,qseq_f0a1548c14cbff39,length_32_gap_8,0.039752960205078097
2,26,qseq_ce67b9d37322c254,length_32_gap_8,0.0111832618713378
2,26,qseq_1d5def43cbaaf204,length_32_gap_8,-0.17230463027954099
2,26,qseq_ef053ee48a778a2d,length_32_gap_8,0.029262542724609299
2,26,qseq_aad6bf2a44151808,length_32_gap_8,0.12255096435546869
2,26,qseq_8efc9f11c7cf051c,length_32_gap_8,0.031314849853515597
2,26,qseq_8e716ecd02e0f73a,length_32_gap_16,-0.061183929443359299
2,26,qseq_1595750272a9182b,length_32_gap_16,0
2,26,qseq_bcb1e40d4e33a983,length_32_gap_16,0.15503120422363281
2,26,qseq_918b1e8c99f205fc,length_32_gap_16,-0.1200857162475585
2,26,qseq_9bcb64e386770afd,length_32_gap_16,0.1062078475952148
2,26,qseq_f308f77da35e5150,length_32_gap_16,-0.0120391845703125
2,26,qseq_3d452bb0ed05ae44,length_32_gap_16,-0.015625
2,26,qseq_5e121f37966766e3,length_32_gap_16,-0.0130126476287841
2,26,qseq_7d05ec534f8e7970,length_32_gap_16,0.055603981018066399
2,26,qseq_1a641e032f933a96,length_32_gap_16,0.044971227645874003
2,26,qseq_afb04c9fd38b4a73,length_32_gap_16,0.059403419494628899
2,26,qseq_0a7044add0a71938,length_32_gap_16,0.053141593933105399
2,26,qseq_ad84a1c2bee1922b,length_32_gap_16,-0.029019832611083901
2,26,qseq_0449b2f15993e9e3,length_32_gap_16,0.0023117065429687001
2,26,qseq_e239bfe29ce1339d,length_32_gap_16,-4.1961669921875e-05
2,26,qseq_1c01b2c0b82e7c86,length_32_gap_16,0.341278076171875
2,26,qseq_5a6f346a0090499e,length_32_gap_16,-0.0364627838134765
2,26,qseq_23e29e93fa14dc22,length_32_gap_16,0.1161861419677734
2,26,qseq_aed28d8945a5fd51,length_32_gap_16,-0.056433677673339802
2,26,qseq_64af7706440b2eb6,length_32_gap_16,0.14676189422607419
2,26,qseq_9b65b35ce09e05fc,length_32_gap_16,-0.027034759521484299
2,26,qseq_9966ff37eb81ef5e,length_32_gap_16,-0.047548294067382799
2,26,qseq_2f710e8798ec9e71,length_32_gap_16,-0.1186351776123046
2,26,qseq_11b039baed6684b4,length_32_gap_16,0.0089702606201171008
2,26,qseq_60e817fc1eb4a770,length_32_gap_16,0.2030920982360839
2,26,qseq_704ee3aa78d74315,length_32_gap_16,0.055304527282714802
2,26,qseq_56aa2892fb9d4215,length_32_gap_16,-0.0192971229553222
2,26,qseq_cfd0f3fa73dabac6,length_32_gap_16,0.038445949554443297
2,26,qseq_4d8b8abbf9e82df2,length_32_gap_16,0.079930305480957003
2,26,qseq_dc290e31b0f7fee9,length_32_gap_16,0.019152641296386701
2,26,qseq_d59e491f27122012,length_32_gap_16,0.046875
2,26,qseq_0d1644fe34089dc5,length_32_gap_16,0.046534538269042899
2,26,qseq_b0f1c882cbfc023b,length_32_gap_16,0.032521247863769497
2,26,qseq_ae326193ef533b6f,length_32_gap_16,0.017268180847167899
2,26,qseq_b90113f916a4ef25,length_32_gap_16,-0.024855613708496
2,26,qseq_47db8e82e82ab9ab,length_32_gap_16,0.083895206451416002
2,26,qseq_1bd1876170be1293,length_32_gap_16,-0.044453620910644497
2,26,qseq_28a6625244b67550,length_32_gap_16,0.071040391921997001
2,26,qseq_0319d5aa3b7a2109,length_32_gap_16,0.14724349975585929
2,26,qseq_b4281d845cf8791c,length_32_gap_16,0.093533992767333901
2,26,qseq_eb72d6b6095aa9bf,length_32_gap_16,-0.0622296333312988
2,26,qseq_2a530f25c94c88b0,length_32_gap_16,0.1065673828125
2,26,qseq_b90ee294cda3f4ef,length_32_gap_16,-0.062067508697509703
2,26,qseq_2194e53c28d8ac06,length_32_gap_16,0.1562170982360839
2,26,qseq_cd35a5d7a5f5a555,length_32_gap_16,0.078896522521972601
2,26,qseq_e3fd7e822923d545,length_32_gap_16,-0.032394886016845703
2,26,qseq_3c1160a318793be3,length_32_gap_16,0.14257335662841791
2,26,qseq_a4167c2fe5df8c7f,length_32_gap_16,0.0228776931762695
2,26,qseq_fa6f788e8ca0ef62,length_32_gap_16,-0.0706787109375
2,26,qseq_98487b25edb3051f,length_32_gap_16,0.083997726440429604
2,26,qseq_1f823851ae16f13f,length_32_gap_16,-0.00054979324340819998
2,26,qseq_b190b48533f45a2c,length_32_gap_16,0.00035810470581049998
2,26,qseq_63d72c96ef626e2d,length_32_gap_16,0.052569389343261698
2,26,qseq_a28e2ec155ecc582,length_32_gap_16,-0.065517425537109306
2,26,qseq_eb02fc157dd74784,length_32_gap_16,0.066687583923339802
2,26,qseq_e887c4a51d9b260c,length_32_gap_16,0.0255637168884277
2,26,qseq_dee021939107fbde,length_32_gap_16,-0.007059097290039
2,26,qseq_affe6175ca94dda2,length_32_gap_16,0.064610481262207003
2,26,qseq_7be057ad143b9690,length_32_gap_16,-0.087619304656982394
2,26,qseq_24f5b4f7f640338f,length_32_gap_16,0.080273628234863198
2,26,qseq_43ebed208484255f,length_32_gap_16,0.062329292297363198
2,26,qseq_c613b96c7912d379,length_32_gap_16,0.031139492988586401
2,26,qseq_7f5aade052d4177f,length_32_gap_16,0.031294822692870997
2,26,qseq_ee49c796752d8710,length_32_gap_16,0.053261280059814398
2,26,qseq_b3f568f628b46423,length_64_gap_8,-0.0026388168334960001
2,26,qseq_2fb25780aa1dbffa,length_64_gap_8,-0.014565467834472601
2,26,qseq_fd1170e3dcd5f55e,length_64_gap_8,-0.1086902618408203
2,26,qseq_24b25ead5a4620eb,length_64_gap_8,-0.067792892456054604
2,26,qseq_4074ee710223309a,length_64_gap_8,0.0306854248046875
2,26,qseq_4279be38393632ff,length_64_gap_8,0.00029015541076659999
2,26,qseq_a128a3ad062f254f,length_64_gap_8,-0.065135002136230399
2,26,qseq_40546941dd2db2c4,length_64_gap_8,0.015625
2,26,qseq_bd1d709ea9de2442,length_64_gap_8,-0.079833745956420801
2,26,qseq_0701dad0bea1f82c,length_64_gap_8,0.0020830631256103
2,26,qseq_1922d44b2343c70a,length_64_gap_8,-0.061227321624755797
2,26,qseq_730ee300e88dbdc9,length_64_gap_8,0.1085841655731201
2,26,qseq_5b194ba92705c9b8,length_64_gap_8,0.047167539596557603
2,26,qseq_021ce8a6eb41287d,length_64_gap_8,0
2,26,qseq_039bccf871e60190,length_64_gap_8,0.020194053649902299
2,26,qseq_c9895be6cd96e125,length_64_gap_8,-0.0376434326171875
2,26,qseq_e517bd5620ecf760,length_64_gap_8,0.084028244018554604
2,26,qseq_05be70e9da000c21,length_64_gap_8,0.087520599365234306
2,26,qseq_9e0484c8cf5ddfc6,length_64_gap_8,0.0625
2,26,qseq_d8653dab52d91576,length_64_gap_8,0.234375
2,26,qseq_7c7ae2fc6a76be76,length_64_gap_8,-0.079880714416503906
2,26,qseq_eea059d57beab37f,length_64_gap_8,-0.093450546264648396
2,26,qseq_8fee472e774e69bb,length_64_gap_8,-0.12655782699584961
2,26,qseq_6a6e891f0af35a46,length_64_gap_8,-0.00080204010009759998
2,26,qseq_a6eb78d92d0c43ab,length_64_gap_8,-0.043163299560546799
2,26,qseq_4eb4bdf24b06d78c,length_64_gap_8,-0.079118728637695299
2,26,qseq_772ec14d440e73c4,length_64_gap_8,0.003183364868164
2,26,qseq_c9795ce42618194e,length_64_gap_8,0.0142233371734619
2,26,qseq_ad3d3bcb9795d514,length_64_gap_8,0.0253717899322509
2,26,qseq_1e356400a385b9c8,length_64_gap_8,-0.05078125
2,26,qseq_200c199e7437db70,length_64_gap_8,-0.025753021240234299
2,26,qseq_f93016a2d910f6d4,length_64_gap_8,0.060877323150634703
2,26,qseq_b26f645287ad75c3,length_64_gap_8,0.016294479370117101
2,26,qseq_5dbd77e6301a4d88,length_64_gap_8,0.031317710876464802
2,26,qseq_1f519fea8800a91a,length_64_gap_8,-0.047015190124511698
2,26,qseq_c22690e962dda79a,length_64_gap_8,-0.0052742958068846997
2,26,qseq_aa1bf93acfa1394f,length_64_gap_8,0.015625
2,26,qseq_c7e2bf5dffccfdb4,length_64_gap_8,-0.0097551345825195
2,26,qseq_f0b7c35e28157360,length_64_gap_8,-0.0725250244140625
2,26,qseq_5b3541bc4ecd5520,length_64_gap_8,-0.0240478515625
2,26,qseq_51105068c69885d2,length_64_gap_8,0.0078125
2,26,qseq_1fa7df7dac6c2475,length_64_gap_8,0.026741981506347601
2,26,qseq_1f17912f3d8f9da9,length_64_gap_8,0.031322956085205002
2,26,qseq_492ddced5e4b2559,length_64_gap_8,0.077439785003662095
2,26,qseq_131de4ffcd89e6e9,length_64_gap_8,0.0234932899475097
2,26,qseq_2eba76d2215c33b9,length_64_gap_8,-0.038348913192749003
2,26,qseq_a1c3fb56cf8462bb,length_64_gap_8,-0.045017004013061503
2,26,qseq_dcd58d81cb05e28d,length_64_gap_8,0.1091814041137695
2,26,qseq_6715416239d80838,length_64_gap_8,-0.024426460266113201
2,26,qseq_8d499f91b4526a3a,length_64_gap_8,-0.0164785385131835
2,26,qseq_587220b2bc085b31,length_64_gap_8,0.1509785652160644
2,26,qseq_69cc809df6a6f6c9,length_64_gap_8,0.020785808563232401
2,26,qseq_b92aea251b1eff2b,length_64_gap_8,-0.016542434692382799
2,26,qseq_4f51e954884cdf48,length_64_gap_8,0.010923385620117101
2,26,qseq_fe9ddd894232689b,length_64_gap_8,-0.00054550170898429997
2,26,qseq_c12d62810ba631af,length_64_gap_8,0.016627788543701099
2,26,qseq_5e9dad96f848721b,length_64_gap_8,0.046875
2,26,qseq_32e4b0f9ec8b30ce,length_64_gap_8,-0.0302281379699707
2,26,qseq_eab2e57f5041e3f9,length_64_gap_8,0.078125
2,26,qseq_845854475db5ae4a,length_64_gap_8,0.018017768859863201
2,26,qseq_8688a95186e10f9c,length_64_gap_8,0.0148773193359375
2,26,qseq_e8c2d067e77fc845,length_64_gap_8,-0.074076414108276298
2,26,qseq_c0d3d38e8bedac65,length_64_gap_8,0.043574333190917899
2,26,qseq_84ff4fbaaa20d8cc,length_64_gap_8,0.077571868896484306
2,26,qseq_a0de254948a6e5bf,length_64_gap_16,-0.0370478630065917
2,26,qseq_b0e4d687f94733dc,length_64_gap_16,-0.046875
2,26,qseq_be52c9a76238a7d9,length_64_gap_16,-0.038496017456054597
2,26,qseq_f37fbd079a3b6bde,length_64_gap_16,0.02734375
2,26,qseq_ecccef08f74a0d62,length_64_gap_16,0.064081430435180595
2,26,qseq_3b5d281e4d3fc2c2,length_64_gap_16,-0.038346290588378899
2,26,qseq_d1e08ad378e2d77d,length_64_gap_16,0.016414165496826099
2,26,qseq_7e4b4a517eef4bbc,length_64_gap_16,-0.15107178688049311
2,26,qseq_8b91b6dc4c4ad5a7,length_64_gap_16,-0.024984836578369099
2,26,qseq_61c50fa15c9aaf25,length_64_gap_16,-0.00056362152099599997
2,26,qseq_eb6a949eb0642356,length_64_gap_16,-0.027773857116699201
2,26,qseq_ccbe5bac490d61b5,length_64_gap_16,-0.043958663940429597
2,26,qseq_ae9e47b71d61c01f,length_64_gap_16,-0.0027756690979003
2,26,qseq_c423f0620a3bd358,length_64_gap_16,0.0020053386688232001
2,26,qseq_b7edc17d7108c749,length_64_gap_16,0.15523862838745109
2,26,qseq_c0b98a93360f9565,length_64_gap_16,-0.057545661926269497
2,26,qseq_b6de0520ecba0cb7,length_64_gap_16,-0.1249494552612304
2,26,qseq_adc73ff9cfa008e2,length_64_gap_16,0.091833591461181599
2,26,qseq_2940a4d578561754,length_64_gap_16,0.1167149543762207
2,26,qseq_30994fe2dabf428d,length_64_gap_16,0.044334411621093701
2,26,qseq_949a4801d597a033,length_64_gap_16,0
2,26,qseq_c5b16a3541c1277e,length_64_gap_16,-0.057273864746093701
2,26,qseq_9431506847fefb45,length_64_gap_16,-0.0079443454742430999
2,26,qseq_5c36d742824efa4b,length_64_gap_16,-0.00088405609130849997
2,26,qseq_05d8cddf3ea281a9,length_64_gap_16,-0.0230860710144042
2,26,qseq_f17674cc4392f3bf,length_64_gap_16,0.077766418457031194
2,26,qseq_382e6ced8b87a663,length_64_gap_16,-0.048820137977600001
2,26,qseq_fe5cd0e334e253c1,length_64_gap_16,-0.0037908554077147999
2,26,qseq_b417731b953269a4,length_64_gap_16,0.0124731063842773
2,26,qseq_450cbb29b12c67b7,length_64_gap_16,-0.046496391296386698
2,26,qseq_a30ec5f4c977bbc8,length_64_gap_16,-0.0019562244415282999
2,26,qseq_f52fc5c697a8e7f5,length_64_gap_16,0.080455780029296806
2,26,qseq_396aff10bb95400f,length_64_gap_16,-0.0316925048828125
2,26,qseq_82c1df8241dca3cf,length_64_gap_16,0.085308074951171806
2,26,qseq_204175b8e8f592ff,length_64_gap_16,7.2002410888671875e-05
2,26,qseq_b7054e022b918880,length_64_gap_16,-0.0052771568298339002
2,26,qseq_ba8a8e9d30f030c0,length_64_gap_16,0.0143003463745117
2,26,qseq_57bd27a9adf994ef,length_64_gap_16,-0.052645444869995103
2,26,qseq_df9ba99fcdbb78f6,length_64_gap_16,-0.015625
2,26,qseq_c7f36be3fc9142a4,length_64_gap_16,0.015905857086181599
2,26,qseq_bb25837841d78095,length_64_gap_16,0.0234375
2,26,qseq_89060805f114dcc8,length_64_gap_16,0.046109914779663003
2,26,qseq_cfce5ff0ec658964,length_64_gap_16,0.1083350181579589
2,26,qseq_84f8cb3faeb6a744,length_64_gap_16,-0.093348979949951102
2,26,qseq_42c429c411c30673,length_64_gap_16,-0.024258613586425701
2,26,qseq_1d8ea3a6efaf9fab,length_64_gap_16,-0.015645980834960899
2,26,qseq_a1e47f7cb49b58b7,length_64_gap_16,0.26294994354248041
2,26,qseq_75975c5fcfe56f9f,length_64_gap_16,-0.015625
2,26,qseq_8a0db1772110a4a8,length_64_gap_16,0.0262956619262695
2,26,qseq_5f7ce90f26f794f5,length_64_gap_16,-0.015625
2,26,qseq_f2f94c41d471f1c4,length_64_gap_16,-0.063528299331664997
2,26,qseq_d57f36c4148c49c6,length_64_gap_16,-0.078004837036132799
2,26,qseq_fdf96662daefa822,length_64_gap_16,-0.039516448974609299
2,26,qseq_4b71f66c27222d97,length_64_gap_16,-0.0167241096496582
2,26,qseq_a1e8b0d618f525ce,length_64_gap_16,-0.083113670349120997
2,26,qseq_8597a5fd74382a82,length_64_gap_16,0.1014394760131835
2,26,qseq_2317dd357fbf5323,length_64_gap_16,0.0075697898864745998
2,26,qseq_44b93471651b7136,length_64_gap_16,-0.075731754302978502
2,26,qseq_9936aeb4dac5517c,length_64_gap_16,-0.085215568542480399
2,26,qseq_4118977d719f3b17,length_64_gap_16,0.0402522087097167
2,26,qseq_622c80501e6559b9,length_64_gap_16,0.10917520523071279
2,26,qseq_995d48cc4618a5d7,length_64_gap_16,0.046875
2,26,qseq_2a1a4deb70ed1a8f,length_64_gap_16,-0.023775100708007799
2,26,qseq_d83a3e748cb0801e,length_64_gap_16,-0.053480148315429597
25,25,qseq_00cb1c1a51bbd477,length_32_gap_8,-0.021991014480590799
25,25,qseq_fdb0d02eb17a3ad5,length_32_gap_8,-0.1277008056640625
25,25,qseq_0fb480259789823d,length_32_gap_8,-0.56717872619628895
25,25,qseq_a2e6bd810032888a,length_32_gap_8,-0.4700469970703125
25,25,qseq_5ce005c7be85e2b9,length_32_gap_8,-0.0084123611450195
25,25,qseq_9c1391f827e05414,length_32_gap_8,-0.5285496711730957
25,25,qseq_b5c59e25abaa4090,length_32_gap_8,-0.022815704345703101
25,25,qseq_9aa233d4f18630ef,length_32_gap_8,-0.51757335662841786
25,25,qseq_36581fc0e870746a,length_32_gap_8,-0.46425914764404291
25,25,qseq_f1250fa423e1545e,length_32_gap_8,-0.25515222549438471
25,25,qseq_82e41c38cbe9078a,length_32_gap_8,-0.14777135848999021
25,25,qseq_d0b29249fa160784,length_32_gap_8,-0.17232418060302729
25,25,qseq_05f13a28471ab531,length_32_gap_8,-0.14451932907104489
25,25,qseq_f1b36b9fae18111b,length_32_gap_8,-0.87776708602905273
25,25,qseq_83e6b8683b1256b2,length_32_gap_8,-0.89927101135253895
25,25,qseq_67044cfad9f21ecb,length_32_gap_8,-0.28041362762451172
25,25,qseq_70ea623170fa926c,length_32_gap_8,0.0067286491394041997
25,25,qseq_5b73de916863d399,length_32_gap_8,-0.50902938842773426
25,25,qseq_db732a487a875289,length_32_gap_8,-0.56355857849121094
25,25,qseq_fd7563a3a3cec767,length_32_gap_8,-0.23020839691162101
25,25,qseq_d6183e1df454b220,length_32_gap_8,-0.55933189392089844
25,25,qseq_1355795077be0f50,length_32_gap_8,-1.0780754089355469
25,25,qseq_8b0497deeb8bcaef,length_32_gap_8,-0.38241767883300781
25,25,qseq_1fb3a17d5dccef31,length_32_gap_8,-0.26699399948120112
25,25,qseq_a17078d2a6b4b999,length_32_gap_8,-0.080272674560546806
25,25,qseq_9e89898b6bb8b44e,length_32_gap_8,-0.64769268035888672
25,25,qseq_52f1b1128f7f8827,length_32_gap_8,-0.15634346008300781
25,25,qseq_d4bff5080bd4daa2,length_32_gap_8,-0.5825953483581543
25,25,qseq_bc537eed9a30ad79,length_32_gap_8,-0.51328277587890625
25,25,qseq_4e294cfbb31deac6,length_32_gap_8,-0.2090735435485839
25,25,qseq_a9426dae73873222,length_32_gap_8,-0.63049769401550293
25,25,qseq_84c7ecb2a5f6fb74,length_32_gap_8,-0.046444416046142502
25,25,qseq_2232308bba387df3,length_32_gap_8,-0.23906564712524411
25,25,qseq_c651ff600b8839df,length_32_gap_8,-0.2332701683044433
25,25,qseq_bdd4291ac8449310,length_32_gap_8,-0.39926242828369141
25,25,qseq_eee8756396fe6af2,length_32_gap_8,-0.59504413604736317
25,25,qseq_d27c4368416fdc93,length_32_gap_8,-0.45318508148193348
25,25,qseq_1bc3d720581f5d2b,length_32_gap_8,0.093587875366210896
25,25,qseq_d1b8220e931c7fd7,length_32_gap_8,-0.56148529052734375
25,25,qseq_f3612a27015ba1ca,length_32_gap_8,-0.18086338043212891
25,25,qseq_983999860e3f68fa,length_32_gap_8,-0.092707157135009696
25,25,qseq_3cc6488c0780e435,length_32_gap_8,-0.056799411773681599
25,25,qseq_896e75303fd36619,length_32_gap_8,-1.0558376312255859
25,25,qseq_bb44694bf88faab7,length_32_gap_8,-0.046815395355224602
25,25,qseq_676b73120ca2a061,length_32_gap_8,-0.17241096496582031
25,25,qseq_03289c2c4536e699,length_32_gap_8,-0.0086476802825927006
25,25,qseq_62632b972840b049,length_32_gap_8,-0.047905921936035101
25,25,qseq_f5d56d42459ee9bc,length_32_gap_8,-0.2157268524169921
25,25,qseq_32bc0ad658c10a1c,length_32_gap_8,-0.1036872863769531
25,25,qseq_4da58de5cf93ae4a,length_32_gap_8,-0.87521457672119141
25,25,qseq_5e6685ba720055c7,length_32_gap_8,-0.36644363403320312
25,25,qseq_2cfb75f54306c844,length_32_gap_8,-0.1285371780395507
25,25,qseq_8345587890d3c14f,length_32_gap_8,-0.1930208206176757
25,25,qseq_46afeffe5dd0d89f,length_32_gap_8,-0.59602022171020497
25,25,qseq_b592f6abbb02f055,length_32_gap_8,-0.11133766174316399
25,25,qseq_3d813b4e2f642750,length_32_gap_8,-0.37944602966308588
25,25,qseq_c3ccf9967efbcd30,length_32_gap_8,-0.60028457641601562
25,25,qseq_029bb1fad3e341b6,length_32_gap_8,-0.50797224044799805
25,25,qseq_f0a1548c14cbff39,length_32_gap_8,-0.52225446701049805
25,25,qseq_ce67b9d37322c254,length_32_gap_8,0.13842868804931641
25,25,qseq_1d5def43cbaaf204,length_32_gap_8,-0.045990943908691399
25,25,qseq_ef053ee48a778a2d,length_32_gap_8,-0.33536148071289062
25,25,qseq_aad6bf2a44151808,length_32_gap_8,-0.46129512786865229
25,25,qseq_8efc9f11c7cf051c,length_32_gap_8,-1.3088893890380859
25,25,qseq_8e716ecd02e0f73a,length_32_gap_16,-0.032753944396972601
25,25,qseq_1595750272a9182b,length_32_gap_16,0.023596763610839799
25,25,qseq_bcb1e40d4e33a983,length_32_gap_16,0.025501251220703101
25,25,qseq_918b1e8c99f205fc,length_32_gap_16,-0.47713851928710932
25,25,qseq_9bcb64e386770afd,length_32_gap_16,-1.1256828308105469
25,25,qseq_f308f77da35e5150,length_32_gap_16,-0.58299493789672852
25,25,qseq_3d452bb0ed05ae44,length_32_gap_16,-0.09375
25,25,qseq_5e121f37966766e3,length_32_gap_16,-0.12680983543395991
25,25,qseq_7d05ec534f8e7970,length_32_gap_16,-0.035556793212890597
25,25,qseq_1a641e032f933a96,length_32_gap_16,-0.28848743438720698
25,25,qseq_afb04c9fd38b4a73,length_32_gap_16,-0.095035552978515597
25,25,qseq_0a7044add0a71938,length_32_gap_16,-0.317291259765625
25,25,qseq_ad84a1c2bee1922b,length_32_gap_16,-0.37688827514648432
25,25,qseq_0449b2f15993e9e3,length_32_gap_16,-0.33128166198730458
25,25,qseq_e239bfe29ce1339d,length_32_gap_16,-1.5004911422729492
25,25,qseq_1c01b2c0b82e7c86,length_32_gap_16,-0.3757867813110351
25,25,qseq_5a6f346a0090499e,length_32_gap_16,-0.80280590057373036
25,25,qseq_23e29e93fa14dc22,length_32_gap_16,-0.50562953948974598
25,25,qseq_aed28d8945a5fd51,length_32_gap_16,-0.150390625
25,25,qseq_64af7706440b2eb6,length_32_gap_16,-0.058045387268066399
25,25,qseq_9b65b35ce09e05fc,length_32_gap_16,-0.4611821174621582
25,25,qseq_9966ff37eb81ef5e,length_32_gap_16,-0.1831560134887695
25,25,qseq_2f710e8798ec9e71,length_32_gap_16,-0.66626739501953125
25,25,qseq_11b039baed6684b4,length_32_gap_16,-0.58036518096923817
25,25,qseq_60e817fc1eb4a770,length_32_gap_16,-0.92186403274536122
25,25,qseq_704ee3aa78d74315,length_32_gap_16,-0.54985427856445312
25,25,qseq_56aa2892fb9d4215,length_32_gap_16,-1.0599637031555176
25,25,qseq_cfd0f3fa73dabac6,length_32_gap_16,0.0312695503234863
25,25,qseq_4d8b8abbf9e82df2,length_32_gap_16,-0.79138278961181641
25,25,qseq_dc290e31b0f7fee9,length_32_gap_16,-0.17858791351318351
25,25,qseq_d59e491f27122012,length_32_gap_16,-0.16199302673339841
25,25,qseq_0d1644fe34089dc5,length_32_gap_16,-0.61112499237060536
25,25,qseq_b0f1c882cbfc023b,length_32_gap_16,0.81732463836669922
25,25,qseq_ae326193ef533b6f,length_32_gap_16,-0.56909561157226562
25,25,qseq_b90113f916a4ef25,length_32_gap_16,-0.33748912811279291
25,25,qseq_47db8e82e82ab9ab,length_32_gap_16,-0.33597040176391602
25,25,qseq_1bd1876170be1293,length_32_gap_16,-0.2453746795654296
25,25,qseq_28a6625244b67550,length_32_gap_16,-0.091304302215576102
25,25,qseq_0319d5aa3b7a2109,length_32_gap_16,0.010148525238037101
25,25,qseq_b4281d845cf8791c,length_32_gap_16,0.031938552856445299
25,25,qseq_eb72d6b6095aa9bf,length_32_gap_16,-0.529266357421875
25,25,qseq_2a530f25c94c88b0,length_32_gap_16,-0.30940532684326172
25,25,qseq_b90ee294cda3f4ef,length_32_gap_16,-0.47115850448608387
25,25,qseq_2194e53c28d8ac06,length_32_gap_16,-0.40790224075317377
25,25,qseq_cd35a5d7a5f5a555,length_32_gap_16,-0.31497383117675781
25,25,qseq_e3fd7e822923d545,length_32_gap_16,-0.32505655288696278
25,25,qseq_3c1160a318793be3,length_32_gap_16,-0.1444897651672363
25,25,qseq_a4167c2fe5df8c7f,length_32_gap_16,-0.27362632751464838
25,25,qseq_fa6f788e8ca0ef62,length_32_gap_16,-0.1811370849609375
25,25,qseq_98487b25edb3051f,length_32_gap_16,-0.47024869918823242
25,25,qseq_1f823851ae16f13f,length_32_gap_16,-0.16399145126342771
25,25,qseq_b190b48533f45a2c,length_32_gap_16,-0.1576995849609375
25,25,qseq_63d72c96ef626e2d,length_32_gap_16,-0.36030101776123041
25,25,qseq_a28e2ec155ecc582,length_32_gap_16,-0.26063823699951172
25,25,qseq_eb02fc157dd74784,length_32_gap_16,-0.54876995086669922
25,25,qseq_e887c4a51d9b260c,length_32_gap_16,-0.075998783111572196
25,25,qseq_dee021939107fbde,length_32_gap_16,-0.31424236297607422
25,25,qseq_affe6175ca94dda2,length_32_gap_16,0.58619594573974598
25,25,qseq_7be057ad143b9690,length_32_gap_16,-0.48263835906982422
25,25,qseq_24f5b4f7f640338f,length_32_gap_16,-0.31245899200439448
25,25,qseq_43ebed208484255f,length_32_gap_16,-0.56709623336791992
25,25,qseq_c613b96c7912d379,length_32_gap_16,-0.28621983528137201
25,25,qseq_7f5aade052d4177f,length_32_gap_16,-0.43768501281738281
25,25,qseq_ee49c796752d8710,length_32_gap_16,-0.064621925354003906
25,25,qseq_b3f568f628b46423,length_64_gap_8,-0.4340367317199707
25,25,qseq_2fb25780aa1dbffa,length_64_gap_8,-0.17061901092529291
25,25,qseq_fd1170e3dcd5f55e,length_64_gap_8,-0.60971641540527344
25,25,qseq_24b25ead5a4620eb,length_64_gap_8,-0.17874336242675781
25,25,qseq_4074ee710223309a,length_64_gap_8,-0.22567272186279291
25,25,qseq_4279be38393632ff,length_64_gap_8,0.0038886070251463998
25,25,qseq_a128a3ad062f254f,length_64_gap_8,-0.014695167541503899
25,25,qseq_40546941dd2db2c4,length_64_gap_8,-0.33995819091796869
25,25,qseq_bd1d709ea9de2442,length_64_gap_8,-0.1133046150207519
25,25,qseq_0701dad0bea1f82c,length_64_gap_8,0.021482229232787999
25,25,qseq_1922d44b2343c70a,length_64_gap_8,-0.057687282562255797
25,25,qseq_730ee300e88dbdc9,length_64_gap_8,-0.1379997730255127
25,25,qseq_5b194ba92705c9b8,length_64_gap_8,-0.15112495422363281
25,25,qseq_021ce8a6eb41287d,length_64_gap_8,-0.1096582412719726
25,25,qseq_039bccf871e60190,length_64_gap_8,-0.18041205406188959
25,25,qseq_c9895be6cd96e125,length_64_gap_8,-0.6247100830078125
25,25,qseq_e517bd5620ecf760,length_64_gap_8,-1.2801618576049805
25,25,qseq_05be70e9da000c21,length_64_gap_8,-0.38864326477050781
25,25,qseq_9e0484c8cf5ddfc6,length_64_gap_8,-0.1714930534362793
25,25,qseq_d8653dab52d91576,length_64_gap_8,-0.20946931838989249
25,25,qseq_7c7ae2fc6a76be76,length_64_gap_8,-0.16492319107055661
25,25,qseq_eea059d57beab37f,length_64_gap_8,-0.56726360321044922
25,25,qseq_8fee472e774e69bb,length_64_gap_8,-0.1749508380889892
25,25,qseq_6a6e891f0af35a46,length_64_gap_8,-0.4662628173828125
25,25,qseq_a6eb78d92d0c43ab,length_64_gap_8,-0.18132114410400391
25,25,qseq_4eb4bdf24b06d78c,length_64_gap_8,-0.4958643913269043
25,25,qseq_772ec14d440e73c4,length_64_gap_8,-0.47250843048095698
25,25,qseq_c9795ce42618194e,length_64_gap_8,-0.39690208435058588
25,25,qseq_ad3d3bcb9795d514,length_64_gap_8,-0.2901456356048584
25,25,qseq_1e356400a385b9c8,length_64_gap_8,-0.1988978385925293
25,25,qseq_200c199e7437db70,length_64_gap_8,-0.41527938842773432
25,25,qseq_f93016a2d910f6d4,length_64_gap_8,-0.45299339294433588
25,25,qseq_b26f645287ad75c3,length_64_gap_8,-0.44464302062988281
25,25,qseq_5dbd77e6301a4d88,length_64_gap_8,-0.58588695526123036
25,25,qseq_1f519fea8800a91a,length_64_gap_8,-0.48451519012451172
25,25,qseq_c22690e962dda79a,length_64_gap_8,0.047253131866455002
25,25,qseq_aa1bf93acfa1394f,length_64_gap_8,-0.0619854927062988
25,25,qseq_c7e2bf5dffccfdb4,length_64_gap_8,-0.1180295944213867
25,25,qseq_f0b7c35e28157360,length_64_gap_8,-0.051332235336303697
25,25,qseq_5b3541bc4ecd5520,length_64_gap_8,-0.44797706604003901
25,25,qseq_51105068c69885d2,length_64_gap_8,-0.013049602508544899
25,25,qseq_1fa7df7dac6c2475,length_64_gap_8,-0.010892868041992101
25,25,qseq_1f17912f3d8f9da9,length_64_gap_8,-0.21886396408081049
25,25,qseq_492ddced5e4b2559,length_64_gap_8,-0.43796014785766602
25,25,qseq_131de4ffcd89e6e9,length_64_gap_8,-0.054400920867919901
25,25,qseq_2eba76d2215c33b9,length_64_gap_8,0.039951086044311503
25,25,qseq_a1c3fb56cf8462bb,length_64_gap_8,-0.10391354560852049
25,25,qseq_dcd58d81cb05e28d,length_64_gap_8,-0.094038009643554604
25,25,qseq_6715416239d80838,length_64_gap_8,-0.25724220275878901
25,25,qseq_8d499f91b4526a3a,length_64_gap_8,-0.40522956848144531
25,25,qseq_587220b2bc085b31,length_64_gap_8,-0.2444195747375488
25,25,qseq_69cc809df6a6f6c9,length_64_gap_8,-0.055737495422363198
25,25,qseq_b92aea251b1eff2b,length_64_gap_8,-0.1651287078857421
25,25,qseq_4f51e954884cdf48,length_64_gap_8,-0.6775355339050293
25,25,qseq_fe9ddd894232689b,length_64_gap_8,-0.50935864448547363
25,25,qseq_c12d62810ba631af,length_64_gap_8,-0.24463176727294919
25,25,qseq_5e9dad96f848721b,length_64_gap_8,-0.1054592132568359
25,25,qseq_32e4b0f9ec8b30ce,length_64_gap_8,-0.21997642517089841
25,25,qseq_eab2e57f5041e3f9,length_64_gap_8,-0.0069918632507324002
25,25,qseq_845854475db5ae4a,length_64_gap_8,-0.074340581893920801
25,25,qseq_8688a95186e10f9c,length_64_gap_8,-0.23202133178710929
25,25,qseq_e8c2d067e77fc845,length_64_gap_8,0.0114209651947021
25,25,qseq_c0d3d38e8bedac65,length_64_gap_8,-1.020294189453125
25,25,qseq_84ff4fbaaa20d8cc,length_64_gap_8,-0.32999038696289062
25,25,qseq_a0de254948a6e5bf,length_64_gap_16,-1.075108528137207
25,25,qseq_b0e4d687f94733dc,length_64_gap_16,-0.023790121078491201
25,25,qseq_be52c9a76238a7d9,length_64_gap_16,-0.0018415451049804
25,25,qseq_f37fbd079a3b6bde,length_64_gap_16,-0.0183415412902832
25,25,qseq_ecccef08f74a0d62,length_64_gap_16,0.11620712280273431
25,25,qseq_3b5d281e4d3fc2c2,length_64_gap_16,-0.066282272338867104
25,25,qseq_d1e08ad378e2d77d,length_64_gap_16,0.032832145690917899
25,25,qseq_7e4b4a517eef4bbc,length_64_gap_16,-0.1978435516357421
25,25,qseq_8b91b6dc4c4ad5a7,length_64_gap_16,-0.098442077636718694
25,25,qseq_61c50fa15c9aaf25,length_64_gap_16,-0.1569719314575195
25,25,qseq_eb6a949eb0642356,length_64_gap_16,-0.17932033538818351
25,25,qseq_ccbe5bac490d61b5,length_64_gap_16,-0.1446199417114257
25,25,qseq_ae9e47b71d61c01f,length_64_gap_16,-0.55368423461914062
25,25,qseq_c423f0620a3bd358,length_64_gap_16,-0.19292020797729489
25,25,qseq_b7edc17d7108c749,length_64_gap_16,-0.0639190673828125
25,25,qseq_c0b98a93360f9565,length_64_gap_16,-0.15424346923828119
25,25,qseq_b6de0520ecba0cb7,length_64_gap_16,-0.31234550476074208
25,25,qseq_adc73ff9cfa008e2,length_64_gap_16,-0.0840601921081542
25,25,qseq_2940a4d578561754,length_64_gap_16,-0.26939058303833002
25,25,qseq_30994fe2dabf428d,length_64_gap_16,-0.2459087371826171
25,25,qseq_949a4801d597a033,length_64_gap_16,-0.2522211074829101
25,25,qseq_c5b16a3541c1277e,length_64_gap_16,-0.26444816589355458
25,25,qseq_9431506847fefb45,length_64_gap_16,0.029532194137573201
25,25,qseq_5c36d742824efa4b,length_64_gap_16,-0.054544448852539
25,25,qseq_05d8cddf3ea281a9,length_64_gap_16,-1.0075535774230957
25,25,qseq_f17674cc4392f3bf,length_64_gap_16,-0.030123710632324201
25,25,qseq_382e6ced8b87a663,length_64_gap_16,-0.20735824108123771
25,25,qseq_fe5cd0e334e253c1,length_64_gap_16,-0.23303365707397461
25,25,qseq_b417731b953269a4,length_64_gap_16,-0.0234375
25,25,qseq_450cbb29b12c67b7,length_64_gap_16,-0.63941478729248036
25,25,qseq_a30ec5f4c977bbc8,length_64_gap_16,-0.25867700576782221
25,25,qseq_f52fc5c697a8e7f5,length_64_gap_16,-0.23021125793457031
25,25,qseq_396aff10bb95400f,length_64_gap_16,-0.1254425048828125
25,25,qseq_82c1df8241dca3cf,length_64_gap_16,-0.20269775390625
25,25,qseq_204175b8e8f592ff,length_64_gap_16,-0.29657983779907221
25,25,qseq_b7054e022b918880,length_64_gap_16,-0.0754389762878417
25,25,qseq_ba8a8e9d30f030c0,length_64_gap_16,-0.48000335693359369
25,25,qseq_57bd27a9adf994ef,length_64_gap_16,-0.080044269561767495
25,25,qseq_df9ba99fcdbb78f6,length_64_gap_16,-0.1998138427734375
25,25,qseq_c7f36be3fc9142a4,length_64_gap_16,-0.12001752853393551
25,25,qseq_bb25837841d78095,length_64_gap_16,-0.1048102378845214
25,25,qseq_89060805f114dcc8,length_64_gap_16,-0.048501014709472601
25,25,qseq_cfce5ff0ec658964,length_64_gap_16,-0.14631128311157221
25,25,qseq_84f8cb3faeb6a744,length_64_gap_16,-0.015875816345214799
25,25,qseq_42c429c411c30673,length_64_gap_16,-0.30051231384277338
25,25,qseq_1d8ea3a6efaf9fab,length_64_gap_16,-0.023426771163940398
25,25,qseq_a1e47f7cb49b58b7,length_64_gap_16,-0.1952333450317382
25,25,qseq_75975c5fcfe56f9f,length_64_gap_16,-0.265625
25,25,qseq_8a0db1772110a4a8,length_64_gap_16,-0.0078125
25,25,qseq_5f7ce90f26f794f5,length_64_gap_16,-0.4073109626770019
25,25,qseq_f2f94c41d471f1c4,length_64_gap_16,0.17561602592468259
25,25,qseq_d57f36c4148c49c6,length_64_gap_16,-0.20347499847412101
25,25,qseq_fdf96662daefa822,length_64_gap_16,0.073401451110839802
25,25,qseq_4b71f66c27222d97,length_64_gap_16,-0.55075740814208984
25,25,qseq_a1e8b0d618f525ce,length_64_gap_16,-0.3125
25,25,qseq_8597a5fd74382a82,length_64_gap_16,-0.42787075042724598
25,25,qseq_2317dd357fbf5323,length_64_gap_16,-0.32822322845458979
25,25,qseq_44b93471651b7136,length_64_gap_16,0.070507526397704995
25,25,qseq_9936aeb4dac5517c,length_64_gap_16,-0.28855991363525391
25,25,qseq_4118977d719f3b17,length_64_gap_16,-0.2956852912902832
25,25,qseq_622c80501e6559b9,length_64_gap_16,-0.078073024749755804
25,25,qseq_995d48cc4618a5d7,length_64_gap_16,-0.4746484756469726
25,25,qseq_2a1a4deb70ed1a8f,length_64_gap_16,-0.58526134490966786
25,25,qseq_d83a3e748cb0801e,length_64_gap_16,-0.037855148315429597
22,1,qseq_00cb1c1a51bbd477,length_32_gap_8,0.2762305736541748
22,1,qseq_fdb0d02eb17a3ad5,length_32_gap_8,0.18428611755371091
22,1,qseq_0fb480259789823d,length_32_gap_8,0.375
22,1,qseq_a2e6bd810032888a,length_32_gap_8,0.18922090530395499
22,1,qseq_5ce005c7be85e2b9,length_32_gap_8,0.062678098678588798
22,1,qseq_9c1391f827e05414,length_32_gap_8,0.1131539344787597
22,1,qseq_b5c59e25abaa4090,length_32_gap_8,0.1010975837707519
22,1,qseq_9aa233d4f18630ef,length_32_gap_8,0.70335912704467773
22,1,qseq_36581fc0e870746a,length_32_gap_8,0.14294338226318351
22,1,qseq_f1250fa423e1545e,length_32_gap_8,0.26267099380493159
22,1,qseq_82e41c38cbe9078a,length_32_gap_8,0.016689300537109299
22,1,qseq_d0b29249fa160784,length_32_gap_8,0.078658103942870997
22,1,qseq_05f13a28471ab531,length_32_gap_8,0.018181800842285101
22,1,qseq_f1b36b9fae18111b,length_32_gap_8,0.084708213806152302
22,1,qseq_83e6b8683b1256b2,length_32_gap_8,0.47682762145996088
22,1,qseq_67044cfad9f21ecb,length_32_gap_8,0.1262145042419433
22,1,qseq_70ea623170fa926c,length_32_gap_8,0.26921558380126948
22,1,qseq_5b73de916863d399,length_32_gap_8,0.4480128288269043
22,1,qseq_db732a487a875289,length_32_gap_8,0.078269004821777302
22,1,qseq_fd7563a3a3cec767,length_32_gap_8,0.025029182434082
22,1,qseq_d6183e1df454b220,length_32_gap_8,0.3775568008422851
22,1,qseq_1355795077be0f50,length_32_gap_8,-0.0625
22,1,qseq_8b0497deeb8bcaef,length_32_gap_8,0.1659526824951171
22,1,qseq_1fb3a17d5dccef31,length_32_gap_8,0.20461654663085929
22,1,qseq_a17078d2a6b4b999,length_32_gap_8,0.2543425559997558
22,1,qseq_9e89898b6bb8b44e,length_32_gap_8,-0.0044240951538085001
22,1,qseq_52f1b1128f7f8827,length_32_gap_8,0.71799468994140625
22,1,qseq_d4bff5080bd4daa2,length_32_gap_8,0.38366937637329102
22,1,qseq_bc537eed9a30ad79,length_32_gap_8,0.38822650909423823
22,1,qseq_4e294cfbb31deac6,length_32_gap_8,0.21766996383666989
22,1,qseq_a9426dae73873222,length_32_gap_8,0.18669772148132319
22,1,qseq_84c7ecb2a5f6fb74,length_32_gap_8,0.033676862716674798
22,1,qseq_2232308bba387df3,length_32_gap_8,0.25863075256347651
22,1,qseq_c651ff600b8839df,length_32_gap_8,0.92073440551757801
22,1,qseq_bdd4291ac8449310,length_32_gap_8,0.28332042694091791
22,1,qseq_eee8756396fe6af2,length_32_gap_8,0.1068325042724609
22,1,qseq_d27c4368416fdc93,length_32_gap_8,0.30402851104736323
22,1,qseq_1bc3d720581f5d2b,length_32_gap_8,0.062616825103759696
22,1,qseq_d1b8220e931c7fd7,length_32_gap_8,0.1038069725036621
22,1,qseq_f3612a27015ba1ca,length_32_gap_8,0.00081539154052729995
22,1,qseq_983999860e3f68fa,length_32_gap_8,0.17530226707458491
22,1,qseq_3cc6488c0780e435,length_32_gap_8,0.14705228805541989
22,1,qseq_896e75303fd36619,length_32_gap_8,0.79916048049926747
22,1,qseq_bb44694bf88faab7,length_32_gap_8,0.17188644409179679
22,1,qseq_676b73120ca2a061,length_32_gap_8,0.13468074798583979
22,1,qseq_03289c2c4536e699,length_32_gap_8,0.1178169250488281
22,1,qseq_62632b972840b049,length_32_gap_8,0.1978435516357421
22,1,qseq_f5d56d42459ee9bc,length_32_gap_8,0.1672711372375488
22,1,qseq_32bc0ad658c10a1c,length_32_gap_8,0.23246860504150391
22,1,qseq_4da58de5cf93ae4a,length_32_gap_8,0.20729160308837891
22,1,qseq_5e6685ba720055c7,length_32_gap_8,0.21553325653076169
22,1,qseq_2cfb75f54306c844,length_32_gap_8,0.25580310821533198
22,1,qseq_8345587890d3c14f,length_32_gap_8,0.077222824096679604
22,1,qseq_46afeffe5dd0d89f,length_32_gap_8,-0.021485328674316399
22,1,qseq_b592f6abbb02f055,length_32_gap_8,0.0095777511596678994
22,1,qseq_3d813b4e2f642750,length_32_gap_8,0.13070297241210929
22,1,qseq_c3ccf9967efbcd30,length_32_gap_8,0.045732021331787102
22,1,qseq_029bb1fad3e341b6,length_32_gap_8,0.124176025390625
22,1,qseq_f0a1548c14cbff39,length_32_gap_8,0.084570407867431599
22,1,qseq_ce67b9d37322c254,length_32_gap_8,0.33979272842407221
22,1,qseq_1d5def43cbaaf204,length_32_gap_8,0.35981273651123041
22,1,qseq_ef053ee48a778a2d,length_32_gap_8,0.069081306457519503
22,1,qseq_aad6bf2a44151808,length_32_gap_8,0.1204109191894531
22,1,qseq_8efc9f11c7cf051c,length_32_gap_8,0.34576225280761708
22,1,qseq_8e716ecd02e0f73a,length_32_gap_16,0.1328125
22,1,qseq_1595750272a9182b,length_32_gap_16,0.17604351043701169
22,1,qseq_bcb1e40d4e33a983,length_32_gap_16,0.035139083862304597
22,1,qseq_918b1e8c99f205fc,length_32_gap_16,0.023203849792480399
22,1,qseq_9bcb64e386770afd,length_32_gap_16,0.031442642211914
22,1,qseq_f308f77da35e5150,length_32_gap_16,0.12735939025878901
22,1,qseq_3d452bb0ed05ae44,length_32_gap_16,0.078125
22,1,qseq_5e121f37966766e3,length_32_gap_16,0.074126482009887598
22,1,qseq_7d05ec534f8e7970,length_32_gap_16,0.069123268127441406
22,1,qseq_1a641e032f933a96,length_32_gap_16,0.1170389652252197
22,1,qseq_afb04c9fd38b4a73,length_32_gap_16,0.10645675659179681
22,1,qseq_0a7044add0a71938,length_32_gap_16,0.016450405120849599
22,1,qseq_ad84a1c2bee1922b,length_32_gap_16,0.22384929656982419
22,1,qseq_0449b2f15993e9e3,length_32_gap_16,0.03125
22,1,qseq_e239bfe29ce1339d,length_32_gap_16,0.24975204467773429
22,1,qseq_1c01b2c0b82e7c86,length_32_gap_16,0.2567296028137207
22,1,qseq_5a6f346a0090499e,length_32_gap_16,0.1937150955200195
22,1,qseq_23e29e93fa14dc22,length_32_gap_16,0.15964794158935541
22,1,qseq_aed28d8945a5fd51,length_32_gap_16,0.47906208038330073
22,1,qseq_64af7706440b2eb6,length_32_gap_16,0.54233837127685536
22,1,qseq_9b65b35ce09e05fc,length_32_gap_16,0.34796524047851562
22,1,qseq_9966ff37eb81ef5e,length_32_gap_16,0.13037300109863281
22,1,qseq_2f710e8798ec9e71,length_32_gap_16,0.075091361999511705
22,1,qseq_11b039baed6684b4,length_32_gap_16,0.42530488967895502
22,1,qseq_60e817fc1eb4a770,length_32_gap_16,0.35934209823608387
22,1,qseq_704ee3aa78d74315,length_32_gap_16,0.072696685791015597
22,1,qseq_56aa2892fb9d4215,length_32_gap_16,0.215184211730957
22,1,qseq_cfd0f3fa73dabac6,length_32_gap_16,0.048694133758544901
22,1,qseq_4d8b8abbf9e82df2,length_32_gap_16,0.22574043273925781
22,1,qseq_dc290e31b0f7fee9,length_32_gap_16,0.2022285461425781
22,1,qseq_d59e491f27122012,length_32_gap_16,0.2469921112060546
22,1,qseq_0d1644fe34089dc5,length_32_gap_16,0.29636859893798823
22,1,qseq_b0f1c882cbfc023b,length_32_gap_16,-0.0153141021728515
22,1,qseq_ae326193ef533b6f,length_32_gap_16,0.046633243560791002
22,1,qseq_b90113f916a4ef25,length_32_gap_16,0.153045654296875
22,1,qseq_47db8e82e82ab9ab,length_32_gap_16,0.2227721214294433
22,1,qseq_1bd1876170be1293,length_32_gap_16,0.018046379089355399
22,1,qseq_28a6625244b67550,length_32_gap_16,0.46157383918762201
22,1,qseq_0319d5aa3b7a2109,length_32_gap_16,0.4763116836547851
22,1,qseq_b4281d845cf8791c,length_32_gap_16,0.1244726181030273
22,1,qseq_eb72d6b6095aa9bf,length_32_gap_16,0.12408542633056641
22,1,qseq_2a530f25c94c88b0,length_32_gap_16,0.14139366149902341
22,1,qseq_b90ee294cda3f4ef,length_32_gap_16,0.064149379730224595
22,1,qseq_2194e53c28d8ac06,length_32_gap_16,0.094080924987792899
22,1,qseq_cd35a5d7a5f5a555,length_32_gap_16,0.10671615600585931
22,1,qseq_e3fd7e822923d545,length_32_gap_16,0.064244270324707003
22,1,qseq_3c1160a318793be3,length_32_gap_16,0.21455955505371091
22,1,qseq_a4167c2fe5df8c7f,length_32_gap_16,0.035824775695800698
22,1,qseq_fa6f788e8ca0ef62,length_32_gap_16,0.20654821395874021
22,1,qseq_98487b25edb3051f,length_32_gap_16,0.2650151252746582
22,1,qseq_1f823851ae16f13f,length_32_gap_16,0.2188301086425781
22,1,qseq_b190b48533f45a2c,length_32_gap_16,0.15473365783691401
22,1,qseq_63d72c96ef626e2d,length_32_gap_16,0.58299350738525391
22,1,qseq_a28e2ec155ecc582,length_32_gap_16,-0.10747909545898431
22,1,qseq_eb02fc157dd74784,length_32_gap_16,0.047397613525390597
22,1,qseq_e887c4a51d9b260c,length_32_gap_16,0.094448089599609306
22,1,qseq_dee021939107fbde,length_32_gap_16,0.087671756744384696
22,1,qseq_affe6175ca94dda2,length_32_gap_16,0.061144828796386698
22,1,qseq_7be057ad143b9690,length_32_gap_16,0.27268075942993159
22,1,qseq_24f5b4f7f640338f,length_32_gap_16,0.066826820373535101
22,1,qseq_43ebed208484255f,length_32_gap_16,-0.058794975280761698
22,1,qseq_c613b96c7912d379,length_32_gap_16,0.079889297485351493
22,1,qseq_7f5aade052d4177f,length_32_gap_16,0.12502193450927729
22,1,qseq_ee49c796752d8710,length_32_gap_16,0.13988256454467771
22,1,qseq_b3f568f628b46423,length_64_gap_8,0.1183834075927734
22,1,qseq_2fb25780aa1dbffa,length_64_gap_8,0.049673080444335903
22,1,qseq_fd1170e3dcd5f55e,length_64_gap_8,-0.0146026611328125
22,1,qseq_24b25ead5a4620eb,length_64_gap_8,0.39493322372436518
22,1,qseq_4074ee710223309a,length_64_gap_8,0.25546121597290028
22,1,qseq_4279be38393632ff,length_64_gap_8,0.109591007232666
22,1,qseq_a128a3ad062f254f,length_64_gap_8,0.13478803634643549
22,1,qseq_40546941dd2db2c4,length_64_gap_8,0.13666534423828119
22,1,qseq_bd1d709ea9de2442,length_64_gap_8,0.41849446296691889
22,1,qseq_0701dad0bea1f82c,length_64_gap_8,0.31783223152160639
22,1,qseq_1922d44b2343c70a,length_64_gap_8,0.13409662246704099
22,1,qseq_730ee300e88dbdc9,length_64_gap_8,0.1818478107452392
22,1,qseq_5b194ba92705c9b8,length_64_gap_8,0.1062381267547607
22,1,qseq_021ce8a6eb41287d,length_64_gap_8,0.26665115356445312
22,1,qseq_039bccf871e60190,length_64_gap_8,0.40211915969848627
22,1,qseq_c9895be6cd96e125,length_64_gap_8,0.0234375
22,1,qseq_e517bd5620ecf760,length_64_gap_8,0.097639083862304604
22,1,qseq_05be70e9da000c21,length_64_gap_8,0.14776802062988281
22,1,qseq_9e0484c8cf5ddfc6,length_64_gap_8,0.10292387008666989
22,1,qseq_d8653dab52d91576,length_64_gap_8,0.48634719848632812
22,1,qseq_7c7ae2fc6a76be76,length_64_gap_8,0.61470627784729004
22,1,qseq_eea059d57beab37f,length_64_gap_8,0.1262969970703125
22,1,qseq_8fee472e774e69bb,length_64_gap_8,0.033545970916747998
22,1,qseq_6a6e891f0af35a46,length_64_gap_8,0.0268545150756835
22,1,qseq_a6eb78d92d0c43ab,length_64_gap_8,0.087764739990234306
22,1,qseq_4eb4bdf24b06d78c,length_64_gap_8,0.1396465301513671
22,1,qseq_772ec14d440e73c4,length_64_gap_8,0.044648170471191399
22,1,qseq_c9795ce42618194e,length_64_gap_8,0.39402246475219721
22,1,qseq_ad3d3bcb9795d514,length_64_gap_8,0.3893808126449585
22,1,qseq_1e356400a385b9c8,length_64_gap_8,0.082185268402099595
22,1,qseq_200c199e7437db70,length_64_gap_8,0.35041618347167958
22,1,qseq_f93016a2d910f6d4,length_64_gap_8,0.09539794921875
22,1,qseq_b26f645287ad75c3,length_64_gap_8,0.1165227890014648
22,1,qseq_5dbd77e6301a4d88,length_64_gap_8,0.0001373291015625
22,1,qseq_1f519fea8800a91a,length_64_gap_8,0.088440895080566406
22,1,qseq_c22690e962dda79a,length_64_gap_8,0.2485048770904541
22,1,qseq_aa1bf93acfa1394f,length_64_gap_8,0.3008358478546142
22,1,qseq_c7e2bf5dffccfdb4,length_64_gap_8,0.1110811233520507
22,1,qseq_f0b7c35e28157360,length_64_gap_8,0.22246456146240229
22,1,qseq_5b3541bc4ecd5520,length_64_gap_8,0.1004676818847656
22,1,qseq_51105068c69885d2,length_64_gap_8,0.070779204368591295
22,1,qseq_1fa7df7dac6c2475,length_64_gap_8,0.20197200775146479
22,1,qseq_1f17912f3d8f9da9,length_64_gap_8,0.1249141693115234
22,1,qseq_492ddced5e4b2559,length_64_gap_8,0.00047492980957029998
22,1,qseq_131de4ffcd89e6e9,length_64_gap_8,0.059897422790527302
22,1,qseq_2eba76d2215c33b9,length_64_gap_8,0.017564535140991201
22,1,qseq_a1c3fb56cf8462bb,length_64_gap_8,0.1115509271621704
22,1,qseq_dcd58d81cb05e28d,length_64_gap_8,0.31301093101501459
22,1,qseq_6715416239d80838,length_64_gap_8,0.102696418762207
22,1,qseq_8d499f91b4526a3a,length_64_gap_8,0.086797714233398396
22,1,qseq_587220b2bc085b31,length_64_gap_8,0.047456741333007799
22,1,qseq_69cc809df6a6f6c9,length_64_gap_8,0.46790885925292958
22,1,qseq_b92aea251b1eff2b,length_64_gap_8,0.27237129211425781
22,1,qseq_4f51e954884cdf48,length_64_gap_8,0.022121429443359299
22,1,qseq_fe9ddd894232689b,length_64_gap_8,0.047977447509765597
22,1,qseq_c12d62810ba631af,length_64_gap_8,0.053914070129394497
22,1,qseq_5e9dad96f848721b,length_64_gap_8,0.00050306320190419995
22,1,qseq_32e4b0f9ec8b30ce,length_64_gap_8,0.16053390502929679
22,1,qseq_eab2e57f5041e3f9,length_64_gap_8,0.1267018318176269
22,1,qseq_845854475db5ae4a,length_64_gap_8,0.1043765544891357
22,1,qseq_8688a95186e10f9c,length_64_gap_8,0.15586280822753901
22,1,qseq_e8c2d067e77fc845,length_64_gap_8,0.084770441055297796
22,1,qseq_c0d3d38e8bedac65,length_64_gap_8,-0.044604301452636698
22,1,qseq_84ff4fbaaa20d8cc,length_64_gap_8,0.3010344505310058
22,1,qseq_a0de254948a6e5bf,length_64_gap_16,0.096111774444579995
22,1,qseq_b0e4d687f94733dc,length_64_gap_16,0.046776056289672803
22,1,qseq_be52c9a76238a7d9,length_64_gap_16,0.033149003982543897
22,1,qseq_f37fbd079a3b6bde,length_64_gap_16,-0.0125856399536132
22,1,qseq_ecccef08f74a0d62,length_64_gap_16,0.094983816146850503
22,1,qseq_3b5d281e4d3fc2c2,length_64_gap_16,0.057218551635742097
22,1,qseq_d1e08ad378e2d77d,length_64_gap_16,0.045568943023681599
22,1,qseq_7e4b4a517eef4bbc,length_64_gap_16,0.0078125
22,1,qseq_8b91b6dc4c4ad5a7,length_64_gap_16,0.14147186279296869
22,1,qseq_61c50fa15c9aaf25,length_64_gap_16,0.0001640319824218
22,1,qseq_eb6a949eb0642356,length_64_gap_16,0.1021270751953125
22,1,qseq_ccbe5bac490d61b5,length_64_gap_16,0.1048345565795898
22,1,qseq_ae9e47b71d61c01f,length_64_gap_16,0.18070650100707999
22,1,qseq_c423f0620a3bd358,length_64_gap_16,0.052748680114745997
22,1,qseq_b7edc17d7108c749,length_64_gap_16,0.1570930480957031
22,1,qseq_c0b98a93360f9565,length_64_gap_16,0.28726863861083979
22,1,qseq_b6de0520ecba0cb7,length_64_gap_16,-0.031015396118164
22,1,qseq_adc73ff9cfa008e2,length_64_gap_16,0.0215301513671875
22,1,qseq_2940a4d578561754,length_64_gap_16,0.38336515426635742
22,1,qseq_30994fe2dabf428d,length_64_gap_16,0.062073707580566399
22,1,qseq_949a4801d597a033,length_64_gap_16,0.59839010238647461
22,1,qseq_c5b16a3541c1277e,length_64_gap_16,0.17766857147216791
22,1,qseq_9431506847fefb45,length_64_gap_16,0.117305040359497
22,1,qseq_5c36d742824efa4b,length_64_gap_16,0.095664978027343694
22,1,qseq_05d8cddf3ea281a9,length_64_gap_16,0.6747431755065918
22,1,qseq_f17674cc4392f3bf,length_64_gap_16,0.43977928161621088
22,1,qseq_382e6ced8b87a663,length_64_gap_16,0.18491566181182861
22,1,qseq_fe5cd0e334e253c1,length_64_gap_16,0.49280762672424311
22,1,qseq_b417731b953269a4,length_64_gap_16,0.096428871154785101
22,1,qseq_450cbb29b12c67b7,length_64_gap_16,0.038183212280273403
22,1,qseq_a30ec5f4c977bbc8,length_64_gap_16,0.10999250411987301
22,1,qseq_f52fc5c697a8e7f5,length_64_gap_16,0.18940925598144531
22,1,qseq_396aff10bb95400f,length_64_gap_16,0.21898078918457031
22,1,qseq_82c1df8241dca3cf,length_64_gap_16,0.0097894668579101007
22,1,qseq_204175b8e8f592ff,length_64_gap_16,0.10930395126342771
22,1,qseq_b7054e022b918880,length_64_gap_16,0.0808148384094238
22,1,qseq_ba8a8e9d30f030c0,length_64_gap_16,0.1786167621612548
22,1,qseq_57bd27a9adf994ef,length_64_gap_16,0.086920738220214802
22,1,qseq_df9ba99fcdbb78f6,length_64_gap_16,0.1031074523925781
22,1,qseq_c7f36be3fc9142a4,length_64_gap_16,0.0271353721618652
22,1,qseq_bb25837841d78095,length_64_gap_16,0.067254543304443304
22,1,qseq_89060805f114dcc8,length_64_gap_16,0.079799890518188393
22,1,qseq_cfce5ff0ec658964,length_64_gap_16,0.19690179824829099
22,1,qseq_84f8cb3faeb6a744,length_64_gap_16,0.063992500305175698
22,1,qseq_42c429c411c30673,length_64_gap_16,0.26825380325317377
22,1,qseq_1d8ea3a6efaf9fab,length_64_gap_16,0.054844141006469699
22,1,qseq_a1e47f7cb49b58b7,length_64_gap_16,0.33021640777587891
22,1,qseq_75975c5fcfe56f9f,length_64_gap_16,0.065883636474609306
22,1,qseq_8a0db1772110a4a8,length_64_gap_16,0.37188339233398432
22,1,qseq_5f7ce90f26f794f5,length_64_gap_16,0.048402309417724602
22,1,qseq_f2f94c41d471f1c4,length_64_gap_16,0.0193660259246826
22,1,qseq_d57f36c4148c49c6,length_64_gap_16,0.094370365142822196
22,1,qseq_fdf96662daefa822,length_64_gap_16,0.064391136169433497
22,1,qseq_4b71f66c27222d97,length_64_gap_16,0.19568443298339841
22,1,qseq_a1e8b0d618f525ce,length_64_gap_16,0.057511329650878899
22,1,qseq_8597a5fd74382a82,length_64_gap_16,0.39585685729980458
22,1,qseq_2317dd357fbf5323,length_64_gap_16,0.070462703704833901
22,1,qseq_44b93471651b7136,length_64_gap_16,0.4265522956848144
22,1,qseq_9936aeb4dac5517c,length_64_gap_16,0.2216682434082031
22,1,qseq_4118977d719f3b17,length_64_gap_16,0.20782566070556641
22,1,qseq_622c80501e6559b9,length_64_gap_16,0.046773672103881801
22,1,qseq_995d48cc4618a5d7,length_64_gap_16,0.1032323837280273
22,1,qseq_2a1a4deb70ed1a8f,length_64_gap_16,0.22527980804443351
22,1,qseq_d83a3e748cb0801e,length_64_gap_16,0.038616180419921799
26,15,qseq_00cb1c1a51bbd477,length_32_gap_8,-0.1911509037017822
26,15,qseq_fdb0d02eb17a3ad5,length_32_gap_8,-0.2578125
26,15,qseq_0fb480259789823d,length_32_gap_8,-0.109375
26,15,qseq_a2e6bd810032888a,length_32_gap_8,0.24730539321899411
26,15,qseq_5ce005c7be85e2b9,length_32_gap_8,0.54179668426513672
26,15,qseq_9c1391f827e05414,length_32_gap_8,0.2925348281860351
26,15,qseq_b5c59e25abaa4090,length_32_gap_8,0.0035724639892577999
26,15,qseq_9aa233d4f18630ef,length_32_gap_8,1.2925834655761721
26,15,qseq_36581fc0e870746a,length_32_gap_8,-0.021857261657714799
26,15,qseq_f1250fa423e1545e,length_32_gap_8,0.26390576362609858
26,15,qseq_82e41c38cbe9078a,length_32_gap_8,0.0091185569763183004
26,15,qseq_d0b29249fa160784,length_32_gap_8,-0.069359779357910101
26,15,qseq_05f13a28471ab531,length_32_gap_8,0.0264382362365722
26,15,qseq_f1b36b9fae18111b,length_32_gap_8,0.48925018310546869
26,15,qseq_83e6b8683b1256b2,length_32_gap_8,-0.035146713256835903
26,15,qseq_67044cfad9f21ecb,length_32_gap_8,0.43691444396972651
26,15,qseq_70ea623170fa926c,length_32_gap_8,1.1245517730712893
26,15,qseq_5b73de916863d399,length_32_gap_8,1.1160469055175779
26,15,qseq_db732a487a875289,length_32_gap_8,0.81310462951660145
26,15,qseq_fd7563a3a3cec767,length_32_gap_8,-0.22094917297363281
26,15,qseq_d6183e1df454b220,length_32_gap_8,-0.220703125
26,15,qseq_1355795077be0f50,length_32_gap_8,0.71869468688964844
26,15,qseq_8b0497deeb8bcaef,length_32_gap_8,-0.37485885620117182
26,15,qseq_1fb3a17d5dccef31,length_32_gap_8,0.13729095458984369
26,15,qseq_a17078d2a6b4b999,length_32_gap_8,0.15651035308837891
26,15,qseq_9e89898b6bb8b44e,length_32_gap_8,-0.39603996276855458
26,15,qseq_52f1b1128f7f8827,length_32_gap_8,1.782646656036377
26,15,qseq_d4bff5080bd4daa2,length_32_gap_8,-0.2128381729125976
26,15,qseq_bc537eed9a30ad79,length_32_gap_8,-1.3196773529052734
26,15,qseq_4e294cfbb31deac6,length_32_gap_8,-0.1226987838745117
26,15,qseq_a9426dae73873222,length_32_gap_8,-0.0877859592437744
26,15,qseq_84c7ecb2a5f6fb74,length_32_gap_8,0.072518110275268499
26,15,qseq_2232308bba387df3,length_32_gap_8,-0.067815303802490207
26,15,qseq_c651ff600b8839df,length_32_gap_8,0.42817997932434082
26,15,qseq_bdd4291ac8449310,length_32_gap_8,0.3339929580688476
26,15,qseq_eee8756396fe6af2,length_32_gap_8,-0.25076770782470698
26,15,qseq_d27c4368416fdc93,length_32_gap_8,1.8917951583862305
26,15,qseq_1bc3d720581f5d2b,length_32_gap_8,-0.12448644638061521
26,15,qseq_d1b8220e931c7fd7,length_32_gap_8,0.84661865234375
26,15,qseq_f3612a27015ba1ca,length_32_gap_8,0.043668746948242097
26,15,qseq_983999860e3f68fa,length_32_gap_8,-0.0152158737182617
26,15,qseq_3cc6488c0780e435,length_32_gap_8,0.0020966529846190999
26,15,qseq_896e75303fd36619,length_32_gap_8,0.45263862609863281
26,15,qseq_bb44694bf88faab7,length_32_gap_8,0.12491369247436521
26,15,qseq_676b73120ca2a061,length_32_gap_8,-0.50988864898681641
26,15,qseq_03289c2c4536e699,length_32_gap_8,0.78512263298034657
26,15,qseq_62632b972840b049,length_32_gap_8,0.24623775482177729
26,15,qseq_f5d56d42459ee9bc,length_32_gap_8,0.1945347785949707
26,15,qseq_32bc0ad658c10a1c,length_32_gap_8,0.61262083053588856
26,15,qseq_4da58de5cf93ae4a,length_32_gap_8,0.13860225677490229
26,15,qseq_5e6685ba720055c7,length_32_gap_8,-0.425750732421875
26,15,qseq_2cfb75f54306c844,length_32_gap_8,1.0800085067749023
26,15,qseq_8345587890d3c14f,length_32_gap_8,0.092586517333984306
26,15,qseq_46afeffe5dd0d89f,length_32_gap_8,-0.1071405410766601
26,15,qseq_b592f6abbb02f055,length_32_gap_8,-0.26675605773925781
26,15,qseq_3d813b4e2f642750,length_32_gap_8,0.14308357238769531
26,15,qseq_c3ccf9967efbcd30,length_32_gap_8,0.57370662689208984
26,15,qseq_029bb1fad3e341b6,length_32_gap_8,0.1137471199035644
26,15,qseq_f0a1548c14cbff39,length_32_gap_8,-0.1383514404296875
26,15,qseq_ce67b9d37322c254,length_32_gap_8,-0.1222858428955078
26,15,qseq_1d5def43cbaaf204,length_32_gap_8,0.10869169235229489
26,15,qseq_ef053ee48a778a2d,length_32_gap_8,-0.22773933410644531
26,15,qseq_aad6bf2a44151808,length_32_gap_8,-0.2089672088623046
26,15,qseq_8efc9f11c7cf051c,length_32_gap_8,-0.1058435440063476
26,15,qseq_8e716ecd02e0f73a,length_32_gap_16,0.48647975921630848
26,15,qseq_1595750272a9182b,length_32_gap_16,-0.1951532363891601
26,15,qseq_bcb1e40d4e33a983,length_32_gap_16,0.054677963256835903
26,15,qseq_918b1e8c99f205fc,length_32_gap_16,1.1721668243408203
26,15,qseq_9bcb64e386770afd,length_32_gap_16,0.4641504287719726
26,15,qseq_f308f77da35e5150,length_32_gap_16,0.1088299751281738
26,15,qseq_3d452bb0ed05ae44,length_32_gap_16,0.19983196258544919
26,15,qseq_5e121f37966766e3,length_32_gap_16,0.10717439651489249
26,15,qseq_7d05ec534f8e7970,length_32_gap_16,0.63012504577636708
26,15,qseq_1a641e032f933a96,length_32_gap_16,0.064609289169311496
26,15,qseq_afb04c9fd38b4a73,length_32_gap_16,0.056755065917968701
26,15,qseq_0a7044add0a71938,length_32_gap_16,-0.13884592056274411
26,15,qseq_ad84a1c2bee1922b,length_32_gap_16,0.18732833862304679
26,15,qseq_0449b2f15993e9e3,length_32_gap_16,0.21035194396972651
26,15,qseq_e239bfe29ce1339d,length_32_gap_16,0.82990646362304676
26,15,qseq_1c01b2c0b82e7c86,length_32_gap_16,-0.34996128082275391
26,15,qseq_5a6f346a0090499e,length_32_gap_16,0.72728347778320312
26,15,qseq_23e29e93fa14dc22,length_32_gap_16,0.51117610931396484
26,15,qseq_aed28d8945a5fd51,length_32_gap_16,1.5198612213134766
26,15,qseq_64af7706440b2eb6,length_32_gap_16,0.72654914855957031
26,15,qseq_9b65b35ce09e05fc,length_32_gap_16,0.8703761100769043
26,15,qseq_9966ff37eb81ef5e,length_32_gap_16,0.126957893371582
26,15,qseq_2f710e8798ec9e71,length_32_gap_16,0.075989723205566406
26,15,qseq_11b039baed6684b4,length_32_gap_16,0.050742149353027302
26,15,qseq_60e817fc1eb4a770,length_32_gap_16,1.0623230934143066
26,15,qseq_704ee3aa78d74315,length_32_gap_16,0.33189201354980458
26,15,qseq_56aa2892fb9d4215,length_32_gap_16,0.50440192222595215
26,15,qseq_cfd0f3fa73dabac6,length_32_gap_16,0.043848752975463798
26,15,qseq_4d8b8abbf9e82df2,length_32_gap_16,0.0298614501953125
26,15,qseq_dc290e31b0f7fee9,length_32_gap_16,0.39862060546875
26,15,qseq_d59e491f27122012,length_32_gap_16,-0.1432476043701171
26,15,qseq_0d1644fe34089dc5,length_32_gap_16,0.1887788772583007
26,15,qseq_b0f1c882cbfc023b,length_32_gap_16,1.1734762191772461
26,15,qseq_ae326193ef533b6f,length_32_gap_16,0.45259189605712891
26,15,qseq_b90113f916a4ef25,length_32_gap_16,-0.076811790466308497
26,15,qseq_47db8e82e82ab9ab,length_32_gap_16,1.2157225608825684
26,15,qseq_1bd1876170be1293,length_32_gap_16,0.40426445007324208
26,15,qseq_28a6625244b67550,length_32_gap_16,1.1668879985809326
26,15,qseq_0319d5aa3b7a2109,length_32_gap_16,0.58547401428222645
26,15,qseq_b4281d845cf8791c,length_32_gap_16,-0.060649871826171799
26,15,qseq_eb72d6b6095aa9bf,length_32_gap_16,-0.029709815979003899
26,15,qseq_2a530f25c94c88b0,length_32_gap_16,0.51649045944213856
26,15,qseq_b90ee294cda3f4ef,length_32_gap_16,0.69825935363769531
26,15,qseq_2194e53c28d8ac06,length_32_gap_16,-0.065043449401855399
26,15,qseq_cd35a5d7a5f5a555,length_32_gap_16,0.34407806396484369
26,15,qseq_e3fd7e822923d545,length_32_gap_16,-0.25022983551025391
26,15,qseq_3c1160a318793be3,length_32_gap_16,0.52195549011230458
26,15,qseq_a4167c2fe5df8c7f,length_32_gap_16,0.8933258056640625
26,15,qseq_fa6f788e8ca0ef62,length_32_gap_16,0.16225719451904291
26,15,qseq_98487b25edb3051f,length_32_gap_16,0.44491815567016602
26,15,qseq_1f823851ae16f13f,length_32_gap_16,0.15153789520263669
26,15,qseq_b190b48533f45a2c,length_32_gap_16,0.1860170364379882
26,15,qseq_63d72c96ef626e2d,length_32_gap_16,1.6398391723632812
26,15,qseq_a28e2ec155ecc582,length_32_gap_16,0.549896240234375
26,15,qseq_eb02fc157dd74784,length_32_gap_16,0.56963634490966786
26,15,qseq_e887c4a51d9b260c,length_32_gap_16,2.6896264553070068
26,15,qseq_dee021939107fbde,length_32_gap_16,-0.0346522331237792
26,15,qseq_affe6175ca94dda2,length_32_gap_16,-0.1243071556091308
26,15,qseq_7be057ad143b9690,length_32_gap_16,0.065522193908691406
26,15,qseq_24f5b4f7f640338f,length_32_gap_16,-0.10897445678710931
26,15,qseq_43ebed208484255f,length_32_gap_16,0.34178400039672852
26,15,qseq_c613b96c7912d379,length_32_gap_16,0.12980973720550529
26,15,qseq_7f5aade052d4177f,length_32_gap_16,0.094067573547363198
26,15,qseq_ee49c796752d8710,length_32_gap_16,1.1392397880554199
26,15,qseq_b3f568f628b46423,length_64_gap_8,-0.0039763450622558004
26,15,qseq_2fb25780aa1dbffa,length_64_gap_8,0.4134058952331543
26,15,qseq_fd1170e3dcd5f55e,length_64_gap_8,0.011239051818847601
26,15,qseq_24b25ead5a4620eb,length_64_gap_8,-0.13521385192871091
26,15,qseq_4074ee710223309a,length_64_gap_8,0.78907680511474598
26,15,qseq_4279be38393632ff,length_64_gap_8,0.91290509700775135
26,15,qseq_a128a3ad062f254f,length_64_gap_8,0.77402353286743164
26,15,qseq_40546941dd2db2c4,length_64_gap_8,0.18497657775878901
26,15,qseq_bd1d709ea9de2442,length_64_gap_8,0.33788967132568348
26,15,qseq_0701dad0bea1f82c,length_64_gap_8,0.46783447265625
26,15,qseq_1922d44b2343c70a,length_64_gap_8,-0.59470224380493164
26,15,qseq_730ee300e88dbdc9,length_64_gap_8,0.25812220573425287
26,15,qseq_5b194ba92705c9b8,length_64_gap_8,0.1718838214874267
26,15,qseq_021ce8a6eb41287d,length_64_gap_8,1.7774038314819336
26,15,qseq_039bccf871e60190,length_64_gap_8,0.31131291389465332
26,15,qseq_c9895be6cd96e125,length_64_gap_8,0.072828292846679604
26,15,qseq_e517bd5620ecf760,length_64_gap_8,1.7183513641357422
26,15,qseq_05be70e9da000c21,length_64_gap_8,-0.34217262268066401
26,15,qseq_9e0484c8cf5ddfc6,length_64_gap_8,-0.0064511299133300001
26,15,qseq_d8653dab52d91576,length_64_gap_8,0.1772441864013671
26,15,qseq_7c7ae2fc6a76be76,length_64_gap_8,0.072653293609619099
26,15,qseq_eea059d57beab37f,length_64_gap_8,0.1145782470703125
26,15,qseq_8fee472e774e69bb,length_64_gap_8,1.4129412174224854
26,15,qseq_6a6e891f0af35a46,length_64_gap_8,0.26329517364501948
26,15,qseq_a6eb78d92d0c43ab,length_64_gap_8,0.1412172317504882
26,15,qseq_4eb4bdf24b06d78c,length_64_gap_8,0.2938618659973144
26,15,qseq_772ec14d440e73c4,length_64_gap_8,0.35290431976318348
26,15,qseq_c9795ce42618194e,length_64_gap_8,0.17573404312133781
26,15,qseq_ad3d3bcb9795d514,length_64_gap_8,0.19124341011047361
26,15,qseq_1e356400a385b9c8,length_64_gap_8,-0.2144618034362793
26,15,qseq_200c199e7437db70,length_64_gap_8,0.35592269897460932
26,15,qseq_f93016a2d910f6d4,length_64_gap_8,-0.1495709419250488
26,15,qseq_b26f645287ad75c3,length_64_gap_8,0.058428764343261698
26,15,qseq_5dbd77e6301a4d88,length_64_gap_8,-0.13151168823242179
26,15,qseq_1f519fea8800a91a,length_64_gap_8,-0.045845031738281201
26,15,qseq_c22690e962dda79a,length_64_gap_8,2.3627104759216309
26,15,qseq_aa1bf93acfa1394f,length_64_gap_8,-0.24628782272338859
26,15,qseq_c7e2bf5dffccfdb4,length_64_gap_8,0.035038948059081997
26,15,qseq_f0b7c35e28157360,length_64_gap_8,0.34191608428955073
26,15,qseq_5b3541bc4ecd5520,length_64_gap_8,0.32980442047119141
26,15,qseq_51105068c69885d2,length_64_gap_8,0.64860033988952626
26,15,qseq_1fa7df7dac6c2475,length_64_gap_8,0.087475299835204995
26,15,qseq_1f17912f3d8f9da9,length_64_gap_8,-0.061611652374267502
26,15,qseq_492ddced5e4b2559,length_64_gap_8,0.1319518089294433
26,15,qseq_131de4ffcd89e6e9,length_64_gap_8,0.40432572364807118
26,15,qseq_2eba76d2215c33b9,length_64_gap_8,0.2403235435485839
26,15,qseq_a1c3fb56cf8462bb,length_64_gap_8,0.37687456607818598
26,15,qseq_dcd58d81cb05e28d,length_64_gap_8,1.9690518379211424
26,15,qseq_6715416239d80838,length_64_gap_8,-0.2949681282043457
26,15,qseq_8d499f91b4526a3a,length_64_gap_8,0.073645591735839802
26,15,qseq_587220b2bc085b31,length_64_gap_8,-0.054287910461425698
26,15,qseq_69cc809df6a6f6c9,length_64_gap_8,1.4115657806396484
26,15,qseq_b92aea251b1eff2b,length_64_gap_8,0.1072978973388671
26,15,qseq_4f51e954884cdf48,length_64_gap_8,0.17792773246765131
26,15,qseq_fe9ddd894232689b,length_64_gap_8,0.4744255542755127
26,15,qseq_c12d62810ba631af,length_64_gap_8,0.10967254638671869
26,15,qseq_5e9dad96f848721b,length_64_gap_8,-0.30124282836914062
26,15,qseq_32e4b0f9ec8b30ce,length_64_gap_8,1.0292065143585205
26,15,qseq_eab2e57f5041e3f9,length_64_gap_8,-0.54998111724853505
26,15,qseq_845854475db5ae4a,length_64_gap_8,-0.18140172958374021
26,15,qseq_8688a95186e10f9c,length_64_gap_8,0.54792118072509755
26,15,qseq_e8c2d067e77fc845,length_64_gap_8,0.18162024021148679
26,15,qseq_c0d3d38e8bedac65,length_64_gap_8,-0.0006694793701171
26,15,qseq_84ff4fbaaa20d8cc,length_64_gap_8,-0.080661773681640597
26,15,qseq_a0de254948a6e5bf,length_64_gap_16,-0.21947765350341791
26,15,qseq_b0e4d687f94733dc,length_64_gap_16,0.1521003246307373
26,15,qseq_be52c9a76238a7d9,length_64_gap_16,0.072717905044555595
26,15,qseq_f37fbd079a3b6bde,length_64_gap_16,0.099327564239501898
26,15,qseq_ecccef08f74a0d62,length_64_gap_16,0.19971823692321769
26,15,qseq_3b5d281e4d3fc2c2,length_64_gap_16,0.042694091796875
26,15,qseq_d1e08ad378e2d77d,length_64_gap_16,-0.16822218894958491
26,15,qseq_7e4b4a517eef4bbc,length_64_gap_16,0.59961771965026855
26,15,qseq_8b91b6dc4c4ad5a7,length_64_gap_16,0.35185909271240229
26,15,qseq_61c50fa15c9aaf25,length_64_gap_16,0.29049301147460932
26,15,qseq_eb6a949eb0642356,length_64_gap_16,0.086367130279541002
26,15,qseq_ccbe5bac490d61b5,length_64_gap_16,-0.012258529663085899
26,15,qseq_ae9e47b71d61c01f,length_64_gap_16,1.462162971496582
26,15,qseq_c423f0620a3bd358,length_64_gap_16,-0.060965776443481397
26,15,qseq_b7edc17d7108c749,length_64_gap_16,0.043901920318603502
26,15,qseq_c0b98a93360f9565,length_64_gap_16,-0.082136154174804604
26,15,qseq_b6de0520ecba0cb7,length_64_gap_16,1.0306572914123535
26,15,qseq_adc73ff9cfa008e2,length_64_gap_16,-0.11595678329467771
26,15,qseq_2940a4d578561754,length_64_gap_16,0.10848617553710931
26,15,qseq_30994fe2dabf428d,length_64_gap_16,-0.1006555557250976
26,15,qseq_949a4801d597a033,length_64_gap_16,0.33618021011352528
26,15,qseq_c5b16a3541c1277e,length_64_gap_16,0.1017537117004394
26,15,qseq_9431506847fefb45,length_64_gap_16,0.20650720596313471
26,15,qseq_5c36d742824efa4b,length_64_gap_16,0.12610912322998041
26,15,qseq_05d8cddf3ea281a9,length_64_gap_16,1.5053329467773438
26,15,qseq_f17674cc4392f3bf,length_64_gap_16,0.61118984222412098
26,15,qseq_382e6ced8b87a663,length_64_gap_16,-0.1037991046905517
26,15,qseq_fe5cd0e334e253c1,length_64_gap_16,0.67983436584472645
26,15,qseq_b417731b953269a4,length_64_gap_16,0.1031899452209472
26,15,qseq_450cbb29b12c67b7,length_64_gap_16,0.79612159729003895
26,15,qseq_a30ec5f4c977bbc8,length_64_gap_16,-0.11280059814453119
26,15,qseq_f52fc5c697a8e7f5,length_64_gap_16,0.14057064056396479
26,15,qseq_396aff10bb95400f,length_64_gap_16,0.032482147216796799
26,15,qseq_82c1df8241dca3cf,length_64_gap_16,-0.14735603332519531
26,15,qseq_204175b8e8f592ff,length_64_gap_16,0.21875
26,15,qseq_b7054e022b918880,length_64_gap_16,0.66722202301025391
26,15,qseq_ba8a8e9d30f030c0,length_64_gap_16,0.089101791381835896
26,15,qseq_57bd27a9adf994ef,length_64_gap_16,-0.044601678848266602
26,15,qseq_df9ba99fcdbb78f6,length_64_gap_16,0.0035023689270019002
26,15,qseq_c7f36be3fc9142a4,length_64_gap_16,0.24536466598510739
26,15,qseq_bb25837841d78095,length_64_gap_16,0.63030767440795887
26,15,qseq_89060805f114dcc8,length_64_gap_16,0.017274379730224599
26,15,qseq_cfce5ff0ec658964,length_64_gap_16,0.29130792617797852
26,15,qseq_84f8cb3faeb6a744,length_64_gap_16,0.32440090179443348
26,15,qseq_42c429c411c30673,length_64_gap_16,1.3202710151672363
26,15,qseq_1d8ea3a6efaf9fab,length_64_gap_16,-0.37428832054138178
26,15,qseq_a1e47f7cb49b58b7,length_64_gap_16,0.26705169677734369
26,15,qseq_75975c5fcfe56f9f,length_64_gap_16,2.0293798446655278
26,15,qseq_8a0db1772110a4a8,length_64_gap_16,0.27698516845703119
26,15,qseq_5f7ce90f26f794f5,length_64_gap_16,-0.070901393890380804
26,15,qseq_f2f94c41d471f1c4,length_64_gap_16,2.6106514930725098
26,15,qseq_d57f36c4148c49c6,length_64_gap_16,0.27198410034179682
26,15,qseq_fdf96662daefa822,length_64_gap_16,0.60548162460327137
26,15,qseq_4b71f66c27222d97,length_64_gap_16,-0.051239013671875
26,15,qseq_a1e8b0d618f525ce,length_64_gap_16,0.27723121643066401
26,15,qseq_8597a5fd74382a82,length_64_gap_16,0.086145401000976493
26,15,qseq_2317dd357fbf5323,length_64_gap_16,0.031451225280761698
26,15,qseq_44b93471651b7136,length_64_gap_16,1.0983536243438721
26,15,qseq_9936aeb4dac5517c,length_64_gap_16,0.16195583343505851
26,15,qseq_4118977d719f3b17,length_64_gap_16,0.6312873363494873
26,15,qseq_622c80501e6559b9,length_64_gap_16,0.140625
26,15,qseq_995d48cc4618a5d7,length_64_gap_16,0.021253585815429601
26,15,qseq_2a1a4deb70ed1a8f,length_64_gap_16,0.62938976287841786
26,15,qseq_d83a3e748cb0801e,length_64_gap_16,0.72699737548828125
7,6,qseq_00cb1c1a51bbd477,length_32_gap_8,0.028005599975585899
7,6,qseq_fdb0d02eb17a3ad5,length_32_gap_8,-0.032280921936035101
7,6,qseq_0fb480259789823d,length_32_gap_8,-0.03125
7,6,qseq_a2e6bd810032888a,length_32_gap_8,-0.076193332672119099
7,6,qseq_5ce005c7be85e2b9,length_32_gap_8,-0.085076808929443304
7,6,qseq_9c1391f827e05414,length_32_gap_8,-0.125
7,6,qseq_b5c59e25abaa4090,length_32_gap_8,0.00095987319946279999
7,6,qseq_9aa233d4f18630ef,length_32_gap_8,-0.014682292938232399
7,6,qseq_36581fc0e870746a,length_32_gap_8,0.030292510986328101
7,6,qseq_f1250fa423e1545e,length_32_gap_8,-0.045442104339599602
7,6,qseq_82e41c38cbe9078a,length_32_gap_8,-0.076207160949707003
7,6,qseq_d0b29249fa160784,length_32_gap_8,-0.066304683685302707
7,6,qseq_05f13a28471ab531,length_32_gap_8,-0.064372062683105399
7,6,qseq_f1b36b9fae18111b,length_32_gap_8,0.1175179481506347
7,6,qseq_83e6b8683b1256b2,length_32_gap_8,-0.1569099426269531
7,6,qseq_67044cfad9f21ecb,length_32_gap_8,0.15575742721557609
7,6,qseq_70ea623170fa926c,length_32_gap_8,-0.0070381164550780998
7,6,qseq_5b73de916863d399,length_32_gap_8,0.1236867904663085
7,6,qseq_db732a487a875289,length_32_gap_8,0.031179428100585899
7,6,qseq_fd7563a3a3cec767,length_32_gap_8,0.077550888061523396
7,6,qseq_d6183e1df454b220,length_32_gap_8,0.050993919372558497
7,6,qseq_1355795077be0f50,length_32_gap_8,-0.1718597412109375
7,6,qseq_8b0497deeb8bcaef,length_32_gap_8,0.082904815673828097
7,6,qseq_1fb3a17d5dccef31,length_32_gap_8,0.032023429870605399
7,6,qseq_a17078d2a6b4b999,length_32_gap_8,-0.0370941162109375
7,6,qseq_9e89898b6bb8b44e,length_32_gap_8,-0.13012981414794919
7,6,qseq_52f1b1128f7f8827,length_32_gap_8,0.031223297119140601
7,6,qseq_d4bff5080bd4daa2,length_32_gap_8,-0.081640243530273396
7,6,qseq_bc537eed9a30ad79,length_32_gap_8,-0.030719280242919901
7,6,qseq_4e294cfbb31deac6,length_32_gap_8,0.13947677612304679
7,6,qseq_a9426dae73873222,length_32_gap_8,0.096836328506469699
7,6,qseq_84c7ecb2a5f6fb74,length_32_gap_8,0.0307486057281494
7,6,qseq_2232308bba387df3,length_32_gap_8,-0.062356472015380797
7,6,qseq_c651ff600b8839df,length_32_gap_8,-0.11972999572753899
7,6,qseq_bdd4291ac8449310,length_32_gap_8,0.035346984863281201
7,6,qseq_eee8756396fe6af2,length_32_gap_8,-0.043744087219238198
7,6,qseq_d27c4368416fdc93,length_32_gap_8,0.2286500930786132
7,6,qseq_1bc3d720581f5d2b,length_32_gap_8,-0.031163215637207
7,6,qseq_d1b8220e931c7fd7,length_32_gap_8,-0.034080028533935498
7,6,qseq_f3612a27015ba1ca,length_32_gap_8,-0.044821739196777302
7,6,qseq_983999860e3f68fa,length_32_gap_8,-0.082883596420288003
7,6,qseq_3cc6488c0780e435,length_32_gap_8,-0.045442104339599602
7,6,qseq_896e75303fd36619,length_32_gap_8,0.1734437942504882
7,6,qseq_bb44694bf88faab7,length_32_gap_8,-0.1093029975891113
7,6,qseq_676b73120ca2a061,length_32_gap_8,0.1091938018798828
7,6,qseq_03289c2c4536e699,length_32_gap_8,-0.093613862991332994
7,6,qseq_62632b972840b049,length_32_gap_8,0.079082489013671806
7,6,qseq_f5d56d42459ee9bc,length_32_gap_8,-0.075160026550292899
7,6,qseq_32bc0ad658c10a1c,length_32_gap_8,-0.078125
7,6,qseq_4da58de5cf93ae4a,length_32_gap_8,-0.011445045471191399
7,6,qseq_5e6685ba720055c7,length_32_gap_8,-0.086107254028320299
7,6,qseq_2cfb75f54306c844,length_32_gap_8,-0.115828514099121
7,6,qseq_8345587890d3c14f,length_32_gap_8,0.0084972381591796008
7,6,qseq_46afeffe5dd0d89f,length_32_gap_8,0.0072169303894041997
7,6,qseq_b592f6abbb02f055,length_32_gap_8,0.064842224121093694
7,6,qseq_3d813b4e2f642750,length_32_gap_8,0.086798667907714802
7,6,qseq_c3ccf9967efbcd30,length_32_gap_8,-0.079397201538085896
7,6,qseq_029bb1fad3e341b6,length_32_gap_8,0.036765575408935498
7,6,qseq_f0a1548c14cbff39,length_32_gap_8,0.0175528526306152
7,6,qseq_ce67b9d37322c254,length_32_gap_8,0.15123081207275391
7,6,qseq_1d5def43cbaaf204,length_32_gap_8,-0.0163922309875488
7,6,qseq_ef053ee48a778a2d,length_32_gap_8,0.0204310417175292
7,6,qseq_aad6bf2a44151808,length_32_gap_8,0.014499664306640601
7,6,qseq_8efc9f11c7cf051c,length_32_gap_8,-0.077375411987304604
7,6,qseq_8e716ecd02e0f73a,length_32_gap_16,0.030619621276855399
7,6,qseq_1595750272a9182b,length_32_gap_16,-0.09375
7,6,qseq_bcb1e40d4e33a983,length_32_gap_16,0.065053939819335896
7,6,qseq_918b1e8c99f205fc,length_32_gap_16,-0.019940376281738201
7,6,qseq_9bcb64e386770afd,length_32_gap_16,0.10461044311523431
7,6,qseq_f308f77da35e5150,length_32_gap_16,-0.021183013916015601
7,6,qseq_3d452bb0ed05ae44,length_32_gap_16,-0.0846710205078125
7,6,qseq_5e121f37966766e3,length_32_gap_16,-0.0054736137390135999
7,6,qseq_7d05ec534f8e7970,length_32_gap_16,0.0106801986694335
7,6,qseq_1a641e032f933a96,length_32_gap_16,0.0026030540466308
7,6,qseq_afb04c9fd38b4a73,length_32_gap_16,0.060810089111328097
7,6,qseq_0a7044add0a71938,length_32_gap_16,0.0042183399200439002
7,6,qseq_ad84a1c2bee1922b,length_32_gap_16,-0.0300698280334472
7,6,qseq_0449b2f15993e9e3,length_32_gap_16,-0.0584564208984375
7,6,qseq_e239bfe29ce1339d,length_32_gap_16,-0.031270980834960903
7,6,qseq_1c01b2c0b82e7c86,length_32_gap_16,0.091278076171875
7,6,qseq_5a6f346a0090499e,length_32_gap_16,0.031706809997558497
7,6,qseq_23e29e93fa14dc22,length_32_gap_16,0.075989246368408203
7,6,qseq_aed28d8945a5fd51,length_32_gap_16,-0.044198989868164
7,6,qseq_64af7706440b2eb6,length_32_gap_16,0.1342287063598632
7,6,qseq_9b65b35ce09e05fc,length_32_gap_16,-0.092257022857666002
7,6,qseq_9966ff37eb81ef5e,length_32_gap_16,0.0072870254516600999
7,6,qseq_2f710e8798ec9e71,length_32_gap_16,0.019021987915039
7,6,qseq_11b039baed6684b4,length_32_gap_16,0.022679328918457
7,6,qseq_60e817fc1eb4a770,length_32_gap_16,0.21870660781860349
7,6,qseq_704ee3aa78d74315,length_32_gap_16,-0.046869754791259703
7,6,qseq_56aa2892fb9d4215,length_32_gap_16,-0.0192971229553222
7,6,qseq_cfd0f3fa73dabac6,length_32_gap_16,0.035667896270751898
7,6,qseq_4d8b8abbf9e82df2,length_32_gap_16,0.033304214477539
7,6,qseq_dc290e31b0f7fee9,length_32_gap_16,0.093148231506347601
7,6,qseq_d59e491f27122012,length_32_gap_16,0.0334973335266113
7,6,qseq_0d1644fe34089dc5,length_32_gap_16,-0.031075477600097601
7,6,qseq_b0f1c882cbfc023b,length_32_gap_16,-0.016528129577636701
7,6,qseq_ae326193ef533b6f,length_32_gap_16,0.0202374458312988
7,6,qseq_b90113f916a4ef25,length_32_gap_16,-0.0625
7,6,qseq_47db8e82e82ab9ab,length_32_gap_16,-0.0094523429870605
7,6,qseq_1bd1876170be1293,length_32_gap_16,0.1278052330017089
7,6,qseq_28a6625244b67550,length_32_gap_16,0.158543586730957
7,6,qseq_0319d5aa3b7a2109,length_32_gap_16,-0.0505814552307128
7,6,qseq_b4281d845cf8791c,length_32_gap_16,0.093122005462646401
7,6,qseq_eb72d6b6095aa9bf,length_32_gap_16,-0.094016075134277302
7,6,qseq_2a530f25c94c88b0,length_32_gap_16,0.10966110229492181
7,6,qseq_b90ee294cda3f4ef,length_32_gap_16,-0.010417461395263601
7,6,qseq_2194e53c28d8ac06,length_32_gap_16,-0.002204418182373
7,6,qseq_cd35a5d7a5f5a555,length_32_gap_16,-0.013685226440429601
7,6,qseq_e3fd7e822923d545,length_32_gap_16,-0.0424790382385253
7,6,qseq_3c1160a318793be3,length_32_gap_16,0.062429428100585903
7,6,qseq_a4167c2fe5df8c7f,length_32_gap_16,-0.085365295410156194
7,6,qseq_fa6f788e8ca0ef62,length_32_gap_16,-0.0051698684692381997
7,6,qseq_98487b25edb3051f,length_32_gap_16,0.058716773986816399
7,6,qseq_1f823851ae16f13f,length_32_gap_16,-0.0002064704895019
7,6,qseq_b190b48533f45a2c,length_32_gap_16,-0.00038385391235350001
7,6,qseq_63d72c96ef626e2d,length_32_gap_16,0.015698432922363201
7,6,qseq_a28e2ec155ecc582,length_32_gap_16,0.23758506774902341
7,6,qseq_eb02fc157dd74784,length_32_gap_16,-0.071348190307617104
7,6,qseq_e887c4a51d9b260c,length_32_gap_16,-0.15693759918212891
7,6,qseq_dee021939107fbde,length_32_gap_16,0.0929303169250488
7,6,qseq_affe6175ca94dda2,length_32_gap_16,0.03125
7,6,qseq_7be057ad143b9690,length_32_gap_16,-0.03125
7,6,qseq_24f5b4f7f640338f,length_32_gap_16,-0.040340423583984299
7,6,qseq_43ebed208484255f,length_32_gap_16,-0.1239471435546875
7,6,qseq_c613b96c7912d379,length_32_gap_16,-0.17218518257141111
7,6,qseq_7f5aade052d4177f,length_32_gap_16,0.062521934509277302
7,6,qseq_ee49c796752d8710,length_32_gap_16,0.069337368011474595
7,6,qseq_b3f568f628b46423,length_64_gap_8,-0.085437774658203097
7,6,qseq_2fb25780aa1dbffa,length_64_gap_8,0.0775604248046875
7,6,qseq_fd1170e3dcd5f55e,length_64_gap_8,-0.0625
7,6,qseq_24b25ead5a4620eb,length_64_gap_8,-0.013526439666748
7,6,qseq_4074ee710223309a,length_64_gap_8,-0.00067663192749020001
7,6,qseq_4279be38393632ff,length_64_gap_8,-0.027499437332153299
7,6,qseq_a128a3ad062f254f,length_64_gap_8,0.13503193855285639
7,6,qseq_40546941dd2db2c4,length_64_gap_8,0.027229309082031201
7,6,qseq_bd1d709ea9de2442,length_64_gap_8,-0.1202583312988281
7,6,qseq_0701dad0bea1f82c,length_64_gap_8,-0.0156576633453369
7,6,qseq_1922d44b2343c70a,length_64_gap_8,-0.1516542434692382
7,6,qseq_730ee300e88dbdc9,length_64_gap_8,0.1271603107452392
7,6,qseq_5b194ba92705c9b8,length_64_gap_8,0.080846071243286105
7,6,qseq_021ce8a6eb41287d,length_64_gap_8,-0.28125
7,6,qseq_039bccf871e60190,length_64_gap_8,-0.0546875
7,6,qseq_c9895be6cd96e125,length_64_gap_8,-0.092866897583007799
7,6,qseq_e517bd5620ecf760,length_64_gap_8,0.089860916137695299
7,6,qseq_05be70e9da000c21,length_64_gap_8,0.058929443359375
7,6,qseq_9e0484c8cf5ddfc6,length_64_gap_8,-0.063969612121582003
7,6,qseq_d8653dab52d91576,length_64_gap_8,-0.20425510406494141
7,6,qseq_7c7ae2fc6a76be76,length_64_gap_8,-0.066000938415527302
7,6,qseq_eea059d57beab37f,length_64_gap_8,0.071840286254882799
7,6,qseq_8fee472e774e69bb,length_64_gap_8,-0.061132431030273403
7,6,qseq_6a6e891f0af35a46,length_64_gap_8,0.045768737792968701
7,6,qseq_a6eb78d92d0c43ab,length_64_gap_8,-0.040831565856933497
7,6,qseq_4eb4bdf24b06d78c,length_64_gap_8,-0.0019807815551757002
7,6,qseq_772ec14d440e73c4,length_64_gap_8,0.024747371673583901
7,6,qseq_c9795ce42618194e,length_64_gap_8,0.0720388889312744
7,6,qseq_ad3d3bcb9795d514,length_64_gap_8,-0.095620870590209905
7,6,qseq_1e356400a385b9c8,length_64_gap_8,-0.0546875
7,6,qseq_200c199e7437db70,length_64_gap_8,0.076837539672851493
7,6,qseq_f93016a2d910f6d4,length_64_gap_8,-0.015755653381347601
7,6,qseq_b26f645287ad75c3,length_64_gap_8,0.020160198211669901
7,6,qseq_5dbd77e6301a4d88,length_64_gap_8,0.0313873291015625
7,6,qseq_1f519fea8800a91a,length_64_gap_8,0.083489418029785101
7,6,qseq_c22690e962dda79a,length_64_gap_8,-0.0094280242919921008
7,6,qseq_aa1bf93acfa1394f,length_64_gap_8,-0.15547394752502439
7,6,qseq_c7e2bf5dffccfdb4,length_64_gap_8,-0.0144271850585937
7,6,qseq_f0b7c35e28157360,length_64_gap_8,-0.082889795303344699
7,6,qseq_5b3541bc4ecd5520,length_64_gap_8,0.052498817443847601
7,6,qseq_51105068c69885d2,length_64_gap_8,0.0011800527572630999
7,6,qseq_1fa7df7dac6c2475,length_64_gap_8,0.022566795349121
7,6,qseq_1f17912f3d8f9da9,length_64_gap_8,-0.09405517578125
7,6,qseq_492ddced5e4b2559,length_64_gap_8,-0.015389442443847601
7,6,qseq_131de4ffcd89e6e9,length_64_gap_8,0.0268981456756591
7,6,qseq_2eba76d2215c33b9,length_64_gap_8,-0.062802314758300698
7,6,qseq_a1c3fb56cf8462bb,length_64_gap_8,0.0471787452697753
7,6,qseq_dcd58d81cb05e28d,length_64_gap_8,0.109375
7,6,qseq_6715416239d80838,length_64_gap_8,0.17123746871948239
7,6,qseq_8d499f91b4526a3a,length_64_gap_8,0.019083023071289
7,6,qseq_587220b2bc085b31,length_64_gap_8,-0.033960819244384703
7,6,qseq_69cc809df6a6f6c9,length_64_gap_8,-0.026302337646484299
7,6,qseq_b92aea251b1eff2b,length_64_gap_8,0.0153141021728515
7,6,qseq_4f51e954884cdf48,length_64_gap_8,0.017773151397704998
7,6,qseq_fe9ddd894232689b,length_64_gap_8,-0.031795501708984299
7,6,qseq_c12d62810ba631af,length_64_gap_8,-0.022937774658203101
7,6,qseq_5e9dad96f848721b,length_64_gap_8,-0.033226966857910101
7,6,qseq_32e4b0f9ec8b30ce,length_64_gap_8,0.18602609634399411
7,6,qseq_eab2e57f5041e3f9,length_64_gap_8,0.11800813674926749
7,6,qseq_845854475db5ae4a,length_64_gap_8,0.0089821815490721997
7,6,qseq_8688a95186e10f9c,length_64_gap_8,-0.15313339233398429
7,6,qseq_e8c2d067e77fc845,length_64_gap_8,-0.100033164024353
7,6,qseq_c0d3d38e8bedac65,length_64_gap_8,0.061496734619140597
7,6,qseq_84ff4fbaaa20d8cc,length_64_gap_8,0.021955490112304601
7,6,qseq_a0de254948a6e5bf,length_64_gap_16,-0.090354919433593694
7,6,qseq_b0e4d687f94733dc,length_64_gap_16,0.023305892944335899
7,6,qseq_be52c9a76238a7d9,length_64_gap_16,0.0014076232910156001
7,6,qseq_f37fbd079a3b6bde,length_64_gap_16,0.0133514404296875
7,6,qseq_ecccef08f74a0d62,length_64_gap_16,0.022737503051757799
7,6,qseq_3b5d281e4d3fc2c2,length_64_gap_16,-0.022721290588378899
7,6,qseq_d1e08ad378e2d77d,length_64_gap_16,-0.0121767520904541
7,6,qseq_7e4b4a517eef4bbc,length_64_gap_16,0.14084029197692871
7,6,qseq_8b91b6dc4c4ad5a7,length_64_gap_16,-0.099421977996826102
7,6,qseq_61c50fa15c9aaf25,length_64_gap_16,0.046074867248535101
7,6,qseq_eb6a949eb0642356,length_64_gap_16,-0.0285582542419433
7,6,qseq_ccbe5bac490d61b5,length_64_gap_16,0.1161108016967773
7,6,qseq_ae9e47b71d61c01f,length_64_gap_16,0.12086582183837891
7,6,qseq_c423f0620a3bd358,length_64_gap_16,-0.093176364898681599
7,6,qseq_b7edc17d7108c749,length_64_gap_16,0.093518257141113198
7,6,qseq_c0b98a93360f9565,length_64_gap_16,-0.0097913742065428994
7,6,qseq_b6de0520ecba0cb7,length_64_gap_16,-7.4863433837890625e-05
7,6,qseq_adc73ff9cfa008e2,length_64_gap_16,0.076190948486328097
7,6,qseq_2940a4d578561754,length_64_gap_16,0.0360703468322753
7,6,qseq_30994fe2dabf428d,length_64_gap_16,-0.053327560424804597
7,6,qseq_949a4801d597a033,length_64_gap_16,0.12005615234375
7,6,qseq_c5b16a3541c1277e,length_64_gap_16,-0.1247076988220214
7,6,qseq_9431506847fefb45,length_64_gap_16,0.025371313095092701
7,6,qseq_5c36d742824efa4b,length_64_gap_16,-0.044976234436035101
7,6,qseq_05d8cddf3ea281a9,length_64_gap_16,0.1120457649230957
7,6,qseq_f17674cc4392f3bf,length_64_gap_16,0.031856536865234299
7,6,qseq_382e6ced8b87a663,length_64_gap_16,-0.0172083377838134
7,6,qseq_fe5cd0e334e253c1,length_64_gap_16,-0.1160836219787597
7,6,qseq_b417731b953269a4,length_64_gap_16,0.077332496643066406
7,6,qseq_450cbb29b12c67b7,length_64_gap_16,0.0065870285034179002
7,6,qseq_a30ec5f4c977bbc8,length_64_gap_16,0.0020136833190917002
7,6,qseq_f52fc5c697a8e7f5,length_64_gap_16,0.073502540588378906
7,6,qseq_396aff10bb95400f,length_64_gap_16,-0.070700645446777302
7,6,qseq_82c1df8241dca3cf,length_64_gap_16,0.054475784301757799
7,6,qseq_204175b8e8f592ff,length_64_gap_16,-0.117293357849121
7,6,qseq_b7054e022b918880,length_64_gap_16,0.034488677978515597
7,6,qseq_ba8a8e9d30f030c0,length_64_gap_16,-0.020862579345703101
7,6,qseq_57bd27a9adf994ef,length_64_gap_16,-0.052673220634460401
7,6,qseq_df9ba99fcdbb78f6,length_64_gap_16,-0.049989700317382799
7,6,qseq_c7f36be3fc9142a4,length_64_gap_16,0.042487144470214802
7,6,qseq_bb25837841d78095,length_64_gap_16,-0.076413631439208901
7,6,qseq_89060805f114dcc8,length_64_gap_16,0.073510885238647405
7,6,qseq_cfce5ff0ec658964,length_64_gap_16,-0.014569759368896399
7,6,qseq_84f8cb3faeb6a744,length_64_gap_16,-0.015679359436035101
7,6,qseq_42c429c411c30673,length_64_gap_16,0.104994773864746
7,6,qseq_1d8ea3a6efaf9fab,length_64_gap_16,-0.0233833789825439
7,6,qseq_a1e47f7cb49b58b7,length_64_gap_16,0.090891838073730399
7,6,qseq_75975c5fcfe56f9f,length_64_gap_16,-0.047577857971191399
7,6,qseq_8a0db1772110a4a8,length_64_gap_16,-0.10332679748535149
7,6,qseq_5f7ce90f26f794f5,length_64_gap_16,-0.070901393890380804
7,6,qseq_f2f94c41d471f1c4,length_64_gap_16,-0.11406040191650391
7,6,qseq_d57f36c4148c49c6,length_64_gap_16,0.047117233276367097
7,6,qseq_fdf96662daefa822,length_64_gap_16,0.013108253479003899
7,6,qseq_4b71f66c27222d97,length_64_gap_16,-0.049049377441406201
7,6,qseq_a1e8b0d618f525ce,length_64_gap_16,-0.058614730834960903
7,6,qseq_8597a5fd74382a82,length_64_gap_16,0.044219970703125
7,6,qseq_2317dd357fbf5323,length_64_gap_16,0.0309596061706542
7,6,qseq_44b93471651b7136,length_64_gap_16,-0.19636392593383781
7,6,qseq_9936aeb4dac5517c,length_64_gap_16,-0.089397430419921806
7,6,qseq_4118977d719f3b17,length_64_gap_16,-0.0599198341369628
7,6,qseq_622c80501e6559b9,length_64_gap_16,-0.03125
7,6,qseq_995d48cc4618a5d7,length_64_gap_16,0.033321380615234299
7,6,qseq_2a1a4deb70ed1a8f,length_64_gap_16,-0.037476539611816399
7,6,qseq_d83a3e748cb0801e,length_64_gap_16,-0.058263778686523403
17,13,qseq_00cb1c1a51bbd477,length_32_gap_8,0.078806400299072196
17,13,qseq_fdb0d02eb17a3ad5,length_32_gap_8,-0.065432548522949205
17,13,qseq_0fb480259789823d,length_32_gap_8,-0.09375
17,13,qseq_a2e6bd810032888a,length_32_gap_8,-0.029550552368164
17,13,qseq_5ce005c7be85e2b9,length_32_gap_8,0.0140044689178466
17,13,qseq_9c1391f827e05414,length_32_gap_8,0.0092849731445311997
17,13,qseq_b5c59e25abaa4090,length_32_gap_8,0.0143094062805175
17,13,qseq_9aa233d4f18630ef,length_32_gap_8,0.063442707061767495
17,13,qseq_36581fc0e870746a,length_32_gap_8,-0.14433574676513669
17,13,qseq_f1250fa423e1545e,length_32_gap_8,-0.0166163444519042
17,13,qseq_82e41c38cbe9078a,length_32_gap_8,0.0087242126464843004
17,13,qseq_d0b29249fa160784,length_32_gap_8,-0.4104008674621582
17,13,qseq_05f13a28471ab531,length_32_gap_8,0.014810562133789
17,13,qseq_f1b36b9fae18111b,length_32_gap_8,-0.084024906158447196
17,13,qseq_83e6b8683b1256b2,length_32_gap_8,-0.26769256591796869
17,13,qseq_67044cfad9f21ecb,length_32_gap_8,-0.062380790710449198
17,13,qseq_70ea623170fa926c,length_32_gap_8,0.17016887664794919
17,13,qseq_5b73de916863d399,length_32_gap_8,0.092012405395507799
17,13,qseq_db732a487a875289,length_32_gap_8,-0.0158329010009765
17,13,qseq_fd7563a3a3cec767,length_32_gap_8,0.082291603088378906
17,13,qseq_d6183e1df454b220,length_32_gap_8,-0.0040435791015625
17,13,qseq_1355795077be0f50,length_32_gap_8,-0.046872138977050698
17,13,qseq_8b0497deeb8bcaef,length_32_gap_8,0.017442703247070299
17,13,qseq_1fb3a17d5dccef31,length_32_gap_8,0.015733718872070299
17,13,qseq_a17078d2a6b4b999,length_32_gap_8,-0.011928081512451101
17,13,qseq_9e89898b6bb8b44e,length_32_gap_8,0.17834091186523429
17,13,qseq_52f1b1128f7f8827,length_32_gap_8,0.062513351440429604
17,13,qseq_d4bff5080bd4daa2,length_32_gap_8,-0.0077543258666991997
17,13,qseq_bc537eed9a30ad79,length_32_gap_8,-0.09375
17,13,qseq_4e294cfbb31deac6,length_32_gap_8,0.19591426849365229
17,13,qseq_a9426dae73873222,length_32_gap_8,-0.078125
17,13,qseq_84c7ecb2a5f6fb74,length_32_gap_8,-0.098248243331909096
17,13,qseq_2232308bba387df3,length_32_gap_8,-0.23489046096801749
17,13,qseq_c651ff600b8839df,length_32_gap_8,0.0118122100830078
17,13,qseq_bdd4291ac8449310,length_32_gap_8,0.0475602149963378
17,13,qseq_eee8756396fe6af2,length_32_gap_8,-0.12782192230224601
17,13,qseq_d27c4368416fdc93,length_32_gap_8,0.33748912811279291
17,13,qseq_1bc3d720581f5d2b,length_32_gap_8,0.015653133392333901
17,13,qseq_d1b8220e931c7fd7,length_32_gap_8,0.2865071296691894
17,13,qseq_f3612a27015ba1ca,length_32_gap_8,0.37338352203369141
17,13,qseq_983999860e3f68fa,length_32_gap_8,-0.1049799919128418
17,13,qseq_3cc6488c0780e435,length_32_gap_8,-0.081675052642822196
17,13,qseq_896e75303fd36619,length_32_gap_8,-0.21698999404907221
17,13,qseq_bb44694bf88faab7,length_32_gap_8,0.093738555908203097
17,13,qseq_676b73120ca2a061,length_32_gap_8,0.1481666564941406
17,13,qseq_03289c2c4536e699,length_32_gap_8,-0.27205514907836909
17,13,qseq_62632b972840b049,length_32_gap_8,-0.3611536026000976
17,13,qseq_f5d56d42459ee9bc,length_32_gap_8,-0.082728862762451102
17,13,qseq_32bc0ad658c10a1c,length_32_gap_8,0.024750709533691399
17,13,qseq_4da58de5cf93ae4a,length_32_gap_8,0.14015388488769531
17,13,qseq_5e6685ba720055c7,length_32_gap_8,-0.023607254028320299
17,13,qseq_2cfb75f54306c844,length_32_gap_8,-0.024914741516113201
17,13,qseq_8345587890d3c14f,length_32_gap_8,0.0107574462890625
17,13,qseq_46afeffe5dd0d89f,length_32_gap_8,-0.008697509765625
17,13,qseq_b592f6abbb02f055,length_32_gap_8,0.022311687469482401
17,13,qseq_3d813b4e2f642750,length_32_gap_8,0.041534423828125
17,13,qseq_c3ccf9967efbcd30,length_32_gap_8,0.57076549530029286
17,13,qseq_029bb1fad3e341b6,length_32_gap_8,0.1899390220642089
17,13,qseq_f0a1548c14cbff39,length_32_gap_8,-0.026114940643310498
17,13,qseq_ce67b9d37322c254,length_32_gap_8,-0.085947513580322196
17,13,qseq_1d5def43cbaaf204,length_32_gap_8,0.046445369720458901
17,13,qseq_ef053ee48a778a2d,length_32_gap_8,-0.2434215545654296
17,13,qseq_aad6bf2a44151808,length_32_gap_8,0.1946802139282226
17,13,qseq_8efc9f11c7cf051c,length_32_gap_8,0.040753364562988198
17,13,qseq_8e716ecd02e0f73a,length_32_gap_16,0.1055641174316406
17,13,qseq_1595750272a9182b,length_32_gap_16,-0.113316535949707
17,13,qseq_bcb1e40d4e33a983,length_32_gap_16,0.090198516845703097
17,13,qseq_918b1e8c99f205fc,length_32_gap_16,0.2030611038208007
17,13,qseq_9bcb64e386770afd,length_32_gap_16,0.0478458404541015
17,13,qseq_f308f77da35e5150,length_32_gap_16,0.2267541885375976
17,13,qseq_3d452bb0ed05ae44,length_32_gap_16,-0.29521298408508301
17,13,qseq_5e121f37966766e3,length_32_gap_16,-0.0537562370300292
17,13,qseq_7d05ec534f8e7970,length_32_gap_16,0.0517520904541015
17,13,qseq_1a641e032f933a96,length_32_gap_16,-0.32561898231506342
17,13,qseq_afb04c9fd38b4a73,length_32_gap_16,-0.0057449340820311997
17,13,qseq_0a7044add0a71938,length_32_gap_16,0.056908607482910101
17,13,qseq_ad84a1c2bee1922b,length_32_gap_16,0.020550727844238201
17,13,qseq_0449b2f15993e9e3,length_32_gap_16,0.0097618103027343004
17,13,qseq_e239bfe29ce1339d,length_32_gap_16,-0.030998229980468701
17,13,qseq_1c01b2c0b82e7c86,length_32_gap_16,0.24902009963989249
17,13,qseq_5a6f346a0090499e,length_32_gap_16,0.22719955444335929
17,13,qseq_23e29e93fa14dc22,length_32_gap_16,0.014765739440917899
17,13,qseq_aed28d8945a5fd51,length_32_gap_16,0.1022825241088867
17,13,qseq_64af7706440b2eb6,length_32_gap_16,-0.03125
17,13,qseq_9b65b35ce09e05fc,length_32_gap_16,0.027706146240234299
17,13,qseq_9966ff37eb81ef5e,length_32_gap_16,0.01788330078125
17,13,qseq_2f710e8798ec9e71,length_32_gap_16,0.077645301818847601
17,13,qseq_11b039baed6684b4,length_32_gap_16,0.32699203491210932
17,13,qseq_60e817fc1eb4a770,length_32_gap_16,0.18743562698364249
17,13,qseq_704ee3aa78d74315,length_32_gap_16,-0.074357986450195299
17,13,qseq_56aa2892fb9d4215,length_32_gap_16,-0.015417575836181601
17,13,qseq_cfd0f3fa73dabac6,length_32_gap_16,-0.0123767852783203
17,13,qseq_4d8b8abbf9e82df2,length_32_gap_16,0.083274841308593694
17,13,qseq_dc290e31b0f7fee9,length_32_gap_16,0.076653480529785101
17,13,qseq_d59e491f27122012,length_32_gap_16,-0.1794409751892089
17,13,qseq_0d1644fe34089dc5,length_32_gap_16,0.024244308471679601
17,13,qseq_b0f1c882cbfc023b,length_32_gap_16,0.017226219177246
17,13,qseq_ae326193ef533b6f,length_32_gap_16,0.019676208496093701
17,13,qseq_b90113f916a4ef25,length_32_gap_16,-0.018403053283691399
17,13,qseq_47db8e82e82ab9ab,length_32_gap_16,-0.099714279174804604
17,13,qseq_1bd1876170be1293,length_32_gap_16,0.033671379089355399
17,13,qseq_28a6625244b67550,length_32_gap_16,0.21638321876525871
17,13,qseq_0319d5aa3b7a2109,length_32_gap_16,0.142247200012207
17,13,qseq_b4281d845cf8791c,length_32_gap_16,-0.00042486190795890002
17,13,qseq_eb72d6b6095aa9bf,length_32_gap_16,0.18559885025024411
17,13,qseq_2a530f25c94c88b0,length_32_gap_16,0.032798767089843701
17,13,qseq_b90ee294cda3f4ef,length_32_gap_16,-0.1648488044738769
17,13,qseq_2194e53c28d8ac06,length_32_gap_16,0.16042709350585929
17,13,qseq_cd35a5d7a5f5a555,length_32_gap_16,-0.1101408004760742
17,13,qseq_e3fd7e822923d545,length_32_gap_16,0.0377044677734375
17,13,qseq_3c1160a318793be3,length_32_gap_16,0.077359199523925698
17,13,qseq_a4167c2fe5df8c7f,length_32_gap_16,0.088468551635742104
17,13,qseq_fa6f788e8ca0ef62,length_32_gap_16,-0.15123081207275391
17,13,qseq_98487b25edb3051f,length_32_gap_16,-0.13088178634643549
17,13,qseq_1f823851ae16f13f,length_32_gap_16,-0.063118934631347601
17,13,qseq_b190b48533f45a2c,length_32_gap_16,0.029833793640136701
17,13,qseq_63d72c96ef626e2d,length_32_gap_16,-0.021381378173828101
17,13,qseq_a28e2ec155ecc582,length_32_gap_16,-0.13776779174804679
17,13,qseq_eb02fc157dd74784,length_32_gap_16,-0.15001487731933591
17,13,qseq_e887c4a51d9b260c,length_32_gap_16,-0.2095308303833007
17,13,qseq_dee021939107fbde,length_32_gap_16,0.082038402557373005
17,13,qseq_affe6175ca94dda2,length_32_gap_16,0.0625
17,13,qseq_7be057ad143b9690,length_32_gap_16,-0.068293571472167899
17,13,qseq_24f5b4f7f640338f,length_32_gap_16,-0.31596660614013672
17,13,qseq_43ebed208484255f,length_32_gap_16,0.125
17,13,qseq_c613b96c7912d379,length_32_gap_16,-0.1123955249786377
17,13,qseq_7f5aade052d4177f,length_32_gap_16,-0.062385559082031201
17,13,qseq_ee49c796752d8710,length_32_gap_16,0.017239570617675701
17,13,qseq_b3f568f628b46423,length_64_gap_8,-0.1061749458312988
17,13,qseq_2fb25780aa1dbffa,length_64_gap_8,0.0055704116821289002
17,13,qseq_fd1170e3dcd5f55e,length_64_gap_8,-0.1247072219848632
17,13,qseq_24b25ead5a4620eb,length_64_gap_8,0.1130776405334472
17,13,qseq_4074ee710223309a,length_64_gap_8,-0.0020909309387207001
17,13,qseq_4279be38393632ff,length_64_gap_8,0.0819439888000488
17,13,qseq_a128a3ad062f254f,length_64_gap_8,0.035788059234619099
17,13,qseq_40546941dd2db2c4,length_64_gap_8,-0.043083190917968701
17,13,qseq_bd1d709ea9de2442,length_64_gap_8,-0.00057363510131829996
17,13,qseq_0701dad0bea1f82c,length_64_gap_8,-0.18948888778686521
17,13,qseq_1922d44b2343c70a,length_64_gap_8,0.042278766632080002
17,13,qseq_730ee300e88dbdc9,length_64_gap_8,0.1220443248748779
17,13,qseq_5b194ba92705c9b8,length_64_gap_8,-0.028723239898681599
17,13,qseq_021ce8a6eb41287d,length_64_gap_8,-0.2022485733032226
17,13,qseq_039bccf871e60190,length_64_gap_8,-0.10424017906188961
17,13,qseq_c9895be6cd96e125,length_64_gap_8,-0.021282196044921799
17,13,qseq_e517bd5620ecf760,length_64_gap_8,0.062363624572753899
17,13,qseq_05be70e9da000c21,length_64_gap_8,0.099567413330078097
17,13,qseq_9e0484c8cf5ddfc6,length_64_gap_8,0.32737922668457031
17,13,qseq_d8653dab52d91576,length_64_gap_8,0.1246190071105957
17,13,qseq_7c7ae2fc6a76be76,length_64_gap_8,0.059387922286987298
17,13,qseq_eea059d57beab37f,length_64_gap_8,0.025388717651367101
17,13,qseq_8fee472e774e69bb,length_64_gap_8,-0.1778714656829834
17,13,qseq_6a6e891f0af35a46,length_64_gap_8,0.077202796936035101
17,13,qseq_a6eb78d92d0c43ab,length_64_gap_8,0.1875
17,13,qseq_4eb4bdf24b06d78c,length_64_gap_8,-0.046875
17,13,qseq_772ec14d440e73c4,length_64_gap_8,-0.0575556755065917
17,13,qseq_c9795ce42618194e,length_64_gap_8,0.099169969558715806
17,13,qseq_ad3d3bcb9795d514,length_64_gap_8,0.020229101181030201
17,13,qseq_1e356400a385b9c8,length_64_gap_8,-0.00085020065307609999
17,13,qseq_200c199e7437db70,length_64_gap_8,0.06134033203125
17,13,qseq_f93016a2d910f6d4,length_64_gap_8,0.1099071502685546
17,13,qseq_b26f645287ad75c3,length_64_gap_8,0.1156134605407714
17,13,qseq_5dbd77e6301a4d88,length_64_gap_8,0.038980484008789
17,13,qseq_1f519fea8800a91a,length_64_gap_8,-0.041814804077148403
17,13,qseq_c22690e962dda79a,length_64_gap_8,0.070271492004394503
17,13,qseq_aa1bf93acfa1394f,length_64_gap_8,0.031764507293701102
17,13,qseq_c7e2bf5dffccfdb4,length_64_gap_8,-0.1857500076293945
17,13,qseq_f0b7c35e28157360,length_64_gap_8,0.2481770515441894
17,13,qseq_5b3541bc4ecd5520,length_64_gap_8,-0.1254663467407226
17,13,qseq_51105068c69885d2,length_64_gap_8,0.016081094741821199
17,13,qseq_1fa7df7dac6c2475,length_64_gap_8,0.0157713890075683
17,13,qseq_1f17912f3d8f9da9,length_64_gap_8,0
17,13,qseq_492ddced5e4b2559,length_64_gap_8,-0.17299985885620109
17,13,qseq_131de4ffcd89e6e9,length_64_gap_8,0.020525932312011701
17,13,qseq_2eba76d2215c33b9,length_64_gap_8,0.081955194473266602
17,13,qseq_a1c3fb56cf8462bb,length_64_gap_8,-0.32797670364379877
17,13,qseq_dcd58d81cb05e28d,length_64_gap_8,0.00019955635070800001
17,13,qseq_6715416239d80838,length_64_gap_8,-0.00063753128051749995
17,13,qseq_8d499f91b4526a3a,length_64_gap_8,0.15102672576904291
17,13,qseq_587220b2bc085b31,length_64_gap_8,0.13775157928466791
17,13,qseq_69cc809df6a6f6c9,length_64_gap_8,-0.29601192474365229
17,13,qseq_b92aea251b1eff2b,length_64_gap_8,-0.031866073608398403
17,13,qseq_4f51e954884cdf48,length_64_gap_8,-0.016561746597290001
17,13,qseq_fe9ddd894232689b,length_64_gap_8,0.0290923118591308
17,13,qseq_c12d62810ba631af,length_64_gap_8,-0.1031322479248046
17,13,qseq_5e9dad96f848721b,length_64_gap_8,-0.12746191024780271
17,13,qseq_32e4b0f9ec8b30ce,length_64_gap_8,0.068860054016113198
17,13,qseq_eab2e57f5041e3f9,length_64_gap_8,0.0625
17,13,qseq_845854475db5ae4a,length_64_gap_8,0.0085232257843017006
17,13,qseq_8688a95186e10f9c,length_64_gap_8,0.042179107666015597
17,13,qseq_e8c2d067e77fc845,length_64_gap_8,0.085434675216674805
17,13,qseq_c0d3d38e8bedac65,length_64_gap_8,0.044551849365234299
17,13,qseq_84ff4fbaaa20d8cc,length_64_gap_8,0.1014223098754882
17,13,qseq_a0de254948a6e5bf,length_64_gap_16,-0.17798614501953119
17,13,qseq_b0e4d687f94733dc,length_64_gap_16,-0.027649879455566399
17,13,qseq_be52c9a76238a7d9,length_64_gap_16,0.0378308296203613
17,13,qseq_f37fbd079a3b6bde,length_64_gap_16,0.2474651336669921
17,13,qseq_ecccef08f74a0d62,length_64_gap_16,-0.153980016708374
17,13,qseq_3b5d281e4d3fc2c2,length_64_gap_16,0.066972732543945299
17,13,qseq_d1e08ad378e2d77d,length_64_gap_16,-0.2465517520904541
17,13,qseq_7e4b4a517eef4bbc,length_64_gap_16,-0.0905499458312988
17,13,qseq_8b91b6dc4c4ad5a7,length_64_gap_16,-0.0148897171020507
17,13,qseq_61c50fa15c9aaf25,length_64_gap_16,-0.031813621520995997
17,13,qseq_eb6a949eb0642356,length_64_gap_16,-0.0095081329345703004
17,13,qseq_ccbe5bac490d61b5,length_64_gap_16,-0.079005241394042899
17,13,qseq_ae9e47b71d61c01f,length_64_gap_16,-0.0027756690979003
17,13,qseq_c423f0620a3bd358,length_64_gap_16,-0.0168483257293701
17,13,qseq_b7edc17d7108c749,length_64_gap_16,0.046046257019042899
17,13,qseq_c0b98a93360f9565,length_64_gap_16,-0.081140995025634696
17,13,qseq_b6de0520ecba0cb7,length_64_gap_16,-0.12497472763061521
17,13,qseq_adc73ff9cfa008e2,length_64_gap_16,-0.2128272056579589
17,13,qseq_2940a4d578561754,length_64_gap_16,0.13040685653686521
17,13,qseq_30994fe2dabf428d,length_64_gap_16,0.10453224182128899
17,13,qseq_949a4801d597a033,length_64_gap_16,0.021765708923339799
17,13,qseq_c5b16a3541c1277e,length_64_gap_16,-0.14058923721313471
17,13,qseq_9431506847fefb45,length_64_gap_16,-0.0592331886291503
17,13,qseq_5c36d742824efa4b,length_64_gap_16,-0.049181938171386698
17,13,qseq_05d8cddf3ea281a9,length_64_gap_16,0.16905450820922849
17,13,qseq_f17674cc4392f3bf,length_64_gap_16,-0.053889274597167899
17,13,qseq_382e6ced8b87a663,length_64_gap_16,-0.057271838188171303
17,13,qseq_fe5cd0e334e253c1,length_64_gap_16,-0.069082736968994099
17,13,qseq_b417731b953269a4,length_64_gap_16,-0.077220916748046806
17,13,qseq_450cbb29b12c67b7,length_64_gap_16,-0.24853038787841791
17,13,qseq_a30ec5f4c977bbc8,length_64_gap_16,0.044507026672363198
17,13,qseq_f52fc5c697a8e7f5,length_64_gap_16,0.11939620971679681
17,13,qseq_396aff10bb95400f,length_64_gap_16,-0.1950225830078125
17,13,qseq_82c1df8241dca3cf,length_64_gap_16,-0.030387878417968701
17,13,qseq_204175b8e8f592ff,length_64_gap_16,0.1951372623443603
17,13,qseq_b7054e022b918880,length_64_gap_16,0.067914962768554604
17,13,qseq_ba8a8e9d30f030c0,length_64_gap_16,-0.17476558685302729
17,13,qseq_57bd27a9adf994ef,length_64_gap_16,-0.14255785942077631
17,13,qseq_df9ba99fcdbb78f6,length_64_gap_16,-0.087514400482177707
17,13,qseq_c7f36be3fc9142a4,length_64_gap_16,0.1005887985229492
17,13,qseq_bb25837841d78095,length_64_gap_16,-0.22667932510375971
17,13,qseq_89060805f114dcc8,length_64_gap_16,-0.050650358200073201
17,13,qseq_cfce5ff0ec658964,length_64_gap_16,-0.067552089691162095
17,13,qseq_84f8cb3faeb6a744,length_64_gap_16,-0.14027929306030271
17,13,qseq_42c429c411c30673,length_64_gap_16,0.078768730163574205
17,13,qseq_1d8ea3a6efaf9fab,length_64_gap_16,-0.2266933917999267
17,13,qseq_a1e47f7cb49b58b7,length_64_gap_16,0.098302841186523396
17,13,qseq_75975c5fcfe56f9f,length_64_gap_16,-0.14380168914794919
17,13,qseq_8a0db1772110a4a8,length_64_gap_16,0.0049695968627929002
17,13,qseq_5f7ce90f26f794f5,length_64_gap_16,0.034722805023193297
17,13,qseq_f2f94c41d471f1c4,length_64_gap_16,-0.1466755867004394
17,13,qseq_d57f36c4148c49c6,length_64_gap_16,0.040146350860595703
17,13,qseq_fdf96662daefa822,length_64_gap_16,-0.025810241699218701
17,13,qseq_4b71f66c27222d97,length_64_gap_16,-0.079224109649658203
17,13,qseq_a1e8b0d618f525ce,length_64_gap_16,0.057018280029296799
17,13,qseq_8597a5fd74382a82,length_64_gap_16,-0.0151872634887695
17,13,qseq_2317dd357fbf5323,length_64_gap_16,-0.070262908935546806
17,13,qseq_44b93471651b7136,length_64_gap_16,0.057261943817138602
17,13,qseq_9936aeb4dac5517c,length_64_gap_16,-0.080335617065429604
17,13,qseq_4118977d719f3b17,length_64_gap_16,-0.037348508834838798
17,13,qseq_622c80501e6559b9,length_64_gap_16,0.039247989654541002
17,13,qseq_995d48cc4618a5d7,length_64_gap_16,-0.0625
17,13,qseq_2a1a4deb70ed1a8f,length_64_gap_16,0.061793327331542899
17,13,qseq_d83a3e748cb0801e,length_64_gap_16,-0.059153556823730399
16,27,qseq_00cb1c1a51bbd477,length_32_gap_8,0.098463058471679604
16,27,qseq_fdb0d02eb17a3ad5,length_32_gap_8,0.19796657562255851
16,27,qseq_0fb480259789823d,length_32_gap_8,0.102020263671875
16,27,qseq_a2e6bd810032888a,length_32_gap_8,0.0050387382507324002
16,27,qseq_5ce005c7be85e2b9,length_32_gap_8,-0.019020795822143499
16,27,qseq_9c1391f827e05414,length_32_gap_8,0.20690393447875971
16,27,qseq_b5c59e25abaa4090,length_32_gap_8,0
16,27,qseq_9aa233d4f18630ef,length_32_gap_8,0.1075315475463867
16,27,qseq_36581fc0e870746a,length_32_gap_8,0.0071258544921875
16,27,qseq_f1250fa423e1545e,length_32_gap_8,-0.15420722961425781
16,27,qseq_82e41c38cbe9078a,length_32_gap_8,-0.2218861579895019
16,27,qseq_d0b29249fa160784,length_32_gap_8,0.023202896118164
16,27,qseq_05f13a28471ab531,length_32_gap_8,-0.063045501708984306
16,27,qseq_f1b36b9fae18111b,length_32_gap_8,0.095685958862304604
16,27,qseq_83e6b8683b1256b2,length_32_gap_8,0.0938000679016113
16,27,qseq_67044cfad9f21ecb,length_32_gap_8,0.12537288665771479
16,27,qseq_70ea623170fa926c,length_32_gap_8,-0.047564983367919901
16,27,qseq_5b73de916863d399,length_32_gap_8,0.050669193267822203
16,27,qseq_db732a487a875289,length_32_gap_8,-0.031656265258789
16,27,qseq_fd7563a3a3cec767,length_32_gap_8,-0.025918960571289
16,27,qseq_d6183e1df454b220,length_32_gap_8,-0.0006694793701171
16,27,qseq_1355795077be0f50,length_32_gap_8,-0.0156164169311523
16,27,qseq_8b0497deeb8bcaef,length_32_gap_8,0.090717315673828097
16,27,qseq_1fb3a17d5dccef31,length_32_gap_8,0.031844139099120997
16,27,qseq_a17078d2a6b4b999,length_32_gap_8,0.2087702751159668
16,27,qseq_9e89898b6bb8b44e,length_32_gap_8,-0.0320072174072265
16,27,qseq_52f1b1128f7f8827,length_32_gap_8,0.062419891357421799
16,27,qseq_d4bff5080bd4daa2,length_32_gap_8,-0.077167510986328097
16,27,qseq_bc537eed9a30ad79,length_32_gap_8,0.095178127288818304
16,27,qseq_4e294cfbb31deac6,length_32_gap_8,0.0022535324096678998
16,27,qseq_a9426dae73873222,length_32_gap_8,-0.21201705932617179
16,27,qseq_84c7ecb2a5f6fb74,length_32_gap_8,-0.047213315963745103
16,27,qseq_2232308bba387df3,length_32_gap_8,0.081182003021240207
16,27,qseq_c651ff600b8839df,length_32_gap_8,-0.021800041198730399
16,27,qseq_bdd4291ac8449310,length_32_gap_8,0.066241264343261705
16,27,qseq_eee8756396fe6af2,length_32_gap_8,0
16,27,qseq_d27c4368416fdc93,length_32_gap_8,0.092420578002929604
16,27,qseq_1bc3d720581f5d2b,length_32_gap_8,0.015711784362792899
16,27,qseq_d1b8220e931c7fd7,length_32_gap_8,0.1920399665832519
16,27,qseq_f3612a27015ba1ca,length_32_gap_8,0.1036157608032226
16,27,qseq_983999860e3f68fa,length_32_gap_8,0.02734375
16,27,qseq_3cc6488c0780e435,length_32_gap_8,-0.1445894241333007
16,27,qseq_896e75303fd36619,length_32_gap_8,-0.094305992126464802
16,27,qseq_bb44694bf88faab7,length_32_gap_8,-0.015636444091796799
16,27,qseq_676b73120ca2a061,length_32_gap_8,0.1022186279296875
16,27,qseq_03289c2c4536e699,length_32_gap_8,-0.015891075134277299
16,27,qseq_62632b972840b049,length_32_gap_8,-0.033569812774658203
16,27,qseq_f5d56d42459ee9bc,length_32_gap_8,0.0110211372375488
16,27,qseq_32bc0ad658c10a1c,length_32_gap_8,-0.22435760498046869
16,27,qseq_4da58de5cf93ae4a,length_32_gap_8,0.13535499572753901
16,27,qseq_5e6685ba720055c7,length_32_gap_8,0.024661064147949201
16,27,qseq_2cfb75f54306c844,length_32_gap_8,0.015638351440429601
16,27,qseq_8345587890d3c14f,length_32_gap_8,0.018388748168945299
16,27,qseq_46afeffe5dd0d89f,length_32_gap_8,0.0023365020751952999
16,27,qseq_b592f6abbb02f055,length_32_gap_8,0.10973548889160149
16,27,qseq_3d813b4e2f642750,length_32_gap_8,0.083195686340332003
16,27,qseq_c3ccf9967efbcd30,length_32_gap_8,-0.051293373107910101
16,27,qseq_029bb1fad3e341b6,length_32_gap_8,-0.015625
16,27,qseq_f0a1548c14cbff39,length_32_gap_8,0.037954330444335903
16,27,qseq_ce67b9d37322c254,length_32_gap_8,0.13825416564941401
16,27,qseq_1d5def43cbaaf204,length_32_gap_8,0.25061559677124018
16,27,qseq_ef053ee48a778a2d,length_32_gap_8,0.1491093635559082
16,27,qseq_aad6bf2a44151808,length_32_gap_8,-0.088300704956054604
16,27,qseq_8efc9f11c7cf051c,length_32_gap_8,-0.20358371734619141
16,27,qseq_8e716ecd02e0f73a,length_32_gap_16,0.028839111328125
16,27,qseq_1595750272a9182b,length_32_gap_16,0.019793510437011701
16,27,qseq_bcb1e40d4e33a983,length_32_gap_16,0.032508850097656201
16,27,qseq_918b1e8c99f205fc,length_32_gap_16,-0.095878601074218694
16,27,qseq_9bcb64e386770afd,length_32_gap_16,0.1275606155395507
16,27,qseq_f308f77da35e5150,length_32_gap_16,-0.073603630065917899
16,27,qseq_3d452bb0ed05ae44,length_32_gap_16,-0.021123886108398399
16,27,qseq_5e121f37966766e3,length_32_gap_16,-0.074341297149658203
16,27,qseq_7d05ec534f8e7970,length_32_gap_16,-0.063455581665038993
16,27,qseq_1a641e032f933a96,length_32_gap_16,0.016592502593994099
16,27,qseq_afb04c9fd38b4a73,length_32_gap_16,-0.066843032836913993
16,27,qseq_0a7044add0a71938,length_32_gap_16,-0.0979199409484863
16,27,qseq_ad84a1c2bee1922b,length_32_gap_16,-0.090527534484863198
16,27,qseq_0449b2f15993e9e3,length_32_gap_16,-0.052738189697265597
16,27,qseq_e239bfe29ce1339d,length_32_gap_16,-2.09808349609375e-05
16,27,qseq_1c01b2c0b82e7c86,length_32_gap_16,0
16,27,qseq_5a6f346a0090499e,length_32_gap_16,-0.1197748184204101
16,27,qseq_23e29e93fa14dc22,length_32_gap_16,-0.0067510604858398004
16,27,qseq_aed28d8945a5fd51,length_32_gap_16,-0.055625915527343701
16,27,qseq_64af7706440b2eb6,length_32_gap_16,0.0030603408813475999
16,27,qseq_9b65b35ce09e05fc,length_32_gap_16,-0.097634315490722601
16,27,qseq_9966ff37eb81ef5e,length_32_gap_16,0
16,27,qseq_2f710e8798ec9e71,length_32_gap_16,-0.0100173950195312
16,27,qseq_11b039baed6684b4,length_32_gap_16,0.061741828918456997
16,27,qseq_60e817fc1eb4a770,length_32_gap_16,0.015636444091796799
16,27,qseq_704ee3aa78d74315,length_32_gap_16,0.031432151794433497
16,27,qseq_56aa2892fb9d4215,length_32_gap_16,-0.20281124114990229
16,27,qseq_cfd0f3fa73dabac6,length_32_gap_16,-0.0037858486175537001
16,27,qseq_4d8b8abbf9e82df2,length_32_gap_16,-0.1144695281982421
16,27,qseq_dc290e31b0f7fee9,length_32_gap_16,-0.023890495300292899
16,27,qseq_d59e491f27122012,length_32_gap_16,-0.15895318984985349
16,27,qseq_0d1644fe34089dc5,length_32_gap_16,0.015625
16,27,qseq_b0f1c882cbfc023b,length_32_gap_16,-0.016528129577636701
16,27,qseq_ae326193ef533b6f,length_32_gap_16,-0.080384731292724595
16,27,qseq_b90113f916a4ef25,length_32_gap_16,0.0037345886230468
16,27,qseq_47db8e82e82ab9ab,length_32_gap_16,-0.1188969612121582
16,27,qseq_1bd1876170be1293,length_32_gap_16,0.013442039489746
16,27,qseq_28a6625244b67550,length_32_gap_16,0.071553945541381794
16,27,qseq_0319d5aa3b7a2109,length_32_gap_16,-0.015936851501464799
16,27,qseq_b4281d845cf8791c,length_32_gap_16,0.031033992767333901
16,27,qseq_eb72d6b6095aa9bf,length_32_gap_16,-0.15664768218994141
16,27,qseq_2a530f25c94c88b0,length_32_gap_16,0.092453956604003906
16,27,qseq_b90ee294cda3f4ef,length_32_gap_16,-0.12024688720703119
16,27,qseq_2194e53c28d8ac06,length_32_gap_16,-0.032175064086914
16,27,qseq_cd35a5d7a5f5a555,length_32_gap_16,-0.064405441284179604
16,27,qseq_e3fd7e822923d545,length_32_gap_16,-0.031803131103515597
16,27,qseq_3c1160a318793be3,length_32_gap_16,-0.059842109680175698
16,27,qseq_a4167c2fe5df8c7f,length_32_gap_16,-0.016732215881347601
16,27,qseq_fa6f788e8ca0ef62,length_32_gap_16,-0.1215767860412597
16,27,qseq_98487b25edb3051f,length_32_gap_16,-0.084558963775634696
16,27,qseq_1f823851ae16f13f,length_32_gap_16,0.063419342041015597
16,27,qseq_b190b48533f45a2c,length_32_gap_16,0.0625
16,27,qseq_63d72c96ef626e2d,length_32_gap_16,0.095185279846191406
16,27,qseq_a28e2ec155ecc582,length_32_gap_16,0.2043132781982421
16,27,qseq_eb02fc157dd74784,length_32_gap_16,-0.042034149169921799
16,27,qseq_e887c4a51d9b260c,length_32_gap_16,-0.062151908874511698
16,27,qseq_dee021939107fbde,length_32_gap_16,-0.080867767333984306
16,27,qseq_affe6175ca94dda2,length_32_gap_16,0.127110481262207
16,27,qseq_7be057ad143b9690,length_32_gap_16,-0.090727806091308497
16,27,qseq_24f5b4f7f640338f,length_32_gap_16,0.044754981994628899
16,27,qseq_43ebed208484255f,length_32_gap_16,0.00069665908813470003
16,27,qseq_c613b96c7912d379,length_32_gap_16,0.13848018646240229
16,27,qseq_7f5aade052d4177f,length_32_gap_16,-0.031205177307128899
16,27,qseq_ee49c796752d8710,length_32_gap_16,0.15833663940429679
16,27,qseq_b3f568f628b46423,length_64_gap_8,-0.0352725982666015
16,27,qseq_2fb25780aa1dbffa,length_64_gap_8,0.031535625457763602
16,27,qseq_fd1170e3dcd5f55e,length_64_gap_8,-0.093303680419921806
16,27,qseq_24b25ead5a4620eb,length_64_gap_8,0.091953277587890597
16,27,qseq_4074ee710223309a,length_64_gap_8,0.0607295036315917
16,27,qseq_4279be38393632ff,length_64_gap_8,-0.058681011199951102
16,27,qseq_a128a3ad062f254f,length_64_gap_8,0.18376016616821281
16,27,qseq_40546941dd2db2c4,length_64_gap_8,0.019477844238281201
16,27,qseq_bd1d709ea9de2442,length_64_gap_8,-0.03125
16,27,qseq_0701dad0bea1f82c,length_64_gap_8,-0.075706243515014607
16,27,qseq_1922d44b2343c70a,length_64_gap_8,0.016100883483886701
16,27,qseq_730ee300e88dbdc9,length_64_gap_8,0.080167770385742104
16,27,qseq_5b194ba92705c9b8,length_64_gap_8,-0.0091605186462401997
16,27,qseq_021ce8a6eb41287d,length_64_gap_8,0.03125
16,27,qseq_039bccf871e60190,length_64_gap_8,0.018253326416015601
16,27,qseq_c9895be6cd96e125,length_64_gap_8,0.1186933517456054
16,27,qseq_e517bd5620ecf760,length_64_gap_8,0.103337287902832
16,27,qseq_05be70e9da000c21,length_64_gap_8,-0.24015045166015619
16,27,qseq_9e0484c8cf5ddfc6,length_64_gap_8,0.0160069465637207
16,27,qseq_d8653dab52d91576,length_64_gap_8,0.045992851257324198
16,27,qseq_7c7ae2fc6a76be76,length_64_gap_8,-0.0035009384155272999
16,27,qseq_eea059d57beab37f,length_64_gap_8,0.006967544555664
16,27,qseq_8fee472e774e69bb,length_64_gap_8,0.062725782394409096
16,27,qseq_6a6e891f0af35a46,length_64_gap_8,-0.072538375854492104
16,27,qseq_a6eb78d92d0c43ab,length_64_gap_8,-0.14107704162597651
16,27,qseq_4eb4bdf24b06d78c,length_64_gap_8,-0.1894807815551757
16,27,qseq_772ec14d440e73c4,length_64_gap_8,0.1144423484802246
16,27,qseq_c9795ce42618194e,length_64_gap_8,0.1072118282318115
16,27,qseq_ad3d3bcb9795d514,length_64_gap_8,-0.0387699604034423
16,27,qseq_1e356400a385b9c8,length_64_gap_8,-0.10546875
16,27,qseq_200c199e7437db70,length_64_gap_8,0.036608695983886698
16,27,qseq_f93016a2d910f6d4,length_64_gap_8,-0.047135353088378899
16,27,qseq_b26f645287ad75c3,length_64_gap_8,0.065896511077880804
16,27,qseq_5dbd77e6301a4d88,length_64_gap_8,-0.023172378540039
16,27,qseq_1f519fea8800a91a,length_64_gap_8,-0.081996917724609306
16,27,qseq_c22690e962dda79a,length_64_gap_8,-0.066931724548339802
16,27,qseq_aa1bf93acfa1394f,length_64_gap_8,-0.11116337776184081
16,27,qseq_c7e2bf5dffccfdb4,length_64_gap_8,-0.068562507629394503
16,27,qseq_f0b7c35e28157360,length_64_gap_8,-0.018963336944579998
16,27,qseq_5b3541bc4ecd5520,length_64_gap_8,0.022252082824707
16,27,qseq_51105068c69885d2,length_64_gap_8,-0.082830429077148396
16,27,qseq_1fa7df7dac6c2475,length_64_gap_8,-0.097993373870849595
16,27,qseq_1f17912f3d8f9da9,length_64_gap_8,-0.062628269195556599
16,27,qseq_492ddced5e4b2559,length_64_gap_8,-0.1096067428588867
16,27,qseq_131de4ffcd89e6e9,length_64_gap_8,-0.10301065444946279
16,27,qseq_2eba76d2215c33b9,length_64_gap_8,0.030783176422119099
16,27,qseq_a1c3fb56cf8462bb,length_64_gap_8,-0.0017766952514647999
16,27,qseq_dcd58d81cb05e28d,length_64_gap_8,0.094155550003051702
16,27,qseq_6715416239d80838,length_64_gap_8,-0.19474220275878901
16,27,qseq_8d499f91b4526a3a,length_64_gap_8,0.0286407470703125
16,27,qseq_587220b2bc085b31,length_64_gap_8,-0.1484532356262207
16,27,qseq_69cc809df6a6f6c9,length_64_gap_8,0.2154850959777832
16,27,qseq_b92aea251b1eff2b,length_64_gap_8,-0.033043861389160101
16,27,qseq_4f51e954884cdf48,length_64_gap_8,-0.096787691116332994
16,27,qseq_fe9ddd894232689b,length_64_gap_8,-0.093200922012329102
16,27,qseq_c12d62810ba631af,length_64_gap_8,-0.016613483428954998
16,27,qseq_5e9dad96f848721b,length_64_gap_8,-0.15674972534179679
16,27,qseq_32e4b0f9ec8b30ce,length_64_gap_8,0.083583831787109306
16,27,qseq_eab2e57f5041e3f9,length_64_gap_8,0.039883136749267502
16,27,qseq_845854475db5ae4a,length_64_gap_8,-0.049345970153808497
16,27,qseq_8688a95186e10f9c,length_64_gap_8,-0.024405002593994099
16,27,qseq_e8c2d067e77fc845,length_64_gap_8,-0.064914107322692802
16,27,qseq_c0d3d38e8bedac65,length_64_gap_8,0.016299247741699201
16,27,qseq_84ff4fbaaa20d8cc,length_64_gap_8,-0.19730329513549799
16,27,qseq_a0de254948a6e5bf,length_64_gap_16,-0.1093664169311523
16,27,qseq_b0e4d687f94733dc,length_64_gap_16,-0.0154542922973632
16,27,qseq_be52c9a76238a7d9,length_64_gap_16,-0.0586447715759277
16,27,qseq_f37fbd079a3b6bde,length_64_gap_16,-0.066561698913574205
16,27,qseq_ecccef08f74a0d62,length_64_gap_16,0.015625
16,27,qseq_3b5d281e4d3fc2c2,length_64_gap_16,-0.0859375
16,27,qseq_d1e08ad378e2d77d,length_64_gap_16,0.0077972412109375
16,27,qseq_7e4b4a517eef4bbc,length_64_gap_16,-0.088581085205078097
16,27,qseq_8b91b6dc4c4ad5a7,length_64_gap_16,-0.053412437438964802
16,27,qseq_61c50fa15c9aaf25,length_64_gap_16,0.046471118927001898
16,27,qseq_eb6a949eb0642356,length_64_gap_16,-0.0093460083007811997
16,27,qseq_ccbe5bac490d61b5,length_64_gap_16,-0.14019680023193351
16,27,qseq_ae9e47b71d61c01f,length_64_gap_16,-0.058185577392578097
16,27,qseq_c423f0620a3bd358,length_64_gap_16,-0.057297945022583001
16,27,qseq_b7edc17d7108c749,length_64_gap_16,0.1248607635498046
16,27,qseq_c0b98a93360f9565,length_64_gap_16,-0.063550472259521401
16,27,qseq_b6de0520ecba0cb7,length_64_gap_16,-0.15634918212890619
16,27,qseq_adc73ff9cfa008e2,length_64_gap_16,0.040971755981445299
16,27,qseq_2940a4d578561754,length_64_gap_16,-0.072138309478759696
16,27,qseq_30994fe2dabf428d,length_64_gap_16,0.096528053283691406
16,27,qseq_949a4801d597a033,length_64_gap_16,-0.00494384765625
16,27,qseq_c5b16a3541c1277e,length_64_gap_16,0.042887687683105399
16,27,qseq_9431506847fefb45,length_64_gap_16,-0.1032989025115966
16,27,qseq_5c36d742824efa4b,length_64_gap_16,-0.045238494873046799
16,27,qseq_05d8cddf3ea281a9,length_64_gap_16,-0.0142478942871093
16,27,qseq_f17674cc4392f3bf,length_64_gap_16,-0.1750154495239257
16,27,qseq_382e6ced8b87a663,length_64_gap_16,-0.055340528488159103
16,27,qseq_fe5cd0e334e253c1,length_64_gap_16,-0.027433395385742101
16,27,qseq_b417731b953269a4,length_64_gap_16,0.019309997558593701
16,27,qseq_450cbb29b12c67b7,length_64_gap_16,-0.0803680419921875
16,27,qseq_a30ec5f4c977bbc8,length_64_gap_16,0.0195822715759277
16,27,qseq_f52fc5c697a8e7f5,length_64_gap_16,0.086835861206054604
16,27,qseq_396aff10bb95400f,length_64_gap_16,-0.054966926574706997
16,27,qseq_82c1df8241dca3cf,length_64_gap_16,0.038021087646484299
16,27,qseq_204175b8e8f592ff,length_64_gap_16,-0.1015267372131347
16,27,qseq_b7054e022b918880,length_64_gap_16,0.034488677978515597
16,27,qseq_ba8a8e9d30f030c0,length_64_gap_16,0.058186531066894497
16,27,qseq_57bd27a9adf994ef,length_64_gap_16,0.035280704498291002
16,27,qseq_df9ba99fcdbb78f6,length_64_gap_16,0.0219359397888183
16,27,qseq_c7f36be3fc9142a4,length_64_gap_16,-0.043038368225097601
16,27,qseq_bb25837841d78095,length_64_gap_16,-0.048498630523681599
16,27,qseq_89060805f114dcc8,length_64_gap_16,-0.18678140640258781
16,27,qseq_cfce5ff0ec658964,length_64_gap_16,-0.050925254821777302
16,27,qseq_84f8cb3faeb6a744,length_64_gap_16,0.18823528289794919
16,27,qseq_42c429c411c30673,length_64_gap_16,-0.17156457901000971
16,27,qseq_1d8ea3a6efaf9fab,length_64_gap_16,-0.070364475250244099
16,27,qseq_a1e47f7cb49b58b7,length_64_gap_16,0.13253974914550781
16,27,qseq_75975c5fcfe56f9f,length_64_gap_16,0.0707855224609375
16,27,qseq_8a0db1772110a4a8,length_64_gap_16,0.033075809478759703
16,27,qseq_5f7ce90f26f794f5,length_64_gap_16,0.0048027038574218004
16,27,qseq_f2f94c41d471f1c4,length_64_gap_16,-0.1151099205017089
16,27,qseq_d57f36c4148c49c6,length_64_gap_16,-0.070131778717041002
16,27,qseq_fdf96662daefa822,length_64_gap_16,-0.102208137512207
16,27,qseq_4b71f66c27222d97,length_64_gap_16,0.026996612548828101
16,27,qseq_a1e8b0d618f525ce,length_64_gap_16,0.046875
16,27,qseq_8597a5fd74382a82,length_64_gap_16,0.031599044799804597
16,27,qseq_2317dd357fbf5323,length_64_gap_16,-0.12538385391235349
16,27,qseq_44b93471651b7136,length_64_gap_16,-0.18617486953735349
16,27,qseq_9936aeb4dac5517c,length_64_gap_16,-0.069984912872314398
16,27,qseq_4118977d719f3b17,length_64_gap_16,0.0069217681884765
16,27,qseq_622c80501e6559b9,length_64_gap_16,-0.046770095825195299
16,27,qseq_995d48cc4618a5d7,length_64_gap_16,0.012607097625732399
16,27,qseq_2a1a4deb70ed1a8f,length_64_gap_16,-0.049932479858398403
16,27,qseq_d83a3e748cb0801e,length_64_gap_16,0.028858184814453101
16,0,qseq_00cb1c1a51bbd477,length_32_gap_8,0.094411849975585896
16,0,qseq_fdb0d02eb17a3ad5,length_32_gap_8,0.082599639892578097
16,0,qseq_0fb480259789823d,length_32_gap_8,-0.092286109924316406
16,0,qseq_a2e6bd810032888a,length_32_gap_8,0.055146217346191399
16,0,qseq_5ce005c7be85e2b9,length_32_gap_8,0.069417476654052707
16,0,qseq_9c1391f827e05414,length_32_gap_8,0.14730930328369141
16,0,qseq_b5c59e25abaa4090,length_32_gap_8,0.095547676086425698
16,0,qseq_9aa233d4f18630ef,length_32_gap_8,-0.16240453720092771
16,0,qseq_36581fc0e870746a,length_32_gap_8,-0.0034189224243164002
16,0,qseq_f1250fa423e1545e,length_32_gap_8,-0.036166191101074198
16,0,qseq_82e41c38cbe9078a,length_32_gap_8,0.043449878692626898
16,0,qseq_d0b29249fa160784,length_32_gap_8,0.0117745399475097
16,0,qseq_05f13a28471ab531,length_32_gap_8,0.093476295471191406
16,0,qseq_f1b36b9fae18111b,length_32_gap_8,0.055445671081542899
16,0,qseq_83e6b8683b1256b2,length_32_gap_8,0.109375
16,0,qseq_67044cfad9f21ecb,length_32_gap_8,0.1246795654296875
16,0,qseq_70ea623170fa926c,length_32_gap_8,0.22975826263427729
16,0,qseq_5b73de916863d399,length_32_gap_8,0.094766616821288993
16,0,qseq_db732a487a875289,length_32_gap_8,0.0621585845947265
16,0,qseq_fd7563a3a3cec767,length_32_gap_8,-0.041404724121093701
16,0,qseq_d6183e1df454b220,length_32_gap_8,0.23534774780273429
16,0,qseq_1355795077be0f50,length_32_gap_8,0
16,0,qseq_8b0497deeb8bcaef,length_32_gap_8,0.1105108261108398
16,0,qseq_1fb3a17d5dccef31,length_32_gap_8,0.1394200325012207
16,0,qseq_a17078d2a6b4b999,length_32_gap_8,0.10707807540893551
16,0,qseq_9e89898b6bb8b44e,length_32_gap_8,0.15191841125488281
16,0,qseq_52f1b1128f7f8827,length_32_gap_8,0.093593120574951102
16,0,qseq_d4bff5080bd4daa2,length_32_gap_8,0.088614940643310505
16,0,qseq_bc537eed9a30ad79,length_32_gap_8,0.12715816497802729
16,0,qseq_4e294cfbb31deac6,length_32_gap_8,-0.024517536163329998
16,0,qseq_a9426dae73873222,length_32_gap_8,0.020556926727294901
16,0,qseq_84c7ecb2a5f6fb74,length_32_gap_8,-0.0050346851348875999
16,0,qseq_2232308bba387df3,length_32_gap_8,0.061427116394042899
16,0,qseq_c651ff600b8839df,length_32_gap_8,0.0016241073608397999
16,0,qseq_bdd4291ac8449310,length_32_gap_8,-0.061367034912109299
16,0,qseq_eee8756396fe6af2,length_32_gap_8,-0.074877738952636705
16,0,qseq_d27c4368416fdc93,length_32_gap_8,0.00039005279541009998
16,0,qseq_1bc3d720581f5d2b,length_32_gap_8,0.046875
16,0,qseq_d1b8220e931c7fd7,length_32_gap_8,0.20577526092529291
16,0,qseq_f3612a27015ba1ca,length_32_gap_8,0.033091545104980399
16,0,qseq_983999860e3f68fa,length_32_gap_8,0.35638236999511708
16,0,qseq_3cc6488c0780e435,length_32_gap_8,0.030540943145751901
16,0,qseq_896e75303fd36619,length_32_gap_8,0.25937652587890619
16,0,qseq_bb44694bf88faab7,length_32_gap_8,-0.140625
16,0,qseq_676b73120ca2a061,length_32_gap_8,0.070220947265625
16,0,qseq_03289c2c4536e699,length_32_gap_8,0.0044279098510741997
16,0,qseq_62632b972840b049,length_32_gap_8,0.0425410270690917
16,0,qseq_f5d56d42459ee9bc,length_32_gap_8,0.1085333824157714
16,0,qseq_32bc0ad658c10a1c,length_32_gap_8,-0.021232604980468701
16,0,qseq_4da58de5cf93ae4a,length_32_gap_8,0.23069953918457031
16,0,qseq_5e6685ba720055c7,length_32_gap_8,0.038228034973144497
16,0,qseq_2cfb75f54306c844,length_32_gap_8,0.060452461242675698
16,0,qseq_8345587890d3c14f,length_32_gap_8,-0.055109977722167899
16,0,qseq_46afeffe5dd0d89f,length_32_gap_8,0.0625
16,0,qseq_b592f6abbb02f055,length_32_gap_8,-0.1219635009765625
16,0,qseq_3d813b4e2f642750,length_32_gap_8,0.0150833129882812
16,0,qseq_c3ccf9967efbcd30,length_32_gap_8,-0.11180877685546869
16,0,qseq_029bb1fad3e341b6,length_32_gap_8,0.069249153137207003
16,0,qseq_f0a1548c14cbff39,length_32_gap_8,0.057939529418945299
16,0,qseq_ce67b9d37322c254,length_32_gap_8,-0.050161361694335903
16,0,qseq_1d5def43cbaaf204,length_32_gap_8,0.11053085327148431
16,0,qseq_ef053ee48a778a2d,length_32_gap_8,0.048905372619628899
16,0,qseq_aad6bf2a44151808,length_32_gap_8,0.1091480255126953
16,0,qseq_8efc9f11c7cf051c,length_32_gap_8,0.2235145568847656
16,0,qseq_8e716ecd02e0f73a,length_32_gap_16,0.090109825134277302
16,0,qseq_1595750272a9182b,length_32_gap_16,0.051043510437011698
16,0,qseq_bcb1e40d4e33a983,length_32_gap_16,0.095008850097656194
16,0,qseq_918b1e8c99f205fc,length_32_gap_16,-0.0112113952636718
16,0,qseq_9bcb64e386770afd,length_32_gap_16,0.039987564086914
16,0,qseq_f308f77da35e5150,length_32_gap_16,-0.037781715393066399
16,0,qseq_3d452bb0ed05ae44,length_32_gap_16,0.015625
16,0,qseq_5e121f37966766e3,length_32_gap_16,0.0234375
16,0,qseq_7d05ec534f8e7970,length_32_gap_16,-0.00047874450683589999
16,0,qseq_1a641e032f933a96,length_32_gap_16,0.021502494812011701
16,0,qseq_afb04c9fd38b4a73,length_32_gap_16,-0.0090789794921875
16,0,qseq_0a7044add0a71938,length_32_gap_16,0.0011024475097656001
16,0,qseq_ad84a1c2bee1922b,length_32_gap_16,0.093672752380370997
16,0,qseq_0449b2f15993e9e3,length_32_gap_16,0.072261810302734306
16,0,qseq_e239bfe29ce1339d,length_32_gap_16,-0.2186408042907714
16,0,qseq_1c01b2c0b82e7c86,length_32_gap_16,-0.029813766479492101
16,0,qseq_5a6f346a0090499e,length_32_gap_16,-0.028386116027832
16,0,qseq_23e29e93fa14dc22,length_32_gap_16,-0.0141363143920898
16,0,qseq_aed28d8945a5fd51,length_32_gap_16,0.1232948303222656
16,0,qseq_64af7706440b2eb6,length_32_gap_16,0.1905603408813476
16,0,qseq_9b65b35ce09e05fc,length_32_gap_16,0.18294334411621091
16,0,qseq_9966ff37eb81ef5e,length_32_gap_16,0.059649467468261698
16,0,qseq_2f710e8798ec9e71,length_32_gap_16,0.065896987915038993
16,0,qseq_11b039baed6684b4,length_32_gap_16,0.143707275390625
16,0,qseq_60e817fc1eb4a770,length_32_gap_16,0.28127288818359369
16,0,qseq_704ee3aa78d74315,length_32_gap_16,-0.036267757415771401
16,0,qseq_56aa2892fb9d4215,length_32_gap_16,0.078125
16,0,qseq_cfd0f3fa73dabac6,length_32_gap_16,-0.039074897766113198
16,0,qseq_4d8b8abbf9e82df2,length_32_gap_16,0.064184188842773396
16,0,qseq_dc290e31b0f7fee9,length_32_gap_16,0.15594673156738281
16,0,qseq_d59e491f27122012,length_32_gap_16,0.0036849975585937001
16,0,qseq_0d1644fe34089dc5,length_32_gap_16,0.015799522399902299
16,0,qseq_b0f1c882cbfc023b,length_32_gap_16,0.046875
16,0,qseq_ae326193ef533b6f,length_32_gap_16,0.089107513427734306
16,0,qseq_b90113f916a4ef25,length_32_gap_16,-0.040480613708495997
16,0,qseq_47db8e82e82ab9ab,length_32_gap_16,0.1058259010314941
16,0,qseq_1bd1876170be1293,length_32_gap_16,-0.024131774902343701
16,0,qseq_28a6625244b67550,length_32_gap_16,0.30773377418518061
16,0,qseq_0319d5aa3b7a2109,length_32_gap_16,0.0078921318054198993
16,0,qseq_b4281d845cf8791c,length_32_gap_16,0.0010581016540526999
16,0,qseq_eb72d6b6095aa9bf,length_32_gap_16,0.2475123405456543
16,0,qseq_2a530f25c94c88b0,length_32_gap_16,0.0575103759765625
16,0,qseq_b90ee294cda3f4ef,length_32_gap_16,0.060498714447021401
16,0,qseq_2194e53c28d8ac06,length_32_gap_16,0.062110900878906201
16,0,qseq_cd35a5d7a5f5a555,length_32_gap_16,0.15396785736083979
16,0,qseq_e3fd7e822923d545,length_32_gap_16,-0.064219951629638602
16,0,qseq_3c1160a318793be3,length_32_gap_16,0.1237549781799316
16,0,qseq_a4167c2fe5df8c7f,length_32_gap_16,0.03125
16,0,qseq_fa6f788e8ca0ef62,length_32_gap_16,0.035518646240234299
16,0,qseq_98487b25edb3051f,length_32_gap_16,0.060122966766357401
16,0,qseq_1f823851ae16f13f,length_32_gap_16,0.030146598815917899
16,0,qseq_b190b48533f45a2c,length_32_gap_16,-0.061978340148925698
16,0,qseq_63d72c96ef626e2d,length_32_gap_16,0.062200546264648403
16,0,qseq_a28e2ec155ecc582,length_32_gap_16,-0.00055789947509759998
16,0,qseq_eb02fc157dd74784,length_32_gap_16,0.15625
16,0,qseq_e887c4a51d9b260c,length_32_gap_16,0.1418538093566894
16,0,qseq_dee021939107fbde,length_32_gap_16,0.024116516113281201
16,0,qseq_affe6175ca94dda2,length_32_gap_16,0.00069284439086909997
16,0,qseq_7be057ad143b9690,length_32_gap_16,-0.032001495361328097
16,0,qseq_24f5b4f7f640338f,length_32_gap_16,-0.026923179626464799
16,0,qseq_43ebed208484255f,length_32_gap_16,0.12641477584838859
16,0,qseq_c613b96c7912d379,length_32_gap_16,0.12333261966705319
16,0,qseq_7f5aade052d4177f,length_32_gap_16,0.031206607818603498
16,0,qseq_ee49c796752d8710,length_32_gap_16,0.29734563827514637
16,0,qseq_b3f568f628b46423,length_64_gap_8,0.058946609497070299
16,0,qseq_2fb25780aa1dbffa,length_64_gap_8,0.077036380767822196
16,0,qseq_fd1170e3dcd5f55e,length_64_gap_8,-0.23471641540527341
16,0,qseq_24b25ead5a4620eb,length_64_gap_8,-0.0911712646484375
16,0,qseq_4074ee710223309a,length_64_gap_8,0.093636512756347601
16,0,qseq_4279be38393632ff,length_64_gap_8,0.085902452468872001
16,0,qseq_a128a3ad062f254f,length_64_gap_8,0.28551411628723139
16,0,qseq_40546941dd2db2c4,length_64_gap_8,0.11316680908203119
16,0,qseq_bd1d709ea9de2442,length_64_gap_8,-0.00057363510131829996
16,0,qseq_0701dad0bea1f82c,length_64_gap_8,0.1337511539459228
16,0,qseq_1922d44b2343c70a,length_64_gap_8,0.0354666709899902
16,0,qseq_730ee300e88dbdc9,length_64_gap_8,0.20833039283752439
16,0,qseq_5b194ba92705c9b8,length_64_gap_8,0.1023318767547607
16,0,qseq_021ce8a6eb41287d,length_64_gap_8,0.109375
16,0,qseq_039bccf871e60190,length_64_gap_8,0.11942887306213371
16,0,qseq_c9895be6cd96e125,length_64_gap_8,-0.083973884582519503
16,0,qseq_e517bd5620ecf760,length_64_gap_8,0.16805648803710929
16,0,qseq_05be70e9da000c21,length_64_gap_8,0.035368919372558497
16,0,qseq_9e0484c8cf5ddfc6,length_64_gap_8,0.20389413833618161
16,0,qseq_d8653dab52d91576,length_64_gap_8,0.20199489593505851
16,0,qseq_7c7ae2fc6a76be76,length_64_gap_8,-0.0625
16,0,qseq_eea059d57beab37f,length_64_gap_8,0.1258478164672851
16,0,qseq_8fee472e774e69bb,length_64_gap_8,0.048473358154296799
16,0,qseq_6a6e891f0af35a46,length_64_gap_8,0.051493644714355399
16,0,qseq_a6eb78d92d0c43ab,length_64_gap_8,0.0060434341430664002
16,0,qseq_4eb4bdf24b06d78c,length_64_gap_8,0.0136442184448242
16,0,qseq_772ec14d440e73c4,length_64_gap_8,0.2139434814453125
16,0,qseq_c9795ce42618194e,length_64_gap_8,0.0926361083984375
16,0,qseq_ad3d3bcb9795d514,length_64_gap_8,0.23168015480041501
16,0,qseq_1e356400a385b9c8,length_64_gap_8,-0.011197566986083899
16,0,qseq_200c199e7437db70,length_64_gap_8,0.078931808471679604
16,0,qseq_f93016a2d910f6d4,length_64_gap_8,0.20174169540405271
16,0,qseq_b26f645287ad75c3,length_64_gap_8,-0.017848014831542899
16,0,qseq_5dbd77e6301a4d88,length_64_gap_8,-0.015378952026367101
16,0,qseq_1f519fea8800a91a,length_64_gap_8,-0.071958541870117104
16,0,qseq_c22690e962dda79a,length_64_gap_8,0.077438592910766602
16,0,qseq_aa1bf93acfa1394f,length_64_gap_8,0.1101510524749755
16,0,qseq_c7e2bf5dffccfdb4,length_64_gap_8,0.068037033081054604
16,0,qseq_f0b7c35e28157360,length_64_gap_8,0.021536827087402299
16,0,qseq_5b3541bc4ecd5520,length_64_gap_8,-0.0942230224609375
16,0,qseq_51105068c69885d2,length_64_gap_8,-0.1382712125778198
16,0,qseq_1fa7df7dac6c2475,length_64_gap_8,-0.10491132736206051
16,0,qseq_1f17912f3d8f9da9,length_64_gap_8,0.062457084655761698
16,0,qseq_492ddced5e4b2559,length_64_gap_8,0.109375
16,0,qseq_131de4ffcd89e6e9,length_64_gap_8,0.0121228694915771
16,0,qseq_2eba76d2215c33b9,length_64_gap_8,-0.066577196121215806
16,0,qseq_a1c3fb56cf8462bb,length_64_gap_8,0.056230068206787102
16,0,qseq_dcd58d81cb05e28d,length_64_gap_8,0.00061798095703120002
16,0,qseq_6715416239d80838,length_64_gap_8,-0.0043888092041015
16,0,qseq_8d499f91b4526a3a,length_64_gap_8,0.1536836624145507
16,0,qseq_587220b2bc085b31,length_64_gap_8,-0.039193153381347601
16,0,qseq_69cc809df6a6f6c9,length_64_gap_8,0.1531915664672851
16,0,qseq_b92aea251b1eff2b,length_64_gap_8,0.093133926391601493
16,0,qseq_4f51e954884cdf48,length_64_gap_8,0.1602208614349365
16,0,qseq_fe9ddd894232689b,length_64_gap_8,0.092663288116454995
16,0,qseq_c12d62810ba631af,length_64_gap_8,0.2734375
16,0,qseq_5e9dad96f848721b,length_64_gap_8,0.03485107421875
16,0,qseq_32e4b0f9ec8b30ce,length_64_gap_8,0.1790442466735839
16,0,qseq_eab2e57f5041e3f9,length_64_gap_8,0.11800813674926749
16,0,qseq_845854475db5ae4a,length_64_gap_8,0.055823087692260701
16,0,qseq_8688a95186e10f9c,length_64_gap_8,-0.0054588317871093004
16,0,qseq_e8c2d067e77fc845,length_64_gap_8,0.0087251663208006997
16,0,qseq_c0d3d38e8bedac65,length_64_gap_8,-0.066193580627441406
16,0,qseq_84ff4fbaaa20d8cc,length_64_gap_8,-0.0159039497375488
16,0,qseq_a0de254948a6e5bf,length_64_gap_16,-0.0556168556213378
16,0,qseq_b0e4d687f94733dc,length_64_gap_16,0.14030337333679191
16,0,qseq_be52c9a76238a7d9,length_64_gap_16,0.039628982543945299
16,0,qseq_f37fbd079a3b6bde,length_64_gap_16,0.24242162704467771
16,0,qseq_ecccef08f74a0d62,length_64_gap_16,0.17898750305175781
16,0,qseq_3b5d281e4d3fc2c2,length_64_gap_16,-0.051858901977539
16,0,qseq_d1e08ad378e2d77d,length_64_gap_16,0.0026459693908690999
16,0,qseq_7e4b4a517eef4bbc,length_64_gap_16,0.046875
16,0,qseq_8b91b6dc4c4ad5a7,length_64_gap_16,0.0337719917297363
16,0,qseq_61c50fa15c9aaf25,length_64_gap_16,0.1232786178588867
16,0,qseq_eb6a949eb0642356,length_64_gap_16,0.027044296264648399
16,0,qseq_ccbe5bac490d61b5,length_64_gap_16,0.32200527191162098
16,0,qseq_ae9e47b71d61c01f,length_64_gap_16,0.1947941780090332
16,0,qseq_c423f0620a3bd358,length_64_gap_16,0.071882247924804604
16,0,qseq_b7edc17d7108c749,length_64_gap_16,0.124953269958496
16,0,qseq_c0b98a93360f9565,length_64_gap_16,0.072065830230712793
16,0,qseq_b6de0520ecba0cb7,length_64_gap_16,7.62939453125e-05
16,0,qseq_adc73ff9cfa008e2,length_64_gap_16,0.058632850646972601
16,0,qseq_2940a4d578561754,length_64_gap_16,0.19586515426635739
16,0,qseq_30994fe2dabf428d,length_64_gap_16,0.17596626281738281
16,0,qseq_949a4801d597a033,length_64_gap_16,0.15130615234375
16,0,qseq_c5b16a3541c1277e,length_64_gap_16,0.052384376525878899
16,0,qseq_9431506847fefb45,length_64_gap_16,-0.026744127273559501
16,0,qseq_5c36d742824efa4b,length_64_gap_16,0.063599586486816406
16,0,qseq_05d8cddf3ea281a9,length_64_gap_16,-0.16904354095458979
16,0,qseq_f17674cc4392f3bf,length_64_gap_16,-0.054908752441406201
16,0,qseq_382e6ced8b87a663,length_64_gap_16,-0.093092203140258706
16,0,qseq_fe5cd0e334e253c1,length_64_gap_16,0.0998709201812744
16,0,qseq_b417731b953269a4,length_64_gap_16,-0.14539241790771479
16,0,qseq_450cbb29b12c67b7,length_64_gap_16,0.028270721435546799
16,0,qseq_a30ec5f4c977bbc8,length_64_gap_16,0.048333644866943297
16,0,qseq_f52fc5c697a8e7f5,length_64_gap_16,0.171875
16,0,qseq_396aff10bb95400f,length_64_gap_16,0.054299354553222601
16,0,qseq_82c1df8241dca3cf,length_64_gap_16,0.1089534759521484
16,0,qseq_204175b8e8f592ff,length_64_gap_16,0.054651737213134703
16,0,qseq_b7054e022b918880,length_64_gap_16,0.0026898384094237999
16,0,qseq_ba8a8e9d30f030c0,length_64_gap_16,0.026299476623535101
16,0,qseq_57bd27a9adf994ef,length_64_gap_16,0.10454642772674561
16,0,qseq_df9ba99fcdbb78f6,length_64_gap_16,0.059385299682617097
16,0,qseq_c7f36be3fc9142a4,length_64_gap_16,0.15186214447021479
16,0,qseq_bb25837841d78095,length_64_gap_16,0.083410739898681599
16,0,qseq_89060805f114dcc8,length_64_gap_16,-0.1690263748168945
16,0,qseq_cfce5ff0ec658964,length_64_gap_16,0.2378621101379394
16,0,qseq_84f8cb3faeb6a744,length_64_gap_16,-0.077445983886718694
16,0,qseq_42c429c411c30673,length_64_gap_16,-0.0321087837219238
16,0,qseq_1d8ea3a6efaf9fab,length_64_gap_16,-0.046787500381469699
16,0,qseq_a1e47f7cb49b58b7,length_64_gap_16,0.1187572479248046
16,0,qseq_75975c5fcfe56f9f,length_64_gap_16,-0.0034294128417968
16,0,qseq_8a0db1772110a4a8,length_64_gap_16,0.0145769119262695
16,0,qseq_5f7ce90f26f794f5,length_64_gap_16,0.077347278594970703
16,0,qseq_f2f94c41d471f1c4,length_64_gap_16,0.1807227134704589
16,0,qseq_d57f36c4148c49c6,length_64_gap_16,0.1403899192810058
16,0,qseq_fdf96662daefa822,length_64_gap_16,-0.0171403884887695
16,0,qseq_4b71f66c27222d97,length_64_gap_16,0.14137172698974601
16,0,qseq_a1e8b0d618f525ce,length_64_gap_16,0.038241386413574198
16,0,qseq_8597a5fd74382a82,length_64_gap_16,0.058332443237304597
16,0,qseq_2317dd357fbf5323,length_64_gap_16,0.015148639678955
16,0,qseq_44b93471651b7136,length_64_gap_16,0.0255980491638183
16,0,qseq_9936aeb4dac5517c,length_64_gap_16,0.028933048248290998
16,0,qseq_4118977d719f3b17,length_64_gap_16,0.020839691162109299
16,0,qseq_622c80501e6559b9,length_64_gap_16,0.015625
16,0,qseq_995d48cc4618a5d7,length_64_gap_16,0.15753078460693351
16,0,qseq_2a1a4deb70ed1a8f,length_64_gap_16,0.023341178894042899
16,0,qseq_d83a3e748cb0801e,length_64_gap_16,-0.065685272216796806
5,15,qseq_00cb1c1a51bbd477,length_32_gap_8,0.067906618118286105
5,15,qseq_fdb0d02eb17a3ad5,length_32_gap_8,0.014509201049804601
5,15,qseq_0fb480259789823d,length_32_gap_8,-0.015625
5,15,qseq_a2e6bd810032888a,length_32_gap_8,-0.041148662567138602
5,15,qseq_5ce005c7be85e2b9,length_32_gap_8,-0.019033193588256801
5,15,qseq_9c1391f827e05414,length_32_gap_8,0.065556526184082003
5,15,qseq_b5c59e25abaa4090,length_32_gap_8,0.036845207214355399
5,15,qseq_9aa233d4f18630ef,length_32_gap_8,0.015625
5,15,qseq_36581fc0e870746a,length_32_gap_8,-0.016284942626953101
5,15,qseq_f1250fa423e1545e,length_32_gap_8,-0.068444967269897405
5,15,qseq_82e41c38cbe9078a,length_32_gap_8,-0.031692981719970703
5,15,qseq_d0b29249fa160784,length_32_gap_8,-0.023459911346435498
5,15,qseq_05f13a28471ab531,length_32_gap_8,0.00027561187744140002
5,15,qseq_f1b36b9fae18111b,length_32_gap_8,0.1503734588623046
5,15,qseq_83e6b8683b1256b2,length_32_gap_8,0.13307762145996091
5,15,qseq_67044cfad9f21ecb,length_32_gap_8,0.062551021575927707
5,15,qseq_70ea623170fa926c,length_32_gap_8,0.021800518035888599
5,15,qseq_5b73de916863d399,length_32_gap_8,0.1971669197082519
5,15,qseq_db732a487a875289,length_32_gap_8,-7.05718994140625e-05
5,15,qseq_fd7563a3a3cec767,length_32_gap_8,0.038783073425292899
5,15,qseq_d6183e1df454b220,length_32_gap_8,0.16644382476806641
5,15,qseq_1355795077be0f50,length_32_gap_8,-0.0468597412109375
5,15,qseq_8b0497deeb8bcaef,length_32_gap_8,0.064540863037109306
5,15,qseq_1fb3a17d5dccef31,length_32_gap_8,0.0022611618041992001
5,15,qseq_a17078d2a6b4b999,length_32_gap_8,0.0272717475891113
5,15,qseq_9e89898b6bb8b44e,length_32_gap_8,-0.031937599182128899
5,15,qseq_52f1b1128f7f8827,length_32_gap_8,0.1249861717224121
5,15,qseq_d4bff5080bd4daa2,length_32_gap_8,0.050766944885253899
5,15,qseq_bc537eed9a30ad79,length_32_gap_8,0.077254295349120997
5,15,qseq_4e294cfbb31deac6,length_32_gap_8,0.0862011909484863
5,15,qseq_a9426dae73873222,length_32_gap_8,0.0429203510284423
5,15,qseq_84c7ecb2a5f6fb74,length_32_gap_8,0.0079836845397948993
5,15,qseq_2232308bba387df3,length_32_gap_8,-0.038990974426269497
5,15,qseq_c651ff600b8839df,length_32_gap_8,-0.023261547088622998
5,15,qseq_bdd4291ac8449310,length_32_gap_8,0.032885551452636698
5,15,qseq_eee8756396fe6af2,length_32_gap_8,-0.068688392639160101
5,15,qseq_d27c4368416fdc93,length_32_gap_8,0.027797698974609299
5,15,qseq_1bc3d720581f5d2b,length_32_gap_8,0.078182697296142495
5,15,qseq_d1b8220e931c7fd7,length_32_gap_8,0.0078773498535156007
5,15,qseq_f3612a27015ba1ca,length_32_gap_8,0.073644638061523396
5,15,qseq_983999860e3f68fa,length_32_gap_8,-0.21863937377929679
5,15,qseq_3cc6488c0780e435,length_32_gap_8,0.0021572113037109002
5,15,qseq_896e75303fd36619,length_32_gap_8,-0.03668212890625
5,15,qseq_bb44694bf88faab7,length_32_gap_8,-0.0936779975891113
5,15,qseq_676b73120ca2a061,length_32_gap_8,0.101470947265625
5,15,qseq_03289c2c4536e699,length_32_gap_8,0.050747394561767502
5,15,qseq_62632b972840b049,length_32_gap_8,0.0073847770690916997
5,15,qseq_f5d56d42459ee9bc,length_32_gap_8,0.0422711372375488
5,15,qseq_32bc0ad658c10a1c,length_32_gap_8,-0.1076173782348632
5,15,qseq_4da58de5cf93ae4a,length_32_gap_8,-0.002481460571289
5,15,qseq_5e6685ba720055c7,length_32_gap_8,0.055911064147949198
5,15,qseq_2cfb75f54306c844,length_32_gap_8,-0.033297538757324198
5,15,qseq_8345587890d3c14f,length_32_gap_8,0.052912712097167899
5,15,qseq_46afeffe5dd0d89f,length_32_gap_8,0.0023365020751952999
5,15,qseq_b592f6abbb02f055,length_32_gap_8,0.066401481628417899
5,15,qseq_3d813b4e2f642750,length_32_gap_8,-2.956390380859375e-05
5,15,qseq_c3ccf9967efbcd30,length_32_gap_8,0.36372280120849598
5,15,qseq_029bb1fad3e341b6,length_32_gap_8,-0.0591263771057128
5,15,qseq_f0a1548c14cbff39,length_32_gap_8,0.065263748168945299
5,15,qseq_ce67b9d37322c254,length_32_gap_8,-0.010124683380126899
5,15,qseq_1d5def43cbaaf204,length_32_gap_8,0.26460790634155268
5,15,qseq_ef053ee48a778a2d,length_32_gap_8,0.024785995483398399
5,15,qseq_aad6bf2a44151808,length_32_gap_8,0.19916915893554679
5,15,qseq_8efc9f11c7cf051c,length_32_gap_8,-0.0093183517456053994
5,15,qseq_8e716ecd02e0f73a,length_32_gap_16,0.040557861328125
5,15,qseq_1595750272a9182b,length_32_gap_16,0
5,15,qseq_bcb1e40d4e33a983,length_32_gap_16,0.032508850097656201
5,15,qseq_918b1e8c99f205fc,length_32_gap_16,-0.048584938049316399
5,15,qseq_9bcb64e386770afd,length_32_gap_16,0.062308311462402302
5,15,qseq_f308f77da35e5150,length_32_gap_16,0.041316986083984299
5,15,qseq_3d452bb0ed05ae44,length_32_gap_16,0.032912015914916902
5,15,qseq_5e121f37966766e3,length_32_gap_16,-0.055477142333984299
5,15,qseq_7d05ec534f8e7970,length_32_gap_16,-0.097883224487304604
5,15,qseq_1a641e032f933a96,length_32_gap_16,0.097265005111694294
5,15,qseq_afb04c9fd38b4a73,length_32_gap_16,-0.021624565124511701
5,15,qseq_0a7044add0a71938,length_32_gap_16,-0.0064318180084228004
5,15,qseq_ad84a1c2bee1922b,length_32_gap_16,-0.012653350830078101
5,15,qseq_0449b2f15993e9e3,length_32_gap_16,0.089815139770507799
5,15,qseq_e239bfe29ce1339d,length_32_gap_16,0.046875
5,15,qseq_1c01b2c0b82e7c86,length_32_gap_16,0.031450748443603502
5,15,qseq_5a6f346a0090499e,length_32_gap_16,-0.15235805511474601
5,15,qseq_23e29e93fa14dc22,length_32_gap_16,0.12839794158935541
5,15,qseq_aed28d8945a5fd51,length_32_gap_16,0.1616497039794921
5,15,qseq_64af7706440b2eb6,length_32_gap_16,-0.030562400817871
5,15,qseq_9b65b35ce09e05fc,length_32_gap_16,0.0014929771423339
5,15,qseq_9966ff37eb81ef5e,length_32_gap_16,0.060159683227539
5,15,qseq_2f710e8798ec9e71,length_32_gap_16,-0.0066823959350585001
5,15,qseq_11b039baed6684b4,length_32_gap_16,-0.0070438385009765
5,15,qseq_60e817fc1eb4a770,length_32_gap_16,0.1405920982360839
5,15,qseq_704ee3aa78d74315,length_32_gap_16,-0.030421733856201099
5,15,qseq_56aa2892fb9d4215,length_32_gap_16,0
5,15,qseq_cfd0f3fa73dabac6,length_32_gap_16,0.00075554847717279995
5,15,qseq_4d8b8abbf9e82df2,length_32_gap_16,0.038331985473632799
5,15,qseq_dc290e31b0f7fee9,length_32_gap_16,0.077821731567382799
5,15,qseq_d59e491f27122012,length_32_gap_16,-0.016012191772460899
5,15,qseq_0d1644fe34089dc5,length_32_gap_16,0.085186004638671806
5,15,qseq_b0f1c882cbfc023b,length_32_gap_16,0.022980690002441399
5,15,qseq_ae326193ef533b6f,length_32_gap_16,-0.0027570724487303998
5,15,qseq_b90113f916a4ef25,length_32_gap_16,0.066234588623046806
5,15,qseq_47db8e82e82ab9ab,length_32_gap_16,-0.033061981201171799
5,15,qseq_1bd1876170be1293,length_32_gap_16,-0.046875
5,15,qseq_28a6625244b67550,length_32_gap_16,0.1134657859802246
5,15,qseq_0319d5aa3b7a2109,length_32_gap_16,0.015468120574951101
5,15,qseq_b4281d845cf8791c,length_32_gap_16,0.030825138092040998
5,15,qseq_eb72d6b6095aa9bf,length_32_gap_16,0.092963218688964802
5,15,qseq_2a530f25c94c88b0,length_32_gap_16,0.042798995971679597
5,15,qseq_b90ee294cda3f4ef,length_32_gap_16,-0.0122346878051757
5,15,qseq_2194e53c28d8ac06,length_32_gap_16,0.062401771545410101
5,15,qseq_cd35a5d7a5f5a555,length_32_gap_16,0.039834022521972601
5,15,qseq_e3fd7e822923d545,length_32_gap_16,-0.0172257423400878
5,15,qseq_3c1160a318793be3,length_32_gap_16,-0.29825592041015619
5,15,qseq_a4167c2fe5df8c7f,length_32_gap_16,0.019063949584960899
5,15,qseq_fa6f788e8ca0ef62,length_32_gap_16,0.007082462310791
5,15,qseq_98487b25edb3051f,length_32_gap_16,0.071076869964599595
5,15,qseq_1f823851ae16f13f,length_32_gap_16,0.062953472137451102
5,15,qseq_b190b48533f45a2c,length_32_gap_16,-0.0001168251037597
5,15,qseq_63d72c96ef626e2d,length_32_gap_16,0.1004247665405273
5,15,qseq_a28e2ec155ecc582,length_32_gap_16,0.29982757568359369
5,15,qseq_eb02fc157dd74784,length_32_gap_16,-0.00058841705322259998
5,15,qseq_e887c4a51d9b260c,length_32_gap_16,0.063550949096679604
5,15,qseq_dee021939107fbde,length_32_gap_16,0.045160770416259703
5,15,qseq_affe6175ca94dda2,length_32_gap_16,0.033360481262206997
5,15,qseq_7be057ad143b9690,length_32_gap_16,-0.087619304656982394
5,15,qseq_24f5b4f7f640338f,length_32_gap_16,-0.044726371765136698
5,15,qseq_43ebed208484255f,length_32_gap_16,0.092581748962402302
5,15,qseq_c613b96c7912d379,length_32_gap_16,-0.0060082674026488998
5,15,qseq_7f5aade052d4177f,length_32_gap_16,0
5,15,qseq_ee49c796752d8710,length_32_gap_16,0.10170698165893551
5,15,qseq_b3f568f628b46423,length_64_gap_8,0.00058984756469720003
5,15,qseq_2fb25780aa1dbffa,length_64_gap_8,-0.045520782470703097
5,15,qseq_fd1170e3dcd5f55e,length_64_gap_8,-0.078053474426269503
5,15,qseq_24b25ead5a4620eb,length_64_gap_8,0.1241664886474609
5,15,qseq_4074ee710223309a,length_64_gap_8,-0.0005645751953125
5,15,qseq_4279be38393632ff,length_64_gap_8,-0.0154821872711181
5,15,qseq_a128a3ad062f254f,length_64_gap_8,0.0027284622192382002
5,15,qseq_40546941dd2db2c4,length_64_gap_8,0.117095947265625
5,15,qseq_bd1d709ea9de2442,length_64_gap_8,-0.043943643569946199
5,15,qseq_0701dad0bea1f82c,length_64_gap_8,0.15592837333679191
5,15,qseq_1922d44b2343c70a,length_64_gap_8,0.022317886352539
5,15,qseq_730ee300e88dbdc9,length_64_gap_8,0.088097810745239202
5,15,qseq_5b194ba92705c9b8,length_64_gap_8,0.0161333084106445
5,15,qseq_021ce8a6eb41287d,length_64_gap_8,0.0010261535644531001
5,15,qseq_039bccf871e60190,length_64_gap_8,0.046449422836303697
5,15,qseq_c9895be6cd96e125,length_64_gap_8,0.00028896331787100002
5,15,qseq_e517bd5620ecf760,length_64_gap_8,0.081810951232910101
5,15,qseq_05be70e9da000c21,length_64_gap_8,0.065226554870605399
5,15,qseq_9e0484c8cf5ddfc6,length_64_gap_8,0.055652618408203097
5,15,qseq_d8653dab52d91576,length_64_gap_8,-0.1242241859436035
5,15,qseq_7c7ae2fc6a76be76,length_64_gap_8,0.064266443252563393
5,15,qseq_eea059d57beab37f,length_64_gap_8,0.10210418701171869
5,15,qseq_8fee472e774e69bb,length_64_gap_8,-0.14240193367004389
5,15,qseq_6a6e891f0af35a46,length_64_gap_8,0.020243644714355399
5,15,qseq_a6eb78d92d0c43ab,length_64_gap_8,0.084168434143066406
5,15,qseq_4eb4bdf24b06d78c,length_64_gap_8,0.015625
5,15,qseq_772ec14d440e73c4,length_64_gap_8,0.038271427154541002
5,15,qseq_c9795ce42618194e,length_64_gap_8,0.071181535720825098
5,15,qseq_ad3d3bcb9795d514,length_64_gap_8,-0.0096848011016844992
5,15,qseq_1e356400a385b9c8,length_64_gap_8,0.095703125
5,15,qseq_200c199e7437db70,length_64_gap_8,0.043013572692870997
5,15,qseq_f93016a2d910f6d4,length_64_gap_8,0.077230930328369099
5,15,qseq_b26f645287ad75c3,length_64_gap_8,0.0248112678527832
5,15,qseq_5dbd77e6301a4d88,length_64_gap_8,0.1093416213989257
5,15,qseq_1f519fea8800a91a,length_64_gap_8,0.025940895080566399
5,15,qseq_c22690e962dda79a,length_64_gap_8,0.43314790725708002
5,15,qseq_aa1bf93acfa1394f,length_64_gap_8,0.25077605247497547
5,15,qseq_c7e2bf5dffccfdb4,length_64_gap_8,-0.027194976806640601
5,15,qseq_f0b7c35e28157360,length_64_gap_8,-0.047063827514648403
5,15,qseq_5b3541bc4ecd5520,length_64_gap_8,-0.043519020080566399
5,15,qseq_51105068c69885d2,length_64_gap_8,0.086059927940368597
5,15,qseq_1fa7df7dac6c2475,length_64_gap_8,-0.049401760101318297
5,15,qseq_1f17912f3d8f9da9,length_64_gap_8,-0.125
5,15,qseq_492ddced5e4b2559,length_64_gap_8,-0.21753549575805661
5,15,qseq_131de4ffcd89e6e9,length_64_gap_8,-0.0151565074920654
5,15,qseq_2eba76d2215c33b9,length_64_gap_8,-0.035327196121215799
5,15,qseq_a1c3fb56cf8462bb,length_64_gap_8,0.037285804748535101
5,15,qseq_dcd58d81cb05e28d,length_64_gap_8,0.15676093101501459
5,15,qseq_6715416239d80838,length_64_gap_8,0.025861263275146401
5,15,qseq_8d499f91b4526a3a,length_64_gap_8,0.0598907470703125
5,15,qseq_587220b2bc085b31,length_64_gap_8,0.078379154205322196
5,15,qseq_69cc809df6a6f6c9,length_64_gap_8,-0.00023412704467770001
5,15,qseq_b92aea251b1eff2b,length_64_gap_8,0.094385147094726493
5,15,qseq_4f51e954884cdf48,length_64_gap_8,0.037060260772705002
5,15,qseq_fe9ddd894232689b,length_64_gap_8,0.1228423118591308
5,15,qseq_c12d62810ba631af,length_64_gap_8,0.018677711486816399
5,15,qseq_5e9dad96f848721b,length_64_gap_8,-0.077115058898925698
5,15,qseq_32e4b0f9ec8b30ce,length_64_gap_8,0.019136428833007799
5,15,qseq_eab2e57f5041e3f9,length_64_gap_8,-0.046875
5,15,qseq_845854475db5ae4a,length_64_gap_8,0.055398225784301702
5,15,qseq_8688a95186e10f9c,length_64_gap_8,-0.026538848876953101
5,15,qseq_e8c2d067e77fc845,length_64_gap_8,0.28437972068786621
5,15,qseq_c0d3d38e8bedac65,length_64_gap_8,0.101898193359375
5,15,qseq_84ff4fbaaa20d8cc,length_64_gap_8,0.076259613037109306
5,15,qseq_a0de254948a6e5bf,length_64_gap_16,-0.034626960754394497
5,15,qseq_b0e4d687f94733dc,length_64_gap_16,0.082289695739745997
5,15,qseq_be52c9a76238a7d9,length_64_gap_16,-0.047551155090331997
5,15,qseq_f37fbd079a3b6bde,length_64_gap_16,0.030095100402832
5,15,qseq_ecccef08f74a0d62,length_64_gap_16,0.065904140472412095
5,15,qseq_3b5d281e4d3fc2c2,length_64_gap_16,0.020623207092285101
5,15,qseq_d1e08ad378e2d77d,length_64_gap_16,-0.061974287033080999
5,15,qseq_7e4b4a517eef4bbc,length_64_gap_16,0.0028619766235350999
5,15,qseq_8b91b6dc4c4ad5a7,length_64_gap_16,-0.0930676460266113
5,15,qseq_61c50fa15c9aaf25,length_64_gap_16,-0.032128334045410101
5,15,qseq_eb6a949eb0642356,length_64_gap_16,0.034844875335693297
5,15,qseq_ccbe5bac490d61b5,length_64_gap_16,0.060354232788085903
5,15,qseq_ae9e47b71d61c01f,length_64_gap_16,0.063917636871337793
5,15,qseq_c423f0620a3bd358,length_64_gap_16,0.024396896362304601
5,15,qseq_b7edc17d7108c749,length_64_gap_16,0.1066646575927734
5,15,qseq_c0b98a93360f9565,length_64_gap_16,0.04925537109375
5,15,qseq_b6de0520ecba0cb7,length_64_gap_16,0.030740737915039
5,15,qseq_adc73ff9cfa008e2,length_64_gap_16,0.0488433837890625
5,15,qseq_2940a4d578561754,length_64_gap_16,0.043208599090576102
5,15,qseq_30994fe2dabf428d,length_64_gap_16,0.10683441162109369
5,15,qseq_949a4801d597a033,length_64_gap_16,-0.054121971130370997
5,15,qseq_c5b16a3541c1277e,length_64_gap_16,0.0023703575134277001
5,15,qseq_9431506847fefb45,length_64_gap_16,0.047217369079589802
5,15,qseq_5c36d742824efa4b,length_64_gap_16,-0.0148487091064453
5,15,qseq_05d8cddf3ea281a9,length_64_gap_16,0.11439371109008779
5,15,qseq_f17674cc4392f3bf,length_64_gap_16,0.19562864303588859
5,15,qseq_382e6ced8b87a663,length_64_gap_16,0.1147710084915161
5,15,qseq_fe5cd0e334e253c1,length_64_gap_16,0.0261814594268798
5,15,qseq_b417731b953269a4,length_64_gap_16,0.073997497558593694
5,15,qseq_450cbb29b12c67b7,length_64_gap_16,-0.0026121139526367001
5,15,qseq_a30ec5f4c977bbc8,length_64_gap_16,-0.0365891456604003
5,15,qseq_f52fc5c697a8e7f5,length_64_gap_16,0.011002540588378899
5,15,qseq_396aff10bb95400f,length_64_gap_16,-0.062725067138671806
5,15,qseq_82c1df8241dca3cf,length_64_gap_16,0.085308074951171806
5,15,qseq_204175b8e8f592ff,length_64_gap_16,0.0622906684875488
5,15,qseq_b7054e022b918880,length_64_gap_16,-0.04095458984375
5,15,qseq_ba8a8e9d30f030c0,length_64_gap_16,0.118560791015625
5,15,qseq_57bd27a9adf994ef,length_64_gap_16,-0.078091144561767495
5,15,qseq_df9ba99fcdbb78f6,length_64_gap_16,-0.081148147583007799
5,15,qseq_c7f36be3fc9142a4,length_64_gap_16,0.0055899620056151997
5,15,qseq_bb25837841d78095,length_64_gap_16,-0.0016531944274901999
5,15,qseq_89060805f114dcc8,length_64_gap_16,0.088743209838867104
5,15,qseq_cfce5ff0ec658964,length_64_gap_16,0.009401798248291
5,15,qseq_84f8cb3faeb6a744,length_64_gap_16,-0.093293666839599595
5,15,qseq_42c429c411c30673,length_64_gap_16,0.0063543319702148004
5,15,qseq_1d8ea3a6efaf9fab,length_64_gap_16,0.0077812671661375999
5,15,qseq_a1e47f7cb49b58b7,length_64_gap_16,0.074200630187988198
5,15,qseq_75975c5fcfe56f9f,length_64_gap_16,0.0026445388793945
5,15,qseq_8a0db1772110a4a8,length_64_gap_16,0.00390625
5,15,qseq_5f7ce90f26f794f5,length_64_gap_16,-0.0132298469543457
5,15,qseq_f2f94c41d471f1c4,length_64_gap_16,-0.0192539691925048
5,15,qseq_d57f36c4148c49c6,length_64_gap_16,0.0079932212829588994
5,15,qseq_fdf96662daefa822,length_64_gap_16,0.073785305023193304
5,15,qseq_4b71f66c27222d97,length_64_gap_16,0.006352424621582
5,15,qseq_a1e8b0d618f525ce,length_64_gap_16,-0.114363670349121
5,15,qseq_8597a5fd74382a82,length_64_gap_16,-0.053357124328613198
5,15,qseq_2317dd357fbf5323,length_64_gap_16,0.2967767715454101
5,15,qseq_44b93471651b7136,length_64_gap_16,-0.026989936828613201
5,15,qseq_9936aeb4dac5517c,length_64_gap_16,0.090290069580078097
5,15,qseq_4118977d719f3b17,length_64_gap_16,-0.045911788940429597
5,15,qseq_622c80501e6559b9,length_64_gap_16,0.086177825927734306
5,15,qseq_995d48cc4618a5d7,length_64_gap_16,0.039606571197509703
5,15,qseq_2a1a4deb70ed1a8f,length_64_gap_16,-0.040410041809081997
5,15,qseq_d83a3e748cb0801e,length_64_gap_16,0.057748794555664
22,5,qseq_00cb1c1a51bbd477,length_32_gap_8,-0.1428608894348144
22,5,qseq_fdb0d02eb17a3ad5,length_32_gap_8,0.042895317077636698
22,5,qseq_0fb480259789823d,length_32_gap_8,-0.084869861602783203
22,5,qseq_a2e6bd810032888a,length_32_gap_8,-0.088247776031494099
22,5,qseq_5ce005c7be85e2b9,length_32_gap_8,-0.068790197372436496
22,5,qseq_9c1391f827e05414,length_32_gap_8,0.112673282623291
22,5,qseq_b5c59e25abaa4090,length_32_gap_8,0.033976078033447203
22,5,qseq_9aa233d4f18630ef,length_32_gap_8,-0.0011582374572753
22,5,qseq_36581fc0e870746a,length_32_gap_8,-0.060067176818847601
22,5,qseq_f1250fa423e1545e,length_32_gap_8,-0.0591731071472167
22,5,qseq_82e41c38cbe9078a,length_32_gap_8,-0.00041532516479489997
22,5,qseq_d0b29249fa160784,length_32_gap_8,0.00018310546875
22,5,qseq_05f13a28471ab531,length_32_gap_8,-0.044901847839355399
22,5,qseq_f1b36b9fae18111b,length_32_gap_8,-0.037126541137695299
22,5,qseq_83e6b8683b1256b2,length_32_gap_8,0.012125968933105399
22,5,qseq_67044cfad9f21ecb,length_32_gap_8,-0.18697309494018549
22,5,qseq_70ea623170fa926c,length_32_gap_8,-0.1246137619018554
22,5,qseq_5b73de916863d399,length_32_gap_8,-0.069636821746826102
22,5,qseq_db732a487a875289,length_32_gap_8,0.015485763549804601
22,5,qseq_fd7563a3a3cec767,length_32_gap_8,0.37345790863037098
22,5,qseq_d6183e1df454b220,length_32_gap_8,-0.1811304092407226
22,5,qseq_1355795077be0f50,length_32_gap_8,0.078116416931152302
22,5,qseq_8b0497deeb8bcaef,length_32_gap_8,0.050253868103027302
22,5,qseq_1fb3a17d5dccef31,length_32_gap_8,0.0182290077209472
22,5,qseq_a17078d2a6b4b999,length_32_gap_8,-0.070813655853271401
22,5,qseq_9e89898b6bb8b44e,length_32_gap_8,-0.15738868713378901
22,5,qseq_52f1b1128f7f8827,length_32_gap_8,0.31221151351928711
22,5,qseq_d4bff5080bd4daa2,length_32_gap_8,-0.076202869415283203
22,5,qseq_bc537eed9a30ad79,length_32_gap_8,0.093926429748535101
22,5,qseq_4e294cfbb31deac6,length_32_gap_8,0.088197231292724595
22,5,qseq_a9426dae73873222,length_32_gap_8,-0.25831151008605951
22,5,qseq_84c7ecb2a5f6fb74,length_32_gap_8,-0.018438100814819301
22,5,qseq_2232308bba387df3,length_32_gap_8,-0.0174345970153808
22,5,qseq_c651ff600b8839df,length_32_gap_8,-0.068688392639160101
22,5,qseq_bdd4291ac8449310,length_32_gap_8,-0.046594142913818297
22,5,qseq_eee8756396fe6af2,length_32_gap_8,0.037017822265625
22,5,qseq_d27c4368416fdc93,length_32_gap_8,0.0082025527954101007
22,5,qseq_1bc3d720581f5d2b,length_32_gap_8,-0.031221866607665998
22,5,qseq_d1b8220e931c7fd7,length_32_gap_8,0.098232269287109306
22,5,qseq_f3612a27015ba1ca,length_32_gap_8,0.2175426483154296
22,5,qseq_983999860e3f68fa,length_32_gap_8,0.16030001640319819
22,5,qseq_3cc6488c0780e435,length_32_gap_8,0.0014472007751464
22,5,qseq_896e75303fd36619,length_32_gap_8,0.14439916610717771
22,5,qseq_bb44694bf88faab7,length_32_gap_8,0.015580654144287101
22,5,qseq_676b73120ca2a061,length_32_gap_8,0.1227006912231445
22,5,qseq_03289c2c4536e699,length_32_gap_8,-0.1549456119537353
22,5,qseq_62632b972840b049,length_32_gap_8,-0.071812629699707003
22,5,qseq_f5d56d42459ee9bc,length_32_gap_8,-0.059476852416992097
22,5,qseq_32bc0ad658c10a1c,length_32_gap_8,0.2040224075317382
22,5,qseq_4da58de5cf93ae4a,length_32_gap_8,0.1782197952270507
22,5,qseq_5e6685ba720055c7,length_32_gap_8,0.18434429168701169
22,5,qseq_2cfb75f54306c844,length_32_gap_8,0.060452461242675698
22,5,qseq_8345587890d3c14f,length_32_gap_8,0.14152622222900391
22,5,qseq_46afeffe5dd0d89f,length_32_gap_8,-0.19803476333618161
22,5,qseq_b592f6abbb02f055,length_32_gap_8,-0.064502716064453097
22,5,qseq_3d813b4e2f642750,length_32_gap_8,-0.096593856811523396
22,5,qseq_c3ccf9967efbcd30,length_32_gap_8,-0.15328407287597651
22,5,qseq_029bb1fad3e341b6,length_32_gap_8,-0.15582990646362299
22,5,qseq_f0a1548c14cbff39,length_32_gap_8,-0.11562299728393551
22,5,qseq_ce67b9d37322c254,length_32_gap_8,-0.098359584808349595
22,5,qseq_1d5def43cbaaf204,length_32_gap_8,0.23446178436279291
22,5,qseq_ef053ee48a778a2d,length_32_gap_8,0.10291290283203119
22,5,qseq_aad6bf2a44151808,length_32_gap_8,-0.0054235458374023004
22,5,qseq_8efc9f11c7cf051c,length_32_gap_8,-0.051499366760253899
22,5,qseq_8e716ecd02e0f73a,length_32_gap_16,-0.074223518371582003
22,5,qseq_1595750272a9182b,length_32_gap_16,0.071063041687011705
22,5,qseq_bcb1e40d4e33a983,length_32_gap_16,0
22,5,qseq_918b1e8c99f205fc,length_32_gap_16,0.1557250022888183
22,5,qseq_9bcb64e386770afd,length_32_gap_16,0.049840927124023403
22,5,qseq_f308f77da35e5150,length_32_gap_16,0.016749382019042899
22,5,qseq_3d452bb0ed05ae44,length_32_gap_16,-0.074790954589843694
22,5,qseq_5e121f37966766e3,length_32_gap_16,0.013073444366455
22,5,qseq_7d05ec534f8e7970,length_32_gap_16,0.028921127319335899
22,5,qseq_1a641e032f933a96,length_32_gap_16,-0.2478785514831543
22,5,qseq_afb04c9fd38b4a73,length_32_gap_16,0.043943405151367097
22,5,qseq_0a7044add0a71938,length_32_gap_16,0.13186120986938471
22,5,qseq_ad84a1c2bee1922b,length_32_gap_16,-0.041337966918945299
22,5,qseq_0449b2f15993e9e3,length_32_gap_16,-0.09375
22,5,qseq_e239bfe29ce1339d,length_32_gap_16,-0.17167186737060541
22,5,qseq_1c01b2c0b82e7c86,length_32_gap_16,0.097832679748535101
22,5,qseq_5a6f346a0090499e,length_32_gap_16,-0.19216442108154291
22,5,qseq_23e29e93fa14dc22,length_32_gap_16,0.1343011856079101
22,5,qseq_aed28d8945a5fd51,length_32_gap_16,-0.163731575012207
22,5,qseq_64af7706440b2eb6,length_32_gap_16,-0.1110076904296875
22,5,qseq_9b65b35ce09e05fc,length_32_gap_16,0.12961578369140619
22,5,qseq_9966ff37eb81ef5e,length_32_gap_16,0.00071620941162099997
22,5,qseq_2f710e8798ec9e71,length_32_gap_16,-0.0030336380004882002
22,5,qseq_11b039baed6684b4,length_32_gap_16,-0.044133186340331997
22,5,qseq_60e817fc1eb4a770,length_32_gap_16,0
22,5,qseq_704ee3aa78d74315,length_32_gap_16,0.059520721435546799
22,5,qseq_56aa2892fb9d4215,length_32_gap_16,0.060259342193603502
22,5,qseq_cfd0f3fa73dabac6,length_32_gap_16,-0.074293613433837793
22,5,qseq_4d8b8abbf9e82df2,length_32_gap_16,0.093956947326660101
22,5,qseq_dc290e31b0f7fee9,length_32_gap_16,0.085187911987304604
22,5,qseq_d59e491f27122012,length_32_gap_16,-0.056589126586914
22,5,qseq_0d1644fe34089dc5,length_32_gap_16,0.031078338623046799
22,5,qseq_b0f1c882cbfc023b,length_32_gap_16,0.115004539489746
22,5,qseq_ae326193ef533b6f,length_32_gap_16,0.37026548385620112
22,5,qseq_b90113f916a4ef25,length_32_gap_16,-0.0092306137084960001
22,5,qseq_47db8e82e82ab9ab,length_32_gap_16,-0.0151419639587402
22,5,qseq_1bd1876170be1293,length_32_gap_16,-0.053506851196289
22,5,qseq_28a6625244b67550,length_32_gap_16,0.031243562698364199
22,5,qseq_0319d5aa3b7a2109,length_32_gap_16,-0.068457603454589802
22,5,qseq_b4281d845cf8791c,length_32_gap_16,0.18538045883178711
22,5,qseq_eb72d6b6095aa9bf,length_32_gap_16,0.095290184020995997
22,5,qseq_2a530f25c94c88b0,length_32_gap_16,1.3241176605224607
22,5,qseq_b90ee294cda3f4ef,length_32_gap_16,-0.051297187805175698
22,5,qseq_2194e53c28d8ac06,length_32_gap_16,0.092097759246826102
22,5,qseq_cd35a5d7a5f5a555,length_32_gap_16,0.54100227355957031
22,5,qseq_e3fd7e822923d545,length_32_gap_16,0.0243067741394042
22,5,qseq_3c1160a318793be3,length_32_gap_16,0.55242538452148426
22,5,qseq_a4167c2fe5df8c7f,length_32_gap_16,0.0045747756958006997
22,5,qseq_fa6f788e8ca0ef62,length_32_gap_16,-0.1246309280395507
22,5,qseq_98487b25edb3051f,length_32_gap_16,0.074201107025146401
22,5,qseq_1f823851ae16f13f,length_32_gap_16,0.0617203712463378
22,5,qseq_b190b48533f45a2c,length_32_gap_16,0.059837341308593701
22,5,qseq_63d72c96ef626e2d,length_32_gap_16,-0.1878442764282226
22,5,qseq_a28e2ec155ecc582,length_32_gap_16,-0.26791954040527338
22,5,qseq_eb02fc157dd74784,length_32_gap_16,0.071721076965332003
22,5,qseq_e887c4a51d9b260c,length_32_gap_16,-0.19318628311157221
22,5,qseq_dee021939107fbde,length_32_gap_16,0.071352481842041002
22,5,qseq_affe6175ca94dda2,length_32_gap_16,-0.13138771057128901
22,5,qseq_7be057ad143b9690,length_32_gap_16,0.0030221939086914002
22,5,qseq_24f5b4f7f640338f,length_32_gap_16,-0.052829742431640597
22,5,qseq_43ebed208484255f,length_32_gap_16,-0.064308643341064398
22,5,qseq_c613b96c7912d379,length_32_gap_16,-0.079066991806030204
22,5,qseq_7f5aade052d4177f,length_32_gap_16,0
22,5,qseq_ee49c796752d8710,length_32_gap_16,-0.017443656921386701
22,5,qseq_b3f568f628b46423,length_64_gap_8,0.045937061309814398
22,5,qseq_2fb25780aa1dbffa,length_64_gap_8,0.58426189422607422
22,5,qseq_fd1170e3dcd5f55e,length_64_gap_8,-0.1410951614379882
22,5,qseq_24b25ead5a4620eb,length_64_gap_8,0.1771063804626464
22,5,qseq_4074ee710223309a,length_64_gap_8,-0.1240735054016113
22,5,qseq_4279be38393632ff,length_64_gap_8,-0.0035970211029052001
22,5,qseq_a128a3ad062f254f,length_64_gap_8,0.1032958030700683
22,5,qseq_40546941dd2db2c4,length_64_gap_8,0.0009765625
22,5,qseq_bd1d709ea9de2442,length_64_gap_8,-0.075788259506225503
22,5,qseq_0701dad0bea1f82c,length_64_gap_8,-0.021569967269897398
22,5,qseq_1922d44b2343c70a,length_64_gap_8,0.1558203697204589
22,5,qseq_730ee300e88dbdc9,length_64_gap_8,-0.036902189254760701
22,5,qseq_5b194ba92705c9b8,length_64_gap_8,0.047644376754760701
22,5,qseq_021ce8a6eb41287d,length_64_gap_8,0.61101269721984863
22,5,qseq_039bccf871e60190,length_64_gap_8,-0.052623033523559501
22,5,qseq_c9895be6cd96e125,length_64_gap_8,-0.17444610595703119
22,5,qseq_e517bd5620ecf760,length_64_gap_8,0.097502708435058497
22,5,qseq_05be70e9da000c21,length_64_gap_8,0.10762977600097649
22,5,qseq_9e0484c8cf5ddfc6,length_64_gap_8,0.0104002952575683
22,5,qseq_d8653dab52d91576,length_64_gap_8,-0.17017173767089841
22,5,qseq_7c7ae2fc6a76be76,length_64_gap_8,-0.2029235363006591
22,5,qseq_eea059d57beab37f,length_64_gap_8,-0.039152145385742097
22,5,qseq_8fee472e774e69bb,length_64_gap_8,-0.078574180603027302
22,5,qseq_6a6e891f0af35a46,length_64_gap_8,0.15185451507568351
22,5,qseq_a6eb78d92d0c43ab,length_64_gap_8,-0.037235260009765597
22,5,qseq_4eb4bdf24b06d78c,length_64_gap_8,0.056637287139892502
22,5,qseq_772ec14d440e73c4,length_64_gap_8,0.16237831115722651
22,5,qseq_c9795ce42618194e,length_64_gap_8,0.15313124656677241
22,5,qseq_ad3d3bcb9795d514,length_64_gap_8,-0.1101677417755127
22,5,qseq_1e356400a385b9c8,length_64_gap_8,0.008333683013916
22,5,qseq_200c199e7437db70,length_64_gap_8,0.1745643615722656
22,5,qseq_f93016a2d910f6d4,length_64_gap_8,-0.0149564743041992
22,5,qseq_b26f645287ad75c3,length_64_gap_8,0.0232596397399902
22,5,qseq_5dbd77e6301a4d88,length_64_gap_8,-0.038977622985839802
22,5,qseq_1f519fea8800a91a,length_64_gap_8,0.010315895080566399
22,5,qseq_c22690e962dda79a,length_64_gap_8,-0.052761793136596603
22,5,qseq_aa1bf93acfa1394f,length_64_gap_8,0.048454523086547803
22,5,qseq_c7e2bf5dffccfdb4,length_64_gap_8,0.96490097045898438
22,5,qseq_f0b7c35e28157360,length_64_gap_8,-0.079713821411132799
22,5,qseq_5b3541bc4ecd5520,length_64_gap_8,-0.050938606262206997
22,5,qseq_51105068c69885d2,length_64_gap_8,0.040223598480224602
22,5,qseq_1fa7df7dac6c2475,length_64_gap_8,0.33000659942626948
22,5,qseq_1f17912f3d8f9da9,length_64_gap_8,-0.062230110168456997
22,5,qseq_492ddced5e4b2559,length_64_gap_8,0.18594932556152341
22,5,qseq_131de4ffcd89e6e9,length_64_gap_8,-0.057133674621581997
22,5,qseq_2eba76d2215c33b9,length_64_gap_8,0.099632501602172796
22,5,qseq_a1c3fb56cf8462bb,length_64_gap_8,0.24716734886169431
22,5,qseq_dcd58d81cb05e28d,length_64_gap_8,1.4531252384185791
22,5,qseq_6715416239d80838,length_64_gap_8,0.2002606391906738
22,5,qseq_8d499f91b4526a3a,length_64_gap_8,0.10595798492431641
22,5,qseq_587220b2bc085b31,length_64_gap_8,-0.049281120300292899
22,5,qseq_69cc809df6a6f6c9,length_64_gap_8,0.32327556610107422
22,5,qseq_b92aea251b1eff2b,length_64_gap_8,-0.031866073608398403
22,5,qseq_4f51e954884cdf48,length_64_gap_8,-0.070487499237060505
22,5,qseq_fe9ddd894232689b,length_64_gap_8,0.1174385547637939
22,5,qseq_c12d62810ba631af,length_64_gap_8,0.043006896972656201
22,5,qseq_5e9dad96f848721b,length_64_gap_8,-0.1197986602783203
22,5,qseq_32e4b0f9ec8b30ce,length_64_gap_8,0.087065696716308497
22,5,qseq_eab2e57f5041e3f9,length_64_gap_8,-0.09375
22,5,qseq_845854475db5ae4a,length_64_gap_8,-0.048130989074706997
22,5,qseq_8688a95186e10f9c,length_64_gap_8,0.049228668212890597
22,5,qseq_e8c2d067e77fc845,length_64_gap_8,-0.0322164297103881
22,5,qseq_c0d3d38e8bedac65,length_64_gap_8,0.76826763153076172
22,5,qseq_84ff4fbaaa20d8cc,length_64_gap_8,0.055996894836425698
22,5,qseq_a0de254948a6e5bf,length_64_gap_16,0.064514636993408203
22,5,qseq_b0e4d687f94733dc,length_64_gap_16,-0.089893579483032199
22,5,qseq_be52c9a76238a7d9,length_64_gap_16,-0.0140907764434814
22,5,qseq_f37fbd079a3b6bde,length_64_gap_16,0.086453437805175698
22,5,qseq_ecccef08f74a0d62,length_64_gap_16,-0.070420503616332994
22,5,qseq_3b5d281e4d3fc2c2,length_64_gap_16,0.62903022766113281
22,5,qseq_d1e08ad378e2d77d,length_64_gap_16,-0.2166483402252197
22,5,qseq_7e4b4a517eef4bbc,length_64_gap_16,-0.023264646530151301
22,5,qseq_8b91b6dc4c4ad5a7,length_64_gap_16,-0.039481639862060498
22,5,qseq_61c50fa15c9aaf25,length_64_gap_16,0.0299839973449707
22,5,qseq_eb6a949eb0642356,length_64_gap_16,0.0169987678527832
22,5,qseq_ccbe5bac490d61b5,length_64_gap_16,0.035070419311523403
22,5,qseq_ae9e47b71d61c01f,length_64_gap_16,0.34134101867675781
22,5,qseq_c423f0620a3bd358,length_64_gap_16,0.018175601959228498
22,5,qseq_b7edc17d7108c749,length_64_gap_16,-0.044595241546630797
22,5,qseq_c0b98a93360f9565,length_64_gap_16,-0.046545982360839802
22,5,qseq_b6de0520ecba0cb7,length_64_gap_16,0.0312247276306152
22,5,qseq_adc73ff9cfa008e2,length_64_gap_16,-0.1406745910644531
22,5,qseq_2940a4d578561754,length_64_gap_16,0.0277094841003417
22,5,qseq_30994fe2dabf428d,length_64_gap_16,0.037041664123535101
22,5,qseq_949a4801d597a033,length_64_gap_16,-0.075838565826416002
22,5,qseq_c5b16a3541c1277e,length_64_gap_16,0.019512176513671799
22,5,qseq_9431506847fefb45,length_64_gap_16,0.016498804092407199
22,5,qseq_5c36d742824efa4b,length_64_gap_16,-0.046062469482421799
22,5,qseq_05d8cddf3ea281a9,length_64_gap_16,-0.20504379272460929
22,5,qseq_f17674cc4392f3bf,length_64_gap_16,0.029049396514892498
22,5,qseq_382e6ced8b87a663,length_64_gap_16,-0.1695672273635864
22,5,qseq_fe5cd0e334e253c1,length_64_gap_16,-0.015231609344482399
22,5,qseq_b417731b953269a4,length_64_gap_16,0.4709711074829101
22,5,qseq_450cbb29b12c67b7,length_64_gap_16,0.072217941284179604
22,5,qseq_a30ec5f4c977bbc8,length_64_gap_16,-0.035105228424072203
22,5,qseq_f52fc5c697a8e7f5,length_64_gap_16,-0.0069141387939453004
22,5,qseq_396aff10bb95400f,length_64_gap_16,-0.055392265319824198
22,5,qseq_82c1df8241dca3cf,length_64_gap_16,0.013133049011230399
22,5,qseq_204175b8e8f592ff,length_64_gap_16,-0.0466556549072265
22,5,qseq_b7054e022b918880,length_64_gap_16,0.27569770812988281
22,5,qseq_ba8a8e9d30f030c0,length_64_gap_16,-0.063301563262939398
22,5,qseq_57bd27a9adf994ef,length_64_gap_16,0.0516989231109619
22,5,qseq_df9ba99fcdbb78f6,length_64_gap_16,-0.081236839294433497
22,5,qseq_c7f36be3fc9142a4,length_64_gap_16,-0.15156078338623041
22,5,qseq_bb25837841d78095,length_64_gap_16,-0.005225658416748
22,5,qseq_89060805f114dcc8,length_64_gap_16,0.1464693546295166
22,5,qseq_cfce5ff0ec658964,length_64_gap_16,0.097987651824951102
22,5,qseq_84f8cb3faeb6a744,length_64_gap_16,0.2202887535095214
22,5,qseq_42c429c411c30673,length_64_gap_16,0.0140304565429687
22,5,qseq_1d8ea3a6efaf9fab,length_64_gap_16,-0.218193769454956
22,5,qseq_a1e47f7cb49b58b7,length_64_gap_16,0.037554740905761698
22,5,qseq_75975c5fcfe56f9f,length_64_gap_16,0.31416988372802729
22,5,qseq_8a0db1772110a4a8,length_64_gap_16,-0.19444370269775391
22,5,qseq_5f7ce90f26f794f5,length_64_gap_16,-0.057697296142578097
22,5,qseq_f2f94c41d471f1c4,length_64_gap_16,0.35586357116699208
22,5,qseq_d57f36c4148c49c6,length_64_gap_16,-0.046632766723632799
22,5,qseq_fdf96662daefa822,length_64_gap_16,0.10223007202148431
22,5,qseq_4b71f66c27222d97,length_64_gap_16,0.028024673461914
22,5,qseq_a1e8b0d618f525ce,length_64_gap_16,-0.041344642639160101
22,5,qseq_8597a5fd74382a82,length_64_gap_16,-0.12719154357910151
22,5,qseq_2317dd357fbf5323,length_64_gap_16,0.054939746856689398
22,5,qseq_44b93471651b7136,length_64_gap_16,0.15209102630615229
22,5,qseq_9936aeb4dac5517c,length_64_gap_16,0.2247753143310546
22,5,qseq_4118977d719f3b17,length_64_gap_16,-0.076935291290283203
22,5,qseq_622c80501e6559b9,length_64_gap_16,0.039194107055664
22,5,qseq_995d48cc4618a5d7,length_64_gap_16,0.071982383728027302
22,5,qseq_2a1a4deb70ed1a8f,length_64_gap_16,-0.23458385467529291
22,5,qseq_d83a3e748cb0801e,length_64_gap_16,0.20736122131347651
23,11,qseq_00cb1c1a51bbd477,length_32_gap_8,0.1022243499755859
23,11,qseq_fdb0d02eb17a3ad5,length_32_gap_8,0.18394088745117179
23,11,qseq_0fb480259789823d,length_32_gap_8,-0.061767578125
23,11,qseq_a2e6bd810032888a,length_32_gap_8,-0.070956230163574205
23,11,qseq_5ce005c7be85e2b9,length_32_gap_8,0.041796684265136698
23,11,qseq_9c1391f827e05414,length_32_gap_8,-0.0030179023742675001
23,11,qseq_b5c59e25abaa4090,length_32_gap_8,-0.019005775451660101
23,11,qseq_9aa233d4f18630ef,length_32_gap_8,-0.0440058708190917
23,11,qseq_36581fc0e870746a,length_32_gap_8,0.0186147689819335
23,11,qseq_f1250fa423e1545e,length_32_gap_8,-0.010011434555053701
23,11,qseq_82e41c38cbe9078a,length_32_gap_8,-0.0127253532409667
23,11,qseq_d0b29249fa160784,length_32_gap_8,0
23,11,qseq_05f13a28471ab531,length_32_gap_8,-0.0289859771728515
23,11,qseq_f1b36b9fae18111b,length_32_gap_8,-0.057869911193847601
23,11,qseq_83e6b8683b1256b2,length_32_gap_8,0.29122352600097651
23,11,qseq_67044cfad9f21ecb,length_32_gap_8,4.76837158203125e-06
23,11,qseq_70ea623170fa926c,length_32_gap_8,0.3221826553344726
23,11,qseq_5b73de916863d399,length_32_gap_8,-0.041241168975830002
23,11,qseq_db732a487a875289,length_32_gap_8,0.140625
23,11,qseq_fd7563a3a3cec767,length_32_gap_8,-0.044852256774902302
23,11,qseq_d6183e1df454b220,length_32_gap_8,-0.10773468017578119
23,11,qseq_1355795077be0f50,length_32_gap_8,0.046872138977050698
23,11,qseq_8b0497deeb8bcaef,length_32_gap_8,0.014989852905273399
23,11,qseq_1fb3a17d5dccef31,length_32_gap_8,0.0478057861328125
23,11,qseq_a17078d2a6b4b999,length_32_gap_8,0.0109715461730957
23,11,qseq_9e89898b6bb8b44e,length_32_gap_8,-0.076520919799804604
23,11,qseq_52f1b1128f7f8827,length_32_gap_8,0.0939679145812988
23,11,qseq_d4bff5080bd4daa2,length_32_gap_8,-0.060954093933105399
23,11,qseq_bc537eed9a30ad79,length_32_gap_8,0.1097283363342285
23,11,qseq_4e294cfbb31deac6,length_32_gap_8,-0.0714764595031738
23,11,qseq_a9426dae73873222,length_32_gap_8,-0.090485095977783203
23,11,qseq_84c7ecb2a5f6fb74,length_32_gap_8,-0.067534685134887598
23,11,qseq_2232308bba387df3,length_32_gap_8,-0.11186313629150391
23,11,qseq_c651ff600b8839df,length_32_gap_8,0.30373191833496088
23,11,qseq_bdd4291ac8449310,length_32_gap_8,0.130035400390625
23,11,qseq_eee8756396fe6af2,length_32_gap_8,-0.021813392639160101
23,11,qseq_d27c4368416fdc93,length_32_gap_8,-0.0121231079101562
23,11,qseq_1bc3d720581f5d2b,length_32_gap_8,0.031427860260009703
23,11,qseq_d1b8220e931c7fd7,length_32_gap_8,-0.065163612365722601
23,11,qseq_f3612a27015ba1ca,length_32_gap_8,0.16022300720214841
23,11,qseq_983999860e3f68fa,length_32_gap_8,0.10300397872924801
23,11,qseq_3cc6488c0780e435,length_32_gap_8,0.046875
23,11,qseq_896e75303fd36619,length_32_gap_8,-0.064479827880859306
23,11,qseq_bb44694bf88faab7,length_32_gap_8,0.078136444091796806
23,11,qseq_676b73120ca2a061,length_32_gap_8,0.11765289306640619
23,11,qseq_03289c2c4536e699,length_32_gap_8,0.035677671432495103
23,11,qseq_62632b972840b049,length_32_gap_8,0.026871681213378899
23,11,qseq_f5d56d42459ee9bc,length_32_gap_8,0.1090235710144043
23,11,qseq_32bc0ad658c10a1c,length_32_gap_8,-0.047734260559081997
23,11,qseq_4da58de5cf93ae4a,length_32_gap_8,0.0276174545288085
23,11,qseq_5e6685ba720055c7,length_32_gap_8,-0.061454772949218701
23,11,qseq_2cfb75f54306c844,length_32_gap_8,0.1214485168457031
23,11,qseq_8345587890d3c14f,length_32_gap_8,0.022942543029785101
23,11,qseq_46afeffe5dd0d89f,length_32_gap_8,-0.013390541076660101
23,11,qseq_b592f6abbb02f055,length_32_gap_8,-0.034607887268066399
23,11,qseq_3d813b4e2f642750,length_32_gap_8,0.054145812988281201
23,11,qseq_c3ccf9967efbcd30,length_32_gap_8,-0.046645164489745997
23,11,qseq_029bb1fad3e341b6,length_32_gap_8,0.0149168968200683
23,11,qseq_f0a1548c14cbff39,length_32_gap_8,0.030330181121826099
23,11,qseq_ce67b9d37322c254,length_32_gap_8,0.0812067985534667
23,11,qseq_1d5def43cbaaf204,length_32_gap_8,0.35827493667602528
23,11,qseq_ef053ee48a778a2d,length_32_gap_8,-0.0533795356750488
23,11,qseq_aad6bf2a44151808,length_32_gap_8,0.030124664306640601
23,11,qseq_8efc9f11c7cf051c,length_32_gap_8,0.29809951782226562
23,11,qseq_8e716ecd02e0f73a,length_32_gap_16,-0.0129613876342773
23,11,qseq_1595750272a9182b,length_32_gap_16,0.14479351043701169
23,11,qseq_bcb1e40d4e33a983,length_32_gap_16,0.0625
23,11,qseq_918b1e8c99f205fc,length_32_gap_16,-0.029508590698242101
23,11,qseq_9bcb64e386770afd,length_32_gap_16,-0.033506393432617097
23,11,qseq_f308f77da35e5150,length_32_gap_16,0.025691986083984299
23,11,qseq_3d452bb0ed05ae44,length_32_gap_16,0.050209045410156201
23,11,qseq_5e121f37966766e3,length_32_gap_16,-0.0018098354339599
23,11,qseq_7d05ec534f8e7970,length_32_gap_16,0.062021255493164
23,11,qseq_1a641e032f933a96,length_32_gap_16,0.049395322799682603
23,11,qseq_afb04c9fd38b4a73,length_32_gap_16,0.041832923889160101
23,11,qseq_0a7044add0a71938,length_32_gap_16,-0.086888790130615207
23,11,qseq_ad84a1c2bee1922b,length_32_gap_16,0.15033721923828119
23,11,qseq_0449b2f15993e9e3,length_32_gap_16,-0.0625
23,11,qseq_e239bfe29ce1339d,length_32_gap_16,0.18754243850707999
23,11,qseq_1c01b2c0b82e7c86,length_32_gap_16,0.032061576843261698
23,11,qseq_5a6f346a0090499e,length_32_gap_16,-0.035170555114745997
23,11,qseq_23e29e93fa14dc22,length_32_gap_16,0.26448440551757812
23,11,qseq_aed28d8945a5fd51,length_32_gap_16,0.1998796463012695
23,11,qseq_64af7706440b2eb6,length_32_gap_16,0.16372203826904291
23,11,qseq_9b65b35ce09e05fc,length_32_gap_16,0.065142631530761705
23,11,qseq_9966ff37eb81ef5e,length_32_gap_16,0.068310737609863198
23,11,qseq_2f710e8798ec9e71,length_32_gap_16,-0.042428970336914
23,11,qseq_11b039baed6684b4,length_32_gap_16,0.078191757202148396
23,11,qseq_60e817fc1eb4a770,length_32_gap_16,0.1718640327453613
23,11,qseq_704ee3aa78d74315,length_32_gap_16,0.0035996437072753
23,11,qseq_56aa2892fb9d4215,length_32_gap_16,-0.085350990295410101
23,11,qseq_cfd0f3fa73dabac6,length_32_gap_16,0.016191244125366201
23,11,qseq_4d8b8abbf9e82df2,length_32_gap_16,-0.006692886352539
23,11,qseq_dc290e31b0f7fee9,length_32_gap_16,0.046875
23,11,qseq_d59e491f27122012,length_32_gap_16,0.1063671112060546
23,11,qseq_0d1644fe34089dc5,length_32_gap_16,-0.038800239562988198
23,11,qseq_b0f1c882cbfc023b,length_32_gap_16,0.30812835693359369
23,11,qseq_ae326193ef533b6f,length_32_gap_16,-0.1029706001281738
23,11,qseq_b90113f916a4ef25,length_32_gap_16,0.071789741516113198
23,11,qseq_47db8e82e82ab9ab,length_32_gap_16,0.015690803527832
23,11,qseq_1bd1876170be1293,length_32_gap_16,0.036197662353515597
23,11,qseq_28a6625244b67550,length_32_gap_16,0.34562540054321278
23,11,qseq_0319d5aa3b7a2109,length_32_gap_16,-0.0143041610717773
23,11,qseq_b4281d845cf8791c,length_32_gap_16,0.093860149383544894
23,11,qseq_eb72d6b6095aa9bf,length_32_gap_16,-0.062092781066894497
23,11,qseq_2a530f25c94c88b0,length_32_gap_16,0.059782981872558497
23,11,qseq_b90ee294cda3f4ef,length_32_gap_16,0.0074992179870605
23,11,qseq_2194e53c28d8ac06,length_32_gap_16,-0.032267570495605399
23,11,qseq_cd35a5d7a5f5a555,length_32_gap_16,-0.040967941284179597
23,11,qseq_e3fd7e822923d545,length_32_gap_16,0.090755462646484306
23,11,qseq_3c1160a318793be3,length_32_gap_16,0.077984809875488198
23,11,qseq_a4167c2fe5df8c7f,length_32_gap_16,0.070123672485351493
23,11,qseq_fa6f788e8ca0ef62,length_32_gap_16,0.0030312538146972001
23,11,qseq_98487b25edb3051f,length_32_gap_16,0.009526252746582
23,11,qseq_1f823851ae16f13f,length_32_gap_16,0.43308925628662098
23,11,qseq_b190b48533f45a2c,length_32_gap_16,-0.031708717346191399
23,11,qseq_63d72c96ef626e2d,length_32_gap_16,-0.031284332275390597
23,11,qseq_a28e2ec155ecc582,length_32_gap_16,-0.017230033874511701
23,11,qseq_eb02fc157dd74784,length_32_gap_16,-0.0102310180664062
23,11,qseq_e887c4a51d9b260c,length_32_gap_16,0.20453166961669919
23,11,qseq_dee021939107fbde,length_32_gap_16,0.040102481842041002
23,11,qseq_affe6175ca94dda2,length_32_gap_16,0.2154364585876464
23,11,qseq_7be057ad143b9690,length_32_gap_16,-0.03125
23,11,qseq_24f5b4f7f640338f,length_32_gap_16,0.017773628234863201
23,11,qseq_43ebed208484255f,length_32_gap_16,0.031595706939697203
23,11,qseq_c613b96c7912d379,length_32_gap_16,-0.027454257011413501
23,11,qseq_7f5aade052d4177f,length_32_gap_16,0.1561436653137207
23,11,qseq_ee49c796752d8710,length_32_gap_16,0.13042688369750971
23,11,qseq_b3f568f628b46423,length_64_gap_8,-0.042756080627441399
23,11,qseq_2fb25780aa1dbffa,length_64_gap_8,0.1421442031860351
23,11,qseq_fd1170e3dcd5f55e,length_64_gap_8,-0.045677185058593701
23,11,qseq_24b25ead5a4620eb,length_64_gap_8,-0.0061278343200683004
23,11,qseq_4074ee710223309a,length_64_gap_8,0.0301308631896972
23,11,qseq_4279be38393632ff,length_64_gap_8,-0.054283618927001898
23,11,qseq_a128a3ad062f254f,length_64_gap_8,0.41767501831054682
23,11,qseq_40546941dd2db2c4,length_64_gap_8,0.1326904296875
23,11,qseq_bd1d709ea9de2442,length_64_gap_8,0.03125
23,11,qseq_0701dad0bea1f82c,length_64_gap_8,0.043553590774536098
23,11,qseq_1922d44b2343c70a,length_64_gap_8,-0.0086851119995116997
23,11,qseq_730ee300e88dbdc9,length_64_gap_8,0.1285033226013183
23,11,qseq_5b194ba92705c9b8,length_64_gap_8,0.017194747924804601
23,11,qseq_021ce8a6eb41287d,length_64_gap_8,0.046591758728027302
23,11,qseq_039bccf871e60190,length_64_gap_8,0.037260055541992097
23,11,qseq_c9895be6cd96e125,length_64_gap_8,0.032755851745605399
23,11,qseq_e517bd5620ecf760,length_64_gap_8,0.070141792297363198
23,11,qseq_05be70e9da000c21,length_64_gap_8,0.13214302062988281
23,11,qseq_9e0484c8cf5ddfc6,length_64_gap_8,0.024402618408203101
23,11,qseq_d8653dab52d91576,length_64_gap_8,0.0628857612609863
23,11,qseq_7c7ae2fc6a76be76,length_64_gap_8,-0.025918722152709898
23,11,qseq_eea059d57beab37f,length_64_gap_8,0.00084781646728509998
23,11,qseq_8fee472e774e69bb,length_64_gap_8,-0.0011167526245117001
23,11,qseq_6a6e891f0af35a46,length_64_gap_8,-0.075005531311035101
23,11,qseq_a6eb78d92d0c43ab,length_64_gap_8,0.0096397399902343004
23,11,qseq_4eb4bdf24b06d78c,length_64_gap_8,-0.015625
23,11,qseq_772ec14d440e73c4,length_64_gap_8,0.016776084899902299
23,11,qseq_c9795ce42618194e,length_64_gap_8,-0.0150368213653564
23,11,qseq_ad3d3bcb9795d514,length_64_gap_8,0.30383610725402832
23,11,qseq_1e356400a385b9c8,length_64_gap_8,0.011775016784667899
23,11,qseq_200c199e7437db70,length_64_gap_8,-0.0115251541137695
23,11,qseq_f93016a2d910f6d4,length_64_gap_8,-0.1091108322143554
23,11,qseq_b26f645287ad75c3,length_64_gap_8,0.025434494018554601
23,11,qseq_5dbd77e6301a4d88,length_64_gap_8,0.1485223770141601
23,11,qseq_1f519fea8800a91a,length_64_gap_8,-0.0625
23,11,qseq_c22690e962dda79a,length_64_gap_8,0.34599947929382319
23,11,qseq_aa1bf93acfa1394f,length_64_gap_8,0.17363667488098139
23,11,qseq_c7e2bf5dffccfdb4,length_64_gap_8,-0.055573463439941399
23,11,qseq_f0b7c35e28157360,length_64_gap_8,-0.0146968364715576
23,11,qseq_5b3541bc4ecd5520,length_64_gap_8,-0.061450958251953097
23,11,qseq_51105068c69885d2,length_64_gap_8,0.060764551162719699
23,11,qseq_1fa7df7dac6c2475,length_64_gap_8,0.0084891319274901997
23,11,qseq_1f17912f3d8f9da9,length_64_gap_8,-0.031177043914794901
23,11,qseq_492ddced5e4b2559,length_64_gap_8,0
23,11,qseq_131de4ffcd89e6e9,length_64_gap_8,0.21715784072875971
23,11,qseq_2eba76d2215c33b9,length_64_gap_8,-0.018937826156616201
23,11,qseq_a1c3fb56cf8462bb,length_64_gap_8,0.0127079486846923
23,11,qseq_dcd58d81cb05e28d,length_64_gap_8,0.23427748680114741
23,11,qseq_6715416239d80838,length_64_gap_8,0.0368595123291015
23,11,qseq_8d499f91b4526a3a,length_64_gap_8,0.057276725769042899
23,11,qseq_587220b2bc085b31,length_64_gap_8,-0.0468192100524902
23,11,qseq_69cc809df6a6f6c9,length_64_gap_8,-0.031383037567138602
23,11,qseq_b92aea251b1eff2b,length_64_gap_8,0.0465641021728515
23,11,qseq_4f51e954884cdf48,length_64_gap_8,-0.083210706710815402
23,11,qseq_fe9ddd894232689b,length_64_gap_8,-0.042367458343505797
23,11,qseq_c12d62810ba631af,length_64_gap_8,0.076162815093994099
23,11,qseq_5e9dad96f848721b,length_64_gap_8,-0.024433135986328101
23,11,qseq_32e4b0f9ec8b30ce,length_64_gap_8,0.019526481628417899
23,11,qseq_eab2e57f5041e3f9,length_64_gap_8,0.024258136749267498
23,11,qseq_845854475db5ae4a,length_64_gap_8,-0.015830516815185498
23,11,qseq_8688a95186e10f9c,length_64_gap_8,-0.029669761657714799
23,11,qseq_e8c2d067e77fc845,length_64_gap_8,0.0050940513610839002
23,11,qseq_c0d3d38e8bedac65,length_64_gap_8,0.1132402420043945
23,11,qseq_84ff4fbaaa20d8cc,length_64_gap_8,-0.040544509887695299
23,11,qseq_a0de254948a6e5bf,length_64_gap_16,-0.1011481285095214
23,11,qseq_b0e4d687f94733dc,length_64_gap_16,-0.011735200881957999
23,11,qseq_be52c9a76238a7d9,length_64_gap_16,-0.010231494903564399
23,11,qseq_f37fbd079a3b6bde,length_64_gap_16,-0.015784740447997998
23,11,qseq_ecccef08f74a0d62,length_64_gap_16,0.053987503051757799
23,11,qseq_3b5d281e4d3fc2c2,length_64_gap_16,0.032810211181640597
23,11,qseq_d1e08ad378e2d77d,length_64_gap_16,-0.0420801639556884
23,11,qseq_7e4b4a517eef4bbc,length_64_gap_16,-0.023487329483032199
23,11,qseq_8b91b6dc4c4ad5a7,length_64_gap_16,0.017331123352050701
23,11,qseq_61c50fa15c9aaf25,length_64_gap_16,-0.031412124633789
23,11,qseq_eb6a949eb0642356,length_64_gap_16,0.093146324157714802
23,11,qseq_ccbe5bac490d61b5,length_64_gap_16,0.042880058288574198
23,11,qseq_ae9e47b71d61c01f,length_64_gap_16,-0.028394222259521401
23,11,qseq_c423f0620a3bd358,length_64_gap_16,-0.0077848434448241997
23,11,qseq_b7edc17d7108c749,length_64_gap_16,0.094216346740722601
23,11,qseq_c0b98a93360f9565,length_64_gap_16,0.029139995574951099
23,11,qseq_b6de0520ecba0cb7,length_64_gap_16,0.093675136566162095
23,11,qseq_adc73ff9cfa008e2,length_64_gap_16,0.0351862907409667
23,11,qseq_2940a4d578561754,length_64_gap_16,0.077881336212158203
23,11,qseq_30994fe2dabf428d,length_64_gap_16,-0.0098333358764648004
23,11,qseq_949a4801d597a033,length_64_gap_16,0.0034546852111815999
23,11,qseq_c5b16a3541c1277e,length_64_gap_16,0.068865299224853502
23,11,qseq_9431506847fefb45,length_64_gap_16,-0.0084519386291503004
23,11,qseq_5c36d742824efa4b,length_64_gap_16,0.062962532043457003
23,11,qseq_05d8cddf3ea281a9,length_64_gap_16,0.01115083694458
23,11,qseq_f17674cc4392f3bf,length_64_gap_16,0.036039352416992097
23,11,qseq_382e6ced8b87a663,length_64_gap_16,-0.011607050895690901
23,11,qseq_fe5cd0e334e253c1,length_64_gap_16,0.026856422424316399
23,11,qseq_b417731b953269a4,length_64_gap_16,0.1401982307434082
23,11,qseq_450cbb29b12c67b7,length_64_gap_16,-0.047252655029296799
23,11,qseq_a30ec5f4c977bbc8,length_64_gap_16,0.0026571750640869002
23,11,qseq_f52fc5c697a8e7f5,length_64_gap_16,0.1226825714111328
23,11,qseq_396aff10bb95400f,length_64_gap_16,0.13253307342529291
23,11,qseq_82c1df8241dca3cf,length_64_gap_16,0.039275169372558497
23,11,qseq_204175b8e8f592ff,length_64_gap_16,-0.03125
23,11,qseq_b7054e022b918880,length_64_gap_16,-0.003237247467041
23,11,qseq_ba8a8e9d30f030c0,length_64_gap_16,0.1188611984252929
23,11,qseq_57bd27a9adf994ef,length_64_gap_16,0.025403976440429601
23,11,qseq_df9ba99fcdbb78f6,length_64_gap_16,0.0031166076660155998
23,11,qseq_c7f36be3fc9142a4,length_64_gap_16,-0.018892765045165998
23,11,qseq_bb25837841d78095,length_64_gap_16,0
23,11,qseq_89060805f114dcc8,length_64_gap_16,0.046313524246215799
23,11,qseq_cfce5ff0ec658964,length_64_gap_16,0.0018572807312011001
23,11,qseq_84f8cb3faeb6a744,length_64_gap_16,-0.047461509704589802
23,11,qseq_42c429c411c30673,length_64_gap_16,0.69440746307373036
23,11,qseq_1d8ea3a6efaf9fab,length_64_gap_16,-0.039134740829467697
23,11,qseq_a1e47f7cb49b58b7,length_64_gap_16,0.28101253509521479
23,11,qseq_75975c5fcfe56f9f,length_64_gap_16,0.28812694549560541
23,11,qseq_8a0db1772110a4a8,length_64_gap_16,0.017766952514648399
23,11,qseq_5f7ce90f26f794f5,length_64_gap_16,-0.0360007286071777
23,11,qseq_f2f94c41d471f1c4,length_64_gap_16,-0.076047420501708901
23,11,qseq_d57f36c4148c49c6,length_64_gap_16,0.03125
23,11,qseq_fdf96662daefa822,length_64_gap_16,0.032441139221191399
23,11,qseq_4b71f66c27222d97,length_64_gap_16,0.095974445343017495
23,11,qseq_a1e8b0d618f525ce,length_64_gap_16,-0.020613670349121
23,11,qseq_8597a5fd74382a82,length_64_gap_16,-0.041308403015136698
23,11,qseq_2317dd357fbf5323,length_64_gap_16,0.023194789886474599
23,11,qseq_44b93471651b7136,length_64_gap_16,-0.069122314453125
23,11,qseq_9936aeb4dac5517c,length_64_gap_16,-0.0093183517456053994
23,11,qseq_4118977d719f3b17,length_64_gap_16,-0.082456111907958901
23,11,qseq_622c80501e6559b9,length_64_gap_16,0.046979904174804597
23,11,qseq_995d48cc4618a5d7,length_64_gap_16,0.026101112365722601
23,11,qseq_2a1a4deb70ed1a8f,length_64_gap_16,-0.067246437072753906
23,11,qseq_d83a3e748cb0801e,length_64_gap_16,0.011458396911621
23,13,qseq_00cb1c1a51bbd477,length_32_gap_8,0.010112285614013601
23,13,qseq_fdb0d02eb17a3ad5,length_32_gap_8,0.13068580627441401
23,13,qseq_0fb480259789823d,length_32_gap_8,-0.099641323089599595
23,13,qseq_a2e6bd810032888a,length_32_gap_8,0.0028533935546875
23,13,qseq_5ce005c7be85e2b9,length_32_gap_8,-0.065908193588256794
23,13,qseq_9c1391f827e05414,length_32_gap_8,0.190556526184082
23,13,qseq_b5c59e25abaa4090,length_32_gap_8,0.0092573165893553994
23,13,qseq_9aa233d4f18630ef,length_32_gap_8,0.045946598052978502
23,13,qseq_36581fc0e870746a,length_32_gap_8,-0.0036325454711914002
23,13,qseq_f1250fa423e1545e,length_32_gap_8,0.27084970474243159
23,13,qseq_82e41c38cbe9078a,length_32_gap_8,0.059232234954833901
23,13,qseq_d0b29249fa160784,length_32_gap_8,0.0116853713989257
23,13,qseq_05f13a28471ab531,length_32_gap_8,0.16798067092895499
23,13,qseq_f1b36b9fae18111b,length_32_gap_8,-0.055916786193847601
23,13,qseq_83e6b8683b1256b2,length_32_gap_8,0.28132247924804682
23,13,qseq_67044cfad9f21ecb,length_32_gap_8,0.2184376716613769
23,13,qseq_70ea623170fa926c,length_32_gap_8,0.13835000991821281
23,13,qseq_5b73de916863d399,length_32_gap_8,0.1629638671875
23,13,qseq_db732a487a875289,length_32_gap_8,-0.015899658203125
23,13,qseq_fd7563a3a3cec767,length_32_gap_8,-0.058320045471191399
23,13,qseq_d6183e1df454b220,length_32_gap_8,-0.28670501708984369
23,13,qseq_1355795077be0f50,length_32_gap_8,-0.1093721389770507
23,13,qseq_8b0497deeb8bcaef,length_32_gap_8,-0.022301673889160101
23,13,qseq_1fb3a17d5dccef31,length_32_gap_8,0.046745300292968701
23,13,qseq_a17078d2a6b4b999,length_32_gap_8,-0.011424064636230399
23,13,qseq_9e89898b6bb8b44e,length_32_gap_8,0.036026954650878899
23,13,qseq_52f1b1128f7f8827,length_32_gap_8,0.0939373970031738
23,13,qseq_d4bff5080bd4daa2,length_32_gap_8,0.1802606582641601
23,13,qseq_bc537eed9a30ad79,length_32_gap_8,0.078125
23,13,qseq_4e294cfbb31deac6,length_32_gap_8,-0.045460700988769497
23,13,qseq_a9426dae73873222,length_32_gap_8,-0.023773431777954102
23,13,qseq_84c7ecb2a5f6fb74,length_32_gap_8,-0.024829626083373999
23,13,qseq_2232308bba387df3,length_32_gap_8,0.16331052780151359
23,13,qseq_c651ff600b8839df,length_32_gap_8,-0.051556587219238198
23,13,qseq_bdd4291ac8449310,length_32_gap_8,-0.0184011459350585
23,13,qseq_eee8756396fe6af2,length_32_gap_8,-0.0062179565429686997
23,13,qseq_d27c4368416fdc93,length_32_gap_8,0.2061243057250976
23,13,qseq_1bc3d720581f5d2b,length_32_gap_8,0.015682697296142498
23,13,qseq_d1b8220e931c7fd7,length_32_gap_8,-0.072274208068847601
23,13,qseq_f3612a27015ba1ca,length_32_gap_8,0.36765956878662098
23,13,qseq_983999860e3f68fa,length_32_gap_8,0.1269233226776123
23,13,qseq_3cc6488c0780e435,length_32_gap_8,-0.0034518241882324002
23,13,qseq_896e75303fd36619,length_32_gap_8,0.11471652984619141
23,13,qseq_bb44694bf88faab7,length_32_gap_8,0.0469098091125488
23,13,qseq_676b73120ca2a061,length_32_gap_8,0.079474449157714802
23,13,qseq_03289c2c4536e699,length_32_gap_8,0.2184839248657226
23,13,qseq_62632b972840b049,length_32_gap_8,0.038546562194824198
23,13,qseq_f5d56d42459ee9bc,length_32_gap_8,-0.0239462852478027
23,13,qseq_32bc0ad658c10a1c,length_32_gap_8,0.13565349578857419
23,13,qseq_4da58de5cf93ae4a,length_32_gap_8,0.1113977432250976
23,13,qseq_5e6685ba720055c7,length_32_gap_8,-0.037838935852050698
23,13,qseq_2cfb75f54306c844,length_32_gap_8,0.188115119934082
23,13,qseq_8345587890d3c14f,length_32_gap_8,0.083137512207031194
23,13,qseq_46afeffe5dd0d89f,length_32_gap_8,0.0697169303894042
23,13,qseq_b592f6abbb02f055,length_32_gap_8,-0.013792037963867101
23,13,qseq_3d813b4e2f642750,length_32_gap_8,0.058746337890625
23,13,qseq_c3ccf9967efbcd30,length_32_gap_8,0.046360015869140597
23,13,qseq_029bb1fad3e341b6,length_32_gap_8,-0.0297393798828125
23,13,qseq_f0a1548c14cbff39,length_32_gap_8,0.017677783966064401
23,13,qseq_ce67b9d37322c254,length_32_gap_8,0.0035238265991210001
23,13,qseq_1d5def43cbaaf204,length_32_gap_8,0.29627561569213862
23,13,qseq_ef053ee48a778a2d,length_32_gap_8,0.1298060417175293
23,13,qseq_aad6bf2a44151808,length_32_gap_8,0.0018424987792968
23,13,qseq_8efc9f11c7cf051c,length_32_gap_8,0.1168127059936523
23,13,qseq_8e716ecd02e0f73a,length_32_gap_16,0.034762382507324198
23,13,qseq_1595750272a9182b,length_32_gap_16,0.1135435104370117
23,13,qseq_bcb1e40d4e33a983,length_32_gap_16,0.0111961364746093
23,13,qseq_918b1e8c99f205fc,length_32_gap_16,0.055417060852050698
23,13,qseq_9bcb64e386770afd,length_32_gap_16,-0.11734104156494141
23,13,qseq_f308f77da35e5150,length_32_gap_16,0.10503339767456051
23,13,qseq_3d452bb0ed05ae44,length_32_gap_16,0.090345382690429604
23,13,qseq_5e121f37966766e3,length_32_gap_16,0.081085681915283203
23,13,qseq_7d05ec534f8e7970,length_32_gap_16,0.019144058227539
23,13,qseq_1a641e032f933a96,length_32_gap_16,-0.015061855316162101
23,13,qseq_afb04c9fd38b4a73,length_32_gap_16,0.089036941528320299
23,13,qseq_0a7044add0a71938,length_32_gap_16,-0.024686813354492101
23,13,qseq_ad84a1c2bee1922b,length_32_gap_16,-0.089769363403320299
23,13,qseq_0449b2f15993e9e3,length_32_gap_16,0.13761138916015619
23,13,qseq_e239bfe29ce1339d,length_32_gap_16,-0.078060626983642495
23,13,qseq_1c01b2c0b82e7c86,length_32_gap_16,0.033979415893554597
23,13,qseq_5a6f346a0090499e,length_32_gap_16,-0.099526405334472601
23,13,qseq_23e29e93fa14dc22,length_32_gap_16,0.1127729415893554
23,13,qseq_aed28d8945a5fd51,length_32_gap_16,0.16049385070800781
23,13,qseq_64af7706440b2eb6,length_32_gap_16,0.35547542572021479
23,13,qseq_9b65b35ce09e05fc,length_32_gap_16,0
23,13,qseq_9966ff37eb81ef5e,length_32_gap_16,0.17495632171630851
23,13,qseq_2f710e8798ec9e71,length_32_gap_16,-0.055390357971191399
23,13,qseq_11b039baed6684b4,length_32_gap_16,0.47898769378662098
23,13,qseq_60e817fc1eb4a770,length_32_gap_16,0.015592098236083899
23,13,qseq_704ee3aa78d74315,length_32_gap_16,0.063117027282714802
23,13,qseq_56aa2892fb9d4215,length_32_gap_16,-0.038475990295410101
23,13,qseq_cfd0f3fa73dabac6,length_32_gap_16,-0.00075006484985350001
23,13,qseq_4d8b8abbf9e82df2,length_32_gap_16,0.142430305480957
23,13,qseq_dc290e31b0f7fee9,length_32_gap_16,0.1693048477172851
23,13,qseq_d59e491f27122012,length_32_gap_16,0.2160468101501464
23,13,qseq_0d1644fe34089dc5,length_32_gap_16,0.055494308471679597
23,13,qseq_b0f1c882cbfc023b,length_32_gap_16,0.038012504577636698
23,13,qseq_ae326193ef533b6f,length_32_gap_16,-0.083014488220214802
23,13,qseq_b90113f916a4ef25,length_32_gap_16,0.040539741516113198
23,13,qseq_47db8e82e82ab9ab,length_32_gap_16,-0.0029177665710449002
23,13,qseq_1bd1876170be1293,length_32_gap_16,0.071493148803710896
23,13,qseq_28a6625244b67550,length_32_gap_16,0.1157076358795166
23,13,qseq_0319d5aa3b7a2109,length_32_gap_16,0.071559429168701102
23,13,qseq_b4281d845cf8791c,length_32_gap_16,0.062722206115722601
23,13,qseq_eb72d6b6095aa9bf,length_32_gap_16,0.031520366668701102
23,13,qseq_2a530f25c94c88b0,length_32_gap_16,0.090785026550292899
23,13,qseq_b90ee294cda3f4ef,length_32_gap_16,0.09375
23,13,qseq_2194e53c28d8ac06,length_32_gap_16,-0.0013232231140136001
23,13,qseq_cd35a5d7a5f5a555,length_32_gap_16,0.015625
23,13,qseq_e3fd7e822923d545,length_32_gap_16,0.0603537559509277
23,13,qseq_3c1160a318793be3,length_32_gap_16,0.36456775665283198
23,13,qseq_a4167c2fe5df8c7f,length_32_gap_16,0.21493721008300781
23,13,qseq_fa6f788e8ca0ef62,length_32_gap_16,0.067115783691406194
23,13,qseq_98487b25edb3051f,length_32_gap_16,0.048073291778564398
23,13,qseq_1f823851ae16f13f,length_32_gap_16,0.43330192565917958
23,13,qseq_b190b48533f45a2c,length_32_gap_16,0.093403816223144503
23,13,qseq_63d72c96ef626e2d,length_32_gap_16,-0.020472526550292899
23,13,qseq_a28e2ec155ecc582,length_32_gap_16,0.14358711242675781
23,13,qseq_eb02fc157dd74784,length_32_gap_16,0.068026542663574205
23,13,qseq_e887c4a51d9b260c,length_32_gap_16,0.38948631286621088
23,13,qseq_dee021939107fbde,length_32_gap_16,0.061761379241943297
23,13,qseq_affe6175ca94dda2,length_32_gap_16,0.093067169189453097
23,13,qseq_7be057ad143b9690,length_32_gap_16,0.056706428527831997
23,13,qseq_24f5b4f7f640338f,length_32_gap_16,0.1207876205444335
23,13,qseq_43ebed208484255f,length_32_gap_16,0.1251721382141113
23,13,qseq_c613b96c7912d379,length_32_gap_16,0.017233371734619099
23,13,qseq_7f5aade052d4177f,length_32_gap_16,0.18743515014648429
23,13,qseq_ee49c796752d8710,length_32_gap_16,0.219970703125
23,13,qseq_b3f568f628b46423,length_64_gap_8,0.039217472076416002
23,13,qseq_2fb25780aa1dbffa,length_64_gap_8,0.092296600341796806
23,13,qseq_fd1170e3dcd5f55e,length_64_gap_8,0.062946319580078097
23,13,qseq_24b25ead5a4620eb,length_64_gap_8,0.018685340881347601
23,13,qseq_4074ee710223309a,length_64_gap_8,-0.030673980712890601
23,13,qseq_4279be38393632ff,length_64_gap_8,-0.015408992767333899
23,13,qseq_a128a3ad062f254f,length_64_gap_8,0.1878058910369873
23,13,qseq_40546941dd2db2c4,length_64_gap_8,0.024078369140625
23,13,qseq_bd1d709ea9de2442,length_64_gap_8,0.045731782913208001
23,13,qseq_0701dad0bea1f82c,length_64_gap_8,0.1135182380676269
23,13,qseq_1922d44b2343c70a,length_64_gap_8,0.1972661018371582
23,13,qseq_730ee300e88dbdc9,length_64_gap_8,0.23961567878723139
23,13,qseq_5b194ba92705c9b8,length_64_gap_8,0.0220379829406738
23,13,qseq_021ce8a6eb41287d,length_64_gap_8,0.016057968139648399
23,13,qseq_039bccf871e60190,length_64_gap_8,-0.0087459087371825998
23,13,qseq_c9895be6cd96e125,length_64_gap_8,0.040568351745605399
23,13,qseq_e517bd5620ecf760,length_64_gap_8,0.040972709655761698
23,13,qseq_05be70e9da000c21,length_64_gap_8,0.1174688339233398
23,13,qseq_9e0484c8cf5ddfc6,length_64_gap_8,0.062881946563720703
23,13,qseq_d8653dab52d91576,length_64_gap_8,-0.076152801513671806
23,13,qseq_7c7ae2fc6a76be76,length_64_gap_8,-0.0035009384155272999
23,13,qseq_eea059d57beab37f,length_64_gap_8,0.022479057312011701
23,13,qseq_8fee472e774e69bb,length_64_gap_8,0.013629436492919899
23,13,qseq_6a6e891f0af35a46,length_64_gap_8,-0.041423797607421799
23,13,qseq_a6eb78d92d0c43ab,length_64_gap_8,0.13846588134765619
23,13,qseq_4eb4bdf24b06d78c,length_64_gap_8,-0.070975303649902302
23,13,qseq_772ec14d440e73c4,length_64_gap_8,0.040680885314941399
23,13,qseq_c9795ce42618194e,length_64_gap_8,-0.029620885848998999
23,13,qseq_ad3d3bcb9795d514,length_64_gap_8,0.41111648082733149
23,13,qseq_1e356400a385b9c8,length_64_gap_8,-0.0078125
23,13,qseq_200c199e7437db70,length_64_gap_8,0.044610023498535101
23,13,qseq_f93016a2d910f6d4,length_64_gap_8,0.0005321502685546
23,13,qseq_b26f645287ad75c3,length_64_gap_8,0.0076489448547363004
23,13,qseq_5dbd77e6301a4d88,length_64_gap_8,0.023592948913574201
23,13,qseq_1f519fea8800a91a,length_64_gap_8,0.0052442550659179002
23,13,qseq_c22690e962dda79a,length_64_gap_8,0.2591557502746582
23,13,qseq_aa1bf93acfa1394f,length_64_gap_8,0.37676167488098139
23,13,qseq_c7e2bf5dffccfdb4,length_64_gap_8,-0.099918365478515597
23,13,qseq_f0b7c35e28157360,length_64_gap_8,0.15175485610961911
23,13,qseq_5b3541bc4ecd5520,length_64_gap_8,0.051374435424804597
23,13,qseq_51105068c69885d2,length_64_gap_8,0.21720480918884269
23,13,qseq_1fa7df7dac6c2475,length_64_gap_8,-0.040859699249267502
23,13,qseq_1f17912f3d8f9da9,length_64_gap_8,0.093707084655761705
23,13,qseq_492ddced5e4b2559,length_64_gap_8,0.086778163909912095
23,13,qseq_131de4ffcd89e6e9,length_64_gap_8,0.14294767379760739
23,13,qseq_2eba76d2215c33b9,length_64_gap_8,-0.037863969802856397
23,13,qseq_a1c3fb56cf8462bb,length_64_gap_8,-0.088854551315307603
23,13,qseq_dcd58d81cb05e28d,length_64_gap_8,0.28059816360473627
23,13,qseq_6715416239d80838,length_64_gap_8,0.010236263275146399
23,13,qseq_8d499f91b4526a3a,length_64_gap_8,0.091313362121582003
23,13,qseq_587220b2bc085b31,length_64_gap_8,0.042376518249511698
23,13,qseq_69cc809df6a6f6c9,length_64_gap_8,0.098788261413574205
23,13,qseq_b92aea251b1eff2b,length_64_gap_8,-0.015310287475585899
23,13,qseq_4f51e954884cdf48,length_64_gap_8,0.023046493530273399
23,13,qseq_fe9ddd894232689b,length_64_gap_8,0.0117766857147216
23,13,qseq_c12d62810ba631af,length_64_gap_8,0.028327941894531201
23,13,qseq_5e9dad96f848721b,length_64_gap_8,0.1147255897521972
23,13,qseq_32e4b0f9ec8b30ce,length_64_gap_8,0.1879053115844726
23,13,qseq_eab2e57f5041e3f9,length_64_gap_8,0.071133136749267495
23,13,qseq_845854475db5ae4a,length_64_gap_8,0.093078851699829102
23,13,qseq_8688a95186e10f9c,length_64_gap_8,-0.081196784973144503
23,13,qseq_e8c2d067e77fc845,length_64_gap_8,0.0222284793853759
23,13,qseq_c0d3d38e8bedac65,length_64_gap_8,0.12058258056640619
23,13,qseq_84ff4fbaaa20d8cc,length_64_gap_8,0.030159950256347601
23,13,qseq_a0de254948a6e5bf,length_64_gap_16,-0.0817103385925292
23,13,qseq_b0e4d687f94733dc,length_64_gap_16,0.019351243972778299
23,13,qseq_be52c9a76238a7d9,length_64_gap_16,-0.017130851745605399
23,13,qseq_f37fbd079a3b6bde,length_64_gap_16,0.016711711883544901
23,13,qseq_ecccef08f74a0d62,length_64_gap_16,0.24877595901489249
23,13,qseq_3b5d281e4d3fc2c2,length_64_gap_16,0.027025222778320299
23,13,qseq_d1e08ad378e2d77d,length_64_gap_16,-0.043694734573364202
23,13,qseq_7e4b4a517eef4bbc,length_64_gap_16,0.24362516403198239
23,13,qseq_8b91b6dc4c4ad5a7,length_64_gap_16,0.047721862792968701
23,13,qseq_61c50fa15c9aaf25,length_64_gap_16,0.15616893768310541
23,13,qseq_eb6a949eb0642356,length_64_gap_16,0.0352005958557128
23,13,qseq_ccbe5bac490d61b5,length_64_gap_16,0.14835548400878901
23,13,qseq_ae9e47b71d61c01f,length_64_gap_16,-0.092332363128662095
23,13,qseq_c423f0620a3bd358,length_64_gap_16,-0.0384953022003173
23,13,qseq_b7edc17d7108c749,length_64_gap_16,0.0023279190063475999
23,13,qseq_c0b98a93360f9565,length_64_gap_16,0.13586521148681641
23,13,qseq_b6de0520ecba0cb7,length_64_gap_16,0.1875762939453125
23,13,qseq_adc73ff9cfa008e2,length_64_gap_16,0.019578933715820299
23,13,qseq_2940a4d578561754,length_64_gap_16,0.1421055793762207
23,13,qseq_30994fe2dabf428d,length_64_gap_16,-0.0128469467163085
23,13,qseq_949a4801d597a033,length_64_gap_16,0.0864253044128417
23,13,qseq_c5b16a3541c1277e,length_64_gap_16,0.28793716430664062
23,13,qseq_9431506847fefb45,length_64_gap_16,0.0014605522155761001
23,13,qseq_5c36d742824efa4b,length_64_gap_16,0.10833168029785149
23,13,qseq_05d8cddf3ea281a9,length_64_gap_16,-0.041388511657714802
23,13,qseq_f17674cc4392f3bf,length_64_gap_16,0.6992955207824707
23,13,qseq_382e6ced8b87a663,length_64_gap_16,0.089969992637634194
23,13,qseq_fe5cd0e334e253c1,length_64_gap_16,-0.049058437347412102
23,13,qseq_b417731b953269a4,length_64_gap_16,0.042351245880126898
23,13,qseq_450cbb29b12c67b7,length_64_gap_16,0.0137529373168945
23,13,qseq_a30ec5f4c977bbc8,length_64_gap_16,0.025910854339599599
23,13,qseq_f52fc5c697a8e7f5,length_64_gap_16,0.14489364624023429
23,13,qseq_396aff10bb95400f,length_64_gap_16,-0.023716926574707
23,13,qseq_82c1df8241dca3cf,length_64_gap_16,0.07855224609375
23,13,qseq_204175b8e8f592ff,length_64_gap_16,0.0152153968811035
23,13,qseq_b7054e022b918880,length_64_gap_16,-0.011783599853515601
23,13,qseq_ba8a8e9d30f030c0,length_64_gap_16,0.1175684928894043
23,13,qseq_57bd27a9adf994ef,length_64_gap_16,0.14638102054595939
23,13,qseq_df9ba99fcdbb78f6,length_64_gap_16,0.0062355995178221997
23,13,qseq_c7f36be3fc9142a4,length_64_gap_16,0.039485454559326102
23,13,qseq_bb25837841d78095,length_64_gap_16,0.0467581748962402
23,13,qseq_89060805f114dcc8,length_64_gap_16,0.015990018844604399
23,13,qseq_cfce5ff0ec658964,length_64_gap_16,-0.0015544891357420999
23,13,qseq_84f8cb3faeb6a744,length_64_gap_16,0.1229543685913085
23,13,qseq_42c429c411c30673,length_64_gap_16,0.48906469345092768
23,13,qseq_1d8ea3a6efaf9fab,length_64_gap_16,-0.023529767990112301
23,13,qseq_a1e47f7cb49b58b7,length_64_gap_16,1.0197410583496094
23,13,qseq_75975c5fcfe56f9f,length_64_gap_16,-0.030539512634277299
23,13,qseq_8a0db1772110a4a8,length_64_gap_16,0.015625
23,13,qseq_5f7ce90f26f794f5,length_64_gap_16,-0.067250728607177707
23,13,qseq_f2f94c41d471f1c4,length_64_gap_16,0.0703125
23,13,qseq_d57f36c4148c49c6,length_64_gap_16,0.0088963508605956997
23,13,qseq_fdf96662daefa822,length_64_gap_16,0.098520278930663993
23,13,qseq_4b71f66c27222d97,length_64_gap_16,0.036535263061523403
23,13,qseq_a1e8b0d618f525ce,length_64_gap_16,0.076542854309082003
23,13,qseq_8597a5fd74382a82,length_64_gap_16,-0.089591026306152302
23,13,qseq_2317dd357fbf5323,length_64_gap_16,-0.0236802101135253
23,13,qseq_44b93471651b7136,length_64_gap_16,0.3168416023254394
23,13,qseq_9936aeb4dac5517c,length_64_gap_16,0.088387012481689398
23,13,qseq_4118977d719f3b17,length_64_gap_16,0.043335914611816399
23,13,qseq_622c80501e6559b9,length_64_gap_16,0.054872989654541002
23,13,qseq_995d48cc4618a5d7,length_64_gap_16,0.023083209991454998
23,13,qseq_2a1a4deb70ed1a8f,length_64_gap_16,0.0069723129272460001
23,13,qseq_d83a3e748cb0801e,length_64_gap_16,0.013233184814453101
20,8,qseq_00cb1c1a51bbd477,length_32_gap_8,0.025474548339843701
20,8,qseq_fdb0d02eb17a3ad5,length_32_gap_8,-0.0018644332885742001
20,8,qseq_0fb480259789823d,length_32_gap_8,-0.077880859375
20,8,qseq_a2e6bd810032888a,length_32_gap_8,0.0348191261291503
20,8,qseq_5ce005c7be85e2b9,length_32_gap_8,0.22929668426513669
20,8,qseq_9c1391f827e05414,length_32_gap_8,-0.048796653747558497
20,8,qseq_b5c59e25abaa4090,length_32_gap_8,-0.061689138412475503
20,8,qseq_9aa233d4f18630ef,length_32_gap_8,-0.1132287979125976
20,8,qseq_36581fc0e870746a,length_32_gap_8,-0.0054244995117186997
20,8,qseq_f1250fa423e1545e,length_32_gap_8,0.1006016731262207
20,8,qseq_82e41c38cbe9078a,length_32_gap_8,-0.14344453811645499
20,8,qseq_d0b29249fa160784,length_32_gap_8,-0.093922615051269503
20,8,qseq_05f13a28471ab531,length_32_gap_8,0.12391757965087891
20,8,qseq_f1b36b9fae18111b,length_32_gap_8,0.1151866912841796
20,8,qseq_83e6b8683b1256b2,length_32_gap_8,0.0031213760375975999
20,8,qseq_67044cfad9f21ecb,length_32_gap_8,-0.0310769081115722
20,8,qseq_70ea623170fa926c,length_32_gap_8,-0.0470166206359863
20,8,qseq_5b73de916863d399,length_32_gap_8,-0.16717147827148429
20,8,qseq_db732a487a875289,length_32_gap_8,-0.077520370483398396
20,8,qseq_fd7563a3a3cec767,length_32_gap_8,0.1124639511108398
20,8,qseq_d6183e1df454b220,length_32_gap_8,0.056247711181640597
20,8,qseq_1355795077be0f50,length_32_gap_8,0.4687275886535644
20,8,qseq_8b0497deeb8bcaef,length_32_gap_8,-0.4148797988891601
20,8,qseq_1fb3a17d5dccef31,length_32_gap_8,0.095252990722656194
20,8,qseq_a17078d2a6b4b999,length_32_gap_8,0.0193219184875488
20,8,qseq_9e89898b6bb8b44e,length_32_gap_8,0.17834091186523429
20,8,qseq_52f1b1128f7f8827,length_32_gap_8,0.18724632263183591
20,8,qseq_d4bff5080bd4daa2,length_32_gap_8,0.020864486694335899
20,8,qseq_bc537eed9a30ad79,length_32_gap_8,0.12535285949707031
20,8,qseq_4e294cfbb31deac6,length_32_gap_8,0.096677303314208901
20,8,qseq_a9426dae73873222,length_32_gap_8,0.0086052417755125999
20,8,qseq_84c7ecb2a5f6fb74,length_32_gap_8,0.061663627624511698
20,8,qseq_2232308bba387df3,length_32_gap_8,-0.1709785461425781
20,8,qseq_c651ff600b8839df,length_32_gap_8,0.25672817230224598
20,8,qseq_bdd4291ac8449310,length_32_gap_8,0.1460657119750976
20,8,qseq_eee8756396fe6af2,length_32_gap_8,0.022260665893554601
20,8,qseq_d27c4368416fdc93,length_32_gap_8,0.073781013488769503
20,8,qseq_1bc3d720581f5d2b,length_32_gap_8,0.078498363494873005
20,8,qseq_d1b8220e931c7fd7,length_32_gap_8,0.311370849609375
20,8,qseq_f3612a27015ba1ca,length_32_gap_8,0.032097816467285101
20,8,qseq_983999860e3f68fa,length_32_gap_8,-0.12601709365844721
20,8,qseq_3cc6488c0780e435,length_32_gap_8,-0.055396080017089802
20,8,qseq_896e75303fd36619,length_32_gap_8,0.017193794250488201
20,8,qseq_bb44694bf88faab7,length_32_gap_8,-0.0938153266906738
20,8,qseq_676b73120ca2a061,length_32_gap_8,-0.0146760940551757
20,8,qseq_03289c2c4536e699,length_32_gap_8,0.03125
20,8,qseq_62632b972840b049,length_32_gap_8,-0.059152603149414
20,8,qseq_f5d56d42459ee9bc,length_32_gap_8,0
20,8,qseq_32bc0ad658c10a1c,length_32_gap_8,0.085506439208984306
20,8,qseq_4da58de5cf93ae4a,length_32_gap_8,-0.056246757507324198
20,8,qseq_5e6685ba720055c7,length_32_gap_8,0.046537399291992097
20,8,qseq_2cfb75f54306c844,length_32_gap_8,0.2445354461669921
20,8,qseq_8345587890d3c14f,length_32_gap_8,0.073334693908691406
20,8,qseq_46afeffe5dd0d89f,length_32_gap_8,-0.052735328674316399
20,8,qseq_b592f6abbb02f055,length_32_gap_8,-0.067770004272460896
20,8,qseq_3d813b4e2f642750,length_32_gap_8,-0.1006946563720703
20,8,qseq_c3ccf9967efbcd30,length_32_gap_8,0.23643779754638669
20,8,qseq_029bb1fad3e341b6,length_32_gap_8,0.14252424240112299
20,8,qseq_f0a1548c14cbff39,length_32_gap_8,0.0403437614440917
20,8,qseq_ce67b9d37322c254,length_32_gap_8,-0.0013923645019531001
20,8,qseq_1d5def43cbaaf204,length_32_gap_8,-0.014560222625732399
20,8,qseq_ef053ee48a778a2d,length_32_gap_8,-0.11982822418212891
20,8,qseq_aad6bf2a44151808,length_32_gap_8,0.2059869766235351
20,8,qseq_8efc9f11c7cf051c,length_32_gap_8,0.13884925842285151
20,8,qseq_8e716ecd02e0f73a,length_32_gap_16,-0.019330978393554601
20,8,qseq_1595750272a9182b,length_32_gap_16,0.042933464050292899
20,8,qseq_bcb1e40d4e33a983,length_32_gap_16,0.12755393981933591
20,8,qseq_918b1e8c99f205fc,length_32_gap_16,0.099397659301757799
20,8,qseq_9bcb64e386770afd,length_32_gap_16,0.033810615539550698
20,8,qseq_f308f77da35e5150,length_32_gap_16,0.056941986083984299
20,8,qseq_3d452bb0ed05ae44,length_32_gap_16,0.0608484745025634
20,8,qseq_5e121f37966766e3,length_32_gap_16,0.079050302505493095
20,8,qseq_7d05ec534f8e7970,length_32_gap_16,0.14170742034912101
20,8,qseq_1a641e032f933a96,length_32_gap_16,0.051652669906616197
20,8,qseq_afb04c9fd38b4a73,length_32_gap_16,0.18482398986816401
20,8,qseq_0a7044add0a71938,length_32_gap_16,0.23342370986938471
20,8,qseq_ad84a1c2bee1922b,length_32_gap_16,0.0013399124145506999
20,8,qseq_0449b2f15993e9e3,length_32_gap_16,-0.1437816619873046
20,8,qseq_e239bfe29ce1339d,length_32_gap_16,-0.26558256149291992
20,8,qseq_1c01b2c0b82e7c86,length_32_gap_16,0.0288686752319335
20,8,qseq_5a6f346a0090499e,length_32_gap_16,-0.075168609619140597
20,8,qseq_23e29e93fa14dc22,length_32_gap_16,0.025505065917968701
20,8,qseq_aed28d8945a5fd51,length_32_gap_16,0.030172348022460899
20,8,qseq_64af7706440b2eb6,length_32_gap_16,0.16372203826904291
20,8,qseq_9b65b35ce09e05fc,length_32_gap_16,0.18361568450927729
20,8,qseq_9966ff37eb81ef5e,length_32_gap_16,0.066310882568359306
20,8,qseq_2f710e8798ec9e71,length_32_gap_16,0.032485008239745997
20,8,qseq_11b039baed6684b4,length_32_gap_16,0.143707275390625
20,8,qseq_60e817fc1eb4a770,length_32_gap_16,-0.015657901763915998
20,8,qseq_704ee3aa78d74315,length_32_gap_16,0.074723720550537095
20,8,qseq_56aa2892fb9d4215,length_32_gap_16,0.2667088508605957
20,8,qseq_cfd0f3fa73dabac6,length_32_gap_16,-0.063436985015869099
20,8,qseq_4d8b8abbf9e82df2,length_32_gap_16,0.002054214477539
20,8,qseq_dc290e31b0f7fee9,length_32_gap_16,0.34054374694824208
20,8,qseq_d59e491f27122012,length_32_gap_16,-0.022552490234375
20,8,qseq_0d1644fe34089dc5,length_32_gap_16,0.070055961608886705
20,8,qseq_b0f1c882cbfc023b,length_32_gap_16,0.078125
20,8,qseq_ae326193ef533b6f,length_32_gap_16,0.14028453826904291
20,8,qseq_b90113f916a4ef25,length_32_gap_16,-0.102980613708496
20,8,qseq_47db8e82e82ab9ab,length_32_gap_16,-0.049857616424560498
20,8,qseq_1bd1876170be1293,length_32_gap_16,-0.022256851196289
20,8,qseq_28a6625244b67550,length_32_gap_16,0.2059412002563476
20,8,qseq_0319d5aa3b7a2109,length_32_gap_16,0.0457663536071777
20,8,qseq_b4281d845cf8791c,length_32_gap_16,0.030523300170898399
20,8,qseq_eb72d6b6095aa9bf,length_32_gap_16,-0.031647682189941399
20,8,qseq_2a530f25c94c88b0,length_32_gap_16,0.0144338607788085
20,8,qseq_b90ee294cda3f4ef,length_32_gap_16,0.036872386932372998
20,8,qseq_2194e53c28d8ac06,length_32_gap_16,0.37580490112304682
20,8,qseq_cd35a5d7a5f5a555,length_32_gap_16,0.019659996032714799
20,8,qseq_e3fd7e822923d545,length_32_gap_16,-0.035549640655517502
20,8,qseq_3c1160a318793be3,length_32_gap_16,-0.078335762023925698
20,8,qseq_a4167c2fe5df8c7f,length_32_gap_16,0.037423133850097601
20,8,qseq_fa6f788e8ca0ef62,length_32_gap_16,0.019840240478515601
20,8,qseq_98487b25edb3051f,length_32_gap_16,-0.088848114013671806
20,8,qseq_1f823851ae16f13f,length_32_gap_16,0.0023021697998045999
20,8,qseq_b190b48533f45a2c,length_32_gap_16,0.031094551086425701
20,8,qseq_63d72c96ef626e2d,length_32_gap_16,-0.019846916198730399
20,8,qseq_a28e2ec155ecc582,length_32_gap_16,0.076086044311523396
20,8,qseq_eb02fc157dd74784,length_32_gap_16,0.025337219238281201
20,8,qseq_e887c4a51d9b260c,length_32_gap_16,-0.32415294647216791
20,8,qseq_dee021939107fbde,length_32_gap_16,-0.074260711669921806
20,8,qseq_affe6175ca94dda2,length_32_gap_16,-0.040489673614501898
20,8,qseq_7be057ad143b9690,length_32_gap_16,0
20,8,qseq_24f5b4f7f640338f,length_32_gap_16,0.1479387283325195
20,8,qseq_43ebed208484255f,length_32_gap_16,-0.029468059539794901
20,8,qseq_c613b96c7912d379,length_32_gap_16,-0.0041022300720214002
20,8,qseq_7f5aade052d4177f,length_32_gap_16,-0.062182426452636698
20,8,qseq_ee49c796752d8710,length_32_gap_16,0.13400125503540031
20,8,qseq_b3f568f628b46423,length_64_gap_8,0.0277457237243652
20,8,qseq_2fb25780aa1dbffa,length_64_gap_8,-0.093812942504882799
20,8,qseq_fd1170e3dcd5f55e,length_64_gap_8,0.00076770782470700002
20,8,qseq_24b25ead5a4620eb,length_64_gap_8,0.039578914642333901
20,8,qseq_4074ee710223309a,length_64_gap_8,-0.029002666473388599
20,8,qseq_4279be38393632ff,length_64_gap_8,0.066388607025146401
20,8,qseq_a128a3ad062f254f,length_64_gap_8,-0.028521537780761701
20,8,qseq_40546941dd2db2c4,length_64_gap_8,0.094390869140625
20,8,qseq_bd1d709ea9de2442,length_64_gap_8,0.1475527286529541
20,8,qseq_0701dad0bea1f82c,length_64_gap_8,0.0234375
20,8,qseq_1922d44b2343c70a,length_64_gap_8,-0.011179924011230399
20,8,qseq_730ee300e88dbdc9,length_64_gap_8,0.1420283317565918
20,8,qseq_5b194ba92705c9b8,length_64_gap_8,-0.0262472629547119
20,8,qseq_021ce8a6eb41287d,length_64_gap_8,0.016651153564453101
20,8,qseq_039bccf871e60190,length_64_gap_8,-0.0085690021514892006
20,8,qseq_c9895be6cd96e125,length_64_gap_8,-0.0214738845825195
20,8,qseq_e517bd5620ecf760,length_64_gap_8,0.081945419311523396
20,8,qseq_05be70e9da000c21,length_64_gap_8,-0.056141853332519497
20,8,qseq_9e0484c8cf5ddfc6,length_64_gap_8,0.13498544692993161
20,8,qseq_d8653dab52d91576,length_64_gap_8,0.047520637512206997
20,8,qseq_7c7ae2fc6a76be76,length_64_gap_8,0.085076808929443304
20,8,qseq_eea059d57beab37f,length_64_gap_8,0.1045103073120117
20,8,qseq_8fee472e774e69bb,length_64_gap_8,0.015399932861328101
20,8,qseq_6a6e891f0af35a46,length_64_gap_8,0.109375
20,8,qseq_a6eb78d92d0c43ab,length_64_gap_8,0.2370538711547851
20,8,qseq_4eb4bdf24b06d78c,length_64_gap_8,-0.079103469848632799
20,8,qseq_772ec14d440e73c4,length_64_gap_8,-0.042813301086425698
20,8,qseq_c9795ce42618194e,length_64_gap_8,0.031331300735473598
20,8,qseq_ad3d3bcb9795d514,length_64_gap_8,0.069541692733764607
20,8,qseq_1e356400a385b9c8,length_64_gap_8,0.125
20,8,qseq_200c199e7437db70,length_64_gap_8,0.1078119277954101
20,8,qseq_f93016a2d910f6d4,length_64_gap_8,0.031782150268554597
20,8,qseq_b26f645287ad75c3,length_64_gap_8,0.1198058128356933
20,8,qseq_5dbd77e6301a4d88,length_64_gap_8,0.18697643280029291
20,8,qseq_1f519fea8800a91a,length_64_gap_8,0.088910102844238198
20,8,qseq_c22690e962dda79a,length_64_gap_8,0.0124990940093994
20,8,qseq_aa1bf93acfa1394f,length_64_gap_8,0.046125173568725503
20,8,qseq_c7e2bf5dffccfdb4,length_64_gap_8,-0.047717094421386698
20,8,qseq_f0b7c35e28157360,length_64_gap_8,0.19186925888061521
20,8,qseq_5b3541bc4ecd5520,length_64_gap_8,0.0152244567871093
20,8,qseq_51105068c69885d2,length_64_gap_8,-0.1062679290771484
20,8,qseq_1fa7df7dac6c2475,length_64_gap_8,0.0091018676757811997
20,8,qseq_1f17912f3d8f9da9,length_64_gap_8,0.0625147819519042
20,8,qseq_492ddced5e4b2559,length_64_gap_8,-0.15671014785766599
20,8,qseq_131de4ffcd89e6e9,length_64_gap_8,0.0018062591552734
20,8,qseq_2eba76d2215c33b9,length_64_gap_8,0.011836528778076101
20,8,qseq_a1c3fb56cf8462bb,length_64_gap_8,-0.085019111633300698
20,8,qseq_dcd58d81cb05e28d,length_64_gap_8,0.00019955635070800001
20,8,qseq_6715416239d80838,length_64_gap_8,0.051331520080566399
20,8,qseq_8d499f91b4526a3a,length_64_gap_8,0.0390625
20,8,qseq_587220b2bc085b31,length_64_gap_8,0.033673286437988198
20,8,qseq_69cc809df6a6f6c9,length_64_gap_8,0.0472397804260253
20,8,qseq_b92aea251b1eff2b,length_64_gap_8,0.0618839263916015
20,8,qseq_4f51e954884cdf48,length_64_gap_8,0.0397796630859375
20,8,qseq_fe9ddd894232689b,length_64_gap_8,0.076500892639160101
20,8,qseq_c12d62810ba631af,length_64_gap_8,0.055876731872558497
20,8,qseq_5e9dad96f848721b,length_64_gap_8,-0.055683135986328097
20,8,qseq_32e4b0f9ec8b30ce,length_64_gap_8,0.069952011108398396
20,8,qseq_eab2e57f5041e3f9,length_64_gap_8,0.024258136749267498
20,8,qseq_845854475db5ae4a,length_64_gap_8,0.050828456878662102
20,8,qseq_8688a95186e10f9c,length_64_gap_8,0.087561607360839802
20,8,qseq_e8c2d067e77fc845,length_64_gap_8,0.034010887145995997
20,8,qseq_c0d3d38e8bedac65,length_64_gap_8,-0.085263252258300698
20,8,qseq_84ff4fbaaa20d8cc,length_64_gap_8,0.061147689819335903
20,8,qseq_a0de254948a6e5bf,length_64_gap_16,-0.023428916931152299
20,8,qseq_b0e4d687f94733dc,length_64_gap_16,-0.047134160995483301
20,8,qseq_be52c9a76238a7d9,length_64_gap_16,-0.031123399734497001
20,8,qseq_f37fbd079a3b6bde,length_64_gap_16,0.0084967613220213994
20,8,qseq_ecccef08f74a0d62,length_64_gap_16,-0.0140435695648193
20,8,qseq_3b5d281e4d3fc2c2,length_64_gap_16,-0.0078125
20,8,qseq_d1e08ad378e2d77d,length_64_gap_16,-0.21743273735046381
20,8,qseq_7e4b4a517eef4bbc,length_64_gap_16,0.028952360153198201
20,8,qseq_8b91b6dc4c4ad5a7,length_64_gap_16,-0.093969345092773396
20,8,qseq_61c50fa15c9aaf25,length_64_gap_16,0.090935707092285101
20,8,qseq_eb6a949eb0642356,length_64_gap_16,-0.085663795471191406
20,8,qseq_ccbe5bac490d61b5,length_64_gap_16,0.045131683349609299
20,8,qseq_ae9e47b71d61c01f,length_64_gap_16,0.22454357147216791
20,8,qseq_c423f0620a3bd358,length_64_gap_16,0.0038135051727293998
20,8,qseq_b7edc17d7108c749,length_64_gap_16,-0.016156196594238201
20,8,qseq_c0b98a93360f9565,length_64_gap_16,0.016378879547119099
20,8,qseq_b6de0520ecba0cb7,length_64_gap_16,0.062211513519287102
20,8,qseq_adc73ff9cfa008e2,length_64_gap_16,-0.064548492431640597
20,8,qseq_2940a4d578561754,length_64_gap_16,0.10099220275878899
20,8,qseq_30994fe2dabf428d,length_64_gap_16,-0.087958335876464802
20,8,qseq_949a4801d597a033,length_64_gap_16,-0.068603992462158203
20,8,qseq_c5b16a3541c1277e,length_64_gap_16,0.030124664306640601
20,8,qseq_9431506847fefb45,length_64_gap_16,-0.0183680057525634
20,8,qseq_5c36d742824efa4b,length_64_gap_16,0.029520034790039
20,8,qseq_05d8cddf3ea281a9,length_64_gap_16,0.091213226318359306
20,8,qseq_f17674cc4392f3bf,length_64_gap_16,-0.076024055480957003
20,8,qseq_382e6ced8b87a663,length_64_gap_16,0.026775479316711401
20,8,qseq_fe5cd0e334e253c1,length_64_gap_16,0.119582176208496
20,8,qseq_b417731b953269a4,length_64_gap_16,-0.016859054565429601
20,8,qseq_450cbb29b12c67b7,length_64_gap_16,-0.070844650268554604
20,8,qseq_a30ec5f4c977bbc8,length_64_gap_16,-0.0234375
20,8,qseq_f52fc5c697a8e7f5,length_64_gap_16,0.063457489013671806
20,8,qseq_396aff10bb95400f,length_64_gap_16,0
20,8,qseq_82c1df8241dca3cf,length_64_gap_16,0.0076007843017578004
20,8,qseq_204175b8e8f592ff,length_64_gap_16,0.0162339210510253
20,8,qseq_b7054e022b918880,length_64_gap_16,0.021039962768554601
20,8,qseq_ba8a8e9d30f030c0,length_64_gap_16,0.0251617431640625
20,8,qseq_57bd27a9adf994ef,length_64_gap_16,-0.052760720252990702
20,8,qseq_df9ba99fcdbb78f6,length_64_gap_16,-0.0092196464538573993
20,8,qseq_c7f36be3fc9142a4,length_64_gap_16,0.0625
20,8,qseq_bb25837841d78095,length_64_gap_16,-0.054206848144531201
20,8,qseq_89060805f114dcc8,length_64_gap_16,0.089545965194702107
20,8,qseq_cfce5ff0ec658964,length_64_gap_16,0.049542903900146401
20,8,qseq_84f8cb3faeb6a744,length_64_gap_16,0.0141186714172363
20,8,qseq_42c429c411c30673,length_64_gap_16,0.0002741813659667
20,8,qseq_1d8ea3a6efaf9fab,length_64_gap_16,0.078073024749755804
20,8,qseq_a1e47f7cb49b58b7,length_64_gap_16,0.083036422729492104
20,8,qseq_75975c5fcfe56f9f,length_64_gap_16,-0.0151519775390625
20,8,qseq_8a0db1772110a4a8,length_64_gap_16,-0.041905403137206997
20,8,qseq_5f7ce90f26f794f5,length_64_gap_16,0.17909860610961911
20,8,qseq_f2f94c41d471f1c4,length_64_gap_16,0.025515079498290998
20,8,qseq_d57f36c4148c49c6,length_64_gap_16,-0.030097484588622998
20,8,qseq_fdf96662daefa822,length_64_gap_16,-0.0424857139587402
20,8,qseq_4b71f66c27222d97,length_64_gap_16,-0.041940212249755797
20,8,qseq_a1e8b0d618f525ce,length_64_gap_16,0.17618751525878901
20,8,qseq_8597a5fd74382a82,length_64_gap_16,-0.1252985000610351
20,8,qseq_2317dd357fbf5323,length_64_gap_16,0.1247096061706543
20,8,qseq_44b93471651b7136,length_64_gap_16,-0.39453029632568348
20,8,qseq_9936aeb4dac5517c,length_64_gap_16,0.2252092361450195
20,8,qseq_4118977d719f3b17,length_64_gap_16,0.0234217643737792
20,8,qseq_622c80501e6559b9,length_64_gap_16,-0.023197174072265601
20,8,qseq_995d48cc4618a5d7,length_64_gap_16,0.070321083068847601
20,8,qseq_2a1a4deb70ed1a8f,length_64_gap_16,0.018424034118652299
20,8,qseq_d83a3e748cb0801e,length_64_gap_16,0.059314727783203097
17,18,qseq_00cb1c1a51bbd477,length_32_gap_8,0.064000368118286105
17,18,qseq_fdb0d02eb17a3ad5,length_32_gap_8,0.052371025085449198
17,18,qseq_0fb480259789823d,length_32_gap_8,0.018064498901367101
17,18,qseq_a2e6bd810032888a,length_32_gap_8,-0.0147013664245605
17,18,qseq_5ce005c7be85e2b9,length_32_gap_8,0.41016960144042958
17,18,qseq_9c1391f827e05414,length_32_gap_8,0.086062908172607394
17,18,qseq_b5c59e25abaa4090,length_32_gap_8,-0.038282155990600503
17,18,qseq_9aa233d4f18630ef,length_32_gap_8,-0.12706995010375971
17,18,qseq_36581fc0e870746a,length_32_gap_8,0.051499366760253899
17,18,qseq_f1250fa423e1545e,length_32_gap_8,0.054519891738891602
17,18,qseq_82e41c38cbe9078a,length_32_gap_8,0.0202946662902832
17,18,qseq_d0b29249fa160784,length_32_gap_8,0.035058021545410101
17,18,qseq_05f13a28471ab531,length_32_gap_8,0.18615245819091791
17,18,qseq_f1b36b9fae18111b,length_32_gap_8,0.31162071228027338
17,18,qseq_83e6b8683b1256b2,length_32_gap_8,-0.087206840515136705
17,18,qseq_67044cfad9f21ecb,length_32_gap_8,-0.093618392944335896
17,18,qseq_70ea623170fa926c,length_32_gap_8,-0.008364200592041
17,18,qseq_5b73de916863d399,length_32_gap_8,-0.077216148376464802
17,18,qseq_db732a487a875289,length_32_gap_8,0.15584373474121091
17,18,qseq_fd7563a3a3cec767,length_32_gap_8,-0.078596115112304604
17,18,qseq_d6183e1df454b220,length_32_gap_8,0.048228263854980399
17,18,qseq_1355795077be0f50,length_32_gap_8,0.1718721389770507
17,18,qseq_8b0497deeb8bcaef,length_32_gap_8,0.41977119445800781
17,18,qseq_1fb3a17d5dccef31,length_32_gap_8,0.016782760620117101
17,18,qseq_a17078d2a6b4b999,length_32_gap_8,0.0625
17,18,qseq_9e89898b6bb8b44e,length_32_gap_8,0.0081357955932616997
17,18,qseq_52f1b1128f7f8827,length_32_gap_8,0.062643051147460896
17,18,qseq_d4bff5080bd4daa2,length_32_gap_8,0.1014375686645507
17,18,qseq_bc537eed9a30ad79,length_32_gap_8,0.095178127288818304
17,18,qseq_4e294cfbb31deac6,length_32_gap_8,-0.0353999137878417
17,18,qseq_a9426dae73873222,length_32_gap_8,0.19349336624145499
17,18,qseq_84c7ecb2a5f6fb74,length_32_gap_8,-0.12186598777770991
17,18,qseq_2232308bba387df3,length_32_gap_8,0.1313104629516601
17,18,qseq_c651ff600b8839df,length_32_gap_8,0.24237728118896479
17,18,qseq_bdd4291ac8449310,length_32_gap_8,0.19325923919677729
17,18,qseq_eee8756396fe6af2,length_32_gap_8,0.018755912780761701
17,18,qseq_d27c4368416fdc93,length_32_gap_8,0.13133811950683591
17,18,qseq_1bc3d720581f5d2b,length_32_gap_8,0.14083433151245109
17,18,qseq_d1b8220e931c7fd7,length_32_gap_8,0.021968841552734299
17,18,qseq_f3612a27015ba1ca,length_32_gap_8,-0.063675880432128906
17,18,qseq_983999860e3f68fa,length_32_gap_8,0.029338359832763599
17,18,qseq_3cc6488c0780e435,length_32_gap_8,0.044069766998291002
17,18,qseq_896e75303fd36619,length_32_gap_8,0.1013078689575195
17,18,qseq_bb44694bf88faab7,length_32_gap_8,-0.0312027931213378
17,18,qseq_676b73120ca2a061,length_32_gap_8,0.039339065551757799
17,18,qseq_03289c2c4536e699,length_32_gap_8,0.024212837219238201
17,18,qseq_62632b972840b049,length_32_gap_8,0.13345670700073239
17,18,qseq_f5d56d42459ee9bc,length_32_gap_8,0.1456193923950195
17,18,qseq_32bc0ad658c10a1c,length_32_gap_8,0.015625
17,18,qseq_4da58de5cf93ae4a,length_32_gap_8,0.034897804260253899
17,18,qseq_5e6685ba720055c7,length_32_gap_8,-0.068359375
17,18,qseq_2cfb75f54306c844,length_32_gap_8,0.094391822814941406
17,18,qseq_8345587890d3c14f,length_32_gap_8,0.0554447174072265
17,18,qseq_46afeffe5dd0d89f,length_32_gap_8,0.0384669303894042
17,18,qseq_b592f6abbb02f055,length_32_gap_8,-0.046429157257080002
17,18,qseq_3d813b4e2f642750,length_32_gap_8,0.06634521484375
17,18,qseq_c3ccf9967efbcd30,length_32_gap_8,-0.13023948669433591
17,18,qseq_029bb1fad3e341b6,length_32_gap_8,0.14283990859985349
17,18,qseq_f0a1548c14cbff39,length_32_gap_8,0.16653299331665031
17,18,qseq_ce67b9d37322c254,length_32_gap_8,0.1123590469360351
17,18,qseq_1d5def43cbaaf204,length_32_gap_8,-0.20259857177734369
17,18,qseq_ef053ee48a778a2d,length_32_gap_8,-0.0349578857421875
17,18,qseq_aad6bf2a44151808,length_32_gap_8,0.029458999633789
17,18,qseq_8efc9f11c7cf051c,length_32_gap_8,0.39807701110839838
17,18,qseq_8e716ecd02e0f73a,length_32_gap_16,0.00080776214599599997
17,18,qseq_1595750272a9182b,length_32_gap_16,0.1135435104370117
17,18,qseq_bcb1e40d4e33a983,length_32_gap_16,0.12755393981933591
17,18,qseq_918b1e8c99f205fc,length_32_gap_16,0.1824336051940918
17,18,qseq_9bcb64e386770afd,length_32_gap_16,0.069685935974120997
17,18,qseq_f308f77da35e5150,length_32_gap_16,0.025691986083984299
17,18,qseq_3d452bb0ed05ae44,length_32_gap_16,-0.0129318237304687
17,18,qseq_5e121f37966766e3,length_32_gap_16,-0.021098613739013599
17,18,qseq_7d05ec534f8e7970,length_32_gap_16,0.023332595825195299
17,18,qseq_1a641e032f933a96,length_32_gap_16,-0.0064454078674315999
17,18,qseq_afb04c9fd38b4a73,length_32_gap_16,0.34121894836425781
17,18,qseq_0a7044add0a71938,length_32_gap_16,0.1640625
17,18,qseq_ad84a1c2bee1922b,length_32_gap_16,-0.044151306152343701
17,18,qseq_0449b2f15993e9e3,length_32_gap_16,-0.056514739990234299
17,18,qseq_e239bfe29ce1339d,length_32_gap_16,0.18756437301635739
17,18,qseq_1c01b2c0b82e7c86,length_32_gap_16,0.030657768249511701
17,18,qseq_5a6f346a0090499e,length_32_gap_16,-0.0102996826171875
17,18,qseq_23e29e93fa14dc22,length_32_gap_16,-0.2457861900329589
17,18,qseq_aed28d8945a5fd51,length_32_gap_16,0.097765922546386705
17,18,qseq_64af7706440b2eb6,length_32_gap_16,0.052478790283203097
17,18,qseq_9b65b35ce09e05fc,length_32_gap_16,-0.0245862007141113
17,18,qseq_9966ff37eb81ef5e,length_32_gap_16,0.005711555480957
17,18,qseq_2f710e8798ec9e71,length_32_gap_16,0.0079689025878906007
17,18,qseq_11b039baed6684b4,length_32_gap_16,0.14730453491210929
17,18,qseq_60e817fc1eb4a770,length_32_gap_16,-0.62506437301635742
17,18,qseq_704ee3aa78d74315,length_32_gap_16,0.109375
17,18,qseq_56aa2892fb9d4215,length_32_gap_16,0.36036157608032221
17,18,qseq_cfd0f3fa73dabac6,length_32_gap_16,0.016570329666137602
17,18,qseq_4d8b8abbf9e82df2,length_32_gap_16,0.33934116363525391
17,18,qseq_dc290e31b0f7fee9,length_32_gap_16,0.1090717315673828
17,18,qseq_d59e491f27122012,length_32_gap_16,0.083020210266113198
17,18,qseq_0d1644fe34089dc5,length_32_gap_16,-0.038975715637206997
17,18,qseq_b0f1c882cbfc023b,length_32_gap_16,0.2206859588623046
17,18,qseq_ae326193ef533b6f,length_32_gap_16,0.008026123046875
17,18,qseq_b90113f916a4ef25,length_32_gap_16,-0.065278053283691406
17,18,qseq_47db8e82e82ab9ab,length_32_gap_16,0.1662421226501464
17,18,qseq_1bd1876170be1293,length_32_gap_16,0.033671379089355399
17,18,qseq_28a6625244b67550,length_32_gap_16,0.39057469367980951
17,18,qseq_0319d5aa3b7a2109,length_32_gap_16,-0.087803840637207003
17,18,qseq_b4281d845cf8791c,length_32_gap_16,0.1859478950500488
17,18,qseq_eb72d6b6095aa9bf,length_32_gap_16,0.37183761596679682
17,18,qseq_2a530f25c94c88b0,length_32_gap_16,0.0135440826416015
17,18,qseq_b90ee294cda3f4ef,length_32_gap_16,0.42362165451049799
17,18,qseq_2194e53c28d8ac06,length_32_gap_16,0.15658092498779291
17,18,qseq_cd35a5d7a5f5a555,length_32_gap_16,0.065619468688964802
17,18,qseq_e3fd7e822923d545,length_32_gap_16,0.21831750869750971
17,18,qseq_3c1160a318793be3,length_32_gap_16,0.1110286712646484
17,18,qseq_a4167c2fe5df8c7f,length_32_gap_16,0.10213470458984369
17,18,qseq_fa6f788e8ca0ef62,length_32_gap_16,-0.075868606567382799
17,18,qseq_98487b25edb3051f,length_32_gap_16,0.1003479957580566
17,18,qseq_1f823851ae16f13f,length_32_gap_16,0.031394481658935498
17,18,qseq_b190b48533f45a2c,length_32_gap_16,0.031648635864257799
17,18,qseq_63d72c96ef626e2d,length_32_gap_16,0.19515419006347651
17,18,qseq_a28e2ec155ecc582,length_32_gap_16,-0.243896484375
17,18,qseq_eb02fc157dd74784,length_32_gap_16,0.073750495910644503
17,18,qseq_e887c4a51d9b260c,length_32_gap_16,0.079531669616699205
17,18,qseq_dee021939107fbde,length_32_gap_16,0.15271711349487299
17,18,qseq_affe6175ca94dda2,length_32_gap_16,0.057929039001464802
17,18,qseq_7be057ad143b9690,length_32_gap_16,-0.0057935714721679002
17,18,qseq_24f5b4f7f640338f,length_32_gap_16,-0.048995018005370997
17,18,qseq_43ebed208484255f,length_32_gap_16,-0.030375957489013599
17,18,qseq_c613b96c7912d379,length_32_gap_16,0.098447561264038003
17,18,qseq_7f5aade052d4177f,length_32_gap_16,0.218937873840332
17,18,qseq_ee49c796752d8710,length_32_gap_16,0.123732566833496
17,18,qseq_b3f568f628b46423,length_64_gap_8,-0.015862464904785101
17,18,qseq_2fb25780aa1dbffa,length_64_gap_8,-0.00050258636474599997
17,18,qseq_fd1170e3dcd5f55e,length_64_gap_8,0.00076770782470700002
17,18,qseq_24b25ead5a4620eb,length_64_gap_8,0.096226692199707003
17,18,qseq_4074ee710223309a,length_64_gap_8,-0.0303235054016113
17,18,qseq_4279be38393632ff,length_64_gap_8,0.39763808250427241
17,18,qseq_a128a3ad062f254f,length_64_gap_8,-0.019364833831787099
17,18,qseq_40546941dd2db2c4,length_64_gap_8,0.20691680908203119
17,18,qseq_bd1d709ea9de2442,length_64_gap_8,0.044605016708374003
17,18,qseq_0701dad0bea1f82c,length_64_gap_8,0.23512363433837891
17,18,qseq_1922d44b2343c70a,length_64_gap_8,-0.046650886535644497
17,18,qseq_730ee300e88dbdc9,length_64_gap_8,0.085513353347778306
17,18,qseq_5b194ba92705c9b8,length_64_gap_8,0.37788772583007812
17,18,qseq_021ce8a6eb41287d,length_64_gap_8,0.15625
17,18,qseq_039bccf871e60190,length_64_gap_8,0.10213446617126461
17,18,qseq_c9895be6cd96e125,length_64_gap_8,0.49795961380004877
17,18,qseq_e517bd5620ecf760,length_64_gap_8,0.1152782440185546
17,18,qseq_05be70e9da000c21,length_64_gap_8,0.093387603759765597
17,18,qseq_9e0484c8cf5ddfc6,length_64_gap_8,0.064062118530273396
17,18,qseq_d8653dab52d91576,length_64_gap_8,0.1878857612609863
17,18,qseq_7c7ae2fc6a76be76,length_64_gap_8,0.1285436153411865
17,18,qseq_eea059d57beab37f,length_64_gap_8,0.18804168701171869
17,18,qseq_8fee472e774e69bb,length_64_gap_8,-0.0824711322784423
17,18,qseq_6a6e891f0af35a46,length_64_gap_8,0.093494415283203097
17,18,qseq_a6eb78d92d0c43ab,length_64_gap_8,0.072139739990234306
17,18,qseq_4eb4bdf24b06d78c,length_64_gap_8,0.11629486083984369
17,18,qseq_772ec14d440e73c4,length_64_gap_8,0.2446374893188476
17,18,qseq_c9795ce42618194e,length_64_gap_8,0.17092132568359369
17,18,qseq_ad3d3bcb9795d514,length_64_gap_8,0.050311803817749003
17,18,qseq_1e356400a385b9c8,length_64_gap_8,-0.03125
17,18,qseq_200c199e7437db70,length_64_gap_8,0.010335922241210899
17,18,qseq_f93016a2d910f6d4,length_64_gap_8,0.2961058616638183
17,18,qseq_b26f645287ad75c3,length_64_gap_8,-0.031090736389160101
17,18,qseq_5dbd77e6301a4d88,length_64_gap_8,-0.062216758728027302
17,18,qseq_1f519fea8800a91a,length_64_gap_8,0.47381019592285151
17,18,qseq_c22690e962dda79a,length_64_gap_8,0.0207610130310058
17,18,qseq_aa1bf93acfa1394f,length_64_gap_8,0.12676167488098139
17,18,qseq_c7e2bf5dffccfdb4,length_64_gap_8,0.033408164978027302
17,18,qseq_f0b7c35e28157360,length_64_gap_8,0.15279579162597651
17,18,qseq_5b3541bc4ecd5520,length_64_gap_8,0.1611299514770507
17,18,qseq_51105068c69885d2,length_64_gap_8,0.4076610803604126
17,18,qseq_1fa7df7dac6c2475,length_64_gap_8,0.14435529708862299
17,18,qseq_1f17912f3d8f9da9,length_64_gap_8,-0.00022459030151359999
17,18,qseq_492ddced5e4b2559,length_64_gap_8,-0.00046014785766600001
17,18,qseq_131de4ffcd89e6e9,length_64_gap_8,0.0065584182739256997
17,18,qseq_2eba76d2215c33b9,length_64_gap_8,0.12168717384338371
17,18,qseq_a1c3fb56cf8462bb,length_64_gap_8,0.27374112606048578
17,18,qseq_dcd58d81cb05e28d,length_64_gap_8,-0.15530061721801749
17,18,qseq_6715416239d80838,length_64_gap_8,0.015625
17,18,qseq_8d499f91b4526a3a,length_64_gap_8,0.072035789489745997
17,18,qseq_587220b2bc085b31,length_64_gap_8,-0.14928007125854489
17,18,qseq_69cc809df6a6f6c9,length_64_gap_8,0.14234495162963859
17,18,qseq_b92aea251b1eff2b,length_64_gap_8,0.24878597259521479
17,18,qseq_4f51e954884cdf48,length_64_gap_8,0.027096748352050701
17,18,qseq_fe9ddd894232689b,length_64_gap_8,0.2349240779876709
17,18,qseq_c12d62810ba631af,length_64_gap_8,0.21993923187255851
17,18,qseq_5e9dad96f848721b,length_64_gap_8,-0.040550708770751898
17,18,qseq_32e4b0f9ec8b30ce,length_64_gap_8,0.2778096199035644
17,18,qseq_eab2e57f5041e3f9,length_64_gap_8,0.032951831817626898
17,18,qseq_845854475db5ae4a,length_64_gap_8,0.28776514530181879
17,18,qseq_8688a95186e10f9c,length_64_gap_8,0.025017738342285101
17,18,qseq_e8c2d067e77fc845,length_64_gap_8,-0.0028374195098875999
17,18,qseq_c0d3d38e8bedac65,length_64_gap_8,-0.14301586151123041
17,18,qseq_84ff4fbaaa20d8cc,length_64_gap_8,-0.131199836730957
17,18,qseq_a0de254948a6e5bf,length_64_gap_16,0.26698446273803711
17,18,qseq_b0e4d687f94733dc,length_64_gap_16,0.167820930480957
17,18,qseq_be52c9a76238a7d9,length_64_gap_16,-0.057651519775390597
17,18,qseq_f37fbd079a3b6bde,length_64_gap_16,0.1834383010864257
17,18,qseq_ecccef08f74a0d62,length_64_gap_16,-0.0341434478759765
17,18,qseq_3b5d281e4d3fc2c2,length_64_gap_16,-0.117598533630371
17,18,qseq_d1e08ad378e2d77d,length_64_gap_16,0.088337659835815402
17,18,qseq_7e4b4a517eef4bbc,length_64_gap_16,0.046897172927856397
17,18,qseq_8b91b6dc4c4ad5a7,length_64_gap_16,0.26569652557373041
17,18,qseq_61c50fa15c9aaf25,length_64_gap_16,0.014824867248535101
17,18,qseq_eb6a949eb0642356,length_64_gap_16,-0.0079936981201171008
17,18,qseq_ccbe5bac490d61b5,length_64_gap_16,0.30614948272705073
17,18,qseq_ae9e47b71d61c01f,length_64_gap_16,0.25
17,18,qseq_c423f0620a3bd358,length_64_gap_16,0.099422216415405204
17,18,qseq_b7edc17d7108c749,length_64_gap_16,-0.061134815216064398
17,18,qseq_c0b98a93360f9565,length_64_gap_16,0.046875
17,18,qseq_b6de0520ecba0cb7,length_64_gap_16,0.062234401702880797
17,18,qseq_adc73ff9cfa008e2,length_64_gap_16,0.0156083106994628
17,18,qseq_2940a4d578561754,length_64_gap_16,0.084111690521240207
17,18,qseq_30994fe2dabf428d,length_64_gap_16,0.078125
17,18,qseq_949a4801d597a033,length_64_gap_16,0.19818115234375
17,18,qseq_c5b16a3541c1277e,length_64_gap_16,0.35566568374633778
17,18,qseq_9431506847fefb45,length_64_gap_16,0.0086863040924072005
17,18,qseq_5c36d742824efa4b,length_64_gap_16,0.092473983764648396
17,18,qseq_05d8cddf3ea281a9,length_64_gap_16,0.16634273529052729
17,18,qseq_f17674cc4392f3bf,length_64_gap_16,0.058088302612304597
17,18,qseq_382e6ced8b87a663,length_64_gap_16,-0.0078125
17,18,qseq_fe5cd0e334e253c1,length_64_gap_16,0.051002740859985303
17,18,qseq_b417731b953269a4,length_64_gap_16,-0.011482715606689399
17,18,qseq_450cbb29b12c67b7,length_64_gap_16,0.0090370178222656007
17,18,qseq_a30ec5f4c977bbc8,length_64_gap_16,0.045420169830322203
17,18,qseq_f52fc5c697a8e7f5,length_64_gap_16,0.28315925598144531
17,18,qseq_396aff10bb95400f,length_64_gap_16,0.17198944091796869
17,18,qseq_82c1df8241dca3cf,length_64_gap_16,0.070525169372558497
17,18,qseq_204175b8e8f592ff,length_64_gap_16,0.070348262786865207
17,18,qseq_b7054e022b918880,length_64_gap_16,0.0077605247497558004
17,18,qseq_ba8a8e9d30f030c0,length_64_gap_16,-0.021906852722167899
17,18,qseq_57bd27a9adf994ef,length_64_gap_16,0.016454935073852501
17,18,qseq_df9ba99fcdbb78f6,length_64_gap_16,0.1532268524169921
17,18,qseq_c7f36be3fc9142a4,length_64_gap_16,-0.060126304626464802
17,18,qseq_bb25837841d78095,length_64_gap_16,0.32689857482910151
17,18,qseq_89060805f114dcc8,length_64_gap_16,0.0451481342315673
17,18,qseq_cfce5ff0ec658964,length_64_gap_16,0.064089298248291002
17,18,qseq_84f8cb3faeb6a744,length_64_gap_16,0.062355995178222601
17,18,qseq_42c429c411c30673,length_64_gap_16,0.21211433410644531
17,18,qseq_1d8ea3a6efaf9fab,length_64_gap_16,0.070366621017455999
17,18,qseq_a1e47f7cb49b58b7,length_64_gap_16,0.044146537780761698
17,18,qseq_75975c5fcfe56f9f,length_64_gap_16,0.0988922119140625
17,18,qseq_8a0db1772110a4a8,length_64_gap_16,0.0302019119262695
17,18,qseq_5f7ce90f26f794f5,length_64_gap_16,0.0648951530456542
17,18,qseq_f2f94c41d471f1c4,length_64_gap_16,-0.041111946105956997
17,18,qseq_d57f36c4148c49c6,length_64_gap_16,0.21136665344238281
17,18,qseq_fdf96662daefa822,length_64_gap_16,0.1195201873779296
17,18,qseq_4b71f66c27222d97,length_64_gap_16,0.1324434280395507
17,18,qseq_a1e8b0d618f525ce,length_64_gap_16,-0.041344642639160101
17,18,qseq_8597a5fd74382a82,length_64_gap_16,-0.056008338928222601
17,18,qseq_2317dd357fbf5323,length_64_gap_16,-0.023959636688232401
17,18,qseq_44b93471651b7136,length_64_gap_16,-0.2642292976379394
17,18,qseq_9936aeb4dac5517c,length_64_gap_16,0.18392372131347651
17,18,qseq_4118977d719f3b17,length_64_gap_16,-0.0780329704284667
17,18,qseq_622c80501e6559b9,length_64_gap_16,-0.1638221740722656
17,18,qseq_995d48cc4618a5d7,length_64_gap_16,-0.074676513671875
17,18,qseq_2a1a4deb70ed1a8f,length_64_gap_16,0.0252685546875
17,18,qseq_d83a3e748cb0801e,length_64_gap_16,-0.02935791015625
17,7,qseq_00cb1c1a51bbd477,length_32_gap_8,-0.070882081985473605
17,7,qseq_fdb0d02eb17a3ad5,length_32_gap_8,0.080624580383300698
17,7,qseq_0fb480259789823d,length_32_gap_8,-0.070343017578125
17,7,qseq_a2e6bd810032888a,length_32_gap_8,-0.0622754096984863
17,7,qseq_5ce005c7be85e2b9,length_32_gap_8,-0.064203023910522405
17,7,qseq_9c1391f827e05414,length_32_gap_8,0.14153528213500971
17,7,qseq_b5c59e25abaa4090,length_32_gap_8,0.056132316589355399
17,7,qseq_9aa233d4f18630ef,length_32_gap_8,0.0071148872375488004
17,7,qseq_36581fc0e870746a,length_32_gap_8,-0.1693115234375
17,7,qseq_f1250fa423e1545e,length_32_gap_8,-0.3155829906463623
17,7,qseq_82e41c38cbe9078a,length_32_gap_8,0.044480800628662102
17,7,qseq_d0b29249fa160784,length_32_gap_8,0.027354717254638599
17,7,qseq_05f13a28471ab531,length_32_gap_8,0.1059751510620117
17,7,qseq_f1b36b9fae18111b,length_32_gap_8,0.1832165718078613
17,7,qseq_83e6b8683b1256b2,length_32_gap_8,-0.086777687072753906
17,7,qseq_67044cfad9f21ecb,length_32_gap_8,0.031621932983398403
17,7,qseq_70ea623170fa926c,length_32_gap_8,-0.15476226806640619
17,7,qseq_5b73de916863d399,length_32_gap_8,0.15493679046630851
17,7,qseq_db732a487a875289,length_32_gap_8,0.1877174377441406
17,7,qseq_fd7563a3a3cec767,length_32_gap_8,-0.1404504776000976
17,7,qseq_d6183e1df454b220,length_32_gap_8,0.35180282592773432
17,7,qseq_1355795077be0f50,length_32_gap_8,0.0312442779541015
17,7,qseq_8b0497deeb8bcaef,length_32_gap_8,0.16195869445800781
17,7,qseq_1fb3a17d5dccef31,length_32_gap_8,-0.0147619247436523
17,7,qseq_a17078d2a6b4b999,length_32_gap_8,0.49189376831054682
17,7,qseq_9e89898b6bb8b44e,length_32_gap_8,-0.16688728332519531
17,7,qseq_52f1b1128f7f8827,length_32_gap_8,-0.31229782104492182
17,7,qseq_d4bff5080bd4daa2,length_32_gap_8,0.28295707702636708
17,7,qseq_bc537eed9a30ad79,length_32_gap_8,0.174774169921875
17,7,qseq_4e294cfbb31deac6,length_32_gap_8,-0.1644940376281738
17,7,qseq_a9426dae73873222,length_32_gap_8,0.0280752182006835
17,7,qseq_84c7ecb2a5f6fb74,length_32_gap_8,0.0010759830474853
17,7,qseq_2232308bba387df3,length_32_gap_8,-0.12915277481079099
17,7,qseq_c651ff600b8839df,length_32_gap_8,0.016170978546142498
17,7,qseq_bdd4291ac8449310,length_32_gap_8,-0.16182231903076169
17,7,qseq_eee8756396fe6af2,length_32_gap_8,-0.1075811386108398
17,7,qseq_d27c4368416fdc93,length_32_gap_8,0.025611877441406201
17,7,qseq_1bc3d720581f5d2b,length_32_gap_8,0.015682697296142498
17,7,qseq_d1b8220e931c7fd7,length_32_gap_8,-0.093016147613525293
17,7,qseq_f3612a27015ba1ca,length_32_gap_8,-0.3031091690063476
17,7,qseq_983999860e3f68fa,length_32_gap_8,0.31640625
17,7,qseq_3cc6488c0780e435,length_32_gap_8,-0.0390625
17,7,qseq_896e75303fd36619,length_32_gap_8,-0.1582469940185546
17,7,qseq_bb44694bf88faab7,length_32_gap_8,-0.1249651908874511
17,7,qseq_676b73120ca2a061,length_32_gap_8,-0.19323158264160151
17,7,qseq_03289c2c4536e699,length_32_gap_8,0.1096494197845459
17,7,qseq_62632b972840b049,length_32_gap_8,0.057755470275878899
17,7,qseq_f5d56d42459ee9bc,length_32_gap_8,0.076243877410888602
17,7,qseq_32bc0ad658c10a1c,length_32_gap_8,-0.13149929046630851
17,7,qseq_4da58de5cf93ae4a,length_32_gap_8,-0.011061668395996
17,7,qseq_5e6685ba720055c7,length_32_gap_8,0.014954566955566399
17,7,qseq_2cfb75f54306c844,length_32_gap_8,0.19524288177490229
17,7,qseq_8345587890d3c14f,length_32_gap_8,0.009129524230957
17,7,qseq_46afeffe5dd0d89f,length_32_gap_8,-0.20366621017456049
17,7,qseq_b592f6abbb02f055,length_32_gap_8,-0.033376693725585903
17,7,qseq_3d813b4e2f642750,length_32_gap_8,0.34528732299804682
17,7,qseq_c3ccf9967efbcd30,length_32_gap_8,-0.29578590393066401
17,7,qseq_029bb1fad3e341b6,length_32_gap_8,-0.2545781135559082
17,7,qseq_f0a1548c14cbff39,length_32_gap_8,-0.035810470581054597
17,7,qseq_ce67b9d37322c254,length_32_gap_8,-0.28162336349487299
17,7,qseq_1d5def43cbaaf204,length_32_gap_8,-0.21985006332397461
17,7,qseq_ef053ee48a778a2d,length_32_gap_8,-0.29029655456542958
17,7,qseq_aad6bf2a44151808,length_32_gap_8,0.2454109191894531
17,7,qseq_8efc9f11c7cf051c,length_32_gap_8,0.25439834594726562
17,7,qseq_8e716ecd02e0f73a,length_32_gap_16,0.052475929260253899
17,7,qseq_1595750272a9182b,length_32_gap_16,0.31005764007568348
17,7,qseq_bcb1e40d4e33a983,length_32_gap_16,0.34253120422363281
17,7,qseq_918b1e8c99f205fc,length_32_gap_16,-0.1927623748779296
17,7,qseq_9bcb64e386770afd,length_32_gap_16,0.44375038146972651
17,7,qseq_f308f77da35e5150,length_32_gap_16,0.0067319869995116997
17,7,qseq_3d452bb0ed05ae44,length_32_gap_16,0.3840789794921875
17,7,qseq_5e121f37966766e3,length_32_gap_16,0.018441915512084898
17,7,qseq_7d05ec534f8e7970,length_32_gap_16,-0.078603744506835896
17,7,qseq_1a641e032f933a96,length_32_gap_16,-0.020287036895751901
17,7,qseq_afb04c9fd38b4a73,length_32_gap_16,0.34257602691650391
17,7,qseq_0a7044add0a71938,length_32_gap_16,-0.051900863647460903
17,7,qseq_ad84a1c2bee1922b,length_32_gap_16,0.024248123168945299
17,7,qseq_0449b2f15993e9e3,length_32_gap_16,0.16871833801269531
17,7,qseq_e239bfe29ce1339d,length_32_gap_16,0.062417984008789
17,7,qseq_1c01b2c0b82e7c86,length_32_gap_16,-0.0003962516784667
17,7,qseq_5a6f346a0090499e,length_32_gap_16,0.38232231140136708
17,7,qseq_23e29e93fa14dc22,length_32_gap_16,0.19867610931396479
17,7,qseq_aed28d8945a5fd51,length_32_gap_16,-0.082033157348632799
17,7,qseq_64af7706440b2eb6,length_32_gap_16,0.011209487915039
17,7,qseq_9b65b35ce09e05fc,length_32_gap_16,0.09375
17,7,qseq_9966ff37eb81ef5e,length_32_gap_16,-0.072314262390136705
17,7,qseq_2f710e8798ec9e71,length_32_gap_16,-0.091168403625488198
17,7,qseq_11b039baed6684b4,length_32_gap_16,-0.070693016052245997
17,7,qseq_60e817fc1eb4a770,length_32_gap_16,0.35928058624267573
17,7,qseq_704ee3aa78d74315,length_32_gap_16,-0.010168552398681601
17,7,qseq_56aa2892fb9d4215,length_32_gap_16,-0.062292575836181599
17,7,qseq_cfd0f3fa73dabac6,length_32_gap_16,0.042534351348876898
17,7,qseq_4d8b8abbf9e82df2,length_32_gap_16,0.23831748962402341
17,7,qseq_dc290e31b0f7fee9,length_32_gap_16,0.0085916519165038993
17,7,qseq_d59e491f27122012,length_32_gap_16,0.025857925415039
17,7,qseq_0d1644fe34089dc5,length_32_gap_16,0.10972690582275391
17,7,qseq_b0f1c882cbfc023b,length_32_gap_16,0.091983795166015597
17,7,qseq_ae326193ef533b6f,length_32_gap_16,0.11128091812133779
17,7,qseq_b90113f916a4ef25,length_32_gap_16,0.043670654296875
17,7,qseq_47db8e82e82ab9ab,length_32_gap_16,0.09375
17,7,qseq_1bd1876170be1293,length_32_gap_16,0.21656703948974601
17,7,qseq_28a6625244b67550,length_32_gap_16,0.25701475143432612
17,7,qseq_0319d5aa3b7a2109,length_32_gap_16,0.078948020935058497
17,7,qseq_b4281d845cf8791c,length_32_gap_16,0.093222618103027302
17,7,qseq_eb72d6b6095aa9bf,length_32_gap_16,0.4034209251403808
17,7,qseq_2a530f25c94c88b0,length_32_gap_16,0.027971267700195299
17,7,qseq_b90ee294cda3f4ef,length_32_gap_16,-0.031755924224853502
17,7,qseq_2194e53c28d8ac06,length_32_gap_16,-0.18879270553588859
17,7,qseq_cd35a5d7a5f5a555,length_32_gap_16,0.20919895172119141
17,7,qseq_e3fd7e822923d545,length_32_gap_16,-0.0769696235656738
17,7,qseq_3c1160a318793be3,length_32_gap_16,0.38544654846191401
17,7,qseq_a4167c2fe5df8c7f,length_32_gap_16,-0.15243816375732419
17,7,qseq_fa6f788e8ca0ef62,length_32_gap_16,0.040935993194580002
17,7,qseq_98487b25edb3051f,length_32_gap_16,0.031703472137451102
17,7,qseq_1f823851ae16f13f,length_32_gap_16,-0.033666610717773403
17,7,qseq_b190b48533f45a2c,length_32_gap_16,-0.00015544891357419999
17,7,qseq_63d72c96ef626e2d,length_32_gap_16,0.1631755828857421
17,7,qseq_a28e2ec155ecc582,length_32_gap_16,0.12570858001708979
17,7,qseq_eb02fc157dd74784,length_32_gap_16,0.40704441070556641
17,7,qseq_e887c4a51d9b260c,length_32_gap_16,0.47562265396118159
17,7,qseq_dee021939107fbde,length_32_gap_16,-0.0058331489562988004
17,7,qseq_affe6175ca94dda2,length_32_gap_16,0.034820556640625
17,7,qseq_7be057ad143b9690,length_32_gap_16,0.0061306953430175001
17,7,qseq_24f5b4f7f640338f,length_32_gap_16,0.2104387283325195
17,7,qseq_43ebed208484255f,length_32_gap_16,-0.060532093048095703
17,7,qseq_c613b96c7912d379,length_32_gap_16,0.012538671493530201
17,7,qseq_7f5aade052d4177f,length_32_gap_16,-0.09375
17,7,qseq_ee49c796752d8710,length_32_gap_16,-0.18616437911987299
17,7,qseq_b3f568f628b46423,length_64_gap_8,-0.0365042686462402
17,7,qseq_2fb25780aa1dbffa,length_64_gap_8,0.2166376113891601
17,7,qseq_fd1170e3dcd5f55e,length_64_gap_8,0.17239952087402341
17,7,qseq_24b25ead5a4620eb,length_64_gap_8,-0.064983367919921806
17,7,qseq_4074ee710223309a,length_64_gap_8,0.0334973335266113
17,7,qseq_4279be38393632ff,length_64_gap_8,-0.089790821075439398
17,7,qseq_a128a3ad062f254f,length_64_gap_8,0.065228462219238198
17,7,qseq_40546941dd2db2c4,length_64_gap_8,0.101470947265625
17,7,qseq_bd1d709ea9de2442,length_64_gap_8,0.0011599063873291
17,7,qseq_0701dad0bea1f82c,length_64_gap_8,-0.078898668289184501
17,7,qseq_1922d44b2343c70a,length_64_gap_8,-0.016744613647460899
17,7,qseq_730ee300e88dbdc9,length_64_gap_8,0.086546421051025293
17,7,qseq_5b194ba92705c9b8,length_64_gap_8,0.13212132453918449
17,7,qseq_021ce8a6eb41287d,length_64_gap_8,0.23409175872802729
17,7,qseq_039bccf871e60190,length_64_gap_8,0.0166237354278564
17,7,qseq_c9895be6cd96e125,length_64_gap_8,-0.083973884582519503
17,7,qseq_e517bd5620ecf760,length_64_gap_8,0.023200988769531201
17,7,qseq_05be70e9da000c21,length_64_gap_8,0.0022411346435545999
17,7,qseq_9e0484c8cf5ddfc6,length_64_gap_8,-0.16462373733520499
17,7,qseq_d8653dab52d91576,length_64_gap_8,-0.28188228607177729
17,7,qseq_7c7ae2fc6a76be76,length_64_gap_8,0.038379907608032199
17,7,qseq_eea059d57beab37f,length_64_gap_8,0.048417091369628899
17,7,qseq_8fee472e774e69bb,length_64_gap_8,-0.014026641845703101
17,7,qseq_6a6e891f0af35a46,length_64_gap_8,0.0013046264648436999
17,7,qseq_a6eb78d92d0c43ab,length_64_gap_8,-0.040831565856933497
17,7,qseq_4eb4bdf24b06d78c,length_64_gap_8,-0.0205273628234863
17,7,qseq_772ec14d440e73c4,length_64_gap_8,0.34935617446899409
17,7,qseq_c9795ce42618194e,length_64_gap_8,0.30002212524414062
17,7,qseq_ad3d3bcb9795d514,length_64_gap_8,0.13661813735961911
17,7,qseq_1e356400a385b9c8,length_64_gap_8,-0.021428108215332
17,7,qseq_200c199e7437db70,length_64_gap_8,0.1178474426269531
17,7,qseq_f93016a2d910f6d4,length_64_gap_8,-0.077727317810058497
17,7,qseq_b26f645287ad75c3,length_64_gap_8,0.1116280555725097
17,7,qseq_5dbd77e6301a4d88,length_64_gap_8,0.21862030029296869
17,7,qseq_1f519fea8800a91a,length_64_gap_8,0.11114597320556641
17,7,qseq_c22690e962dda79a,length_64_gap_8,0.36958479881286621
17,7,qseq_aa1bf93acfa1394f,length_64_gap_8,-0.095303297042846596
17,7,qseq_c7e2bf5dffccfdb4,length_64_gap_8,0.12060642242431641
17,7,qseq_f0b7c35e28157360,length_64_gap_8,0.1317577362060546
17,7,qseq_5b3541bc4ecd5520,length_64_gap_8,0.057873725891113198
17,7,qseq_51105068c69885d2,length_64_gap_8,0.20825874805450431
17,7,qseq_1fa7df7dac6c2475,length_64_gap_8,0.066918373107910101
17,7,qseq_1f17912f3d8f9da9,length_64_gap_8,-0.093878269195556599
17,7,qseq_492ddced5e4b2559,length_64_gap_8,-0.062960147857666002
17,7,qseq_131de4ffcd89e6e9,length_64_gap_8,0.026062965393066399
17,7,qseq_2eba76d2215c33b9,length_64_gap_8,0.010509967803955
17,7,qseq_a1c3fb56cf8462bb,length_64_gap_8,0.090071797370910603
17,7,qseq_dcd58d81cb05e28d,length_64_gap_8,0.093949556350707994
17,7,qseq_6715416239d80838,length_64_gap_8,-0.021965026855468701
17,7,qseq_8d499f91b4526a3a,length_64_gap_8,-0.15778636932373041
17,7,qseq_587220b2bc085b31,length_64_gap_8,-0.20488595962524411
17,7,qseq_69cc809df6a6f6c9,length_64_gap_8,0.22406578063964841
17,7,qseq_b92aea251b1eff2b,length_64_gap_8,-0.017131805419921799
17,7,qseq_4f51e954884cdf48,length_64_gap_8,-0.056009054183959898
17,7,qseq_fe9ddd894232689b,length_64_gap_8,0.29418778419494618
17,7,qseq_c12d62810ba631af,length_64_gap_8,0.030261516571044901
17,7,qseq_5e9dad96f848721b,length_64_gap_8,-0.0258994102478027
17,7,qseq_32e4b0f9ec8b30ce,length_64_gap_8,0.013608455657958899
17,7,qseq_eab2e57f5041e3f9,length_64_gap_8,0.055508136749267502
17,7,qseq_845854475db5ae4a,length_64_gap_8,-0.0234191417694091
17,7,qseq_8688a95186e10f9c,length_64_gap_8,-0.081196784973144503
17,7,qseq_e8c2d067e77fc845,length_64_gap_8,0.033379554748535101
17,7,qseq_c0d3d38e8bedac65,length_64_gap_8,-0.031009674072265601
17,7,qseq_84ff4fbaaa20d8cc,length_64_gap_8,-0.064110755920410101
17,7,qseq_a0de254948a6e5bf,length_64_gap_16,0.077486515045166002
17,7,qseq_b0e4d687f94733dc,length_64_gap_16,0.054754972457885701
17,7,qseq_be52c9a76238a7d9,length_64_gap_16,0.0089778900146483993
17,7,qseq_f37fbd079a3b6bde,length_64_gap_16,0.0696301460266113
17,7,qseq_ecccef08f74a0d62,length_64_gap_16,0.41304659843444819
17,7,qseq_3b5d281e4d3fc2c2,length_64_gap_16,-0.1107149124145507
17,7,qseq_d1e08ad378e2d77d,length_64_gap_16,0.0037167072296142001
17,7,qseq_7e4b4a517eef4bbc,length_64_gap_16,-0.2044875621795654
17,7,qseq_8b91b6dc4c4ad5a7,length_64_gap_16,-0.039727687835693297
17,7,qseq_61c50fa15c9aaf25,length_64_gap_16,0.0299839973449707
17,7,qseq_eb6a949eb0642356,length_64_gap_16,-0.05499267578125
17,7,qseq_ccbe5bac490d61b5,length_64_gap_16,0.2382287979125976
17,7,qseq_ae9e47b71d61c01f,length_64_gap_16,-0.058185577392578097
17,7,qseq_c423f0620a3bd358,length_64_gap_16,0.2102935314178466
17,7,qseq_b7edc17d7108c749,length_64_gap_16,0.20243310928344721
17,7,qseq_c0b98a93360f9565,length_64_gap_16,-0.030999183654785101
17,7,qseq_b6de0520ecba0cb7,length_64_gap_16,0.12515449523925781
17,7,qseq_adc73ff9cfa008e2,length_64_gap_16,0.046927452087402302
17,7,qseq_2940a4d578561754,length_64_gap_16,0.00390625
17,7,qseq_30994fe2dabf428d,length_64_gap_16,0.075584411621093694
17,7,qseq_949a4801d597a033,length_64_gap_16,0.13568115234375
17,7,qseq_c5b16a3541c1277e,length_64_gap_16,-0.0173802375793457
17,7,qseq_9431506847fefb45,length_64_gap_16,-0.079061269760131794
17,7,qseq_5c36d742824efa4b,length_64_gap_16,0.068163871765136705
17,7,qseq_05d8cddf3ea281a9,length_64_gap_16,-0.2268757820129394
17,7,qseq_f17674cc4392f3bf,length_64_gap_16,-0.15684032440185541
17,7,qseq_382e6ced8b87a663,length_64_gap_16,0.03125
17,7,qseq_fe5cd0e334e253c1,length_64_gap_16,0.1459546089172363
17,7,qseq_b417731b953269a4,length_64_gap_16,0.15515232086181641
17,7,qseq_450cbb29b12c67b7,length_64_gap_16,-0.049487113952636698
17,7,qseq_a30ec5f4c977bbc8,length_64_gap_16,0.096671104431152302
17,7,qseq_f52fc5c697a8e7f5,length_64_gap_16,0.075807571411132799
17,7,qseq_396aff10bb95400f,length_64_gap_16,-0.023716926574707
17,7,qseq_82c1df8241dca3cf,length_64_gap_16,0.38768959045410151
17,7,qseq_204175b8e8f592ff,length_64_gap_16,-0.0077042579650878004
17,7,qseq_b7054e022b918880,length_64_gap_16,0.024777889251708901
17,7,qseq_ba8a8e9d30f030c0,length_64_gap_16,0.28513288497924799
17,7,qseq_57bd27a9adf994ef,length_64_gap_16,-0.021490931510925199
17,7,qseq_df9ba99fcdbb78f6,length_64_gap_16,0.025001525878906201
17,7,qseq_c7f36be3fc9142a4,length_64_gap_16,0.1055383682250976
17,7,qseq_bb25837841d78095,length_64_gap_16,-0.1328125
17,7,qseq_89060805f114dcc8,length_64_gap_16,0.10075688362121581
17,7,qseq_cfce5ff0ec658964,length_64_gap_16,-0.015099048614501899
17,7,qseq_84f8cb3faeb6a744,length_64_gap_16,0.047723293304443297
17,7,qseq_42c429c411c30673,length_64_gap_16,-0.34192419052124018
17,7,qseq_1d8ea3a6efaf9fab,length_64_gap_16,0.086070775985717704
17,7,qseq_a1e47f7cb49b58b7,length_64_gap_16,0.20521640777587891
17,7,qseq_75975c5fcfe56f9f,length_64_gap_16,0.032438278198242097
17,7,qseq_8a0db1772110a4a8,length_64_gap_16,0.078089237213134696
17,7,qseq_5f7ce90f26f794f5,length_64_gap_16,0.0194697380065917
17,7,qseq_f2f94c41d471f1c4,length_64_gap_16,0.26289653778076172
17,7,qseq_d57f36c4148c49c6,length_64_gap_16,-0.078004837036132799
17,7,qseq_fdf96662daefa822,length_64_gap_16,-0.076276779174804604
17,7,qseq_4b71f66c27222d97,length_64_gap_16,0.2593169212341308
17,7,qseq_a1e8b0d618f525ce,length_64_gap_16,-0.1194696426391601
17,7,qseq_8597a5fd74382a82,length_64_gap_16,0.0061521530151366997
17,7,qseq_2317dd357fbf5323,length_64_gap_16,0.015429973602294899
17,7,qseq_44b93471651b7136,length_64_gap_16,0.0329422950744628
17,7,qseq_9936aeb4dac5517c,length_64_gap_16,0.092046260833740207
17,7,qseq_4118977d719f3b17,length_64_gap_16,0.033885955810546799
17,7,qseq_622c80501e6559b9,length_64_gap_16,0.109375
17,7,qseq_995d48cc4618a5d7,length_64_gap_16,0.175323486328125
17,7,qseq_2a1a4deb70ed1a8f,length_64_gap_16,-0.047715187072753899
17,7,qseq_d83a3e748cb0801e,length_64_gap_16,0.085491180419921806
17,10,qseq_00cb1c1a51bbd477,length_32_gap_8,0.1659705638885498
17,10,qseq_fdb0d02eb17a3ad5,length_32_gap_8,-0.037900924682617097
17,10,qseq_0fb480259789823d,length_32_gap_8,0.171875
17,10,qseq_a2e6bd810032888a,length_32_gap_8,0.030238151550292899
17,10,qseq_5ce005c7be85e2b9,length_32_gap_8,-0.0051853656768798004
17,10,qseq_9c1391f827e05414,length_32_gap_8,0.084809303283691406
17,10,qseq_b5c59e25abaa4090,length_32_gap_8,0.028424739837646401
17,10,qseq_9aa233d4f18630ef,length_32_gap_8,0.24861240386962891
17,10,qseq_36581fc0e870746a,length_32_gap_8,-0.46724987030029291
17,10,qseq_f1250fa423e1545e,length_32_gap_8,-0.18483972549438471
17,10,qseq_82e41c38cbe9078a,length_32_gap_8,-0.052179813385009703
17,10,qseq_d0b29249fa160784,length_32_gap_8,-0.53904008865356445
17,10,qseq_05f13a28471ab531,length_32_gap_8,0.1236524581909179
17,10,qseq_f1b36b9fae18111b,length_32_gap_8,-0.42037630081176752
17,10,qseq_83e6b8683b1256b2,length_32_gap_8,-0.66187858581542958
17,10,qseq_67044cfad9f21ecb,length_32_gap_8,-0.124786376953125
17,10,qseq_70ea623170fa926c,length_32_gap_8,0.099582672119140597
17,10,qseq_5b73de916863d399,length_32_gap_8,0.55303859710693348
17,10,qseq_db732a487a875289,length_32_gap_8,-0.00047016143798819999
17,10,qseq_fd7563a3a3cec767,length_32_gap_8,0.13381862640380851
17,10,qseq_d6183e1df454b220,length_32_gap_8,0.43516159057617182
17,10,qseq_1355795077be0f50,length_32_gap_8,-0.0156035423278808
17,10,qseq_8b0497deeb8bcaef,length_32_gap_8,0.23234844207763669
17,10,qseq_1fb3a17d5dccef31,length_32_gap_8,-0.15543174743652341
17,10,qseq_a17078d2a6b4b999,length_32_gap_8,-0.16022825241088859
17,10,qseq_9e89898b6bb8b44e,length_32_gap_8,0.16271591186523429
17,10,qseq_52f1b1128f7f8827,length_32_gap_8,0.093763828277587793
17,10,qseq_d4bff5080bd4daa2,length_32_gap_8,-0.047614097595214802
17,10,qseq_bc537eed9a30ad79,length_32_gap_8,-0.13092279434204099
17,10,qseq_4e294cfbb31deac6,length_32_gap_8,0.29772806167602528
17,10,qseq_a9426dae73873222,length_32_gap_8,-0.073958158493041895
17,10,qseq_84c7ecb2a5f6fb74,length_32_gap_8,-0.14744091033935541
17,10,qseq_2232308bba387df3,length_32_gap_8,-0.58148050308227528
17,10,qseq_c651ff600b8839df,length_32_gap_8,0.073443412780761705
17,10,qseq_bdd4291ac8449310,length_32_gap_8,0.059972763061523403
17,10,qseq_eee8756396fe6af2,length_32_gap_8,-0.042875289916992097
17,10,qseq_d27c4368416fdc93,length_32_gap_8,0.30108165740966791
17,10,qseq_1bc3d720581f5d2b,length_32_gap_8,-0.015596866607666
17,10,qseq_d1b8220e931c7fd7,length_32_gap_8,0.1974377632141113
17,10,qseq_f3612a27015ba1ca,length_32_gap_8,0.21586894989013669
17,10,qseq_983999860e3f68fa,length_32_gap_8,-0.1406331062316894
17,10,qseq_3cc6488c0780e435,length_32_gap_8,-0.028363704681396401
17,10,qseq_896e75303fd36619,length_32_gap_8,0.058722019195556599
17,10,qseq_bb44694bf88faab7,length_32_gap_8,-0.0624527931213378
17,10,qseq_676b73120ca2a061,length_32_gap_8,-0.030496597290039
17,10,qseq_03289c2c4536e699,length_32_gap_8,-1.3181169033050537
17,10,qseq_62632b972840b049,length_32_gap_8,-0.33716869354248041
17,10,qseq_f5d56d42459ee9bc,length_32_gap_8,-0.0035862922668457001
17,10,qseq_32bc0ad658c10a1c,length_32_gap_8,-0.12970256805419919
17,10,qseq_4da58de5cf93ae4a,length_32_gap_8,0.19987630844116211
17,10,qseq_5e6685ba720055c7,length_32_gap_8,-0.099609375
17,10,qseq_2cfb75f54306c844,length_32_gap_8,-0.022078514099121
17,10,qseq_8345587890d3c14f,length_32_gap_8,-0.098750114440917899
17,10,qseq_46afeffe5dd0d89f,length_32_gap_8,-0.0022702217102050001
17,10,qseq_b592f6abbb02f055,length_32_gap_8,-0.048657417297363198
17,10,qseq_3d813b4e2f642750,length_32_gap_8,0.35458755493164062
17,10,qseq_c3ccf9967efbcd30,length_32_gap_8,0.92198228836059559
17,10,qseq_029bb1fad3e341b6,length_32_gap_8,0.2047429084777832
17,10,qseq_f0a1548c14cbff39,length_32_gap_8,-0.1831598281860351
17,10,qseq_ce67b9d37322c254,length_32_gap_8,-0.0090417861938476007
17,10,qseq_1d5def43cbaaf204,length_32_gap_8,-0.0783839225769042
17,10,qseq_ef053ee48a778a2d,length_32_gap_8,-0.23366308212280271
17,10,qseq_aad6bf2a44151808,length_32_gap_8,0.25075149536132812
17,10,qseq_8efc9f11c7cf051c,length_32_gap_8,0.075095176696777302
17,10,qseq_8e716ecd02e0f73a,length_32_gap_16,0.0615386962890625
17,10,qseq_1595750272a9182b,length_32_gap_16,0.0625
17,10,qseq_bcb1e40d4e33a983,length_32_gap_16,0.33800125122070312
17,10,qseq_918b1e8c99f205fc,length_32_gap_16,-0.073874473571777302
17,10,qseq_9bcb64e386770afd,length_32_gap_16,-0.13062953948974601
17,10,qseq_f308f77da35e5150,length_32_gap_16,0.30707740783691401
17,10,qseq_3d452bb0ed05ae44,length_32_gap_16,0.0292096138000488
17,10,qseq_5e121f37966766e3,length_32_gap_16,0.13542485237121579
17,10,qseq_7d05ec534f8e7970,length_32_gap_16,0.15080499649047849
17,10,qseq_1a641e032f933a96,length_32_gap_16,0.033948659896850503
17,10,qseq_afb04c9fd38b4a73,length_32_gap_16,-0.16032505035400391
17,10,qseq_0a7044add0a71938,length_32_gap_16,0.082923173904418904
17,10,qseq_ad84a1c2bee1922b,length_32_gap_16,0.099111557006835896
17,10,qseq_0449b2f15993e9e3,length_32_gap_16,-0.021488189697265601
17,10,qseq_e239bfe29ce1339d,length_32_gap_16,-0.093107223510742104
17,10,qseq_1c01b2c0b82e7c86,length_32_gap_16,0.253173828125
17,10,qseq_5a6f346a0090499e,length_32_gap_16,0.19919872283935541
17,10,qseq_23e29e93fa14dc22,length_32_gap_16,0.1123075485229492
17,10,qseq_aed28d8945a5fd51,length_32_gap_16,0.23296642303466791
17,10,qseq_64af7706440b2eb6,length_32_gap_16,-0.033252716064453097
17,10,qseq_9b65b35ce09e05fc,length_32_gap_16,-0.25793170928955073
17,10,qseq_9966ff37eb81ef5e,length_32_gap_16,-0.14291954040527341
17,10,qseq_2f710e8798ec9e71,length_32_gap_16,0.014500617980957
17,10,qseq_11b039baed6684b4,length_32_gap_16,0.265625
17,10,qseq_60e817fc1eb4a770,length_32_gap_16,0.1092066764831543
17,10,qseq_704ee3aa78d74315,length_32_gap_16,0.0035996437072753
17,10,qseq_56aa2892fb9d4215,length_32_gap_16,-0.14796113967895499
17,10,qseq_cfd0f3fa73dabac6,length_32_gap_16,-0.20993590354919431
17,10,qseq_4d8b8abbf9e82df2,length_32_gap_16,0.097692489624023396
17,10,qseq_dc290e31b0f7fee9,length_32_gap_16,0.2238597869873046
17,10,qseq_d59e491f27122012,length_32_gap_16,-0.16819000244140619
17,10,qseq_0d1644fe34089dc5,length_32_gap_16,-0.0070056915283203004
17,10,qseq_b0f1c882cbfc023b,length_32_gap_16,-0.043901443481445299
17,10,qseq_ae326193ef533b6f,length_32_gap_16,-0.077951431274413993
17,10,qseq_b90113f916a4ef25,length_32_gap_16,-0.075111389160156194
17,10,qseq_47db8e82e82ab9ab,length_32_gap_16,-0.5533747673034668
17,10,qseq_1bd1876170be1293,length_32_gap_16,-0.1013984680175781
17,10,qseq_28a6625244b67550,length_32_gap_16,0.3942351341247558
17,10,qseq_0319d5aa3b7a2109,length_32_gap_16,-0.1137075424194335
17,10,qseq_b4281d845cf8791c,length_32_gap_16,-0.00072717666625970003
17,10,qseq_eb72d6b6095aa9bf,length_32_gap_16,0.1542296409606933
17,10,qseq_2a530f25c94c88b0,length_32_gap_16,0.0020427703857420999
17,10,qseq_b90ee294cda3f4ef,length_32_gap_16,0.0529923439025878
17,10,qseq_2194e53c28d8ac06,length_32_gap_16,0.28876352310180659
17,10,qseq_cd35a5d7a5f5a555,length_32_gap_16,-0.081225395202636705
17,10,qseq_e3fd7e822923d545,length_32_gap_16,-0.1652073860168457
17,10,qseq_3c1160a318793be3,length_32_gap_16,0.1139216423034668
17,10,qseq_a4167c2fe5df8c7f,length_32_gap_16,0.099923133850097601
17,10,qseq_fa6f788e8ca0ef62,length_32_gap_16,-0.29233121871948242
17,10,qseq_98487b25edb3051f,length_32_gap_16,-0.28639411926269531
17,10,qseq_1f823851ae16f13f,length_32_gap_16,-0.12449741363525391
17,10,qseq_b190b48533f45a2c,length_32_gap_16,0.12439298629760739
17,10,qseq_63d72c96ef626e2d,length_32_gap_16,-0.0010204315185545999
17,10,qseq_a28e2ec155ecc582,length_32_gap_16,0.046639442443847601
17,10,qseq_eb02fc157dd74784,length_32_gap_16,-0.44827651977539062
17,10,qseq_e887c4a51d9b260c,length_32_gap_16,-0.43981361389160151
17,10,qseq_dee021939107fbde,length_32_gap_16,0.11920690536499021
17,10,qseq_affe6175ca94dda2,length_32_gap_16,0.035567283630370997
17,10,qseq_7be057ad143b9690,length_32_gap_16,-0.056369304656982401
17,10,qseq_24f5b4f7f640338f,length_32_gap_16,-0.040340423583984299
17,10,qseq_43ebed208484255f,length_32_gap_16,0.0946240425109863
17,10,qseq_c613b96c7912d379,length_32_gap_16,-0.078125
17,10,qseq_7f5aade052d4177f,length_32_gap_16,-0.093586921691894503
17,10,qseq_ee49c796752d8710,length_32_gap_16,0.2728817462921142
17,10,qseq_b3f568f628b46423,length_64_gap_8,-0.052501201629638602
17,10,qseq_2fb25780aa1dbffa,length_64_gap_8,0.031408309936523403
17,10,qseq_fd1170e3dcd5f55e,length_64_gap_8,-0.31173229217529291
17,10,qseq_24b25ead5a4620eb,length_64_gap_8,0.17013120651245109
17,10,qseq_4074ee710223309a,length_64_gap_8,-0.15636348724365229
17,10,qseq_4279be38393632ff,length_64_gap_8,0.14015841484069819
17,10,qseq_a128a3ad062f254f,length_64_gap_8,0.10654854774475089
17,10,qseq_40546941dd2db2c4,length_64_gap_8,-0.077484130859375
17,10,qseq_bd1d709ea9de2442,length_64_gap_8,0.047452926635742097
17,10,qseq_0701dad0bea1f82c,length_64_gap_8,0.076757907867431599
17,10,qseq_1922d44b2343c70a,length_64_gap_8,-0.32698774337768549
17,10,qseq_730ee300e88dbdc9,length_64_gap_8,0.075169324874877902
17,10,qseq_5b194ba92705c9b8,length_64_gap_8,-0.0165600776672363
17,10,qseq_021ce8a6eb41287d,length_64_gap_8,-0.32679557800292958
17,10,qseq_039bccf871e60190,length_64_gap_8,-0.49940991401672358
17,10,qseq_c9895be6cd96e125,length_64_gap_8,0.053378105163574198
17,10,qseq_e517bd5620ecf760,length_64_gap_8,-0.056666374206542899
17,10,qseq_05be70e9da000c21,length_64_gap_8,0.068046569824218694
17,10,qseq_9e0484c8cf5ddfc6,length_64_gap_8,0.27479887008666992
17,10,qseq_d8653dab52d91576,length_64_gap_8,0.031506538391113198
17,10,qseq_7c7ae2fc6a76be76,length_64_gap_8,0.1013228893280029
17,10,qseq_eea059d57beab37f,length_64_gap_8,0.2104377746582031
17,10,qseq_8fee472e774e69bb,length_64_gap_8,-0.33492875099182118
17,10,qseq_6a6e891f0af35a46,length_64_gap_8,-0.021791458129882799
17,10,qseq_a6eb78d92d0c43ab,length_64_gap_8,0.021668434143066399
17,10,qseq_4eb4bdf24b06d78c,length_64_gap_8,0.17509555816650391
17,10,qseq_772ec14d440e73c4,length_64_gap_8,0.13665676116943351
17,10,qseq_c9795ce42618194e,length_64_gap_8,0.042020559310913003
17,10,qseq_ad3d3bcb9795d514,length_64_gap_8,-0.15926957130432121
17,10,qseq_1e356400a385b9c8,length_64_gap_8,-0.019275665283203101
17,10,qseq_200c199e7437db70,length_64_gap_8,-0.019362449645996
17,10,qseq_f93016a2d910f6d4,length_64_gap_8,0.1551094055175781
17,10,qseq_b26f645287ad75c3,length_64_gap_8,0.043604373931884703
17,10,qseq_5dbd77e6301a4d88,length_64_gap_8,0.2030267715454101
17,10,qseq_1f519fea8800a91a,length_64_gap_8,0.017395973205566399
17,10,qseq_c22690e962dda79a,length_64_gap_8,0.36241507530212402
17,10,qseq_aa1bf93acfa1394f,length_64_gap_8,0.24958038330078119
17,10,qseq_c7e2bf5dffccfdb4,length_64_gap_8,-0.15300750732421869
17,10,qseq_f0b7c35e28157360,length_64_gap_8,0.21631979942321769
17,10,qseq_5b3541bc4ecd5520,length_64_gap_8,-0.045157432556152302
17,10,qseq_51105068c69885d2,length_64_gap_8,-0.39540457725524902
17,10,qseq_1fa7df7dac6c2475,length_64_gap_8,0.23337459564208979
17,10,qseq_1f17912f3d8f9da9,length_64_gap_8,-0.40616178512573242
17,10,qseq_492ddced5e4b2559,length_64_gap_8,0.2803435325622558
17,10,qseq_131de4ffcd89e6e9,length_64_gap_8,0.1014142036437988
17,10,qseq_2eba76d2215c33b9,length_64_gap_8,0.066151618957519503
17,10,qseq_a1c3fb56cf8462bb,length_64_gap_8,-0.078426837921142495
17,10,qseq_dcd58d81cb05e28d,length_64_gap_8,-0.0625
17,10,qseq_6715416239d80838,length_64_gap_8,0.087763309478759696
17,10,qseq_8d499f91b4526a3a,length_64_gap_8,0.0286407470703125
17,10,qseq_587220b2bc085b31,length_64_gap_8,0.0222115516662597
17,10,qseq_69cc809df6a6f6c9,length_64_gap_8,0.077851772308349595
17,10,qseq_b92aea251b1eff2b,length_64_gap_8,0.045368194580078097
17,10,qseq_4f51e954884cdf48,length_64_gap_8,0.12856912612915031
17,10,qseq_fe9ddd894232689b,length_64_gap_8,-0.072449207305908203
17,10,qseq_c12d62810ba631af,length_64_gap_8,0.049927711486816399
17,10,qseq_5e9dad96f848721b,length_64_gap_8,-0.3066644668579101
17,10,qseq_32e4b0f9ec8b30ce,length_64_gap_8,-0.097771644592285101
17,10,qseq_eab2e57f5041e3f9,length_64_gap_8,-0.038241863250732401
17,10,qseq_845854475db5ae4a,length_64_gap_8,-0.0037648677825927001
17,10,qseq_8688a95186e10f9c,length_64_gap_8,0.044200420379638602
17,10,qseq_e8c2d067e77fc845,length_64_gap_8,-0.030981898307800199
17,10,qseq_c0d3d38e8bedac65,length_64_gap_8,0.0091657638549803994
17,10,qseq_84ff4fbaaa20d8cc,length_64_gap_8,0.053465843200683497
17,10,qseq_a0de254948a6e5bf,length_64_gap_16,0.24331760406494141
17,10,qseq_b0e4d687f94733dc,length_64_gap_16,0.093188285827636705
17,10,qseq_be52c9a76238a7d9,length_64_gap_16,0.1484062671661377
17,10,qseq_f37fbd079a3b6bde,length_64_gap_16,0.213688850402832
17,10,qseq_ecccef08f74a0d62,length_64_gap_16,-0.21422743797302241
17,10,qseq_3b5d281e4d3fc2c2,length_64_gap_16,0.0249786376953125
17,10,qseq_d1e08ad378e2d77d,length_64_gap_16,-0.42652583122253412
17,10,qseq_7e4b4a517eef4bbc,length_64_gap_16,-0.1057116985321044
17,10,qseq_8b91b6dc4c4ad5a7,length_64_gap_16,-0.1564784049987793
17,10,qseq_61c50fa15c9aaf25,length_64_gap_16,-0.1260347366333007
17,10,qseq_eb6a949eb0642356,length_64_gap_16,0.022393226623535101
17,10,qseq_ccbe5bac490d61b5,length_64_gap_16,0.043558120727539
17,10,qseq_ae9e47b71d61c01f,length_64_gap_16,0.14945650100707999
17,10,qseq_c423f0620a3bd358,length_64_gap_16,0.038987636566162102
17,10,qseq_b7edc17d7108c749,length_64_gap_16,-0.034830570220947203
17,10,qseq_c0b98a93360f9565,length_64_gap_16,-0.0181012153625488
17,10,qseq_b6de0520ecba0cb7,length_64_gap_16,0.1869697570800781
17,10,qseq_adc73ff9cfa008e2,length_64_gap_16,-0.1246113777160644
17,10,qseq_2940a4d578561754,length_64_gap_16,0.5119938850402832
17,10,qseq_30994fe2dabf428d,length_64_gap_16,0.22162818908691401
17,10,qseq_949a4801d597a033,length_64_gap_16,0.13337802886962891
17,10,qseq_c5b16a3541c1277e,length_64_gap_16,0.063599109649658203
17,10,qseq_9431506847fefb45,length_64_gap_16,-0.053813695907592697
17,10,qseq_5c36d742824efa4b,length_64_gap_16,0.077089309692382799
17,10,qseq_05d8cddf3ea281a9,length_64_gap_16,-0.074016571044921806
17,10,qseq_f17674cc4392f3bf,length_64_gap_16,-0.0087075233459471997
17,10,qseq_382e6ced8b87a663,length_64_gap_16,-0.16921555995941159
17,10,qseq_fe5cd0e334e253c1,length_64_gap_16,0.045909166336059501
17,10,qseq_b417731b953269a4,length_64_gap_16,-0.060185432434081997
17,10,qseq_450cbb29b12c67b7,length_64_gap_16,-0.31618118286132812
17,10,qseq_a30ec5f4c977bbc8,length_64_gap_16,-0.1003284454345703
17,10,qseq_f52fc5c697a8e7f5,length_64_gap_16,0.4248590469360351
17,10,qseq_396aff10bb95400f,length_64_gap_16,-0.023264884948730399
17,10,qseq_82c1df8241dca3cf,length_64_gap_16,0.016487121582031201
17,10,qseq_204175b8e8f592ff,length_64_gap_16,0.35916566848754877
17,10,qseq_b7054e022b918880,length_64_gap_16,0.035748004913330002
17,10,qseq_ba8a8e9d30f030c0,length_64_gap_16,-0.18321990966796869
17,10,qseq_57bd27a9adf994ef,length_64_gap_16,-0.089726448059082003
17,10,qseq_df9ba99fcdbb78f6,length_64_gap_16,-0.16546964645385739
17,10,qseq_c7f36be3fc9142a4,length_64_gap_16,0.29085111618041992
17,10,qseq_bb25837841d78095,length_64_gap_16,-0.27506113052368159
17,10,qseq_89060805f114dcc8,length_64_gap_16,-0.19000911712646479
17,10,qseq_cfce5ff0ec658964,length_64_gap_16,-0.076809406280517495
17,10,qseq_84f8cb3faeb6a744,length_64_gap_16,-0.1235585212707519
17,10,qseq_42c429c411c30673,length_64_gap_16,-0.35594272613525391
17,10,qseq_1d8ea3a6efaf9fab,length_64_gap_16,-0.14070725440979001
17,10,qseq_a1e47f7cb49b58b7,length_64_gap_16,-0.0188846588134765
17,10,qseq_75975c5fcfe56f9f,length_64_gap_16,-0.3168792724609375
17,10,qseq_8a0db1772110a4a8,length_64_gap_16,0.0057320594787596997
17,10,qseq_5f7ce90f26f794f5,length_64_gap_16,0.12485456466674801
17,10,qseq_f2f94c41d471f1c4,length_64_gap_16,-0.44245052337646479
17,10,qseq_d57f36c4148c49c6,length_64_gap_16,0.047625064849853502
17,10,qseq_fdf96662daefa822,length_64_gap_16,0.052314758300781201
17,10,qseq_4b71f66c27222d97,length_64_gap_16,-0.18394088745117179
17,10,qseq_a1e8b0d618f525ce,length_64_gap_16,0.13369369506835929
17,10,qseq_8597a5fd74382a82,length_64_gap_16,0.1013050079345703
17,10,qseq_2317dd357fbf5323,length_64_gap_16,-0.15540647506713859
17,10,qseq_44b93471651b7136,length_64_gap_16,-0.0202994346618652
17,10,qseq_9936aeb4dac5517c,length_64_gap_16,0.068312168121337793
17,10,qseq_4118977d719f3b17,length_64_gap_16,-0.1177239418029785
17,10,qseq_622c80501e6559b9,length_64_gap_16,0.007997989654541
17,10,qseq_995d48cc4618a5d7,length_64_gap_16,0.038708209991455002
17,10,qseq_2a1a4deb70ed1a8f,length_64_gap_16,0.1566438674926757
17,10,qseq_d83a3e748cb0801e,length_64_gap_16,-0.1225776672363281
26,16,qseq_00cb1c1a51bbd477,length_32_gap_8,-0.087593555450439398
26,16,qseq_fdb0d02eb17a3ad5,length_32_gap_8,-0.080630302429199205
26,16,qseq_0fb480259789823d,length_32_gap_8,0.360107421875
26,16,qseq_a2e6bd810032888a,length_32_gap_8,-0.1113367080688476
26,16,qseq_5ce005c7be85e2b9,length_32_gap_8,0.0249598026275634
26,16,qseq_9c1391f827e05414,length_32_gap_8,0.0625
26,16,qseq_b5c59e25abaa4090,length_32_gap_8,0.31176495552062983
26,16,qseq_9aa233d4f18630ef,length_32_gap_8,0.014237403869628899
26,16,qseq_36581fc0e870746a,length_32_gap_8,0.17531394958496091
26,16,qseq_f1250fa423e1545e,length_32_gap_8,0.023989677429199201
26,16,qseq_82e41c38cbe9078a,length_32_gap_8,-0.0127835273742675
26,16,qseq_d0b29249fa160784,length_32_gap_8,-0.1946992874145507
26,16,qseq_05f13a28471ab531,length_32_gap_8,0.0011148452758789
26,16,qseq_f1b36b9fae18111b,length_32_gap_8,0.1171875
26,16,qseq_83e6b8683b1256b2,length_32_gap_8,0.09375
26,16,qseq_67044cfad9f21ecb,length_32_gap_8,0.34413385391235352
26,16,qseq_70ea623170fa926c,length_32_gap_8,-0.056642532348632799
26,16,qseq_5b73de916863d399,length_32_gap_8,-0.088652133941650293
26,16,qseq_db732a487a875289,length_32_gap_8,-0.13985729217529291
26,16,qseq_fd7563a3a3cec767,length_32_gap_8,-0.097089767456054604
26,16,qseq_d6183e1df454b220,length_32_gap_8,-0.1917505264282226
26,16,qseq_1355795077be0f50,length_32_gap_8,0.1562385559082031
26,16,qseq_8b0497deeb8bcaef,length_32_gap_8,0.21875
26,16,qseq_1fb3a17d5dccef31,length_32_gap_8,0.00070571899414059995
26,16,qseq_a17078d2a6b4b999,length_32_gap_8,-0.1637697219848632
26,16,qseq_9e89898b6bb8b44e,length_32_gap_8,0.23256969451904291
26,16,qseq_52f1b1128f7f8827,length_32_gap_8,0.53084039688110352
26,16,qseq_d4bff5080bd4daa2,length_32_gap_8,0.2047462463378906
26,16,qseq_bc537eed9a30ad79,length_32_gap_8,0.8878941535949707
26,16,qseq_4e294cfbb31deac6,length_32_gap_8,-0.023588180541992101
26,16,qseq_a9426dae73873222,length_32_gap_8,-0.13055038452148429
26,16,qseq_84c7ecb2a5f6fb74,length_32_gap_8,0.0048639774322509002
26,16,qseq_2232308bba387df3,length_32_gap_8,-0.027091026306152299
26,16,qseq_c651ff600b8839df,length_32_gap_8,-0.019508361816406201
26,16,qseq_bdd4291ac8449310,length_32_gap_8,0.1127204895019531
26,16,qseq_eee8756396fe6af2,length_32_gap_8,0.081809043884277302
26,16,qseq_d27c4368416fdc93,length_32_gap_8,-0.082024574279785101
26,16,qseq_1bc3d720581f5d2b,length_32_gap_8,0.093587875366210896
26,16,qseq_d1b8220e931c7fd7,length_32_gap_8,-0.1912388801574707
26,16,qseq_f3612a27015ba1ca,length_32_gap_8,0.0115528106689453
26,16,qseq_983999860e3f68fa,length_32_gap_8,0.028443813323974599
26,16,qseq_3cc6488c0780e435,length_32_gap_8,-0.099688053131103502
26,16,qseq_896e75303fd36619,length_32_gap_8,0.092994689941406194
26,16,qseq_bb44694bf88faab7,length_32_gap_8,-0.0157008171081542
26,16,qseq_676b73120ca2a061,length_32_gap_8,0.0088605880737303994
26,16,qseq_03289c2c4536e699,length_32_gap_8,-0.063751220703125
26,16,qseq_62632b972840b049,length_32_gap_8,-0.15402746200561521
26,16,qseq_f5d56d42459ee9bc,length_32_gap_8,0.45124387741088862
26,16,qseq_32bc0ad658c10a1c,length_32_gap_8,0.0122623443603515
26,16,qseq_4da58de5cf93ae4a,length_32_gap_8,0.25084209442138672
26,16,qseq_5e6685ba720055c7,length_32_gap_8,-0.0016384124755859
26,16,qseq_2cfb75f54306c844,length_32_gap_8,-0.29892253875732422
26,16,qseq_8345587890d3c14f,length_32_gap_8,0.11217880249023431
26,16,qseq_46afeffe5dd0d89f,length_32_gap_8,0.772552490234375
26,16,qseq_b592f6abbb02f055,length_32_gap_8,1.029447078704834
26,16,qseq_3d813b4e2f642750,length_32_gap_8,0.70132255554199208
26,16,qseq_c3ccf9967efbcd30,length_32_gap_8,0.26966953277587891
26,16,qseq_029bb1fad3e341b6,length_32_gap_8,0.23989057540893549
26,16,qseq_f0a1548c14cbff39,length_32_gap_8,0.50679731369018555
26,16,qseq_ce67b9d37322c254,length_32_gap_8,0.0372824668884277
26,16,qseq_1d5def43cbaaf204,length_32_gap_8,-0.0663752555847167
26,16,qseq_ef053ee48a778a2d,length_32_gap_8,-0.0645031929016113
26,16,qseq_aad6bf2a44151808,length_32_gap_8,0.63336849212646484
26,16,qseq_8efc9f11c7cf051c,length_32_gap_8,-0.1369972229003906
26,16,qseq_8e716ecd02e0f73a,length_32_gap_16,0.053551673889160101
26,16,qseq_1595750272a9182b,length_32_gap_16,0
26,16,qseq_bcb1e40d4e33a983,length_32_gap_16,0.037933349609375
26,16,qseq_918b1e8c99f205fc,length_32_gap_16,-0.021786212921142498
26,16,qseq_9bcb64e386770afd,length_32_gap_16,-0.016577720642089799
26,16,qseq_f308f77da35e5150,length_32_gap_16,0.066856861114501898
26,16,qseq_3d452bb0ed05ae44,length_32_gap_16,-0.016989469528198201
26,16,qseq_5e121f37966766e3,length_32_gap_16,0.1149334907531738
26,16,qseq_7d05ec534f8e7970,length_32_gap_16,-0.086154937744140597
26,16,qseq_1a641e032f933a96,length_32_gap_16,-0.0293047428131103
26,16,qseq_afb04c9fd38b4a73,length_32_gap_16,-0.2221651077270507
26,16,qseq_0a7044add0a71938,length_32_gap_16,-0.17852306365966791
26,16,qseq_ad84a1c2bee1922b,length_32_gap_16,0.032112121582031201
26,16,qseq_0449b2f15993e9e3,length_32_gap_16,-0.1081457138061523
26,16,qseq_e239bfe29ce1339d,length_32_gap_16,-0.093707561492919894
26,16,qseq_1c01b2c0b82e7c86,length_32_gap_16,-0.057000637054443297
26,16,qseq_5a6f346a0090499e,length_32_gap_16,-0.0256900787353515
26,16,qseq_23e29e93fa14dc22,length_32_gap_16,0.072380065917968694
26,16,qseq_aed28d8945a5fd51,length_32_gap_16,-0.073648452758788993
26,16,qseq_64af7706440b2eb6,length_32_gap_16,0.006723403930664
26,16,qseq_9b65b35ce09e05fc,length_32_gap_16,0.035865783691406201
26,16,qseq_9966ff37eb81ef5e,length_32_gap_16,-0.2039418220520019
26,16,qseq_2f710e8798ec9e71,length_32_gap_16,-0.039995193481445299
26,16,qseq_11b039baed6684b4,length_32_gap_16,0.049269676208495997
26,16,qseq_60e817fc1eb4a770,length_32_gap_16,-0.015613555908203101
26,16,qseq_704ee3aa78d74315,length_32_gap_16,-0.00408935546875
26,16,qseq_56aa2892fb9d4215,length_32_gap_16,-0.1671271324157714
26,16,qseq_cfd0f3fa73dabac6,length_32_gap_16,0.70329904556274414
26,16,qseq_4d8b8abbf9e82df2,length_32_gap_16,0.15793609619140619
26,16,qseq_dc290e31b0f7fee9,length_32_gap_16,-0.048436164855956997
26,16,qseq_d59e491f27122012,length_32_gap_16,-0.077604293823242104
26,16,qseq_0d1644fe34089dc5,length_32_gap_16,0.061046600341796799
26,16,qseq_b0f1c882cbfc023b,length_32_gap_16,-0.1157522201538085
26,16,qseq_ae326193ef533b6f,length_32_gap_16,0.044930458068847601
26,16,qseq_b90113f916a4ef25,length_32_gap_16,0.61609935760498036
26,16,qseq_47db8e82e82ab9ab,length_32_gap_16,-0.043475627899169901
26,16,qseq_1bd1876170be1293,length_32_gap_16,-0.048188209533691399
26,16,qseq_28a6625244b67550,length_32_gap_16,0.046151638031005797
26,16,qseq_0319d5aa3b7a2109,length_32_gap_16,0.0107040405273437
26,16,qseq_b4281d845cf8791c,length_32_gap_16,0.1242733001708984
26,16,qseq_eb72d6b6095aa9bf,length_32_gap_16,-0.15238857269287101
26,16,qseq_2a530f25c94c88b0,length_32_gap_16,-0.0690765380859375
26,16,qseq_b90ee294cda3f4ef,length_32_gap_16,0.075298786163329995
26,16,qseq_2194e53c28d8ac06,length_32_gap_16,-0.091517925262451102
26,16,qseq_cd35a5d7a5f5a555,length_32_gap_16,-0.1256685256958007
26,16,qseq_e3fd7e822923d545,length_32_gap_16,0.1192736625671386
26,16,qseq_3c1160a318793be3,length_32_gap_16,0.1434717178344726
26,16,qseq_a4167c2fe5df8c7f,length_32_gap_16,-0.1226301193237304
26,16,qseq_fa6f788e8ca0ef62,length_32_gap_16,-0.044618606567382799
26,16,qseq_98487b25edb3051f,length_32_gap_16,0.62690973281860352
26,16,qseq_1f823851ae16f13f,length_32_gap_16,-0.091117382049560505
26,16,qseq_b190b48533f45a2c,length_32_gap_16,-0.094320297241210896
26,16,qseq_63d72c96ef626e2d,length_32_gap_16,-0.081871032714843694
26,16,qseq_a28e2ec155ecc582,length_32_gap_16,-0.074470520019531194
26,16,qseq_eb02fc157dd74784,length_32_gap_16,-0.062004089355468701
26,16,qseq_e887c4a51d9b260c,length_32_gap_16,-0.1110754013061523
26,16,qseq_dee021939107fbde,length_32_gap_16,0.70681095123291005
26,16,qseq_affe6175ca94dda2,length_32_gap_16,0.2238249778747558
26,16,qseq_7be057ad143b9690,length_32_gap_16,-0.2269525527954101
26,16,qseq_24f5b4f7f640338f,length_32_gap_16,-0.048995018005370997
26,16,qseq_43ebed208484255f,length_32_gap_16,-0.21524381637573239
26,16,qseq_c613b96c7912d379,length_32_gap_16,-0.0135979652404785
26,16,qseq_7f5aade052d4177f,length_32_gap_16,-0.062312126159667899
26,16,qseq_ee49c796752d8710,length_32_gap_16,-0.1277809143066406
26,16,qseq_b3f568f628b46423,length_64_gap_8,0.10229110717773431
26,16,qseq_2fb25780aa1dbffa,length_64_gap_8,-0.046108245849609299
26,16,qseq_fd1170e3dcd5f55e,length_64_gap_8,0.00029277801513669999
26,16,qseq_24b25ead5a4620eb,length_64_gap_8,0.1007289886474609
26,16,qseq_4074ee710223309a,length_64_gap_8,-0.0020909309387207001
26,16,qseq_4279be38393632ff,length_64_gap_8,-0.066245317459106404
26,16,qseq_a128a3ad062f254f,length_64_gap_8,-0.1028196811676025
26,16,qseq_40546941dd2db2c4,length_64_gap_8,0.054595947265625
26,16,qseq_bd1d709ea9de2442,length_64_gap_8,0.054092168807983301
26,16,qseq_0701dad0bea1f82c,length_64_gap_8,-0.025681734085083001
26,16,qseq_1922d44b2343c70a,length_64_gap_8,-0.1260228157043457
26,16,qseq_730ee300e88dbdc9,length_64_gap_8,-0.097797155380248996
26,16,qseq_5b194ba92705c9b8,length_64_gap_8,-0.044798851013183497
26,16,qseq_021ce8a6eb41287d,length_64_gap_8,0.061800003051757799
26,16,qseq_039bccf871e60190,length_64_gap_8,-0.089303493499755804
26,16,qseq_c9895be6cd96e125,length_64_gap_8,0.139012336730957
26,16,qseq_e517bd5620ecf760,length_64_gap_8,0.69430065155029286
26,16,qseq_05be70e9da000c21,length_64_gap_8,0.33801746368408198
26,16,qseq_9e0484c8cf5ddfc6,length_64_gap_8,0.1065230369567871
26,16,qseq_d8653dab52d91576,length_64_gap_8,-0.1040058135986328
26,16,qseq_7c7ae2fc6a76be76,length_64_gap_8,0.31270146369934082
26,16,qseq_eea059d57beab37f,length_64_gap_8,0.025727272033691399
26,16,qseq_8fee472e774e69bb,length_64_gap_8,-0.2460458278656005
26,16,qseq_6a6e891f0af35a46,length_64_gap_8,0.082743644714355399
26,16,qseq_a6eb78d92d0c43ab,length_64_gap_8,0.0031051635742187001
26,16,qseq_4eb4bdf24b06d78c,length_64_gap_8,0.045611858367919901
26,16,qseq_772ec14d440e73c4,length_64_gap_8,0.076863288879394503
26,16,qseq_c9795ce42618194e,length_64_gap_8,-0.10128641128540029
26,16,qseq_ad3d3bcb9795d514,length_64_gap_8,0.048314809799194301
26,16,qseq_1e356400a385b9c8,length_64_gap_8,-0.051631450653076102
26,16,qseq_200c199e7437db70,length_64_gap_8,0.02947998046875
26,16,qseq_f93016a2d910f6d4,length_64_gap_8,0.1083574295043945
26,16,qseq_b26f645287ad75c3,length_64_gap_8,0.40535306930541992
26,16,qseq_5dbd77e6301a4d88,length_64_gap_8,-0.1088123321533203
26,16,qseq_1f519fea8800a91a,length_64_gap_8,-0.073064804077148396
26,16,qseq_c22690e962dda79a,length_64_gap_8,0.0878469944000244
26,16,qseq_aa1bf93acfa1394f,length_64_gap_8,-0.33582186698913569
26,16,qseq_c7e2bf5dffccfdb4,length_64_gap_8,0.073731422424316406
26,16,qseq_f0b7c35e28157360,length_64_gap_8,-0.15903902053832999
26,16,qseq_5b3541bc4ecd5520,length_64_gap_8,0.013427734375
26,16,qseq_51105068c69885d2,length_64_gap_8,-0.027910709381103498
26,16,qseq_1fa7df7dac6c2475,length_64_gap_8,-0.1316990852355957
26,16,qseq_1f17912f3d8f9da9,length_64_gap_8,0.56245708465576172
26,16,qseq_492ddced5e4b2559,length_64_gap_8,-0.078585147857666002
26,16,qseq_131de4ffcd89e6e9,length_64_gap_8,-0.1475958824157714
26,16,qseq_2eba76d2215c33b9,length_64_gap_8,-0.0080468654632567995
26,16,qseq_a1c3fb56cf8462bb,length_64_gap_8,-0.025788545608520501
26,16,qseq_dcd58d81cb05e28d,length_64_gap_8,0.140625
26,16,qseq_6715416239d80838,length_64_gap_8,0.014567375183105399
26,16,qseq_8d499f91b4526a3a,length_64_gap_8,-0.14986705780029291
26,16,qseq_587220b2bc085b31,length_64_gap_8,-0.0426011085510253
26,16,qseq_69cc809df6a6f6c9,length_64_gap_8,0.82706069946289062
26,16,qseq_b92aea251b1eff2b,length_64_gap_8,-0.1096858978271484
26,16,qseq_4f51e954884cdf48,length_64_gap_8,-0.32704401016235352
26,16,qseq_fe9ddd894232689b,length_64_gap_8,-0.16050314903259269
26,16,qseq_c12d62810ba631af,length_64_gap_8,-0.21811485290527341
26,16,qseq_5e9dad96f848721b,length_64_gap_8,-0.34742593765258778
26,16,qseq_32e4b0f9ec8b30ce,length_64_gap_8,0.14839076995849601
26,16,qseq_eab2e57f5041e3f9,length_64_gap_8,0.0625
26,16,qseq_845854475db5ae4a,length_64_gap_8,-0.1045851707458496
26,16,qseq_8688a95186e10f9c,length_64_gap_8,-0.0042572021484375
26,16,qseq_e8c2d067e77fc845,length_64_gap_8,0.019012093544006299
26,16,qseq_c0d3d38e8bedac65,length_64_gap_8,0.1702098846435546
26,16,qseq_84ff4fbaaa20d8cc,length_64_gap_8,-0.085796356201171806
26,16,qseq_a0de254948a6e5bf,length_64_gap_16,-0.035347938537597601
26,16,qseq_b0e4d687f94733dc,length_64_gap_16,0.14042901992797849
26,16,qseq_be52c9a76238a7d9,length_64_gap_16,0.014588832855224601
26,16,qseq_f37fbd079a3b6bde,length_64_gap_16,0.066173553466796806
26,16,qseq_ecccef08f74a0d62,length_64_gap_16,-0.085176944732666002
26,16,qseq_3b5d281e4d3fc2c2,length_64_gap_16,0.011444091796875
26,16,qseq_d1e08ad378e2d77d,length_64_gap_16,0.014318943023681601
26,16,qseq_7e4b4a517eef4bbc,length_64_gap_16,-0.1217999458312988
26,16,qseq_8b91b6dc4c4ad5a7,length_64_gap_16,0.1003150939941406
26,16,qseq_61c50fa15c9aaf25,length_64_gap_16,-0.11168670654296869
26,16,qseq_eb6a949eb0642356,length_64_gap_16,-0.0019454956054686999
26,16,qseq_ccbe5bac490d61b5,length_64_gap_16,0.24154949188232419
26,16,qseq_ae9e47b71d61c01f,length_64_gap_16,0.81110239028930664
26,16,qseq_c423f0620a3bd358,length_64_gap_16,0.27762949466705322
26,16,qseq_b7edc17d7108c749,length_64_gap_16,-0.068217277526855399
26,16,qseq_c0b98a93360f9565,length_64_gap_16,-0.048779487609863198
26,16,qseq_b6de0520ecba0cb7,length_64_gap_16,-0.1252422332763671
26,16,qseq_adc73ff9cfa008e2,length_64_gap_16,0.083779335021972601
26,16,qseq_2940a4d578561754,length_64_gap_16,-0.023776531219482401
26,16,qseq_30994fe2dabf428d,length_64_gap_16,0.68104743957519531
26,16,qseq_949a4801d597a033,length_64_gap_16,-0.1154789924621582
26,16,qseq_c5b16a3541c1277e,length_64_gap_16,-0.3787312507629394
26,16,qseq_9431506847fefb45,length_64_gap_16,-0.076657056808471596
26,16,qseq_5c36d742824efa4b,length_64_gap_16,0.99494123458862305
26,16,qseq_05d8cddf3ea281a9,length_64_gap_16,-0.18567132949829099
26,16,qseq_f17674cc4392f3bf,length_64_gap_16,-0.063717842102050698
26,16,qseq_382e6ced8b87a663,length_64_gap_16,-0.10813331604003899
26,16,qseq_fe5cd0e334e253c1,length_64_gap_16,-0.018771409988403299
26,16,qseq_b417731b953269a4,length_64_gap_16,-0.024671554565429601
26,16,qseq_450cbb29b12c67b7,length_64_gap_16,0.069519996643066406
26,16,qseq_a30ec5f4c977bbc8,length_64_gap_16,-0.039545774459838798
26,16,qseq_f52fc5c697a8e7f5,length_64_gap_16,0.024266242980957
26,16,qseq_396aff10bb95400f,length_64_gap_16,-0.094402313232421806
26,16,qseq_82c1df8241dca3cf,length_64_gap_16,-0.078125
26,16,qseq_204175b8e8f592ff,length_64_gap_16,-0.0632824897766113
26,16,qseq_b7054e022b918880,length_64_gap_16,-0.027408599853515601
26,16,qseq_ba8a8e9d30f030c0,length_64_gap_16,-0.15643882751464841
26,16,qseq_57bd27a9adf994ef,length_64_gap_16,-0.0028265714645385001
26,16,qseq_df9ba99fcdbb78f6,length_64_gap_16,0.55938816070556641
26,16,qseq_c7f36be3fc9142a4,length_64_gap_16,-0.099346160888671806
26,16,qseq_bb25837841d78095,length_64_gap_16,0.023918151855468701
26,16,qseq_89060805f114dcc8,length_64_gap_16,-0.11956787109375
26,16,qseq_cfce5ff0ec658964,length_64_gap_16,0.092195510864257799
26,16,qseq_84f8cb3faeb6a744,length_64_gap_16,0.20386028289794919
26,16,qseq_42c429c411c30673,length_64_gap_16,-0.0137224197387695
26,16,qseq_1d8ea3a6efaf9fab,length_64_gap_16,-0.039093732833862298
26,16,qseq_a1e47f7cb49b58b7,length_64_gap_16,0.074692726135253906
26,16,qseq_75975c5fcfe56f9f,length_64_gap_16,-0.13556194305419919
26,16,qseq_8a0db1772110a4a8,length_64_gap_16,0.033149719238281201
26,16,qseq_5f7ce90f26f794f5,length_64_gap_16,0.49077367782592768
26,16,qseq_f2f94c41d471f1c4,length_64_gap_16,-0.1222596168518066
26,16,qseq_d57f36c4148c49c6,length_64_gap_16,0.13324165344238281
26,16,qseq_fdf96662daefa822,length_64_gap_16,-0.092149734497070299
26,16,qseq_4b71f66c27222d97,length_64_gap_16,-0.10081577301025391
26,16,qseq_a1e8b0d618f525ce,length_64_gap_16,0.048697471618652302
26,16,qseq_8597a5fd74382a82,length_64_gap_16,-0.0098028182983398004
26,16,qseq_2317dd357fbf5323,length_64_gap_16,-0.054537296295166002
26,16,qseq_44b93471651b7136,length_64_gap_16,-0.25253915786743159
26,16,qseq_9936aeb4dac5517c,length_64_gap_16,-0.083214282989501898
26,16,qseq_4118977d719f3b17,length_64_gap_16,0.0140953063964843
26,16,qseq_622c80501e6559b9,length_64_gap_16,0.039247989654541002
26,16,qseq_995d48cc4618a5d7,length_64_gap_16,-0.28503084182739252
26,16,qseq_2a1a4deb70ed1a8f,length_64_gap_16,-0.13953304290771479
26,16,qseq_d83a3e748cb0801e,length_64_gap_16,0.059797286987304597
16,14,qseq_00cb1c1a51bbd477,length_32_gap_8,-0.0086641311645506997
16,14,qseq_fdb0d02eb17a3ad5,length_32_gap_8,-0.077391624450683497
16,14,qseq_0fb480259789823d,length_32_gap_8,-0.023345947265625
16,14,qseq_a2e6bd810032888a,length_32_gap_8,0.0063023567199706997
16,14,qseq_5ce005c7be85e2b9,length_32_gap_8,0.015625
16,14,qseq_9c1391f827e05414,length_32_gap_8,0.056502342224120997
16,14,qseq_b5c59e25abaa4090,length_32_gap_8,0.0138981342315673
16,14,qseq_9aa233d4f18630ef,length_32_gap_8,0.094219684600829995
16,14,qseq_36581fc0e870746a,length_32_gap_8,-0.0962371826171875
16,14,qseq_f1250fa423e1545e,length_32_gap_8,-0.092682838439941406
16,14,qseq_82e41c38cbe9078a,length_32_gap_8,0.0133109092712402
16,14,qseq_d0b29249fa160784,length_32_gap_8,0.0038948059082030998
16,14,qseq_05f13a28471ab531,length_32_gap_8,0.0603680610656738
16,14,qseq_f1b36b9fae18111b,length_32_gap_8,0.0211944580078125
16,14,qseq_83e6b8683b1256b2,length_32_gap_8,0.0286564826965332
16,14,qseq_67044cfad9f21ecb,length_32_gap_8,0.062470912933349602
16,14,qseq_70ea623170fa926c,length_32_gap_8,-0.008181095123291
16,14,qseq_5b73de916863d399,length_32_gap_8,0.21618223190307609
16,14,qseq_db732a487a875289,length_32_gap_8,-0.1095142364501953
16,14,qseq_fd7563a3a3cec767,length_32_gap_8,-0.020174026489257799
16,14,qseq_d6183e1df454b220,length_32_gap_8,0.064881324768066406
16,14,qseq_1355795077be0f50,length_32_gap_8,0.062505722045898396
16,14,qseq_8b0497deeb8bcaef,length_32_gap_8,0.059755325317382799
16,14,qseq_1fb3a17d5dccef31,length_32_gap_8,0.078233718872070299
16,14,qseq_a17078d2a6b4b999,length_32_gap_8,0.087823867797851493
16,14,qseq_9e89898b6bb8b44e,length_32_gap_8,0.020401954650878899
16,14,qseq_52f1b1128f7f8827,length_32_gap_8,0.0623931884765625
16,14,qseq_d4bff5080bd4daa2,length_32_gap_8,0.00053119659423820004
16,14,qseq_bc537eed9a30ad79,length_32_gap_8,0.093400001525878906
16,14,qseq_4e294cfbb31deac6,length_32_gap_8,0.012359619140625
16,14,qseq_a9426dae73873222,length_32_gap_8,0.087488412857055595
16,14,qseq_84c7ecb2a5f6fb74,length_32_gap_8,-0.0078125
16,14,qseq_2232308bba387df3,length_32_gap_8,-0.0121707916259765
16,14,qseq_c651ff600b8839df,length_32_gap_8,-0.095450401306152302
16,14,qseq_bdd4291ac8449310,length_32_gap_8,-0.025266647338867101
16,14,qseq_eee8756396fe6af2,length_32_gap_8,-0.14363861083984369
16,14,qseq_d27c4368416fdc93,length_32_gap_8,0.026939392089843701
16,14,qseq_1bc3d720581f5d2b,length_32_gap_8,0.0001168251037597
16,14,qseq_d1b8220e931c7fd7,length_32_gap_8,0.023502349853515601
16,14,qseq_f3612a27015ba1ca,length_32_gap_8,0.061677932739257799
16,14,qseq_983999860e3f68fa,length_32_gap_8,0.16998577117919919
16,14,qseq_3cc6488c0780e435,length_32_gap_8,-0.0859375
16,14,qseq_896e75303fd36619,length_32_gap_8,0.077618122100829995
16,14,qseq_bb44694bf88faab7,length_32_gap_8,-0.1249279975891113
16,14,qseq_676b73120ca2a061,length_32_gap_8,0.054779052734375
16,14,qseq_03289c2c4536e699,length_32_gap_8,0.054755210876464802
16,14,qseq_62632b972840b049,length_32_gap_8,0.015625
16,14,qseq_f5d56d42459ee9bc,length_32_gap_8,0.066130161285400293
16,14,qseq_32bc0ad658c10a1c,length_32_gap_8,-0.10112762451171869
16,14,qseq_4da58de5cf93ae4a,length_32_gap_8,0.099081039428710896
16,14,qseq_5e6685ba720055c7,length_32_gap_8,0.0073080062866210001
16,14,qseq_2cfb75f54306c844,length_32_gap_8,0.005624771118164
16,14,qseq_8345587890d3c14f,length_32_gap_8,0.022073745727539
16,14,qseq_46afeffe5dd0d89f,length_32_gap_8,-0.057758331298828097
16,14,qseq_b592f6abbb02f055,length_32_gap_8,-0.076159477233886705
16,14,qseq_3d813b4e2f642750,length_32_gap_8,0.071260452270507799
16,14,qseq_c3ccf9967efbcd30,length_32_gap_8,-0.0281004905700683
16,14,qseq_029bb1fad3e341b6,length_32_gap_8,-0.0814967155456542
16,14,qseq_f0a1548c14cbff39,length_32_gap_8,-0.073587894439697196
16,14,qseq_ce67b9d37322c254,length_32_gap_8,0.073756694793701102
16,14,qseq_1d5def43cbaaf204,length_32_gap_8,0
16,14,qseq_ef053ee48a778a2d,length_32_gap_8,-0.012216567993164
16,14,qseq_aad6bf2a44151808,length_32_gap_8,0.032395362854003899
16,14,qseq_8efc9f11c7cf051c,length_32_gap_8,0.0056943893432616997
16,14,qseq_8e716ecd02e0f73a,length_32_gap_16,0.053285598754882799
16,14,qseq_1595750272a9182b,length_32_gap_16,0.051043510437011698
16,14,qseq_bcb1e40d4e33a983,length_32_gap_16,0
16,14,qseq_918b1e8c99f205fc,length_32_gap_16,-0.0285038948059082
16,14,qseq_9bcb64e386770afd,length_32_gap_16,-0.061920166015625
16,14,qseq_f308f77da35e5150,length_32_gap_16,-0.0128602981567382
16,14,qseq_3d452bb0ed05ae44,length_32_gap_16,0.018959045410156201
16,14,qseq_5e121f37966766e3,length_32_gap_16,0.050173759460449198
16,14,qseq_7d05ec534f8e7970,length_32_gap_16,-0.048306465148925698
16,14,qseq_1a641e032f933a96,length_32_gap_16,-0.0090615749359129992
16,14,qseq_afb04c9fd38b4a73,length_32_gap_16,-0.010488510131835899
16,14,qseq_0a7044add0a71938,length_32_gap_16,-0.066956281661987305
16,14,qseq_ad84a1c2bee1922b,length_32_gap_16,-0.042894363403320299
16,14,qseq_0449b2f15993e9e3,length_32_gap_16,0.0040435791015625
16,14,qseq_e239bfe29ce1339d,length_32_gap_16,0
16,14,qseq_1c01b2c0b82e7c86,length_32_gap_16,-0.0011711120605468
16,14,qseq_5a6f346a0090499e,length_32_gap_16,-0.046693801879882799
16,14,qseq_23e29e93fa14dc22,length_32_gap_16,0.0493011474609375
16,14,qseq_aed28d8945a5fd51,length_32_gap_16,-0.015005111694335899
16,14,qseq_64af7706440b2eb6,length_32_gap_16,0.1151971817016601
16,14,qseq_9b65b35ce09e05fc,length_32_gap_16,-0.0032014846801757002
16,14,qseq_9966ff37eb81ef5e,length_32_gap_16,0.038194656372070299
16,14,qseq_2f710e8798ec9e71,length_32_gap_16,-0.058053970336914
16,14,qseq_11b039baed6684b4,length_32_gap_16,0.023056983947753899
16,14,qseq_60e817fc1eb4a770,length_32_gap_16,0.10932111740112301
16,14,qseq_704ee3aa78d74315,length_32_gap_16,0.0234427452087402
16,14,qseq_56aa2892fb9d4215,length_32_gap_16,0.047517299652099602
16,14,qseq_cfd0f3fa73dabac6,length_32_gap_16,-0.0135345458984375
16,14,qseq_4d8b8abbf9e82df2,length_32_gap_16,-0.043238639831542899
16,14,qseq_dc290e31b0f7fee9,length_32_gap_16,0.062808036804199205
16,14,qseq_d59e491f27122012,length_32_gap_16,0.010232925415039
16,14,qseq_0d1644fe34089dc5,length_32_gap_16,0.038805961608886698
16,14,qseq_b0f1c882cbfc023b,length_32_gap_16,0.015625
16,14,qseq_ae326193ef533b6f,length_32_gap_16,-0.0574493408203125
16,14,qseq_b90113f916a4ef25,length_32_gap_16,-0.074390411376953097
16,14,qseq_47db8e82e82ab9ab,length_32_gap_16,-0.1131987571716308
16,14,qseq_1bd1876170be1293,length_32_gap_16,-0.022256851196289
16,14,qseq_28a6625244b67550,length_32_gap_16,0.26588606834411621
16,14,qseq_0319d5aa3b7a2109,length_32_gap_16,0.023677825927734299
16,14,qseq_b4281d845cf8791c,length_32_gap_16,0.031141281127929601
16,14,qseq_eb72d6b6095aa9bf,length_32_gap_16,-0.0625
16,14,qseq_2a530f25c94c88b0,length_32_gap_16,-0.0013427734375
16,14,qseq_b90ee294cda3f4ef,length_32_gap_16,-0.15214204788207999
16,14,qseq_2194e53c28d8ac06,length_32_gap_16,-0.00048494338989250001
16,14,qseq_cd35a5d7a5f5a555,length_32_gap_16,-0.023052215576171799
16,14,qseq_e3fd7e822923d545,length_32_gap_16,0.035225391387939398
16,14,qseq_3c1160a318793be3,length_32_gap_16,0.0148591995239257
16,14,qseq_a4167c2fe5df8c7f,length_32_gap_16,0.056444168090820299
16,14,qseq_fa6f788e8ca0ef62,length_32_gap_16,-0.069943428039550698
16,14,qseq_98487b25edb3051f,length_32_gap_16,0.023250102996826099
16,14,qseq_1f823851ae16f13f,length_32_gap_16,0.062420368194580002
16,14,qseq_b190b48533f45a2c,length_32_gap_16,-0.12422895431518551
16,14,qseq_63d72c96ef626e2d,length_32_gap_16,0.060464859008789
16,14,qseq_a28e2ec155ecc582,length_32_gap_16,-0.24471664428710929
16,14,qseq_eb02fc157dd74784,length_32_gap_16,0.0126619338989257
16,14,qseq_e887c4a51d9b260c,length_32_gap_16,-0.022386550903320299
16,14,qseq_dee021939107fbde,length_32_gap_16,-0.014336585998535101
16,14,qseq_affe6175ca94dda2,length_32_gap_16,0.063896656036376898
16,14,qseq_7be057ad143b9690,length_32_gap_16,-0.053172111511230399
16,14,qseq_24f5b4f7f640338f,length_32_gap_16,-0.0219011306762695
16,14,qseq_43ebed208484255f,length_32_gap_16,-0.0298352241516113
16,14,qseq_c613b96c7912d379,length_32_gap_16,-0.0018808841705322001
16,14,qseq_7f5aade052d4177f,length_32_gap_16,0.062478065490722601
16,14,qseq_ee49c796752d8710,length_32_gap_16,0.12731027603149411
16,14,qseq_b3f568f628b46423,length_64_gap_8,-0.0430850982666015
16,14,qseq_2fb25780aa1dbffa,length_64_gap_8,0.0151538848876953
16,14,qseq_fd1170e3dcd5f55e,length_64_gap_8,-0.077907562255859306
16,14,qseq_24b25ead5a4620eb,length_64_gap_8,-0.045860767364501898
16,14,qseq_4074ee710223309a,length_64_gap_8,0.062386512756347601
16,14,qseq_4279be38393632ff,length_64_gap_8,-0.085533618927001898
16,14,qseq_a128a3ad062f254f,length_64_gap_8,-0.081864833831787095
16,14,qseq_40546941dd2db2c4,length_64_gap_8,0.093658447265625
16,14,qseq_bd1d709ea9de2442,length_64_gap_8,0.12107038497924801
16,14,qseq_0701dad0bea1f82c,length_64_gap_8,0.0234375
16,14,qseq_1922d44b2343c70a,length_64_gap_8,0.0301198959350585
16,14,qseq_730ee300e88dbdc9,length_64_gap_8,0.0677053928375244
16,14,qseq_5b194ba92705c9b8,length_64_gap_8,0.0076644420623779002
16,14,qseq_021ce8a6eb41287d,length_64_gap_8,0.062932968139648396
16,14,qseq_039bccf871e60190,length_64_gap_8,0.0069172382354735999
16,14,qseq_c9895be6cd96e125,length_64_gap_8,-0.027558326721191399
16,14,qseq_e517bd5620ecf760,length_64_gap_8,0.1013917922973632
16,14,qseq_05be70e9da000c21,length_64_gap_8,0.16306114196777341
16,14,qseq_9e0484c8cf5ddfc6,length_64_gap_8,-0.000375747680664
16,14,qseq_d8653dab52d91576,length_64_gap_8,0.0154976844787597
16,14,qseq_7c7ae2fc6a76be76,length_64_gap_8,0.0242905616760253
16,14,qseq_eea059d57beab37f,length_64_gap_8,0.053313255310058497
16,14,qseq_8fee472e774e69bb,length_64_gap_8,0.0009083747863769
16,14,qseq_6a6e891f0af35a46,length_64_gap_8,-0.073975563049316406
16,14,qseq_a6eb78d92d0c43ab,length_64_gap_8,-0.0252065658569335
16,14,qseq_4eb4bdf24b06d78c,length_64_gap_8,-0.049836635589599602
16,14,qseq_772ec14d440e73c4,length_64_gap_8,0.36688232421875
16,14,qseq_c9795ce42618194e,length_64_gap_8,0.029880285263061499
16,14,qseq_ad3d3bcb9795d514,length_64_gap_8,0.098149538040161105
16,14,qseq_1e356400a385b9c8,length_64_gap_8,-0.05078125
16,14,qseq_200c199e7437db70,length_64_gap_8,0.072218894958495997
16,14,qseq_f93016a2d910f6d4,length_64_gap_8,0.0154943466186523
16,14,qseq_b26f645287ad75c3,length_64_gap_8,-0.054018020629882799
16,14,qseq_5dbd77e6301a4d88,length_64_gap_8,0.086022377014160101
16,14,qseq_1f519fea8800a91a,length_64_gap_8,0.015625
16,14,qseq_c22690e962dda79a,length_64_gap_8,-0.0093591213226317995
16,14,qseq_aa1bf93acfa1394f,length_64_gap_8,-0.00041961669921870002
16,14,qseq_c7e2bf5dffccfdb4,length_64_gap_8,-0.1015625
16,14,qseq_f0b7c35e28157360,length_64_gap_8,-0.018459320068359299
16,14,qseq_5b3541bc4ecd5520,length_64_gap_8,-0.0021886825561522999
16,14,qseq_51105068c69885d2,length_64_gap_8,0.19390773773193351
16,14,qseq_1fa7df7dac6c2475,length_64_gap_8,0.022141456604003899
16,14,qseq_1f17912f3d8f9da9,length_64_gap_8,0.031094074249267498
16,14,qseq_492ddced5e4b2559,length_64_gap_8,0.0153932571411132
16,14,qseq_131de4ffcd89e6e9,length_64_gap_8,-0.00043773651123040001
16,14,qseq_2eba76d2215c33b9,length_64_gap_8,0.078125
16,14,qseq_a1c3fb56cf8462bb,length_64_gap_8,-0.079901695251464802
16,14,qseq_dcd58d81cb05e28d,length_64_gap_8,9.918212890625e-05
16,14,qseq_6715416239d80838,length_64_gap_8,0.081467151641845703
16,14,qseq_8d499f91b4526a3a,length_64_gap_8,0.0086727142333983993
16,14,qseq_587220b2bc085b31,length_64_gap_8,0.0554351806640625
16,14,qseq_69cc809df6a6f6c9,length_64_gap_8,0.020785331726074201
16,14,qseq_b92aea251b1eff2b,length_64_gap_8,-0.015935897827148399
16,14,qseq_4f51e954884cdf48,length_64_gap_8,-0.037588119506835903
16,14,qseq_fe9ddd894232689b,length_64_gap_8,0.026996850967407199
16,14,qseq_c12d62810ba631af,length_64_gap_8,0.083493232727050698
16,14,qseq_5e9dad96f848721b,length_64_gap_8,0.0078125
16,14,qseq_32e4b0f9ec8b30ce,length_64_gap_8,0.1129956245422363
16,14,qseq_eab2e57f5041e3f9,length_64_gap_8,0.039883136749267502
16,14,qseq_845854475db5ae4a,length_64_gap_8,0.034704685211181599
16,14,qseq_8688a95186e10f9c,length_64_gap_8,-0.0507755279541015
16,14,qseq_e8c2d067e77fc845,length_64_gap_8,0.027940034866333001
16,14,qseq_c0d3d38e8bedac65,length_64_gap_8,0.0034198760986327999
16,14,qseq_84ff4fbaaa20d8cc,length_64_gap_8,0.053730010986328097
16,14,qseq_a0de254948a6e5bf,length_64_gap_16,0.031916141510009703
16,14,qseq_b0e4d687f94733dc,length_64_gap_16,-0.051118373870849602
16,14,qseq_be52c9a76238a7d9,length_64_gap_16,-0.0036253929138183
16,14,qseq_f37fbd079a3b6bde,length_64_gap_16,0.024369716644287099
16,14,qseq_ecccef08f74a0d62,length_64_gap_16,-0.058951377868652302
16,14,qseq_3b5d281e4d3fc2c2,length_64_gap_16,-0.076432228088378906
16,14,qseq_d1e08ad378e2d77d,length_64_gap_16,-0.0420801639556884
16,14,qseq_7e4b4a517eef4bbc,length_64_gap_16,-0.046875
16,14,qseq_8b91b6dc4c4ad5a7,length_64_gap_16,-0.085640907287597601
16,14,qseq_61c50fa15c9aaf25,length_64_gap_16,-0.078608512878417899
16,14,qseq_eb6a949eb0642356,length_64_gap_16,0.030872344970703101
16,14,qseq_ccbe5bac490d61b5,length_64_gap_16,-0.018990516662597601
16,14,qseq_ae9e47b71d61c01f,length_64_gap_16,-0.026935577392578101
16,14,qseq_c423f0620a3bd358,length_64_gap_16,-0.068590641021728502
16,14,qseq_b7edc17d7108c749,length_64_gap_16,0.046046257019042899
16,14,qseq_c0b98a93360f9565,length_64_gap_16,-0.0184831619262695
16,14,qseq_b6de0520ecba0cb7,length_64_gap_16,0.031054496765136701
16,14,qseq_adc73ff9cfa008e2,length_64_gap_16,0.021494865417480399
16,14,qseq_2940a4d578561754,length_64_gap_16,0.086611747741699205
16,14,qseq_30994fe2dabf428d,length_64_gap_16,-0.0128469467163085
16,14,qseq_949a4801d597a033,length_64_gap_16,0.0050463676452635999
16,14,qseq_c5b16a3541c1277e,length_64_gap_16,-0.081274509429931599
16,14,qseq_9431506847fefb45,length_64_gap_16,0.025225162506103498
16,14,qseq_5c36d742824efa4b,length_64_gap_16,-0.0162353515625
16,14,qseq_05d8cddf3ea281a9,length_64_gap_16,-0.082952499389648396
16,14,qseq_f17674cc4392f3bf,length_64_gap_16,-0.014237880706787101
16,14,qseq_382e6ced8b87a663,length_64_gap_16,-0.00090897083282469998
16,14,qseq_fe5cd0e334e253c1,length_64_gap_16,0.0010201930999755001
16,14,qseq_b417731b953269a4,length_64_gap_16,-0.002573013305664
16,14,qseq_450cbb29b12c67b7,length_64_gap_16,-0.030491828918457
16,14,qseq_a30ec5f4c977bbc8,length_64_gap_16,0.0098261833190916997
16,14,qseq_f52fc5c697a8e7f5,length_64_gap_16,0.091432571411132799
16,14,qseq_396aff10bb95400f,length_64_gap_16,-0.023028373718261701
16,14,qseq_82c1df8241dca3cf,length_64_gap_16,-0.046875
16,14,qseq_204175b8e8f592ff,length_64_gap_16,-0.0233292579650878
16,14,qseq_b7054e022b918880,length_64_gap_16,0.078125
16,14,qseq_ba8a8e9d30f030c0,length_64_gap_16,0.045433521270751898
16,14,qseq_57bd27a9adf994ef,length_64_gap_16,-0.1074085235595703
16,14,qseq_df9ba99fcdbb78f6,length_64_gap_16,-0.053101062774658203
16,14,qseq_c7f36be3fc9142a4,length_64_gap_16,-0.0197396278381347
16,14,qseq_bb25837841d78095,length_64_gap_16,0.026465892791747998
16,14,qseq_89060805f114dcc8,length_64_gap_16,0.0086162090301512995
16,14,qseq_cfce5ff0ec658964,length_64_gap_16,0.066262245178222601
16,14,qseq_84f8cb3faeb6a744,length_64_gap_16,0.032818317413330002
16,14,qseq_42c429c411c30673,length_64_gap_16,0.15245580673217771
16,14,qseq_1d8ea3a6efaf9fab,length_64_gap_16,-0.054633378982543897
16,14,qseq_a1e47f7cb49b58b7,length_64_gap_16,0.1240758895874023
16,14,qseq_75975c5fcfe56f9f,length_64_gap_16,0.1195869445800781
16,14,qseq_8a0db1772110a4a8,length_64_gap_16,-0.13098669052124021
16,14,qseq_5f7ce90f26f794f5,length_64_gap_16,-0.010822296142578101
16,14,qseq_f2f94c41d471f1c4,length_64_gap_16,-0.16339349746704099
16,14,qseq_d57f36c4148c49c6,length_64_gap_16,0.031742095947265597
16,14,qseq_fdf96662daefa822,length_64_gap_16,0.097222805023193304
16,14,qseq_4b71f66c27222d97,length_64_gap_16,-0.079224109649658203
16,14,qseq_a1e8b0d618f525ce,length_64_gap_16,-0.015625
16,14,qseq_8597a5fd74382a82,length_64_gap_16,0.085415840148925698
16,14,qseq_2317dd357fbf5323,length_64_gap_16,0.015241146087646399
16,14,qseq_44b93471651b7136,length_64_gap_16,-0.0923199653625488
16,14,qseq_9936aeb4dac5517c,length_64_gap_16,0.0274710655212402
16,14,qseq_4118977d719f3b17,length_64_gap_16,-0.109375
16,14,qseq_622c80501e6559b9,length_64_gap_16,-0.0155200958251953
16,14,qseq_995d48cc4618a5d7,length_64_gap_16,-0.044803619384765597
16,14,qseq_2a1a4deb70ed1a8f,length_64_gap_16,-0.0035228729248045999
16,14,qseq_d83a3e748cb0801e,length_64_gap_16,0.034596443176269497
21,5,qseq_00cb1c1a51bbd477,length_32_gap_8,0.0065257549285888004
21,5,qseq_fdb0d02eb17a3ad5,length_32_gap_8,0.046938896179199198
21,5,qseq_0fb480259789823d,length_32_gap_8,-0.148468017578125
21,5,qseq_a2e6bd810032888a,length_32_gap_8,-0.065731525421142495
21,5,qseq_5ce005c7be85e2b9,length_32_gap_8,-0.013336896896362299
21,5,qseq_9c1391f827e05414,length_32_gap_8,0.03125
21,5,qseq_b5c59e25abaa4090,length_32_gap_8,-0.027325153350829998
21,5,qseq_9aa233d4f18630ef,length_32_gap_8,-0.13896703720092771
21,5,qseq_36581fc0e870746a,length_32_gap_8,-0.048022270202636698
21,5,qseq_f1250fa423e1545e,length_32_gap_8,0.0111393928527832
21,5,qseq_82e41c38cbe9078a,length_32_gap_8,0.00083875656127919995
21,5,qseq_d0b29249fa160784,length_32_gap_8,-0.03125
21,5,qseq_05f13a28471ab531,length_32_gap_8,0.031525611877441399
21,5,qseq_f1b36b9fae18111b,length_32_gap_8,0.037061691284179597
21,5,qseq_83e6b8683b1256b2,length_32_gap_8,0.023660659790039
21,5,qseq_67044cfad9f21ecb,length_32_gap_8,0.062225341796875
21,5,qseq_70ea623170fa926c,length_32_gap_8,0.088591575622558497
21,5,qseq_5b73de916863d399,length_32_gap_8,0.018540859222412099
21,5,qseq_db732a487a875289,length_32_gap_8,0.031042098999023399
21,5,qseq_fd7563a3a3cec767,length_32_gap_8,0.064557075500488198
21,5,qseq_d6183e1df454b220,length_32_gap_8,0.0037689208984375
21,5,qseq_1355795077be0f50,length_32_gap_8,-0.0624942779541015
21,5,qseq_8b0497deeb8bcaef,length_32_gap_8,-0.0095052719116210001
21,5,qseq_1fb3a17d5dccef31,length_32_gap_8,-0.0148515701293945
21,5,qseq_a17078d2a6b4b999,length_32_gap_8,0.150299072265625
21,5,qseq_9e89898b6bb8b44e,length_32_gap_8,-0.056606292724609299
21,5,qseq_52f1b1128f7f8827,length_32_gap_8,-0.062553405761718694
21,5,qseq_d4bff5080bd4daa2,length_32_gap_8,-0.0280299186706542
21,5,qseq_bc537eed9a30ad79,length_32_gap_8,0.0016098022460936999
21,5,qseq_4e294cfbb31deac6,length_32_gap_8,0.021261215209960899
21,5,qseq_a9426dae73873222,length_32_gap_8,-0.0085201263427733993
21,5,qseq_84c7ecb2a5f6fb74,length_32_gap_8,0.033436059951782199
21,5,qseq_2232308bba387df3,length_32_gap_8,0.050194740295410101
21,5,qseq_c651ff600b8839df,length_32_gap_8,0.032874107360839802
21,5,qseq_bdd4291ac8449310,length_32_gap_8,-0.082274436950683497
21,5,qseq_eee8756396fe6af2,length_32_gap_8,-0.081241607666015597
21,5,qseq_d27c4368416fdc93,length_32_gap_8,0.055356025695800698
21,5,qseq_1bc3d720581f5d2b,length_32_gap_8,0.031278133392333901
21,5,qseq_d1b8220e931c7fd7,length_32_gap_8,0.0364069938659667
21,5,qseq_f3612a27015ba1ca,length_32_gap_8,-0.0889434814453125
21,5,qseq_983999860e3f68fa,length_32_gap_8,0.037053823471069301
21,5,qseq_3cc6488c0780e435,length_32_gap_8,-0.1036744117736816
21,5,qseq_896e75303fd36619,length_32_gap_8,-0.1244153976440429
21,5,qseq_bb44694bf88faab7,length_32_gap_8,-0.015613555908203101
21,5,qseq_676b73120ca2a061,length_32_gap_8,-0.1091909408569335
21,5,qseq_03289c2c4536e699,length_32_gap_8,0.038995265960693297
21,5,qseq_62632b972840b049,length_32_gap_8,0.0045504570007324002
21,5,qseq_f5d56d42459ee9bc,length_32_gap_8,-0.020228862762451099
21,5,qseq_32bc0ad658c10a1c,length_32_gap_8,-0.015625
21,5,qseq_4da58de5cf93ae4a,length_32_gap_8,0.0263824462890625
21,5,qseq_5e6685ba720055c7,length_32_gap_8,-0.015625
21,5,qseq_2cfb75f54306c844,length_32_gap_8,-0.041856765747070299
21,5,qseq_8345587890d3c14f,length_32_gap_8,-0.0062255859375
21,5,qseq_46afeffe5dd0d89f,length_32_gap_8,-0.03125
21,5,qseq_b592f6abbb02f055,length_32_gap_8,-0.048115730285644497
21,5,qseq_3d813b4e2f642750,length_32_gap_8,-0.021155357360839799
21,5,qseq_c3ccf9967efbcd30,length_32_gap_8,-0.0080041885375976007
21,5,qseq_029bb1fad3e341b6,length_32_gap_8,-0.031679630279541002
21,5,qseq_f0a1548c14cbff39,length_32_gap_8,-0.0087423324584960001
21,5,qseq_ce67b9d37322c254,length_32_gap_8,0.0207514762878417
21,5,qseq_1d5def43cbaaf204,length_32_gap_8,-0.062929630279541002
21,5,qseq_ef053ee48a778a2d,length_32_gap_8,-0.0377140045166015
21,5,qseq_aad6bf2a44151808,length_32_gap_8,0.0002269744873046
21,5,qseq_8efc9f11c7cf051c,length_32_gap_8,0.060950279235839802
21,5,qseq_8e716ecd02e0f73a,length_32_gap_16,0.016432762145996
21,5,qseq_1595750272a9182b,length_32_gap_16,-0.03125
21,5,qseq_bcb1e40d4e33a983,length_32_gap_16,-0.027360916137695299
21,5,qseq_918b1e8c99f205fc,length_32_gap_16,-0.0152807235717773
21,5,qseq_9bcb64e386770afd,length_32_gap_16,0.00097084045410150005
21,5,qseq_f308f77da35e5150,length_32_gap_16,0.0348358154296875
21,5,qseq_3d452bb0ed05ae44,length_32_gap_16,0.022334337234497001
21,5,qseq_5e121f37966766e3,length_32_gap_16,-0.013286113739013601
21,5,qseq_7d05ec534f8e7970,length_32_gap_16,-0.00059890747070309995
21,5,qseq_1a641e032f933a96,length_32_gap_16,-0.057895421981811503
21,5,qseq_afb04c9fd38b4a73,length_32_gap_16,0.0234375
21,5,qseq_0a7044add0a71938,length_32_gap_16,0.1127312183380127
21,5,qseq_ad84a1c2bee1922b,length_32_gap_16,0.017286300659179601
21,5,qseq_0449b2f15993e9e3,length_32_gap_16,0.044894218444824198
21,5,qseq_e239bfe29ce1339d,length_32_gap_16,-0.093685626983642495
21,5,qseq_1c01b2c0b82e7c86,length_32_gap_16,0.09375
21,5,qseq_5a6f346a0090499e,length_32_gap_16,-0.064752578735351493
21,5,qseq_23e29e93fa14dc22,length_32_gap_16,0.045734405517578097
21,5,qseq_aed28d8945a5fd51,length_32_gap_16,0.1429529190063476
21,5,qseq_64af7706440b2eb6,length_32_gap_16,-0.0142393112182617
21,5,qseq_9b65b35ce09e05fc,length_32_gap_16,-0.00073003768920890002
21,5,qseq_9966ff37eb81ef5e,length_32_gap_16,-0.039930343627929597
21,5,qseq_2f710e8798ec9e71,length_32_gap_16,0.016860008239746
21,5,qseq_11b039baed6684b4,length_32_gap_16,0.037929534912109299
21,5,qseq_60e817fc1eb4a770,length_32_gap_16,-0.031293392181396401
21,5,qseq_704ee3aa78d74315,length_32_gap_16,0.0426621437072753
21,5,qseq_56aa2892fb9d4215,length_32_gap_16,-0.050110816955566399
21,5,qseq_cfd0f3fa73dabac6,length_32_gap_16,0.00056624412536619999
21,5,qseq_4d8b8abbf9e82df2,length_32_gap_16,0.041630744934081997
21,5,qseq_dc290e31b0f7fee9,length_32_gap_16,0.132359504699707
21,5,qseq_d59e491f27122012,length_32_gap_16,-0.026413917541503899
21,5,qseq_0d1644fe34089dc5,length_32_gap_16,-0.030718803405761701
21,5,qseq_b0f1c882cbfc023b,length_32_gap_16,0.015625
21,5,qseq_ae326193ef533b6f,length_32_gap_16,0.030284881591796799
21,5,qseq_b90113f916a4ef25,length_32_gap_16,-0.052193641662597601
21,5,qseq_47db8e82e82ab9ab,length_32_gap_16,-0.042077541351318297
21,5,qseq_1bd1876170be1293,length_32_gap_16,-0.015625
21,5,qseq_28a6625244b67550,length_32_gap_16,0.032393693923950098
21,5,qseq_0319d5aa3b7a2109,length_32_gap_16,-0.0761914253234863
21,5,qseq_b4281d845cf8791c,length_32_gap_16,0.062283992767333901
21,5,qseq_eb72d6b6095aa9bf,length_32_gap_16,0.093221187591552707
21,5,qseq_2a530f25c94c88b0,length_32_gap_16,0.060648918151855399
21,5,qseq_b90ee294cda3f4ef,length_32_gap_16,0.048529148101806599
21,5,qseq_2194e53c28d8ac06,length_32_gap_16,0.031118869781494099
21,5,qseq_cd35a5d7a5f5a555,length_32_gap_16,-0.0078125
21,5,qseq_e3fd7e822923d545,length_32_gap_16,0.0014839172363281001
21,5,qseq_3c1160a318793be3,length_32_gap_16,0.045698165893554597
21,5,qseq_a4167c2fe5df8c7f,length_32_gap_16,-0.0083723068237303994
21,5,qseq_fa6f788e8ca0ef62,length_32_gap_16,-0.0561370849609375
21,5,qseq_98487b25edb3051f,length_32_gap_16,-0.039572238922119099
21,5,qseq_1f823851ae16f13f,length_32_gap_16,-0.00039434432983390002
21,5,qseq_b190b48533f45a2c,length_32_gap_16,-0.030478954315185498
21,5,qseq_63d72c96ef626e2d,length_32_gap_16,0.0100860595703125
21,5,qseq_a28e2ec155ecc582,length_32_gap_16,-0.062263488769531201
21,5,qseq_eb02fc157dd74784,length_32_gap_16,0.0215959548950195
21,5,qseq_e887c4a51d9b260c,length_32_gap_16,-0.075268745422363198
21,5,qseq_dee021939107fbde,length_32_gap_16,0.046091079711914
21,5,qseq_affe6175ca94dda2,length_32_gap_16,0.0013966560363769
21,5,qseq_7be057ad143b9690,length_32_gap_16,-0.0282278060913085
21,5,qseq_24f5b4f7f640338f,length_32_gap_16,0.0270376205444335
21,5,qseq_43ebed208484255f,length_32_gap_16,-0.1216912269592285
21,5,qseq_c613b96c7912d379,length_32_gap_16,-0.1102118492126464
21,5,qseq_7f5aade052d4177f,length_32_gap_16,0.093664646148681599
21,5,qseq_ee49c796752d8710,length_32_gap_16,0.070913314819335896
21,5,qseq_b3f568f628b46423,length_64_gap_8,0.016429901123046799
21,5,qseq_2fb25780aa1dbffa,length_64_gap_8,0.077158927917480399
21,5,qseq_fd1170e3dcd5f55e,length_64_gap_8,-0.0155534744262695
21,5,qseq_24b25ead5a4620eb,length_64_gap_8,0.064333438873291002
21,5,qseq_4074ee710223309a,length_64_gap_8,0.029911994934082
21,5,qseq_4279be38393632ff,length_64_gap_8,-0.038581132888793897
21,5,qseq_a128a3ad062f254f,length_64_gap_8,-0.0044014453887939002
21,5,qseq_40546941dd2db2c4,length_64_gap_8,0.050727844238281201
21,5,qseq_bd1d709ea9de2442,length_64_gap_8,-0.2164132595062255
21,5,qseq_0701dad0bea1f82c,length_64_gap_8,-0.010914087295532201
21,5,qseq_1922d44b2343c70a,length_64_gap_8,-0.0077042579650878004
21,5,qseq_730ee300e88dbdc9,length_64_gap_8,-0.0069878101348875999
21,5,qseq_5b194ba92705c9b8,length_64_gap_8,0.0234375
21,5,qseq_021ce8a6eb41287d,length_64_gap_8,-0.015625
21,5,qseq_039bccf871e60190,length_64_gap_8,0.033815860748291002
21,5,qseq_c9895be6cd96e125,length_64_gap_8,-0.017547607421875
21,5,qseq_e517bd5620ecf760,length_64_gap_8,0.1013917922973632
21,5,qseq_05be70e9da000c21,length_64_gap_8,-0.0142717361450195
21,5,qseq_9e0484c8cf5ddfc6,length_64_gap_8,0.047256946563720703
21,5,qseq_d8653dab52d91576,length_64_gap_8,-0.0011301040649414
21,5,qseq_7c7ae2fc6a76be76,length_64_gap_8,-0.022584438323974599
21,5,qseq_eea059d57beab37f,length_64_gap_8,0.0703125
21,5,qseq_8fee472e774e69bb,length_64_gap_8,0.012335538864135701
21,5,qseq_6a6e891f0af35a46,length_64_gap_8,-0.046875
21,5,qseq_a6eb78d92d0c43ab,length_64_gap_8,-0.046875
21,5,qseq_4eb4bdf24b06d78c,length_64_gap_8,-0.084941864013671806
21,5,qseq_772ec14d440e73c4,length_64_gap_8,0.11285066604614249
21,5,qseq_c9795ce42618194e,length_64_gap_8,0.0136516094207763
21,5,qseq_ad3d3bcb9795d514,length_64_gap_8,-0.0065257549285888004
21,5,qseq_1e356400a385b9c8,length_64_gap_8,-0.0291428565979003
21,5,qseq_200c199e7437db70,length_64_gap_8,0.0087471008300781007
21,5,qseq_f93016a2d910f6d4,length_64_gap_8,-0.1239185333251953
21,5,qseq_b26f645287ad75c3,length_64_gap_8,-0.023129940032958901
21,5,qseq_5dbd77e6301a4d88,length_64_gap_8,0.015946388244628899
21,5,qseq_1f519fea8800a91a,length_64_gap_8,0.0206851959228515
21,5,qseq_c22690e962dda79a,length_64_gap_8,0.085991621017455999
21,5,qseq_aa1bf93acfa1394f,length_64_gap_8,-0.013954639434814399
21,5,qseq_c7e2bf5dffccfdb4,length_64_gap_8,-0.069114685058593694
21,5,qseq_f0b7c35e28157360,length_64_gap_8,-0.0171971321105957
21,5,qseq_5b3541bc4ecd5520,length_64_gap_8,0.046474456787109299
21,5,qseq_51105068c69885d2,length_64_gap_8,-0.1174013614654541
21,5,qseq_1fa7df7dac6c2475,length_64_gap_8,-0.012314796447753899
21,5,qseq_1f17912f3d8f9da9,length_64_gap_8,0.030998229980468701
21,5,qseq_492ddced5e4b2559,length_64_gap_8,-0.062025070190429597
21,5,qseq_131de4ffcd89e6e9,length_64_gap_8,0.0403594970703125
21,5,qseq_2eba76d2215c33b9,length_64_gap_8,-0.0103981494903564
21,5,qseq_a1c3fb56cf8462bb,length_64_gap_8,-0.060324192047119099
21,5,qseq_dcd58d81cb05e28d,length_64_gap_8,0.0155274868011474
21,5,qseq_6715416239d80838,length_64_gap_8,0.0765271186828613
21,5,qseq_8d499f91b4526a3a,length_64_gap_8,0.033839225769042899
21,5,qseq_587220b2bc085b31,length_64_gap_8,0.0079431533813476007
21,5,qseq_69cc809df6a6f6c9,length_64_gap_8,-0.081562995910644503
21,5,qseq_b92aea251b1eff2b,length_64_gap_8,-0.03125
21,5,qseq_4f51e954884cdf48,length_64_gap_8,-0.034566164016723598
21,5,qseq_fe9ddd894232689b,length_64_gap_8,0.057732343673705999
21,5,qseq_c12d62810ba631af,length_64_gap_8,0.014636516571044899
21,5,qseq_5e9dad96f848721b,length_64_gap_8,-0.00421142578125
21,5,qseq_32e4b0f9ec8b30ce,length_64_gap_8,-0.036382675170898403
21,5,qseq_eab2e57f5041e3f9,length_64_gap_8,0.046875
21,5,qseq_845854475db5ae4a,length_64_gap_8,0.0163426399230957
21,5,qseq_8688a95186e10f9c,length_64_gap_8,-0.13493585586547849
21,5,qseq_e8c2d067e77fc845,length_64_gap_8,-0.015875816345214799
21,5,qseq_c0d3d38e8bedac65,length_64_gap_8,0.033976554870605399
21,5,qseq_84ff4fbaaa20d8cc,length_64_gap_8,-0.079735755920410101
21,5,qseq_a0de254948a6e5bf,length_64_gap_16,0.017326354980468701
21,5,qseq_b0e4d687f94733dc,length_64_gap_16,-0.0156912803649902
21,5,qseq_be52c9a76238a7d9,length_64_gap_16,-0.0078125
21,5,qseq_f37fbd079a3b6bde,length_64_gap_16,0.026188850402832
21,5,qseq_ecccef08f74a0d62,length_64_gap_16,0.024198055267333901
21,5,qseq_3b5d281e4d3fc2c2,length_64_gap_16,-0.051858901977539
21,5,qseq_d1e08ad378e2d77d,length_64_gap_16,0.014839887619018499
21,5,qseq_7e4b4a517eef4bbc,length_64_gap_16,-0.036414384841918897
21,5,qseq_8b91b6dc4c4ad5a7,length_64_gap_16,0.026557922363281201
21,5,qseq_61c50fa15c9aaf25,length_64_gap_16,-0.015046119689941399
21,5,qseq_eb6a949eb0642356,length_64_gap_16,0.020732402801513599
21,5,qseq_ccbe5bac490d61b5,length_64_gap_16,-0.00045871734619140002
21,5,qseq_ae9e47b71d61c01f,length_64_gap_16,-0.020890712738037099
21,5,qseq_c423f0620a3bd358,length_64_gap_16,-0.0095136165618895999
21,5,qseq_b7edc17d7108c749,length_64_gap_16,0.062360763549804597
21,5,qseq_c0b98a93360f9565,length_64_gap_16,-0.1234197616577148
21,5,qseq_b6de0520ecba0cb7,length_64_gap_16,0.062602043151855399
21,5,qseq_adc73ff9cfa008e2,length_64_gap_16,0.041005134582519497
21,5,qseq_2940a4d578561754,length_64_gap_16,0.0585474967956542
21,5,qseq_30994fe2dabf428d,length_64_gap_16,-0.03125
21,5,qseq_949a4801d597a033,length_64_gap_16,0.0154919624328613
21,5,qseq_c5b16a3541c1277e,length_64_gap_16,-0.044504642486572203
21,5,qseq_9431506847fefb45,length_64_gap_16,0.020130872726440398
21,5,qseq_5c36d742824efa4b,length_64_gap_16,0.061411857604980399
21,5,qseq_05d8cddf3ea281a9,length_64_gap_16,-0.0716395378112792
21,5,qseq_f17674cc4392f3bf,length_64_gap_16,-0.0571842193603515
21,5,qseq_382e6ced8b87a663,length_64_gap_16,-0.0406458377838134
21,5,qseq_fe5cd0e334e253c1,length_64_gap_16,0.0124022960662841
21,5,qseq_b417731b953269a4,length_64_gap_16,0.0088486671447753004
21,5,qseq_450cbb29b12c67b7,length_64_gap_16,0.015247344970703101
21,5,qseq_a30ec5f4c977bbc8,length_64_gap_16,0.036372661590576102
21,5,qseq_f52fc5c697a8e7f5,length_64_gap_16,0.053904533386230399
21,5,qseq_396aff10bb95400f,length_64_gap_16,-0.039450645446777302
21,5,qseq_82c1df8241dca3cf,length_64_gap_16,0.023225784301757799
21,5,qseq_204175b8e8f592ff,length_64_gap_16,-0.0076303482055664002
21,5,qseq_b7054e022b918880,length_64_gap_16,-0.0088462829589843004
21,5,qseq_ba8a8e9d30f030c0,length_64_gap_16,0.031302452087402302
21,5,qseq_57bd27a9adf994ef,length_64_gap_16,-0.019456148147583001
21,5,qseq_df9ba99fcdbb78f6,length_64_gap_16,-0.028133392333984299
21,5,qseq_c7f36be3fc9142a4,length_64_gap_16,-0.082512855529785101
21,5,qseq_bb25837841d78095,length_64_gap_16,0.001711368560791
21,5,qseq_89060805f114dcc8,length_64_gap_16,0.089086771011352497
21,5,qseq_cfce5ff0ec658964,length_64_gap_16,0.016150951385497998
21,5,qseq_84f8cb3faeb6a744,length_64_gap_16,-0.1081652641296386
21,5,qseq_42c429c411c30673,length_64_gap_16,-0.0225272178649902
21,5,qseq_1d8ea3a6efaf9fab,length_64_gap_16,-0.054633378982543897
21,5,qseq_a1e47f7cb49b58b7,length_64_gap_16,0.15352153778076169
21,5,qseq_75975c5fcfe56f9f,length_64_gap_16,-0.068157196044921806
21,5,qseq_8a0db1772110a4a8,length_64_gap_16,0.02734375
21,5,qseq_5f7ce90f26f794f5,length_64_gap_16,-0.042975902557372998
21,5,qseq_f2f94c41d471f1c4,length_64_gap_16,-0.068234920501708901
21,5,qseq_d57f36c4148c49c6,length_64_gap_16,0.015625
21,5,qseq_fdf96662daefa822,length_64_gap_16,-0.047328948974609299
21,5,qseq_4b71f66c27222d97,length_64_gap_16,-0.040522575378417899
21,5,qseq_a1e8b0d618f525ce,length_64_gap_16,-0.049680709838867097
21,5,qseq_8597a5fd74382a82,length_64_gap_16,-0.010379791259765601
21,5,qseq_2317dd357fbf5323,length_64_gap_16,-0.0393052101135253
21,5,qseq_44b93471651b7136,length_64_gap_16,-0.1272315979003906
21,5,qseq_9936aeb4dac5517c,length_64_gap_16,-0.0328412055969238
21,5,qseq_4118977d719f3b17,length_64_gap_16,-0.044877529144287102
21,5,qseq_622c80501e6559b9,length_64_gap_16,-0.046976327896118102
21,5,qseq_995d48cc4618a5d7,length_64_gap_16,0.095206260681152302
21,5,qseq_2a1a4deb70ed1a8f,length_64_gap_16,-0.064256668090820299
21,5,qseq_d83a3e748cb0801e,length_64_gap_16,0.0008087158203125
19,14,qseq_00cb1c1a51bbd477,length_32_gap_8,0.075834989547729395
19,14,qseq_fdb0d02eb17a3ad5,length_32_gap_8,-0.076893806457519503
19,14,qseq_0fb480259789823d,length_32_gap_8,0.000244140625
19,14,qseq_a2e6bd810032888a,length_32_gap_8,0.0867199897766113
19,14,qseq_5ce005c7be85e2b9,length_32_gap_8,0.0364222526550292
19,14,qseq_9c1391f827e05414,length_32_gap_8,0.0124578475952148
19,14,qseq_b5c59e25abaa4090,length_32_gap_8,-0.0073344707489013004
19,14,qseq_9aa233d4f18630ef,length_32_gap_8,0.2514185905456543
19,14,qseq_36581fc0e870746a,length_32_gap_8,-0.025305747985839799
19,14,qseq_f1250fa423e1545e,length_32_gap_8,-0.010285854339599601
19,14,qseq_82e41c38cbe9078a,length_32_gap_8,-0.0284667015075683
19,14,qseq_d0b29249fa160784,length_32_gap_8,0.031077384948730399
19,14,qseq_05f13a28471ab531,length_32_gap_8,0.060889244079589802
19,14,qseq_f1b36b9fae18111b,length_32_gap_8,-0.012250900268554601
19,14,qseq_83e6b8683b1256b2,length_32_gap_8,0.010724544525146399
19,14,qseq_67044cfad9f21ecb,length_32_gap_8,0.0313358306884765
19,14,qseq_70ea623170fa926c,length_32_gap_8,-0.042582511901855399
19,14,qseq_5b73de916863d399,length_32_gap_8,0.13974285125732419
19,14,qseq_db732a487a875289,length_32_gap_8,0.031042098999023399
19,14,qseq_fd7563a3a3cec767,length_32_gap_8,-0.15625
19,14,qseq_d6183e1df454b220,length_32_gap_8,0.1620674133300781
19,14,qseq_1355795077be0f50,length_32_gap_8,0.12499427795410149
19,14,qseq_8b0497deeb8bcaef,length_32_gap_8,0.065258979797363198
19,14,qseq_1fb3a17d5dccef31,length_32_gap_8,0.016119003295898399
19,14,qseq_a17078d2a6b4b999,length_32_gap_8,0.099433898925781194
19,14,qseq_9e89898b6bb8b44e,length_32_gap_8,0.090800285339355399
19,14,qseq_52f1b1128f7f8827,length_32_gap_8,0.062459945678710903
19,14,qseq_d4bff5080bd4daa2,length_32_gap_8,0.0044193267822265
19,14,qseq_bc537eed9a30ad79,length_32_gap_8,0.14187240600585929
19,14,qseq_4e294cfbb31deac6,length_32_gap_8,-0.00052642822265620002
19,14,qseq_a9426dae73873222,length_32_gap_8,-0.12337899208068839
19,14,qseq_84c7ecb2a5f6fb74,length_32_gap_8,0.059751749038696199
19,14,qseq_2232308bba387df3,length_32_gap_8,0.085726261138916002
19,14,qseq_c651ff600b8839df,length_32_gap_8,0
19,14,qseq_bdd4291ac8449310,length_32_gap_8,-0.053945541381835903
19,14,qseq_eee8756396fe6af2,length_32_gap_8,-0.0058822631835936997
19,14,qseq_d27c4368416fdc93,length_32_gap_8,0.1767616271972656
19,14,qseq_1bc3d720581f5d2b,length_32_gap_8,0.12524080276489249
19,14,qseq_d1b8220e931c7fd7,length_32_gap_8,0.102705955505371
19,14,qseq_f3612a27015ba1ca,length_32_gap_8,0.1418743133544921
19,14,qseq_983999860e3f68fa,length_32_gap_8,0.22812080383300781
19,14,qseq_3cc6488c0780e435,length_32_gap_8,-0.030536174774169901
19,14,qseq_896e75303fd36619,length_32_gap_8,0.023694038391113201
19,14,qseq_bb44694bf88faab7,length_32_gap_8,-0.031261444091796799
19,14,qseq_676b73120ca2a061,length_32_gap_8,0.032003402709960903
19,14,qseq_03289c2c4536e699,length_32_gap_8,-0.070107460021972601
19,14,qseq_62632b972840b049,length_32_gap_8,0.0165343284606933
19,14,qseq_f5d56d42459ee9bc,length_32_gap_8,0.0276637077331542
19,14,qseq_32bc0ad658c10a1c,length_32_gap_8,0.069881439208984306
19,14,qseq_4da58de5cf93ae4a,length_32_gap_8,0.16939353942871091
19,14,qseq_5e6685ba720055c7,length_32_gap_8,-0.1140985488891601
19,14,qseq_2cfb75f54306c844,length_32_gap_8,0.055384635925292899
19,14,qseq_8345587890d3c14f,length_32_gap_8,0.039524078369140597
19,14,qseq_46afeffe5dd0d89f,length_32_gap_8,-0.026508331298828101
19,14,qseq_b592f6abbb02f055,length_32_gap_8,0.047793388366699198
19,14,qseq_3d813b4e2f642750,length_32_gap_8,0.111861228942871
19,14,qseq_c3ccf9967efbcd30,length_32_gap_8,0.12372779846191399
19,14,qseq_029bb1fad3e341b6,length_32_gap_8,0.030426025390625
19,14,qseq_f0a1548c14cbff39,length_32_gap_8,0.032454490661620997
19,14,qseq_ce67b9d37322c254,length_32_gap_8,0.0274295806884765
19,14,qseq_1d5def43cbaaf204,length_32_gap_8,-0.00042963027954100001
19,14,qseq_ef053ee48a778a2d,length_32_gap_8,0.0048060417175291997
19,14,qseq_aad6bf2a44151808,length_32_gap_8,0.1091480255126953
19,14,qseq_8efc9f11c7cf051c,length_32_gap_8,-0.055545806884765597
19,14,qseq_8e716ecd02e0f73a,length_32_gap_16,0.062389373779296799
19,14,qseq_1595750272a9182b,length_32_gap_16,0.082293510437011705
19,14,qseq_bcb1e40d4e33a983,length_32_gap_16,0.095008850097656194
19,14,qseq_918b1e8c99f205fc,length_32_gap_16,-0.069212913513183497
19,14,qseq_9bcb64e386770afd,length_32_gap_16,0.046683311462402302
19,14,qseq_f308f77da35e5150,length_32_gap_16,0.109375
19,14,qseq_3d452bb0ed05ae44,length_32_gap_16,-0.070657253265380804
19,14,qseq_5e121f37966766e3,length_32_gap_16,0.099510431289672796
19,14,qseq_7d05ec534f8e7970,length_32_gap_16,-0.015745162963867101
19,14,qseq_1a641e032f933a96,length_32_gap_16,0.043116569519042899
19,14,qseq_afb04c9fd38b4a73,length_32_gap_16,0.001047134399414
19,14,qseq_0a7044add0a71938,length_32_gap_16,0.081195831298828097
19,14,qseq_ad84a1c2bee1922b,length_32_gap_16,-0.044234275817870997
19,14,qseq_0449b2f15993e9e3,length_32_gap_16,-0.076116561889648396
19,14,qseq_e239bfe29ce1339d,length_32_gap_16,2.09808349609375e-05
19,14,qseq_1c01b2c0b82e7c86,length_32_gap_16,-0.029813766479492101
19,14,qseq_5a6f346a0090499e,length_32_gap_16,0.0026111602783202999
19,14,qseq_23e29e93fa14dc22,length_32_gap_16,0.040032863616943297
19,14,qseq_aed28d8945a5fd51,length_32_gap_16,0.038075447082519497
19,14,qseq_64af7706440b2eb6,length_32_gap_16,0.088664054870605399
19,14,qseq_9b65b35ce09e05fc,length_32_gap_16,0.033123493194580002
19,14,qseq_9966ff37eb81ef5e,length_32_gap_16,-0.033590316772460903
19,14,qseq_2f710e8798ec9e71,length_32_gap_16,-0.041267395019531201
19,14,qseq_11b039baed6684b4,length_32_gap_16,0.091509819030761705
19,14,qseq_60e817fc1eb4a770,length_32_gap_16,0.062435626983642502
19,14,qseq_704ee3aa78d74315,length_32_gap_16,0.054574966430664
19,14,qseq_56aa2892fb9d4215,length_32_gap_16,0.00031375885009759998
19,14,qseq_cfd0f3fa73dabac6,length_32_gap_16,0.0253365039825439
19,14,qseq_4d8b8abbf9e82df2,length_32_gap_16,0.010355949401855399
19,14,qseq_dc290e31b0f7fee9,length_32_gap_16,0.111739158630371
19,14,qseq_d59e491f27122012,length_32_gap_16,-0.0515494346618652
19,14,qseq_0d1644fe34089dc5,length_32_gap_16,0.0072231292724609002
19,14,qseq_b0f1c882cbfc023b,length_32_gap_16,0.13327980041503901
19,14,qseq_ae326193ef533b6f,length_32_gap_16,0.1146135330200195
19,14,qseq_b90113f916a4ef25,length_32_gap_16,0.046875
19,14,qseq_47db8e82e82ab9ab,length_32_gap_16,0.0058350563049315999
19,14,qseq_1bd1876170be1293,length_32_gap_16,-0.017807960510253899
19,14,qseq_28a6625244b67550,length_32_gap_16,0.12854599952697751
19,14,qseq_0319d5aa3b7a2109,length_32_gap_16,-0.013370513916015601
19,14,qseq_b4281d845cf8791c,length_32_gap_16,0.030722618103027299
19,14,qseq_eb72d6b6095aa9bf,length_32_gap_16,0.0308523178100585
19,14,qseq_2a530f25c94c88b0,length_32_gap_16,0.077696800231933497
19,14,qseq_b90ee294cda3f4ef,length_32_gap_16,-0.074106693267822196
19,14,qseq_2194e53c28d8ac06,length_32_gap_16,0.125
19,14,qseq_cd35a5d7a5f5a555,length_32_gap_16,0.0085840225219726007
19,14,qseq_e3fd7e822923d545,length_32_gap_16,0.0569958686828613
19,14,qseq_3c1160a318793be3,length_32_gap_16,0.016049385070800701
19,14,qseq_a4167c2fe5df8c7f,length_32_gap_16,0.1410045623779296
19,14,qseq_fa6f788e8ca0ef62,length_32_gap_16,-0.1086339950561523
19,14,qseq_98487b25edb3051f,length_32_gap_16,-0.0022168159484862999
19,14,qseq_1f823851ae16f13f,length_32_gap_16,0.032152175903320299
19,14,qseq_b190b48533f45a2c,length_32_gap_16,0.062898635864257799
19,14,qseq_63d72c96ef626e2d,length_32_gap_16,0.062200546264648403
19,14,qseq_a28e2ec155ecc582,length_32_gap_16,0.0011014938354492001
19,14,qseq_eb02fc157dd74784,length_32_gap_16,0.070879936218261705
19,14,qseq_e887c4a51d9b260c,length_32_gap_16,0.15910625457763669
19,14,qseq_dee021939107fbde,length_32_gap_16,0.096636772155761705
19,14,qseq_affe6175ca94dda2,length_32_gap_16,0.094442844390869099
19,14,qseq_7be057ad143b9690,length_32_gap_16,-0.0282278060913085
19,14,qseq_24f5b4f7f640338f,length_32_gap_16,-0.066712379455566406
19,14,qseq_43ebed208484255f,length_32_gap_16,0.0012331008911131999
19,14,qseq_c613b96c7912d379,length_32_gap_16,-0.049503564834594699
19,14,qseq_7f5aade052d4177f,length_32_gap_16,-0.03125
19,14,qseq_ee49c796752d8710,length_32_gap_16,0.0535931587219238
19,14,qseq_b3f568f628b46423,length_64_gap_8,-0.046720027923583901
19,14,qseq_2fb25780aa1dbffa,length_64_gap_8,0.047999858856201102
19,14,qseq_fd1170e3dcd5f55e,length_64_gap_8,-0.1243953704833984
19,14,qseq_24b25ead5a4620eb,length_64_gap_8,0.10843229293823239
19,14,qseq_4074ee710223309a,length_64_gap_8,0.09375
19,14,qseq_4279be38393632ff,length_64_gap_8,0.09375
19,14,qseq_a128a3ad062f254f,length_64_gap_8,0.013749599456787101
19,14,qseq_40546941dd2db2c4,length_64_gap_8,0.15222930908203119
19,14,qseq_bd1d709ea9de2442,length_64_gap_8,-0.030672073364257799
19,14,qseq_0701dad0bea1f82c,length_64_gap_8,0.11988043785095211
19,14,qseq_1922d44b2343c70a,length_64_gap_8,0.0424027442932128
19,14,qseq_730ee300e88dbdc9,length_64_gap_8,0.090876817703247001
19,14,qseq_5b194ba92705c9b8,length_64_gap_8,0.13993382453918449
19,14,qseq_021ce8a6eb41287d,length_64_gap_8,0.062076568603515597
19,14,qseq_039bccf871e60190,length_64_gap_8,0.015630483627319301
19,14,qseq_c9895be6cd96e125,length_64_gap_8,-0.1051054000854492
19,14,qseq_e517bd5620ecf760,length_64_gap_8,0.1913890838623046
19,14,qseq_05be70e9da000c21,length_64_gap_8,0.029038429260253899
19,14,qseq_9e0484c8cf5ddfc6,length_64_gap_8,0.10175275802612301
19,14,qseq_d8653dab52d91576,length_64_gap_8,0.1246190071105957
19,14,qseq_7c7ae2fc6a76be76,length_64_gap_8,0.088514566421508706
19,14,qseq_eea059d57beab37f,length_64_gap_8,0.1473121643066406
19,14,qseq_8fee472e774e69bb,length_64_gap_8,0.138848066329956
19,14,qseq_6a6e891f0af35a46,length_64_gap_8,0.030327796936035101
19,14,qseq_a6eb78d92d0c43ab,length_64_gap_8,0.012144088745117101
19,14,qseq_4eb4bdf24b06d78c,length_64_gap_8,-0.034211158752441399
19,14,qseq_772ec14d440e73c4,length_64_gap_8,0.26221799850463862
19,14,qseq_c9795ce42618194e,length_64_gap_8,-0.0025405883789062001
19,14,qseq_ad3d3bcb9795d514,length_64_gap_8,-0.021503210067748999
19,14,qseq_1e356400a385b9c8,length_64_gap_8,-0.025334358215332
19,14,qseq_200c199e7437db70,length_64_gap_8,0.081323623657226493
19,14,qseq_f93016a2d910f6d4,length_64_gap_8,-0.078385353088378906
19,14,qseq_b26f645287ad75c3,length_64_gap_8,0.064496994018554604
19,14,qseq_5dbd77e6301a4d88,length_64_gap_8,-0.0311126708984375
19,14,qseq_1f519fea8800a91a,length_64_gap_8,0.026410102844238201
19,14,qseq_c22690e962dda79a,length_64_gap_8,0.054091691970825098
19,14,qseq_aa1bf93acfa1394f,length_64_gap_8,0.061668395996093701
19,14,qseq_c7e2bf5dffccfdb4,length_64_gap_8,0.0517730712890625
19,14,qseq_f0b7c35e28157360,length_64_gap_8,-0.0076198577880859002
19,14,qseq_5b3541bc4ecd5520,length_64_gap_8,-0.0024385452270507002
19,14,qseq_51105068c69885d2,length_64_gap_8,-0.062863469123840304
19,14,qseq_1fa7df7dac6c2475,length_64_gap_8,0.0149555206298828
19,14,qseq_1f17912f3d8f9da9,length_64_gap_8,-0.031102180480957
19,14,qseq_492ddced5e4b2559,length_64_gap_8,0.1096105575561523
19,14,qseq_131de4ffcd89e6e9,length_64_gap_8,-0.073151350021362305
19,14,qseq_2eba76d2215c33b9,length_64_gap_8,-0.011625051498412999
19,14,qseq_a1c3fb56cf8462bb,length_64_gap_8,0.19561612606048581
19,14,qseq_dcd58d81cb05e28d,length_64_gap_8,0.046681404113769497
19,14,qseq_6715416239d80838,length_64_gap_8,0.0348496437072753
19,14,qseq_8d499f91b4526a3a,length_64_gap_8,0.0755157470703125
19,14,qseq_587220b2bc085b31,length_64_gap_8,0.0089998245239256997
19,14,qseq_69cc809df6a6f6c9,length_64_gap_8,0.010468482971191399
19,14,qseq_b92aea251b1eff2b,length_64_gap_8,0.045368194580078097
19,14,qseq_4f51e954884cdf48,length_64_gap_8,0.065149307250976493
19,14,qseq_fe9ddd894232689b,length_64_gap_8,0.15303683280944819
19,14,qseq_c12d62810ba631af,length_64_gap_8,-0.0175871849060058
19,14,qseq_5e9dad96f848721b,length_64_gap_8,0.094759941101074205
19,14,qseq_32e4b0f9ec8b30ce,length_64_gap_8,0.094036102294921806
19,14,qseq_eab2e57f5041e3f9,length_64_gap_8,0.055508136749267502
19,14,qseq_845854475db5ae4a,length_64_gap_8,0.036776304244995103
19,14,qseq_8688a95186e10f9c,length_64_gap_8,-0.035945892333984299
19,14,qseq_e8c2d067e77fc845,length_64_gap_8,0.069328308105468694
19,14,qseq_c0d3d38e8bedac65,length_64_gap_8,0.040757179260253899
19,14,qseq_84ff4fbaaa20d8cc,length_64_gap_8,0.037840843200683497
19,14,qseq_a0de254948a6e5bf,length_64_gap_16,-0.10055875778198239
19,14,qseq_b0e4d687f94733dc,length_64_gap_16,-0.023569107055664
19,14,qseq_be52c9a76238a7d9,length_64_gap_16,-0.037654876708984299
19,14,qseq_f37fbd079a3b6bde,length_64_gap_16,0.1769709587097168
19,14,qseq_ecccef08f74a0d62,length_64_gap_16,0.0058944225311279002
19,14,qseq_3b5d281e4d3fc2c2,length_64_gap_16,0.022097587585449201
19,14,qseq_d1e08ad378e2d77d,length_64_gap_16,0.0021131038665770999
19,14,qseq_7e4b4a517eef4bbc,length_64_gap_16,-0.010343551635742101
19,14,qseq_8b91b6dc4c4ad5a7,length_64_gap_16,-0.094907283782958901
19,14,qseq_61c50fa15c9aaf25,length_64_gap_16,-0.047675132751464802
19,14,qseq_eb6a949eb0642356,length_64_gap_16,0.02081298828125
19,14,qseq_ccbe5bac490d61b5,length_64_gap_16,-0.00045871734619140002
19,14,qseq_ae9e47b71d61c01f,length_64_gap_16,0.034105777740478502
19,14,qseq_c423f0620a3bd358,length_64_gap_16,-0.064101219177245997
19,14,qseq_b7edc17d7108c749,length_64_gap_16,0.075856208801269503
19,14,qseq_c0b98a93360f9565,length_64_gap_16,-0.0616145133972167
19,14,qseq_b6de0520ecba0cb7,length_64_gap_16,0.28080558776855458
19,14,qseq_adc73ff9cfa008e2,length_64_gap_16,0.019544124603271401
19,14,qseq_2940a4d578561754,length_64_gap_16,0.076848030090332003
19,14,qseq_30994fe2dabf428d,length_64_gap_16,-0.09375
19,14,qseq_949a4801d597a033,length_64_gap_16,-0.0025734901428222001
19,14,qseq_c5b16a3541c1277e,length_64_gap_16,-0.070603847503662095
19,14,qseq_9431506847fefb45,length_64_gap_16,-0.035483598709106397
19,14,qseq_5c36d742824efa4b,length_64_gap_16,-0.030294418334960899
19,14,qseq_05d8cddf3ea281a9,length_64_gap_16,-0.056529521942138602
19,14,qseq_f17674cc4392f3bf,length_64_gap_16,-0.032817840576171799
19,14,qseq_382e6ced8b87a663,length_64_gap_16,0.0013202428817749
19,14,qseq_fe5cd0e334e253c1,length_64_gap_16,0.1061577796936035
19,14,qseq_b417731b953269a4,length_64_gap_16,0.051535606384277302
19,14,qseq_450cbb29b12c67b7,length_64_gap_16,0.027538299560546799
19,14,qseq_a30ec5f4c977bbc8,length_64_gap_16,-0.0063538551330565999
19,14,qseq_f52fc5c697a8e7f5,length_64_gap_16,0.0093984603881835001
19,14,qseq_396aff10bb95400f,length_64_gap_16,0.077576637268066406
19,14,qseq_82c1df8241dca3cf,length_64_gap_16,0.053646087646484299
19,14,qseq_204175b8e8f592ff,length_64_gap_16,0.046875
19,14,qseq_b7054e022b918880,length_64_gap_16,0.0242619514465332
19,14,qseq_ba8a8e9d30f030c0,length_64_gap_16,0.078520774841308497
19,14,qseq_57bd27a9adf994ef,length_64_gap_16,-0.046901345252990702
19,14,qseq_df9ba99fcdbb78f6,length_64_gap_16,-0.084247589111328097
19,14,qseq_c7f36be3fc9142a4,length_64_gap_16,0.0112371444702148
19,14,qseq_bb25837841d78095,length_64_gap_16,-0.026685237884521401
19,14,qseq_89060805f114dcc8,length_64_gap_16,0.1232225894927978
19,14,qseq_cfce5ff0ec658964,length_64_gap_16,0.1204004287719726
19,14,qseq_84f8cb3faeb6a744,length_64_gap_16,-0.078606128692626898
19,14,qseq_42c429c411c30673,length_64_gap_16,-0.0342459678649902
19,14,qseq_1d8ea3a6efaf9fab,length_64_gap_16,-0.039051771163940402
19,14,qseq_a1e47f7cb49b58b7,length_64_gap_16,0.030509948730468701
19,14,qseq_75975c5fcfe56f9f,length_64_gap_16,0.081757545471191406
19,14,qseq_8a0db1772110a4a8,length_64_gap_16,-0.00390625
19,14,qseq_5f7ce90f26f794f5,length_64_gap_16,-0.0071063041687010999
19,14,qseq_f2f94c41d471f1c4,length_64_gap_16,0.051623582839965799
19,14,qseq_d57f36c4148c49c6,length_64_gap_16,0.10925626754760739
19,14,qseq_fdf96662daefa822,length_64_gap_16,0.086848258972167899
19,14,qseq_4b71f66c27222d97,length_64_gap_16,-0.078860282897949205
19,14,qseq_a1e8b0d618f525ce,length_64_gap_16,-0.079707145690917899
19,14,qseq_8597a5fd74382a82,length_64_gap_16,-0.074652671813964802
19,14,qseq_2317dd357fbf5323,length_64_gap_16,-0.031348228454589802
19,14,qseq_44b93471651b7136,length_64_gap_16,-0.25390529632568348
19,14,qseq_9936aeb4dac5517c,length_64_gap_16,0.042049407958984299
19,14,qseq_4118977d719f3b17,length_64_gap_16,0.033002853393554597
19,14,qseq_622c80501e6559b9,length_64_gap_16,0.0311989784240722
19,14,qseq_995d48cc4618a5d7,length_64_gap_16,0.078125
19,14,qseq_2a1a4deb70ed1a8f,length_64_gap_16,-0.063911437988281194
19,14,qseq_d83a3e748cb0801e,length_64_gap_16,0.04876708984375
17,15,qseq_00cb1c1a51bbd477,length_32_gap_8,0.098331212997436496
17,15,qseq_fdb0d02eb17a3ad5,length_32_gap_8,-0.054471969604492097
17,15,qseq_0fb480259789823d,length_32_gap_8,0.063963890075683497
17,15,qseq_a2e6bd810032888a,length_32_gap_8,-0.053493022918701102
17,15,qseq_5ce005c7be85e2b9,length_32_gap_8,0.1042966842651367
17,15,qseq_9c1391f827e05414,length_32_gap_8,0.047785282135009703
17,15,qseq_b5c59e25abaa4090,length_32_gap_8,-0.062228441238403299
17,15,qseq_9aa233d4f18630ef,length_32_gap_8,-0.21756982803344721
17,15,qseq_36581fc0e870746a,length_32_gap_8,-0.033967971801757799
17,15,qseq_f1250fa423e1545e,length_32_gap_8,-0.1407926082611084
17,15,qseq_82e41c38cbe9078a,length_32_gap_8,-0.20239877700805661
17,15,qseq_d0b29249fa160784,length_32_gap_8,0.035144805908203097
17,15,qseq_05f13a28471ab531,length_32_gap_8,-0.001347541809082
17,15,qseq_f1b36b9fae18111b,length_32_gap_8,-0.0085654258728026997
17,15,qseq_83e6b8683b1256b2,length_32_gap_8,-0.069010734558105399
17,15,qseq_67044cfad9f21ecb,length_32_gap_8,-0.093463897705078097
17,15,qseq_70ea623170fa926c,length_32_gap_8,0.025379180908203101
17,15,qseq_5b73de916863d399,length_32_gap_8,0.072166919708251898
17,15,qseq_db732a487a875289,length_32_gap_8,0.10903358459472649
17,15,qseq_fd7563a3a3cec767,length_32_gap_8,0.032256126403808497
17,15,qseq_d6183e1df454b220,length_32_gap_8,0.35542774200439448
17,15,qseq_1355795077be0f50,length_32_gap_8,0.031255722045898403
17,15,qseq_8b0497deeb8bcaef,length_32_gap_8,-0.089324951171875
17,15,qseq_1fb3a17d5dccef31,length_32_gap_8,-0.061307907104492097
17,15,qseq_a17078d2a6b4b999,length_32_gap_8,-0.14147186279296869
17,15,qseq_9e89898b6bb8b44e,length_32_gap_8,-0.39713191986083979
17,15,qseq_52f1b1128f7f8827,length_32_gap_8,-0.12490081787109369
17,15,qseq_d4bff5080bd4daa2,length_32_gap_8,0.030827522277832
17,15,qseq_bc537eed9a30ad79,length_32_gap_8,0.064109802246093694
17,15,qseq_4e294cfbb31deac6,length_32_gap_8,0.0047979354858398004
17,15,qseq_a9426dae73873222,length_32_gap_8,0.066595554351806599
17,15,qseq_84c7ecb2a5f6fb74,length_32_gap_8,0.046013355255126898
17,15,qseq_2232308bba387df3,length_32_gap_8,-0.071322441101074205
17,15,qseq_c651ff600b8839df,length_32_gap_8,-0.26950836181640619
17,15,qseq_bdd4291ac8449310,length_32_gap_8,-0.11569976806640619
17,15,qseq_eee8756396fe6af2,length_32_gap_8,0.018872261047363201
17,15,qseq_d27c4368416fdc93,length_32_gap_8,0.13656902313232419
17,15,qseq_1bc3d720581f5d2b,length_32_gap_8,0.093896865844726493
17,15,qseq_d1b8220e931c7fd7,length_32_gap_8,0.1112990379333496
17,15,qseq_f3612a27015ba1ca,length_32_gap_8,-0.092902183532714802
17,15,qseq_983999860e3f68fa,length_32_gap_8,0.087932109832763602
17,15,qseq_3cc6488c0780e435,length_32_gap_8,-0.1191487312316894
17,15,qseq_896e75303fd36619,length_32_gap_8,-0.11802291870117181
17,15,qseq_bb44694bf88faab7,length_32_gap_8,-0.10935163497924801
17,15,qseq_676b73120ca2a061,length_32_gap_8,0.0397186279296875
17,15,qseq_03289c2c4536e699,length_32_gap_8,-0.1010768413543701
17,15,qseq_62632b972840b049,length_32_gap_8,-0.12896585464477531
17,15,qseq_f5d56d42459ee9bc,length_32_gap_8,0.0589137077331542
17,15,qseq_32bc0ad658c10a1c,length_32_gap_8,-0.0073776245117186997
17,15,qseq_4da58de5cf93ae4a,length_32_gap_8,-0.17681407928466791
17,15,qseq_5e6685ba720055c7,length_32_gap_8,-0.0062274932861328004
17,15,qseq_2cfb75f54306c844,length_32_gap_8,0.13928508758544919
17,15,qseq_8345587890d3c14f,length_32_gap_8,-0.024935722351074201
17,15,qseq_46afeffe5dd0d89f,length_32_gap_8,0.033586502075195299
17,15,qseq_b592f6abbb02f055,length_32_gap_8,-0.017020225524902299
17,15,qseq_3d813b4e2f642750,length_32_gap_8,-0.012922286987304601
17,15,qseq_c3ccf9967efbcd30,length_32_gap_8,-0.0397992134094238
17,15,qseq_029bb1fad3e341b6,length_32_gap_8,-0.1353192329406738
17,15,qseq_f0a1548c14cbff39,length_32_gap_8,0.024971008300781201
17,15,qseq_ce67b9d37322c254,length_32_gap_8,0.015178203582763601
17,15,qseq_1d5def43cbaaf204,length_32_gap_8,-0.047975063323974602
17,15,qseq_ef053ee48a778a2d,length_32_gap_8,-0.33202695846557612
17,15,qseq_aad6bf2a44151808,length_32_gap_8,0.054448127746581997
17,15,qseq_8efc9f11c7cf051c,length_32_gap_8,0.14512538909912101
17,15,qseq_8e716ecd02e0f73a,length_32_gap_16,0.041310310363769497
17,15,qseq_1595750272a9182b,length_32_gap_16,0
17,15,qseq_bcb1e40d4e33a983,length_32_gap_16,0.0625
17,15,qseq_918b1e8c99f205fc,length_32_gap_16,-0.26362705230712891
17,15,qseq_9bcb64e386770afd,length_32_gap_16,0.00077533721923820004
17,15,qseq_f308f77da35e5150,length_32_gap_16,-0.11590671539306641
17,15,qseq_3d452bb0ed05ae44,length_32_gap_16,0.090456962585449205
17,15,qseq_5e121f37966766e3,length_32_gap_16,0.056551694869995103
17,15,qseq_7d05ec534f8e7970,length_32_gap_16,-0.067906379699707003
17,15,qseq_1a641e032f933a96,length_32_gap_16,-0.091104507446288993
17,15,qseq_afb04c9fd38b4a73,length_32_gap_16,0.0859375
17,15,qseq_0a7044add0a71938,length_32_gap_16,0.027775764465332
17,15,qseq_ad84a1c2bee1922b,length_32_gap_16,-0.045615196228027302
17,15,qseq_0449b2f15993e9e3,length_32_gap_16,0.0488834381103515
17,15,qseq_e239bfe29ce1339d,length_32_gap_16,0.1092352867126464
17,15,qseq_1c01b2c0b82e7c86,length_32_gap_16,-0.031448841094970703
17,15,qseq_5a6f346a0090499e,length_32_gap_16,-0.046783447265625
17,15,qseq_23e29e93fa14dc22,length_32_gap_16,-0.38433933258056641
17,15,qseq_aed28d8945a5fd51,length_32_gap_16,0.41391468048095698
17,15,qseq_64af7706440b2eb6,length_32_gap_16,0.020046234130859299
17,15,qseq_9b65b35ce09e05fc,length_32_gap_16,-0.33364772796630848
17,15,qseq_9966ff37eb81ef5e,length_32_gap_16,-0.1147332191467285
17,15,qseq_2f710e8798ec9e71,length_32_gap_16,-0.068095207214355399
17,15,qseq_11b039baed6684b4,length_32_gap_16,0.076620101928710896
17,15,qseq_60e817fc1eb4a770,length_32_gap_16,-0.39065790176391602
17,15,qseq_704ee3aa78d74315,length_32_gap_16,0.0132689476013183
17,15,qseq_56aa2892fb9d4215,length_32_gap_16,0.17994785308837891
17,15,qseq_cfd0f3fa73dabac6,length_32_gap_16,-0.010814428329467701
17,15,qseq_4d8b8abbf9e82df2,length_32_gap_16,0.12255287170410149
17,15,qseq_dc290e31b0f7fee9,length_32_gap_16,0.093446731567382799
17,15,qseq_d59e491f27122012,length_32_gap_16,0.0048952102661131997
17,15,qseq_0d1644fe34089dc5,length_32_gap_16,-0.023175239562988201
17,15,qseq_b0f1c882cbfc023b,length_32_gap_16,0.039847373962402302
17,15,qseq_ae326193ef533b6f,length_32_gap_16,0.064450263977050698
17,15,qseq_b90113f916a4ef25,length_32_gap_16,-0.1525154113769531
17,15,qseq_47db8e82e82ab9ab,length_32_gap_16,-0.1102814674377441
17,15,qseq_1bd1876170be1293,length_32_gap_16,0.0089931488037108993
17,15,qseq_28a6625244b67550,length_32_gap_16,0.24370431900024411
17,15,qseq_0319d5aa3b7a2109,length_32_gap_16,0.023677825927734299
17,15,qseq_b4281d845cf8791c,length_32_gap_16,0.061773300170898403
17,15,qseq_eb72d6b6095aa9bf,length_32_gap_16,-0.032910346984863198
17,15,qseq_2a530f25c94c88b0,length_32_gap_16,0.013728141784667899
17,15,qseq_b90ee294cda3f4ef,length_32_gap_16,-0.038012027740478502
17,15,qseq_2194e53c28d8ac06,length_32_gap_16,0.2484068870544433
17,15,qseq_cd35a5d7a5f5a555,length_32_gap_16,0.071781158447265597
17,15,qseq_e3fd7e822923d545,length_32_gap_16,-0.1830573081970214
17,15,qseq_3c1160a318793be3,length_32_gap_16,0.063897132873535101
17,15,qseq_a4167c2fe5df8c7f,length_32_gap_16,0.093006134033203097
17,15,qseq_fa6f788e8ca0ef62,length_32_gap_16,-0.20906400680541989
17,15,qseq_98487b25edb3051f,length_32_gap_16,-0.011010169982910101
17,15,qseq_1f823851ae16f13f,length_32_gap_16,-0.0305986404418945
17,15,qseq_b190b48533f45a2c,length_32_gap_16,0.0304608345031738
17,15,qseq_63d72c96ef626e2d,length_32_gap_16,0.069386482238769503
17,15,qseq_a28e2ec155ecc582,length_32_gap_16,-0.17366790771484369
17,15,qseq_eb02fc157dd74784,length_32_gap_16,0.16704082489013669
17,15,qseq_e887c4a51d9b260c,length_32_gap_16,-0.1143312454223632
17,15,qseq_dee021939107fbde,length_32_gap_16,-0.039518356323242097
17,15,qseq_affe6175ca94dda2,length_32_gap_16,-0.00068283081054679997
17,15,qseq_7be057ad143b9690,length_32_gap_16,0.0030221939086914002
17,15,qseq_24f5b4f7f640338f,length_32_gap_16,-0.035462379455566399
17,15,qseq_43ebed208484255f,length_32_gap_16,-0.0921521186828613
17,15,qseq_c613b96c7912d379,length_32_gap_16,0.0282884836196899
17,15,qseq_7f5aade052d4177f,length_32_gap_16,-0.062408924102783203
17,15,qseq_ee49c796752d8710,length_32_gap_16,0.12898588180541989
17,15,qseq_b3f568f628b46423,length_64_gap_8,-0.025612831115722601
17,15,qseq_2fb25780aa1dbffa,length_64_gap_8,0.077810287475585896
17,15,qseq_fd1170e3dcd5f55e,length_64_gap_8,-0.0625
17,15,qseq_24b25ead5a4620eb,length_64_gap_8,-0.036542892456054597
17,15,qseq_4074ee710223309a,length_64_gap_8,-0.00067663192749020001
17,15,qseq_4279be38393632ff,length_64_gap_8,0.058271646499633699
17,15,qseq_a128a3ad062f254f,length_64_gap_8,-0.056141614913940402
17,15,qseq_40546941dd2db2c4,length_64_gap_8,0.12879180908203119
17,15,qseq_bd1d709ea9de2442,length_64_gap_8,-0.1076288223266601
17,15,qseq_0701dad0bea1f82c,length_64_gap_8,-0.053726911544799798
17,15,qseq_1922d44b2343c70a,length_64_gap_8,-0.071442604064941406
17,15,qseq_730ee300e88dbdc9,length_64_gap_8,0.0546875
17,15,qseq_5b194ba92705c9b8,length_64_gap_8,0.0277957916259765
17,15,qseq_021ce8a6eb41287d,length_64_gap_8,-0.062783241271972601
17,15,qseq_039bccf871e60190,length_64_gap_8,0.1061315536499023
17,15,qseq_c9895be6cd96e125,length_64_gap_8,-0.017054557800292899
17,15,qseq_e517bd5620ecf760,length_64_gap_8,-0.1172218322753906
17,15,qseq_05be70e9da000c21,length_64_gap_8,0.036796569824218701
17,15,qseq_9e0484c8cf5ddfc6,length_64_gap_8,0.088525295257568304
17,15,qseq_d8653dab52d91576,length_64_gap_8,-0.092974185943603502
17,15,qseq_7c7ae2fc6a76be76,length_64_gap_8,-0.070995092391967704
17,15,qseq_eea059d57beab37f,length_64_gap_8,0.088156700134277302
17,15,qseq_8fee472e774e69bb,length_64_gap_8,-0.2417762279510498
17,15,qseq_6a6e891f0af35a46,length_64_gap_8,0.082802772521972601
17,15,qseq_a6eb78d92d0c43ab,length_64_gap_8,0.1901788711547851
17,15,qseq_4eb4bdf24b06d78c,length_64_gap_8,-0.085888862609863198
17,15,qseq_772ec14d440e73c4,length_64_gap_8,0.1037263870239257
17,15,qseq_c9795ce42618194e,length_64_gap_8,0.0086815357208250999
17,15,qseq_ad3d3bcb9795d514,length_64_gap_8,-0.0089480876922607006
17,15,qseq_1e356400a385b9c8,length_64_gap_8,-0.046875
17,15,qseq_200c199e7437db70,length_64_gap_8,-0.037900924682617097
17,15,qseq_f93016a2d910f6d4,length_64_gap_8,0.15611934661865229
17,15,qseq_b26f645287ad75c3,length_64_gap_8,-0.098651885986328097
17,15,qseq_5dbd77e6301a4d88,length_64_gap_8,-0.14831829071044919
17,15,qseq_1f519fea8800a91a,length_64_gap_8,0.072815895080566406
17,15,qseq_c22690e962dda79a,length_64_gap_8,0.0121762752532958
17,15,qseq_aa1bf93acfa1394f,length_64_gap_8,0.062163591384887598
17,15,qseq_c7e2bf5dffccfdb4,length_64_gap_8,-0.0107269287109375
17,15,qseq_f0b7c35e28157360,length_64_gap_8,0.29703164100646973
17,15,qseq_5b3541bc4ecd5520,length_64_gap_8,-0.039333343505859299
17,15,qseq_51105068c69885d2,length_64_gap_8,-0.033821940422058099
17,15,qseq_1fa7df7dac6c2475,length_64_gap_8,0.1541590690612793
17,15,qseq_1f17912f3d8f9da9,length_64_gap_8,-0.094041824340820299
17,15,qseq_492ddced5e4b2559,length_64_gap_8,-0.14174985885620109
17,15,qseq_131de4ffcd89e6e9,length_64_gap_8,-0.0254333019256591
17,15,qseq_2eba76d2215c33b9,length_64_gap_8,0.0057210922241210001
17,15,qseq_a1c3fb56cf8462bb,length_64_gap_8,0.0090417861938476007
17,15,qseq_dcd58d81cb05e28d,length_64_gap_8,-0.1248004436492919
17,15,qseq_6715416239d80838,length_64_gap_8,-0.1963963508605957
17,15,qseq_8d499f91b4526a3a,length_64_gap_8,0.060786247253417899
17,15,qseq_587220b2bc085b31,length_64_gap_8,-0.046321392059326102
17,15,qseq_69cc809df6a6f6c9,length_64_gap_8,-0.16155052185058591
17,15,qseq_b92aea251b1eff2b,length_64_gap_8,0.014707565307617101
17,15,qseq_4f51e954884cdf48,length_64_gap_8,0.038893699645995997
17,15,qseq_fe9ddd894232689b,length_64_gap_8,0.11771607398986809
17,15,qseq_c12d62810ba631af,length_64_gap_8,0.14264535903930661
17,15,qseq_5e9dad96f848721b,length_64_gap_8,-0.18799972534179679
17,15,qseq_32e4b0f9ec8b30ce,length_64_gap_8,-0.21168613433837891
17,15,qseq_eab2e57f5041e3f9,length_64_gap_8,-0.053866863250732401
17,15,qseq_845854475db5ae4a,length_64_gap_8,0.0127303600311279
17,15,qseq_8688a95186e10f9c,length_64_gap_8,-0.088995933532714802
17,15,qseq_e8c2d067e77fc845,length_64_gap_8,0.069188237190246499
17,15,qseq_c0d3d38e8bedac65,length_64_gap_8,0.0144166946411132
17,15,qseq_84ff4fbaaa20d8cc,length_64_gap_8,0.13927268981933591
17,15,qseq_a0de254948a6e5bf,length_64_gap_16,0.1169061660766601
17,15,qseq_b0e4d687f94733dc,length_64_gap_16,-0.019581079483032199
17,15,qseq_be52c9a76238a7d9,length_64_gap_16,0.029306411743164
17,15,qseq_f37fbd079a3b6bde,length_64_gap_16,0.066246509552001898
17,15,qseq_ecccef08f74a0d62,length_64_gap_16,-0.0800166130065917
17,15,qseq_3b5d281e4d3fc2c2,length_64_gap_16,-0.022721290588378899
17,15,qseq_d1e08ad378e2d77d,length_64_gap_16,-0.017968177795410101
17,15,qseq_7e4b4a517eef4bbc,length_64_gap_16,0.0078346729278564002
17,15,qseq_8b91b6dc4c4ad5a7,length_64_gap_16,-0.050743103027343701
17,15,qseq_61c50fa15c9aaf25,length_64_gap_16,0.030686378479003899
17,15,qseq_eb6a949eb0642356,length_64_gap_16,-0.0122270584106445
17,15,qseq_ccbe5bac490d61b5,length_64_gap_16,0.066878318786620997
17,15,qseq_ae9e47b71d61c01f,length_64_gap_16,0.15625
17,15,qseq_c423f0620a3bd358,length_64_gap_16,-0.051036119461059501
17,15,qseq_b7edc17d7108c749,length_64_gap_16,0.016610145568847601
17,15,qseq_c0b98a93360f9565,length_64_gap_16,-0.1643199920654296
17,15,qseq_b6de0520ecba0cb7,length_64_gap_16,0.18712139129638669
17,15,qseq_adc73ff9cfa008e2,length_64_gap_16,0.037137508392333901
17,15,qseq_2940a4d578561754,length_64_gap_16,-0.1289601325988769
17,15,qseq_30994fe2dabf428d,length_64_gap_16,0.1029224395751953
17,15,qseq_949a4801d597a033,length_64_gap_16,0.1105103492736816
17,15,qseq_c5b16a3541c1277e,length_64_gap_16,0.044288635253906201
17,15,qseq_9431506847fefb45,length_64_gap_16,-0.0066492557525634002
17,15,qseq_5c36d742824efa4b,length_64_gap_16,-0.1089124679565429
17,15,qseq_05d8cddf3ea281a9,length_64_gap_16,0.0056743621826170999
17,15,qseq_f17674cc4392f3bf,length_64_gap_16,0.0564017295837402
17,15,qseq_382e6ced8b87a663,length_64_gap_16,0.050212979316711398
17,15,qseq_fe5cd0e334e253c1,length_64_gap_16,0.031771659851074198
17,15,qseq_b417731b953269a4,length_64_gap_16,-0.057839393615722601
17,15,qseq_450cbb29b12c67b7,length_64_gap_16,-0.0044384002685545999
17,15,qseq_a30ec5f4c977bbc8,length_64_gap_16,0.046391725540161098
17,15,qseq_f52fc5c697a8e7f5,length_64_gap_16,0.091318130493163993
17,15,qseq_396aff10bb95400f,length_64_gap_16,0.054517745971679597
17,15,qseq_82c1df8241dca3cf,length_64_gap_16,0.04730224609375
17,15,qseq_204175b8e8f592ff,length_64_gap_16,-0.046579837799072203
17,15,qseq_b7054e022b918880,length_64_gap_16,0.1838507652282714
17,15,qseq_ba8a8e9d30f030c0,length_64_gap_16,-0.060600757598876898
17,15,qseq_57bd27a9adf994ef,length_64_gap_16,-0.0430340766906738
17,15,qseq_df9ba99fcdbb78f6,length_64_gap_16,-0.056210517883300698
17,15,qseq_c7f36be3fc9142a4,length_64_gap_16,-0.069013118743896401
17,15,qseq_bb25837841d78095,length_64_gap_16,-0.021989345550537099
17,15,qseq_89060805f114dcc8,length_64_gap_16,0.1884763240814209
17,15,qseq_cfce5ff0ec658964,length_64_gap_16,0.069642543792724595
17,15,qseq_84f8cb3faeb6a744,length_64_gap_16,0.031087875366210899
17,15,qseq_42c429c411c30673,length_64_gap_16,0.21249294281005851
17,15,qseq_1d8ea3a6efaf9fab,length_64_gap_16,-0.046875
17,15,qseq_a1e47f7cb49b58b7,length_64_gap_16,0.12528038024902341
17,15,qseq_75975c5fcfe56f9f,length_64_gap_16,-0.015967369079589799
17,15,qseq_8a0db1772110a4a8,length_64_gap_16,0.01953125
17,15,qseq_5f7ce90f26f794f5,length_64_gap_16,0.075055122375488198
17,15,qseq_f2f94c41d471f1c4,length_64_gap_16,0.072390079498291002
17,15,qseq_d57f36c4148c49c6,length_64_gap_16,-0.038633346557617097
17,15,qseq_fdf96662daefa822,length_64_gap_16,0.059983253479003899
17,15,qseq_4b71f66c27222d97,length_64_gap_16,-0.014878273010253899
17,15,qseq_a1e8b0d618f525ce,length_64_gap_16,-0.0029211044311522999
17,15,qseq_8597a5fd74382a82,length_64_gap_16,-0.12256813049316399
17,15,qseq_2317dd357fbf5323,length_64_gap_16,-0.023868083953857401
17,15,qseq_44b93471651b7136,length_64_gap_16,-0.16726112365722651
17,15,qseq_9936aeb4dac5517c,length_64_gap_16,0.10000467300415029
17,15,qseq_4118977d719f3b17,length_64_gap_16,-0.076127529144287095
17,15,qseq_622c80501e6559b9,length_64_gap_16,-0.10916233062744141
17,15,qseq_995d48cc4618a5d7,length_64_gap_16,0.017081260681152299
17,15,qseq_2a1a4deb70ed1a8f,length_64_gap_16,0.050533294677734299
17,15,qseq_d83a3e748cb0801e,length_64_gap_16,0.013930320739746
