observer,estimator,direction_provider,support_mode,estimator_calibration,controller_mode,step,target_mse,target_mae,observer_error_mae,collateral_abs_delta,collateral_rms_delta,mean_observer_estimate,mean_true_target,mean_target_ref,mean_residual_off_support_l2,mean_residual_off_support_normalized,mean_nearest_clean_residual_l2,mean_residual_delta_from_initial_l2,mean_abs_residual_norm_z,mean_convex_hull_extrapolation_mass,fraction_outside_clean_convex_hull,next_clip_fraction
est-first_order__dir-first_order__support-unprojected__cal-none__controller-base,first_order,first_order,unprojected,none,base,0,0.6926147482430982,0.8152686215639114,0.20777254403657644,0.0,0.0,0.33400939071785435,0.33282631635665894,1.0,2.2895383264790606e-15,4.447703716874128e-16,4.2517680174906164e-05,0.0,0.8821291327476501,3.132058102349143e-06,0.0,0.0
est-first_order__dir-first_order__support-unprojected__cal-none__controller-base,first_order,first_order,unprojected,none,base,1,0.3682561832749781,0.6037127645726686,0.28509259058690567,0.010182943114456815,0.011455126551593265,0.31617321337215315,0.5309585269128853,1.0,0.33007117924802143,0.06412029856831826,0.3759839452561376,0.3759877060454307,0.7869122092860704,0.09373285824704247,1.0,0.0
est-first_order__dir-first_order__support-unprojected__cal-none__controller-base,first_order,first_order,unprojected,none,base,2,0.15307673340904568,0.3864911467861064,0.43653763814853147,0.020638599953040203,0.023217037712224647,0.29785935778613826,0.7343969959346698,1.0,0.6689821349248998,0.12995783008374454,0.7620411365083656,0.7620448985240983,0.9236506937723152,0.18998048717484392,1.0,0.0
est-first_order__dir-first_order__support-unprojected__cal-none__controller-base,first_order,first_order,unprojected,none,base,3,0.056398135038353225,0.1878908097073821,0.6642288059373018,0.03137427417781431,0.03529394961079666,0.2790550310559916,0.9432838369932934,1.0,1.0169696088373275,0.1975585844911243,1.158437490204117,1.1584412526285657,1.520100649644069,0.2888057647282166,1.0,0.0
est-first_order__dir-first_order__support-unprojected__cal-none__controller-base,first_order,first_order,unprojected,none,base,4,0.08813905315117733,0.2646784128435318,0.8980178675884314,0.0423974650533189,0.047694298415849254,0.25974709766570453,1.1577649652541362,1.0,1.3742766830748623,0.2669697834115473,1.5654499032085207,1.5654536658372558,2.2671117656334765,0.3902777240096996,1.0,0.0
est-first_order__dir-first_order__support-unprojected__cal-none__controller-base,first_order,first_order,unprojected,none,base,5,0.25884991030329374,0.37799020369858877,1.138068133387153,0.05371587268508212,0.060426746228534764,0.23992207031143592,1.377990203698589,1.0,1.7411529498117386,0.33823991312839236,1.9833626885863074,1.9833664513375562,3.1607861095474084,0.4944672469266687,1.0,0.0
est-first_order__dir-first_order__support-unprojected__cal-none__controller-base,first_order,first_order,unprojected,none,base,6,0.5797496790999407,0.6041133877809366,1.3845472873008042,0.06533740339842856,0.0735001871334153,0.21956610048013256,1.6041133877809364,1.0,2.1178546856562064,0.41141875845678455,2.4124677737961933,2.412471536629072,4.195705544539007,0.6014471137049635,1.0,0.0
est-first_order__dir-first_order__support-unprojected__cal-none__controller-base,first_order,first_order,unprojected,none,base,7,1.0627647387473798,0.8362924728880972,1.645685029111129,0.07727017526133902,0.08692375341130877,0.19866496877583206,1.8362924728880972,1.0,2.504645030669199,0.4865574375201266,2.8530649045546066,2.85306866744575,5.365729805763183,0.7112920537285609,1.0,0.0
est-first_order__dir-first_order__support-unprojected__cal-none__controller-base,first_order,first_order,unprojected,none,base,8,1.7205699095055018,1.074689644677287,1.9231487245035874,0.08952252375522023,0.10070682191852384,0.17720407498688948,2.074689644677287,1.0,2.901794172177375,0.5637084374579928,3.3054618542045335,3.3054656171393404,6.664621518700658,0.824078797740807,1.0,0.0
est-first_order__dir-first_order__support-unprojected__cal-none__controller-base,first_order,first_order,unprojected,none,base,9,2.566631785099744,1.3194714323686874,2.208043292957977,0.10210300759754701,0.11485902063694071,0.1551684278871917,2.319471432368687,1.0,3.309579533508933,0.6429256510903333,3.7699746387016955,3.7699784016704325,8.086468801929867,0.9398861314436722,1.0,0.0
est-first_order__dir-first_order__support-unprojected__cal-none__controller-base,first_order,first_order,unprojected,none,base,10,3.615254489716677,1.5743393213439352,2.5005677438415734,0.11502041472044129,0.12939023539951083,0.13254263476423217,2.570808825072248,1.0,3.7282859677840414,0.7242644145635964,4.246927737361412,4.246931500357262,9.625928442959054,1.05879495053247,1.0,0.0
est-first_order__dir-first_order__support-unprojected__cal-none__controller-base,first_order,first_order,unprojected,none,base,11,4.881627993131447,1.8498922770369828,2.80092641627604,0.12828376840936728,0.1443106167958762,0.10931089066673368,2.828877391229888,1.0,4.158205956895256,0.8077815460050702,4.736654319518485,4.736658082536496,11.278334488775222,1.180888317204487,1.0,0.0
est-first_order__dir-first_order__support-unprojected__cal-none__controller-base,first_order,first_order,unprojected,none,base,12,6.3818791248162645,2.1328249334606015,3.1093291218758288,0.1419023336062295,0.15963058726293128,0.08545696736430701,3.093857401256535,1.0,4.599639815816909,0.8935353852124387,5.239496477257837,5.23950024029429,13.039718122299147,1.3062515181809882,1.0,0.0
est-first_order__dir-first_order__support-unprojected__cal-none__controller-base,first_order,first_order,unprojected,none,base,13,8.13312543557781,2.423334929514132,3.425991291309353,0.15588562338127607,0.17536084836527888,0.06096420201143231,3.3659339534656536,1.0,5.052895902386203,0.9815858344062843,5.755805464378214,5.75580922743025,14.906775964063058,1.434972124283145,1.0,0.0
est-first_order__dir-first_order__support-unprojected__cal-none__controller-base,first_order,first_order,unprojected,none,base,14,10.15353206338948,2.7216251971482093,3.7511341247852386,0.17024340557832982,0.19151238827066866,0.0358154855078478,3.6452971033672523,1.0,5.518290832702531,1.0719944000739985,6.285941941755787,6.28594570482116,16.876812962943053,1.5671400516034768,1.0,0.0
est-first_order__dir-first_order__support-unprojected__cal-none__controller-base,first_order,first_order,unprojected,none,base,15,12.462371768644516,3.027904103120226,4.084984746568847,0.18498570963798708,0.20809648942563708,0.009993250547211643,3.9321419964286677,1.0,5.996149702295511,1.164824235934333,6.830276229278997,6.830279992355909,18.94767646890524,1.7028476243155664,1.0,
est-first_order__dir-lifted_interaction__support-unprojected__cal-none__controller-base,first_order,lifted_interaction,unprojected,none,base,0,0.6926147482430982,0.8152686215639114,0.20777254403657644,0.0,0.0,0.33400939071785435,0.33282631635665894,1.0,2.2895383264790606e-15,4.447703716874128e-16,4.2517680174906164e-05,0.0,0.8821291327476501,3.132058102349143e-06,0.0,0.0
est-first_order__dir-lifted_interaction__support-unprojected__cal-none__controller-base,first_order,lifted_interaction,unprojected,none,base,1,0.36825618327497806,0.6037127645726686,0.28182633855238576,0.003993623144290872,0.0044925576037320464,0.3252964232776112,0.5309585269128853,1.0,0.30986720308458965,0.060195433068646824,0.37616299779575746,0.3761693985231028,0.9608664603418077,0.09184905693031105,1.0,0.0
est-first_order__dir-lifted_interaction__support-unprojected__cal-none__controller-base,first_order,lifted_interaction,unprojected,none,base,2,0.15516152021009252,0.3893891882986986,0.41521337444780904,0.008039493734626544,0.0090438900724234,0.3164694665399867,0.7316828409877959,1.0,0.623788311454999,0.1211783860228124,0.7572537133517121,0.7572601152685157,0.9365384944012506,0.18490416073068855,1.0,0.0
est-first_order__dir-lifted_interaction__support-unprojected__cal-none__controller-base,first_order,lifted_interaction,unprojected,none,base,3,0.05782845696984632,0.18493694338110966,0.6275061454770202,0.012138295309618324,0.01365476634106741,0.30752702921512953,0.9350331746921497,1.0,0.9418163612115408,0.18295916176320648,1.1433301321422666,1.1433365344555302,0.8461646139929361,0.2791766782276871,1.0,0.0
est-first_order__dir-lifted_interaction__support-unprojected__cal-none__controller-base,first_order,lifted_interaction,unprojected,none,base,4,0.08089365884417397,0.2586920036890054,0.8425762829975854,0.01629072035042053,0.018325965404417124,0.2984676005030636,1.141043883500649,1.0,1.2640050823108806,0.24554819798048516,1.5344574801125557,1.5344638826240329,1.3639207636938366,0.37468253650158706,1.0,0.0
est-first_order__dir-lifted_interaction__support-unprojected__cal-none__controller-base,first_order,lifted_interaction,unprojected,none,base,5,0.22913667912930472,0.3504375841387247,1.0604601225125447,0.020497470397723358,0.02305827644859456,0.28928964983844263,1.3497497723509873,1.0,1.5904089076435637,0.30895606891866945,1.9307018370239568,1.9307082396543478,2.024001723727703,0.47143787100217105,1.0,0.0
est-first_order__dir-lifted_interaction__support-unprojected__cal-none__controller-base,first_order,lifted_interaction,unprojected,none,base,6,0.5074839940920046,0.5611861015240505,1.2811944748920852,0.024759256170275943,0.027852498984421183,0.27999162663196525,1.5611861015240505,1.0,1.9210829822303008,0.37319348716163486,2.3321301472215956,2.3321365499312505,2.8185478361670944,0.569459028274764,1.0,0.0
est-first_order__dir-lifted_interaction__support-unprojected__cal-none__controller-base,first_order,lifted_interaction,unprojected,none,base,7,0.9210131477566657,0.7753885926010409,1.5048166325926335,0.02907679768496065,0.03270944298249335,0.2705719600084072,1.7753885926010413,1.0,2.2560831725385686,0.4382713054429725,2.7388102308877715,2.7388166336540345,3.7383967712878707,0.6687625687219364,1.0,0.0
est-first_order__dir-lifted_interaction__support-unprojected__cal-none__controller-base,first_order,lifted_interaction,unprojected,none,base,8,1.474957009454116,0.9923934344985398,1.745772662715237,0.03345082437843774,0.037629929010024245,0.26102905854122666,1.9923934344985397,1.0,2.59546607592109,0.5042005184795282,3.150810795485837,3.1508171982945483,4.773966273821522,0.769365269401337,1.0,0.0
est-first_order__dir-lifted_interaction__support-unprojected__cal-none__controller-base,first_order,lifted_interaction,unprojected,none,base,9,2.1747081471490417,1.2122372895825249,1.9908338946617854,0.0378820752303817,0.042614788369476846,0.2513613099836966,2.2122372895825246,1.0,2.939289030177804,0.5709922648289298,3.568201447363407,3.5682078502051255,5.915904433220521,0.8712841268601327,1.0,0.0
est-first_order__dir-lifted_interaction__support-unprojected__cal-none__controller-base,first_order,lifted_interaction,unprojected,none,base,10,3.025823319642978,1.4349572998623747,2.2391011936384935,0.04237129888832989,0.047664863239009876,0.2415670809965205,2.434957299862375,1.0,3.287610123242925,0.6386578287714152,3.9910527035102774,3.991059106378396,7.155496925963717,0.9745363600065263,1.0,0.0
est-first_order__dir-lifted_interaction__support-unprojected__cal-none__controller-base,first_order,lifted_interaction,unprojected,none,base,11,4.034028090832003,1.6702044231575255,2.49061650371673,0.04691925379416427,0.0527810068147615,0.23164471687188423,2.66059109326591,1.0,3.6404882029987395,0.7072086422162803,4.419436003471212,4.419442406360924,8.48487335408736,1.0791394130188432,1.0,0.0
est-first_order__dir-lifted_interaction__support-unprojected__cal-none__controller-base,first_order,lifted_interaction,unprojected,none,base,12,5.205221569282651,1.9142770171238888,2.745422317710323,0.05152670831224835,0.057964083454994555,0.2215925412538976,2.8891767899965233,1.0,3.997982887217796,0.7766562866332684,4.853423721415031,4.853430124322731,9.89707161444333,1.1851109582926787,1.0,0.0
est-first_order__dir-lifted_interaction__support-unprojected__cal-none__controller-base,first_order,lifted_interaction,unprojected,none,base,13,6.545481276476143,2.1615427440483526,3.003561684354612,0.05619444085924009,0.0632149688261276,0.211408855855379,3.12075300897349,1.0,4.360154573635153,0.847012495009227,5.2930891783617895,5.293095581284705,11.386014425707927,1.2924688994265974,1.0,0.0
est-first_order__dir-lifted_interaction__support-unprojected__cal-none__controller-base,first_order,lifted_interaction,unprojected,none,base,14,8.061068147159899,2.4120433787894644,3.2650782155794054,0.06092324003560289,0.06853455005067571,0.2010919401709339,3.355358874356515,1.0,4.727064450152419,0.9182891538303647,5.738506654570033,5.738513057505987,12.94643894194442,1.401231374246899,1.0,0.0
est-first_order__dir-lifted_interaction__support-unprojected__cal-none__controller-base,first_order,lifted_interaction,unprojected,none,base,15,9.758431665336529,2.6658212427344723,3.5300160938771006,0.0657139047588381,0.0739237258571282,0.19064005118628088,3.5930340221556616,1.0,5.098774505175268,0.9904983050904385,6.189751402086166,6.189757805033413,14.57380669171492,1.5114167578719517,1.0,
est-lifted_interaction__dir-first_order__support-unprojected__cal-none__controller-base,lifted_interaction,first_order,unprojected,none,base,0,0.6926147482430982,0.8152686215639114,0.00398102408508006,0.0,0.0,0.33413333347488605,0.33282631635665894,1.0,2.2895383264790606e-15,4.447703716874128e-16,4.2517680174906164e-05,0.0,0.8821291327476501,3.132058102349143e-06,0.0,0.0
est-lifted_interaction__dir-first_order__support-unprojected__cal-none__controller-base,lifted_interaction,first_order,unprojected,none,base,1,0.34241219996669525,0.5731433015018292,0.19161887584715456,0.011654361193676271,0.011892831750372737,0.37430822061161,0.5309216539426682,1.0,0.3777659070998649,0.0733855734007413,0.43031353341188644,0.43031729445824035,0.911768779287126,0.10027810422010662,1.0,0.0
est-lifted_interaction__dir-first_order__support-unprojected__cal-none__controller-base,lifted_interaction,first_order,unprojected,none,base,2,0.12460797782238925,0.34562655374050655,0.3729939022909528,0.022605559623476764,0.023068112679646896,0.41205916668386916,0.7170649583107143,1.0,0.7327394092862353,0.14234344786856515,0.8346677480150235,0.8346715101096397,1.0100410887987123,0.19451004769977567,1.0,0.0
est-lifted_interaction__dir-first_order__support-unprojected__cal-none__controller-base,lifted_interaction,first_order,unprojected,none,base,3,0.01819214370816221,0.13183696807114756,0.5434257150508068,0.032896020426591246,0.033569136024594506,0.4475324195271336,0.8919773562222632,1.0,1.0662956802102455,0.2071407674337226,1.2146253599226209,1.2146291223662045,1.5423735292956144,0.283056532086371,1.0,0.0
est-lifted_interaction__dir-first_order__support-unprojected__cal-none__controller-base,lifted_interaction,first_order,unprojected,none,base,4,0.004946315965547314,0.06905368015763397,0.7035745699958984,0.042565609030910403,0.0434365829361325,0.4808654031528566,1.0563364614129407,1.0,1.3797269227887903,0.26802855806288806,1.571658331147423,1.5716620937651526,2.1243488850867465,0.366260588032826,1.0,0.0
est-lifted_interaction__dir-first_order__support-unprojected__cal-none__controller-base,lifted_interaction,first_order,unprojected,none,base,5,0.06909689146935082,0.25782364488451764,0.8540608866342282,0.051651785594401,0.0527086800788234,0.5121872501315355,1.2107790039749662,1.0,1.6742473752215705,0.3252427001382121,1.907149813655973,1.907153576377921,2.7381083217065036,0.44444454952942564,1.0,0.0
est-lifted_interaction__dir-first_order__support-unprojected__cal-none__controller-base,lifted_interaction,first_order,unprojected,none,base,6,0.19701006874849913,0.4352042243050564,0.9954676516288083,0.06018975012642357,0.0614213477216532,0.5416193018545832,1.3559032970608342,1.0,1.9509980149714423,0.3790048422621105,2.2223995073746474,2.2224032701658514,3.369357522065954,0.5179113026314082,1.0,0.0
est-lifted_interaction__dir-first_order__support-unprojected__cal-none__controller-base,lifted_interaction,first_order,unprojected,none,base,7,0.3769237006040784,0.6018825939338726,1.1283426772983471,0.06821257885319353,0.06960833889379091,0.5692755786130328,1.4922715547590955,1.0,2.21105097893137,0.4295232599278864,2.5186286952004413,2.5186324580409223,4.006885225989173,0.586945458844923,1.0,0.0
est-lifted_interaction__dir-first_order__support-unprojected__cal-none__controller-base,lifted_interaction,first_order,unprojected,none,base,8,0.5987115974194057,0.7585044687348036,1.2532007238518998,0.07575135235566854,0.07730137014442287,0.5952632213141704,1.6204120701217184,1.0,2.455413716901788,0.47699366238268903,2.7969849742601642,2.7969887371374376,4.64205579734332,0.6518144577170585,1.0,0.0
est-lifted_interaction__dir-first_order__support-unprojected__cal-none__controller-base,lifted_interaction,first_order,unprojected,none,base,9,0.8536764189487105,0.9056766046321396,1.3705254935790598,0.08283527597627192,0.08453024441322796,0.6196829065473117,1.7408212617807528,1.0,2.685032894469018,0.5215999508086141,3.0585467017179604,3.058550464623703,5.268334498491132,0.7127696029013969,1.0,0.0
est-lifted_interaction__dir-first_order__support-unprojected__cal-none__controller-base,lifted_interaction,first_order,unprojected,none,base,10,1.1343677482564118,1.0439691490938487,1.4807715047212193,0.08949179296090701,0.0913229664874948,0.6426292366066984,1.8539655970829274,1.0,2.9007980604045622,0.5635149307591478,3.3043271723484615,3.3043309352768473,5.88087189049701,0.7700470357128318,1.0,0.0
est-lifted_interaction__dir-first_order__support-unprojected__cal-none__controller-base,lifted_interaction,first_order,unprojected,none,base,11,1.4344223437775767,1.1739178498929912,1.584365852283305,0.09574669077457959,0.0977058514931651,0.6641911059824636,1.960283399192435,1.0,3.1035450927928396,0.60290098161095,3.5352785440579866,3.5352823070047803,6.476154426855954,0.8238686499432148,1.0,0.0
est-lifted_interaction__dir-first_order__support-unprojected__cal-none__controller-base,lifted_interaction,first_order,unprojected,none,base,12,1.748423920467293,1.2960261306041096,1.6817098626074134,0.101624201002495,0.10370362684009886,0.6844520457394677,2.0601865451626518,1.0,3.2940594372377308,0.6399106856244429,3.752295526560814,3.7522992895228415,7.051718162413875,0.8744429514818453,1.0,0.0
est-lifted_interaction__dir-first_order__support-unprojected__cal-none__controller-base,lifted_interaction,first_order,unprojected,none,base,13,2.0717801242513967,1.4107670408750925,1.7731806481181884,0.1071470932236499,0.10933952801649945,0.7034905471181261,2.1540620615551602,1.0,3.4730791496927935,0.674687419050198,3.956218847500301,3.9562226104751206,7.6059180531478,0.9219658660709888,1.0,0.0
est-lifted_interaction__dir-first_order__support-unprojected__cal-none__controller-base,lifted_interaction,first_order,unprojected,none,base,14,2.4006146403820003,1.518585089029913,1.859132568263048,0.11233676322058515,0.11463538860360718,0.7213803656108676,2.242273623787517,1.0,3.641297755703131,0.7073659075710762,4.147838509442591,4.147842272428282,8.137744052323525,0.9666214983256813,1.0,0.0
est-lifted_interaction__dir-first_order__support-unprojected__cal-none__controller-base,lifted_interaction,first_order,unprojected,none,base,15,2.7316726201633084,1.6198979641017708,1.9398986023069786,0.11721331586702777,0.11961172485938122,0.7381908066922224,2.325162965018284,1.0,3.7993669371356784,0.7380727482319162,4.32789685036051,4.32790061335554,8.646675527375528,1.0085828449582785,1.0,
est-lifted_interaction__dir-lifted_interaction__support-unprojected__cal-none__controller-base,lifted_interaction,lifted_interaction,unprojected,none,base,0,0.6926147482430982,0.8152686215639114,0.00398102408508006,0.0,0.0,0.33413333347488605,0.33282631635665894,1.0,2.2895383264790606e-15,4.447703716874128e-16,4.2517680174906164e-05,0.0,0.8821291327476501,3.132058102349143e-06,0.0,0.0
est-lifted_interaction__dir-lifted_interaction__support-unprojected__cal-none__controller-base,lifted_interaction,lifted_interaction,unprojected,none,base,1,0.34241219996669525,0.5731433015018291,0.1798415295430516,0.004570694942694245,0.004664220117464468,0.3839438811917812,0.5309216539426682,1.0,0.3546424905089613,0.06889357146616999,0.4305188401998733,0.4305252411920249,1.0671773665876727,0.09770141744798903,1.0,0.0
est-lifted_interaction__dir-lifted_interaction__support-unprojected__cal-none__controller-base,lifted_interaction,lifted_interaction,unprojected,none,base,2,0.12714482823679313,0.3491303142659772,0.3475270435137363,0.008799476361273326,0.008979530505094506,0.4300283215833092,0.7141983492881133,1.0,0.6827557408802215,0.13263351878891913,0.8288383864391395,0.8288447884398942,1.1873057419623045,0.18809825171482256,1.0,0.0
est-lifted_interaction__dir-lifted_interaction__support-unprojected__cal-none__controller-base,lifted_interaction,lifted_interaction,unprojected,none,base,3,0.021058776281713043,0.14187475032651253,0.5026687439629285,0.012711921298055375,0.01297203156049289,0.4726653883000025,0.8837649236170788,1.0,0.9863242865293587,0.19160536185415855,1.1973614052893438,1.197367807625619,1.2547798115076094,0.2717328976141228,1.0,0.0
est-lifted_interaction__dir-lifted_interaction__support-unprojected__cal-none__controller-base,lifted_interaction,lifted_interaction,unprojected,none,base,4,0.002581998193527995,0.0498769392245962,0.6462049782405939,0.01633169348966109,0.01666587122566507,0.5121129641576873,1.040646970597828,1.0,1.2671842085326923,0.24616578150593357,1.5383168430565726,1.5383232455601012,1.4028020918929103,0.34911120462489936,1.0,0.0
est-lifted_interaction__dir-lifted_interaction__support-unprojected__cal-none__controller-base,lifted_interaction,lifted_interaction,unprojected,none,base,5,0.053686635667509336,0.22728453083185543,0.7790039000711558,0.019680686492971992,0.020083391041608604,0.5486096408964403,1.1857933637609162,1.0,1.5270342388414653,0.29664477686791646,1.8537669087732938,1.8537733113767711,1.8564084385545006,0.4207011818582946,1.0,0.0
est-lifted_interaction__dir-lifted_interaction__support-unprojected__cal-none__controller-base,lifted_interaction,lifted_interaction,unprojected,none,base,6,0.1593458745914182,0.3914210431805473,0.9018687204289515,0.02277915610446707,0.023245261277203205,0.5823761622608585,1.3200819955942251,1.0,1.7674460347639493,0.34334766128519545,2.1456195467718637,2.1456259494416403,2.331567555585725,0.4869358287285639,1.0,0.0
est-lifted_interaction__dir-lifted_interaction__support-unprojected__cal-none__controller-base,lifted_interaction,lifted_interaction,unprojected,none,base,7,0.30707147069657026,0.5432792271619475,1.0155425656188541,0.025645842873853294,0.026170605949704773,0.6136167591298622,1.4443250873216196,1.0,1.9898736848588705,0.3865569089584645,2.415639976503134,2.4156463792199823,2.815864349500481,0.5482157538740465,1.0,0.0
est-lifted_interaction__dir-lifted_interaction__support-unprojected__cal-none__controller-base,lifted_interaction,lifted_interaction,unprojected,none,base,8,0.48652014355991846,0.6837775703528771,1.1207129719453233,0.02829808545299187,0.028877118493007867,0.6425203847713249,1.5592741014804856,1.0,2.195662503734881,0.426533863439656,2.665461369144592,2.665467771896496,3.2998543422304354,0.6049115981682139,1.0,0.0
est-lifted_interaction__dir-lifted_interaction__support-unprojected__cal-none__controller-base,lifted_interaction,lifted_interaction,unprojected,none,base,9,0.6891587514285706,0.8137658523266299,1.2180160441550871,0.030751925465691107,0.031381168773275445,0.6692618576927565,1.6656242870110163,1.0,2.3860571689498893,0.46352031832255225,2.8965947255456697,2.8966011283246225,3.7765141651777316,0.6573662764759506,1.0,0.0
est-lifted_interaction__dir-lifted_interaction__support-unprojected__cal-none__controller-base,lifted_interaction,lifted_interaction,unprojected,none,base,10,0.9079796247711035,0.9340302843955959,1.3080403028050767,0.03302220453265321,0.03369790209920187,0.6940029190003673,1.7640188843474214,1.0,2.5622092492248427,0.4977399796889063,3.1104380152496423,3.1104444180500406,4.24075226291659,0.7058970517139378,1.0,0.0
est-lifted_interaction__dir-lifted_interaction__support-unprojected__cal-none__controller-base,lifted_interaction,lifted_interaction,unprojected,none,base,11,1.137258689900088,1.0452982648724165,1.391330243825736,0.035122654038412436,0.03584133082575468,0.7168932106617655,1.855053015944812,1.0,2.7251841695050563,0.5293998191554197,3.3082846318663734,3.308291034684144,4.688994099682117,0.7507974537597293,1.0,0.0
est-lifted_interaction__dir-lifted_interaction__support-unprojected__cal-none__controller-base,lifted_interaction,lifted_interaction,unprojected,none,base,12,1.3723500860585602,1.1482427786110292,1.4683896318091068,0.03706597818320481,0.03782441910544462,0.7380711805891388,1.9392772857729372,1.0,2.875967654996023,0.5586913257052464,3.4913312159362353,3.491337618768326,5.11884154359912,0.7923390548157048,1.0,0.0
est-lifted_interaction__dir-lifted_interaction__support-unprojected__cal-none__controller-base,lifted_interaction,lifted_interaction,unprojected,none,base,13,1.6095118962085408,1.243486467437457,1.5396845469405611,0.0388639308220939,0.03965916129972714,0.7576649200171548,2.0172011095476683,1.0,3.0154716931493373,0.5857916638755026,3.660684892600238,3.660691295444301,5.528799037284271,0.8307731119658811,1.0,0.0
est-lifted_interaction__dir-lifted_interaction__support-unprojected__cal-none__controller-base,lifted_interaction,lifted_interaction,unprojected,none,base,14,1.845758395814455,1.3316053960896306,1.6056462040030093,0.04052738655610042,0.04135665452479268,0.7757929382403163,2.089295795842564,1.0,3.1445400496587603,0.61086474530588,3.817369967852045,3.817376370706239,5.918056608334997,0.866332086860291,1.0,0.0
est-lifted_interaction__dir-lifted_interaction__support-unprojected__cal-none__controller-base,lifted_interaction,lifted_interaction,unprojected,none,base,15,2.0787348943584565,1.4131325364438605,1.6666735605038432,0.04206640650531827,0.04292716577052673,0.7925648793956321,2.15599739671607,1.0,3.2639533718289453,0.6340622201294349,3.9623341238729664,3.962340526735819,6.286319622684018,0.8992310517184801,1.0,
est-first_order__dir-first_order__support-projected__cal-none__controller-base,first_order,first_order,projected,none,base,0,0.6926147482430982,0.8152686215639114,0.20777254403657644,0.0,0.0,0.33400939071785435,0.33282631635665894,1.0,2.2895383264790606e-15,4.447703716874128e-16,4.2517680174906164e-05,0.0,0.8821291327476501,3.132058102349143e-06,0.0,0.0
est-first_order__dir-first_order__support-projected__cal-none__controller-base,first_order,first_order,projected,none,base,1,0.3682561832749781,0.6037127645726686,0.31022626770542977,0.05026266888042496,0.0565421240573049,0.24597048265054594,0.5309585269128851,1.0,2.2273671267670834e-15,4.3269286798968148e-16,0.8887361733927504,0.8887469306203872,1.2559887671939007,0.5471658846168413,1.0,0.0
est-first_order__dir-first_order__support-projected__cal-none__controller-base,first_order,first_order,projected,none,base,2,0.13774549253981588,0.36419083472085095,0.6089888097524798,0.10716968142442046,0.12055868813288122,0.14629349857186807,0.755282308324348,1.0,2.2118977314832888e-15,4.2968775180071854e-16,1.8949687080106363,1.8949794657365018,0.9225241658716219,1.166667880013693,1.0,0.0
est-first_order__dir-first_order__support-projected__cal-none__controller-base,first_order,first_order,projected,none,base,3,0.05202607961046154,0.21151130670176826,0.9758200194097987,0.17159936947752885,0.1930377565154018,0.033439973089418346,1.009259992499217,1.0,2.5530090476715163e-15,4.959527298240983e-16,3.03421755343009,3.0342283113211805,1.7428151977092763,1.868063341264432,1.0,0.0
est-first_order__dir-first_order__support-projected__cal-none__controller-base,first_order,first_order,projected,none,base,4,0.17963783656416618,0.3144592860217268,1.391143533152382,0.24454617369452286,0.2750980080996058,-0.09433193264726678,1.2968116005051151,1.0,2.434591837050158e-15,4.729487616558764e-16,4.324066456928089,4.324077214901161,4.526162702657315,2.6963918539045606,1.0,0.0
est-first_order__dir-first_order__support-projected__cal-none__controller-base,first_order,first_order,projected,none,base,5,0.6121048595634343,0.6223753504676768,1.8845859339988358,0.327135992243485,0.3680060026467157,-0.23899431537560445,1.622375350467677,1.0,2.6323440150028953e-15,5.113645019266646e-16,5.784423604059689,5.784434362081447,8.808615165361415,3.7452596844931474,1.0,0.0
est-first_order__dir-first_order__support-projected__cal-none__controller-base,first_order,first_order,projected,none,base,6,1.4708983299257967,0.9909761592919192,2.453042082012778,0.4206435584921706,0.47319572951354627,-0.40277996806648053,1.990976159291919,1.0,3.2147221809653957e-15,6.244984688675512e-16,7.437828891578288,7.437839649632093,14.444987456787747,4.94575537398235,1.0,0.0
est-first_order__dir-first_order__support-projected__cal-none__controller-base,first_order,first_order,projected,none,base,7,2.9164260058222182,1.4083031997916973,3.0966438219581733,0.5265121158927275,0.5922907405753541,-0.5882168419893476,2.4083031997916975,1.0,3.670613397743864e-15,7.130608238150698e-16,9.056054499892191,9.309812577746879,21.46264486706598,6.304947489771109,1.0,0.0
est-first_order__dir-first_order__support-projected__cal-none__controller-base,first_order,first_order,projected,none,base,8,5.159628012025788,1.905330246832254,3.8253248312285324,0.6463756937369699,0.7271292089532448,-0.7981670644009888,2.880797710283528,1.0,5.9984110356064765e-15,1.1652635271423444e-15,10.8978049837507,11.429246131020374,29.920334721161137,7.843814495956171,1.0,0.422
est-first_order__dir-first_order__support-projected__cal-none__controller-base,first_order,first_order,projected,none,base,9,8.287535758803463,2.4538683604147917,4.617602705571542,0.7767005676631813,0.8722270782729841,-1.0258021508861082,3.3930921366674665,1.0,5.869903784261445e-15,1.1402994471423588e-15,12.845234982143369,13.733656825187042,39.4611635839297,9.518705301434853,1.0,0.422
est-first_order__dir-first_order__support-projected__cal-none__controller-base,first_order,first_order,projected,none,base,10,12.250026704441852,3.027501632992707,5.446126628699213,0.912987695353076,1.0207470628304536,-1.2624592113496544,3.9256905814498655,1.0,5.952519022884808e-15,1.1563484514174103e-15,14.984900150866434,16.143492377406094,49.63499791325577,11.290368253602177,1.0,0.422
est-first_order__dir-first_order__support-projected__cal-none__controller-base,first_order,first_order,projected,none,base,11,17.123254937854323,3.6295474542783106,6.315688053392229,1.0560252415399973,1.1733327126776116,-1.509330882334248,4.4812770818893055,1.0,6.238789985564871e-15,1.2119600308358386e-15,17.234934856042027,18.672689154432145,60.43450855579863,13.149783188355185,1.0,0.422
est-first_order__dir-first_order__support-projected__cal-none__controller-base,first_order,first_order,projected,none,base,12,23.0065305776813,4.263761747746758,7.231711826153335,1.2067055603580628,1.3308028330028365,-1.7677674578891935,5.062890484615801,1.0,7.518485081007676e-15,1.4605562026771487e-15,19.61479249548321,21.337025805019586,72.28501621952711,15.108550252332455,1.0,0.422
est-first_order__dir-first_order__support-projected__cal-none__controller-base,first_order,first_order,projected,none,base,13,30.02907009535407,4.934396941473908,8.2003399170541,1.366038968390831,1.4941660263105252,-2.03929773069728,5.673971348739029,1.0,7.60022223851419e-15,1.4764346291286305e-15,22.200706498880493,24.154366795632164,85.13017439381258,17.17980304358951,1.0,0.422
est-first_order__dir-first_order__support-projected__cal-none__controller-base,first_order,first_order,projected,none,base,14,38.358678836528085,5.646267602279345,9.228526218032476,1.5351693384125635,1.6646464542384207,-2.3256525882404975,6.3184150491918,1.0,7.103131088278012e-15,1.3798686913165863e-15,25.001865723806088,27.144938139726584,98.92735938439506,19.37841132224736,1.0,0.6453333333333333
est-first_order__dir-first_order__support-projected__cal-none__controller-base,first_order,first_order,projected,none,base,15,48.13385339779999,6.397771463065576,10.31395650380731,1.7137159944915314,1.8423425503405164,-2.6256576423406224,6.993578616793024,1.0,1.1178908470800287e-14,2.1716374948235152e-15,27.94901925531574,30.302008707153533,113.63034373151675,21.69942649413353,1.0,
est-first_order__dir-lifted_interaction__support-projected__cal-none__controller-base,first_order,lifted_interaction,projected,none,base,0,0.6926147482430982,0.8152686215639114,0.20777254403657644,0.0,0.0,0.33400939071785435,0.33282631635665894,1.0,2.2895383264790606e-15,4.447703716874128e-16,4.2517680174906164e-05,0.0,0.8821291327476501,3.132058102349143e-06,0.0,0.0
est-first_order__dir-lifted_interaction__support-projected__cal-none__controller-base,first_order,lifted_interaction,projected,none,base,1,0.36825618327497794,0.6037127645726685,0.29111477189029544,0.015885193803788996,0.017869775297148442,0.2993522137864232,0.5309585269128853,1.0,2.467994077240386e-15,4.794375487675762e-16,0.848317166406215,0.8483307575195,1.9587520060121897,0.42927254686812105,1.0,0.0
est-first_order__dir-lifted_interaction__support-projected__cal-none__controller-base,first_order,lifted_interaction,projected,none,base,2,0.14928861533953366,0.381147856914679,0.4765097152388629,0.03259702985234093,0.03666946755643806,0.2628915280725616,0.7394012433114244,1.0,2.3679646444932735e-15,4.600056277256461e-16,1.7407938149313322,1.7408074065124828,2.497976671178014,0.88088839021009,1.0,0.0
est-first_order__dir-lifted_interaction__support-projected__cal-none__controller-base,first_order,lifted_interaction,projected,none,base,3,0.054253056464993496,0.19340682028020828,0.7341575320919871,0.05017852539865658,0.05644746829606634,0.2245334816178502,0.9586910137098372,1.0,2.2681145966457548e-15,4.406085543591378e-16,2.679713642846741,2.679727234583712,2.1878210392706667,1.356005661304337,1.0,0.0
est-first_order__dir-lifted_interaction__support-projected__cal-none__controller-base,first_order,lifted_interaction,projected,none,base,4,0.10404962651491288,0.2760014950805882,1.0052129643832637,0.06867493625064701,0.07725468725803883,0.18417933854526322,1.1893923029285272,1.0,2.234896045946406e-15,4.3415545114151764e-16,3.667493485009081,3.6675070768238616,0.9885618215718935,1.855847340067396,1.0,0.0
est-first_order__dir-lifted_interaction__support-projected__cal-none__controller-base,first_order,lifted_interaction,projected,none,base,5,0.3222091953754668,0.43209894971131113,1.2903737248041216,0.08813387326225526,0.09914468345285155,0.14172522490718975,1.432098949711311,1.0,2.159364422714778e-15,4.1948252439888163e-16,4.706675945024393,4.706689536885779,2.755366396939585,2.393691706357324,1.0,0.0
est-first_order__dir-lifted_interaction__support-projected__cal-none__controller-base,first_order,lifted_interaction,projected,none,base,6,0.7351950674962263,0.687435695301422,1.5952298781317154,0.10860542488660663,0.12217380302354736,0.09706186130775753,1.6874356953014218,1.0,2.29174062762431e-15,4.451981951868543e-16,5.331115999065308,5.7999495317964636,5.892078768678126,3.008700591413495,1.0,0.0
est-first_order__dir-lifted_interaction__support-projected__cal-none__controller-base,first_order,lifted_interaction,projected,none,base,7,1.3727379621431435,0.9560597915623642,1.9322245437594439,0.13014228610664574,0.14640132428401637,0.05007428161121434,1.9560597915623645,1.0,2.814437043845407e-15,5.467382640442526e-16,6.045865989318229,6.950101177351464,9.6728919360237,3.695500218012393,1.0,0.0
est-first_order__dir-lifted_interaction__support-projected__cal-none__controller-base,first_order,lifted_interaction,projected,none,base,8,2.268207901066545,1.2386626927830278,2.28675591874738,0.15279989407513367,0.17188961030487587,0.0006415370123039613,2.238662692783028,1.0,3.535817032249477e-15,6.868750077098426e-16,6.922483745442485,8.16010503181515,14.017045998278151,4.418039892359314,1.0,0.0
est-first_order__dir-lifted_interaction__support-projected__cal-none__controller-base,first_order,lifted_interaction,projected,none,base,9,3.4590270038884072,1.537142092789601,2.659736587793597,0.17663657081315493,0.1987042694396989,-0.05136361529310124,2.535971835521868,1.0,3.654709542327044e-15,7.099713085170754e-16,7.770088348212281,9.433075716572526,18.872684159177265,5.178179474249692,1.0,0.0
est-first_order__dir-lifted_interaction__support-projected__cal-none__controller-base,first_order,lifted_interaction,projected,none,base,10,4.987127621763708,1.8711139550532891,3.0521266251687034,0.20171367333444262,0.22691432420478944,-0.10607503963849407,2.8487525110715652,1.0,3.5859732019504345e-15,6.9661844724187145e-16,8.764059242771271,10.772289933348643,24.206709090643542,5.977875607861658,1.0,0.0
est-first_order__dir-lifted_interaction__support-projected__cal-none__controller-base,first_order,lifted_interaction,projected,none,base,11,6.899460716225684,2.2224652244126255,3.464936066003715,0.22809575158195658,0.2565923889472172,-0.16363356646143185,3.1778098353640174,1.0,4.305946540222488e-15,8.364819321920186e-16,9.893762435876509,12.181194898632349,29.99822265547065,6.819186758273699,1.0,0.0
est-first_order__dir-lifted_interaction__support-projected__cal-none__controller-base,first_order,lifted_interaction,projected,none,base,12,9.248559917515953,2.5921002997859746,3.8992275061801376,0.2558507145832488,0.28781485675843504,-0.22418735480940105,3.523990821386293,1.0,6.414586679423254e-15,1.2461106541141362e-15,11.098355178254932,13.663417217015128,36.23477913905335,7.704278510075368,1.0,0.0
est-first_order__dir-lifted_interaction__support-projected__cal-none__controller-base,first_order,lifted_interaction,projected,none,base,13,12.093167280586377,2.980970643688237,4.356118837514518,0.28505000525231095,0.32066209611460883,-0.2878922737099557,3.88818655944209,1.0,5.872058781939727e-15,1.140718081374103e-15,12.353280326341983,15.22277221628553,42.91028395088333,8.642148806477802,1.0,0.0
est-first_order__dir-lifted_interaction__support-projected__cal-none__controller-base,first_order,lifted_interaction,projected,none,base,14,15.498927403382256,3.390077231351557,4.836786125278016,0.31576878428785443,0.35521865774982037,-0.3549123033868003,4.271334510870802,1.0,6.6986339698990264e-15,1.3012902584477298e-15,13.73563358110249,16.86327376830819,50.02378949410893,9.635770478729285,1.0,0.0
est-first_order__dir-lifted_interaction__support-projected__cal-none__controller-base,first_order,lifted_interaction,projected,none,base,15,19.539157287663564,3.8204731272946773,5.342466635457856,0.3480861236413877,0.3915734922946518,-0.42541995735456917,4.674420921128374,1.0,5.623196743353029e-15,1.0923736356310562e-15,15.24192543563302,18.58914462096712,57.57877819286712,10.681098769089449,1.0,
est-lifted_interaction__dir-first_order__support-projected__cal-none__controller-base,lifted_interaction,first_order,projected,none,base,0,0.6926147482430982,0.8152686215639114,0.00398102408508006,0.0,0.0,0.33413333347488605,0.33282631635665894,1.0,2.2895383264790606e-15,4.447703716874128e-16,4.2517680174906164e-05,0.0,0.8821291327476501,3.132058102349143e-06,0.0,0.0
est-lifted_interaction__dir-first_order__support-projected__cal-none__controller-base,lifted_interaction,first_order,projected,none,base,1,0.34241219996669525,0.5731433015018292,0.004140610338430744,0.057525539630972504,0.05870262237554249,0.5324357483690009,0.5309216539426682,1.0,2.0183048020934448e-15,3.9207999561469733e-16,1.0171586034941427,1.0171693608418673,1.363799137459079,0.5753004779678881,1.0,0.0
est-lifted_interaction__dir-first_order__support-projected__cal-none__controller-base,lifted_interaction,first_order,projected,none,base,2,0.1694723906447537,0.4031255684823444,0.004252667205719266,0.09791934103206819,0.0999229583371452,0.6716815236537884,0.6700220188028907,1.0,2.3592100119792567e-15,4.583049350085977e-16,1.7314037439532424,1.731414501638492,1.3931416141745898,0.9792732055582322,1.0,0.0
est-lifted_interaction__dir-first_order__support-projected__cal-none__controller-base,lifted_interaction,first_order,projected,none,base,3,0.08401452414052388,0.28374098580289864,0.004331352305796834,0.12628342422187025,0.12886742500709264,0.7694583759680415,0.7676967655158886,1.0,2.2020473431856125e-15,4.277741953366256e-16,2.232938828159426,2.2329495859526367,1.2204506944551103,1.2629384129500019,1.0,0.0
est-lifted_interaction__dir-first_order__support-projected__cal-none__controller-base,lifted_interaction,first_order,projected,none,base,4,0.04174687982891365,0.1999104445504047,0.004386604117881717,0.1462003715576609,0.14919191124097728,0.8381162065480382,0.8362828986653963,1.0,2.1334856741675516e-15,4.1445526607477417e-16,2.5851112496353097,2.5851220074792955,1.0075382507902164,1.4621250025115966,1.0,0.0
est-lifted_interaction__dir-first_order__support-projected__cal-none__controller-base,lifted_interaction,first_order,projected,none,base,5,0.02081402129967887,0.14104556024992948,0.004425401332800672,0.1601858329780845,0.16346354199450813,0.8863269802473299,0.8844433272173546,1.0,2.4385121527880465e-15,4.737103301641243e-16,2.8324028516564517,2.8324136095285453,0.8149257558478563,1.601991635525858,1.0,0.0
est-lifted_interaction__dir-first_order__support-projected__cal-none__controller-base,lifted_interaction,first_order,projected,none,base,6,0.010428084392678337,0.09971128574880599,0.0044526443105182235,0.17000627020897852,0.17348492418450676,0.9201800554326316,0.9182610505937742,1.0,2.1463000969788207e-15,4.1694462191163084e-16,3.0060482954791388,3.006059053368204,0.9626569075422249,1.7020432909654228,1.0,0.0
est-lifted_interaction__dir-first_order__support-projected__cal-none__controller-base,lifted_interaction,first_order,projected,none,base,7,0.005261745889605075,0.07068681268922979,0.004471774029918558,0.1769020732509213,0.1805218285672226,0.9439513125929068,0.9420074841025662,1.0,2.3267385625367442e-15,4.519969652005598e-16,3.1279802167968644,3.1279909746967234,1.1295913159025788,1.780140686692231,1.0,0.0
est-lifted_interaction__dir-first_order__support-projected__cal-none__controller-base,lifted_interaction,first_order,projected,none,base,8,0.0026825376093516755,0.050306146848265856,0.004485206708538772,0.18174423032348758,0.18546306544978594,0.9606432279916371,0.9586819686061764,1.0,2.3475412040791355e-15,4.560381286542935e-16,3.2135994712321345,3.2136102291390816,1.2523051885741667,1.8349798192439388,1.0,0.0
est-lifted_interaction__dir-first_order__support-projected__cal-none__controller-base,lifted_interaction,first_order,projected,none,base,9,0.0013884478213631248,0.03599506739237259,0.004494638987765766,0.18514433977742564,0.18893274765686205,0.9723641074470156,0.9703906082786643,1.0,2.3804080541016514e-15,4.62422909783155e-16,3.273720370261804,3.2737311281735066,1.3411335743648611,1.8734872551326305,1.0,0.0
est-lifted_interaction__dir-first_order__support-projected__cal-none__controller-base,lifted_interaction,first_order,projected,none,base,10,0.0007346700202647507,0.025945984757337073,0.00450126223052517,0.18753185924974033,0.1913691203514362,0.9805943801224903,0.9786122863131771,1.0,2.2788055162243627e-15,4.4268539413930867e-16,3.3159366044952354,3.315947362410175,1.4048023120698447,1.9005267532013417,1.0,0.0
est-lifted_interaction__dir-first_order__support-projected__cal-none__controller-base,lifted_interaction,first_order,projected,none,base,11,0.00040128661240994176,0.0188896294266992,0.004505912998764339,0.18920834917099275,0.19307991446818873,0.9863735870984297,0.9843854582267363,1.0,2.469231921025198e-15,4.796780148186988e-16,3.345580379981212,3.345591137898375,1.4501420573550228,1.9195135914297088,1.0,0.0
est-lifted_interaction__dir-first_order__support-projected__cal-none__controller-base,lifted_interaction,first_order,projected,none,base,12,0.00022916341440895754,0.013934734302379907,0.004509178717083921,0.19038556195968498,0.194281215285766,0.9904316826910912,0.9884393160649535,1.0,2.3670403657878833e-15,4.598260754645701e-16,3.366395913176416,3.366406671095118,1.4822887958565547,1.932845940462007,1.0,0.0
est-lifted_interaction__dir-first_order__support-projected__cal-none__controller-base,lifted_interaction,first_order,projected,none,base,13,0.00013885835616835073,0.010455461428123444,0.004511471868579493,0.19121218783574484,0.19512475551084663,0.9932812327950654,0.9912858904643539,1.0,2.5198718785820337e-15,4.895154359635219e-16,3.3810123517068416,3.3810231096266112,1.5050138483989024,1.9427606054910413,1.0,0.0
est-lifted_interaction__dir-first_order__support-projected__cal-none__controller-base,lifted_interaction,first_order,projected,none,base,14,9.051433157563924e-05,0.008148769642183527,0.004513082094344965,0.1917926354366673,0.19571708018166803,0.9952821555455654,0.9932847237078218,1.0,2.4832218113901995e-15,4.823957193731695e-16,3.3912758541264134,3.3912866120469274,1.5210458101302278,1.9500382992477043,1.0,0.0
est-lifted_interaction__dir-first_order__support-projected__cal-none__controller-base,lifted_interaction,first_order,projected,none,base,15,6.399686152221684e-05,0.0070671525967015494,0.00451421277717213,0.1922002193596659,0.1961330040525542,0.9966871814996227,0.9946882824330161,1.0,2.964578094228652e-15,5.759049698434906e-16,3.39848277267208,3.398493530593116,1.53234001294862,1.9551486157810298,1.0,
est-lifted_interaction__dir-lifted_interaction__support-projected__cal-none__controller-base,lifted_interaction,lifted_interaction,projected,none,base,0,0.6926147482430982,0.8152686215639114,0.00398102408508006,0.0,0.0,0.33413333347488605,0.33282631635665894,1.0,2.2895383264790606e-15,4.447703716874128e-16,4.2517680174906164e-05,0.0,0.8821291327476501,3.132058102349143e-06,0.0,0.0
est-lifted_interaction__dir-lifted_interaction__support-projected__cal-none__controller-base,lifted_interaction,lifted_interaction,projected,none,base,1,0.34241219996669525,0.5731433015018291,0.004007336891653468,0.018180577475491552,0.01855258691981837,0.5322628062821113,0.5309216539426683,1.0,2.3647667029491216e-15,4.593843890974137e-16,0.9708995277502817,0.9709131189980762,2.0569505742414784,0.4493945803295532,1.0,0.0
est-lifted_interaction__dir-lifted_interaction__support-projected__cal-none__controller-base,lifted_interaction,lifted_interaction,projected,none,base,2,0.1694195617495646,0.4030626825336132,0.004025817443072519,0.030951501019291332,0.031584828025036316,0.6714386026728155,0.6700734690737402,1.0,2.4690334121619826e-15,4.796394520832098e-16,1.6529162140340385,1.6529298056028778,2.63013080877273,0.7650742910575922,1.0,0.0
est-lifted_interaction__dir-lifted_interaction__support-projected__cal-none__controller-base,lifted_interaction,lifted_interaction,projected,none,base,3,0.08392510259355926,0.2835897678776663,0.004038799082931919,0.03992242003335693,0.040739309228038,0.7692024639830065,0.7678204847785775,1.0,2.0203841425650167e-15,3.924839325235971e-16,2.1319979687307757,2.132011560402314,2.8471926089299178,0.9868231026930501,1.0,0.0
est-lifted_interaction__dir-lifted_interaction__support-projected__cal-none__controller-base,lifted_interaction,lifted_interaction,projected,none,base,4,0.0416451025067356,0.1996661708036538,0.0040479180193537835,0.04622403069455269,0.04716986291558128,0.8378765641221353,0.8364827517436332,1.0,2.175818256027378e-15,4.2267887952143694e-16,2.4685283385247314,2.4685419302445752,2.9040962041169207,1.142590273628215,1.0,0.0
est-lifted_interaction__dir-lifted_interaction__support-projected__cal-none__controller-base,lifted_interaction,lifted_interaction,projected,none,base,5,0.020716597322753712,0.14071414668903506,0.004054323604655201,0.050650589095429174,0.051686997181454926,0.8861165984938901,0.8847144739172979,1.0,2.1115600819450694e-15,4.1019595593810715e-16,2.704923669131233,2.7049372608778217,2.896604397065215,1.2520087249028602,1.0,0.0
est-lifted_interaction__dir-lifted_interaction__support-projected__cal-none__controller-base,lifted_interaction,lifted_interaction,projected,none,base,6,0.010343320366432783,0.0993033722658928,0.004058823199909841,0.053760019418859106,0.05486005240614837,0.920002749334943,0.9185947858653657,1.0,2.114978931387005e-15,4.1086010858383785e-16,2.87097926870746,2.870992860470203,2.8680922662656783,1.3288695769518792,1.0,0.0
est-lifted_interaction__dir-lifted_interaction__support-projected__cal-none__controller-base,lifted_interaction,lifted_interaction,projected,none,base,7,0.005192171392785543,0.07021442639712622,0.004061983934878432,0.055944234798091484,0.05708896101641885,0.943806032930755,0.9423939679382202,1.0,2.371252902210165e-15,4.606444113572765e-16,2.9876248136075687,2.987638405380584,2.8367157209152416,1.3828603847990204,1.0,0.0
est-lifted_interaction__dir-lifted_interaction__support-projected__cal-none__controller-base,lifted_interaction,lifted_interaction,projected,none,base,8,0.002627504930429418,0.049780933337813964,0.004064204189140553,0.05747853411553464,0.05865465503720863,0.9605266192434444,0.9591116731413204,1.0,2.1953950491918473e-15,4.2648190717618634e-16,3.069562328390078,3.0695759201698434,2.8091333896600394,1.4207861591597812,1.0,0.0
est-lifted_interaction__dir-lifted_interaction__support-projected__cal-none__controller-base,lifted_interaction,lifted_interaction,projected,none,base,9,0.0013459153230777172,0.03542745210516198,0.004065763803925502,0.0585563007212866,0.05975447481243005,0.9722719738502895,0.9708550039163956,1.0,2.693405123022531e-15,5.232263569545747e-16,3.1271192315231535,3.127132823307448,2.78704700547193,1.4474270711634627,1.0,0.0
est-lifted_interaction__dir-lifted_interaction__support-projected__cal-none__controller-base,lifted_interaction,lifted_interaction,projected,none,base,10,0.0007022289516729317,0.025344867453674737,0.004066859353349034,0.05931337650387235,0.06052704181588448,0.9805224832678829,0.9791040916959346,1.0,2.364208344881722e-15,4.59275921323671e-16,3.1675500049858267,3.167563596773206,2.77020352051787,1.4661409459452053,1.0,0.0
est-lifted_interaction__dir-lifted_interaction__support-projected__cal-none__controller-base,lifted_interaction,lifted_interaction,projected,none,base,11,0.0003766700403160018,0.018262368678175843,0.0040676289206493755,0.059845183425258616,0.06106973052568373,0.9863180431235328,0.9848986529237393,1.0,2.3000257186384596e-15,4.46807673817201e-16,3.195950550425343,3.195964142214841,2.7577193505822395,1.4792864835040673,1.0,0.0
est-lifted_interaction__dir-lifted_interaction__support-projected__cal-none__controller-base,lifted_interaction,lifted_interaction,projected,none,base,12,0.00021044926445805816,0.013287276413758849,0.004068169502221746,0.0602187505213667,0.06145094152023394,0.9903891267791424,0.9889690350944884,1.0,2.2974028101975683e-15,4.462981422890909e-16,3.2159004774779696,3.215914069268934,2.7486290735092176,1.4885205496569542,1.0,0.0
est-lifted_interaction__dir-lifted_interaction__support-projected__cal-none__controller-base,lifted_interaction,lifted_interaction,projected,none,base,13,0.0001245113764013239,0.009792529174961317,0.004068549233060133,0.060481162253299116,0.06171872269891318,0.9932488543194965,0.9918282698776936,1.0,2.1315654736295515e-15,4.140822440130234e-16,3.229914278383751,3.2299278701757346,2.7420857481745315,1.4950070076914077,1.0,0.0
est-lifted_interaction__dir-lifted_interaction__support-projected__cal-none__controller-base,lifted_interaction,lifted_interaction,projected,none,base,14,7.935387688113044e-05,0.007723375543300226,0.0040688159745049645,0.06066549304092245,0.061906825247580316,0.9952576662960791,0.9938367357176433,1.0,2.3366906070928993e-15,4.539302696161702e-16,3.2397582550212984,3.2397718468139924,2.73741164484948,1.4995634118947254,1.0,0.0
est-lifted_interaction__dir-lifted_interaction__support-projected__cal-none__controller-base,lifted_interaction,lifted_interaction,projected,none,base,15,5.513791708065393e-05,0.006636144071583751,0.004069003346694087,0.06079497596844109,0.06203895764385105,0.9966687537162336,0.9952475799945597,1.0,2.4138307827162302e-15,4.689156770178378e-16,3.246673143900631,3.2466867356938214,2.734090012418246,1.502764052237072,1.0,
est-first_order__dir-first_order__support-unprojected__cal-response_gain__controller-base,first_order,first_order,unprojected,response_gain,base,0,0.6926147482430982,0.8152686215639114,0.20777254403657644,0.0,0.0,0.33400939071785435,0.33282631635665894,1.0,2.2895383264790606e-15,4.447703716874128e-16,4.2517680174906164e-05,0.0,0.8821291327476501,3.132058102349143e-06,0.0,0.0
est-first_order__dir-first_order__support-unprojected__cal-response_gain__controller-base,first_order,first_order,unprojected,response_gain,base,1,0.3682561832749781,0.6037127645726686,0.20777252674328217,0.010182943114456815,0.011455126551593265,0.532141596979293,0.5309585269128853,1.0,0.33007117924802143,0.06412029856831826,0.3759839452561376,0.3759877060454307,0.7869122092860704,0.09373285824704247,1.0,0.0
est-first_order__dir-first_order__support-unprojected__cal-response_gain__controller-base,first_order,first_order,unprojected,response_gain,base,2,0.20813296850385904,0.4550947794534283,0.2077725267432821,0.017336460652362728,0.01950235295408754,0.6713294718779526,0.6701464018115455,1.0,0.5619461826697563,0.1091648083125618,0.6401153077541234,0.6401190695423455,0.768230221999898,0.15958325025456876,1.0,0.0
est-first_order__dir-first_order__support-unprojected__cal-response_gain__controller-base,first_order,first_order,unprojected,response_gain,base,3,0.12907586809821817,0.3506906449071615,0.2077725267432821,0.022361806722741677,0.025155529501839784,0.7691089539942624,0.7679258839278547,1.0,0.7248383725735253,0.14080857640789296,0.8256675902911517,0.825671352398929,1.0101237669208953,0.2058431506398561,1.0,0.0
est-first_order__dir-first_order__support-unprojected__cal-response_gain__controller-base,first_order,first_order,unprojected,response_gain,base,4,0.09003590150609121,0.27734674038840934,0.2077725267432821,0.025892112337182815,0.02912688602663569,0.8377990401809693,0.8366159701145616,1.0,0.839270135980923,0.16303832349486308,0.9560180688475923,0.9560218311056782,1.1985170222866395,0.2383407306605205,1.0,0.0
est-first_order__dir-first_order__support-unprojected__cal-response_gain__controller-base,first_order,first_order,unprojected,response_gain,base,5,0.07075201660495165,0.22582264746398584,0.20777252674328198,0.02837215203132776,0.03191676398530486,0.8860538257271305,0.8848707556607236,1.0,0.9196584497746199,0.17865472082345957,1.0475892800558606,1.0475930423971698,1.339699527130677,0.2611702806250371,1.0,0.0
est-first_order__dir-first_order__support-unprojected__cal-response_gain__controller-base,first_order,first_order,unprojected,response_gain,base,6,0.061223063166794676,0.18962697218457833,0.207772526743282,0.03011437991646465,0.03387665325127,0.9199528125733092,0.9187697425069021,1.0,0.9761312402146919,0.1896252399467986,1.1119180559378663,1.1119218183294426,1.4431418178613278,0.2772080394751102,1.0,0.0
est-first_order__dir-first_order__support-unprojected__cal-response_gain__controller-base,first_order,first_order,unprojected,response_gain,base,7,0.05651186949920259,0.18764017861380308,0.20777252674328178,0.03133829500577325,0.03525347546061046,0.94376685083275,0.9425837807663423,1.0,1.0158033754988425,0.19733202963094432,1.157109020998318,1.1571127834218644,1.51787806529657,0.2884745650672865,1.0,0.0
est-first_order__dir-first_order__support-unprojected__cal-response_gain__controller-base,first_order,first_order,unprojected,response_gain,base,8,0.05418082757737882,0.19362955218232286,0.20777252674328187,0.032198095356012556,0.03622069306267214,0.9604962127100067,0.9593131426435992,1.0,1.0436730505359584,0.20274604938405666,1.1888556739547385,1.1888594363992904,1.5713885691702563,0.2963892992957902,1.0,0.0
est-first_order__dir-first_order__support-unprojected__cal-response_gain__controller-base,first_order,first_order,unprojected,response_gain,base,9,0.053026201842607416,0.19783708711420825,0.20777252674328212,0.03280210510205569,0.03690016342812047,0.9722485894287796,0.9710655193623722,1.0,1.0632514972495322,0.20654939826061808,1.2111576976572822,1.2111614601159324,1.6094730030684539,0.30194940009131416,1.0,0.0
est-first_order__dir-first_order__support-unprojected__cal-response_gain__controller-base,first_order,first_order,unprojected,response_gain,base,10,0.05245340683700594,0.20079288040385754,0.20777252674328262,0.03322642194865095,0.03737749135984793,0.9805046340737176,0.9793215640073104,1.0,1.0770053560658177,0.20922125084640247,1.2268248693086254,1.226828631776873,1.6364692727691006,0.3058553709001698,1.0,0.0
est-first_order__dir-first_order__support-unprojected__cal-response_gain__controller-base,first_order,first_order,unprojected,response_gain,base,11,0.052168635479443594,0.2028693251898366,0.20777252674328206,0.033524504533384125,0.03771281423188646,0.9863045054367867,0.9851214353703791,1.0,1.0866674418842586,0.21109822728791602,1.2378310573938398,1.2378348198686844,1.6555530391537738,0.30859931539339086,1.0,0.0
est-first_order__dir-first_order__support-unprojected__cal-response_gain__controller-base,first_order,first_order,unprojected,response_gain,base,12,0.052026628391429124,0.20432802765198654,0.20777252674328225,0.03373390754915918,0.03794837854949349,0.9903789150693433,0.9891958450029354,1.0,1.093455057171713,0.2124168032380793,1.2455629045237728,1.2455666670031815,1.669017876136563,0.31052693639987866,1.0,0.0
est-first_order__dir-first_order__support-unprojected__cal-response_gain__controller-base,first_order,first_order,unprojected,response_gain,base,13,0.05195551387907623,0.20535276613164705,0.20777252674328225,0.03388101316774118,0.03811386248261248,0.9932411878362133,0.9920581177698058,1.0,1.0982233569111497,0.21334310284306895,1.2509945271325837,1.2509982896151657,1.6785057272496073,0.3118810901569362,1.0,0.0
est-first_order__dir-first_order__support-unprojected__cal-response_gain__controller-base,first_order,first_order,unprojected,response_gain,base,14,0.05191969265113568,0.20607264491360855,0.20777252674328262,0.03398435486479497,0.03823011494562851,0.9952519344549399,0.9940688643885324,1.0,1.1015730874781042,0.21399382831557417,1.2548102420152902,1.2548140045000846,1.685185135467677,0.3128323831712692,1.0,0.0
est-first_order__dir-first_order__support-unprojected__cal-response_gain__controller-base,first_order,first_order,unprojected,response_gain,base,15,0.05190150479669525,0.20657835975793665,0.20777252674328217,0.034056952406975316,0.03831178230089734,0.9966644839545955,0.9954814138881874,1.0,1.1039262732013895,0.21445096296000918,1.2574907817203997,1.25749454420674,1.6898844164498947,0.3135006665138381,1.0,
est-first_order__dir-lifted_interaction__support-unprojected__cal-response_gain__controller-base,first_order,lifted_interaction,unprojected,response_gain,base,0,0.6926147482430982,0.8152686215639114,0.20777254403657644,0.0,0.0,0.33400939071785435,0.33282631635665894,1.0,2.2895383264790606e-15,4.447703716874128e-16,4.2517680174906164e-05,0.0,0.8821291327476501,3.132058102349143e-06,0.0,0.0
est-first_order__dir-lifted_interaction__support-unprojected__cal-response_gain__controller-base,first_order,lifted_interaction,unprojected,response_gain,base,1,0.36825618327497806,0.6037127645726686,0.20777252674328292,0.003993623144290872,0.0044925576037320464,0.5321415969792933,0.5309585269128853,1.0,0.30986720308458965,0.060195433068646824,0.37616299779575746,0.3761693985231028,0.9608664603418077,0.09184905693031105,1.0,0.0
est-first_order__dir-lifted_interaction__support-unprojected__cal-response_gain__controller-base,first_order,lifted_interaction,unprojected,response_gain,base,2,0.2081329685038592,0.45509477945342836,0.20777252674328225,0.006799143403155219,0.007648579320353805,0.6713294718779532,0.6701464018115454,1.0,0.5275489132515135,0.10248272479937114,0.6404219992829652,0.6404284009855822,0.9549977664370748,0.15637607851283356,1.0,0.0
est-first_order__dir-lifted_interaction__support-unprojected__cal-response_gain__controller-base,first_order,lifted_interaction,unprojected,response_gain,base,3,0.12907586809821822,0.35069064490716156,0.20777252674328384,0.008770021385007416,0.009865684576280601,0.769108953994261,0.7679258839278545,1.0,0.6804703146437778,0.13218954724020504,0.8260639482008713,0.8260703502154743,0.9211893981488862,0.2017063111745557,1.0,0.0
est-first_order__dir-lifted_interaction__support-unprojected__cal-response_gain__controller-base,first_order,lifted_interaction,unprojected,response_gain,base,4,0.09003590150609138,0.27734674038840934,0.20777252674328137,0.010154563167258625,0.0114232010185692,0.8377990401809705,0.8366159701145616,1.0,0.7878975991218435,0.15305859000489083,0.9564774173881221,0.9564838195494736,0.8831314049299969,0.23355079961941555,1.0,0.0
est-first_order__dir-lifted_interaction__support-unprojected__cal-response_gain__controller-base,first_order,lifted_interaction,unprojected,response_gain,base,5,0.07075201660495188,0.22582264746398625,0.20777252674328178,0.011127203769290049,0.01251735631927686,0.8860538257271311,0.8848707556607229,1.0,0.8633652664676841,0.16771909254708253,1.0480928795140039,1.0480992817566073,0.8494898387807462,0.25592155275192946,1.0,0.0
est-first_order__dir-lifted_interaction__support-unprojected__cal-response_gain__controller-base,first_order,lifted_interaction,unprojected,response_gain,base,6,0.06122306316679511,0.18962697218457936,0.20777252674328225,0.011810483792217127,0.013286000418024043,0.9199528125733099,0.9187697425069012,1.0,0.9163813027781368,0.17801809558297213,1.1124527416654386,1.1124591439571185,0.8225102493275657,0.27163700682752034,1.0,0.0
est-first_order__dir-lifted_interaction__support-unprojected__cal-response_gain__controller-base,first_order,lifted_interaction,unprojected,response_gain,base,7,0.05651186949920298,0.18764017861380308,0.20777252674328364,0.01229048800832345,0.013825972897393955,0.9437668508327479,0.9425837807663416,1.0,0.9536250682862303,0.18525314521568467,1.1576655448300848,1.157671947152978,0.8626594301995637,0.2826771133156229,1.0,0.0
est-first_order__dir-lifted_interaction__support-unprojected__cal-response_gain__controller-base,first_order,lifted_interaction,unprojected,response_gain,base,8,0.05418082757737925,0.19362955218232367,0.2077725267432834,0.012627690970138076,0.014205303564151289,0.9604962127100058,0.959313142643599,1.0,0.9797888135556668,0.19033576758266535,1.1894275390546691,1.1894339413980703,0.899893594075758,0.29043278812351536,1.0,0.0
est-first_order__dir-lifted_interaction__support-unprojected__cal-response_gain__controller-base,first_order,lifted_interaction,unprojected,response_gain,base,9,0.05302620184260784,0.19783708711420922,0.2077725267432829,0.012864576050812879,0.014471783357548344,0.9722485894287796,0.9710655193623725,1.0,0.998168844607446,0.19390630979546927,1.2117403399980824,1.2117467423552477,0.9266149924377429,0.2958811496760598,1.0,0.0
est-first_order__dir-lifted_interaction__support-unprojected__cal-response_gain__controller-base,first_order,lifted_interaction,unprojected,response_gain,base,10,0.05245340683700632,0.20079288040385862,0.2077725267432828,0.01303098781998692,0.014658985412409758,0.9805046340737188,0.9793215640073106,1.0,1.0110808164213207,0.19641461569996402,1.2274150826611294,1.2274214850276646,0.9456641161336481,0.2997086236667223,1.0,0.0
est-first_order__dir-lifted_interaction__support-unprojected__cal-response_gain__controller-base,first_order,lifted_interaction,unprojected,response_gain,base,11,0.0521686354794438,0.20286932518983714,0.20777252674328225,0.013147892087831707,0.014790494855949913,0.9863045054367872,0.9851214353703793,1.0,1.020151476620567,0.19817670059787149,1.2384265893820612,1.238432991755037,0.9591825763583954,0.30239742414516246,1.0,0.0
est-first_order__dir-lifted_interaction__support-unprojected__cal-response_gain__controller-base,first_order,lifted_interaction,unprojected,response_gain,base,12,0.05202662839142943,0.2043280276519872,0.20777252674328262,0.01323001733599264,0.014882880240036839,0.9903789150693428,0.9891958450029351,1.0,1.0265236154105377,0.19941456523865145,1.2461621728535834,1.246168575231016,0.9687464875137084,0.3042863064812667,1.0,0.0
est-first_order__dir-lifted_interaction__support-unprojected__cal-response_gain__controller-base,first_order,lifted_interaction,unprojected,response_gain,base,13,0.051955513879076494,0.20535276613164735,0.20777252674328225,0.013287710322825693,0.014947780972357914,0.9932411878362135,0.9920581177698055,1.0,1.0310000429104917,0.20028416514879935,1.2515964202423608,1.251602822622891,0.9754982440989011,0.30561324632237974,1.0,0.0
est-first_order__dir-lifted_interaction__support-unprojected__cal-response_gain__controller-base,first_order,lifted_interaction,unprojected,response_gain,base,14,0.051919692651135954,0.20607264491360885,0.20777252674328195,0.013328239646075877,0.014993373736813429,0.9952519344549394,0.9940688643885321,1.0,1.0341447332292097,0.20089505908567828,1.255413979032993,1.255420381415683,0.9802576748113564,0.3065454215607617,1.0,0.0
est-first_order__dir-lifted_interaction__support-unprojected__cal-response_gain__controller-base,first_order,lifted_interaction,unprojected,response_gain,base,15,0.05190150479669533,0.2065783597579366,0.2077725267432823,0.013356711495659193,0.015025402653843481,0.9966644839545955,0.9954814138881874,1.0,1.0363538781781096,0.20132421207633586,1.2580958140834209,1.2581022164676205,0.9836092235693451,0.30720027466572536,1.0,
est-lifted_interaction__dir-first_order__support-unprojected__cal-response_gain__controller-base,lifted_interaction,first_order,unprojected,response_gain,base,0,0.6926147482430982,0.8152686215639114,0.00398102408508006,0.0,0.0,0.33413333347488605,0.33282631635665894,1.0,2.2895383264790606e-15,4.447703716874128e-16,4.2517680174906164e-05,0.0,0.8821291327476501,3.132058102349143e-06,0.0,0.0
est-lifted_interaction__dir-first_order__support-unprojected__cal-response_gain__controller-base,lifted_interaction,first_order,unprojected,response_gain,base,1,0.34241219996669525,0.5731433015018292,0.003981028136792053,0.011654361193676271,0.011892831750372737,0.5322286667661074,0.5309216539426682,1.0,0.3777659070998649,0.0733855734007413,0.43031353341188644,0.43031729445824035,0.911768779287126,0.10027810422010662,1.0,0.0
est-lifted_interaction__dir-first_order__support-unprojected__cal-response_gain__controller-base,lifted_interaction,first_order,unprojected,response_gain,base,2,0.16940913407056135,0.4030502685753239,0.003981028136792216,0.01984154993223388,0.020247546055009603,0.6713906384031907,0.6700836255797512,1.0,0.6431464568375199,0.1249389387147621,0.7326114318759411,0.7326151938151544,0.8997828042586152,0.17072653152371053,1.0,0.0
est-lifted_interaction__dir-first_order__support-unprojected__cal-response_gain__controller-base,lifted_interaction,first_order,unprojected,response_gain,base,3,0.08390745373982567,0.2835599129444539,0.003981028136792463,0.025593050021070516,0.026116732854016934,0.7691519234782415,0.767844910654802,1.0,0.8295762930282226,0.16115517784786168,0.9449757058885501,0.9449794681133865,1.1549652995560795,0.22021655170449242,1.0,0.0
est-lifted_interaction__dir-first_order__support-unprojected__cal-response_gain__controller-base,lifted_interaction,first_order,unprojected,response_gain,base,4,0.04162502091671862,0.19961793811376768,0.003981028136792298,0.029633478833478336,0.030239836580319653,0.8378292262434643,0.8365222134200252,1.0,0.9605432529521913,0.18659708583886414,1.0941616084487098,1.0941653708078944,1.3635810862996909,0.2549832908814916,1.0,0.0
est-lifted_interaction__dir-first_order__support-unprojected__cal-response_gain__controller-base,lifted_interaction,first_order,unprojected,response_gain,base,5,0.020697385569253372,0.14064870079521052,0.003981028136792047,0.032471880074194805,0.03313631694804729,0.8860750314360339,0.8847680186125948,1.0,1.0525475422987793,0.20447002620254337,1.1989647050172156,1.1989684674507866,1.518615903312912,0.27940692515333354,1.0,0.0
est-lifted_interaction__dir-first_order__support-unprojected__cal-response_gain__controller-base,lifted_interaction,first_order,unprojected,response_gain,base,6,0.010326620912508487,0.09922281157892418,0.003981028136792304,0.03446585694579813,0.03517109440637596,0.9199677095838136,0.9186606967603744,1.0,1.1171805555647574,0.21702576680802804,1.272588880363918,1.272592642842418,1.6316266357478981,0.29656452822930235,1.0,0.0
est-lifted_interaction__dir-first_order__support-unprojected__cal-response_gain__controller-base,lifted_interaction,first_order,unprojected,response_gain,base,7,0.0051784845520532535,0.07012112440448305,0.003981028136792239,0.035866625698099466,0.036600525570851854,0.9437773159826289,0.9424703031591898,1.0,1.162585247384107,0.22584617458338108,1.3243098635479633,1.3243136260550394,1.7130084962060386,0.30861774439017065,1.0,0.0
est-lifted_interaction__dir-first_order__support-unprojected__cal-response_gain__controller-base,lifted_interaction,first_order,unprojected,response_gain,base,8,0.002616702404802863,0.049677189164438,0.003981028136792018,0.03685066574659114,0.03760470096389614,0.9605035644777966,0.9591965516543581,1.0,1.1944820433872,0.2320425110455665,1.3606438542360548,1.3606476167619057,1.7711513518324489,0.3170851287431805,1.0,0.0
est-lifted_interaction__dir-first_order__support-unprojected__cal-response_gain__controller-base,lifted_interaction,first_order,unprojected,response_gain,base,9,0.0013375927680431996,0.03531532465830662,0.003981028136792358,0.03754195388065651,0.03831013417750976,0.9722537540456524,0.9709467412222132,1.0,1.2168895425793729,0.23639543741025182,1.3861684826950271,1.3861722452334793,1.8124726413977599,0.32303346625117,1.0,0.0
est-lifted_interaction__dir-first_order__support-unprojected__cal-response_gain__controller-base,lifted_interaction,first_order,unprojected,response_gain,base,10,0.0006959091373599347,0.025226114842749118,0.003981028136792212,0.03802758379483756,0.03880570101007341,0.9805082622170705,0.9792012493936317,1.0,1.2326308107618746,0.2394533681814432,1.4040995341877294,1.4041032967347595,1.841734397707604,0.3272121733505325,1.0,0.0
est-lifted_interaction__dir-first_order__support-unprojected__cal-response_gain__controller-base,lifted_interaction,first_order,unprojected,response_gain,base,11,0.000371903646163803,0.018138444947320045,0.0039810281367925054,0.03836873880954962,0.03915383670994928,0.9863070542074923,0.9850000413840532,1.0,1.2436890516600818,0.24160156454820525,1.4166960978614824,1.4166998604144094,1.862405578817728,0.33014771508783475,1.0,0.0
est-lifted_interaction__dir-first_order__support-unprojected__cal-response_gain__controller-base,lifted_interaction,first_order,unprojected,response_gain,base,12,0.00020685515844998744,0.01315935684578118,0.003981028136792325,0.03860840020738481,0.03939840203911204,0.9903807055807635,0.9890736927573242,1.0,1.2514574658910724,0.24311067249585547,1.4255451838423565,1.425548946399363,1.8769835764317502,0.3322099331582896,1.0,0.0
est-lifted_interaction__dir-first_order__support-unprojected__cal-response_gain__controller-base,lifted_interaction,first_order,unprojected,response_gain,base,13,0.00012178499688628745,0.009661547454450043,0.003981028136792163,0.0387767623393641,0.039570209182848926,0.9932424456704864,0.9919354328470472,1.0,1.2569147768883435,0.24417082082907982,1.431761666743951,1.4317654293037934,1.8872524436818396,0.3336586413527841,1.0,0.0
est-lifted_interaction__dir-first_order__support-unprojected__cal-response_gain__controller-base,lifted_interaction,first_order,unprojected,response_gain,base,14,7.72609052860666e-05,0.00763932385802191,0.00398102813679238,0.038895036737079516,0.039690903701324075,0.9952528180835167,0.9939458052600775,1.0,1.2607485378639265,0.24491557503316988,1.4361287459823353,1.4361325085441554,1.894480034886586,0.33467635885941643,1.0,0.0
est-lifted_interaction__dir-first_order__support-unprojected__cal-response_gain__controller-base,lifted_interaction,first_order,unprojected,response_gain,base,15,5.350262959181638e-05,0.006550980880956077,0.003981028136791998,0.038978124501474636,0.0397756916005529,0.9966651047036703,0.9953580918802313,1.0,1.2634417549492731,0.24543876486154317,1.4391966191473076,1.4392003817105097,1.8995641779435162,0.3353913054078257,1.0,
est-lifted_interaction__dir-lifted_interaction__support-unprojected__cal-response_gain__controller-base,lifted_interaction,lifted_interaction,unprojected,response_gain,base,0,0.6926147482430982,0.8152686215639114,0.00398102408508006,0.0,0.0,0.33413333347488605,0.33282631635665894,1.0,2.2895383264790606e-15,4.447703716874128e-16,4.2517680174906164e-05,0.0,0.8821291327476501,3.132058102349143e-06,0.0,0.0
est-lifted_interaction__dir-lifted_interaction__support-unprojected__cal-response_gain__controller-base,lifted_interaction,lifted_interaction,unprojected,response_gain,base,1,0.34241219996669525,0.5731433015018291,0.00398102813679205,0.004570694942694245,0.004664220117464468,0.5322286667661073,0.5309216539426682,1.0,0.3546424905089613,0.06889357146616999,0.4305188401998733,0.4305252411920249,1.0671773665876727,0.09770141744798903,1.0,0.0
est-lifted_interaction__dir-lifted_interaction__support-unprojected__cal-response_gain__controller-base,lifted_interaction,lifted_interaction,unprojected,response_gain,base,2,0.16940913407056132,0.4030502685753238,0.003981028136792314,0.007781608139936985,0.007940834749983307,0.6713906384031907,0.6700836255797512,1.0,0.6037788400915066,0.11729130542115444,0.7329628212712637,0.7329692231294227,1.1628953666024204,0.1663397222941804,1.0,0.0
est-lifted_interaction__dir-lifted_interaction__support-unprojected__cal-response_gain__controller-base,lifted_interaction,lifted_interaction,unprojected,response_gain,base,3,0.08390745373982558,0.28355991294445376,0.003981028136792202,0.010037274660999993,0.010242656529327763,0.7691519234782411,0.7678449106548022,1.0,0.7787971256732446,0.15129071352453094,0.9454297183052536,0.9454361204404443,1.2131581370015676,0.21455813144862987,1.0,0.0
est-lifted_interaction__dir-lifted_interaction__support-unprojected__cal-response_gain__controller-base,lifted_interaction,lifted_interaction,unprojected,response_gain,base,4,0.041625020916718616,0.19961793811376766,0.003981028136792197,0.011621880392046705,0.011859686329317196,0.8378292262434643,0.8365222134200252,1.0,0.9017474712944156,0.175175297717153,1.0946877135359396,1.0946941158014372,1.2401531252480933,0.24843156387963053,1.0,0.0
est-lifted_interaction__dir-lifted_interaction__support-unprojected__cal-response_gain__controller-base,lifted_interaction,lifted_interaction,unprojected,response_gain,base,5,0.020697385569253376,0.14064870079521055,0.0039810281367924725,0.012735065918107125,0.012995649763809878,0.8860750314360339,0.8847680186125948,1.0,0.9881200890932881,0.19195421811247002,1.1995414552048886,1.199547857542535,1.2550557799309994,0.27222765016240863,1.0,0.0
est-lifted_interaction__dir-lifted_interaction__support-unprojected__cal-response_gain__controller-base,lifted_interaction,lifted_interaction,unprojected,response_gain,base,6,0.010326620912508501,0.09922281157892428,0.003981028136792249,0.013517078750164538,0.013793664076540951,0.9199677095838134,0.9186606967603748,1.0,1.0487968530969962,0.20374140969018018,1.2732012087344313,1.2732076111156556,1.2635395588496496,0.28894440077606015,1.0,0.0
est-lifted_interaction__dir-lifted_interaction__support-unprojected__cal-response_gain__controller-base,lifted_interaction,lifted_interaction,unprojected,response_gain,base,7,0.005178484552053258,0.07012112440448313,0.003981028136792265,0.014066442764684836,0.014354269131234505,0.9437773159826293,0.94247030315919,1.0,1.0914222798096014,0.2120219117735216,1.324947185591833,1.324953588000773,1.2685272058094241,0.3006879180821503,1.0,0.0
est-lifted_interaction__dir-lifted_interaction__support-unprojected__cal-response_gain__controller-base,lifted_interaction,lifted_interaction,unprojected,response_gain,base,8,0.002616702404802881,0.049677189164438175,0.003981028136792179,0.014452370984885367,0.014748094182156739,0.960503564477797,0.9591965516543578,1.0,1.121366642075206,0.21783896448706894,1.3612987343354177,1.3613051367625686,1.2715540901471898,0.3089377389896787,1.0,0.0
est-lifted_interaction__dir-lifted_interaction__support-unprojected__cal-response_gain__controller-base,lifted_interaction,lifted_interaction,unprojected,response_gain,base,9,0.0013375927680432049,0.035315324658306696,0.00398102813679239,0.014723485559576262,0.015024756280429638,0.9722537540456527,0.9709467412222132,1.0,1.1424025565667937,0.2219254440183359,1.3868356973283569,1.386842099767729,1.273446147146115,0.3147332381772175,1.0,0.0
est-lifted_interaction__dir-lifted_interaction__support-unprojected__cal-response_gain__controller-base,lifted_interaction,lifted_interaction,unprojected,response_gain,base,10,0.0006959091373599437,0.02522611484274926,0.003981028136792295,0.014913943548296565,0.01521911140446629,0.9805082622170709,0.9792012493936317,1.0,1.1571802864971334,0.22479619588905095,1.4047754138311617,1.404781816278855,1.2746600482225223,0.3188045763564634,1.0,0.0
est-lifted_interaction__dir-lifted_interaction__support-unprojected__cal-response_gain__controller-base,lifted_interaction,lifted_interaction,unprojected,response_gain,base,11,0.00037190364616380744,0.018138444947320188,0.003981028136792358,0.015047740285372608,0.015355645879102077,0.9863070542074924,0.9850000413840528,1.0,1.1675616417731975,0.22681289907822827,1.4173780646745087,1.4173844671279203,1.2754560604174445,0.3216646914273836,1.0,0.0
est-lifted_interaction__dir-lifted_interaction__support-unprojected__cal-response_gain__controller-base,lifted_interaction,lifted_interaction,unprojected,response_gain,base,12,0.00020685515844999137,0.013159356845781353,0.003981028136792422,0.015141732493168528,0.015451561347533711,0.9903807055807635,0.989073692757324,1.0,1.1748545438546323,0.22822963306862531,1.4262314268920206,1.4262378293493894,1.2759872975714182,0.3236739222647051,1.0,0.0
est-lifted_interaction__dir-lifted_interaction__support-unprojected__cal-response_gain__controller-base,lifted_interaction,lifted_interaction,unprojected,response_gain,base,13,0.0001217849968862903,0.009661547454450217,0.003981028136792417,0.01520776201914513,0.015518941964106898,0.9932424456704864,0.991935432847047,1.0,1.1799778075668403,0.22922488869687932,1.4324509138498516,1.4324573163099712,1.2763467089025649,0.3250854069279234,1.0,0.0
est-lifted_interaction__dir-lifted_interaction__support-unprojected__cal-response_gain__controller-base,lifted_interaction,lifted_interaction,unprojected,response_gain,base,14,7.72609052860692e-05,0.007639323858021934,0.003981028136792194,0.015254147761143758,0.015566276847249627,0.9952528180835164,0.9939458052600773,1.0,1.1835769003246666,0.22992405577572772,1.4368201034377417,1.4368265058997796,1.2765923991939838,0.3260769749038343,1.0,0.0
est-lifted_interaction__dir-lifted_interaction__support-unprojected__cal-response_gain__controller-base,lifted_interaction,lifted_interaction,unprojected,response_gain,base,15,5.350262959181945e-05,0.006550980880956149,0.003981028136792444,0.015286733744897692,0.015599529602657303,0.9966651047036703,0.995358091880231,1.0,1.1861052629870394,0.23041522064861863,1.4398894591232416,1.4398958615866198,1.2767616446630512,0.32677355140691167,1.0,
est-first_order__dir-first_order__support-projected__cal-response_gain__controller-base,first_order,first_order,projected,response_gain,base,0,0.6926147482430982,0.8152686215639114,0.20777254403657644,0.0,0.0,0.33400939071785435,0.33282631635665894,1.0,2.2895383264790606e-15,4.447703716874128e-16,4.2517680174906164e-05,0.0,0.8821291327476501,3.132058102349143e-06,0.0,0.0
est-first_order__dir-first_order__support-projected__cal-response_gain__controller-base,first_order,first_order,projected,response_gain,base,1,0.3682561832749781,0.6037127645726686,0.207772526743282,0.05026266888042496,0.0565421240573049,0.5321415969792928,0.5309585269128851,1.0,2.2273671267670834e-15,4.3269286798968148e-16,0.8887361733927504,0.8887469306203872,1.2559887671939007,0.5471658846168413,1.0,0.0
est-first_order__dir-first_order__support-projected__cal-response_gain__controller-base,first_order,first_order,projected,response_gain,base,2,0.208132968503859,0.45509477945342813,0.20777252674328206,0.08557219376892347,0.0962629662075616,0.6713294718779531,0.6701464018115456,1.0,2.0286683136558707e-15,3.940932324477734e-16,1.5130808917664083,1.5130916493812085,1.158449046678377,0.9315529776491512,1.0,0.0
est-first_order__dir-first_order__support-projected__cal-response_gain__controller-base,first_order,first_order,projected,response_gain,base,3,0.12907586809821825,0.3506906449071616,0.20777252674328212,0.11037713500309371,0.12416685781811698,0.7691089539942618,0.7679258839278545,1.0,2.256623879608696e-15,4.3837634429808725e-16,1.9516830565720331,1.9516938143106863,0.8766109742411006,1.201584910504349,1.0,0.0
est-first_order__dir-first_order__support-projected__cal-response_gain__controller-base,first_order,first_order,projected,response_gain,base,4,0.09003590150609121,0.27734674038840934,0.20777252674328225,0.12780260622009837,0.14376934167453215,0.8377990401809687,0.8366159701145616,1.0,2.8228148618009226e-15,5.483657559988137e-16,2.2598010773767347,2.259811835173645,0.645921006201292,1.391282343335126,1.0,0.0
est-first_order__dir-first_order__support-projected__cal-response_gain__controller-base,first_order,first_order,projected,response_gain,base,5,0.07075201660495165,0.22582264746398578,0.20777252674328206,0.14004399975004406,0.15754008658366375,0.886053825727131,0.8848707556607236,1.0,2.6834057155510374e-15,5.212838517227057e-16,2.476253987000707,2.476264744829873,0.9142477188665517,1.5245447898987465,1.0,0.0
est-first_order__dir-first_order__support-projected__cal-response_gain__controller-base,first_order,first_order,projected,response_gain,base,6,0.06122306316679477,0.18962697218457844,0.20777252674328225,0.14864357870483094,0.16721403488232872,0.9199528125733092,0.9187697425069021,1.0,2.3637988379274337e-15,4.591963696698895e-16,2.6283121560147253,2.628322913863373,1.1213156835525175,1.6181616586096899,1.0,0.0
est-first_order__dir-first_order__support-projected__cal-response_gain__controller-base,first_order,first_order,projected,response_gain,base,7,0.056511869499202665,0.18764017861380314,0.20777252674328212,0.15468478292056873,0.1740099835621409,0.94376685083275,0.9425837807663424,1.0,2.0655401842418897e-15,4.0125603701657633e-16,2.735133019748368,2.735143777609407,1.2754737944156953,1.6839275088791275,1.0,0.0
est-first_order__dir-first_order__support-projected__cal-response_gain__controller-base,first_order,first_order,projected,response_gain,base,8,0.05418082757737895,0.19362955218232314,0.20777252674328212,0.15892872888212445,0.17878413750970887,0.9604962127100067,0.9593131426435993,1.0,2.3204015057464846e-15,4.507659156603923e-16,2.8101746765218154,2.810185434390995,1.387895278173912,1.7301280186934078,1.0,0.0
est-first_order__dir-first_order__support-projected__cal-response_gain__controller-base,first_order,first_order,projected,response_gain,base,9,0.05302620184260755,0.19783708711420847,0.20777252674328198,0.16191010092011746,0.18213798065787543,0.9722485894287797,0.9710655193623723,1.0,2.2930220072665867e-15,4.454471186021897e-16,2.862891440405417,2.8629021982800618,1.4688502662273664,1.762583876837939,1.0,0.0
est-first_order__dir-first_order__support-projected__cal-response_gain__controller-base,first_order,first_order,projected,response_gain,base,10,0.05245340683700602,0.20079288040385776,0.20777252674328195,0.1640045147768075,0.18449405546946246,0.9805046340737179,0.9793215640073104,1.0,2.6877468523428e-15,5.221271697847308e-16,2.899924967033767,2.89993572491213,1.526678039443262,1.785384117184473,1.0,0.0
est-first_order__dir-first_order__support-projected__cal-response_gain__controller-base,first_order,first_order,projected,response_gain,base,11,0.05216863547944362,0.20286932518983652,0.20777252674328212,0.16547584051113223,0.18614919802460228,0.9863045054367866,0.9851214353703791,1.0,2.2258575648805995e-15,4.323996174275171e-16,2.9259410194902387,2.925951777371159,1.5677674771712717,1.8014012860279127,1.0,0.0
est-first_order__dir-first_order__support-projected__cal-response_gain__controller-base,first_order,first_order,projected,response_gain,base,12,0.05202662839142918,0.20432802765198657,0.2077725267432821,0.1665094468394953,0.187311935669588,0.9903789150693425,0.9891958450029354,1.0,2.4230076181257607e-15,4.706983877280307e-16,2.9442172963409368,2.9442280542236263,1.5968601461582164,1.8126533471404291,1.0,0.0
est-first_order__dir-first_order__support-projected__cal-response_gain__controller-base,first_order,first_order,projected,response_gain,base,13,0.051955513879076196,0.205352766131647,0.20777252674328212,0.16723555528517053,0.18812875886519057,0.9932411878362132,0.9920581177698059,1.0,2.1225770469586016e-15,4.123361339675666e-16,2.9570563808285653,2.957067138712485,1.6174091259081818,1.820557920071972,1.0,0.0
est-first_order__dir-first_order__support-projected__cal-response_gain__controller-base,first_order,first_order,projected,response_gain,base,14,0.05191969265113564,0.20607264491360844,0.2077725267432822,0.16774564646825726,0.1887025771601013,0.9952519344549396,0.9940688643885325,1.0,2.4090463414888624e-15,4.679862417345748e-16,2.9660758376811307,2.9660865955659075,1.631899469336833,1.8261108825563812,1.0,0.0
est-first_order__dir-first_order__support-projected__cal-response_gain__controller-base,first_order,first_order,projected,response_gain,base,15,0.051901504796695176,0.2065783597579364,0.20777252674328212,0.16810398552437572,0.18910568451227613,0.9966644839545952,0.9954814138881881,1.0,2.3795837088947534e-15,4.622627708067375e-16,2.972412006120062,2.972422764005438,1.6421058256171048,1.8300118387016782,1.0,
est-first_order__dir-lifted_interaction__support-projected__cal-response_gain__controller-base,first_order,lifted_interaction,projected,response_gain,base,0,0.6926147482430982,0.8152686215639114,0.20777254403657644,0.0,0.0,0.33400939071785435,0.33282631635665894,1.0,2.2895383264790606e-15,4.447703716874128e-16,4.2517680174906164e-05,0.0,0.8821291327476501,3.132058102349143e-06,0.0,0.0
est-first_order__dir-lifted_interaction__support-projected__cal-response_gain__controller-base,first_order,lifted_interaction,projected,response_gain,base,1,0.36825618327497794,0.6037127645726685,0.20777252674328198,0.015885193803788996,0.017869775297148442,0.5321415969792928,0.5309585269128853,1.0,2.467994077240386e-15,4.794375487675762e-16,0.848317166406215,0.8483307575195,1.9587520060121897,0.42927254686812105,1.0,0.0
est-first_order__dir-lifted_interaction__support-projected__cal-response_gain__controller-base,first_order,lifted_interaction,projected,response_gain,base,2,0.20813296850385882,0.45509477945342797,0.20777252674328178,0.027044542450950795,0.030423292443395224,0.6713294718779536,0.6701464018115456,1.0,2.3704013243943546e-15,4.604789821188672e-16,1.4442695231871037,1.4442831146769493,2.40799863582005,0.730839570131955,1.0,0.0
est-first_order__dir-lifted_interaction__support-projected__cal-response_gain__controller-base,first_order,lifted_interaction,projected,response_gain,base,3,0.12907586809821825,0.35069064490716173,0.20777252674328225,0.03488398487558198,0.03924213823863363,0.7691089539942622,0.7679258839278545,1.0,2.1454620356935562e-15,4.167818184219348e-16,1.8629260539697503,1.8629396455800562,2.5085048692563405,0.9426904039747982,1.0,0.0
est-first_order__dir-lifted_interaction__support-projected__cal-response_gain__controller-base,first_order,lifted_interaction,projected,response_gain,base,4,0.09003590150609128,0.27734674038840945,0.2077725267432823,0.040391193178885315,0.04543737740978854,0.837799040180969,0.8366159701145616,1.0,2.412643789045634e-15,4.686850892133203e-16,2.157032266872523,2.1570458585394894,2.4704403488608646,1.0915156147493954,1.0,0.0
est-first_order__dir-lifted_interaction__support-projected__cal-response_gain__controller-base,first_order,lifted_interaction,projected,response_gain,base,5,0.07075201660495166,0.22582264746398592,0.20777252674328142,0.04426000701195596,0.04978953292752489,0.8860538257271311,0.8848707556607234,1.0,2.004042587541321e-15,3.8930938880979223e-16,2.3636418814451527,2.3636554731434916,2.3908840827015543,1.1960653253185503,1.0,0.0
est-first_order__dir-lifted_interaction__support-projected__cal-response_gain__controller-base,first_order,lifted_interaction,projected,response_gain,base,6,0.06122306316679469,0.18962697218457844,0.2077725267432821,0.04697784872968812,0.05284692217873471,0.9199528125733095,0.918769742506902,1.0,2.1737620566508304e-15,4.2227943804872e-16,2.508785135685515,2.5087987274028025,2.3096056188895258,1.2695114969933814,1.0,0.0
est-first_order__dir-lifted_interaction__support-projected__cal-response_gain__controller-base,first_order,lifted_interaction,projected,response_gain,base,7,0.056511869499202644,0.18764017861380292,0.2077725267432819,0.04888713253639485,0.054994738127709546,0.9437668508327497,0.9425837807663423,1.0,2.2243210673671484e-15,4.3210113429567733e-16,2.6107482717906296,2.6107618635199685,2.240294939004704,1.3211074325949503,1.0,0.0
est-first_order__dir-lifted_interaction__support-projected__cal-response_gain__controller-base,first_order,lifted_interaction,projected,response_gain,base,8,0.05418082757737888,0.19362955218232292,0.20777252674328206,0.05022840441060645,0.056503578831864416,0.9604962127100067,0.9593131426435992,1.0,2.112290072957728e-15,4.1033776547685704e-16,2.68237737490502,2.6823909666422785,2.1857048809269837,1.3573535773550527,1.0,0.0
est-first_order__dir-lifted_interaction__support-projected__cal-response_gain__controller-base,first_order,lifted_interaction,projected,response_gain,base,9,0.0530262018426075,0.19783708711420825,0.20777252674328187,0.05117064790224002,0.05756353942653319,0.9722485894287797,0.9710655193623722,1.0,2.325948835484953e-15,4.518435512173587e-16,2.732696819843128,2.7327104115857006,2.1444920054944294,1.3828164940490242,1.0,0.0
est-first_order__dir-lifted_interaction__support-projected__cal-response_gain__controller-base,first_order,lifted_interaction,projected,response_gain,base,10,0.052453406837006035,0.20079288040385768,0.2077725267432817,0.05183257395511265,0.058308161744288024,0.9805046340737181,0.9793215640073101,1.0,2.14199796013238e-15,4.1610888005830094e-16,2.768046229912264,2.768059821658455,2.114144318901376,1.4007041930265391,1.0,0.0
est-first_order__dir-lifted_interaction__support-projected__cal-response_gain__controller-base,first_order,lifted_interaction,projected,response_gain,base,11,0.052168635479443524,0.2028693251898363,0.20777252674328195,0.052297577007255666,0.0588312589225108,0.9863045054367868,0.985121435370379,1.0,2.0842851643288926e-15,4.048974749711839e-16,2.7928791904858867,2.792892782234564,2.0921425388328445,1.4132703015582435,1.0,0.0
est-first_order__dir-lifted_interaction__support-projected__cal-response_gain__controller-base,first_order,lifted_interaction,projected,response_gain,base,12,0.05202662839142913,0.2043280276519863,0.2077725267432816,0.05262424165138612,0.05919873469021227,0.9903789150693428,0.989195845002935,1.0,2.2147977487171343e-15,4.3025111504652247e-16,2.8103243452888833,2.810337937039281,2.076351655325329,1.4220979928017654,1.0,0.0
est-first_order__dir-lifted_interaction__support-projected__cal-response_gain__controller-base,first_order,lifted_interaction,projected,response_gain,base,13,0.05195551387907615,0.20535276613164669,0.20777252674328178,0.05285372356388776,0.059456886417022556,0.9932411878362132,0.9920581177698053,1.0,2.2321662940402154e-15,4.336251639845441e-16,2.822579566538001,2.822593158289594,2.0650941883270737,1.4282994459003402,1.0,0.0
est-first_order__dir-lifted_interaction__support-projected__cal-response_gain__controller-base,first_order,lifted_interaction,projected,response_gain,base,14,0.051919692651135566,0.20607264491360808,0.2077725267432821,0.05301493460742018,0.059638238005106786,0.9952519344549396,0.994068864388532,1.0,2.5023227530194277e-15,4.861063071409124e-16,2.831188859465512,2.83120245121794,2.057104969392606,1.4326559667020884,1.0,0.0
est-first_order__dir-lifted_interaction__support-projected__cal-response_gain__controller-base,first_order,lifted_interaction,projected,response_gain,base,15,0.05190150479669512,0.20657835975793615,0.20777252674328178,0.05312818536550168,0.059765637495735977,0.9966644839545952,0.9954814138881874,1.0,2.0787015897226213e-15,4.0381279841248437e-16,2.837236887747092,2.837250479500103,2.051452738017317,1.4357164225653172,1.0,
est-lifted_interaction__dir-first_order__support-projected__cal-response_gain__controller-base,lifted_interaction,first_order,projected,response_gain,base,0,0.6926147482430982,0.8152686215639114,0.00398102408508006,0.0,0.0,0.33413333347488605,0.33282631635665894,1.0,2.2895383264790606e-15,4.447703716874128e-16,4.2517680174906164e-05,0.0,0.8821291327476501,3.132058102349143e-06,0.0,0.0
est-lifted_interaction__dir-first_order__support-projected__cal-response_gain__controller-base,lifted_interaction,first_order,projected,response_gain,base,1,0.34241219996669525,0.5731433015018292,0.003981028136792389,0.057525539630972504,0.05870262237554249,0.5322286667661074,0.5309216539426682,1.0,2.0183048020934448e-15,3.9207999561469733e-16,1.0171586034941427,1.0171693608418673,1.363799137459079,0.5753004779678881,1.0,0.0
est-lifted_interaction__dir-first_order__support-projected__cal-response_gain__controller-base,lifted_interaction,first_order,projected,response_gain,base,2,0.16940913407056138,0.4030502685753239,0.003981028136792332,0.09793723122173074,0.09994121459436116,0.6713906384031904,0.6700836255797512,1.0,2.4693928588177897e-15,4.797092789215975e-16,1.7317200791479415,1.7317308368332787,1.393082374056252,0.9794521228293082,1.0,0.0
est-lifted_interaction__dir-first_order__support-projected__cal-response_gain__controller-base,lifted_interaction,first_order,projected,response_gain,base,3,0.08390745373982558,0.2835599129444538,0.003981028136792233,0.12632644456423836,0.12891132562808122,0.7691519234782411,0.7678449106548023,1.0,2.237507478902748e-15,4.346627534186607e-16,2.2336995159239073,2.2337102737172456,1.2200707708837397,1.2633686533444564,1.0,0.0
est-lifted_interaction__dir-first_order__support-projected__cal-response_gain__controller-base,lifted_interaction,first_order,projected,response_gain,base,4,0.04162502091671858,0.19961793811376757,0.0039810281367923545,0.14626986693735,0.14926282862926957,0.8378292262434643,0.8365222134200254,1.0,2.3686072854436184e-15,4.601304684636416e-16,2.5863400702840944,2.586350828128232,1.0066674963127353,1.4628200160313476,1.0,0.0
est-lifted_interaction__dir-first_order__support-projected__cal-response_gain__controller-base,lifted_interaction,first_order,projected,response_gain,base,5,0.020697385569253327,0.1406487007952104,0.0039810281367923086,0.1602801211544609,0.16355975948760437,0.8860750314360339,0.8847680186125949,1.0,2.2369193259209555e-15,4.3454849762425216e-16,2.8340700597296844,2.8340808176019503,0.8135102583917774,1.602934598318889,1.0,0.0
est-lifted_interaction__dir-first_order__support-projected__cal-response_gain__controller-base,lifted_interaction,first_order,projected,response_gain,base,6,0.010326620912508471,0.09922281157892412,0.003981028136792259,0.17012232474198133,0.17360335341558458,0.9199677095838138,0.9186606967603748,1.0,2.6213580582117494e-15,5.092303476175495e-16,3.0081003773179824,3.0081111352072374,0.9653892625769013,1.7033576493852742,1.0,0.0
est-lifted_interaction__dir-first_order__support-projected__cal-response_gain__controller-base,lifted_interaction,first_order,projected,response_gain,base,7,0.0051784845520532405,0.07012112440448298,0.003981028136792207,0.17703647276221435,0.18065897814999063,0.9437773159826293,0.9424703031591901,1.0,2.6370423326945946e-15,5.122772066767337e-16,3.1303566754248915,3.130367433324952,1.132936724494798,1.7816628084458694,1.0,0.0
est-lifted_interaction__dir-first_order__support-projected__cal-response_gain__controller-base,lifted_interaction,first_order,projected,response_gain,base,8,0.002616702404802877,0.0496771891644381,0.0039810281367923285,0.18189366174642815,0.185615554525911,0.9605035644777967,0.9591965516543581,1.0,2.5645745259078793e-15,4.981994631477726e-16,3.2162417248454864,3.216252482752646,1.2561632831773588,1.836672182685938,1.0,0.0
est-lifted_interaction__dir-first_order__support-projected__cal-response_gain__controller-base,lifted_interaction,first_order,projected,response_gain,base,9,0.001337592768043196,0.035315324658306536,0.003981028136792282,0.1853058370078383,0.189097549429995,0.9722537540456524,0.9709467412222132,1.0,2.586590822253551e-15,5.024763936518815e-16,3.276575972063677,3.2765867299756017,1.3454067462980772,1.8753162680895863,1.0,0.0
est-lifted_interaction__dir-first_order__support-projected__cal-response_gain__controller-base,lifted_interaction,first_order,projected,response_gain,base,10,0.0006959091373599299,0.025226114842748955,0.003981028136792262,0.187702890128979,0.19154365085011404,0.9805082622170709,0.9792012493936317,1.0,3.1203117013887412e-15,6.061580970961512e-16,3.318960780734559,3.318971538649727,1.4094039319501923,1.9024637380856493,1.0,0.0
est-lifted_interaction__dir-first_order__support-projected__cal-response_gain__controller-base,lifted_interaction,first_order,projected,response_gain,base,11,0.0003719036461638077,0.018138444947320104,0.003981028136792323,0.18938681994658027,0.19326203709774764,0.9863070542074922,0.9850000413840532,1.0,2.8476234734543403e-15,5.531851273535218e-16,3.3487361088259036,3.348746866743301,1.4549992566272534,1.921534835757883,1.0,0.0
est-lifted_interaction__dir-first_order__support-projected__cal-response_gain__controller-base,lifted_interaction,first_order,projected,response_gain,base,12,0.0002068551584499847,0.013159356845781052,0.003981028136792286,0.19056978064344518,0.19446920343671023,0.9903807055807632,0.9890736927573242,1.0,2.3334512183823944e-15,4.533009793771081e-16,3.3696532768100953,3.3696640347290363,1.487342376071779,1.9349322818726278,1.0,0.0
est-lifted_interaction__dir-first_order__support-projected__cal-response_gain__controller-base,lifted_interaction,first_order,projected,response_gain,base,13,0.0001217849968862871,0.009661547454450015,0.003981028136792303,0.19140081053299274,0.19531723778983143,0.993242445670486,0.9919354328470472,1.0,2.4191639185642228e-15,4.699517028340201e-16,3.384347587319003,3.384358345239016,1.5102168580164468,1.9451255704317956,1.0,0.0
est-lifted_interaction__dir-first_order__support-projected__cal-response_gain__controller-base,lifted_interaction,first_order,projected,response_gain,base,14,7.726090528606351e-05,0.007639323858021854,0.003981028136792211,0.19198460903039996,0.1959129819228991,0.9952528180835164,0.9939458052600779,1.0,2.4421367888184454e-15,4.744144593310517e-16,3.3946703404515155,3.394681098372276,1.526361651038264,1.9524452779695256,1.0,0.0
est-lifted_interaction__dir-first_order__support-projected__cal-response_gain__controller-base,lifted_interaction,first_order,projected,response_gain,base,15,5.3502629591814315e-05,0.006550980880956011,0.003981028136792234,0.19239472747482855,0.19633149217637919,0.9966651047036703,0.9953580918802315,1.0,2.497143660663107e-15,4.851002061267106e-16,3.401922074527109,3.4019328324483915,1.5377405244975155,1.9575873725147805,1.0,
est-lifted_interaction__dir-lifted_interaction__support-projected__cal-response_gain__controller-base,lifted_interaction,lifted_interaction,projected,response_gain,base,0,0.6926147482430982,0.8152686215639114,0.00398102408508006,0.0,0.0,0.33413333347488605,0.33282631635665894,1.0,2.2895383264790606e-15,4.447703716874128e-16,4.2517680174906164e-05,0.0,0.8821291327476501,3.132058102349143e-06,0.0,0.0
est-lifted_interaction__dir-lifted_interaction__support-projected__cal-response_gain__controller-base,lifted_interaction,lifted_interaction,projected,response_gain,base,1,0.34241219996669525,0.5731433015018291,0.0039810281367923545,0.018180577475491552,0.01855258691981837,0.5322286667661076,0.5309216539426683,1.0,2.3647667029491216e-15,4.593843890974137e-16,0.9708995277502817,0.9709131189980762,2.0569505742414784,0.4493945803295532,1.0,0.0
est-lifted_interaction__dir-lifted_interaction__support-projected__cal-response_gain__controller-base,lifted_interaction,lifted_interaction,projected,response_gain,base,2,0.1694091340705613,0.4030502685753237,0.003981028136792353,0.030952433152024384,0.0315857792309908,0.6713906384031904,0.6700836255797513,1.0,2.1527956259336226e-15,4.1820645657677773e-16,1.6529659935253718,1.6529795850942246,2.6301615308164306,0.7650973321000435,1.0,0.0
est-lifted_interaction__dir-lifted_interaction__support-projected__cal-response_gain__controller-base,lifted_interaction,lifted_interaction,projected,response_gain,base,3,0.08390745373982557,0.2835599129444537,0.003981028136792377,0.03992466176478862,0.04074159682958936,0.7691519234782411,0.7678449106548023,1.0,2.409080806007091e-15,4.679929368819784e-16,2.1321176858552104,2.132131277526769,2.8472269673679267,0.986878515218813,1.0,0.0
est-lifted_interaction__dir-lifted_interaction__support-projected__cal-response_gain__controller-base,lifted_interaction,lifted_interaction,projected,response_gain,base,4,0.04162502091671858,0.19961793811376757,0.00398102813679233,0.046227652365255625,0.04717355869260497,0.8378292262434643,0.8365222134200254,1.0,2.3964201289369156e-15,4.655334480054696e-16,2.468721749740763,2.4687353414606314,2.904106059405974,1.1426797963597481,1.0,0.0
est-lifted_interaction__dir-lifted_interaction__support-projected__cal-response_gain__controller-base,lifted_interaction,lifted_interaction,projected,response_gain,base,5,0.020697385569253376,0.14064870079521055,0.003981028136792382,0.05065550326208358,0.05169201190137332,0.8860750314360339,0.8847680186125948,1.0,2.218234777569788e-15,4.309187992615519e-16,2.705186104627554,2.7051996963741702,2.896574411075652,1.2521301963612557,1.0,0.0
est-lifted_interaction__dir-lifted_interaction__support-projected__cal-response_gain__controller-base,lifted_interaction,lifted_interaction,projected,response_gain,base,6,0.01032662091250847,0.09922281157892408,0.003981028136792357,0.05376606851710528,0.05486622528053315,0.9199677095838138,0.9186606967603748,1.0,1.9887476841043678e-15,3.8633816976187264e-16,2.871302313938159,2.871315905700931,2.868018246132069,1.3290191023623144,1.0,0.0
est-lifted_interaction__dir-lifted_interaction__support-projected__cal-response_gain__controller-base,lifted_interaction,lifted_interaction,projected,response_gain,base,7,0.005178484552053239,0.07012112440448294,0.003981028136792357,0.055951240608758,0.0570961101793929,0.9437773159826293,0.9424703031591901,1.0,2.155879431580619e-15,4.188055229335028e-16,2.987998950979933,2.9880125427529807,2.836600131182201,1.383033558828058,1.0,0.0
est-lifted_interaction__dir-lifted_interaction__support-projected__cal-response_gain__controller-base,lifted_interaction,lifted_interaction,projected,response_gain,base,8,0.002616702404802872,0.04967718916443804,0.003981028136792385,0.05748632400314403,0.05866260432084187,0.9605035644777967,0.9591965516543581,1.0,2.5322433696077713e-15,4.919187469709018e-16,3.069978338502247,3.0699919302820455,2.808981757006516,1.420978714495243,1.0,0.0
est-lifted_interaction__dir-lifted_interaction__support-projected__cal-response_gain__controller-base,lifted_interaction,lifted_interaction,projected,response_gain,base,9,0.001337592768043198,0.035315324658306536,0.003981028136792525,0.05856472008770019,0.05976306645520975,0.9722537540456524,0.9709467412222132,1.0,2.2918949178076397e-15,4.452281679116583e-16,3.127568858236884,3.1275824500212135,2.7868657073443646,1.447635186351441,1.0,0.0
est-lifted_interaction__dir-lifted_interaction__support-projected__cal-response_gain__controller-base,lifted_interaction,lifted_interaction,projected,response_gain,base,10,0.00069590913735994,0.025226114842749125,0.003981028136792382,0.05932229333710097,0.060536141104603265,0.9805082622170709,0.9792012493936317,1.0,2.3432240426256493e-15,4.551994680902423e-16,3.168026198350565,3.1680397901379784,2.7699986288460825,1.4663613578304193,1.0,0.0
est-lifted_interaction__dir-lifted_interaction__support-projected__cal-response_gain__controller-base,lifted_interaction,lifted_interaction,projected,response_gain,base,11,0.0003719036461638074,0.01813844494732008,0.003981028136792302,0.05985448854480501,0.06107922604580219,0.9863070542074922,0.9850000413840528,1.0,2.035419703723146e-15,3.954047712129909e-16,3.196447479780472,3.196461071570006,2.7574961333483863,1.479516493294402,1.0,0.0
est-lifted_interaction__dir-lifted_interaction__support-projected__cal-response_gain__controller-base,lifted_interaction,lifted_interaction,projected,response_gain,base,12,0.00020685515844998703,0.013159356845781128,0.003981028136792405,0.06022835567821706,0.0614607432169944,0.9903807055807633,0.9890736927573242,1.0,2.292981781412923e-15,4.45439304246047e-16,3.2164134299850047,3.2164270217760054,2.748391860719492,1.48875797595785,1.0,0.0
est-lifted_interaction__dir-lifted_interaction__support-projected__cal-response_gain__controller-base,lifted_interaction,lifted_interaction,projected,response_gain,base,13,0.00012178499688628535,0.009661547454449925,0.003981028136792409,0.06049099733943904,0.061728759029756955,0.9932424456704861,0.9919354328470473,1.0,2.387975558182709e-15,4.638929885164751e-16,3.2304395100036998,3.23045310179572,2.7418379778089377,1.4952501175289217,1.0,0.0
est-lifted_interaction__dir-lifted_interaction__support-projected__cal-response_gain__controller-base,lifted_interaction,lifted_interaction,projected,response_gain,base,14,7.726090528606734e-05,0.007639323858021994,0.003981028136792354,0.06067550310644748,0.06191704013822263,0.9952528180835164,0.9939458052600775,1.0,2.1421464773719325e-15,4.161377313193058e-16,3.240292831216838,3.2403064230095695,2.7371559832702417,1.4998108469825993,1.0,0.0
est-lifted_interaction__dir-lifted_interaction__support-projected__cal-response_gain__controller-base,lifted_interaction,lifted_interaction,projected,response_gain,base,15,5.3502629591816544e-05,0.006550980880956111,0.00398102813679233,0.0608051184077709,0.06204930761691978,0.9966651047036703,0.9953580918802313,1.0,2.1663410497163436e-15,4.208378181490337e-16,3.24721478936907,3.2472283811622997,2.7338284935759494,1.503014759423809,1.0,
