fit_id,observer,pool_id,target,selected_mask_id,selected_head_count,predicted_effect
full,additive,candidate_pool_00,0.5,mask_56ee0c60e1cde4b8,5,0.5253747609684359
full,additive,candidate_pool_00,1.0,mask_b611eb15c1cbe033,4,1.149657237706709
full,additive,candidate_pool_00,1.5,mask_ff6985d2961f695d,9,1.4952962271657702
full,additive,candidate_pool_01,0.5,mask_d4041af54a719d70,7,0.45051604544198237
full,additive,candidate_pool_01,1.0,mask_3507ab216f864cbe,4,0.9791781345224897
full,additive,candidate_pool_01,1.5,mask_69b8a0bd055bae3b,8,1.4776376698244436
full,additive,candidate_pool_02,0.5,mask_a0046e43df20ac57,5,0.6004739334518002
full,additive,candidate_pool_02,1.0,mask_4069015a4c8c7628,4,1.0324960594573795
full,additive,candidate_pool_02,1.5,mask_3c9ed4cc352cbb27,5,1.43594615130265
full,additive,candidate_pool_03,0.5,mask_db4ced2a93ad8780,7,0.49870934775325637
full,additive,candidate_pool_03,1.0,mask_30716df5e75daa97,7,0.9602165721566059
full,additive,candidate_pool_03,1.5,mask_dc2e11f8d6ea9e67,6,1.4232602858023244
full,additive,candidate_pool_04,0.5,mask_8f5eca4cbcfcb5db,6,0.43842026513668686
full,additive,candidate_pool_04,1.0,mask_5d6868f3c7cf99b3,6,0.9789474798011969
full,additive,candidate_pool_04,1.5,mask_8b7737474604b389,8,1.7179468805883085
full,additive,candidate_pool_05,0.5,mask_ae737f6731edb34d,7,0.6083482111078881
full,additive,candidate_pool_05,1.0,mask_62191f28479b805a,7,0.8511907604846537
full,additive,candidate_pool_05,1.5,mask_de24099fc59a002a,4,1.4643490868821036
full,additive,candidate_pool_06,0.5,mask_8da4b6178fa2b73e,7,0.48632929264497976
full,additive,candidate_pool_06,1.0,mask_ba28cb4fde59866a,9,0.9918936301581806
full,additive,candidate_pool_06,1.5,mask_8a4903df460893e2,6,1.501554756233088
full,additive,candidate_pool_07,0.5,mask_9401c6bc69ed4d22,10,0.4795606264454627
full,additive,candidate_pool_07,1.0,mask_c4774bd021c06295,7,0.9323045409122873
full,additive,candidate_pool_07,1.5,mask_83fe021aaca96bf0,5,1.6013994443053128
full,additive,candidate_pool_08,0.5,mask_bda88699e1e7badf,7,0.5080863996561146
full,additive,candidate_pool_08,1.0,mask_03ced2f511e0a2f2,10,1.0024133252709846
full,additive,candidate_pool_08,1.5,mask_a9f1de05a2b5cc89,7,1.4114327917056646
full,additive,candidate_pool_09,0.5,mask_2d90e84a12b72772,4,0.5490153030430085
full,additive,candidate_pool_09,1.0,mask_6000c95aa8146da6,7,0.9434042879592084
full,additive,candidate_pool_09,1.5,mask_ea7ded36b0b6aa15,8,1.4996339055665526
full,all_pairs,candidate_pool_00,0.5,mask_b611eb15c1cbe033,4,0.44836069967926956
full,all_pairs,candidate_pool_00,1.0,mask_a096a397a7d70275,7,0.9813882140539729
full,all_pairs,candidate_pool_00,1.5,mask_153f1c2a9e066490,6,1.5643353786743823
full,all_pairs,candidate_pool_01,0.5,mask_304d12adafdb81c3,6,0.4945649194501123
full,all_pairs,candidate_pool_01,1.0,mask_76f706be2ab175f0,7,0.9392685560213444
full,all_pairs,candidate_pool_01,1.5,mask_69b8a0bd055bae3b,8,1.5122570305897165
full,all_pairs,candidate_pool_02,0.5,mask_c36034d7c9cf0b25,7,0.5024528576428726
full,all_pairs,candidate_pool_02,1.0,mask_ab59149b00e47e01,7,1.0080879407419094
full,all_pairs,candidate_pool_02,1.5,mask_053a16108482e172,6,1.317664514094976
full,all_pairs,candidate_pool_03,0.5,mask_8e19964bc0ea5bd6,8,0.5722724119177186
full,all_pairs,candidate_pool_03,1.0,mask_30716df5e75daa97,7,0.9310945888870205
full,all_pairs,candidate_pool_03,1.5,mask_0f1c886d2bd569f0,7,1.1398481264278075
full,all_pairs,candidate_pool_04,0.5,mask_8f5eca4cbcfcb5db,6,0.45119445445467327
full,all_pairs,candidate_pool_04,1.0,mask_7fb6ffeb6bd8fc1f,7,1.0046182248008113
full,all_pairs,candidate_pool_04,1.5,mask_cafa56ef6c77bde9,10,1.3663809100472502
full,all_pairs,candidate_pool_05,0.5,mask_22c097f7c153bb13,9,0.4897235812811443
full,all_pairs,candidate_pool_05,1.0,mask_cf672502900b1ca1,10,0.9816866426904146
full,all_pairs,candidate_pool_05,1.5,mask_290a3cb1caf906c3,10,1.5053923922742185
full,all_pairs,candidate_pool_06,0.5,mask_382e0bf880e4af69,5,0.49883740440751556
full,all_pairs,candidate_pool_06,1.0,mask_f16ce08b0ff70796,6,1.036667269632035
full,all_pairs,candidate_pool_06,1.5,mask_c22a533faf194bc5,7,1.3217457130422527
full,all_pairs,candidate_pool_07,0.5,mask_6c3e3315afb6fb8c,4,0.48743686444436074
full,all_pairs,candidate_pool_07,1.0,mask_2261c8e54842bff6,8,0.9478031312790113
full,all_pairs,candidate_pool_07,1.5,mask_83fe021aaca96bf0,5,1.4555916497633108
full,all_pairs,candidate_pool_08,0.5,mask_bda88699e1e7badf,7,0.5166760491484231
full,all_pairs,candidate_pool_08,1.0,mask_77740b198a0b3a94,6,0.9703838549351828
full,all_pairs,candidate_pool_08,1.5,mask_1ee94a6fab0d1183,8,1.4132261294516022
full,all_pairs,candidate_pool_09,0.5,mask_99b322f566a2bc85,6,0.5475496232980778
full,all_pairs,candidate_pool_09,1.0,mask_6000c95aa8146da6,7,0.9417175674411972
full,all_pairs,candidate_pool_09,1.5,mask_ea7ded36b0b6aa15,8,1.505759129775449
full,atp_raw,candidate_pool_00,0.5,mask_bfa108de38e6d58f,6,0.4905528343733749
full,atp_raw,candidate_pool_00,1.0,mask_b611eb15c1cbe033,4,0.963996842726677
full,atp_raw,candidate_pool_00,1.5,mask_153f1c2a9e066490,6,1.7319651900664514
full,atp_raw,candidate_pool_01,0.5,mask_3cd97f4a74d408b8,10,0.5657065004100634
full,atp_raw,candidate_pool_01,1.0,mask_16dc2167f216f5a8,5,0.8676413457166442
full,atp_raw,candidate_pool_01,1.5,mask_4d3f046ece5f8214,9,1.501424528323696
full,atp_raw,candidate_pool_02,0.5,mask_8539d49577e1ed9d,9,0.4988639469787206
full,atp_raw,candidate_pool_02,1.0,mask_3c9ed4cc352cbb27,5,0.9218009907223554
full,atp_raw,candidate_pool_02,1.5,mask_267196af5474f7ae,8,1.1941065066639567
full,atp_raw,candidate_pool_03,0.5,mask_5b90a18db67578c0,5,0.35280306883942103
full,atp_raw,candidate_pool_03,1.0,mask_dc2e11f8d6ea9e67,6,1.192661042281543
full,atp_raw,candidate_pool_03,1.5,mask_0f1c886d2bd569f0,7,1.4828364406833618
full,atp_raw,candidate_pool_04,0.5,mask_5d6868f3c7cf99b3,6,0.4440143634007352
full,atp_raw,candidate_pool_04,1.0,mask_8b7737474604b389,8,0.82050438177248
full,atp_raw,candidate_pool_04,1.5,mask_6d2e3876c8f68db8,9,1.241942600997087
full,atp_raw,candidate_pool_05,0.5,mask_0ea1a19911258943,4,0.4895915912638884
full,atp_raw,candidate_pool_05,1.0,mask_f5d21a1898de9318,7,1.3784546267415863
full,atp_raw,candidate_pool_05,1.5,mask_de24099fc59a002a,4,1.4369772926123308
full,atp_raw,candidate_pool_06,0.5,mask_72750b59b18d6c0c,4,0.5158936949325531
full,atp_raw,candidate_pool_06,1.0,mask_8a4903df460893e2,6,1.020697501747539
full,atp_raw,candidate_pool_06,1.5,mask_8a4903df460893e2,6,1.020697501747539
full,atp_raw,candidate_pool_07,0.5,mask_21e5e4333c6fc40a,6,0.6692498306947527
full,atp_raw,candidate_pool_07,1.0,mask_21e5e4333c6fc40a,6,0.6692498306947527
full,atp_raw,candidate_pool_07,1.5,mask_73324c4014b4a4c2,4,1.5234261250346512
full,atp_raw,candidate_pool_08,0.5,mask_8dc1386ad4524dcb,5,0.5343352489483851
full,atp_raw,candidate_pool_08,1.0,mask_a842b06af7760b08,4,0.9535883973076125
full,atp_raw,candidate_pool_08,1.5,mask_a842b06af7760b08,4,0.9535883973076125
full,atp_raw,candidate_pool_09,0.5,mask_a3021efcfb81527e,5,0.4839044872472489
full,atp_raw,candidate_pool_09,1.0,mask_6c66643ec3bf086c,6,1.4017122079070152
full,atp_raw,candidate_pool_09,1.5,mask_6c66643ec3bf086c,6,1.4017122079070152
full,atp_calibrated,candidate_pool_00,0.5,mask_bfa108de38e6d58f,6,0.4157446068469873
full,atp_calibrated,candidate_pool_00,1.0,mask_b55f4fdddb0ed7df,7,1.0063734038249343
full,atp_calibrated,candidate_pool_00,1.5,mask_153f1c2a9e066490,6,1.4678443106676422
full,atp_calibrated,candidate_pool_01,0.5,mask_3cd97f4a74d408b8,10,0.47943750422764236
full,atp_calibrated,candidate_pool_01,1.0,mask_d34cab07e9bf4ded,4,1.0246456355722624
full,atp_calibrated,candidate_pool_01,1.5,mask_88feb37e4997bcb0,7,1.3847207001557165
full,atp_calibrated,candidate_pool_02,0.5,mask_053a16108482e172,6,0.4956053407432567
full,atp_calibrated,candidate_pool_02,1.0,mask_267196af5474f7ae,8,1.012007892647457
full,atp_calibrated,candidate_pool_02,1.5,mask_267196af5474f7ae,8,1.012007892647457
full,atp_calibrated,candidate_pool_03,0.5,mask_e3bfff07ca1cabef,9,0.6108697293056484
full,atp_calibrated,candidate_pool_03,1.0,mask_dc2e11f8d6ea9e67,6,1.0107828584018683
full,atp_calibrated,candidate_pool_03,1.5,mask_0f1c886d2bd569f0,7,1.2567071472286457
full,atp_calibrated,candidate_pool_04,0.5,mask_93f84412f1b2de39,7,0.5377173666861532
full,atp_calibrated,candidate_pool_04,1.0,mask_6d2e3876c8f68db8,9,1.0525490878828831
full,atp_calibrated,candidate_pool_04,1.5,mask_6d2e3876c8f68db8,9,1.0525490878828831
full,atp_calibrated,candidate_pool_05,0.5,mask_0ea1a19911258943,4,0.41492995119598425
full,atp_calibrated,candidate_pool_05,1.0,mask_f5d21a1898de9318,7,1.1682433301667536
full,atp_calibrated,candidate_pool_05,1.5,mask_de24099fc59a002a,4,1.2178414183016426
full,atp_calibrated,candidate_pool_06,0.5,mask_f2b097d9ab973b9b,7,0.5317368503491676
full,atp_calibrated,candidate_pool_06,1.0,mask_8a4903df460893e2,6,0.8650433793044752
full,atp_calibrated,candidate_pool_06,1.5,mask_8a4903df460893e2,6,0.8650433793044752
full,atp_calibrated,candidate_pool_07,0.5,mask_21e5e4333c6fc40a,6,0.5671907045446363
full,atp_calibrated,candidate_pool_07,1.0,mask_83fe021aaca96bf0,5,1.2069178133970393
full,atp_calibrated,candidate_pool_07,1.5,mask_d43daec0a2f27dc1,8,1.453687251224692
full,atp_calibrated,candidate_pool_08,0.5,mask_331502b1b3b7fde3,6,0.4573243362748233
full,atp_calibrated,candidate_pool_08,1.0,mask_a842b06af7760b08,4,0.8081682655832997
full,atp_calibrated,candidate_pool_08,1.5,mask_a842b06af7760b08,4,0.8081682655832997
full,atp_calibrated,candidate_pool_09,0.5,mask_a3021efcfb81527e,5,0.41011011802446473
full,atp_calibrated,candidate_pool_09,1.0,mask_6c66643ec3bf086c,6,1.1879541813948062
full,atp_calibrated,candidate_pool_09,1.5,mask_6c66643ec3bf086c,6,1.1879541813948062
90400-0,additive,candidate_pool_00,0.5,mask_ffe0389c017216d1,4,0.526258536434964
90400-0,additive,candidate_pool_00,1.0,mask_b611eb15c1cbe033,4,1.0787852180223083
90400-0,additive,candidate_pool_00,1.5,mask_ff6985d2961f695d,9,1.4939613270222063
90400-0,additive,candidate_pool_01,0.5,mask_d4041af54a719d70,7,0.47500329654472895
90400-0,additive,candidate_pool_01,1.0,mask_3507ab216f864cbe,4,1.0120271410183412
90400-0,additive,candidate_pool_01,1.5,mask_69b8a0bd055bae3b,8,1.4423509643863444
90400-0,additive,candidate_pool_02,0.5,mask_a0046e43df20ac57,5,0.5334609941890801
90400-0,additive,candidate_pool_02,1.0,mask_4069015a4c8c7628,4,0.9116139050806003
90400-0,additive,candidate_pool_02,1.5,mask_3c9ed4cc352cbb27,5,1.5125521481129967
90400-0,additive,candidate_pool_03,0.5,mask_db4ced2a93ad8780,7,0.44245516904505566
90400-0,additive,candidate_pool_03,1.0,mask_e3bfff07ca1cabef,9,1.0753642009649889
90400-0,additive,candidate_pool_03,1.5,mask_dc2e11f8d6ea9e67,6,1.3951754208934966
90400-0,additive,candidate_pool_04,0.5,mask_8eaaf64cc1220873,7,0.5057629576156536
90400-0,additive,candidate_pool_04,1.0,mask_ee5fb6904843b482,6,1.1039964492602246
90400-0,additive,candidate_pool_04,1.5,mask_8b7737474604b389,8,1.6614439142710662
90400-0,additive,candidate_pool_05,0.5,mask_ae737f6731edb34d,7,0.594890295272211
90400-0,additive,candidate_pool_05,1.0,mask_62191f28479b805a,7,0.8410500430406975
90400-0,additive,candidate_pool_05,1.5,mask_de24099fc59a002a,4,1.4096284971585868
90400-0,additive,candidate_pool_06,0.5,mask_0cbfd8c3e3987d54,5,0.5599148226350943
90400-0,additive,candidate_pool_06,1.0,mask_f16ce08b0ff70796,6,0.9613255644322697
90400-0,additive,candidate_pool_06,1.5,mask_8a4903df460893e2,6,1.613625540902409
90400-0,additive,candidate_pool_07,0.5,mask_9401c6bc69ed4d22,10,0.457931034541592
90400-0,additive,candidate_pool_07,1.0,mask_c4774bd021c06295,7,0.87159005019945
90400-0,additive,candidate_pool_07,1.5,mask_83fe021aaca96bf0,5,1.5669522920853087
90400-0,additive,candidate_pool_08,0.5,mask_bda88699e1e7badf,7,0.551769812348768
90400-0,additive,candidate_pool_08,1.0,mask_331502b1b3b7fde3,6,0.982707194216531
90400-0,additive,candidate_pool_08,1.5,mask_a9f1de05a2b5cc89,7,1.3341269103422553
90400-0,additive,candidate_pool_09,0.5,mask_2d90e84a12b72772,4,0.49571817903096416
90400-0,additive,candidate_pool_09,1.0,mask_527fb4485b283af0,10,1.1414109592254298
90400-0,additive,candidate_pool_09,1.5,mask_ea7ded36b0b6aa15,8,1.435428651068281
90400-0,all_pairs,candidate_pool_00,0.5,mask_b611eb15c1cbe033,4,0.40111332759033447
90400-0,all_pairs,candidate_pool_00,1.0,mask_b55f4fdddb0ed7df,7,1.033187777650627
90400-0,all_pairs,candidate_pool_00,1.5,mask_153f1c2a9e066490,6,1.5662915456679367
90400-0,all_pairs,candidate_pool_01,0.5,mask_304d12adafdb81c3,6,0.5344519289761279
90400-0,all_pairs,candidate_pool_01,1.0,mask_261f2ebd1f8a4eaa,5,1.0325179516560996
90400-0,all_pairs,candidate_pool_01,1.5,mask_4d3f046ece5f8214,9,1.4688463406273038
90400-0,all_pairs,candidate_pool_02,0.5,mask_a0046e43df20ac57,5,0.5134027722076724
90400-0,all_pairs,candidate_pool_02,1.0,mask_6a56eb1c10f15cf8,7,0.9785765105338752
90400-0,all_pairs,candidate_pool_02,1.5,mask_8539d49577e1ed9d,9,1.6271087237641444
90400-0,all_pairs,candidate_pool_03,0.5,mask_e3bfff07ca1cabef,9,0.5073299135497824
90400-0,all_pairs,candidate_pool_03,1.0,mask_0f1c886d2bd569f0,7,1.0227846905400497
90400-0,all_pairs,candidate_pool_03,1.5,mask_0f1c886d2bd569f0,7,1.0227846905400497
90400-0,all_pairs,candidate_pool_04,0.5,mask_ff0a498847885133,7,0.540131792659302
90400-0,all_pairs,candidate_pool_04,1.0,mask_ee5fb6904843b482,6,1.0133052493038566
90400-0,all_pairs,candidate_pool_04,1.5,mask_8b7737474604b389,8,1.5944815923847888
90400-0,all_pairs,candidate_pool_05,0.5,mask_22c097f7c153bb13,9,0.5267180281237014
90400-0,all_pairs,candidate_pool_05,1.0,mask_cf672502900b1ca1,10,1.0099951983114934
90400-0,all_pairs,candidate_pool_05,1.5,mask_290a3cb1caf906c3,10,1.3577532804252601
90400-0,all_pairs,candidate_pool_06,0.5,mask_382e0bf880e4af69,5,0.497998851550547
90400-0,all_pairs,candidate_pool_06,1.0,mask_f16ce08b0ff70796,6,0.9522070832451925
90400-0,all_pairs,candidate_pool_06,1.5,mask_c22a533faf194bc5,7,1.2236488217571482
90400-0,all_pairs,candidate_pool_07,0.5,mask_6c3e3315afb6fb8c,4,0.43623639389129654
90400-0,all_pairs,candidate_pool_07,1.0,mask_73324c4014b4a4c2,4,1.0473608076593421
90400-0,all_pairs,candidate_pool_07,1.5,mask_d43daec0a2f27dc1,8,1.5700346338804656
90400-0,all_pairs,candidate_pool_08,0.5,mask_248e15522b401ece,8,0.515059190093179
90400-0,all_pairs,candidate_pool_08,1.0,mask_aebcbcf7f67000e0,9,0.989877404358867
90400-0,all_pairs,candidate_pool_08,1.5,mask_1ee94a6fab0d1183,8,1.3834550214283452
90400-0,all_pairs,candidate_pool_09,0.5,mask_4be83a97da997236,8,0.4886283492115526
90400-0,all_pairs,candidate_pool_09,1.0,mask_c3f11a7d9ebab23d,6,0.8349883600006388
90400-0,all_pairs,candidate_pool_09,1.5,mask_ea7ded36b0b6aa15,8,1.3933923861843343
90400-0,atp_raw,candidate_pool_00,0.5,mask_bfa108de38e6d58f,6,0.5584131636486579
90400-0,atp_raw,candidate_pool_00,1.0,mask_b611eb15c1cbe033,4,0.993769690093975
90400-0,atp_raw,candidate_pool_00,1.5,mask_714aefc72a94a0e9,5,1.2421818303585213
90400-0,atp_raw,candidate_pool_01,0.5,mask_625dbe9e05728352,8,0.29459524547220545
90400-0,atp_raw,candidate_pool_01,1.0,mask_f78efa18c25e46d0,5,0.8565061112004584
90400-0,atp_raw,candidate_pool_01,1.5,mask_261f2ebd1f8a4eaa,5,1.4910981088716497
90400-0,atp_raw,candidate_pool_02,0.5,mask_ab59149b00e47e01,7,0.5457986298327644
90400-0,atp_raw,candidate_pool_02,1.0,mask_3c9ed4cc352cbb27,5,1.0672279702679766
90400-0,atp_raw,candidate_pool_02,1.5,mask_c7772d470875866f,4,1.2443594391487778
90400-0,atp_raw,candidate_pool_03,0.5,mask_5b90a18db67578c0,5,0.3769559646626153
90400-0,atp_raw,candidate_pool_03,1.0,mask_dc2e11f8d6ea9e67,6,1.2394921584054825
90400-0,atp_raw,candidate_pool_03,1.5,mask_0f1c886d2bd569f0,7,1.4952652384877525
90400-0,atp_raw,candidate_pool_04,0.5,mask_93f84412f1b2de39,7,0.6118792259004167
90400-0,atp_raw,candidate_pool_04,1.0,mask_ee5fb6904843b482,6,0.9140986428566036
90400-0,atp_raw,candidate_pool_04,1.5,mask_6d2e3876c8f68db8,9,1.2760614684672764
90400-0,atp_raw,candidate_pool_05,0.5,mask_0ea1a19911258943,4,0.43975901038896653
90400-0,atp_raw,candidate_pool_05,1.0,mask_f5d21a1898de9318,7,1.3538124549493034
90400-0,atp_raw,candidate_pool_05,1.5,mask_de24099fc59a002a,4,1.4597746411098107
90400-0,atp_raw,candidate_pool_06,0.5,mask_72750b59b18d6c0c,4,0.43732688647084017
90400-0,atp_raw,candidate_pool_06,1.0,mask_25276dd47f8ef77c,4,0.9416766124527142
90400-0,atp_raw,candidate_pool_06,1.5,mask_8a4903df460893e2,6,1.19816914300925
90400-0,atp_raw,candidate_pool_07,0.5,mask_c4774bd021c06295,7,0.26397371962065685
90400-0,atp_raw,candidate_pool_07,1.0,mask_21e5e4333c6fc40a,6,0.7715671466343024
90400-0,atp_raw,candidate_pool_07,1.5,mask_73324c4014b4a4c2,4,1.4957078415800327
90400-0,atp_raw,candidate_pool_08,0.5,mask_331502b1b3b7fde3,6,0.43520331041266536
90400-0,atp_raw,candidate_pool_08,1.0,mask_a9f1de05a2b5cc89,7,0.9764707377981595
90400-0,atp_raw,candidate_pool_08,1.5,mask_a842b06af7760b08,4,1.075307457147026
90400-0,atp_raw,candidate_pool_09,0.5,mask_2d90e84a12b72772,4,0.47567166143687833
90400-0,atp_raw,candidate_pool_09,1.0,mask_a3021efcfb81527e,5,0.6046927734228071
90400-0,atp_raw,candidate_pool_09,1.5,mask_6c66643ec3bf086c,6,1.4876765859042926
90400-0,atp_calibrated,candidate_pool_00,0.5,mask_bfa108de38e6d58f,6,0.47086315605532825
90400-0,atp_calibrated,candidate_pool_00,1.0,mask_a096a397a7d70275,7,0.9659235818399141
90400-0,atp_calibrated,candidate_pool_00,1.5,mask_153f1c2a9e066490,6,1.5092286978100249
90400-0,atp_calibrated,candidate_pool_01,0.5,mask_3cd97f4a74d408b8,10,0.5950750891004297
90400-0,atp_calibrated,candidate_pool_01,1.0,mask_d34cab07e9bf4ded,4,1.0860200796790314
90400-0,atp_calibrated,candidate_pool_01,1.5,mask_c6f04107d7ae9b56,9,1.6718942912668144
90400-0,atp_calibrated,candidate_pool_02,0.5,mask_053a16108482e172,6,0.4796503073023164
90400-0,atp_calibrated,candidate_pool_02,1.0,mask_267196af5474f7ae,8,0.9978827430954609
90400-0,atp_calibrated,candidate_pool_02,1.5,mask_c7772d470875866f,4,1.0492643277898843
90400-0,atp_calibrated,candidate_pool_03,0.5,mask_aedb2c503c8eced2,5,0.5894218833675516
90400-0,atp_calibrated,candidate_pool_03,1.0,mask_dc2e11f8d6ea9e67,6,1.045160156682562
90400-0,atp_calibrated,candidate_pool_03,1.5,mask_0f1c886d2bd569f0,7,1.260832220955933
90400-0,atp_calibrated,candidate_pool_04,0.5,mask_93f84412f1b2de39,7,0.5159466183598693
90400-0,atp_calibrated,candidate_pool_04,1.0,mask_6d2e3876c8f68db8,9,1.0759959998742816
90400-0,atp_calibrated,candidate_pool_04,1.5,mask_6d2e3876c8f68db8,9,1.0759959998742816
90400-0,atp_calibrated,candidate_pool_05,0.5,mask_0ea1a19911258943,4,0.37081202416961384
90400-0,atp_calibrated,candidate_pool_05,1.0,mask_f5d21a1898de9318,7,1.141556909366696
90400-0,atp_calibrated,candidate_pool_05,1.5,mask_de24099fc59a002a,4,1.2309059660258452
90400-0,atp_calibrated,candidate_pool_06,0.5,mask_f2b097d9ab973b9b,7,0.5495638783507006
90400-0,atp_calibrated,candidate_pool_06,1.0,mask_8a4903df460893e2,6,1.0103159110346653
90400-0,atp_calibrated,candidate_pool_06,1.5,mask_8a4903df460893e2,6,1.0103159110346653
90400-0,atp_calibrated,candidate_pool_07,0.5,mask_21e5e4333c6fc40a,6,0.650598097292374
90400-0,atp_calibrated,candidate_pool_07,1.0,mask_83fe021aaca96bf0,5,1.225590074842944
90400-0,atp_calibrated,candidate_pool_07,1.5,mask_d43daec0a2f27dc1,8,1.4382991866024928
90400-0,atp_calibrated,candidate_pool_08,0.5,mask_8dc1386ad4524dcb,5,0.5115059103164437
90400-0,atp_calibrated,candidate_pool_08,1.0,mask_a842b06af7760b08,4,0.9067169185156354
90400-0,atp_calibrated,candidate_pool_08,1.5,mask_a842b06af7760b08,4,0.9067169185156354
90400-0,atp_calibrated,candidate_pool_09,0.5,mask_a3021efcfb81527e,5,0.5098868835349613
90400-0,atp_calibrated,candidate_pool_09,1.0,mask_6c66643ec3bf086c,6,1.254433344392372
90400-0,atp_calibrated,candidate_pool_09,1.5,mask_6c66643ec3bf086c,6,1.254433344392372
90400-1,additive,candidate_pool_00,0.5,mask_7c8b926f287bec49,4,0.45792882670336743
90400-1,additive,candidate_pool_00,1.0,mask_b611eb15c1cbe033,4,1.2162339834708433
90400-1,additive,candidate_pool_00,1.5,mask_ff6985d2961f695d,9,1.4965502242703312
90400-1,additive,candidate_pool_01,0.5,mask_d4041af54a719d70,7,0.42751287016364525
90400-1,additive,candidate_pool_01,1.0,mask_f78efa18c25e46d0,5,0.980613175059001
90400-1,additive,candidate_pool_01,1.5,mask_69b8a0bd055bae3b,8,1.510785787054174
90400-1,additive,candidate_pool_02,0.5,mask_c36034d7c9cf0b25,7,0.3607508580304641
90400-1,additive,candidate_pool_02,1.0,mask_ab59149b00e47e01,7,0.9746908663980768
90400-1,additive,candidate_pool_02,1.5,mask_c7772d470875866f,4,1.386409026106832
90400-1,additive,candidate_pool_03,0.5,mask_aedb2c503c8eced2,5,0.5009227702275297
90400-1,additive,candidate_pool_03,1.0,mask_30716df5e75daa97,7,1.0235950716136932
90400-1,additive,candidate_pool_03,1.5,mask_dc2e11f8d6ea9e67,6,1.4496430376863765
90400-1,additive,candidate_pool_04,0.5,mask_8f5eca4cbcfcb5db,6,0.5099154240081835
90400-1,additive,candidate_pool_04,1.0,mask_ff0a498847885133,7,0.985919145112959
90400-1,additive,candidate_pool_04,1.5,mask_8b7737474604b389,8,1.7710254247045079
90400-1,additive,candidate_pool_05,0.5,mask_ae737f6731edb34d,7,0.6209904956807976
90400-1,additive,candidate_pool_05,1.0,mask_62191f28479b805a,7,0.8607168889926144
90400-1,additive,candidate_pool_05,1.5,mask_de24099fc59a002a,4,1.5157532772284381
90400-1,additive,candidate_pool_06,0.5,mask_f2b097d9ab973b9b,7,0.5573186453899722
90400-1,additive,candidate_pool_06,1.0,mask_ba28cb4fde59866a,9,1.040672720410584
90400-1,additive,candidate_pool_06,1.5,mask_c22a533faf194bc5,7,1.406964838732471
90400-1,additive,candidate_pool_07,0.5,mask_9401c6bc69ed4d22,10,0.49987933399152423
90400-1,additive,candidate_pool_07,1.0,mask_c4774bd021c06295,7,0.9893393655213181
90400-1,additive,candidate_pool_07,1.5,mask_83fe021aaca96bf0,5,1.6337588903301647
90400-1,additive,candidate_pool_08,0.5,mask_bda88699e1e7badf,7,0.46705046652059123
90400-1,additive,candidate_pool_08,1.0,mask_a842b06af7760b08,4,1.0203859321962467
90400-1,additive,candidate_pool_08,1.5,mask_a9f1de05a2b5cc89,7,1.4840534681379591
90400-1,additive,candidate_pool_09,0.5,mask_c3f11a7d9ebab23d,6,0.5283344888014798
90400-1,additive,candidate_pool_09,1.0,mask_6000c95aa8146da6,7,1.023853011863378
90400-1,additive,candidate_pool_09,1.5,mask_ea7ded36b0b6aa15,8,1.5599479325194752
90400-1,all_pairs,candidate_pool_00,0.5,mask_b611eb15c1cbe033,4,0.49274459467190573
90400-1,all_pairs,candidate_pool_00,1.0,mask_a096a397a7d70275,7,1.1127533886465848
90400-1,all_pairs,candidate_pool_00,1.5,mask_153f1c2a9e066490,6,1.562497767256193
90400-1,all_pairs,candidate_pool_01,0.5,mask_304d12adafdb81c3,6,0.4570953044408227
90400-1,all_pairs,candidate_pool_01,1.0,mask_625dbe9e05728352,8,0.9498130076120925
90400-1,all_pairs,candidate_pool_01,1.5,mask_69b8a0bd055bae3b,8,1.58108244910113
90400-1,all_pairs,candidate_pool_02,0.5,mask_c36034d7c9cf0b25,7,0.48633641293891783
90400-1,all_pairs,candidate_pool_02,1.0,mask_ab59149b00e47e01,7,1.053071126756766
90400-1,all_pairs,candidate_pool_02,1.5,mask_053a16108482e172,6,1.331051372199977
90400-1,all_pairs,candidate_pool_03,0.5,mask_8e19964bc0ea5bd6,8,0.5168397563190399
90400-1,all_pairs,candidate_pool_03,1.0,mask_30716df5e75daa97,7,1.030712395991201
90400-1,all_pairs,candidate_pool_03,1.5,mask_0f1c886d2bd569f0,7,1.2498168086253973
90400-1,all_pairs,candidate_pool_04,0.5,mask_8f5eca4cbcfcb5db,6,0.5143668646111703
90400-1,all_pairs,candidate_pool_04,1.0,mask_dc190fdfa9807171,10,0.9907857656135808
90400-1,all_pairs,candidate_pool_04,1.5,mask_cafa56ef6c77bde9,10,1.3886180906608248
90400-1,all_pairs,candidate_pool_05,0.5,mask_22c097f7c153bb13,9,0.4549712221260161
90400-1,all_pairs,candidate_pool_05,1.0,mask_cf672502900b1ca1,10,0.9550937571069772
90400-1,all_pairs,candidate_pool_05,1.5,mask_f5d21a1898de9318,7,1.3560137154749943
90400-1,all_pairs,candidate_pool_06,0.5,mask_382e0bf880e4af69,5,0.49962513587921226
90400-1,all_pairs,candidate_pool_06,1.0,mask_5bf7af84e459f7ba,10,1.1138616939582286
90400-1,all_pairs,candidate_pool_06,1.5,mask_c22a533faf194bc5,7,1.4138973381888635
90400-1,all_pairs,candidate_pool_07,0.5,mask_6c3e3315afb6fb8c,4,0.5355342761760253
90400-1,all_pairs,candidate_pool_07,1.0,mask_dcead7d80876d41f,9,0.9786450185646968
90400-1,all_pairs,candidate_pool_07,1.5,mask_83fe021aaca96bf0,5,1.481220041083163
90400-1,all_pairs,candidate_pool_08,0.5,mask_bda88699e1e7badf,7,0.5105133848864076
90400-1,all_pairs,candidate_pool_08,1.0,mask_0483c7c3a82ced7e,6,1.0045116730408785
90400-1,all_pairs,candidate_pool_08,1.5,mask_1ee94a6fab0d1183,8,1.4411929278976896
90400-1,all_pairs,candidate_pool_09,0.5,mask_99b322f566a2bc85,6,0.4822292460839126
90400-1,all_pairs,candidate_pool_09,1.0,mask_6000c95aa8146da6,7,1.0589651016293606
90400-1,all_pairs,candidate_pool_09,1.5,mask_527fb4485b283af0,10,1.5566706736262579
90400-1,atp_raw,candidate_pool_00,0.5,mask_bfa108de38e6d58f,6,0.42680525232689687
90400-1,atp_raw,candidate_pool_00,1.0,mask_714aefc72a94a0e9,5,1.041943111127675
90400-1,atp_raw,candidate_pool_00,1.5,mask_153f1c2a9e066490,6,1.6775910403541845
90400-1,atp_raw,candidate_pool_01,0.5,mask_3507ab216f864cbe,4,0.5167706426976229
90400-1,atp_raw,candidate_pool_01,1.0,mask_16dc2167f216f5a8,5,0.9160153071885231
90400-1,atp_raw,candidate_pool_01,1.5,mask_4d3f046ece5f8214,9,1.4781825804349147
90400-1,atp_raw,candidate_pool_02,0.5,mask_8539d49577e1ed9d,9,0.5423299887857276
90400-1,atp_raw,candidate_pool_02,1.0,mask_c7772d470875866f,4,1.0845143297179178
90400-1,atp_raw,candidate_pool_02,1.5,mask_267196af5474f7ae,8,1.2041413893151764
90400-1,atp_raw,candidate_pool_03,0.5,mask_438eb8e7551c3dd4,4,0.34065732528747183
90400-1,atp_raw,candidate_pool_03,1.0,mask_dc2e11f8d6ea9e67,6,1.1486681756196597
90400-1,atp_raw,candidate_pool_03,1.5,mask_0f1c886d2bd569f0,7,1.4711609033519646
90400-1,atp_raw,candidate_pool_04,0.5,mask_5d6868f3c7cf99b3,6,0.5796271122361749
90400-1,atp_raw,candidate_pool_04,1.0,mask_8b7737474604b389,8,0.8635433241536821
90400-1,atp_raw,candidate_pool_04,1.5,mask_6d2e3876c8f68db8,9,1.2098915436766062
90400-1,atp_raw,candidate_pool_05,0.5,mask_0ea1a19911258943,4,0.5364040157221484
90400-1,atp_raw,candidate_pool_05,1.0,mask_f5d21a1898de9318,7,1.401603333576761
90400-1,atp_raw,candidate_pool_05,1.5,mask_de24099fc59a002a,4,1.4155616015995467
90400-1,atp_raw,candidate_pool_06,0.5,mask_c22a533faf194bc5,7,0.49912477917310727
90400-1,atp_raw,candidate_pool_06,1.0,mask_25276dd47f8ef77c,4,0.8771773646585642
90400-1,atp_raw,candidate_pool_06,1.5,mask_25276dd47f8ef77c,4,0.8771773646585642
90400-1,atp_raw,candidate_pool_07,0.5,mask_21e5e4333c6fc40a,6,0.5731335642060847
90400-1,atp_raw,candidate_pool_07,1.0,mask_83fe021aaca96bf0,5,1.396486635310481
90400-1,atp_raw,candidate_pool_07,1.5,mask_73324c4014b4a4c2,4,1.5494645125223228
90400-1,atp_raw,candidate_pool_08,0.5,mask_8dc1386ad4524dcb,5,0.46643812342951385
90400-1,atp_raw,candidate_pool_08,1.0,mask_a9f1de05a2b5cc89,7,0.9034172163316698
90400-1,atp_raw,candidate_pool_08,1.5,mask_a9f1de05a2b5cc89,7,0.9034172163316698
90400-1,atp_raw,candidate_pool_09,0.5,mask_ea7ded36b0b6aa15,8,0.4983611594170634
90400-1,atp_raw,candidate_pool_09,1.0,mask_6c66643ec3bf086c,6,1.3209577922126035
90400-1,atp_raw,candidate_pool_09,1.5,mask_6c66643ec3bf086c,6,1.3209577922126035
90400-1,atp_calibrated,candidate_pool_00,0.5,mask_ff6985d2961f695d,9,0.5827640691017659
90400-1,atp_calibrated,candidate_pool_00,1.0,mask_a096a397a7d70275,7,0.9760561830878504
90400-1,atp_calibrated,candidate_pool_00,1.5,mask_153f1c2a9e066490,6,1.4254758144171127
90400-1,atp_calibrated,candidate_pool_01,0.5,mask_f78efa18c25e46d0,5,0.4975635566821764
90400-1,atp_calibrated,candidate_pool_01,1.0,mask_d34cab07e9bf4ded,4,0.9643178243863476
90400-1,atp_calibrated,candidate_pool_01,1.5,mask_88feb37e4997bcb0,7,1.4421615909284033
90400-1,atp_calibrated,candidate_pool_02,0.5,mask_053a16108482e172,6,0.5096309763899445
90400-1,atp_calibrated,candidate_pool_02,1.0,mask_267196af5474f7ae,8,1.0231781085603622
90400-1,atp_calibrated,candidate_pool_02,1.5,mask_267196af5474f7ae,8,1.0231781085603622
90400-1,atp_calibrated,candidate_pool_03,0.5,mask_e3bfff07ca1cabef,9,0.5861498916688497
90400-1,atp_calibrated,candidate_pool_03,1.0,mask_dc2e11f8d6ea9e67,6,0.9760416357438071
90400-1,atp_calibrated,candidate_pool_03,1.5,mask_0f1c886d2bd569f0,7,1.2500688406165437
90400-1,atp_calibrated,candidate_pool_04,0.5,mask_5d6868f3c7cf99b3,6,0.49251838499248196
90400-1,atp_calibrated,candidate_pool_04,1.0,mask_6d2e3876c8f68db8,9,1.0280641062643392
90400-1,atp_calibrated,candidate_pool_04,1.5,mask_6d2e3876c8f68db8,9,1.0280641062643392
90400-1,atp_calibrated,candidate_pool_05,0.5,mask_0ea1a19911258943,4,0.4557910317682103
90400-1,atp_calibrated,candidate_pool_05,1.0,mask_f5d21a1898de9318,7,1.190964666214629
90400-1,atp_calibrated,candidate_pool_05,1.5,mask_de24099fc59a002a,4,1.2028252287707044
90400-1,atp_calibrated,candidate_pool_06,0.5,mask_72750b59b18d6c0c,4,0.5010765252485662
90400-1,atp_calibrated,candidate_pool_06,1.0,mask_25276dd47f8ef77c,4,0.745351571507518
90400-1,atp_calibrated,candidate_pool_06,1.5,mask_25276dd47f8ef77c,4,0.745351571507518
90400-1,atp_calibrated,candidate_pool_07,0.5,mask_21e5e4333c6fc40a,6,0.4870007138533376
90400-1,atp_calibrated,candidate_pool_07,1.0,mask_83fe021aaca96bf0,5,1.186616926239389
90400-1,atp_calibrated,candidate_pool_07,1.5,mask_d43daec0a2f27dc1,8,1.465092323155852
90400-1,atp_calibrated,candidate_pool_08,0.5,mask_fc5299efb847cbc8,5,0.5321790683044091
90400-1,atp_calibrated,candidate_pool_08,1.0,mask_a9f1de05a2b5cc89,7,0.7676479912153911
90400-1,atp_calibrated,candidate_pool_08,1.5,mask_a9f1de05a2b5cc89,7,0.7676479912153911
90400-1,atp_calibrated,candidate_pool_09,0.5,mask_ea7ded36b0b6aa15,8,0.4234654111194526
90400-1,atp_calibrated,candidate_pool_09,1.0,mask_6c66643ec3bf086c,6,1.1224388658318905
90400-1,atp_calibrated,candidate_pool_09,1.5,mask_6c66643ec3bf086c,6,1.1224388658318905
90401-0,additive,candidate_pool_00,0.5,mask_bfa108de38e6d58f,6,0.48575266678133
90401-0,additive,candidate_pool_00,1.0,mask_b611eb15c1cbe033,4,1.1387772765550164
90401-0,additive,candidate_pool_00,1.5,mask_ff6985d2961f695d,9,1.5171875564485424
90401-0,additive,candidate_pool_01,0.5,mask_d4041af54a719d70,7,0.4619996818267792
90401-0,additive,candidate_pool_01,1.0,mask_3507ab216f864cbe,4,0.9886521396403299
90401-0,additive,candidate_pool_01,1.5,mask_69b8a0bd055bae3b,8,1.3997201900649199
90401-0,additive,candidate_pool_02,0.5,mask_a0046e43df20ac57,5,0.6390214553349143
90401-0,additive,candidate_pool_02,1.0,mask_4069015a4c8c7628,4,0.9993188279658793
90401-0,additive,candidate_pool_02,1.5,mask_3c9ed4cc352cbb27,5,1.4669172241854713
90401-0,additive,candidate_pool_03,0.5,mask_8e19964bc0ea5bd6,8,0.5249529028218713
90401-0,additive,candidate_pool_03,1.0,mask_30716df5e75daa97,7,0.9967540053951719
90401-0,additive,candidate_pool_03,1.5,mask_dc2e11f8d6ea9e67,6,1.3674414921092446
90401-0,additive,candidate_pool_04,0.5,mask_8eaaf64cc1220873,7,0.5886888543499598
90401-0,additive,candidate_pool_04,1.0,mask_5d6868f3c7cf99b3,6,0.9357310686608256
90401-0,additive,candidate_pool_04,1.5,mask_6d2e3876c8f68db8,9,1.7101644032752557
90401-0,additive,candidate_pool_05,0.5,mask_ae737f6731edb34d,7,0.6318477251041911
90401-0,additive,candidate_pool_05,1.0,mask_62191f28479b805a,7,0.8643208054464152
90401-0,additive,candidate_pool_05,1.5,mask_de24099fc59a002a,4,1.4897149062550898
90401-0,additive,candidate_pool_06,0.5,mask_f2b097d9ab973b9b,7,0.5473639117846562
90401-0,additive,candidate_pool_06,1.0,mask_f16ce08b0ff70796,6,0.9770170179398718
90401-0,additive,candidate_pool_06,1.5,mask_8a4903df460893e2,6,1.5489969633284748
90401-0,additive,candidate_pool_07,0.5,mask_9401c6bc69ed4d22,10,0.41452555406895286
90401-0,additive,candidate_pool_07,1.0,mask_c4774bd021c06295,7,0.9778927564408303
90401-0,additive,candidate_pool_07,1.5,mask_83fe021aaca96bf0,5,1.601545977588544
90401-0,additive,candidate_pool_08,0.5,mask_8dc1386ad4524dcb,5,0.524270127273122
90401-0,additive,candidate_pool_08,1.0,mask_a842b06af7760b08,4,1.0528678128032183
90401-0,additive,candidate_pool_08,1.5,mask_a9f1de05a2b5cc89,7,1.4380692690450023
90401-0,additive,candidate_pool_09,0.5,mask_2d90e84a12b72772,4,0.4421903881301187
90401-0,additive,candidate_pool_09,1.0,mask_6000c95aa8146da6,7,0.9584877330043747
90401-0,additive,candidate_pool_09,1.5,mask_ea7ded36b0b6aa15,8,1.5521415655699715
90401-0,all_pairs,candidate_pool_00,0.5,mask_b611eb15c1cbe033,4,0.4451507026985871
90401-0,all_pairs,candidate_pool_00,1.0,mask_a096a397a7d70275,7,0.9766256057736613
90401-0,all_pairs,candidate_pool_00,1.5,mask_153f1c2a9e066490,6,1.5248612856692902
90401-0,all_pairs,candidate_pool_01,0.5,mask_28f76a93a72310a5,4,0.4229678786429658
90401-0,all_pairs,candidate_pool_01,1.0,mask_625dbe9e05728352,8,0.8754264949366545
90401-0,all_pairs,candidate_pool_01,1.5,mask_4d3f046ece5f8214,9,1.5750342396399235
90401-0,all_pairs,candidate_pool_02,0.5,mask_c36034d7c9cf0b25,7,0.40859169706137766
90401-0,all_pairs,candidate_pool_02,1.0,mask_6a56eb1c10f15cf8,7,0.97908114983287
90401-0,all_pairs,candidate_pool_02,1.5,mask_053a16108482e172,6,1.3615752373740797
90401-0,all_pairs,candidate_pool_03,0.5,mask_e3bfff07ca1cabef,9,0.5009061994901125
90401-0,all_pairs,candidate_pool_03,1.0,mask_30716df5e75daa97,7,0.9714886956889004
90401-0,all_pairs,candidate_pool_03,1.5,mask_0f1c886d2bd569f0,7,1.1071712027819847
90401-0,all_pairs,candidate_pool_04,0.5,mask_d1786933297085c0,4,0.4730203931901921
90401-0,all_pairs,candidate_pool_04,1.0,mask_ee5fb6904843b482,6,1.004843616653375
90401-0,all_pairs,candidate_pool_04,1.5,mask_cafa56ef6c77bde9,10,1.3077386544430631
90401-0,all_pairs,candidate_pool_05,0.5,mask_22c097f7c153bb13,9,0.39972286957734765
90401-0,all_pairs,candidate_pool_05,1.0,mask_cf672502900b1ca1,10,0.9997067607376159
90401-0,all_pairs,candidate_pool_05,1.5,mask_290a3cb1caf906c3,10,1.4768178812848098
90401-0,all_pairs,candidate_pool_06,0.5,mask_382e0bf880e4af69,5,0.4867671736185638
90401-0,all_pairs,candidate_pool_06,1.0,mask_5bf7af84e459f7ba,10,1.0247566691166097
90401-0,all_pairs,candidate_pool_06,1.5,mask_c22a533faf194bc5,7,1.3684537120735594
90401-0,all_pairs,candidate_pool_07,0.5,mask_6c3e3315afb6fb8c,4,0.555497619952995
90401-0,all_pairs,candidate_pool_07,1.0,mask_2261c8e54842bff6,8,0.9361091763155306
90401-0,all_pairs,candidate_pool_07,1.5,mask_83fe021aaca96bf0,5,1.4556909544312102
90401-0,all_pairs,candidate_pool_08,0.5,mask_bda88699e1e7badf,7,0.43882496028637463
90401-0,all_pairs,candidate_pool_08,1.0,mask_77740b198a0b3a94,6,0.9919912519686822
90401-0,all_pairs,candidate_pool_08,1.5,mask_1ee94a6fab0d1183,8,1.3979045541134976
90401-0,all_pairs,candidate_pool_09,0.5,mask_99b322f566a2bc85,6,0.568922038462779
90401-0,all_pairs,candidate_pool_09,1.0,mask_6000c95aa8146da6,7,0.9597903366321746
90401-0,all_pairs,candidate_pool_09,1.5,mask_ea7ded36b0b6aa15,8,1.5640173230433698
90401-0,atp_raw,candidate_pool_00,0.5,mask_bfa108de38e6d58f,6,0.3845802408771867
90401-0,atp_raw,candidate_pool_00,1.0,mask_b611eb15c1cbe033,4,0.9773646932134921
90401-0,atp_raw,candidate_pool_00,1.5,mask_153f1c2a9e066490,6,1.7472896244020222
90401-0,atp_raw,candidate_pool_01,0.5,mask_3cd97f4a74d408b8,10,0.5564554135483553
90401-0,atp_raw,candidate_pool_01,1.0,mask_d34cab07e9bf4ded,4,1.1614716421178684
90401-0,atp_raw,candidate_pool_01,1.5,mask_4d3f046ece5f8214,9,1.5217026814848107
90401-0,atp_raw,candidate_pool_02,0.5,mask_8539d49577e1ed9d,9,0.48512375881855796
90401-0,atp_raw,candidate_pool_02,1.0,mask_3c9ed4cc352cbb27,5,0.9370799122497123
90401-0,atp_raw,candidate_pool_02,1.5,mask_267196af5474f7ae,8,1.1207087559506614
90401-0,atp_raw,candidate_pool_03,0.5,mask_e3bfff07ca1cabef,9,0.5987069497746911
90401-0,atp_raw,candidate_pool_03,1.0,mask_dc2e11f8d6ea9e67,6,1.1146275863606248
90401-0,atp_raw,candidate_pool_03,1.5,mask_0f1c886d2bd569f0,7,1.4718199159623064
90401-0,atp_raw,candidate_pool_04,0.5,mask_5d6868f3c7cf99b3,6,0.40407345280982554
90401-0,atp_raw,candidate_pool_04,1.0,mask_8b7737474604b389,8,0.8439734563667407
90401-0,atp_raw,candidate_pool_04,1.5,mask_6d2e3876c8f68db8,9,1.163512135969792
90401-0,atp_raw,candidate_pool_05,0.5,mask_0ea1a19911258943,4,0.501534608252188
90401-0,atp_raw,candidate_pool_05,1.0,mask_f5d21a1898de9318,7,1.3507089772549001
90401-0,atp_raw,candidate_pool_05,1.5,mask_de24099fc59a002a,4,1.4968628645329638
90401-0,atp_raw,candidate_pool_06,0.5,mask_72750b59b18d6c0c,4,0.5070998014515623
90401-0,atp_raw,candidate_pool_06,1.0,mask_8a4903df460893e2,6,1.0554786816516772
90401-0,atp_raw,candidate_pool_06,1.5,mask_8a4903df460893e2,6,1.0554786816516772
90401-0,atp_raw,candidate_pool_07,0.5,mask_21e5e4333c6fc40a,6,0.5876827056301718
90401-0,atp_raw,candidate_pool_07,1.0,mask_83fe021aaca96bf0,5,1.3996430836726932
90401-0,atp_raw,candidate_pool_07,1.5,mask_73324c4014b4a4c2,4,1.5371428453066247
90401-0,atp_raw,candidate_pool_08,0.5,mask_331502b1b3b7fde3,6,0.5193273701923009
90401-0,atp_raw,candidate_pool_08,1.0,mask_a9f1de05a2b5cc89,7,0.975377034747656
90401-0,atp_raw,candidate_pool_08,1.5,mask_a9f1de05a2b5cc89,7,0.975377034747656
90401-0,atp_raw,candidate_pool_09,0.5,mask_ea7ded36b0b6aa15,8,0.5067481502959938
90401-0,atp_raw,candidate_pool_09,1.0,mask_6c66643ec3bf086c,6,1.4653714224646623
90401-0,atp_raw,candidate_pool_09,1.5,mask_6c66643ec3bf086c,6,1.4653714224646623
90401-0,atp_calibrated,candidate_pool_00,0.5,mask_ff6985d2961f695d,9,0.6663184582083953
90401-0,atp_calibrated,candidate_pool_00,1.0,mask_b55f4fdddb0ed7df,7,0.9775308084108946
90401-0,atp_calibrated,candidate_pool_00,1.5,mask_153f1c2a9e066490,6,1.4659529987140634
90401-0,atp_calibrated,candidate_pool_01,0.5,mask_69b8a0bd055bae3b,8,0.5049592509221406
90401-0,atp_calibrated,candidate_pool_01,1.0,mask_d34cab07e9bf4ded,4,0.9744594215551081
90401-0,atp_calibrated,candidate_pool_01,1.5,mask_c6f04107d7ae9b56,9,1.6502716131981015
90401-0,atp_calibrated,candidate_pool_02,0.5,mask_053a16108482e172,6,0.5261576573323529
90401-0,atp_calibrated,candidate_pool_02,1.0,mask_267196af5474f7ae,8,0.9402598965430441
90401-0,atp_calibrated,candidate_pool_02,1.5,mask_267196af5474f7ae,8,0.9402598965430441
90401-0,atp_calibrated,candidate_pool_03,0.5,mask_e3bfff07ca1cabef,9,0.5023072512512212
90401-0,atp_calibrated,candidate_pool_03,1.0,mask_dc2e11f8d6ea9e67,6,0.9351578752915564
90401-0,atp_calibrated,candidate_pool_03,1.5,mask_0f1c886d2bd569f0,7,1.2348375388026638
90401-0,atp_calibrated,candidate_pool_04,0.5,mask_93f84412f1b2de39,7,0.5584909491755674
90401-0,atp_calibrated,candidate_pool_04,1.0,mask_6d2e3876c8f68db8,9,0.9761713690418384
90401-0,atp_calibrated,candidate_pool_04,1.5,mask_6d2e3876c8f68db8,9,0.9761713690418384
90401-0,atp_calibrated,candidate_pool_05,0.5,mask_0ea1a19911258943,4,0.42078093560350405
90401-0,atp_calibrated,candidate_pool_05,1.0,mask_f5d21a1898de9318,7,1.133227055173793
90401-0,atp_calibrated,candidate_pool_05,1.5,mask_de24099fc59a002a,4,1.2558482430620457
90401-0,atp_calibrated,candidate_pool_06,0.5,mask_f2b097d9ab973b9b,7,0.49172774501694505
90401-0,atp_calibrated,candidate_pool_06,1.0,mask_8a4903df460893e2,6,0.8855327227022088
90401-0,atp_calibrated,candidate_pool_06,1.5,mask_8a4903df460893e2,6,0.8855327227022088
90401-0,atp_calibrated,candidate_pool_07,0.5,mask_21e5e4333c6fc40a,6,0.49305805550455456
90401-0,atp_calibrated,candidate_pool_07,1.0,mask_83fe021aaca96bf0,5,1.1742821264342929
90401-0,atp_calibrated,candidate_pool_07,1.5,mask_d43daec0a2f27dc1,8,1.4141240143336613
90401-0,atp_calibrated,candidate_pool_08,0.5,mask_1f36ab0e18336a51,6,0.503974870544393
90401-0,atp_calibrated,candidate_pool_08,1.0,mask_a9f1de05a2b5cc89,7,0.8183284951711998
90401-0,atp_calibrated,candidate_pool_08,1.5,mask_a9f1de05a2b5cc89,7,0.8183284951711998
90401-0,atp_calibrated,candidate_pool_09,0.5,mask_ea7ded36b0b6aa15,8,0.42515502876259015
90401-0,atp_calibrated,candidate_pool_09,1.0,mask_6c66643ec3bf086c,6,1.2294273376270604
90401-0,atp_calibrated,candidate_pool_09,1.5,mask_6c66643ec3bf086c,6,1.2294273376270604
90401-1,additive,candidate_pool_00,0.5,mask_7c8b926f287bec49,4,0.506440762367701
90401-1,additive,candidate_pool_00,1.0,mask_b611eb15c1cbe033,4,1.1600931188113945
90401-1,additive,candidate_pool_00,1.5,mask_ff6985d2961f695d,9,1.474298421527194
90401-1,additive,candidate_pool_01,0.5,mask_304d12adafdb81c3,6,0.4978303039954238
90401-1,additive,candidate_pool_01,1.0,mask_16dc2167f216f5a8,5,1.0170874025096777
90401-1,additive,candidate_pool_01,1.5,mask_69b8a0bd055bae3b,8,1.5523748442876613
90401-1,additive,candidate_pool_02,0.5,mask_c36034d7c9cf0b25,7,0.451866065329194
90401-1,additive,candidate_pool_02,1.0,mask_6a56eb1c10f15cf8,7,1.0202292845539125
90401-1,additive,candidate_pool_02,1.5,mask_c7772d470875866f,4,1.4501115184789224
90401-1,additive,candidate_pool_03,0.5,mask_aedb2c503c8eced2,5,0.48799426128267065
90401-1,additive,candidate_pool_03,1.0,mask_5b90a18db67578c0,5,0.936903608594989
90401-1,additive,candidate_pool_03,1.5,mask_dc2e11f8d6ea9e67,6,1.4768007613854839
90401-1,additive,candidate_pool_04,0.5,mask_8f5eca4cbcfcb5db,6,0.5230633093818198
90401-1,additive,candidate_pool_04,1.0,mask_5d6868f3c7cf99b3,6,1.020399955792982
90401-1,additive,candidate_pool_04,1.5,mask_8b7737474604b389,8,1.6863166399066365
90401-1,additive,candidate_pool_05,0.5,mask_ae737f6731edb34d,7,0.5858078609481692
90401-1,additive,candidate_pool_05,1.0,mask_62191f28479b805a,7,0.8385966357254141
90401-1,additive,candidate_pool_05,1.5,mask_de24099fc59a002a,4,1.440018607075363
90401-1,additive,candidate_pool_06,0.5,mask_8da4b6178fa2b73e,7,0.5612836119900448
90401-1,additive,candidate_pool_06,1.0,mask_ba28cb4fde59866a,9,1.0510077852613082
90401-1,additive,candidate_pool_06,1.5,mask_8a4903df460893e2,6,1.4560489657538402
90401-1,additive,candidate_pool_07,0.5,mask_9401c6bc69ed4d22,10,0.5419412060719113
90401-1,additive,candidate_pool_07,1.0,mask_2261c8e54842bff6,8,0.9014348129613452
90401-1,additive,candidate_pool_07,1.5,mask_83fe021aaca96bf0,5,1.6012588919724182
90401-1,additive,candidate_pool_08,0.5,mask_bda88699e1e7badf,7,0.5892508525631355
90401-1,additive,candidate_pool_08,1.0,mask_1f36ab0e18336a51,6,1.016916731270608
90401-1,additive,candidate_pool_08,1.5,mask_a9f1de05a2b5cc89,7,1.3858835175230357
90401-1,additive,candidate_pool_09,0.5,mask_99b322f566a2bc85,6,0.5830430282650897
90401-1,additive,candidate_pool_09,1.0,mask_6000c95aa8146da6,7,0.9289364937322124
90401-1,additive,candidate_pool_09,1.5,mask_ea7ded36b0b6aa15,8,1.4492694153591918
90401-1,all_pairs,candidate_pool_00,0.5,mask_b611eb15c1cbe033,4,0.4514396763750266
90401-1,all_pairs,candidate_pool_00,1.0,mask_a096a397a7d70275,7,0.9859564301595777
90401-1,all_pairs,candidate_pool_00,1.5,mask_153f1c2a9e066490,6,1.602198284209876
90401-1,all_pairs,candidate_pool_01,0.5,mask_d4041af54a719d70,7,0.5719506100277671
90401-1,all_pairs,candidate_pool_01,1.0,mask_76f706be2ab175f0,7,1.026374859367772
90401-1,all_pairs,candidate_pool_01,1.5,mask_88feb37e4997bcb0,7,1.5261488446887252
90401-1,all_pairs,candidate_pool_02,0.5,mask_a0046e43df20ac57,5,0.5172587612500755
90401-1,all_pairs,candidate_pool_02,1.0,mask_6a56eb1c10f15cf8,7,1.1154876927235247
90401-1,all_pairs,candidate_pool_02,1.5,mask_053a16108482e172,6,1.275546065235426
90401-1,all_pairs,candidate_pool_03,0.5,mask_66e7ba4230023a63,10,0.46516814778795224
90401-1,all_pairs,candidate_pool_03,1.0,mask_30716df5e75daa97,7,0.8923492211382781
90401-1,all_pairs,candidate_pool_03,1.5,mask_0f1c886d2bd569f0,7,1.1711912980880854
90401-1,all_pairs,candidate_pool_04,0.5,mask_8f5eca4cbcfcb5db,6,0.5210940965979787
90401-1,all_pairs,candidate_pool_04,1.0,mask_5d6868f3c7cf99b3,6,0.9965427624673341
90401-1,all_pairs,candidate_pool_04,1.5,mask_cafa56ef6c77bde9,10,1.4226296041982027
90401-1,all_pairs,candidate_pool_05,0.5,mask_22c097f7c153bb13,9,0.5760507945480516
90401-1,all_pairs,candidate_pool_05,1.0,mask_cf672502900b1ca1,10,0.9644020396655489
90401-1,all_pairs,candidate_pool_05,1.5,mask_290a3cb1caf906c3,10,1.5328005966926277
90401-1,all_pairs,candidate_pool_06,0.5,mask_382e0bf880e4af69,5,0.5104149727152849
90401-1,all_pairs,candidate_pool_06,1.0,mask_f16ce08b0ff70796,6,1.0964103684586672
90401-1,all_pairs,candidate_pool_06,1.5,mask_c22a533faf194bc5,7,1.2769441629509979
90401-1,all_pairs,candidate_pool_07,0.5,mask_21e5e4333c6fc40a,6,0.46923407877584533
90401-1,all_pairs,candidate_pool_07,1.0,mask_2261c8e54842bff6,8,0.9590197819582651
90401-1,all_pairs,candidate_pool_07,1.5,mask_83fe021aaca96bf0,5,1.4554963983471636
90401-1,all_pairs,candidate_pool_08,0.5,mask_3fd358a395ddfdd8,7,0.4935925493075949
90401-1,all_pairs,candidate_pool_08,1.0,mask_77740b198a0b3a94,6,0.9496583924744799
90401-1,all_pairs,candidate_pool_08,1.5,mask_1ee94a6fab0d1183,8,1.4279223343677412
90401-1,all_pairs,candidate_pool_09,0.5,mask_4be83a97da997236,8,0.513879806896914
90401-1,all_pairs,candidate_pool_09,1.0,mask_6000c95aa8146da6,7,0.9243824622988308
90401-1,all_pairs,candidate_pool_09,1.5,mask_527fb4485b283af0,10,1.4959621327730783
90401-1,atp_raw,candidate_pool_00,0.5,mask_56ee0c60e1cde4b8,5,0.5120097526957338
90401-1,atp_raw,candidate_pool_00,1.0,mask_b611eb15c1cbe033,4,0.9511746187903444
90401-1,atp_raw,candidate_pool_00,1.5,mask_153f1c2a9e066490,6,1.7172662428466188
90401-1,atp_raw,candidate_pool_01,0.5,mask_3cd97f4a74d408b8,10,0.5745799918896615
90401-1,atp_raw,candidate_pool_01,1.0,mask_16dc2167f216f5a8,5,1.0062068378153657
90401-1,atp_raw,candidate_pool_01,1.5,mask_261f2ebd1f8a4eaa,5,1.513711307188306
90401-1,atp_raw,candidate_pool_02,0.5,mask_8539d49577e1ed9d,9,0.5120433111323464
90401-1,atp_raw,candidate_pool_02,1.0,mask_3c9ed4cc352cbb27,5,0.9071456986450952
90401-1,atp_raw,candidate_pool_02,1.5,mask_267196af5474f7ae,8,1.2645084308175256
90401-1,atp_raw,candidate_pool_03,0.5,mask_5b90a18db67578c0,5,0.41017556603408745
90401-1,atp_raw,candidate_pool_03,1.0,mask_e3bfff07ca1cabef,9,0.8378868734093422
90401-1,atp_raw,candidate_pool_03,1.5,mask_0f1c886d2bd569f0,7,1.4934033113341703
90401-1,atp_raw,candidate_pool_04,0.5,mask_5d6868f3c7cf99b3,6,0.4823250327430362
90401-1,atp_raw,candidate_pool_04,1.0,mask_8b7737474604b389,8,0.79799322859023
90401-1,atp_raw,candidate_pool_04,1.5,mask_6d2e3876c8f68db8,9,1.3171718225538807
90401-1,atp_raw,candidate_pool_05,0.5,mask_0ea1a19911258943,4,0.47813604435674384
90401-1,atp_raw,candidate_pool_05,1.0,mask_de24099fc59a002a,4,1.379536029749683
90401-1,atp_raw,candidate_pool_05,1.5,mask_f5d21a1898de9318,7,1.4050678007390198
90401-1,atp_raw,candidate_pool_06,0.5,mask_72750b59b18d6c0c,4,0.5243286539857485
90401-1,atp_raw,candidate_pool_06,1.0,mask_8a4903df460893e2,6,0.9873359618394884
90401-1,atp_raw,candidate_pool_06,1.5,mask_8a4903df460893e2,6,0.9873359618394884
90401-1,atp_raw,candidate_pool_07,0.5,mask_c4774bd021c06295,7,0.26264860863056105
90401-1,atp_raw,candidate_pool_07,1.0,mask_21e5e4333c6fc40a,6,0.7474876853485345
90401-1,atp_raw,candidate_pool_07,1.5,mask_73324c4014b4a4c2,4,1.5102692708962273
90401-1,atp_raw,candidate_pool_08,0.5,mask_331502b1b3b7fde3,6,0.5590732596453507
90401-1,atp_raw,candidate_pool_08,1.0,mask_a842b06af7760b08,4,0.9614835556748569
90401-1,atp_raw,candidate_pool_08,1.5,mask_a842b06af7760b08,4,0.9614835556748569
90401-1,atp_raw,candidate_pool_09,0.5,mask_a3021efcfb81527e,5,0.536564181007597
90401-1,atp_raw,candidate_pool_09,1.0,mask_6c66643ec3bf086c,6,1.3406513286374357
90401-1,atp_raw,candidate_pool_09,1.5,mask_6c66643ec3bf086c,6,1.3406513286374357
90401-1,atp_calibrated,candidate_pool_00,0.5,mask_bfa108de38e6d58f,6,0.5071083922798822
90401-1,atp_calibrated,candidate_pool_00,1.0,mask_714aefc72a94a0e9,5,1.0039470505730277
90401-1,atp_calibrated,candidate_pool_00,1.5,mask_153f1c2a9e066490,6,1.4705168864568774
90401-1,atp_calibrated,candidate_pool_01,0.5,mask_3cd97f4a74d408b8,10,0.49202014202143113
90401-1,atp_calibrated,candidate_pool_01,1.0,mask_d34cab07e9bf4ded,4,1.0743506293632656
90401-1,atp_calibrated,candidate_pool_01,1.5,mask_88feb37e4997bcb0,7,1.4541974502335102
90401-1,atp_calibrated,candidate_pool_02,0.5,mask_ab59149b00e47e01,7,0.5116291514129147
90401-1,atp_calibrated,candidate_pool_02,1.0,mask_c7772d470875866f,4,1.0405549092900628
90401-1,atp_calibrated,candidate_pool_02,1.5,mask_267196af5474f7ae,8,1.0828146237253806
90401-1,atp_calibrated,candidate_pool_03,0.5,mask_5b90a18db67578c0,5,0.3512385448544609
90401-1,atp_calibrated,candidate_pool_03,1.0,mask_dc2e11f8d6ea9e67,6,1.0853844424182615
90401-1,atp_calibrated,candidate_pool_03,1.5,mask_0f1c886d2bd569f0,7,1.2788202160005202
90401-1,atp_calibrated,candidate_pool_04,0.5,mask_93f84412f1b2de39,7,0.5176809586596235
90401-1,atp_calibrated,candidate_pool_04,1.0,mask_6d2e3876c8f68db8,9,1.1279109546926926
90401-1,atp_calibrated,candidate_pool_04,1.5,mask_6d2e3876c8f68db8,9,1.1279109546926926
90401-1,atp_calibrated,candidate_pool_05,0.5,mask_0ea1a19911258943,4,0.40943396528006276
90401-1,atp_calibrated,candidate_pool_05,1.0,mask_de24099fc59a002a,4,1.1813142171011495
90401-1,atp_calibrated,candidate_pool_05,1.5,mask_f5d21a1898de9318,7,1.2031773967550705
90401-1,atp_calibrated,candidate_pool_06,0.5,mask_72750b59b18d6c0c,4,0.44898928337468913
90401-1,atp_calibrated,candidate_pool_06,1.0,mask_8a4903df460893e2,6,0.8454683195101912
90401-1,atp_calibrated,candidate_pool_06,1.5,mask_8a4903df460893e2,6,0.8454683195101912
90401-1,atp_calibrated,candidate_pool_07,0.5,mask_21e5e4333c6fc40a,6,0.6400831951960531
90401-1,atp_calibrated,candidate_pool_07,1.0,mask_83fe021aaca96bf0,5,1.2395429355211542
90401-1,atp_calibrated,candidate_pool_07,1.5,mask_d43daec0a2f27dc1,8,1.4932324107619246
90401-1,atp_calibrated,candidate_pool_08,0.5,mask_331502b1b3b7fde3,6,0.47874153032449057
90401-1,atp_calibrated,candidate_pool_08,1.0,mask_a842b06af7760b08,4,0.823330575884826
90401-1,atp_calibrated,candidate_pool_08,1.5,mask_a842b06af7760b08,4,0.823330575884826
90401-1,atp_calibrated,candidate_pool_09,0.5,mask_2d90e84a12b72772,4,0.46928871249277365
90401-1,atp_calibrated,candidate_pool_09,1.0,mask_6c66643ec3bf086c,6,1.1480167538518848
90401-1,atp_calibrated,candidate_pool_09,1.5,mask_6c66643ec3bf086c,6,1.1480167538518848
90402-0,additive,candidate_pool_00,0.5,mask_56ee0c60e1cde4b8,5,0.4755758706491201
90402-0,additive,candidate_pool_00,1.0,mask_b611eb15c1cbe033,4,1.1993677333163413
90402-0,additive,candidate_pool_00,1.5,mask_714aefc72a94a0e9,5,1.5116188187738087
90402-0,additive,candidate_pool_01,0.5,mask_625dbe9e05728352,8,0.5869490287378961
90402-0,additive,candidate_pool_01,1.0,mask_3507ab216f864cbe,4,0.9959958690330939
90402-0,additive,candidate_pool_01,1.5,mask_69b8a0bd055bae3b,8,1.3358468023037209
90402-0,additive,candidate_pool_02,0.5,mask_a0046e43df20ac57,5,0.587528296681026
90402-0,additive,candidate_pool_02,1.0,mask_4069015a4c8c7628,4,1.034129848638456
90402-0,additive,candidate_pool_02,1.5,mask_8539d49577e1ed9d,9,1.5688504798967635
90402-0,additive,candidate_pool_03,0.5,mask_8e19964bc0ea5bd6,8,0.4127719191969188
90402-0,additive,candidate_pool_03,1.0,mask_30716df5e75daa97,7,0.9825384815706597
90402-0,additive,candidate_pool_03,1.5,mask_dc2e11f8d6ea9e67,6,1.4142731685707743
90402-0,additive,candidate_pool_04,0.5,mask_cafa56ef6c77bde9,10,0.5069885812762108
90402-0,additive,candidate_pool_04,1.0,mask_ee5fb6904843b482,6,1.0348749225969138
90402-0,additive,candidate_pool_04,1.5,mask_8b7737474604b389,8,1.6595918752733152
90402-0,additive,candidate_pool_05,0.5,mask_ae737f6731edb34d,7,0.5463867155016755
90402-0,additive,candidate_pool_05,1.0,mask_62191f28479b805a,7,0.8397190982277063
90402-0,additive,candidate_pool_05,1.5,mask_de24099fc59a002a,4,1.5119123338692013
90402-0,additive,candidate_pool_06,0.5,mask_f2b097d9ab973b9b,7,0.49024644018185015
90402-0,additive,candidate_pool_06,1.0,mask_f16ce08b0ff70796,6,0.9970311111873874
90402-0,additive,candidate_pool_06,1.5,mask_8a4903df460893e2,6,1.491628080968327
90402-0,additive,candidate_pool_07,0.5,mask_6c3e3315afb6fb8c,4,0.6572403651982457
90402-0,additive,candidate_pool_07,1.0,mask_c4774bd021c06295,7,0.9197397329708767
90402-0,additive,candidate_pool_07,1.5,mask_83fe021aaca96bf0,5,1.4993900141988787
90402-0,additive,candidate_pool_08,0.5,mask_8dc1386ad4524dcb,5,0.5780150067272223
90402-0,additive,candidate_pool_08,1.0,mask_a842b06af7760b08,4,0.9879052574831166
90402-0,additive,candidate_pool_08,1.5,mask_a9f1de05a2b5cc89,7,1.4681406036064468
90402-0,additive,candidate_pool_09,0.5,mask_2d90e84a12b72772,4,0.4824891905665568
90402-0,additive,candidate_pool_09,1.0,mask_6000c95aa8146da6,7,0.9530877908523424
90402-0,additive,candidate_pool_09,1.5,mask_ea7ded36b0b6aa15,8,1.4416361852290658
90402-0,all_pairs,candidate_pool_00,0.5,mask_ffe0389c017216d1,4,0.5177089270962663
90402-0,all_pairs,candidate_pool_00,1.0,mask_b55f4fdddb0ed7df,7,0.9967878222153586
90402-0,all_pairs,candidate_pool_00,1.5,mask_153f1c2a9e066490,6,1.5371252931467314
90402-0,all_pairs,candidate_pool_01,0.5,mask_d34cab07e9bf4ded,4,0.5199361478113469
90402-0,all_pairs,candidate_pool_01,1.0,mask_76f706be2ab175f0,7,0.8615245910963806
90402-0,all_pairs,candidate_pool_01,1.5,mask_3cd97f4a74d408b8,10,1.502760759145523
90402-0,all_pairs,candidate_pool_02,0.5,mask_a0046e43df20ac57,5,0.5502090510566156
90402-0,all_pairs,candidate_pool_02,1.0,mask_267196af5474f7ae,8,1.0041126515059997
90402-0,all_pairs,candidate_pool_02,1.5,mask_8539d49577e1ed9d,9,1.6337831332886537
90402-0,all_pairs,candidate_pool_03,0.5,mask_e3bfff07ca1cabef,9,0.5199350530353292
90402-0,all_pairs,candidate_pool_03,1.0,mask_30716df5e75daa97,7,0.9409879867718631
90402-0,all_pairs,candidate_pool_03,1.5,mask_0f1c886d2bd569f0,7,1.0657373437052853
90402-0,all_pairs,candidate_pool_04,0.5,mask_8eaaf64cc1220873,7,0.5296961751461708
90402-0,all_pairs,candidate_pool_04,1.0,mask_ee5fb6904843b482,6,0.9427398647424723
90402-0,all_pairs,candidate_pool_04,1.5,mask_8b7737474604b389,8,1.626767696746525
90402-0,all_pairs,candidate_pool_05,0.5,mask_ae737f6731edb34d,7,0.5570393852508639
90402-0,all_pairs,candidate_pool_05,1.0,mask_111b2c86496d6209,10,1.0511934770640576
90402-0,all_pairs,candidate_pool_05,1.5,mask_290a3cb1caf906c3,10,1.402005638258204
90402-0,all_pairs,candidate_pool_06,0.5,mask_f2b097d9ab973b9b,7,0.5096910848062457
90402-0,all_pairs,candidate_pool_06,1.0,mask_5bf7af84e459f7ba,10,0.9800428955917585
90402-0,all_pairs,candidate_pool_06,1.5,mask_c22a533faf194bc5,7,1.2451508604681982
90402-0,all_pairs,candidate_pool_07,0.5,mask_6c3e3315afb6fb8c,4,0.4880713380137541
90402-0,all_pairs,candidate_pool_07,1.0,mask_9401c6bc69ed4d22,10,1.0194641957017865
90402-0,all_pairs,candidate_pool_07,1.5,mask_d43daec0a2f27dc1,8,1.610161139362254
90402-0,all_pairs,candidate_pool_08,0.5,mask_248e15522b401ece,8,0.6089767069918608
90402-0,all_pairs,candidate_pool_08,1.0,mask_0483c7c3a82ced7e,6,0.9914202609595995
90402-0,all_pairs,candidate_pool_08,1.5,mask_1ee94a6fab0d1183,8,1.3658572685264123
90402-0,all_pairs,candidate_pool_09,0.5,mask_99b322f566a2bc85,6,0.4185481519969687
90402-0,all_pairs,candidate_pool_09,1.0,mask_6000c95aa8146da6,7,0.9399622633682612
90402-0,all_pairs,candidate_pool_09,1.5,mask_527fb4485b283af0,10,1.4391593312940325
90402-0,atp_raw,candidate_pool_00,0.5,mask_56ee0c60e1cde4b8,5,0.45268623132698144
90402-0,atp_raw,candidate_pool_00,1.0,mask_b611eb15c1cbe033,4,1.0853403902957948
90402-0,atp_raw,candidate_pool_00,1.5,mask_a096a397a7d70275,7,1.2824905646567264
90402-0,atp_raw,candidate_pool_01,0.5,mask_3cd97f4a74d408b8,10,0.5243149183512652
90402-0,atp_raw,candidate_pool_01,1.0,mask_16dc2167f216f5a8,5,0.8909396380970902
90402-0,atp_raw,candidate_pool_01,1.5,mask_4d3f046ece5f8214,9,1.5396999581298383
90402-0,atp_raw,candidate_pool_02,0.5,mask_ab59149b00e47e01,7,0.5112584287593703
90402-0,atp_raw,candidate_pool_02,1.0,mask_3c9ed4cc352cbb27,5,0.9759334149257688
90402-0,atp_raw,candidate_pool_02,1.5,mask_267196af5474f7ae,8,1.2945663957762417
90402-0,atp_raw,candidate_pool_03,0.5,mask_438eb8e7551c3dd4,4,0.4001728519064824
90402-0,atp_raw,candidate_pool_03,1.0,mask_e3bfff07ca1cabef,9,0.7848403508712148
90402-0,atp_raw,candidate_pool_03,1.5,mask_0f1c886d2bd569f0,7,1.5595196608108663
90402-0,atp_raw,candidate_pool_04,0.5,mask_5d6868f3c7cf99b3,6,0.42293120727591793
90402-0,atp_raw,candidate_pool_04,1.0,mask_ee5fb6904843b482,6,0.8338232032504728
90402-0,atp_raw,candidate_pool_04,1.5,mask_6d2e3876c8f68db8,9,1.268554563231222
90402-0,atp_raw,candidate_pool_05,0.5,mask_0ea1a19911258943,4,0.480371400379063
90402-0,atp_raw,candidate_pool_05,1.0,mask_f5d21a1898de9318,7,1.4203984387522415
90402-0,atp_raw,candidate_pool_05,1.5,mask_de24099fc59a002a,4,1.5577772443517621
90402-0,atp_raw,candidate_pool_06,0.5,mask_72750b59b18d6c0c,4,0.48348921286779334
90402-0,atp_raw,candidate_pool_06,1.0,mask_25276dd47f8ef77c,4,0.9401621400860003
90402-0,atp_raw,candidate_pool_06,1.5,mask_8a4903df460893e2,6,1.1084829187229945
90402-0,atp_raw,candidate_pool_07,0.5,mask_c4774bd021c06295,7,0.3203539668394022
90402-0,atp_raw,candidate_pool_07,1.0,mask_21e5e4333c6fc40a,6,0.7169079842422617
90402-0,atp_raw,candidate_pool_07,1.5,mask_83fe021aaca96bf0,5,1.417304634184608
90402-0,atp_raw,candidate_pool_08,0.5,mask_331502b1b3b7fde3,6,0.5680653243901186
90402-0,atp_raw,candidate_pool_08,1.0,mask_a842b06af7760b08,4,0.9856229456758985
90402-0,atp_raw,candidate_pool_08,1.5,mask_a9f1de05a2b5cc89,7,1.0504816329117153
90402-0,atp_raw,candidate_pool_09,0.5,mask_a3021efcfb81527e,5,0.500601478302956
90402-0,atp_raw,candidate_pool_09,1.0,mask_6c66643ec3bf086c,6,1.4604902331968455
90402-0,atp_raw,candidate_pool_09,1.5,mask_6c66643ec3bf086c,6,1.4604902331968455
90402-0,atp_calibrated,candidate_pool_00,0.5,mask_bfa108de38e6d58f,6,0.4959756744583222
90402-0,atp_calibrated,candidate_pool_00,1.0,mask_714aefc72a94a0e9,5,1.0186113639995913
90402-0,atp_calibrated,candidate_pool_00,1.5,mask_153f1c2a9e066490,6,1.560000032180165
90402-0,atp_calibrated,candidate_pool_01,0.5,mask_69b8a0bd055bae3b,8,0.534205783667954
90402-0,atp_calibrated,candidate_pool_01,1.0,mask_d34cab07e9bf4ded,4,1.0339989487129255
90402-0,atp_calibrated,candidate_pool_01,1.5,mask_88feb37e4997bcb0,7,1.4024625531623751
90402-0,atp_calibrated,candidate_pool_02,0.5,mask_053a16108482e172,6,0.5199512228180349
90402-0,atp_calibrated,candidate_pool_02,1.0,mask_c7772d470875866f,4,1.0319188583342693
90402-0,atp_calibrated,candidate_pool_02,1.5,mask_267196af5474f7ae,8,1.097119336261875
90402-0,atp_calibrated,candidate_pool_03,0.5,mask_aedb2c503c8eced2,5,0.5843259700896825
90402-0,atp_calibrated,candidate_pool_03,1.0,mask_dc2e11f8d6ea9e67,6,1.0924173078931392
90402-0,atp_calibrated,candidate_pool_03,1.5,mask_0f1c886d2bd569f0,7,1.3216619717138827
90402-0,atp_calibrated,candidate_pool_04,0.5,mask_93f84412f1b2de39,7,0.512761032425632
90402-0,atp_calibrated,candidate_pool_04,1.0,mask_6d2e3876c8f68db8,9,1.075074824253949
90402-0,atp_calibrated,candidate_pool_04,1.5,mask_6d2e3876c8f68db8,9,1.075074824253949
90402-0,atp_calibrated,candidate_pool_05,0.5,mask_0ea1a19911258943,4,0.4071052312670707
90402-0,atp_calibrated,candidate_pool_05,1.0,mask_f5d21a1898de9318,7,1.2037594961800737
90402-0,atp_calibrated,candidate_pool_05,1.5,mask_de24099fc59a002a,4,1.3201853083342823
90402-0,atp_calibrated,candidate_pool_06,0.5,mask_f2b097d9ab973b9b,7,0.5106435401240594
90402-0,atp_calibrated,candidate_pool_06,1.0,mask_8a4903df460893e2,6,0.9394172813498552
90402-0,atp_calibrated,candidate_pool_06,1.5,mask_8a4903df460893e2,6,0.9394172813498552
90402-0,atp_calibrated,candidate_pool_07,0.5,mask_21e5e4333c6fc40a,6,0.6075652932123975
90402-0,atp_calibrated,candidate_pool_07,1.0,mask_83fe021aaca96bf0,5,1.2011375581899943
90402-0,atp_calibrated,candidate_pool_07,1.5,mask_d43daec0a2f27dc1,8,1.5070575343615062
90402-0,atp_calibrated,candidate_pool_08,0.5,mask_8dc1386ad4524dcb,5,0.5087209749447635
90402-0,atp_calibrated,candidate_pool_08,1.0,mask_a9f1de05a2b5cc89,7,0.890262342368568
90402-0,atp_calibrated,candidate_pool_08,1.5,mask_a9f1de05a2b5cc89,7,0.890262342368568
90402-0,atp_calibrated,candidate_pool_09,0.5,mask_a3021efcfb81527e,5,0.42424982094343033
90402-0,atp_calibrated,candidate_pool_09,1.0,mask_6c66643ec3bf086c,6,1.2377364965518756
90402-0,atp_calibrated,candidate_pool_09,1.5,mask_6c66643ec3bf086c,6,1.2377364965518756
90402-1,additive,candidate_pool_00,0.5,mask_ffe0389c017216d1,4,0.5202254974445568
90402-1,additive,candidate_pool_00,1.0,mask_b611eb15c1cbe033,4,1.1067035084906194
90402-1,additive,candidate_pool_00,1.5,mask_ff6985d2961f695d,9,1.5812024211974995
90402-1,additive,candidate_pool_01,0.5,mask_d4041af54a719d70,7,0.5017305522734379
90402-1,additive,candidate_pool_01,1.0,mask_f78efa18c25e46d0,5,1.0044041164341517
90402-1,additive,candidate_pool_01,1.5,mask_d34cab07e9bf4ded,4,1.4646356873141173
90402-1,additive,candidate_pool_02,0.5,mask_318be3c54bb72e0d,6,0.5035552440695752
90402-1,additive,candidate_pool_02,1.0,mask_6a56eb1c10f15cf8,7,0.9959811733499588
90402-1,additive,candidate_pool_02,1.5,mask_3c9ed4cc352cbb27,5,1.4703743639051154
90402-1,additive,candidate_pool_03,0.5,mask_4887f05639551759,6,0.477301427456307
90402-1,additive,candidate_pool_03,1.0,mask_30716df5e75daa97,7,0.9409287086823276
90402-1,additive,candidate_pool_03,1.5,mask_dc2e11f8d6ea9e67,6,1.431025853118908
90402-1,additive,candidate_pool_04,0.5,mask_8f5eca4cbcfcb5db,6,0.4651036337414646
90402-1,additive,candidate_pool_04,1.0,mask_5d6868f3c7cf99b3,6,1.038281705792857
90402-1,additive,candidate_pool_04,1.5,mask_8b7737474604b389,8,1.7683701376080614
90402-1,additive,candidate_pool_05,0.5,mask_cf672502900b1ca1,10,0.3499727305897399
90402-1,additive,candidate_pool_05,1.0,mask_111b2c86496d6209,10,0.8945706893871228
90402-1,additive,candidate_pool_05,1.5,mask_de24099fc59a002a,4,1.4232507472524762
90402-1,additive,candidate_pool_06,0.5,mask_8da4b6178fa2b73e,7,0.5382256677612014
90402-1,additive,candidate_pool_06,1.0,mask_5bf7af84e459f7ba,10,0.9680246367273435
90402-1,additive,candidate_pool_06,1.5,mask_8a4903df460893e2,6,1.510132174665746
90402-1,additive,candidate_pool_07,0.5,mask_c9688ac3f4d96cac,5,0.39641407588020633
90402-1,additive,candidate_pool_07,1.0,mask_2261c8e54842bff6,8,0.9455069653290852
90402-1,additive,candidate_pool_07,1.5,mask_83fe021aaca96bf0,5,1.689543514979804
90402-1,additive,candidate_pool_08,0.5,mask_3fd358a395ddfdd8,7,0.4155747501141683
90402-1,additive,candidate_pool_08,1.0,mask_77740b198a0b3a94,6,0.9322380104346388
90402-1,additive,candidate_pool_08,1.5,mask_a9f1de05a2b5cc89,7,1.3624328377331447
90402-1,additive,candidate_pool_09,0.5,mask_2d90e84a12b72772,4,0.6064990312993601
90402-1,additive,candidate_pool_09,1.0,mask_6000c95aa8146da6,7,0.935036989342812
90402-1,additive,candidate_pool_09,1.5,mask_ea7ded36b0b6aa15,8,1.5497484406154494
90402-1,all_pairs,candidate_pool_00,0.5,mask_818493500a9903d5,10,0.4486832426539354
90402-1,all_pairs,candidate_pool_00,1.0,mask_a096a397a7d70275,7,0.9616037729323021
90402-1,all_pairs,candidate_pool_00,1.5,mask_153f1c2a9e066490,6,1.5878470059749723
90402-1,all_pairs,candidate_pool_01,0.5,mask_304d12adafdb81c3,6,0.5959836894431678
90402-1,all_pairs,candidate_pool_01,1.0,mask_76f706be2ab175f0,7,1.0064453800827198
90402-1,all_pairs,candidate_pool_01,1.5,mask_88feb37e4997bcb0,7,1.5731207840208228
90402-1,all_pairs,candidate_pool_02,0.5,mask_318be3c54bb72e0d,6,0.513781135324218
90402-1,all_pairs,candidate_pool_02,1.0,mask_267196af5474f7ae,8,1.06428281118861
90402-1,all_pairs,candidate_pool_02,1.5,mask_053a16108482e172,6,1.3497115921313552
90402-1,all_pairs,candidate_pool_03,0.5,mask_66e7ba4230023a63,10,0.5158270759020279
90402-1,all_pairs,candidate_pool_03,1.0,mask_30716df5e75daa97,7,0.9225459246952629
90402-1,all_pairs,candidate_pool_03,1.5,mask_0f1c886d2bd569f0,7,1.2038855988773651
90402-1,all_pairs,candidate_pool_04,0.5,mask_8f5eca4cbcfcb5db,6,0.4783003848283062
90402-1,all_pairs,candidate_pool_04,1.0,mask_ee5fb6904843b482,6,1.006268929554636
90402-1,all_pairs,candidate_pool_04,1.5,mask_cafa56ef6c77bde9,10,1.493879661947409
90402-1,all_pairs,candidate_pool_05,0.5,mask_22c097f7c153bb13,9,0.6179970680012257
90402-1,all_pairs,candidate_pool_05,1.0,mask_cf672502900b1ca1,10,1.073052455899722
90402-1,all_pairs,candidate_pool_05,1.5,mask_290a3cb1caf906c3,10,1.5947265777831994
90402-1,all_pairs,candidate_pool_06,0.5,mask_8da4b6178fa2b73e,7,0.5165184074779484
90402-1,all_pairs,candidate_pool_06,1.0,mask_2322491b9dd809d6,5,1.0156529840823496
90402-1,all_pairs,candidate_pool_06,1.5,mask_c22a533faf194bc5,7,1.3879296147809974
90402-1,all_pairs,candidate_pool_07,0.5,mask_21e5e4333c6fc40a,6,0.5100831545250714
90402-1,all_pairs,candidate_pool_07,1.0,mask_2261c8e54842bff6,8,1.0163037898291472
90402-1,all_pairs,candidate_pool_07,1.5,mask_83fe021aaca96bf0,5,1.5447164373085198
90402-1,all_pairs,candidate_pool_08,0.5,mask_a842b06af7760b08,4,0.4797920095835047
90402-1,all_pairs,candidate_pool_08,1.0,mask_77740b198a0b3a94,6,1.0020112066604818
90402-1,all_pairs,candidate_pool_08,1.5,mask_1ee94a6fab0d1183,8,1.4541565044257938
90402-1,all_pairs,candidate_pool_09,0.5,mask_c5654b277c578f3e,9,0.42566364020250314
90402-1,all_pairs,candidate_pool_09,1.0,mask_6000c95aa8146da6,7,0.9432342864945102
90402-1,all_pairs,candidate_pool_09,1.5,mask_527fb4485b283af0,10,1.4782027917020848
90402-1,atp_raw,candidate_pool_00,0.5,mask_bfa108de38e6d58f,6,0.408739454112947
90402-1,atp_raw,candidate_pool_00,1.0,mask_a096a397a7d70275,7,1.0302116211404282
90402-1,atp_raw,candidate_pool_00,1.5,mask_153f1c2a9e066490,6,1.63796571920653
90402-1,atp_raw,candidate_pool_01,0.5,mask_3507ab216f864cbe,4,0.5395434980226445
90402-1,atp_raw,candidate_pool_01,1.0,mask_16dc2167f216f5a8,5,0.8475098115238315
90402-1,atp_raw,candidate_pool_01,1.5,mask_4d3f046ece5f8214,9,1.468351584122272
90402-1,atp_raw,candidate_pool_02,0.5,mask_ab59149b00e47e01,7,0.48776030312608737
90402-1,atp_raw,candidate_pool_02,1.0,mask_267196af5474f7ae,8,1.1073013597611086
90402-1,atp_raw,candidate_pool_02,1.5,mask_c7772d470875866f,4,1.1138165960431965
90402-1,atp_raw,candidate_pool_03,0.5,mask_4887f05639551759,6,0.37661035677183025
90402-1,atp_raw,candidate_pool_03,1.0,mask_dc2e11f8d6ea9e67,6,1.1094010173189408
90402-1,atp_raw,candidate_pool_03,1.5,mask_0f1c886d2bd569f0,7,1.4165761825149354
90402-1,atp_raw,candidate_pool_04,0.5,mask_5d6868f3c7cf99b3,6,0.4622318478192664
90402-1,atp_raw,candidate_pool_04,1.0,mask_8b7737474604b389,8,0.8211973010227807
90402-1,atp_raw,candidate_pool_04,1.5,mask_6d2e3876c8f68db8,9,1.2189477986782715
90402-1,atp_raw,candidate_pool_05,0.5,mask_0ea1a19911258943,4,0.4975585523197084
90402-1,atp_raw,candidate_pool_05,1.0,mask_de24099fc59a002a,4,1.3325967517889383
90402-1,atp_raw,candidate_pool_05,1.5,mask_f5d21a1898de9318,7,1.3422119153925733
90402-1,atp_raw,candidate_pool_06,0.5,mask_c22a533faf194bc5,7,0.47783305330509407
90402-1,atp_raw,candidate_pool_06,1.0,mask_8a4903df460893e2,6,0.9448440831959319
90402-1,atp_raw,candidate_pool_06,1.5,mask_8a4903df460893e2,6,0.9448440831959319
90402-1,atp_raw,candidate_pool_07,0.5,mask_21e5e4333c6fc40a,6,0.6280694844255459
90402-1,atp_raw,candidate_pool_07,1.0,mask_21e5e4333c6fc40a,6,0.6280694844255459
90402-1,atp_raw,candidate_pool_07,1.5,mask_83fe021aaca96bf0,5,1.4299495725765896
90402-1,atp_raw,candidate_pool_08,0.5,mask_331502b1b3b7fde3,6,0.5150304696368937
90402-1,atp_raw,candidate_pool_08,1.0,mask_a842b06af7760b08,4,0.9259080593971517
90402-1,atp_raw,candidate_pool_08,1.5,mask_a842b06af7760b08,4,0.9259080593971517
90402-1,atp_raw,candidate_pool_09,0.5,mask_ea7ded36b0b6aa15,8,0.47328649762818964
90402-1,atp_raw,candidate_pool_09,1.0,mask_6c66643ec3bf086c,6,1.3509234287730842
90402-1,atp_raw,candidate_pool_09,1.5,mask_6c66643ec3bf086c,6,1.3509234287730842
90402-1,atp_calibrated,candidate_pool_00,0.5,mask_bfa108de38e6d58f,6,0.3471468162203017
90402-1,atp_calibrated,candidate_pool_00,1.0,mask_b55f4fdddb0ed7df,7,0.9920280017202565
90402-1,atp_calibrated,candidate_pool_00,1.5,mask_153f1c2a9e066490,6,1.3911419090544126
90402-1,atp_calibrated,candidate_pool_01,0.5,mask_3cd97f4a74d408b8,10,0.5108366769843203
90402-1,atp_calibrated,candidate_pool_01,1.0,mask_d34cab07e9bf4ded,4,1.018709693663129
90402-1,atp_calibrated,candidate_pool_01,1.5,mask_88feb37e4997bcb0,7,1.3722810377915837
90402-1,atp_calibrated,candidate_pool_02,0.5,mask_053a16108482e172,6,0.4755696212139314
90402-1,atp_calibrated,candidate_pool_02,1.0,mask_c7772d470875866f,4,0.9459764191564545
90402-1,atp_calibrated,candidate_pool_02,1.5,mask_c7772d470875866f,4,0.9459764191564545
90402-1,atp_calibrated,candidate_pool_03,0.5,mask_e3bfff07ca1cabef,9,0.5651674598023357
90402-1,atp_calibrated,candidate_pool_03,1.0,mask_dc2e11f8d6ea9e67,6,0.9422262206364166
90402-1,atp_calibrated,candidate_pool_03,1.5,mask_0f1c886d2bd569f0,7,1.2031133934960945
90402-1,atp_calibrated,candidate_pool_04,0.5,mask_93f84412f1b2de39,7,0.5604635296561042
90402-1,atp_calibrated,candidate_pool_04,1.0,mask_6d2e3876c8f68db8,9,1.0352654807161754
90402-1,atp_calibrated,candidate_pool_04,1.5,mask_6d2e3876c8f68db8,9,1.0352654807161754
90402-1,atp_calibrated,candidate_pool_05,0.5,mask_0ea1a19911258943,4,0.4225818319785685
90402-1,atp_calibrated,candidate_pool_05,1.0,mask_de24099fc59a002a,4,1.1317887594017617
90402-1,atp_calibrated,candidate_pool_05,1.5,mask_f5d21a1898de9318,7,1.1399550213049174
90402-1,atp_calibrated,candidate_pool_06,0.5,mask_72750b59b18d6c0c,4,0.461934758104485
90402-1,atp_calibrated,candidate_pool_06,1.0,mask_8a4903df460893e2,6,0.8024662459313787
90402-1,atp_calibrated,candidate_pool_06,1.5,mask_8a4903df460893e2,6,0.8024662459313787
90402-1,atp_calibrated,candidate_pool_07,0.5,mask_21e5e4333c6fc40a,6,0.5334261708516295
90402-1,atp_calibrated,candidate_pool_07,1.0,mask_73324c4014b4a4c2,4,1.2071861376580606
90402-1,atp_calibrated,candidate_pool_07,1.5,mask_d43daec0a2f27dc1,8,1.4105409797950725
90402-1,atp_calibrated,candidate_pool_08,0.5,mask_fc5299efb847cbc8,5,0.49967120112802926
90402-1,atp_calibrated,candidate_pool_08,1.0,mask_a842b06af7760b08,4,0.7863836771764625
90402-1,atp_calibrated,candidate_pool_08,1.5,mask_a842b06af7760b08,4,0.7863836771764625
90402-1,atp_calibrated,candidate_pool_09,0.5,mask_ea7ded36b0b6aa15,8,0.40196731477329417
90402-1,atp_calibrated,candidate_pool_09,1.0,mask_6c66643ec3bf086c,6,1.1473538033507271
90402-1,atp_calibrated,candidate_pool_09,1.5,mask_6c66643ec3bf086c,6,1.1473538033507271
90403-0,additive,candidate_pool_00,0.5,mask_bfa108de38e6d58f,6,0.5084606154553741
90403-0,additive,candidate_pool_00,1.0,mask_b611eb15c1cbe033,4,1.1592591703171728
90403-0,additive,candidate_pool_00,1.5,mask_714aefc72a94a0e9,5,1.4621438507796303
90403-0,additive,candidate_pool_01,0.5,mask_625dbe9e05728352,8,0.6009679044605647
90403-0,additive,candidate_pool_01,1.0,mask_f78efa18c25e46d0,5,0.9894147376474324
90403-0,additive,candidate_pool_01,1.5,mask_69b8a0bd055bae3b,8,1.4029988888110356
90403-0,additive,candidate_pool_02,0.5,mask_a0046e43df20ac57,5,0.6293374607786227
90403-0,additive,candidate_pool_02,1.0,mask_4069015a4c8c7628,4,1.0388367435113093
90403-0,additive,candidate_pool_02,1.5,mask_8539d49577e1ed9d,9,1.6016740068966029
90403-0,additive,candidate_pool_03,0.5,mask_db4ced2a93ad8780,7,0.45608731204416486
90403-0,additive,candidate_pool_03,1.0,mask_30716df5e75daa97,7,0.965538834613145
90403-0,additive,candidate_pool_03,1.5,mask_dc2e11f8d6ea9e67,6,1.3411847460227628
90403-0,additive,candidate_pool_04,0.5,mask_8f5eca4cbcfcb5db,6,0.4282608484926245
90403-0,additive,candidate_pool_04,1.0,mask_5d6868f3c7cf99b3,6,0.9811074691539531
90403-0,additive,candidate_pool_04,1.5,mask_6d2e3876c8f68db8,9,1.6323269836574676
90403-0,additive,candidate_pool_05,0.5,mask_ae737f6731edb34d,7,0.5736117082988428
90403-0,additive,candidate_pool_05,1.0,mask_62191f28479b805a,7,0.8224028186658197
90403-0,additive,candidate_pool_05,1.5,mask_de24099fc59a002a,4,1.4992896049873563
90403-0,additive,candidate_pool_06,0.5,mask_f2b097d9ab973b9b,7,0.4916122175651221
90403-0,additive,candidate_pool_06,1.0,mask_ba28cb4fde59866a,9,0.9517008716981581
90403-0,additive,candidate_pool_06,1.5,mask_8a4903df460893e2,6,1.4125994160260815
90403-0,additive,candidate_pool_07,0.5,mask_9401c6bc69ed4d22,10,0.39416674841405663
90403-0,additive,candidate_pool_07,1.0,mask_21e5e4333c6fc40a,6,1.0690977233870387
90403-0,additive,candidate_pool_07,1.5,mask_83fe021aaca96bf0,5,1.535900699666244
90403-0,additive,candidate_pool_08,0.5,mask_8dc1386ad4524dcb,5,0.5260729413298115
90403-0,additive,candidate_pool_08,1.0,mask_a842b06af7760b08,4,0.9870624807568624
90403-0,additive,candidate_pool_08,1.5,mask_a9f1de05a2b5cc89,7,1.4113579860581202
90403-0,additive,candidate_pool_09,0.5,mask_99b322f566a2bc85,6,0.47092403625708845
90403-0,additive,candidate_pool_09,1.0,mask_6000c95aa8146da6,7,0.966966401248375
90403-0,additive,candidate_pool_09,1.5,mask_ea7ded36b0b6aa15,8,1.4745878164576314
90403-0,all_pairs,candidate_pool_00,0.5,mask_ffe0389c017216d1,4,0.5559612071680047
90403-0,all_pairs,candidate_pool_00,1.0,mask_b55f4fdddb0ed7df,7,1.013132475694107
90403-0,all_pairs,candidate_pool_00,1.5,mask_153f1c2a9e066490,6,1.523534781484439
90403-0,all_pairs,candidate_pool_01,0.5,mask_d4041af54a719d70,7,0.48536365446984203
90403-0,all_pairs,candidate_pool_01,1.0,mask_76f706be2ab175f0,7,0.928787252061783
90403-0,all_pairs,candidate_pool_01,1.5,mask_4d3f046ece5f8214,9,1.4816091432201737
90403-0,all_pairs,candidate_pool_02,0.5,mask_c36034d7c9cf0b25,7,0.45292249494687
90403-0,all_pairs,candidate_pool_02,1.0,mask_ab59149b00e47e01,7,0.9980401997220462
90403-0,all_pairs,candidate_pool_02,1.5,mask_8539d49577e1ed9d,9,1.6726014481020668
90403-0,all_pairs,candidate_pool_03,0.5,mask_dc2e11f8d6ea9e67,6,0.5070059595852981
90403-0,all_pairs,candidate_pool_03,1.0,mask_30716df5e75daa97,7,0.9346215064328505
90403-0,all_pairs,candidate_pool_03,1.5,mask_0f1c886d2bd569f0,7,1.0918026247439254
90403-0,all_pairs,candidate_pool_04,0.5,mask_d1786933297085c0,4,0.45429645186374623
90403-0,all_pairs,candidate_pool_04,1.0,mask_dc190fdfa9807171,10,0.9887912551211704
90403-0,all_pairs,candidate_pool_04,1.5,mask_8b7737474604b389,8,1.6544254069120234
90403-0,all_pairs,candidate_pool_05,0.5,mask_22c097f7c153bb13,9,0.41741212640317
90403-0,all_pairs,candidate_pool_05,1.0,mask_111b2c86496d6209,10,1.0347975849495172
90403-0,all_pairs,candidate_pool_05,1.5,mask_290a3cb1caf906c3,10,1.4477551854153357
90403-0,all_pairs,candidate_pool_06,0.5,mask_f2b097d9ab973b9b,7,0.48795061570213366
90403-0,all_pairs,candidate_pool_06,1.0,mask_5bf7af84e459f7ba,10,1.0118983591610373
90403-0,all_pairs,candidate_pool_06,1.5,mask_c22a533faf194bc5,7,1.2903149261940752
90403-0,all_pairs,candidate_pool_07,0.5,mask_6c3e3315afb6fb8c,4,0.5265839123479594
90403-0,all_pairs,candidate_pool_07,1.0,mask_2261c8e54842bff6,8,0.9057814746573548
90403-0,all_pairs,candidate_pool_07,1.5,mask_d43daec0a2f27dc1,8,1.5968155453178352
90403-0,all_pairs,candidate_pool_08,0.5,mask_bda88699e1e7badf,7,0.41878148638633805
90403-0,all_pairs,candidate_pool_08,1.0,mask_0483c7c3a82ced7e,6,0.9906854780229473
90403-0,all_pairs,candidate_pool_08,1.5,mask_1ee94a6fab0d1183,8,1.3802420116601062
90403-0,all_pairs,candidate_pool_09,0.5,mask_99b322f566a2bc85,6,0.4377195196535442
90403-0,all_pairs,candidate_pool_09,1.0,mask_6000c95aa8146da6,7,0.9641220768952269
90403-0,all_pairs,candidate_pool_09,1.5,mask_ea7ded36b0b6aa15,8,1.4796043474663585
90403-0,atp_raw,candidate_pool_00,0.5,mask_bfa108de38e6d58f,6,0.4127907819630018
90403-0,atp_raw,candidate_pool_00,1.0,mask_b611eb15c1cbe033,4,0.940790380993225
90403-0,atp_raw,candidate_pool_00,1.5,mask_153f1c2a9e066490,6,1.70462058497213
90403-0,atp_raw,candidate_pool_01,0.5,mask_3cd97f4a74d408b8,10,0.5180220173319205
90403-0,atp_raw,candidate_pool_01,1.0,mask_d34cab07e9bf4ded,4,1.134399142224812
90403-0,atp_raw,candidate_pool_01,1.5,mask_261f2ebd1f8a4eaa,5,1.5286220692514072
90403-0,atp_raw,candidate_pool_02,0.5,mask_ab59149b00e47e01,7,0.47554838102202385
90403-0,atp_raw,candidate_pool_02,1.0,mask_c7772d470875866f,4,1.1001846593741362
90403-0,atp_raw,candidate_pool_02,1.5,mask_267196af5474f7ae,8,1.136578213025644
90403-0,atp_raw,candidate_pool_03,0.5,mask_e3bfff07ca1cabef,9,0.6269069370741334
90403-0,atp_raw,candidate_pool_03,1.0,mask_dc2e11f8d6ea9e67,6,1.1310638205953014
90403-0,atp_raw,candidate_pool_03,1.5,mask_0f1c886d2bd569f0,7,1.447234002249406
90403-0,atp_raw,candidate_pool_04,0.5,mask_5d6868f3c7cf99b3,6,0.446778444383402
90403-0,atp_raw,candidate_pool_04,1.0,mask_6d2e3876c8f68db8,9,1.1567723180293967
90403-0,atp_raw,candidate_pool_04,1.5,mask_6d2e3876c8f68db8,9,1.1567723180293967
90403-0,atp_raw,candidate_pool_05,0.5,mask_0ea1a19911258943,4,0.48574178562797965
90403-0,atp_raw,candidate_pool_05,1.0,mask_f5d21a1898de9318,7,1.3404668699904772
90403-0,atp_raw,candidate_pool_05,1.5,mask_de24099fc59a002a,4,1.4416694372657288
90403-0,atp_raw,candidate_pool_06,0.5,mask_72750b59b18d6c0c,4,0.5153705624827337
90403-0,atp_raw,candidate_pool_06,1.0,mask_8a4903df460893e2,6,0.9506966464302855
90403-0,atp_raw,candidate_pool_06,1.5,mask_8a4903df460893e2,6,0.9506966464302855
90403-0,atp_raw,candidate_pool_07,0.5,mask_21e5e4333c6fc40a,6,0.5733080449902895
90403-0,atp_raw,candidate_pool_07,1.0,mask_83fe021aaca96bf0,5,1.3691669604108099
90403-0,atp_raw,candidate_pool_07,1.5,mask_73324c4014b4a4c2,4,1.5268064598797015
90403-0,atp_raw,candidate_pool_08,0.5,mask_331502b1b3b7fde3,6,0.5448209212785495
90403-0,atp_raw,candidate_pool_08,1.0,mask_a9f1de05a2b5cc89,7,0.9078837768898065
90403-0,atp_raw,candidate_pool_08,1.5,mask_a9f1de05a2b5cc89,7,0.9078837768898065
90403-0,atp_raw,candidate_pool_09,0.5,mask_ea7ded36b0b6aa15,8,0.45322198847091766
90403-0,atp_raw,candidate_pool_09,1.0,mask_6c66643ec3bf086c,6,1.364141054858354
90403-0,atp_raw,candidate_pool_09,1.5,mask_6c66643ec3bf086c,6,1.364141054858354
90403-0,atp_calibrated,candidate_pool_00,0.5,mask_bfa108de38e6d58f,6,0.3545235981364731
90403-0,atp_calibrated,candidate_pool_00,1.0,mask_a096a397a7d70275,7,0.9625015782403247
90403-0,atp_calibrated,candidate_pool_00,1.5,mask_153f1c2a9e066490,6,1.4640061010276746
90403-0,atp_calibrated,candidate_pool_01,0.5,mask_3507ab216f864cbe,4,0.4816702557168223
90403-0,atp_calibrated,candidate_pool_01,1.0,mask_d34cab07e9bf4ded,4,0.9742738529963478
90403-0,atp_calibrated,candidate_pool_01,1.5,mask_88feb37e4997bcb0,7,1.3634086804790746
90403-0,atp_calibrated,candidate_pool_02,0.5,mask_053a16108482e172,6,0.5032721536437809
90403-0,atp_calibrated,candidate_pool_02,1.0,mask_267196af5474f7ae,8,0.9761453386366796
90403-0,atp_calibrated,candidate_pool_02,1.5,mask_267196af5474f7ae,8,0.9761453386366796
90403-0,atp_calibrated,candidate_pool_03,0.5,mask_e3bfff07ca1cabef,9,0.5384163424660916
90403-0,atp_calibrated,candidate_pool_03,1.0,mask_dc2e11f8d6ea9e67,6,0.9714093262755392
90403-0,atp_calibrated,candidate_pool_03,1.5,mask_0f1c886d2bd569f0,7,1.2429507349534152
90403-0,atp_calibrated,candidate_pool_04,0.5,mask_93f84412f1b2de39,7,0.5234602509063084
90403-0,atp_calibrated,candidate_pool_04,1.0,mask_6d2e3876c8f68db8,9,0.9934889593760542
90403-0,atp_calibrated,candidate_pool_04,1.5,mask_6d2e3876c8f68db8,9,0.9934889593760542
90403-0,atp_calibrated,candidate_pool_05,0.5,mask_0ea1a19911258943,4,0.4171772557205542
90403-0,atp_calibrated,candidate_pool_05,1.0,mask_f5d21a1898de9318,7,1.15125423991264
90403-0,atp_calibrated,candidate_pool_05,1.5,mask_de24099fc59a002a,4,1.238171632109364
90403-0,atp_calibrated,candidate_pool_06,0.5,mask_f2b097d9ab973b9b,7,0.49704923202509554
90403-0,atp_calibrated,candidate_pool_06,1.0,mask_8a4903df460893e2,6,0.8165017499323721
90403-0,atp_calibrated,candidate_pool_06,1.5,mask_8a4903df460893e2,6,0.8165017499323721
90403-0,atp_calibrated,candidate_pool_07,0.5,mask_21e5e4333c6fc40a,6,0.4923831631704454
90403-0,atp_calibrated,candidate_pool_07,1.0,mask_83fe021aaca96bf0,5,1.1759031898583545
90403-0,atp_calibrated,candidate_pool_07,1.5,mask_d43daec0a2f27dc1,8,1.4312179555466422
90403-0,atp_calibrated,candidate_pool_08,0.5,mask_fc5299efb847cbc8,5,0.5177866210067062
90403-0,atp_calibrated,candidate_pool_08,1.0,mask_a9f1de05a2b5cc89,7,0.7797320999807449
90403-0,atp_calibrated,candidate_pool_08,1.5,mask_a9f1de05a2b5cc89,7,0.7797320999807449
90403-0,atp_calibrated,candidate_pool_09,0.5,mask_ea7ded36b0b6aa15,8,0.3892477669757614
90403-0,atp_calibrated,candidate_pool_09,1.0,mask_6c66643ec3bf086c,6,1.171586712363684
90403-0,atp_calibrated,candidate_pool_09,1.5,mask_6c66643ec3bf086c,6,1.171586712363684
90403-1,additive,candidate_pool_00,0.5,mask_ffe0389c017216d1,4,0.52478102475526
90403-1,additive,candidate_pool_00,1.0,mask_b611eb15c1cbe033,4,1.138544888730554
90403-1,additive,candidate_pool_00,1.5,mask_ff6985d2961f695d,9,1.53477083135588
90403-1,additive,candidate_pool_01,0.5,mask_304d12adafdb81c3,6,0.49657924664679154
90403-1,additive,candidate_pool_01,1.0,mask_16dc2167f216f5a8,5,0.9894223649858968
90403-1,additive,candidate_pool_01,1.5,mask_d34cab07e9bf4ded,4,1.4844374627431327
90403-1,additive,candidate_pool_02,0.5,mask_318be3c54bb72e0d,6,0.4606729911327464
90403-1,additive,candidate_pool_02,1.0,mask_6a56eb1c10f15cf8,7,0.9896676668556057
90403-1,additive,candidate_pool_02,1.5,mask_c7772d470875866f,4,1.5036797460416513
90403-1,additive,candidate_pool_03,0.5,mask_aedb2c503c8eced2,5,0.5002710705891041
90403-1,additive,candidate_pool_03,1.0,mask_30716df5e75daa97,7,0.9540570998754444
90403-1,additive,candidate_pool_03,1.5,mask_dc2e11f8d6ea9e67,6,1.518246584648336
90403-1,additive,candidate_pool_04,0.5,mask_8f5eca4cbcfcb5db,6,0.4501777922640857
90403-1,additive,candidate_pool_04,1.0,mask_5d6868f3c7cf99b3,6,0.9764477168423912
90403-1,additive,candidate_pool_04,1.5,mask_8b7737474604b389,8,1.765846319235337
90403-1,additive,candidate_pool_05,0.5,mask_ae737f6731edb34d,7,0.6485488828981321
90403-1,additive,candidate_pool_05,1.0,mask_111b2c86496d6209,10,0.9356470595598597
90403-1,additive,candidate_pool_05,1.5,mask_de24099fc59a002a,4,1.423912307501868
90403-1,additive,candidate_pool_06,0.5,mask_8da4b6178fa2b73e,7,0.51716841853878
90403-1,additive,candidate_pool_06,1.0,mask_ba28cb4fde59866a,9,1.0384088450051738
90403-1,additive,candidate_pool_06,1.5,mask_8a4903df460893e2,6,1.6045030713041184
90403-1,additive,candidate_pool_07,0.5,mask_9401c6bc69ed4d22,10,0.5783872493357437
90403-1,additive,candidate_pool_07,1.0,mask_c4774bd021c06295,7,0.9348148165769258
90403-1,additive,candidate_pool_07,1.5,mask_21e5e4333c6fc40a,6,1.3488305775455738
90403-1,additive,candidate_pool_08,0.5,mask_3fd358a395ddfdd8,7,0.4252330802238521
90403-1,additive,candidate_pool_08,1.0,mask_1f36ab0e18336a51,6,1.0026423149991113
90403-1,additive,candidate_pool_08,1.5,mask_a9f1de05a2b5cc89,7,1.4115193645337225
90403-1,additive,candidate_pool_09,0.5,mask_c5654b277c578f3e,9,0.3515709197945676
90403-1,additive,candidate_pool_09,1.0,mask_6000c95aa8146da6,7,0.9161357748268031
90403-1,additive,candidate_pool_09,1.5,mask_ea7ded36b0b6aa15,8,1.5286198289173278
90403-1,all_pairs,candidate_pool_00,0.5,mask_b611eb15c1cbe033,4,0.45369213464641955
90403-1,all_pairs,candidate_pool_00,1.0,mask_a096a397a7d70275,7,1.008192533759602
90403-1,all_pairs,candidate_pool_00,1.5,mask_153f1c2a9e066490,6,1.6115540473324064
90403-1,all_pairs,candidate_pool_01,0.5,mask_304d12adafdb81c3,6,0.5513915751261628
90403-1,all_pairs,candidate_pool_01,1.0,mask_625dbe9e05728352,8,0.9869337758849939
90403-1,all_pairs,candidate_pool_01,1.5,mask_88feb37e4997bcb0,7,1.535732201967808
90403-1,all_pairs,candidate_pool_02,0.5,mask_a0046e43df20ac57,5,0.5191569436861421
90403-1,all_pairs,candidate_pool_02,1.0,mask_ab59149b00e47e01,7,1.0197162252929866
90403-1,all_pairs,candidate_pool_02,1.5,mask_053a16108482e172,6,1.3200963181059655
90403-1,all_pairs,candidate_pool_03,0.5,mask_66e7ba4230023a63,10,0.47413681286262577
90403-1,all_pairs,candidate_pool_03,1.0,mask_30716df5e75daa97,7,0.9270128753227475
90403-1,all_pairs,candidate_pool_03,1.5,mask_0f1c886d2bd569f0,7,1.1954513474776944
90403-1,all_pairs,candidate_pool_04,0.5,mask_8f5eca4cbcfcb5db,6,0.44871346593473654
90403-1,all_pairs,candidate_pool_04,1.0,mask_5d6868f3c7cf99b3,6,0.95332061466021
90403-1,all_pairs,candidate_pool_04,1.5,mask_cafa56ef6c77bde9,10,1.439510756986283
90403-1,all_pairs,candidate_pool_05,0.5,mask_22c097f7c153bb13,9,0.5734098717579019
90403-1,all_pairs,candidate_pool_05,1.0,mask_cf672502900b1ca1,10,1.0545611969927333
90403-1,all_pairs,candidate_pool_05,1.5,mask_290a3cb1caf906c3,10,1.5720961260547224
90403-1,all_pairs,candidate_pool_06,0.5,mask_8da4b6178fa2b73e,7,0.48673781643689307
90403-1,all_pairs,candidate_pool_06,1.0,mask_2322491b9dd809d6,5,0.9825670644986856
90403-1,all_pairs,candidate_pool_06,1.5,mask_c22a533faf194bc5,7,1.3581206686081226
90403-1,all_pairs,candidate_pool_07,0.5,mask_6c3e3315afb6fb8c,4,0.4421318539491858
90403-1,all_pairs,candidate_pool_07,1.0,mask_2261c8e54842bff6,8,0.9964349361332872
90403-1,all_pairs,candidate_pool_07,1.5,mask_83fe021aaca96bf0,5,1.538978455463674
90403-1,all_pairs,candidate_pool_08,0.5,mask_a842b06af7760b08,4,0.5017239730419581
90403-1,all_pairs,candidate_pool_08,1.0,mask_77740b198a0b3a94,6,0.9916666340120168
90403-1,all_pairs,candidate_pool_08,1.5,mask_1ee94a6fab0d1183,8,1.4513987601541198
90403-1,all_pairs,candidate_pool_09,0.5,mask_4be83a97da997236,8,0.4937779274744549
90403-1,all_pairs,candidate_pool_09,1.0,mask_7378976187b9a4fb,9,0.9202371698276903
90403-1,all_pairs,candidate_pool_09,1.5,mask_527fb4485b283af0,10,1.5007520550079558
90403-1,atp_raw,candidate_pool_00,0.5,mask_56ee0c60e1cde4b8,5,0.48276344299044327
90403-1,atp_raw,candidate_pool_00,1.0,mask_b611eb15c1cbe033,4,0.9908537591148294
90403-1,atp_raw,candidate_pool_00,1.5,mask_b55f4fdddb0ed7df,7,1.2746699866577145
90403-1,atp_raw,candidate_pool_01,0.5,mask_3cd97f4a74d408b8,10,0.6208919134106109
90403-1,atp_raw,candidate_pool_01,1.0,mask_16dc2167f216f5a8,5,0.9440338147354175
90403-1,atp_raw,candidate_pool_01,1.5,mask_261f2ebd1f8a4eaa,5,1.5245244777552114
90403-1,atp_raw,candidate_pool_02,0.5,mask_ab59149b00e47e01,7,0.5253913273741856
90403-1,atp_raw,candidate_pool_02,1.0,mask_3c9ed4cc352cbb27,5,1.0039260508074017
90403-1,atp_raw,candidate_pool_02,1.5,mask_267196af5474f7ae,8,1.2606841948071723
90403-1,atp_raw,candidate_pool_03,0.5,mask_4887f05639551759,6,0.37833638453667745
90403-1,atp_raw,candidate_pool_03,1.0,mask_e3bfff07ca1cabef,9,0.8294376669022557
90403-1,atp_raw,candidate_pool_03,1.5,mask_0f1c886d2bd569f0,7,1.5240392626911987
90403-1,atp_raw,candidate_pool_04,0.5,mask_5d6868f3c7cf99b3,6,0.44081548316236785
90403-1,atp_raw,candidate_pool_04,1.0,mask_ee5fb6904843b482,6,0.8659753967966006
90403-1,atp_raw,candidate_pool_04,1.5,mask_6d2e3876c8f68db8,9,1.3405104565664372
90403-1,atp_raw,candidate_pool_05,0.5,mask_0ea1a19911258943,4,0.4940469843031985
90403-1,atp_raw,candidate_pool_05,1.0,mask_f5d21a1898de9318,7,1.422417985678263
90403-1,atp_raw,candidate_pool_05,1.5,mask_de24099fc59a002a,4,1.4315470577887353
90403-1,atp_raw,candidate_pool_06,0.5,mask_72750b59b18d6c0c,4,0.5164991178800968
90403-1,atp_raw,candidate_pool_06,1.0,mask_25276dd47f8ef77c,4,0.9804133667212942
90403-1,atp_raw,candidate_pool_06,1.5,mask_8a4903df460893e2,6,1.1017097275641359
90403-1,atp_raw,candidate_pool_07,0.5,mask_c4774bd021c06295,7,0.31295464730434364
90403-1,atp_raw,candidate_pool_07,1.0,mask_21e5e4333c6fc40a,6,0.7802835826898056
90403-1,atp_raw,candidate_pool_07,1.5,mask_83fe021aaca96bf0,5,1.4876485561292743
90403-1,atp_raw,candidate_pool_08,0.5,mask_331502b1b3b7fde3,6,0.5335887342879777
90403-1,atp_raw,candidate_pool_08,1.0,mask_a9f1de05a2b5cc89,7,0.9745848765439784
90403-1,atp_raw,candidate_pool_08,1.5,mask_a842b06af7760b08,4,1.0302157846405013
90403-1,atp_raw,candidate_pool_09,0.5,mask_ea7ded36b0b6aa15,8,0.46933859287959967
90403-1,atp_raw,candidate_pool_09,1.0,mask_a3021efcfb81527e,5,0.5945329115977196
90403-1,atp_raw,candidate_pool_09,1.5,mask_6c66643ec3bf086c,6,1.445193429974567
90403-1,atp_calibrated,candidate_pool_00,0.5,mask_bfa108de38e6d58f,6,0.4850158146099057
90403-1,atp_calibrated,candidate_pool_00,1.0,mask_714aefc72a94a0e9,5,1.0158744070977332
90403-1,atp_calibrated,candidate_pool_00,1.5,mask_153f1c2a9e066490,6,1.4734020558870513
90403-1,atp_calibrated,candidate_pool_01,0.5,mask_3cd97f4a74d408b8,10,0.5187217142661822
90403-1,atp_calibrated,candidate_pool_01,1.0,mask_d34cab07e9bf4ded,4,1.0822161431013975
90403-1,atp_calibrated,candidate_pool_01,1.5,mask_88feb37e4997bcb0,7,1.4098799339595258
90403-1,atp_calibrated,candidate_pool_02,0.5,mask_053a16108482e172,6,0.48739185037590554
90403-1,atp_calibrated,candidate_pool_02,1.0,mask_c7772d470875866f,4,1.0304460136043536
90403-1,atp_calibrated,candidate_pool_02,1.5,mask_267196af5474f7ae,8,1.0532336668494968
90403-1,atp_calibrated,candidate_pool_03,0.5,mask_aedb2c503c8eced2,5,0.6679539762229679
90403-1,atp_calibrated,candidate_pool_03,1.0,mask_dc2e11f8d6ea9e67,6,1.0559601616377376
90403-1,atp_calibrated,candidate_pool_03,1.5,mask_0f1c886d2bd569f0,7,1.273252625581122
90403-1,atp_calibrated,candidate_pool_04,0.5,mask_93f84412f1b2de39,7,0.5542207070707958
90403-1,atp_calibrated,candidate_pool_04,1.0,mask_6d2e3876c8f68db8,9,1.1199242042020796
90403-1,atp_calibrated,candidate_pool_04,1.5,mask_6d2e3876c8f68db8,9,1.1199242042020796
90403-1,atp_calibrated,candidate_pool_05,0.5,mask_0ea1a19911258943,4,0.41274961565864887
90403-1,atp_calibrated,candidate_pool_05,1.0,mask_f5d21a1898de9318,7,1.1883535282027864
90403-1,atp_calibrated,candidate_pool_05,1.5,mask_de24099fc59a002a,4,1.1959803756983376
90403-1,atp_calibrated,candidate_pool_06,0.5,mask_72750b59b18d6c0c,4,0.4315071626106897
90403-1,atp_calibrated,candidate_pool_06,1.0,mask_8a4903df460893e2,6,0.9204190716007329
90403-1,atp_calibrated,candidate_pool_06,1.5,mask_8a4903df460893e2,6,0.9204190716007329
90403-1,atp_calibrated,candidate_pool_07,0.5,mask_21e5e4333c6fc40a,6,0.6518848593200203
90403-1,atp_calibrated,candidate_pool_07,1.0,mask_83fe021aaca96bf0,5,1.242850152488071
90403-1,atp_calibrated,candidate_pool_07,1.5,mask_d43daec0a2f27dc1,8,1.4802074248312411
90403-1,atp_calibrated,candidate_pool_08,0.5,mask_8dc1386ad4524dcb,5,0.532600003661529
90403-1,atp_calibrated,candidate_pool_08,1.0,mask_a842b06af7760b08,4,0.860689737344658
90403-1,atp_calibrated,candidate_pool_08,1.5,mask_a842b06af7760b08,4,0.860689737344658
90403-1,atp_calibrated,candidate_pool_09,0.5,mask_a3021efcfb81527e,5,0.49670018956694506
90403-1,atp_calibrated,candidate_pool_09,1.0,mask_6c66643ec3bf086c,6,1.20738118382751
90403-1,atp_calibrated,candidate_pool_09,1.5,mask_6c66643ec3bf086c,6,1.20738118382751
90404-0,additive,candidate_pool_00,0.5,mask_7c8b926f287bec49,4,0.4790323841887447
90404-0,additive,candidate_pool_00,1.0,mask_b611eb15c1cbe033,4,1.2549544901396599
90404-0,additive,candidate_pool_00,1.5,mask_714aefc72a94a0e9,5,1.5463894172737456
90404-0,additive,candidate_pool_01,0.5,mask_d4041af54a719d70,7,0.43984824725316185
90404-0,additive,candidate_pool_01,1.0,mask_3507ab216f864cbe,4,0.9983652821408893
90404-0,additive,candidate_pool_01,1.5,mask_69b8a0bd055bae3b,8,1.502111160596951
90404-0,additive,candidate_pool_02,0.5,mask_a0046e43df20ac57,5,0.6200147639733237
90404-0,additive,candidate_pool_02,1.0,mask_6a56eb1c10f15cf8,7,0.9791653339863374
90404-0,additive,candidate_pool_02,1.5,mask_3c9ed4cc352cbb27,5,1.4066929369835794
90404-0,additive,candidate_pool_03,0.5,mask_8e19964bc0ea5bd6,8,0.492988777002949
90404-0,additive,candidate_pool_03,1.0,mask_5b90a18db67578c0,5,0.9613758974793959
90404-0,additive,candidate_pool_03,1.5,mask_dc2e11f8d6ea9e67,6,1.4440168021320123
90404-0,additive,candidate_pool_04,0.5,mask_8f5eca4cbcfcb5db,6,0.5418382726718225
90404-0,additive,candidate_pool_04,1.0,mask_5d6868f3c7cf99b3,6,0.9658710108198757
90404-0,additive,candidate_pool_04,1.5,mask_6d2e3876c8f68db8,9,1.7213259410435868
90404-0,additive,candidate_pool_05,0.5,mask_ae737f6731edb34d,7,0.6088047940084407
90404-0,additive,candidate_pool_05,1.0,mask_62191f28479b805a,7,0.9172507152734245
90404-0,additive,candidate_pool_05,1.5,mask_de24099fc59a002a,4,1.5583476021896794
90404-0,additive,candidate_pool_06,0.5,mask_f2b097d9ab973b9b,7,0.5683797427457541
90404-0,additive,candidate_pool_06,1.0,mask_ba28cb4fde59866a,9,1.0360395736553074
90404-0,additive,candidate_pool_06,1.5,mask_8a4903df460893e2,6,1.5064882101281505
90404-0,additive,candidate_pool_07,0.5,mask_9401c6bc69ed4d22,10,0.4476338096230413
90404-0,additive,candidate_pool_07,1.0,mask_c4774bd021c06295,7,1.003751665251534
90404-0,additive,candidate_pool_07,1.5,mask_83fe021aaca96bf0,5,1.4706650759193625
90404-0,additive,candidate_pool_08,0.5,mask_8dc1386ad4524dcb,5,0.5562988462909892
90404-0,additive,candidate_pool_08,1.0,mask_a842b06af7760b08,4,0.9620645734827422
90404-0,additive,candidate_pool_08,1.5,mask_a9f1de05a2b5cc89,7,1.569516713879167
90404-0,additive,candidate_pool_09,0.5,mask_99b322f566a2bc85,6,0.4725017064252617
90404-0,additive,candidate_pool_09,1.0,mask_6000c95aa8146da6,7,1.0104132334295204
90404-0,additive,candidate_pool_09,1.5,mask_ea7ded36b0b6aa15,8,1.5476341927263522
90404-0,all_pairs,candidate_pool_00,0.5,mask_b611eb15c1cbe033,4,0.5236586518125357
90404-0,all_pairs,candidate_pool_00,1.0,mask_b55f4fdddb0ed7df,7,1.1194708470881665
90404-0,all_pairs,candidate_pool_00,1.5,mask_153f1c2a9e066490,6,1.5976104009429803
90404-0,all_pairs,candidate_pool_01,0.5,mask_d34cab07e9bf4ded,4,0.477413030887796
90404-0,all_pairs,candidate_pool_01,1.0,mask_625dbe9e05728352,8,0.9186464737244715
90404-0,all_pairs,candidate_pool_01,1.5,mask_69b8a0bd055bae3b,8,1.5208889379752049
90404-0,all_pairs,candidate_pool_02,0.5,mask_c36034d7c9cf0b25,7,0.4779499780245746
90404-0,all_pairs,candidate_pool_02,1.0,mask_ab59149b00e47e01,7,1.0508858372397047
90404-0,all_pairs,candidate_pool_02,1.5,mask_053a16108482e172,6,1.3505099300327263
90404-0,all_pairs,candidate_pool_03,0.5,mask_8e19964bc0ea5bd6,8,0.504595971662619
90404-0,all_pairs,candidate_pool_03,1.0,mask_30716df5e75daa97,7,1.0494185269431577
90404-0,all_pairs,candidate_pool_03,1.5,mask_0f1c886d2bd569f0,7,1.2043328880860789
90404-0,all_pairs,candidate_pool_04,0.5,mask_d1786933297085c0,4,0.5578502307764628
90404-0,all_pairs,candidate_pool_04,1.0,mask_ee5fb6904843b482,6,0.9931608043630225
90404-0,all_pairs,candidate_pool_04,1.5,mask_cafa56ef6c77bde9,10,1.3898173297799408
90404-0,all_pairs,candidate_pool_05,0.5,mask_22c097f7c153bb13,9,0.4522079868459147
90404-0,all_pairs,candidate_pool_05,1.0,mask_cf672502900b1ca1,10,1.03140604852103
90404-0,all_pairs,candidate_pool_05,1.5,mask_290a3cb1caf906c3,10,1.4802652897399409
90404-0,all_pairs,candidate_pool_06,0.5,mask_0cbfd8c3e3987d54,5,0.5323134477189162
90404-0,all_pairs,candidate_pool_06,1.0,mask_f16ce08b0ff70796,6,1.1024275147227773
90404-0,all_pairs,candidate_pool_06,1.5,mask_c22a533faf194bc5,7,1.356715471242865
90404-0,all_pairs,candidate_pool_07,0.5,mask_6c3e3315afb6fb8c,4,0.5202756955193708
90404-0,all_pairs,candidate_pool_07,1.0,mask_2261c8e54842bff6,8,0.9657571235321734
90404-0,all_pairs,candidate_pool_07,1.5,mask_83fe021aaca96bf0,5,1.3211344969031056
90404-0,all_pairs,candidate_pool_08,0.5,mask_3fd358a395ddfdd8,7,0.40510155300899425
90404-0,all_pairs,candidate_pool_08,1.0,mask_0483c7c3a82ced7e,6,1.0354428769303101
90404-0,all_pairs,candidate_pool_08,1.5,mask_1ee94a6fab0d1183,8,1.4118379717991134
90404-0,all_pairs,candidate_pool_09,0.5,mask_99b322f566a2bc85,6,0.4293362563413694
90404-0,all_pairs,candidate_pool_09,1.0,mask_6000c95aa8146da6,7,0.999582089756825
90404-0,all_pairs,candidate_pool_09,1.5,mask_527fb4485b283af0,10,1.5123850156678527
90404-0,atp_raw,candidate_pool_00,0.5,mask_bfa108de38e6d58f,6,0.44775920534374747
90404-0,atp_raw,candidate_pool_00,1.0,mask_b611eb15c1cbe033,4,1.026434742629227
90404-0,atp_raw,candidate_pool_00,1.5,mask_a096a397a7d70275,7,1.2828898303624658
90404-0,atp_raw,candidate_pool_01,0.5,mask_3cd97f4a74d408b8,10,0.6584769789167126
90404-0,atp_raw,candidate_pool_01,1.0,mask_d34cab07e9bf4ded,4,1.1343839157824263
90404-0,atp_raw,candidate_pool_01,1.5,mask_4d3f046ece5f8214,9,1.530908454585858
90404-0,atp_raw,candidate_pool_02,0.5,mask_8539d49577e1ed9d,9,0.5203409470391998
90404-0,atp_raw,candidate_pool_02,1.0,mask_3c9ed4cc352cbb27,5,0.9444519345921398
90404-0,atp_raw,candidate_pool_02,1.5,mask_267196af5474f7ae,8,1.2787062379371639
90404-0,atp_raw,candidate_pool_03,0.5,mask_5b90a18db67578c0,5,0.48456363060107155
90404-0,atp_raw,candidate_pool_03,1.0,mask_dc2e11f8d6ea9e67,6,1.2450173197671621
90404-0,atp_raw,candidate_pool_03,1.5,mask_0f1c886d2bd569f0,7,1.5092827757688785
90404-0,atp_raw,candidate_pool_04,0.5,mask_5d6868f3c7cf99b3,6,0.43630022450227934
90404-0,atp_raw,candidate_pool_04,1.0,mask_8b7737474604b389,8,0.8683861610150396
90404-0,atp_raw,candidate_pool_04,1.5,mask_6d2e3876c8f68db8,9,1.1903239411649984
90404-0,atp_raw,candidate_pool_05,0.5,mask_0ea1a19911258943,4,0.5928560087287967
90404-0,atp_raw,candidate_pool_05,1.0,mask_f5d21a1898de9318,7,1.3870042709614894
90404-0,atp_raw,candidate_pool_05,1.5,mask_de24099fc59a002a,4,1.5480781824638445
90404-0,atp_raw,candidate_pool_06,0.5,mask_c22a533faf194bc5,7,0.516736638967437
90404-0,atp_raw,candidate_pool_06,1.0,mask_8a4903df460893e2,6,1.0644622322999768
90404-0,atp_raw,candidate_pool_06,1.5,mask_8a4903df460893e2,6,1.0644622322999768
90404-0,atp_raw,candidate_pool_07,0.5,mask_c4774bd021c06295,7,0.36088949848305085
90404-0,atp_raw,candidate_pool_07,1.0,mask_83fe021aaca96bf0,5,1.3455581031551564
90404-0,atp_raw,candidate_pool_07,1.5,mask_83fe021aaca96bf0,5,1.3455581031551564
90404-0,atp_raw,candidate_pool_08,0.5,mask_8dc1386ad4524dcb,5,0.452326270403585
90404-0,atp_raw,candidate_pool_08,1.0,mask_a9f1de05a2b5cc89,7,1.0434933563863689
90404-0,atp_raw,candidate_pool_08,1.5,mask_a9f1de05a2b5cc89,7,1.0434933563863689
90404-0,atp_raw,candidate_pool_09,0.5,mask_ea7ded36b0b6aa15,8,0.5144684318678849
90404-0,atp_raw,candidate_pool_09,1.0,mask_ea7ded36b0b6aa15,8,0.5144684318678849
90404-0,atp_raw,candidate_pool_09,1.5,mask_6c66643ec3bf086c,6,1.5020524996963112
90404-0,atp_calibrated,candidate_pool_00,0.5,mask_bfa108de38e6d58f,6,0.37798338084662814
90404-0,atp_calibrated,candidate_pool_00,1.0,mask_714aefc72a94a0e9,5,0.9908762947539732
90404-0,atp_calibrated,candidate_pool_00,1.5,mask_153f1c2a9e066490,6,1.5446629733714268
90404-0,atp_calibrated,candidate_pool_01,0.5,mask_3cd97f4a74d408b8,10,0.5558642943131364
90404-0,atp_calibrated,candidate_pool_01,1.0,mask_d34cab07e9bf4ded,4,0.9576090509100812
90404-0,atp_calibrated,candidate_pool_01,1.5,mask_261f2ebd1f8a4eaa,5,1.4239328309370494
90404-0,atp_calibrated,candidate_pool_02,0.5,mask_ab59149b00e47e01,7,0.5068294884316381
90404-0,atp_calibrated,candidate_pool_02,1.0,mask_c7772d470875866f,4,0.9641574622182546
90404-0,atp_calibrated,candidate_pool_02,1.5,mask_267196af5474f7ae,8,1.079441139694955
90404-0,atp_calibrated,candidate_pool_03,0.5,mask_e3bfff07ca1cabef,9,0.5879257975099537
90404-0,atp_calibrated,candidate_pool_03,1.0,mask_dc2e11f8d6ea9e67,6,1.0510020790681907
90404-0,atp_calibrated,candidate_pool_03,1.5,mask_0f1c886d2bd569f0,7,1.2740861593247206
90404-0,atp_calibrated,candidate_pool_04,0.5,mask_93f84412f1b2de39,7,0.5660113997779396
90404-0,atp_calibrated,candidate_pool_04,1.0,mask_6d2e3876c8f68db8,9,1.0048317537968217
90404-0,atp_calibrated,candidate_pool_04,1.5,mask_6d2e3876c8f68db8,9,1.0048317537968217
90404-0,atp_calibrated,candidate_pool_05,0.5,mask_0ea1a19911258943,4,0.5004692608441487
90404-0,atp_calibrated,candidate_pool_05,1.0,mask_f5d21a1898de9318,7,1.170862725612208
90404-0,atp_calibrated,candidate_pool_05,1.5,mask_de24099fc59a002a,4,1.3068359471769335
90404-0,atp_calibrated,candidate_pool_06,0.5,mask_72750b59b18d6c0c,4,0.4633466530652181
90404-0,atp_calibrated,candidate_pool_06,1.0,mask_8a4903df460893e2,6,0.8985834987790108
90404-0,atp_calibrated,candidate_pool_06,1.5,mask_8a4903df460893e2,6,0.8985834987790108
90404-0,atp_calibrated,candidate_pool_07,0.5,mask_21e5e4333c6fc40a,6,0.540118533189513
90404-0,atp_calibrated,candidate_pool_07,1.0,mask_83fe021aaca96bf0,5,1.1358752536772703
90404-0,atp_calibrated,candidate_pool_07,1.5,mask_d43daec0a2f27dc1,8,1.496347095981823
90404-0,atp_calibrated,candidate_pool_08,0.5,mask_331502b1b3b7fde3,6,0.48002255577526803
90404-0,atp_calibrated,candidate_pool_08,1.0,mask_a9f1de05a2b5cc89,7,0.8808822733976269
90404-0,atp_calibrated,candidate_pool_08,1.5,mask_a9f1de05a2b5cc89,7,0.8808822733976269
90404-0,atp_calibrated,candidate_pool_09,0.5,mask_ea7ded36b0b6aa15,8,0.4342970840029917
90404-0,atp_calibrated,candidate_pool_09,1.0,mask_6c66643ec3bf086c,6,1.2679826015156401
90404-0,atp_calibrated,candidate_pool_09,1.5,mask_6c66643ec3bf086c,6,1.2679826015156401
90404-1,additive,candidate_pool_00,0.5,mask_ffe0389c017216d1,4,0.461809930113486
90404-1,additive,candidate_pool_00,1.0,mask_b611eb15c1cbe033,4,1.0375666141490525
90404-1,additive,candidate_pool_00,1.5,mask_a096a397a7d70275,7,1.5435357094238575
90404-1,additive,candidate_pool_01,0.5,mask_d4041af54a719d70,7,0.4618720886752434
90404-1,additive,candidate_pool_01,1.0,mask_f78efa18c25e46d0,5,0.9879694516312005
90404-1,additive,candidate_pool_01,1.5,mask_d34cab07e9bf4ded,4,1.5197509993859326
90404-1,additive,candidate_pool_02,0.5,mask_318be3c54bb72e0d,6,0.5101287107074715
90404-1,additive,candidate_pool_02,1.0,mask_4069015a4c8c7628,4,0.9711479016289142
90404-1,additive,candidate_pool_02,1.5,mask_c7772d470875866f,4,1.4874844451186253
90404-1,additive,candidate_pool_03,0.5,mask_aedb2c503c8eced2,5,0.5522643879360173
90404-1,additive,candidate_pool_03,1.0,mask_e3bfff07ca1cabef,9,1.145478604834511
90404-1,additive,candidate_pool_03,1.5,mask_dc2e11f8d6ea9e67,6,1.4011646393868515
90404-1,additive,candidate_pool_04,0.5,mask_d1786933297085c0,4,0.49719967476807103
90404-1,additive,candidate_pool_04,1.0,mask_5d6868f3c7cf99b3,6,0.9928675919426042
90404-1,additive,candidate_pool_04,1.5,mask_8b7737474604b389,8,1.6649672906515094
90404-1,additive,candidate_pool_05,0.5,mask_ae737f6731edb34d,7,0.6078621712460103
90404-1,additive,candidate_pool_05,1.0,mask_111b2c86496d6209,10,0.8655579480858266
90404-1,additive,candidate_pool_05,1.5,mask_de24099fc59a002a,4,1.364286151232104
90404-1,additive,candidate_pool_06,0.5,mask_f2b097d9ab973b9b,7,0.6034491044333263
90404-1,additive,candidate_pool_06,1.0,mask_f16ce08b0ff70796,6,0.9877020220460804
90404-1,additive,candidate_pool_06,1.5,mask_8a4903df460893e2,6,1.4963030149899574
90404-1,additive,candidate_pool_07,0.5,mask_9401c6bc69ed4d22,10,0.5135472379015894
90404-1,additive,candidate_pool_07,1.0,mask_2261c8e54842bff6,8,0.8710456065570565
90404-1,additive,candidate_pool_07,1.5,mask_73324c4014b4a4c2,4,1.7328030314560596
90404-1,additive,candidate_pool_08,0.5,mask_bda88699e1e7badf,7,0.623300393573913
90404-1,additive,candidate_pool_08,1.0,mask_03ced2f511e0a2f2,10,1.0539141772825709
90404-1,additive,candidate_pool_08,1.5,mask_1ee94a6fab0d1183,8,1.3050266965240553
90404-1,additive,candidate_pool_09,0.5,mask_c3f11a7d9ebab23d,6,0.6364645124658542
90404-1,additive,candidate_pool_09,1.0,mask_6000c95aa8146da6,7,0.8720721847166187
90404-1,additive,candidate_pool_09,1.5,mask_ea7ded36b0b6aa15,8,1.4485368256867663
90404-1,all_pairs,candidate_pool_00,0.5,mask_b611eb15c1cbe033,4,0.36820481515030934
90404-1,all_pairs,candidate_pool_00,1.0,mask_714aefc72a94a0e9,5,0.9137413677132508
90404-1,all_pairs,candidate_pool_00,1.5,mask_153f1c2a9e066490,6,1.5289135807755503
90404-1,all_pairs,candidate_pool_01,0.5,mask_304d12adafdb81c3,6,0.522300941635138
90404-1,all_pairs,candidate_pool_01,1.0,mask_261f2ebd1f8a4eaa,5,1.019993892141457
90404-1,all_pairs,candidate_pool_01,1.5,mask_69b8a0bd055bae3b,8,1.503068225953549
90404-1,all_pairs,candidate_pool_02,0.5,mask_318be3c54bb72e0d,6,0.5175865633234783
90404-1,all_pairs,candidate_pool_02,1.0,mask_6a56eb1c10f15cf8,7,1.0333311375641911
90404-1,all_pairs,candidate_pool_02,1.5,mask_053a16108482e172,6,1.2827000390644683
90404-1,all_pairs,candidate_pool_03,0.5,mask_a1eb01e7a7c4e9be,6,0.4548864899230014
90404-1,all_pairs,candidate_pool_03,1.0,mask_0f1c886d2bd569f0,7,1.0712030575657767
90404-1,all_pairs,candidate_pool_03,1.5,mask_0f1c886d2bd569f0,7,1.0712030575657767
90404-1,all_pairs,candidate_pool_04,0.5,mask_8eaaf64cc1220873,7,0.5537168775357384
90404-1,all_pairs,candidate_pool_04,1.0,mask_5d6868f3c7cf99b3,6,0.9781301350730341
90404-1,all_pairs,candidate_pool_04,1.5,mask_8b7737474604b389,8,1.6435781798516356
90404-1,all_pairs,candidate_pool_05,0.5,mask_22c097f7c153bb13,9,0.5296595366476793
90404-1,all_pairs,candidate_pool_05,1.0,mask_cf672502900b1ca1,10,0.9287595332578247
90404-1,all_pairs,candidate_pool_05,1.5,mask_290a3cb1caf906c3,10,1.5321405981978031
90404-1,all_pairs,candidate_pool_06,0.5,mask_382e0bf880e4af69,5,0.5450030548731367
90404-1,all_pairs,candidate_pool_06,1.0,mask_f16ce08b0ff70796,6,0.966664428083825
90404-1,all_pairs,candidate_pool_06,1.5,mask_c22a533faf194bc5,7,1.2845198414093422
90404-1,all_pairs,candidate_pool_07,0.5,mask_6c3e3315afb6fb8c,4,0.4524793991064472
90404-1,all_pairs,candidate_pool_07,1.0,mask_73324c4014b4a4c2,4,1.0137582655723105
90404-1,all_pairs,candidate_pool_07,1.5,mask_d43daec0a2f27dc1,8,1.593434210487618
90404-1,all_pairs,candidate_pool_08,0.5,mask_a9f1de05a2b5cc89,7,0.4939794216305313
90404-1,all_pairs,candidate_pool_08,1.0,mask_77740b198a0b3a94,6,0.9888400746543381
90404-1,all_pairs,candidate_pool_08,1.5,mask_1ee94a6fab0d1183,8,1.414703845662315
90404-1,all_pairs,candidate_pool_09,0.5,mask_4be83a97da997236,8,0.5528844100904513
90404-1,all_pairs,candidate_pool_09,1.0,mask_6000c95aa8146da6,7,0.880119850137465
90404-1,all_pairs,candidate_pool_09,1.5,mask_ea7ded36b0b6aa15,8,1.450739317574691
90404-1,atp_raw,candidate_pool_00,0.5,mask_bfa108de38e6d58f,6,0.5361073426952364
90404-1,atp_raw,candidate_pool_00,1.0,mask_a096a397a7d70275,7,1.0026598282368673
90404-1,atp_raw,candidate_pool_00,1.5,mask_153f1c2a9e066490,6,1.627809796191912
90404-1,atp_raw,candidate_pool_01,0.5,mask_3cd97f4a74d408b8,10,0.4669508297416953
90404-1,atp_raw,candidate_pool_01,1.0,mask_16dc2167f216f5a8,5,0.9685689920349226
90404-1,atp_raw,candidate_pool_01,1.5,mask_4d3f046ece5f8214,9,1.4700384132704265
90404-1,atp_raw,candidate_pool_02,0.5,mask_8539d49577e1ed9d,9,0.476001334011114
90404-1,atp_raw,candidate_pool_02,1.0,mask_3c9ed4cc352cbb27,5,0.8976886956351658
90404-1,atp_raw,candidate_pool_02,1.5,mask_c7772d470875866f,4,1.1830147430801423
90404-1,atp_raw,candidate_pool_03,0.5,mask_4887f05639551759,6,0.32041264810068637
90404-1,atp_raw,candidate_pool_03,1.0,mask_dc2e11f8d6ea9e67,6,1.1369269404420126
90404-1,atp_raw,candidate_pool_03,1.5,mask_0f1c886d2bd569f0,7,1.4546838904310377
90404-1,atp_raw,candidate_pool_04,0.5,mask_7fb6ffeb6bd8fc1f,7,0.5022726402497819
90404-1,atp_raw,candidate_pool_04,1.0,mask_ee5fb6904843b482,6,0.8098932877333174
90404-1,atp_raw,candidate_pool_04,1.5,mask_6d2e3876c8f68db8,9,1.2968914969473755
90404-1,atp_raw,candidate_pool_05,0.5,mask_290a3cb1caf906c3,10,0.4604844747171284
90404-1,atp_raw,candidate_pool_05,1.0,mask_de24099fc59a002a,4,1.318708603415558
90404-1,atp_raw,candidate_pool_05,1.5,mask_f5d21a1898de9318,7,1.369353392572012
90404-1,atp_raw,candidate_pool_06,0.5,mask_72750b59b18d6c0c,4,0.4807786466403594
90404-1,atp_raw,candidate_pool_06,1.0,mask_8a4903df460893e2,6,0.9741092401917183
90404-1,atp_raw,candidate_pool_06,1.5,mask_8a4903df460893e2,6,0.9741092401917183
90404-1,atp_raw,candidate_pool_07,0.5,mask_21e5e4333c6fc40a,6,0.7005735203844083
90404-1,atp_raw,candidate_pool_07,1.0,mask_21e5e4333c6fc40a,6,0.7005735203844083
90404-1,atp_raw,candidate_pool_07,1.5,mask_83fe021aaca96bf0,5,1.5076845828543906
90404-1,atp_raw,candidate_pool_08,0.5,mask_331502b1b3b7fde3,6,0.508721541823639
90404-1,atp_raw,candidate_pool_08,1.0,mask_a842b06af7760b08,4,1.0077123422606258
90404-1,atp_raw,candidate_pool_08,1.5,mask_a842b06af7760b08,4,1.0077123422606258
90404-1,atp_raw,candidate_pool_09,0.5,mask_2d90e84a12b72772,4,0.5452145847782331
90404-1,atp_raw,candidate_pool_09,1.0,mask_6c66643ec3bf086c,6,1.2948983489055066
90404-1,atp_raw,candidate_pool_09,1.5,mask_6c66643ec3bf086c,6,1.2948983489055066
90404-1,atp_calibrated,candidate_pool_00,0.5,mask_bfa108de38e6d58f,6,0.45631777800319223
90404-1,atp_calibrated,candidate_pool_00,1.0,mask_b55f4fdddb0ed7df,7,0.999613352245889
90404-1,atp_calibrated,candidate_pool_00,1.5,mask_153f1c2a9e066490,6,1.3855407118204401
90404-1,atp_calibrated,candidate_pool_01,0.5,mask_69b8a0bd055bae3b,8,0.48920293233404244
90404-1,atp_calibrated,candidate_pool_01,1.0,mask_d34cab07e9bf4ded,4,1.0967033664938663
90404-1,atp_calibrated,candidate_pool_01,1.5,mask_88feb37e4997bcb0,7,1.4045209011002595
90404-1,atp_calibrated,candidate_pool_02,0.5,mask_053a16108482e172,6,0.4681780001614205
90404-1,atp_calibrated,candidate_pool_02,1.0,mask_c7772d470875866f,4,1.0069450946024967
90404-1,atp_calibrated,candidate_pool_02,1.5,mask_c7772d470875866f,4,1.0069450946024967
90404-1,atp_calibrated,candidate_pool_03,0.5,mask_e3bfff07ca1cabef,9,0.6355586784422127
90404-1,atp_calibrated,candidate_pool_03,1.0,mask_dc2e11f8d6ea9e67,6,0.9677166005715233
90404-1,atp_calibrated,candidate_pool_03,1.5,mask_0f1c886d2bd569f0,7,1.2381813635331664
90404-1,atp_calibrated,candidate_pool_04,0.5,mask_93f84412f1b2de39,7,0.5074028113732287
90404-1,atp_calibrated,candidate_pool_04,1.0,mask_6d2e3876c8f68db8,9,1.1038734206158423
90404-1,atp_calibrated,candidate_pool_04,1.5,mask_6d2e3876c8f68db8,9,1.1038734206158423
90404-1,atp_calibrated,candidate_pool_05,0.5,mask_290a3cb1caf906c3,10,0.3919499614601236
90404-1,atp_calibrated,candidate_pool_05,1.0,mask_de24099fc59a002a,4,1.1224434582802574
90404-1,atp_calibrated,candidate_pool_05,1.5,mask_f5d21a1898de9318,7,1.1655507165004657
90404-1,atp_calibrated,candidate_pool_06,0.5,mask_f16ce08b0ff70796,6,0.5094694751817752
90404-1,atp_calibrated,candidate_pool_06,1.0,mask_8a4903df460893e2,6,0.8291312739384579
90404-1,atp_calibrated,candidate_pool_06,1.5,mask_8a4903df460893e2,6,0.8291312739384579
90404-1,atp_calibrated,candidate_pool_07,0.5,mask_21e5e4333c6fc40a,6,0.5963062369981748
90404-1,atp_calibrated,candidate_pool_07,1.0,mask_73324c4014b4a4c2,4,1.13750348730919
90404-1,atp_calibrated,candidate_pool_07,1.5,mask_66a1456a9ed6a190,9,1.5893251842587823
90404-1,atp_calibrated,candidate_pool_08,0.5,mask_8dc1386ad4524dcb,5,0.5291163510663418
90404-1,atp_calibrated,candidate_pool_08,1.0,mask_a842b06af7760b08,4,0.8577331818940725
90404-1,atp_calibrated,candidate_pool_08,1.5,mask_a842b06af7760b08,4,0.8577331818940725
90404-1,atp_calibrated,candidate_pool_09,0.5,mask_a3021efcfb81527e,5,0.516199434107643
90404-1,atp_calibrated,candidate_pool_09,1.0,mask_6c66643ec3bf086c,6,1.1021769154325247
90404-1,atp_calibrated,candidate_pool_09,1.5,mask_6c66643ec3bf086c,6,1.1021769154325247
90405-0,additive,candidate_pool_00,0.5,mask_bfa108de38e6d58f,6,0.4904849118329988
90405-0,additive,candidate_pool_00,1.0,mask_b611eb15c1cbe033,4,1.1207097210229904
90405-0,additive,candidate_pool_00,1.5,mask_714aefc72a94a0e9,5,1.5120035032220336
90405-0,additive,candidate_pool_01,0.5,mask_d4041af54a719d70,7,0.3746069570602872
90405-0,additive,candidate_pool_01,1.0,mask_3507ab216f864cbe,4,1.0162099107311653
90405-0,additive,candidate_pool_01,1.5,mask_69b8a0bd055bae3b,8,1.4036251593545972
90405-0,additive,candidate_pool_02,0.5,mask_a0046e43df20ac57,5,0.5870739738870444
90405-0,additive,candidate_pool_02,1.0,mask_4069015a4c8c7628,4,0.9885773151047367
90405-0,additive,candidate_pool_02,1.5,mask_8539d49577e1ed9d,9,1.582146515755265
90405-0,additive,candidate_pool_03,0.5,mask_8e19964bc0ea5bd6,8,0.4805430872242613
90405-0,additive,candidate_pool_03,1.0,mask_30716df5e75daa97,7,0.964919593955845
90405-0,additive,candidate_pool_03,1.5,mask_dc2e11f8d6ea9e67,6,1.3797666974840195
90405-0,additive,candidate_pool_04,0.5,mask_8eaaf64cc1220873,7,0.5276886324048471
90405-0,additive,candidate_pool_04,1.0,mask_ee5fb6904843b482,6,1.0090026714887859
90405-0,additive,candidate_pool_04,1.5,mask_6d2e3876c8f68db8,9,1.628770529868179
90405-0,additive,candidate_pool_05,0.5,mask_ae737f6731edb34d,7,0.49503234467602253
90405-0,additive,candidate_pool_05,1.0,mask_290a3cb1caf906c3,10,1.1148002030554156
90405-0,additive,candidate_pool_05,1.5,mask_de24099fc59a002a,4,1.4486269717459193
90405-0,additive,candidate_pool_06,0.5,mask_0cbfd8c3e3987d54,5,0.5000382862413635
90405-0,additive,candidate_pool_06,1.0,mask_f16ce08b0ff70796,6,1.0005657298825257
90405-0,additive,candidate_pool_06,1.5,mask_8a4903df460893e2,6,1.4805418578863674
90405-0,additive,candidate_pool_07,0.5,mask_9401c6bc69ed4d22,10,0.37717906802888373
90405-0,additive,candidate_pool_07,1.0,mask_c4774bd021c06295,7,0.9149762416065002
90405-0,additive,candidate_pool_07,1.5,mask_83fe021aaca96bf0,5,1.487524182362607
90405-0,additive,candidate_pool_08,0.5,mask_8dc1386ad4524dcb,5,0.5091107332254513
90405-0,additive,candidate_pool_08,1.0,mask_331502b1b3b7fde3,6,1.019199934381696
90405-0,additive,candidate_pool_08,1.5,mask_a9f1de05a2b5cc89,7,1.4312852095629125
90405-0,additive,candidate_pool_09,0.5,mask_99b322f566a2bc85,6,0.5041832332887726
90405-0,additive,candidate_pool_09,1.0,mask_6000c95aa8146da6,7,0.905549235477121
90405-0,additive,candidate_pool_09,1.5,mask_ea7ded36b0b6aa15,8,1.462012228659632
90405-0,all_pairs,candidate_pool_00,0.5,mask_b611eb15c1cbe033,4,0.40255839020139433
90405-0,all_pairs,candidate_pool_00,1.0,mask_b55f4fdddb0ed7df,7,0.9853280132889348
90405-0,all_pairs,candidate_pool_00,1.5,mask_153f1c2a9e066490,6,1.4499778072984364
90405-0,all_pairs,candidate_pool_01,0.5,mask_d34cab07e9bf4ded,4,0.5019059725546612
90405-0,all_pairs,candidate_pool_01,1.0,mask_625dbe9e05728352,8,0.9115564719108372
90405-0,all_pairs,candidate_pool_01,1.5,mask_4d3f046ece5f8214,9,1.467414582427384
90405-0,all_pairs,candidate_pool_02,0.5,mask_a0046e43df20ac57,5,0.5535134573299367
90405-0,all_pairs,candidate_pool_02,1.0,mask_6a56eb1c10f15cf8,7,0.9515077524564464
90405-0,all_pairs,candidate_pool_02,1.5,mask_8539d49577e1ed9d,9,1.626996113433761
90405-0,all_pairs,candidate_pool_03,0.5,mask_e3bfff07ca1cabef,9,0.5040323488972279
90405-0,all_pairs,candidate_pool_03,1.0,mask_0f1c886d2bd569f0,7,0.9959718051267196
90405-0,all_pairs,candidate_pool_03,1.5,mask_0f1c886d2bd569f0,7,0.9959718051267196
90405-0,all_pairs,candidate_pool_04,0.5,mask_d1786933297085c0,4,0.5109020719853916
90405-0,all_pairs,candidate_pool_04,1.0,mask_dc190fdfa9807171,10,0.9986120768679859
90405-0,all_pairs,candidate_pool_04,1.5,mask_8b7737474604b389,8,1.60017406317195
90405-0,all_pairs,candidate_pool_05,0.5,mask_ae737f6731edb34d,7,0.4941195762725995
90405-0,all_pairs,candidate_pool_05,1.0,mask_111b2c86496d6209,10,1.0390704765715904
90405-0,all_pairs,candidate_pool_05,1.5,mask_290a3cb1caf906c3,10,1.3349414586127786
90405-0,all_pairs,candidate_pool_06,0.5,mask_f2b097d9ab973b9b,7,0.5153983842343528
90405-0,all_pairs,candidate_pool_06,1.0,mask_5bf7af84e459f7ba,10,0.9979062756940628
90405-0,all_pairs,candidate_pool_06,1.5,mask_c22a533faf194bc5,7,1.2504683887236476
90405-0,all_pairs,candidate_pool_07,0.5,mask_6c3e3315afb6fb8c,4,0.4948000452839095
90405-0,all_pairs,candidate_pool_07,1.0,mask_9401c6bc69ed4d22,10,1.1053256316110796
90405-0,all_pairs,candidate_pool_07,1.5,mask_d43daec0a2f27dc1,8,1.5735468818142215
90405-0,all_pairs,candidate_pool_08,0.5,mask_bda88699e1e7badf,7,0.3948560317938822
90405-0,all_pairs,candidate_pool_08,1.0,mask_331502b1b3b7fde3,6,1.004494129079844
90405-0,all_pairs,candidate_pool_08,1.5,mask_1ee94a6fab0d1183,8,1.28935999773658
90405-0,all_pairs,candidate_pool_09,0.5,mask_99b322f566a2bc85,6,0.4644896485271681
90405-0,all_pairs,candidate_pool_09,1.0,mask_6000c95aa8146da6,7,0.8815769388612532
90405-0,all_pairs,candidate_pool_09,1.5,mask_ea7ded36b0b6aa15,8,1.4493442244188441
90405-0,atp_raw,candidate_pool_00,0.5,mask_bfa108de38e6d58f,6,0.41882734194628346
90405-0,atp_raw,candidate_pool_00,1.0,mask_b611eb15c1cbe033,4,0.9657316348832292
90405-0,atp_raw,candidate_pool_00,1.5,mask_153f1c2a9e066490,6,1.6922321951343224
90405-0,atp_raw,candidate_pool_01,0.5,mask_3cd97f4a74d408b8,10,0.5430680432923367
90405-0,atp_raw,candidate_pool_01,1.0,mask_d34cab07e9bf4ded,4,1.1330240264189304
90405-0,atp_raw,candidate_pool_01,1.5,mask_88feb37e4997bcb0,7,1.531673565833378
90405-0,atp_raw,candidate_pool_02,0.5,mask_053a16108482e172,6,0.5115732143911502
90405-0,atp_raw,candidate_pool_02,1.0,mask_3c9ed4cc352cbb27,5,0.925550061383659
90405-0,atp_raw,candidate_pool_02,1.5,mask_267196af5474f7ae,8,1.1241228046644594
90405-0,atp_raw,candidate_pool_03,0.5,mask_5b90a18db67578c0,5,0.39916092568297956
90405-0,atp_raw,candidate_pool_03,1.0,mask_dc2e11f8d6ea9e67,6,1.1301493017559812
90405-0,atp_raw,candidate_pool_03,1.5,mask_0f1c886d2bd569f0,7,1.4020584987994935
90405-0,atp_raw,candidate_pool_04,0.5,mask_93f84412f1b2de39,7,0.5505130440956845
90405-0,atp_raw,candidate_pool_04,1.0,mask_6d2e3876c8f68db8,9,1.108592568138211
90405-0,atp_raw,candidate_pool_04,1.5,mask_6d2e3876c8f68db8,9,1.108592568138211
90405-0,atp_raw,candidate_pool_05,0.5,mask_0ea1a19911258943,4,0.4761677732134295
90405-0,atp_raw,candidate_pool_05,1.0,mask_f5d21a1898de9318,7,1.3180321042723568
90405-0,atp_raw,candidate_pool_05,1.5,mask_de24099fc59a002a,4,1.461163859507165
90405-0,atp_raw,candidate_pool_06,0.5,mask_f2b097d9ab973b9b,7,0.5149537499264343
90405-0,atp_raw,candidate_pool_06,1.0,mask_8a4903df460893e2,6,1.0134956788118044
90405-0,atp_raw,candidate_pool_06,1.5,mask_8a4903df460893e2,6,1.0134956788118044
90405-0,atp_raw,candidate_pool_07,0.5,mask_21e5e4333c6fc40a,6,0.5978277379589289
90405-0,atp_raw,candidate_pool_07,1.0,mask_83fe021aaca96bf0,5,1.3501581646809258
90405-0,atp_raw,candidate_pool_07,1.5,mask_73324c4014b4a4c2,4,1.5550520268758548
90405-0,atp_raw,candidate_pool_08,0.5,mask_8dc1386ad4524dcb,5,0.4528832923352104
90405-0,atp_raw,candidate_pool_08,1.0,mask_a9f1de05a2b5cc89,7,0.9559863572652192
90405-0,atp_raw,candidate_pool_08,1.5,mask_a9f1de05a2b5cc89,7,0.9559863572652192
90405-0,atp_raw,candidate_pool_09,0.5,mask_a3021efcfb81527e,5,0.41599395316209375
90405-0,atp_raw,candidate_pool_09,1.0,mask_6c66643ec3bf086c,6,1.411036566015064
90405-0,atp_raw,candidate_pool_09,1.5,mask_6c66643ec3bf086c,6,1.411036566015064
90405-0,atp_calibrated,candidate_pool_00,0.5,mask_ff6985d2961f695d,9,0.6428208948147262
90405-0,atp_calibrated,candidate_pool_00,1.0,mask_a096a397a7d70275,7,0.9618503163492657
90405-0,atp_calibrated,candidate_pool_00,1.5,mask_153f1c2a9e066490,6,1.4233789715161742
90405-0,atp_calibrated,candidate_pool_01,0.5,mask_69b8a0bd055bae3b,8,0.5372645360556271
90405-0,atp_calibrated,candidate_pool_01,1.0,mask_d34cab07e9bf4ded,4,0.9530149456229204
90405-0,atp_calibrated,candidate_pool_01,1.5,mask_c6f04107d7ae9b56,9,1.5929900899090745
90405-0,atp_calibrated,candidate_pool_02,0.5,mask_053a16108482e172,6,0.43029707025370717
90405-0,atp_calibrated,candidate_pool_02,1.0,mask_267196af5474f7ae,8,0.9455279045995042
90405-0,atp_calibrated,candidate_pool_02,1.5,mask_267196af5474f7ae,8,0.9455279045995042
90405-0,atp_calibrated,candidate_pool_03,0.5,mask_e3bfff07ca1cabef,9,0.5237883869411154
90405-0,atp_calibrated,candidate_pool_03,1.0,mask_dc2e11f8d6ea9e67,6,0.9505969425581483
90405-0,atp_calibrated,candidate_pool_03,1.5,mask_0f1c886d2bd569f0,7,1.1793065926560549
90405-0,atp_calibrated,candidate_pool_04,0.5,mask_93f84412f1b2de39,7,0.46305033834257925
90405-0,atp_calibrated,candidate_pool_04,1.0,mask_6d2e3876c8f68db8,9,0.9324650328743981
90405-0,atp_calibrated,candidate_pool_04,1.5,mask_6d2e3876c8f68db8,9,0.9324650328743981
90405-0,atp_calibrated,candidate_pool_05,0.5,mask_0ea1a19911258943,4,0.40051666506195965
90405-0,atp_calibrated,candidate_pool_05,1.0,mask_f5d21a1898de9318,7,1.108629883297766
90405-0,atp_calibrated,candidate_pool_05,1.5,mask_de24099fc59a002a,4,1.2290215949926582
90405-0,atp_calibrated,candidate_pool_06,0.5,mask_f2b097d9ab973b9b,7,0.4331405235382043
90405-0,atp_calibrated,candidate_pool_06,1.0,mask_8a4903df460893e2,6,0.8524766524895988
90405-0,atp_calibrated,candidate_pool_06,1.5,mask_8a4903df460893e2,6,0.8524766524895988
90405-0,atp_calibrated,candidate_pool_07,0.5,mask_21e5e4333c6fc40a,6,0.5028479148703806
90405-0,atp_calibrated,candidate_pool_07,1.0,mask_83fe021aaca96bf0,5,1.135651919017625
90405-0,atp_calibrated,candidate_pool_07,1.5,mask_66a1456a9ed6a190,9,1.5848922956766587
90405-0,atp_calibrated,candidate_pool_08,0.5,mask_1f36ab0e18336a51,6,0.5319853845357402
90405-0,atp_calibrated,candidate_pool_08,1.0,mask_a9f1de05a2b5cc89,7,0.8041041187492903
90405-0,atp_calibrated,candidate_pool_08,1.5,mask_a9f1de05a2b5cc89,7,0.8041041187492903
90405-0,atp_calibrated,candidate_pool_09,0.5,mask_a3021efcfb81527e,5,0.3499029547548637
90405-0,atp_calibrated,candidate_pool_09,1.0,mask_6c66643ec3bf086c,6,1.1868582703254942
90405-0,atp_calibrated,candidate_pool_09,1.5,mask_6c66643ec3bf086c,6,1.1868582703254942
90405-1,additive,candidate_pool_00,0.5,mask_7c8b926f287bec49,4,0.46961712985739745
90405-1,additive,candidate_pool_00,1.0,mask_b611eb15c1cbe033,4,1.1792141757942967
90405-1,additive,candidate_pool_00,1.5,mask_ff6985d2961f695d,9,1.5344008308319301
90405-1,additive,candidate_pool_01,0.5,mask_304d12adafdb81c3,6,0.5131108620442056
90405-1,additive,candidate_pool_01,1.0,mask_f78efa18c25e46d0,5,1.0090637801360307
90405-1,additive,candidate_pool_01,1.5,mask_d34cab07e9bf4ded,4,1.5039733726019153
90405-1,additive,candidate_pool_02,0.5,mask_c36034d7c9cf0b25,7,0.4789331333676504
90405-1,additive,candidate_pool_02,1.0,mask_ab59149b00e47e01,7,0.9972170095472723
90405-1,additive,candidate_pool_02,1.5,mask_c7772d470875866f,4,1.5093902654547855
90405-1,additive,candidate_pool_03,0.5,mask_4887f05639551759,6,0.48453228269647475
90405-1,additive,candidate_pool_03,1.0,mask_30716df5e75daa97,7,0.9554145393721203
90405-1,additive,candidate_pool_03,1.5,mask_dc2e11f8d6ea9e67,6,1.467669528611542
90405-1,additive,candidate_pool_04,0.5,mask_8f5eca4cbcfcb5db,6,0.47855747322054926
90405-1,additive,candidate_pool_04,1.0,mask_7fb6ffeb6bd8fc1f,7,1.0142554827117565
90405-1,additive,candidate_pool_04,1.5,mask_8b7737474604b389,8,1.798324879769589
90405-1,additive,candidate_pool_05,0.5,mask_0ea1a19911258943,4,0.30595177824354886
90405-1,additive,candidate_pool_05,1.0,mask_111b2c86496d6209,10,0.9250157170051818
90405-1,additive,candidate_pool_05,1.5,mask_de24099fc59a002a,4,1.4804021939158931
90405-1,additive,candidate_pool_06,0.5,mask_8da4b6178fa2b73e,7,0.4864248221550895
90405-1,additive,candidate_pool_06,1.0,mask_25276dd47f8ef77c,4,0.9558493926742827
90405-1,additive,candidate_pool_06,1.5,mask_8a4903df460893e2,6,1.5230100313871082
90405-1,additive,candidate_pool_07,0.5,mask_9401c6bc69ed4d22,10,0.5840975860918649
90405-1,additive,candidate_pool_07,1.0,mask_2261c8e54842bff6,8,1.0242529280504995
90405-1,additive,candidate_pool_07,1.5,mask_21e5e4333c6fc40a,6,1.2837666344311807
90405-1,additive,candidate_pool_08,0.5,mask_bda88699e1e7badf,7,0.6107364461988075
90405-1,additive,candidate_pool_08,1.0,mask_77740b198a0b3a94,6,0.9821005792612365
90405-1,additive,candidate_pool_08,1.5,mask_1ee94a6fab0d1183,8,1.4186876979009724
90405-1,additive,candidate_pool_09,0.5,mask_c3f11a7d9ebab23d,6,0.6336426464319194
90405-1,additive,candidate_pool_09,1.0,mask_6000c95aa8146da6,7,0.9820562889146036
90405-1,additive,candidate_pool_09,1.5,mask_ea7ded36b0b6aa15,8,1.5380476177767766
90405-1,all_pairs,candidate_pool_00,0.5,mask_b611eb15c1cbe033,4,0.49512726830404924
90405-1,all_pairs,candidate_pool_00,1.0,mask_a096a397a7d70275,7,0.988201538578228
90405-1,all_pairs,candidate_pool_00,1.5,mask_153f1c2a9e066490,6,1.6811004778687684
90405-1,all_pairs,candidate_pool_01,0.5,mask_28f76a93a72310a5,4,0.5850680467715297
90405-1,all_pairs,candidate_pool_01,1.0,mask_76f706be2ab175f0,7,1.0533053444700964
90405-1,all_pairs,candidate_pool_01,1.5,mask_69b8a0bd055bae3b,8,1.6144454599226643
90405-1,all_pairs,candidate_pool_02,0.5,mask_318be3c54bb72e0d,6,0.4728031252091336
90405-1,all_pairs,candidate_pool_02,1.0,mask_ab59149b00e47e01,7,1.0821396673077879
90405-1,all_pairs,candidate_pool_02,1.5,mask_053a16108482e172,6,1.4024519232529535
90405-1,all_pairs,candidate_pool_03,0.5,mask_66e7ba4230023a63,10,0.507922190501888
90405-1,all_pairs,candidate_pool_03,1.0,mask_30716df5e75daa97,7,0.9489333225963561
90405-1,all_pairs,candidate_pool_03,1.5,mask_0f1c886d2bd569f0,7,1.286753422914182
90405-1,all_pairs,candidate_pool_04,0.5,mask_8f5eca4cbcfcb5db,6,0.4846531390353066
90405-1,all_pairs,candidate_pool_04,1.0,mask_ee5fb6904843b482,6,1.0307760737468974
90405-1,all_pairs,candidate_pool_04,1.5,mask_cafa56ef6c77bde9,10,1.4249098326115304
90405-1,all_pairs,candidate_pool_05,0.5,mask_22c097f7c153bb13,9,0.6284738720546212
90405-1,all_pairs,candidate_pool_05,1.0,mask_cf672502900b1ca1,10,1.011351793358885
90405-1,all_pairs,candidate_pool_05,1.5,mask_f5d21a1898de9318,7,1.340046215091038
90405-1,all_pairs,candidate_pool_06,0.5,mask_382e0bf880e4af69,5,0.5223677344691472
90405-1,all_pairs,candidate_pool_06,1.0,mask_2322491b9dd809d6,5,0.9232083978403884
90405-1,all_pairs,candidate_pool_06,1.5,mask_c22a533faf194bc5,7,1.3945236126096676
90405-1,all_pairs,candidate_pool_07,0.5,mask_6c3e3315afb6fb8c,4,0.47991866927134663
90405-1,all_pairs,candidate_pool_07,1.0,mask_dcead7d80876d41f,9,0.9438109690828952
90405-1,all_pairs,candidate_pool_07,1.5,mask_83fe021aaca96bf0,5,1.5705667299500166
90405-1,all_pairs,candidate_pool_08,0.5,mask_3fd358a395ddfdd8,7,0.5072992847865152
90405-1,all_pairs,candidate_pool_08,1.0,mask_aebcbcf7f67000e0,9,0.9669873790016815
90405-1,all_pairs,candidate_pool_08,1.5,mask_03ced2f511e0a2f2,10,1.5069352133309064
90405-1,all_pairs,candidate_pool_09,0.5,mask_4be83a97da997236,8,0.5592288840680069
90405-1,all_pairs,candidate_pool_09,1.0,mask_6000c95aa8146da6,7,1.0031243145175601
90405-1,all_pairs,candidate_pool_09,1.5,mask_527fb4485b283af0,10,1.5201385195472792
90405-1,atp_raw,candidate_pool_00,0.5,mask_56ee0c60e1cde4b8,5,0.4537103874167722
90405-1,atp_raw,candidate_pool_00,1.0,mask_b611eb15c1cbe033,4,0.9622255286299868
90405-1,atp_raw,candidate_pool_00,1.5,mask_b55f4fdddb0ed7df,7,1.255019929377656
90405-1,atp_raw,candidate_pool_01,0.5,mask_3507ab216f864cbe,4,0.5740542917022187
90405-1,atp_raw,candidate_pool_01,1.0,mask_16dc2167f216f5a8,5,0.9798583425042269
90405-1,atp_raw,candidate_pool_01,1.5,mask_261f2ebd1f8a4eaa,5,1.505920785180244
90405-1,atp_raw,candidate_pool_02,0.5,mask_ab59149b00e47e01,7,0.5302558466498006
90405-1,atp_raw,candidate_pool_02,1.0,mask_3c9ed4cc352cbb27,5,0.9179729922576562
90405-1,atp_raw,candidate_pool_02,1.5,mask_267196af5474f7ae,8,1.2655635497581803
90405-1,atp_raw,candidate_pool_03,0.5,mask_4887f05639551759,6,0.411947080806682
90405-1,atp_raw,candidate_pool_03,1.0,mask_aedb2c503c8eced2,5,0.9008860114961862
90405-1,atp_raw,candidate_pool_03,1.5,mask_0f1c886d2bd569f0,7,1.565314970817417
90405-1,atp_raw,candidate_pool_04,0.5,mask_5d6868f3c7cf99b3,6,0.5332092521074965
90405-1,atp_raw,candidate_pool_04,1.0,mask_8b7737474604b389,8,0.931752360876846
90405-1,atp_raw,candidate_pool_04,1.5,mask_6d2e3876c8f68db8,9,1.3781000029687818
90405-1,atp_raw,candidate_pool_05,0.5,mask_0ea1a19911258943,4,0.5032980160101463
90405-1,atp_raw,candidate_pool_05,1.0,mask_de24099fc59a002a,4,1.4122815348355
90405-1,atp_raw,candidate_pool_05,1.5,mask_f5d21a1898de9318,7,1.440149202315431
90405-1,atp_raw,candidate_pool_06,0.5,mask_c22a533faf194bc5,7,0.523576393512715
90405-1,atp_raw,candidate_pool_06,1.0,mask_8a4903df460893e2,6,1.0280509420082364
90405-1,atp_raw,candidate_pool_06,1.5,mask_8a4903df460893e2,6,1.0280509420082364
90405-1,atp_raw,candidate_pool_07,0.5,mask_c4774bd021c06295,7,0.3582356595826386
90405-1,atp_raw,candidate_pool_07,1.0,mask_21e5e4333c6fc40a,6,0.7421755464355413
90405-1,atp_raw,candidate_pool_07,1.5,mask_83fe021aaca96bf0,5,1.4995744888817792
90405-1,atp_raw,candidate_pool_08,0.5,mask_1ee94a6fab0d1183,8,0.43118375812804255
90405-1,atp_raw,candidate_pool_08,1.0,mask_a842b06af7760b08,4,0.9885143525457303
90405-1,atp_raw,candidate_pool_08,1.5,mask_a842b06af7760b08,4,0.9885143525457303
90405-1,atp_raw,candidate_pool_09,0.5,mask_2d90e84a12b72772,4,0.5074240338449415
90405-1,atp_raw,candidate_pool_09,1.0,mask_6c66643ec3bf086c,6,1.3921915475230078
90405-1,atp_raw,candidate_pool_09,1.5,mask_6c66643ec3bf086c,6,1.3921915475230078
90405-1,atp_calibrated,candidate_pool_00,0.5,mask_bfa108de38e6d58f,6,0.4824569164572505
90405-1,atp_calibrated,candidate_pool_00,1.0,mask_714aefc72a94a0e9,5,1.007588370403544
90405-1,atp_calibrated,candidate_pool_00,1.5,mask_153f1c2a9e066490,6,1.5168309707600043
90405-1,atp_calibrated,candidate_pool_01,0.5,mask_3cd97f4a74d408b8,10,0.503878874082727
90405-1,atp_calibrated,candidate_pool_01,1.0,mask_d34cab07e9bf4ded,4,1.101007232433304
90405-1,atp_calibrated,candidate_pool_01,1.5,mask_88feb37e4997bcb0,7,1.4874897873568276
90405-1,atp_calibrated,candidate_pool_02,0.5,mask_8539d49577e1ed9d,9,0.5077309663951141
90405-1,atp_calibrated,candidate_pool_02,1.0,mask_c7772d470875866f,4,1.0423889447888286
90405-1,atp_calibrated,candidate_pool_02,1.5,mask_267196af5474f7ae,8,1.0829948892961614
90405-1,atp_calibrated,candidate_pool_03,0.5,mask_4887f05639551759,6,0.35252009530406886
90405-1,atp_calibrated,candidate_pool_03,1.0,mask_dc2e11f8d6ea9e67,6,1.0752292685593352
90405-1,atp_calibrated,candidate_pool_03,1.5,mask_0f1c886d2bd569f0,7,1.339504534448666
90405-1,atp_calibrated,candidate_pool_04,0.5,mask_7fb6ffeb6bd8fc1f,7,0.4645489905036475
90405-1,atp_calibrated,candidate_pool_04,1.0,mask_6d2e3876c8f68db8,9,1.179296970459834
90405-1,atp_calibrated,candidate_pool_04,1.5,mask_6d2e3876c8f68db8,9,1.179296970459834
90405-1,atp_calibrated,candidate_pool_05,0.5,mask_290a3cb1caf906c3,10,0.4594033428956152
90405-1,atp_calibrated,candidate_pool_05,1.0,mask_de24099fc59a002a,4,1.2085475160583092
90405-1,atp_calibrated,candidate_pool_05,1.5,mask_f5d21a1898de9318,7,1.232395027677253
90405-1,atp_calibrated,candidate_pool_06,0.5,mask_72750b59b18d6c0c,4,0.4781467365468101
90405-1,atp_calibrated,candidate_pool_06,1.0,mask_8a4903df460893e2,6,0.8797455618437843
90405-1,atp_calibrated,candidate_pool_06,1.5,mask_8a4903df460893e2,6,0.8797455618437843
90405-1,atp_calibrated,candidate_pool_07,0.5,mask_21e5e4333c6fc40a,6,0.6351102035957493
90405-1,atp_calibrated,candidate_pool_07,1.0,mask_73324c4014b4a4c2,4,1.2760251752815692
90405-1,atp_calibrated,candidate_pool_07,1.5,mask_d43daec0a2f27dc1,8,1.559798719742956
90405-1,atp_calibrated,candidate_pool_08,0.5,mask_8dc1386ad4524dcb,5,0.5284218974953687
90405-1,atp_calibrated,candidate_pool_08,1.0,mask_a842b06af7760b08,4,0.8459124727537294
90405-1,atp_calibrated,candidate_pool_08,1.5,mask_a842b06af7760b08,4,0.8459124727537294
90405-1,atp_calibrated,candidate_pool_09,0.5,mask_a3021efcfb81527e,5,0.4734343059459346
90405-1,atp_calibrated,candidate_pool_09,1.0,mask_6c66643ec3bf086c,6,1.1913556859130658
90405-1,atp_calibrated,candidate_pool_09,1.5,mask_6c66643ec3bf086c,6,1.1913556859130658
90406-0,additive,candidate_pool_00,0.5,mask_7c8b926f287bec49,4,0.49839358837853476
90406-0,additive,candidate_pool_00,1.0,mask_b611eb15c1cbe033,4,1.3127115361212693
90406-0,additive,candidate_pool_00,1.5,mask_714aefc72a94a0e9,5,1.4764282323732416
90406-0,additive,candidate_pool_01,0.5,mask_304d12adafdb81c3,6,0.5017221940858916
90406-0,additive,candidate_pool_01,1.0,mask_3507ab216f864cbe,4,0.942525161768167
90406-0,additive,candidate_pool_01,1.5,mask_69b8a0bd055bae3b,8,1.457006746614206
90406-0,additive,candidate_pool_02,0.5,mask_c36034d7c9cf0b25,7,0.44960913748593373
90406-0,additive,candidate_pool_02,1.0,mask_ab59149b00e47e01,7,0.9550108434988376
90406-0,additive,candidate_pool_02,1.5,mask_8539d49577e1ed9d,9,1.5763055955753802
90406-0,additive,candidate_pool_03,0.5,mask_4887f05639551759,6,0.4601529630473903
90406-0,additive,candidate_pool_03,1.0,mask_30716df5e75daa97,7,0.9697696575137038
90406-0,additive,candidate_pool_03,1.5,mask_dc2e11f8d6ea9e67,6,1.4017726001386657
90406-0,additive,candidate_pool_04,0.5,mask_8f5eca4cbcfcb5db,6,0.5702690703816173
90406-0,additive,candidate_pool_04,1.0,mask_5d6868f3c7cf99b3,6,0.9081318579719575
90406-0,additive,candidate_pool_04,1.5,mask_8b7737474604b389,8,1.719018810278065
90406-0,additive,candidate_pool_05,0.5,mask_cf672502900b1ca1,10,0.36481935463300164
90406-0,additive,candidate_pool_05,1.0,mask_62191f28479b805a,7,0.8786802055833599
90406-0,additive,candidate_pool_05,1.5,mask_de24099fc59a002a,4,1.5586743950697757
90406-0,additive,candidate_pool_06,0.5,mask_f2b097d9ab973b9b,7,0.5566982865690153
90406-0,additive,candidate_pool_06,1.0,mask_5bf7af84e459f7ba,10,1.005338404662117
90406-0,additive,candidate_pool_06,1.5,mask_8a4903df460893e2,6,1.5210045204107425
90406-0,additive,candidate_pool_07,0.5,mask_9401c6bc69ed4d22,10,0.4058260492955445
90406-0,additive,candidate_pool_07,1.0,mask_c4774bd021c06295,7,0.9869470252318646
90406-0,additive,candidate_pool_07,1.5,mask_83fe021aaca96bf0,5,1.5676335405175013
90406-0,additive,candidate_pool_08,0.5,mask_bda88699e1e7badf,7,0.41776546471216824
90406-0,additive,candidate_pool_08,1.0,mask_a842b06af7760b08,4,1.0141522726106522
90406-0,additive,candidate_pool_08,1.5,mask_a9f1de05a2b5cc89,7,1.5869486744260537
90406-0,additive,candidate_pool_09,0.5,mask_99b322f566a2bc85,6,0.49453795937269873
90406-0,additive,candidate_pool_09,1.0,mask_6000c95aa8146da6,7,0.9355307782912978
90406-0,additive,candidate_pool_09,1.5,mask_ea7ded36b0b6aa15,8,1.4375266814066663
90406-0,all_pairs,candidate_pool_00,0.5,mask_818493500a9903d5,10,0.43141102174724033
90406-0,all_pairs,candidate_pool_00,1.0,mask_a096a397a7d70275,7,1.101065096624207
90406-0,all_pairs,candidate_pool_00,1.5,mask_153f1c2a9e066490,6,1.5522641366906598
90406-0,all_pairs,candidate_pool_01,0.5,mask_28f76a93a72310a5,4,0.4823887635490756
90406-0,all_pairs,candidate_pool_01,1.0,mask_625dbe9e05728352,8,0.9356930570961447
90406-0,all_pairs,candidate_pool_01,1.5,mask_88feb37e4997bcb0,7,1.4975182893586498
90406-0,all_pairs,candidate_pool_02,0.5,mask_1d9e3422b50673a4,10,0.4600572972757727
90406-0,all_pairs,candidate_pool_02,1.0,mask_6a56eb1c10f15cf8,7,1.0188813563650907
90406-0,all_pairs,candidate_pool_02,1.5,mask_8539d49577e1ed9d,9,1.6441814101433976
90406-0,all_pairs,candidate_pool_03,0.5,mask_66e7ba4230023a63,10,0.5397691652199466
90406-0,all_pairs,candidate_pool_03,1.0,mask_30716df5e75daa97,7,0.9393280934020158
90406-0,all_pairs,candidate_pool_03,1.5,mask_0f1c886d2bd569f0,7,1.2412823749842814
90406-0,all_pairs,candidate_pool_04,0.5,mask_d1786933297085c0,4,0.49741852509174445
90406-0,all_pairs,candidate_pool_04,1.0,mask_7fb6ffeb6bd8fc1f,7,0.9439262268374986
90406-0,all_pairs,candidate_pool_04,1.5,mask_cafa56ef6c77bde9,10,1.323656523333317
90406-0,all_pairs,candidate_pool_05,0.5,mask_22c097f7c153bb13,9,0.6090282254226539
90406-0,all_pairs,candidate_pool_05,1.0,mask_62191f28479b805a,7,0.9358318863005062
90406-0,all_pairs,candidate_pool_05,1.5,mask_290a3cb1caf906c3,10,1.5537571090705207
90406-0,all_pairs,candidate_pool_06,0.5,mask_8da4b6178fa2b73e,7,0.5370631370594277
90406-0,all_pairs,candidate_pool_06,1.0,mask_2322491b9dd809d6,5,0.9060931021144059
90406-0,all_pairs,candidate_pool_06,1.5,mask_ba28cb4fde59866a,9,1.3134712298043563
90406-0,all_pairs,candidate_pool_07,0.5,mask_6c3e3315afb6fb8c,4,0.4621506370265353
90406-0,all_pairs,candidate_pool_07,1.0,mask_2261c8e54842bff6,8,1.00810154089419
90406-0,all_pairs,candidate_pool_07,1.5,mask_83fe021aaca96bf0,5,1.4280628573398912
90406-0,all_pairs,candidate_pool_08,0.5,mask_3fd358a395ddfdd8,7,0.4658800656786085
90406-0,all_pairs,candidate_pool_08,1.0,mask_77740b198a0b3a94,6,0.98050259015733
90406-0,all_pairs,candidate_pool_08,1.5,mask_1ee94a6fab0d1183,8,1.368180126082081
90406-0,all_pairs,candidate_pool_09,0.5,mask_99b322f566a2bc85,6,0.45653142259948987
90406-0,all_pairs,candidate_pool_09,1.0,mask_6000c95aa8146da6,7,0.9327064808653389
90406-0,all_pairs,candidate_pool_09,1.5,mask_ea7ded36b0b6aa15,8,1.446529418761874
90406-0,atp_raw,candidate_pool_00,0.5,mask_bfa108de38e6d58f,6,0.5465503185492088
90406-0,atp_raw,candidate_pool_00,1.0,mask_ff6985d2961f695d,9,0.9217825889379342
90406-0,atp_raw,candidate_pool_00,1.5,mask_b55f4fdddb0ed7df,7,1.2624888932332397
90406-0,atp_raw,candidate_pool_01,0.5,mask_3507ab216f864cbe,4,0.6163284518468649
90406-0,atp_raw,candidate_pool_01,1.0,mask_16dc2167f216f5a8,5,0.8777384810010962
90406-0,atp_raw,candidate_pool_01,1.5,mask_261f2ebd1f8a4eaa,5,1.5417440350841176
90406-0,atp_raw,candidate_pool_02,0.5,mask_8539d49577e1ed9d,9,0.44911848512438546
90406-0,atp_raw,candidate_pool_02,1.0,mask_4069015a4c8c7628,4,0.9374974300549861
90406-0,atp_raw,candidate_pool_02,1.5,mask_267196af5474f7ae,8,1.2924028634034255
90406-0,atp_raw,candidate_pool_03,0.5,mask_438eb8e7551c3dd4,4,0.4285259574423841
90406-0,atp_raw,candidate_pool_03,1.0,mask_e3bfff07ca1cabef,9,0.7792183736567088
90406-0,atp_raw,candidate_pool_03,1.5,mask_0f1c886d2bd569f0,7,1.5814341652167445
90406-0,atp_raw,candidate_pool_04,0.5,mask_5d6868f3c7cf99b3,6,0.39750177564812783
90406-0,atp_raw,candidate_pool_04,1.0,mask_ee5fb6904843b482,6,0.8706756173434885
90406-0,atp_raw,candidate_pool_04,1.5,mask_6d2e3876c8f68db8,9,1.3074249743652393
90406-0,atp_raw,candidate_pool_05,0.5,mask_0ea1a19911258943,4,0.5283190227371264
90406-0,atp_raw,candidate_pool_05,1.0,mask_f5d21a1898de9318,7,1.418052355753892
90406-0,atp_raw,candidate_pool_05,1.5,mask_de24099fc59a002a,4,1.5316132404048868
90406-0,atp_raw,candidate_pool_06,0.5,mask_72750b59b18d6c0c,4,0.5523495376605461
90406-0,atp_raw,candidate_pool_06,1.0,mask_8a4903df460893e2,6,1.0765527039221388
90406-0,atp_raw,candidate_pool_06,1.5,mask_8a4903df460893e2,6,1.0765527039221388
90406-0,atp_raw,candidate_pool_07,0.5,mask_c4774bd021c06295,7,0.34663334331336504
90406-0,atp_raw,candidate_pool_07,1.0,mask_21e5e4333c6fc40a,6,0.6763183165420876
90406-0,atp_raw,candidate_pool_07,1.5,mask_73324c4014b4a4c2,4,1.538082338988464
90406-0,atp_raw,candidate_pool_08,0.5,mask_331502b1b3b7fde3,6,0.5470529491319618
90406-0,atp_raw,candidate_pool_08,1.0,mask_a842b06af7760b08,4,0.957539289149436
90406-0,atp_raw,candidate_pool_08,1.5,mask_a9f1de05a2b5cc89,7,1.060172540923343
90406-0,atp_raw,candidate_pool_09,0.5,mask_a3021efcfb81527e,5,0.516636348379023
90406-0,atp_raw,candidate_pool_09,1.0,mask_6c66643ec3bf086c,6,1.4438477162806753
90406-0,atp_raw,candidate_pool_09,1.5,mask_6c66643ec3bf086c,6,1.4438477162806753
90406-0,atp_calibrated,candidate_pool_00,0.5,mask_bfa108de38e6d58f,6,0.4690656985862826
90406-0,atp_calibrated,candidate_pool_00,1.0,mask_714aefc72a94a0e9,5,0.958832429057582
90406-0,atp_calibrated,candidate_pool_00,1.5,mask_153f1c2a9e066490,6,1.5426508286425793
90406-0,atp_calibrated,candidate_pool_01,0.5,mask_3507ab216f864cbe,4,0.5289513627794595
90406-0,atp_calibrated,candidate_pool_01,1.0,mask_d34cab07e9bf4ded,4,1.044537088548016
90406-0,atp_calibrated,candidate_pool_01,1.5,mask_88feb37e4997bcb0,7,1.4397630649381146
90406-0,atp_calibrated,candidate_pool_02,0.5,mask_053a16108482e172,6,0.5070923097391545
90406-0,atp_calibrated,candidate_pool_02,1.0,mask_c7772d470875866f,4,0.9763135536833715
90406-0,atp_calibrated,candidate_pool_02,1.5,mask_267196af5474f7ae,8,1.1091784807415832
90406-0,atp_calibrated,candidate_pool_03,0.5,mask_438eb8e7551c3dd4,4,0.3677736903047287
90406-0,atp_calibrated,candidate_pool_03,1.0,mask_dc2e11f8d6ea9e67,6,1.0527290206182944
90406-0,atp_calibrated,candidate_pool_03,1.5,mask_0f1c886d2bd569f0,7,1.3572337190190826
90406-0,atp_calibrated,candidate_pool_04,0.5,mask_93f84412f1b2de39,7,0.651110195069849
90406-0,atp_calibrated,candidate_pool_04,1.0,mask_6d2e3876c8f68db8,9,1.1220709020491915
90406-0,atp_calibrated,candidate_pool_04,1.5,mask_6d2e3876c8f68db8,9,1.1220709020491915
90406-0,atp_calibrated,candidate_pool_05,0.5,mask_0ea1a19911258943,4,0.4534190596291824
90406-0,atp_calibrated,candidate_pool_05,1.0,mask_f5d21a1898de9318,7,1.2170146028809519
90406-0,atp_calibrated,candidate_pool_05,1.5,mask_de24099fc59a002a,4,1.3144759232444478
90406-0,atp_calibrated,candidate_pool_06,0.5,mask_72750b59b18d6c0c,4,0.474042760480483
90406-0,atp_calibrated,candidate_pool_06,1.0,mask_8a4903df460893e2,6,0.923929469971984
90406-0,atp_calibrated,candidate_pool_06,1.5,mask_8a4903df460893e2,6,0.923929469971984
90406-0,atp_calibrated,candidate_pool_07,0.5,mask_21e5e4333c6fc40a,6,0.5804364444569441
90406-0,atp_calibrated,candidate_pool_07,1.0,mask_83fe021aaca96bf0,5,1.2287886776223078
90406-0,atp_calibrated,candidate_pool_07,1.5,mask_d43daec0a2f27dc1,8,1.5625010564504564
90406-0,atp_calibrated,candidate_pool_08,0.5,mask_331502b1b3b7fde3,6,0.4694970710645856
90406-0,atp_calibrated,candidate_pool_08,1.0,mask_a9f1de05a2b5cc89,7,0.909871528115171
90406-0,atp_calibrated,candidate_pool_08,1.5,mask_a9f1de05a2b5cc89,7,0.909871528115171
90406-0,atp_calibrated,candidate_pool_09,0.5,mask_a3021efcfb81527e,5,0.4433926418902154
90406-0,atp_calibrated,candidate_pool_09,1.0,mask_6c66643ec3bf086c,6,1.239152946588991
90406-0,atp_calibrated,candidate_pool_09,1.5,mask_6c66643ec3bf086c,6,1.239152946588991
90406-1,additive,candidate_pool_00,0.5,mask_56ee0c60e1cde4b8,5,0.5536902468307958
90406-1,additive,candidate_pool_00,1.0,mask_b611eb15c1cbe033,4,0.9932582167784574
90406-1,additive,candidate_pool_00,1.5,mask_ff6985d2961f695d,9,1.3854182582817143
90406-1,additive,candidate_pool_01,0.5,mask_d4041af54a719d70,7,0.43369435869150536
90406-1,additive,candidate_pool_01,1.0,mask_3507ab216f864cbe,4,1.0143350675725538
90406-1,additive,candidate_pool_01,1.5,mask_69b8a0bd055bae3b,8,1.497426514536305
90406-1,additive,candidate_pool_02,0.5,mask_a0046e43df20ac57,5,0.622727491106549
90406-1,additive,candidate_pool_02,1.0,mask_6a56eb1c10f15cf8,7,0.9971943180836442
90406-1,additive,candidate_pool_02,1.5,mask_c7772d470875866f,4,1.4995088690280782
90406-1,additive,candidate_pool_03,0.5,mask_aedb2c503c8eced2,5,0.5120755876063554
90406-1,additive,candidate_pool_03,1.0,mask_30716df5e75daa97,7,0.9510534086508192
90406-1,additive,candidate_pool_03,1.5,mask_dc2e11f8d6ea9e67,6,1.443870923071549
90406-1,additive,candidate_pool_04,0.5,mask_8eaaf64cc1220873,7,0.49917980881483276
90406-1,additive,candidate_pool_04,1.0,mask_ee5fb6904843b482,6,0.955967050137232
90406-1,additive,candidate_pool_04,1.5,mask_6d2e3876c8f68db8,9,1.6808528210455045
90406-1,additive,candidate_pool_05,0.5,mask_ae737f6731edb34d,7,0.5092904451493272
90406-1,additive,candidate_pool_05,1.0,mask_62191f28479b805a,7,0.824823333553243
90406-1,additive,candidate_pool_05,1.5,mask_de24099fc59a002a,4,1.3738737912735206
90406-1,additive,candidate_pool_06,0.5,mask_0cbfd8c3e3987d54,5,0.5549147335366089
90406-1,additive,candidate_pool_06,1.0,mask_f16ce08b0ff70796,6,0.9952607988649966
90406-1,additive,candidate_pool_06,1.5,mask_8a4903df460893e2,6,1.4828988599810522
90406-1,additive,candidate_pool_07,0.5,mask_9401c6bc69ed4d22,10,0.550285629017834
90406-1,additive,candidate_pool_07,1.0,mask_c4774bd021c06295,7,0.879892362075143
90406-1,additive,candidate_pool_07,1.5,mask_83fe021aaca96bf0,5,1.6337871479385195
90406-1,additive,candidate_pool_08,0.5,mask_8dc1386ad4524dcb,5,0.5389348456807164
90406-1,additive,candidate_pool_08,1.0,mask_03ced2f511e0a2f2,10,0.977721923665043
90406-1,additive,candidate_pool_08,1.5,mask_1ee94a6fab0d1183,8,1.3590605152530129
90406-1,additive,candidate_pool_09,0.5,mask_2d90e84a12b72772,4,0.5335441671615588
90406-1,additive,candidate_pool_09,1.0,mask_6000c95aa8146da6,7,0.9509564298855722
90406-1,additive,candidate_pool_09,1.5,mask_ea7ded36b0b6aa15,8,1.5592061409852196
90406-1,all_pairs,candidate_pool_00,0.5,mask_ffe0389c017216d1,4,0.6061652516893036
90406-1,all_pairs,candidate_pool_00,1.0,mask_714aefc72a94a0e9,5,0.9837742661795714
90406-1,all_pairs,candidate_pool_00,1.5,mask_ff6985d2961f695d,9,1.5348595202811808
90406-1,all_pairs,candidate_pool_01,0.5,mask_d4041af54a719d70,7,0.5601657591446494
90406-1,all_pairs,candidate_pool_01,1.0,mask_76f706be2ab175f0,7,1.028784624822047
90406-1,all_pairs,candidate_pool_01,1.5,mask_3cd97f4a74d408b8,10,1.5346308574424938
90406-1,all_pairs,candidate_pool_02,0.5,mask_c36034d7c9cf0b25,7,0.4171540603746934
90406-1,all_pairs,candidate_pool_02,1.0,mask_ab59149b00e47e01,7,0.9702580329025097
90406-1,all_pairs,candidate_pool_02,1.5,mask_053a16108482e172,6,1.32037430161932
90406-1,all_pairs,candidate_pool_03,0.5,mask_ef5c55a63fd9a61d,10,0.5314049055489096
90406-1,all_pairs,candidate_pool_03,1.0,mask_0f1c886d2bd569f0,7,1.0425540512818032
90406-1,all_pairs,candidate_pool_03,1.5,mask_0f1c886d2bd569f0,7,1.0425540512818032
90406-1,all_pairs,candidate_pool_04,0.5,mask_8eaaf64cc1220873,7,0.46641826161757327
90406-1,all_pairs,candidate_pool_04,1.0,mask_dc190fdfa9807171,10,1.0136675852805987
90406-1,all_pairs,candidate_pool_04,1.5,mask_cafa56ef6c77bde9,10,1.4073614442422473
90406-1,all_pairs,candidate_pool_05,0.5,mask_ae737f6731edb34d,7,0.5304983717732638
90406-1,all_pairs,candidate_pool_05,1.0,mask_62191f28479b805a,7,0.8722809528320717
90406-1,all_pairs,candidate_pool_05,1.5,mask_290a3cb1caf906c3,10,1.4590017455512305
90406-1,all_pairs,candidate_pool_06,0.5,mask_0cbfd8c3e3987d54,5,0.5215900322699754
90406-1,all_pairs,candidate_pool_06,1.0,mask_f16ce08b0ff70796,6,0.9704866957411964
90406-1,all_pairs,candidate_pool_06,1.5,mask_c22a533faf194bc5,7,1.380971114898138
90406-1,all_pairs,candidate_pool_07,0.5,mask_6c3e3315afb6fb8c,4,0.5116910009471697
90406-1,all_pairs,candidate_pool_07,1.0,mask_2261c8e54842bff6,8,0.8899658812399588
90406-1,all_pairs,candidate_pool_07,1.5,mask_83fe021aaca96bf0,5,1.4819968180061842
90406-1,all_pairs,candidate_pool_08,0.5,mask_a9f1de05a2b5cc89,7,0.5099752351922007
90406-1,all_pairs,candidate_pool_08,1.0,mask_77740b198a0b3a94,6,0.9606781293139381
90406-1,all_pairs,candidate_pool_08,1.5,mask_1ee94a6fab0d1183,8,1.4564335204386913
90406-1,all_pairs,candidate_pool_09,0.5,mask_4be83a97da997236,8,0.46116244490970193
90406-1,all_pairs,candidate_pool_09,1.0,mask_6000c95aa8146da6,7,0.9503608545649779
90406-1,all_pairs,candidate_pool_09,1.5,mask_527fb4485b283af0,10,1.492004347253384
90406-1,atp_raw,candidate_pool_00,0.5,mask_bfa108de38e6d58f,6,0.43684096179655474
90406-1,atp_raw,candidate_pool_00,1.0,mask_a096a397a7d70275,7,1.0578822898773512
90406-1,atp_raw,candidate_pool_00,1.5,mask_153f1c2a9e066490,6,1.6691242701526048
90406-1,atp_raw,candidate_pool_01,0.5,mask_3cd97f4a74d408b8,10,0.4363309717404522
90406-1,atp_raw,candidate_pool_01,1.0,mask_16dc2167f216f5a8,5,0.8579563384029861
90406-1,atp_raw,candidate_pool_01,1.5,mask_261f2ebd1f8a4eaa,5,1.5123144117877723
90406-1,atp_raw,candidate_pool_02,0.5,mask_8539d49577e1ed9d,9,0.5465789818185933
90406-1,atp_raw,candidate_pool_02,1.0,mask_3c9ed4cc352cbb27,5,0.9203249570457455
90406-1,atp_raw,candidate_pool_02,1.5,mask_c7772d470875866f,4,1.1852946869971954
90406-1,atp_raw,candidate_pool_03,0.5,mask_e3bfff07ca1cabef,9,0.6647432627469986
90406-1,atp_raw,candidate_pool_03,1.0,mask_dc2e11f8d6ea9e67,6,1.1600799555700196
90406-1,atp_raw,candidate_pool_03,1.5,mask_0f1c886d2bd569f0,7,1.3882631130697092
90406-1,atp_raw,candidate_pool_04,0.5,mask_5d6868f3c7cf99b3,6,0.48862847818384836
90406-1,atp_raw,candidate_pool_04,1.0,mask_6d2e3876c8f68db8,9,1.1791329775623294
90406-1,atp_raw,candidate_pool_04,1.5,mask_6d2e3876c8f68db8,9,1.1791329775623294
90406-1,atp_raw,candidate_pool_05,0.5,mask_0ea1a19911258943,4,0.45244487127935396
90406-1,atp_raw,candidate_pool_05,1.0,mask_f5d21a1898de9318,7,1.3404731315665175
90406-1,atp_raw,candidate_pool_05,1.5,mask_de24099fc59a002a,4,1.3462040365664099
90406-1,atp_raw,candidate_pool_06,0.5,mask_c22a533faf194bc5,7,0.5095709830817139
90406-1,atp_raw,candidate_pool_06,1.0,mask_8a4903df460893e2,6,0.9671221037433312
90406-1,atp_raw,candidate_pool_06,1.5,mask_8a4903df460893e2,6,0.9671221037433312
90406-1,atp_raw,candidate_pool_07,0.5,mask_21e5e4333c6fc40a,6,0.6624698544738397
90406-1,atp_raw,candidate_pool_07,1.0,mask_21e5e4333c6fc40a,6,0.6624698544738397
90406-1,atp_raw,candidate_pool_07,1.5,mask_73324c4014b4a4c2,4,1.5093681238952796
90406-1,atp_raw,candidate_pool_08,0.5,mask_331502b1b3b7fde3,6,0.5324793369889411
90406-1,atp_raw,candidate_pool_08,1.0,mask_a842b06af7760b08,4,0.949798766357292
90406-1,atp_raw,candidate_pool_08,1.5,mask_a842b06af7760b08,4,0.949798766357292
90406-1,atp_raw,candidate_pool_09,0.5,mask_ea7ded36b0b6aa15,8,0.5085781482761078
90406-1,atp_raw,candidate_pool_09,1.0,mask_6c66643ec3bf086c,6,1.361296516201668
90406-1,atp_raw,candidate_pool_09,1.5,mask_6c66643ec3bf086c,6,1.361296516201668
90406-1,atp_calibrated,candidate_pool_00,0.5,mask_ff6985d2961f695d,9,0.5443281565978528
90406-1,atp_calibrated,candidate_pool_00,1.0,mask_714aefc72a94a0e9,5,0.971493906100947
90406-1,atp_calibrated,candidate_pool_00,1.5,mask_153f1c2a9e066490,6,1.3981720842604515
90406-1,atp_calibrated,candidate_pool_01,0.5,mask_3507ab216f864cbe,4,0.5188666249182611
90406-1,atp_calibrated,candidate_pool_01,1.0,mask_d34cab07e9bf4ded,4,1.0062758108412846
90406-1,atp_calibrated,candidate_pool_01,1.5,mask_c6f04107d7ae9b56,9,1.6129361644577875
90406-1,atp_calibrated,candidate_pool_02,0.5,mask_053a16108482e172,6,0.48497339031286585
90406-1,atp_calibrated,candidate_pool_02,1.0,mask_c7772d470875866f,4,0.9928834974223875
90406-1,atp_calibrated,candidate_pool_02,1.5,mask_c7772d470875866f,4,0.9928834974223875
90406-1,atp_calibrated,candidate_pool_03,0.5,mask_e3bfff07ca1cabef,9,0.5568341973052062
90406-1,atp_calibrated,candidate_pool_03,1.0,mask_dc2e11f8d6ea9e67,6,0.9717619223401567
90406-1,atp_calibrated,candidate_pool_03,1.5,mask_0f1c886d2bd569f0,7,1.1629036645217035
90406-1,atp_calibrated,candidate_pool_04,0.5,mask_93f84412f1b2de39,7,0.43169118782647814
90406-1,atp_calibrated,candidate_pool_04,1.0,mask_6d2e3876c8f68db8,9,0.9877220302523209
90406-1,atp_calibrated,candidate_pool_04,1.5,mask_6d2e3876c8f68db8,9,0.9877220302523209
90406-1,atp_calibrated,candidate_pool_05,0.5,mask_0ea1a19911258943,4,0.37899861622152853
90406-1,atp_calibrated,candidate_pool_05,1.0,mask_f5d21a1898de9318,7,1.1228715235721403
90406-1,atp_calibrated,candidate_pool_05,1.5,mask_de24099fc59a002a,4,1.127672119628218
90406-1,atp_calibrated,candidate_pool_06,0.5,mask_f2b097d9ab973b9b,7,0.5030749284551643
90406-1,atp_calibrated,candidate_pool_06,1.0,mask_8a4903df460893e2,6,0.8101272935187364
90406-1,atp_calibrated,candidate_pool_06,1.5,mask_8a4903df460893e2,6,0.8101272935187364
90406-1,atp_calibrated,candidate_pool_07,0.5,mask_21e5e4333c6fc40a,6,0.5549298358142748
90406-1,atp_calibrated,candidate_pool_07,1.0,mask_83fe021aaca96bf0,5,1.1867397953866805
90406-1,atp_calibrated,candidate_pool_07,1.5,mask_66a1456a9ed6a190,9,1.5923782391388754
90406-1,atp_calibrated,candidate_pool_08,0.5,mask_fc5299efb847cbc8,5,0.4930799351008362
90406-1,atp_calibrated,candidate_pool_08,1.0,mask_a842b06af7760b08,4,0.7956160871499194
90406-1,atp_calibrated,candidate_pool_08,1.5,mask_a842b06af7760b08,4,0.7956160871499194
90406-1,atp_calibrated,candidate_pool_09,0.5,mask_ea7ded36b0b6aa15,8,0.42601966929611174
90406-1,atp_calibrated,candidate_pool_09,1.0,mask_6c66643ec3bf086c,6,1.1403146077195079
90406-1,atp_calibrated,candidate_pool_09,1.5,mask_6c66643ec3bf086c,6,1.1403146077195079
90407-0,additive,candidate_pool_00,0.5,mask_bfa108de38e6d58f,6,0.4933162830376525
90407-0,additive,candidate_pool_00,1.0,mask_b611eb15c1cbe033,4,1.113521708283421
90407-0,additive,candidate_pool_00,1.5,mask_714aefc72a94a0e9,5,1.4930345670776504
90407-0,additive,candidate_pool_01,0.5,mask_304d12adafdb81c3,6,0.4146280646871687
90407-0,additive,candidate_pool_01,1.0,mask_f78efa18c25e46d0,5,0.98363342487594
90407-0,additive,candidate_pool_01,1.5,mask_69b8a0bd055bae3b,8,1.491841045497904
90407-0,additive,candidate_pool_02,0.5,mask_a0046e43df20ac57,5,0.5997560507571162
90407-0,additive,candidate_pool_02,1.0,mask_4069015a4c8c7628,4,1.0102262176786683
90407-0,additive,candidate_pool_02,1.5,mask_3c9ed4cc352cbb27,5,1.3860814813619304
90407-0,additive,candidate_pool_03,0.5,mask_db4ced2a93ad8780,7,0.5090462211108322
90407-0,additive,candidate_pool_03,1.0,mask_e3bfff07ca1cabef,9,1.0722690263954302
90407-0,additive,candidate_pool_03,1.5,mask_dc2e11f8d6ea9e67,6,1.3615562281896307
90407-0,additive,candidate_pool_04,0.5,mask_8eaaf64cc1220873,7,0.5827141072226024
90407-0,additive,candidate_pool_04,1.0,mask_ee5fb6904843b482,6,0.9898870088145294
90407-0,additive,candidate_pool_04,1.5,mask_6d2e3876c8f68db8,9,1.660601966349897
90407-0,additive,candidate_pool_05,0.5,mask_ae737f6731edb34d,7,0.5823396052689341
90407-0,additive,candidate_pool_05,1.0,mask_62191f28479b805a,7,0.8622466104664457
90407-0,additive,candidate_pool_05,1.5,mask_de24099fc59a002a,4,1.4604527328528576
90407-0,additive,candidate_pool_06,0.5,mask_8da4b6178fa2b73e,7,0.4507861491034766
90407-0,additive,candidate_pool_06,1.0,mask_ba28cb4fde59866a,9,0.9558820609252404
90407-0,additive,candidate_pool_06,1.5,mask_8a4903df460893e2,6,1.445000844798882
90407-0,additive,candidate_pool_07,0.5,mask_9401c6bc69ed4d22,10,0.49929152256047504
90407-0,additive,candidate_pool_07,1.0,mask_c4774bd021c06295,7,0.9448360033301691
90407-0,additive,candidate_pool_07,1.5,mask_83fe021aaca96bf0,5,1.5780536431746564
90407-0,additive,candidate_pool_08,0.5,mask_bda88699e1e7badf,7,0.4590913883210008
90407-0,additive,candidate_pool_08,1.0,mask_03ced2f511e0a2f2,10,0.979692965661939
90407-0,additive,candidate_pool_08,1.5,mask_a9f1de05a2b5cc89,7,1.3771286068754267
90407-0,additive,candidate_pool_09,0.5,mask_2d90e84a12b72772,4,0.49639360153991485
90407-0,additive,candidate_pool_09,1.0,mask_6000c95aa8146da6,7,0.9120245770206262
90407-0,additive,candidate_pool_09,1.5,mask_ea7ded36b0b6aa15,8,1.4760595821555853
90407-0,all_pairs,candidate_pool_00,0.5,mask_ffe0389c017216d1,4,0.5790984030795678
90407-0,all_pairs,candidate_pool_00,1.0,mask_a096a397a7d70275,7,0.9014767900732721
90407-0,all_pairs,candidate_pool_00,1.5,mask_153f1c2a9e066490,6,1.5336040862201958
90407-0,all_pairs,candidate_pool_01,0.5,mask_304d12adafdb81c3,6,0.5016244835831437
90407-0,all_pairs,candidate_pool_01,1.0,mask_76f706be2ab175f0,7,0.9528722082075395
90407-0,all_pairs,candidate_pool_01,1.5,mask_4d3f046ece5f8214,9,1.5326152871635057
90407-0,all_pairs,candidate_pool_02,0.5,mask_c36034d7c9cf0b25,7,0.514452311303399
90407-0,all_pairs,candidate_pool_02,1.0,mask_267196af5474f7ae,8,0.9945619852848101
90407-0,all_pairs,candidate_pool_02,1.5,mask_053a16108482e172,6,1.285760089031796
90407-0,all_pairs,candidate_pool_03,0.5,mask_e3bfff07ca1cabef,9,0.4949034191578401
90407-0,all_pairs,candidate_pool_03,1.0,mask_0f1c886d2bd569f0,7,1.0787596808390565
90407-0,all_pairs,candidate_pool_03,1.5,mask_0f1c886d2bd569f0,7,1.0787596808390565
90407-0,all_pairs,candidate_pool_04,0.5,mask_8eaaf64cc1220873,7,0.5471129648957515
90407-0,all_pairs,candidate_pool_04,1.0,mask_5d6868f3c7cf99b3,6,0.9666666570144078
90407-0,all_pairs,candidate_pool_04,1.5,mask_cafa56ef6c77bde9,10,1.3945462878068935
90407-0,all_pairs,candidate_pool_05,0.5,mask_22c097f7c153bb13,9,0.5199719103578504
90407-0,all_pairs,candidate_pool_05,1.0,mask_cf672502900b1ca1,10,0.9931215133015225
90407-0,all_pairs,candidate_pool_05,1.5,mask_290a3cb1caf906c3,10,1.4755427725615349
90407-0,all_pairs,candidate_pool_06,0.5,mask_0cbfd8c3e3987d54,5,0.5403289656664835
90407-0,all_pairs,candidate_pool_06,1.0,mask_f16ce08b0ff70796,6,1.0371338485374222
90407-0,all_pairs,candidate_pool_06,1.5,mask_c22a533faf194bc5,7,1.299406235418084
90407-0,all_pairs,candidate_pool_07,0.5,mask_6c3e3315afb6fb8c,4,0.47736769398601475
90407-0,all_pairs,candidate_pool_07,1.0,mask_73324c4014b4a4c2,4,1.0953258485293593
90407-0,all_pairs,candidate_pool_07,1.5,mask_83fe021aaca96bf0,5,1.4320331754834927
90407-0,all_pairs,candidate_pool_08,0.5,mask_bda88699e1e7badf,7,0.4682727762831487
90407-0,all_pairs,candidate_pool_08,1.0,mask_77740b198a0b3a94,6,0.9801738774617323
90407-0,all_pairs,candidate_pool_08,1.5,mask_1ee94a6fab0d1183,8,1.3942607941523557
90407-0,all_pairs,candidate_pool_09,0.5,mask_4be83a97da997236,8,0.4934460695893835
90407-0,all_pairs,candidate_pool_09,1.0,mask_6000c95aa8146da6,7,0.9108746485107366
90407-0,all_pairs,candidate_pool_09,1.5,mask_ea7ded36b0b6aa15,8,1.4788188063505179
90407-0,atp_raw,candidate_pool_00,0.5,mask_bfa108de38e6d58f,6,0.4339134528550625
90407-0,atp_raw,candidate_pool_00,1.0,mask_b611eb15c1cbe033,4,0.9519484876516727
90407-0,atp_raw,candidate_pool_00,1.5,mask_153f1c2a9e066490,6,1.7355441974641959
90407-0,atp_raw,candidate_pool_01,0.5,mask_3507ab216f864cbe,4,0.61389357144345
90407-0,atp_raw,candidate_pool_01,1.0,mask_16dc2167f216f5a8,5,0.8350527074353973
90407-0,atp_raw,candidate_pool_01,1.5,mask_4d3f046ece5f8214,9,1.5183597299878921
90407-0,atp_raw,candidate_pool_02,0.5,mask_8539d49577e1ed9d,9,0.5047130278532972
90407-0,atp_raw,candidate_pool_02,1.0,mask_3c9ed4cc352cbb27,5,0.9123971389726468
90407-0,atp_raw,candidate_pool_02,1.5,mask_267196af5474f7ae,8,1.1897547451391963
90407-0,atp_raw,candidate_pool_03,0.5,mask_438eb8e7551c3dd4,4,0.3892910403549893
90407-0,atp_raw,candidate_pool_03,1.0,mask_dc2e11f8d6ea9e67,6,1.1862029142050754
90407-0,atp_raw,candidate_pool_03,1.5,mask_0f1c886d2bd569f0,7,1.4547929347649513
90407-0,atp_raw,candidate_pool_04,0.5,mask_5d6868f3c7cf99b3,6,0.45665733168584
90407-0,atp_raw,candidate_pool_04,1.0,mask_8b7737474604b389,8,0.8145061507267821
90407-0,atp_raw,candidate_pool_04,1.5,mask_6d2e3876c8f68db8,9,1.2027805667269127
90407-0,atp_raw,candidate_pool_05,0.5,mask_0ea1a19911258943,4,0.5533854207485029
90407-0,atp_raw,candidate_pool_05,1.0,mask_f5d21a1898de9318,7,1.3585093759857858
90407-0,atp_raw,candidate_pool_05,1.5,mask_de24099fc59a002a,4,1.468316699562613
90407-0,atp_raw,candidate_pool_06,0.5,mask_c22a533faf194bc5,7,0.4477123398573537
90407-0,atp_raw,candidate_pool_06,1.0,mask_8a4903df460893e2,6,1.0075060454436975
90407-0,atp_raw,candidate_pool_06,1.5,mask_8a4903df460893e2,6,1.0075060454436975
90407-0,atp_raw,candidate_pool_07,0.5,mask_21e5e4333c6fc40a,6,0.6015444589539036
90407-0,atp_raw,candidate_pool_07,1.0,mask_21e5e4333c6fc40a,6,0.6015444589539036
90407-0,atp_raw,candidate_pool_07,1.5,mask_73324c4014b4a4c2,4,1.5307313251576509
90407-0,atp_raw,candidate_pool_08,0.5,mask_8dc1386ad4524dcb,5,0.512311170228047
90407-0,atp_raw,candidate_pool_08,1.0,mask_a842b06af7760b08,4,0.9493354462400669
90407-0,atp_raw,candidate_pool_08,1.5,mask_a842b06af7760b08,4,0.9493354462400669
90407-0,atp_raw,candidate_pool_09,0.5,mask_ea7ded36b0b6aa15,8,0.4465376875492386
90407-0,atp_raw,candidate_pool_09,1.0,mask_6c66643ec3bf086c,6,1.4334918341258227
90407-0,atp_raw,candidate_pool_09,1.5,mask_6c66643ec3bf086c,6,1.4334918341258227
90407-0,atp_calibrated,candidate_pool_00,0.5,mask_bfa108de38e6d58f,6,0.3646151360684187
90407-0,atp_calibrated,candidate_pool_00,1.0,mask_b55f4fdddb0ed7df,7,1.0082377566958416
90407-0,atp_calibrated,candidate_pool_00,1.5,mask_153f1c2a9e066490,6,1.4583684362571139
90407-0,atp_calibrated,candidate_pool_01,0.5,mask_3507ab216f864cbe,4,0.5158514598028545
90407-0,atp_calibrated,candidate_pool_01,1.0,mask_d34cab07e9bf4ded,4,1.0260168205456706
90407-0,atp_calibrated,candidate_pool_01,1.5,mask_88feb37e4997bcb0,7,1.3698434686669452
90407-0,atp_calibrated,candidate_pool_02,0.5,mask_053a16108482e172,6,0.46760505797278235
90407-0,atp_calibrated,candidate_pool_02,1.0,mask_267196af5474f7ae,8,0.999744500735439
90407-0,atp_calibrated,candidate_pool_02,1.5,mask_267196af5474f7ae,8,0.999744500735439
90407-0,atp_calibrated,candidate_pool_03,0.5,mask_e3bfff07ca1cabef,9,0.580448153161977
90407-0,atp_calibrated,candidate_pool_03,1.0,mask_dc2e11f8d6ea9e67,6,0.9967599163423639
90407-0,atp_calibrated,candidate_pool_03,1.5,mask_0f1c886d2bd569f0,7,1.2224546631834354
90407-0,atp_calibrated,candidate_pool_04,0.5,mask_93f84412f1b2de39,7,0.549568042205892
90407-0,atp_calibrated,candidate_pool_04,1.0,mask_6d2e3876c8f68db8,9,1.0106900284192617
90407-0,atp_calibrated,candidate_pool_04,1.5,mask_6d2e3876c8f68db8,9,1.0106900284192617
90407-0,atp_calibrated,candidate_pool_05,0.5,mask_0ea1a19911258943,4,0.46500678685316416
90407-0,atp_calibrated,candidate_pool_05,1.0,mask_f5d21a1898de9318,7,1.141548107614753
90407-0,atp_calibrated,candidate_pool_05,1.5,mask_de24099fc59a002a,4,1.233818609863152
90407-0,atp_calibrated,candidate_pool_06,0.5,mask_72750b59b18d6c0c,4,0.4950587933846295
90407-0,atp_calibrated,candidate_pool_06,1.0,mask_8a4903df460893e2,6,0.846601900522113
90407-0,atp_calibrated,candidate_pool_06,1.5,mask_8a4903df460893e2,6,0.846601900522113
90407-0,atp_calibrated,candidate_pool_07,0.5,mask_21e5e4333c6fc40a,6,0.5054745671274292
90407-0,atp_calibrated,candidate_pool_07,1.0,mask_83fe021aaca96bf0,5,1.213729060932358
90407-0,atp_calibrated,candidate_pool_07,1.5,mask_d43daec0a2f27dc1,8,1.4299863759927238
90407-0,atp_calibrated,candidate_pool_08,0.5,mask_331502b1b3b7fde3,6,0.4543578381586688
90407-0,atp_calibrated,candidate_pool_08,1.0,mask_a842b06af7760b08,4,0.7977214594934783
90407-0,atp_calibrated,candidate_pool_08,1.5,mask_a842b06af7760b08,4,0.7977214594934783
90407-0,atp_calibrated,candidate_pool_09,0.5,mask_ea7ded36b0b6aa15,8,0.37522321244975687
90407-0,atp_calibrated,candidate_pool_09,1.0,mask_6c66643ec3bf086c,6,1.2045554631083062
90407-0,atp_calibrated,candidate_pool_09,1.5,mask_6c66643ec3bf086c,6,1.2045554631083062
90407-1,additive,candidate_pool_00,0.5,mask_ffe0389c017216d1,4,0.4756599583542221
90407-1,additive,candidate_pool_00,1.0,mask_b611eb15c1cbe033,4,1.18976370442926
90407-1,additive,candidate_pool_00,1.5,mask_ff6985d2961f695d,9,1.460778102103947
90407-1,additive,candidate_pool_01,0.5,mask_d4041af54a719d70,7,0.5737994672296187
90407-1,additive,candidate_pool_01,1.0,mask_16dc2167f216f5a8,5,0.9908243084054033
90407-1,additive,candidate_pool_01,1.5,mask_69b8a0bd055bae3b,8,1.461873483637417
90407-1,additive,candidate_pool_02,0.5,mask_a0046e43df20ac57,5,0.6012707043546919
90407-1,additive,candidate_pool_02,1.0,mask_6a56eb1c10f15cf8,7,0.9739124300804485
90407-1,additive,candidate_pool_02,1.5,mask_3c9ed4cc352cbb27,5,1.491290455302789
90407-1,additive,candidate_pool_03,0.5,mask_db4ced2a93ad8780,7,0.48723655424649703
90407-1,additive,candidate_pool_03,1.0,mask_30716df5e75daa97,7,0.9968441928531213
90407-1,additive,candidate_pool_03,1.5,mask_dc2e11f8d6ea9e67,6,1.4917450090867435
90407-1,additive,candidate_pool_04,0.5,mask_8f5eca4cbcfcb5db,6,0.4893926055962487
90407-1,additive,candidate_pool_04,1.0,mask_5d6868f3c7cf99b3,6,0.9803555149525094
90407-1,additive,candidate_pool_04,1.5,mask_8b7737474604b389,8,1.7335055058786901
90407-1,additive,candidate_pool_05,0.5,mask_ae737f6731edb34d,7,0.6372149055005742
90407-1,additive,candidate_pool_05,1.0,mask_111b2c86496d6209,10,0.8900866799830617
90407-1,additive,candidate_pool_05,1.5,mask_de24099fc59a002a,4,1.468673611683795
90407-1,additive,candidate_pool_06,0.5,mask_8da4b6178fa2b73e,7,0.5257782761361
90407-1,additive,candidate_pool_06,1.0,mask_ba28cb4fde59866a,9,1.031862514691445
90407-1,additive,candidate_pool_06,1.5,mask_8a4903df460893e2,6,1.5643233832095145
90407-1,additive,candidate_pool_07,0.5,mask_9401c6bc69ed4d22,10,0.45766149998814265
90407-1,additive,candidate_pool_07,1.0,mask_2261c8e54842bff6,8,0.9411435920203088
90407-1,additive,candidate_pool_07,1.5,mask_83fe021aaca96bf0,5,1.6273107180876891
90407-1,additive,candidate_pool_08,0.5,mask_bda88699e1e7badf,7,0.5624654781709116
90407-1,additive,candidate_pool_08,1.0,mask_1f36ab0e18336a51,6,0.9843812235333422
90407-1,additive,candidate_pool_08,1.5,mask_a9f1de05a2b5cc89,7,1.4495066671765893
90407-1,additive,candidate_pool_09,0.5,mask_2d90e84a12b72772,4,0.6074196091068819
90407-1,additive,candidate_pool_09,1.0,mask_6000c95aa8146da6,7,0.9782323187811521
90407-1,additive,candidate_pool_09,1.5,mask_ea7ded36b0b6aa15,8,1.5257988139677368
90407-1,all_pairs,candidate_pool_00,0.5,mask_b611eb15c1cbe033,4,0.501853693353101
90407-1,all_pairs,candidate_pool_00,1.0,mask_714aefc72a94a0e9,5,0.9716488940822531
90407-1,all_pairs,candidate_pool_00,1.5,mask_153f1c2a9e066490,6,1.5984437362334225
90407-1,all_pairs,candidate_pool_01,0.5,mask_304d12adafdb81c3,6,0.4867295790387258
90407-1,all_pairs,candidate_pool_01,1.0,mask_625dbe9e05728352,8,0.9812170137688796
90407-1,all_pairs,candidate_pool_01,1.5,mask_69b8a0bd055bae3b,8,1.4879403261112878
90407-1,all_pairs,candidate_pool_02,0.5,mask_c36034d7c9cf0b25,7,0.48913478270096644
90407-1,all_pairs,candidate_pool_02,1.0,mask_ab59149b00e47e01,7,0.9911604972490167
90407-1,all_pairs,candidate_pool_02,1.5,mask_053a16108482e172,6,1.3530749199343282
90407-1,all_pairs,candidate_pool_03,0.5,mask_8e19964bc0ea5bd6,8,0.588438975440271
90407-1,all_pairs,candidate_pool_03,1.0,mask_30716df5e75daa97,7,0.9682667211387987
90407-1,all_pairs,candidate_pool_03,1.5,mask_0f1c886d2bd569f0,7,1.2076495880153226
90407-1,all_pairs,candidate_pool_04,0.5,mask_8f5eca4cbcfcb5db,6,0.5020131360370583
90407-1,all_pairs,candidate_pool_04,1.0,mask_dc190fdfa9807171,10,1.0290071208913663
90407-1,all_pairs,candidate_pool_04,1.5,mask_cafa56ef6c77bde9,10,1.3351204358305009
90407-1,all_pairs,candidate_pool_05,0.5,mask_22c097f7c153bb13,9,0.45615125999820805
90407-1,all_pairs,candidate_pool_05,1.0,mask_cf672502900b1ca1,10,0.9689951928912742
90407-1,all_pairs,candidate_pool_05,1.5,mask_290a3cb1caf906c3,10,1.5385221899773036
90407-1,all_pairs,candidate_pool_06,0.5,mask_8da4b6178fa2b73e,7,0.4954782944201593
90407-1,all_pairs,candidate_pool_06,1.0,mask_f16ce08b0ff70796,6,1.0361494183194604
90407-1,all_pairs,candidate_pool_06,1.5,mask_c22a533faf194bc5,7,1.3465400783174288
90407-1,all_pairs,candidate_pool_07,0.5,mask_6c3e3315afb6fb8c,4,0.4986125371508766
90407-1,all_pairs,candidate_pool_07,1.0,mask_2261c8e54842bff6,8,1.0052587455762438
90407-1,all_pairs,candidate_pool_07,1.5,mask_83fe021aaca96bf0,5,1.4817389673705845
90407-1,all_pairs,candidate_pool_08,0.5,mask_3fd358a395ddfdd8,7,0.5389358298436141
90407-1,all_pairs,candidate_pool_08,1.0,mask_aebcbcf7f67000e0,9,0.976580041788717
90407-1,all_pairs,candidate_pool_08,1.5,mask_1ee94a6fab0d1183,8,1.4342755675309848
90407-1,all_pairs,candidate_pool_09,0.5,mask_c5654b277c578f3e,9,0.42800905286179625
90407-1,all_pairs,candidate_pool_09,1.0,mask_6000c95aa8146da6,7,0.9759498181222585
90407-1,all_pairs,candidate_pool_09,1.5,mask_ea7ded36b0b6aa15,8,1.5356599283020176
90407-1,atp_raw,candidate_pool_00,0.5,mask_56ee0c60e1cde4b8,5,0.4503159878908523
90407-1,atp_raw,candidate_pool_00,1.0,mask_b611eb15c1cbe033,4,0.9773691928648687
90407-1,atp_raw,candidate_pool_00,1.5,mask_153f1c2a9e066490,6,1.7279928851524717
90407-1,atp_raw,candidate_pool_01,0.5,mask_3cd97f4a74d408b8,10,0.4951032165202548
90407-1,atp_raw,candidate_pool_01,1.0,mask_16dc2167f216f5a8,5,0.9038111530397865
90407-1,atp_raw,candidate_pool_01,1.5,mask_261f2ebd1f8a4eaa,5,1.5100051083929509
90407-1,atp_raw,candidate_pool_02,0.5,mask_8539d49577e1ed9d,9,0.49237210996408054
90407-1,atp_raw,candidate_pool_02,1.0,mask_3c9ed4cc352cbb27,5,0.9322382327742302
90407-1,atp_raw,candidate_pool_02,1.5,mask_267196af5474f7ae,8,1.1989364837408885
90407-1,atp_raw,candidate_pool_03,0.5,mask_5b90a18db67578c0,5,0.32991908671805165
90407-1,atp_raw,candidate_pool_03,1.0,mask_dc2e11f8d6ea9e67,6,1.199828854762018
90407-1,atp_raw,candidate_pool_03,1.5,mask_0f1c886d2bd569f0,7,1.513961650548851
90407-1,atp_raw,candidate_pool_04,0.5,mask_5d6868f3c7cf99b3,6,0.42998205794144284
90407-1,atp_raw,candidate_pool_04,1.0,mask_ee5fb6904843b482,6,0.8315769854247326
90407-1,atp_raw,candidate_pool_04,1.5,mask_6d2e3876c8f68db8,9,1.2854081555167316
90407-1,atp_raw,candidate_pool_05,0.5,mask_0ea1a19911258943,4,0.4187874508468987
90407-1,atp_raw,candidate_pool_05,1.0,mask_f5d21a1898de9318,7,1.4005916632947277
90407-1,atp_raw,candidate_pool_05,1.5,mask_de24099fc59a002a,4,1.4021939947883917
90407-1,atp_raw,candidate_pool_06,0.5,mask_c22a533faf194bc5,7,0.48667287267232817
90407-1,atp_raw,candidate_pool_06,1.0,mask_8a4903df460893e2,6,1.0353385686342207
90407-1,atp_raw,candidate_pool_06,1.5,mask_8a4903df460893e2,6,1.0353385686342207
90407-1,atp_raw,candidate_pool_07,0.5,mask_c4774bd021c06295,7,0.27994320685412366
90407-1,atp_raw,candidate_pool_07,1.0,mask_21e5e4333c6fc40a,6,0.7443953531763547
90407-1,atp_raw,candidate_pool_07,1.5,mask_73324c4014b4a4c2,4,1.5153181556673658
90407-1,atp_raw,candidate_pool_08,0.5,mask_331502b1b3b7fde3,6,0.5383954410758485
90407-1,atp_raw,candidate_pool_08,1.0,mask_a842b06af7760b08,4,0.9583087056353279
90407-1,atp_raw,candidate_pool_08,1.5,mask_a842b06af7760b08,4,0.9583087056353279
90407-1,atp_raw,candidate_pool_09,0.5,mask_ea7ded36b0b6aa15,8,0.47640322127819545
90407-1,atp_raw,candidate_pool_09,1.0,mask_6c66643ec3bf086c,6,1.3664403150707565
90407-1,atp_raw,candidate_pool_09,1.5,mask_6c66643ec3bf086c,6,1.3664403150707565
90407-1,atp_calibrated,candidate_pool_00,0.5,mask_bfa108de38e6d58f,6,0.47377953333072004
90407-1,atp_calibrated,candidate_pool_00,1.0,mask_b55f4fdddb0ed7df,7,1.0047964943798828
90407-1,atp_calibrated,candidate_pool_00,1.5,mask_153f1c2a9e066490,6,1.479334142472692
90407-1,atp_calibrated,candidate_pool_01,0.5,mask_3507ab216f864cbe,4,0.5328005191649546
90407-1,atp_calibrated,candidate_pool_01,1.0,mask_d34cab07e9bf4ded,4,1.0236360290260267
90407-1,atp_calibrated,candidate_pool_01,1.5,mask_88feb37e4997bcb0,7,1.4022743240798992
90407-1,atp_calibrated,candidate_pool_02,0.5,mask_053a16108482e172,6,0.5275287246101806
90407-1,atp_calibrated,candidate_pool_02,1.0,mask_c7772d470875866f,4,1.0235930656003946
90407-1,atp_calibrated,candidate_pool_02,1.5,mask_267196af5474f7ae,8,1.0264091306704388
90407-1,atp_calibrated,candidate_pool_03,0.5,mask_e3bfff07ca1cabef,9,0.6455918743058953
90407-1,atp_calibrated,candidate_pool_03,1.0,mask_dc2e11f8d6ea9e67,6,1.0271730892090722
90407-1,atp_calibrated,candidate_pool_03,1.5,mask_0f1c886d2bd569f0,7,1.2961020726966748
90407-1,atp_calibrated,candidate_pool_04,0.5,mask_93f84412f1b2de39,7,0.5246008724532571
90407-1,atp_calibrated,candidate_pool_04,1.0,mask_6d2e3876c8f68db8,9,1.1004375005288076
90407-1,atp_calibrated,candidate_pool_04,1.5,mask_6d2e3876c8f68db8,9,1.1004375005288076
90407-1,atp_calibrated,candidate_pool_05,0.5,mask_0ea1a19911258943,4,0.35852379937447304
90407-1,atp_calibrated,candidate_pool_05,1.0,mask_f5d21a1898de9318,7,1.199046063775712
90407-1,atp_calibrated,candidate_pool_05,1.5,mask_de24099fc59a002a,4,1.2004178192421284
90407-1,atp_calibrated,candidate_pool_06,0.5,mask_f2b097d9ab973b9b,7,0.5344443299052
90407-1,atp_calibrated,candidate_pool_06,1.0,mask_8a4903df460893e2,6,0.88635300918167
90407-1,atp_calibrated,candidate_pool_06,1.5,mask_8a4903df460893e2,6,0.88635300918167
90407-1,atp_calibrated,candidate_pool_07,0.5,mask_21e5e4333c6fc40a,6,0.6372766178112086
90407-1,atp_calibrated,candidate_pool_07,1.0,mask_83fe021aaca96bf0,5,1.1998529857399773
90407-1,atp_calibrated,candidate_pool_07,1.5,mask_d43daec0a2f27dc1,8,1.4812547568933512
90407-1,atp_calibrated,candidate_pool_08,0.5,mask_8dc1386ad4524dcb,5,0.4783709947861457
90407-1,atp_calibrated,candidate_pool_08,1.0,mask_a842b06af7760b08,4,0.8204077687218395
90407-1,atp_calibrated,candidate_pool_08,1.5,mask_a842b06af7760b08,4,0.8204077687218395
90407-1,atp_calibrated,candidate_pool_09,0.5,mask_a3021efcfb81527e,5,0.45216689704016405
90407-1,atp_calibrated,candidate_pool_09,1.0,mask_6c66643ec3bf086c,6,1.1698091057573712
90407-1,atp_calibrated,candidate_pool_09,1.5,mask_6c66643ec3bf086c,6,1.1698091057573712
90408-0,additive,candidate_pool_00,0.5,mask_bfa108de38e6d58f,6,0.4823707010959726
90408-0,additive,candidate_pool_00,1.0,mask_b611eb15c1cbe033,4,1.212963113331877
90408-0,additive,candidate_pool_00,1.5,mask_714aefc72a94a0e9,5,1.5408968742343112
90408-0,additive,candidate_pool_01,0.5,mask_625dbe9e05728352,8,0.6388724560301162
90408-0,additive,candidate_pool_01,1.0,mask_3507ab216f864cbe,4,0.9976552693935211
90408-0,additive,candidate_pool_01,1.5,mask_69b8a0bd055bae3b,8,1.5012759011539707
90408-0,additive,candidate_pool_02,0.5,mask_a0046e43df20ac57,5,0.6411030321940663
90408-0,additive,candidate_pool_02,1.0,mask_ab59149b00e47e01,7,0.9809971442491515
90408-0,additive,candidate_pool_02,1.5,mask_3c9ed4cc352cbb27,5,1.4217932318404949
90408-0,additive,candidate_pool_03,0.5,mask_8e19964bc0ea5bd6,8,0.4740155960551548
90408-0,additive,candidate_pool_03,1.0,mask_30716df5e75daa97,7,1.0561976083865467
90408-0,additive,candidate_pool_03,1.5,mask_dc2e11f8d6ea9e67,6,1.4874069986534169
90408-0,additive,candidate_pool_04,0.5,mask_8f5eca4cbcfcb5db,6,0.4114722298046952
90408-0,additive,candidate_pool_04,1.0,mask_ee5fb6904843b482,6,0.9821544219751484
90408-0,additive,candidate_pool_04,1.5,mask_6d2e3876c8f68db8,9,1.686119510451538
90408-0,additive,candidate_pool_05,0.5,mask_ae737f6731edb34d,7,0.5535422014779962
90408-0,additive,candidate_pool_05,1.0,mask_62191f28479b805a,7,0.9786877854472515
90408-0,additive,candidate_pool_05,1.5,mask_de24099fc59a002a,4,1.5838249938783604
90408-0,additive,candidate_pool_06,0.5,mask_0cbfd8c3e3987d54,5,0.5373098996511048
90408-0,additive,candidate_pool_06,1.0,mask_ba28cb4fde59866a,9,0.9089866388516027
90408-0,additive,candidate_pool_06,1.5,mask_8a4903df460893e2,6,1.5217183015109046
90408-0,additive,candidate_pool_07,0.5,mask_9401c6bc69ed4d22,10,0.417717026853116
90408-0,additive,candidate_pool_07,1.0,mask_c4774bd021c06295,7,1.0507477687449487
90408-0,additive,candidate_pool_07,1.5,mask_83fe021aaca96bf0,5,1.5685103682056074
90408-0,additive,candidate_pool_08,0.5,mask_8dc1386ad4524dcb,5,0.5606136292978927
90408-0,additive,candidate_pool_08,1.0,mask_a842b06af7760b08,4,0.9849653854252702
90408-0,additive,candidate_pool_08,1.5,mask_a9f1de05a2b5cc89,7,1.4824054240600653
90408-0,additive,candidate_pool_09,0.5,mask_a3021efcfb81527e,5,0.5304107370352688
90408-0,additive,candidate_pool_09,1.0,mask_6000c95aa8146da6,7,1.0172009587017439
90408-0,additive,candidate_pool_09,1.5,mask_ea7ded36b0b6aa15,8,1.5374797156065632
90408-0,all_pairs,candidate_pool_00,0.5,mask_b611eb15c1cbe033,4,0.47309098656188375
90408-0,all_pairs,candidate_pool_00,1.0,mask_a096a397a7d70275,7,1.075774761597053
90408-0,all_pairs,candidate_pool_00,1.5,mask_153f1c2a9e066490,6,1.6165106449358573
90408-0,all_pairs,candidate_pool_01,0.5,mask_d4041af54a719d70,7,0.47381488143035777
90408-0,all_pairs,candidate_pool_01,1.0,mask_76f706be2ab175f0,7,0.9644636451297883
90408-0,all_pairs,candidate_pool_01,1.5,mask_88feb37e4997bcb0,7,1.483392602550771
90408-0,all_pairs,candidate_pool_02,0.5,mask_c7772d470875866f,4,0.6062522231101064
90408-0,all_pairs,candidate_pool_02,1.0,mask_ab59149b00e47e01,7,1.0652109090055264
90408-0,all_pairs,candidate_pool_02,1.5,mask_053a16108482e172,6,1.3920204214542826
90408-0,all_pairs,candidate_pool_03,0.5,mask_8e19964bc0ea5bd6,8,0.4910768128616726
90408-0,all_pairs,candidate_pool_03,1.0,mask_30716df5e75daa97,7,1.026760219738457
90408-0,all_pairs,candidate_pool_03,1.5,mask_0f1c886d2bd569f0,7,1.1317733458091805
90408-0,all_pairs,candidate_pool_04,0.5,mask_d1786933297085c0,4,0.5083940647466725
90408-0,all_pairs,candidate_pool_04,1.0,mask_5d6868f3c7cf99b3,6,1.0285980373453325
90408-0,all_pairs,candidate_pool_04,1.5,mask_cafa56ef6c77bde9,10,1.3873594731795607
90408-0,all_pairs,candidate_pool_05,0.5,mask_ae737f6731edb34d,7,0.5747551049467046
90408-0,all_pairs,candidate_pool_05,1.0,mask_62191f28479b805a,7,1.025790525994649
90408-0,all_pairs,candidate_pool_05,1.5,mask_290a3cb1caf906c3,10,1.482862164224473
90408-0,all_pairs,candidate_pool_06,0.5,mask_382e0bf880e4af69,5,0.504670724692446
90408-0,all_pairs,candidate_pool_06,1.0,mask_5bf7af84e459f7ba,10,1.0298934675545732
90408-0,all_pairs,candidate_pool_06,1.5,mask_c22a533faf194bc5,7,1.350599344313403
90408-0,all_pairs,candidate_pool_07,0.5,mask_6c3e3315afb6fb8c,4,0.5718168486907804
90408-0,all_pairs,candidate_pool_07,1.0,mask_c4774bd021c06295,7,0.996668594797827
90408-0,all_pairs,candidate_pool_07,1.5,mask_83fe021aaca96bf0,5,1.4309606139348867
90408-0,all_pairs,candidate_pool_08,0.5,mask_bda88699e1e7badf,7,0.35043533051852616
90408-0,all_pairs,candidate_pool_08,1.0,mask_77740b198a0b3a94,6,1.0024745087284908
90408-0,all_pairs,candidate_pool_08,1.5,mask_1ee94a6fab0d1183,8,1.4506349999177046
90408-0,all_pairs,candidate_pool_09,0.5,mask_99b322f566a2bc85,6,0.4990771616632035
90408-0,all_pairs,candidate_pool_09,1.0,mask_6000c95aa8146da6,7,1.0157330453740403
90408-0,all_pairs,candidate_pool_09,1.5,mask_527fb4485b283af0,10,1.5453213662904335
90408-0,atp_raw,candidate_pool_00,0.5,mask_bfa108de38e6d58f,6,0.38893423295165913
90408-0,atp_raw,candidate_pool_00,1.0,mask_b611eb15c1cbe033,4,1.0200120162632729
90408-0,atp_raw,candidate_pool_00,1.5,mask_a096a397a7d70275,7,1.2352959381933841
90408-0,atp_raw,candidate_pool_01,0.5,mask_3507ab216f864cbe,4,0.6248898408996562
90408-0,atp_raw,candidate_pool_01,1.0,mask_d34cab07e9bf4ded,4,1.2112273906668027
90408-0,atp_raw,candidate_pool_01,1.5,mask_4d3f046ece5f8214,9,1.5657291256150025
90408-0,atp_raw,candidate_pool_02,0.5,mask_8539d49577e1ed9d,9,0.5675078931678501
90408-0,atp_raw,candidate_pool_02,1.0,mask_3c9ed4cc352cbb27,5,0.9213529319088491
90408-0,atp_raw,candidate_pool_02,1.5,mask_267196af5474f7ae,8,1.2754073452825347
90408-0,atp_raw,candidate_pool_03,0.5,mask_438eb8e7551c3dd4,4,0.5045122095383704
90408-0,atp_raw,candidate_pool_03,1.0,mask_aedb2c503c8eced2,5,0.7855615334844009
90408-0,atp_raw,candidate_pool_03,1.5,mask_0f1c886d2bd569f0,7,1.5293427153128303
90408-0,atp_raw,candidate_pool_04,0.5,mask_5d6868f3c7cf99b3,6,0.5065657465770426
90408-0,atp_raw,candidate_pool_04,1.0,mask_8b7737474604b389,8,0.9437043172410793
90408-0,atp_raw,candidate_pool_04,1.5,mask_6d2e3876c8f68db8,9,1.187739623343158
90408-0,atp_raw,candidate_pool_05,0.5,mask_0ea1a19911258943,4,0.6333848312911061
90408-0,atp_raw,candidate_pool_05,1.0,mask_0ea1a19911258943,4,0.6333848312911061
90408-0,atp_raw,candidate_pool_05,1.5,mask_de24099fc59a002a,4,1.6037691686457642
90408-0,atp_raw,candidate_pool_06,0.5,mask_c22a533faf194bc5,7,0.5140632943095018
90408-0,atp_raw,candidate_pool_06,1.0,mask_8a4903df460893e2,6,1.0587031821927262
90408-0,atp_raw,candidate_pool_06,1.5,mask_8a4903df460893e2,6,1.0587031821927262
90408-0,atp_raw,candidate_pool_07,0.5,mask_21e5e4333c6fc40a,6,0.5513723030479416
90408-0,atp_raw,candidate_pool_07,1.0,mask_83fe021aaca96bf0,5,1.4331047107620787
90408-0,atp_raw,candidate_pool_07,1.5,mask_83fe021aaca96bf0,5,1.4331047107620787
90408-0,atp_raw,candidate_pool_08,0.5,mask_8dc1386ad4524dcb,5,0.4532063748273585
90408-0,atp_raw,candidate_pool_08,1.0,mask_a9f1de05a2b5cc89,7,0.992126284689746
90408-0,atp_raw,candidate_pool_08,1.5,mask_a9f1de05a2b5cc89,7,0.992126284689746
90408-0,atp_raw,candidate_pool_09,0.5,mask_ea7ded36b0b6aa15,8,0.5131543788282822
90408-0,atp_raw,candidate_pool_09,1.0,mask_ea7ded36b0b6aa15,8,0.5131543788282822
90408-0,atp_raw,candidate_pool_09,1.5,mask_6c66643ec3bf086c,6,1.5131189577022774
90408-0,atp_calibrated,candidate_pool_00,0.5,mask_bfa108de38e6d58f,6,0.32788453748043367
90408-0,atp_calibrated,candidate_pool_00,1.0,mask_b55f4fdddb0ed7df,7,1.0171210731586566
90408-0,atp_calibrated,candidate_pool_00,1.5,mask_153f1c2a9e066490,6,1.6063702911916513
90408-0,atp_calibrated,candidate_pool_01,0.5,mask_3507ab216f864cbe,4,0.5268029890417789
90408-0,atp_calibrated,candidate_pool_01,1.0,mask_d34cab07e9bf4ded,4,1.0211051101325357
90408-0,atp_calibrated,candidate_pool_01,1.5,mask_88feb37e4997bcb0,7,1.419140729399592
90408-0,atp_calibrated,candidate_pool_02,0.5,mask_ab59149b00e47e01,7,0.5088121178853313
90408-0,atp_calibrated,candidate_pool_02,1.0,mask_c7772d470875866f,4,0.9796943674760157
90408-0,atp_calibrated,candidate_pool_02,1.5,mask_267196af5474f7ae,8,1.075210953619216
90408-0,atp_calibrated,candidate_pool_03,0.5,mask_e3bfff07ca1cabef,9,0.5507868105515616
90408-0,atp_calibrated,candidate_pool_03,1.0,mask_dc2e11f8d6ea9e67,6,1.0692254521521716
90408-0,atp_calibrated,candidate_pool_03,1.5,mask_0f1c886d2bd569f0,7,1.2892869446175574
90408-0,atp_calibrated,candidate_pool_04,0.5,mask_5d6868f3c7cf99b3,6,0.4270518289411882
90408-0,atp_calibrated,candidate_pool_04,1.0,mask_6d2e3876c8f68db8,9,1.0013041384697547
90408-0,atp_calibrated,candidate_pool_04,1.5,mask_6d2e3876c8f68db8,9,1.0013041384697547
90408-0,atp_calibrated,candidate_pool_05,0.5,mask_0ea1a19911258943,4,0.5339645494276127
90408-0,atp_calibrated,candidate_pool_05,1.0,mask_f5d21a1898de9318,7,1.1727298540388171
90408-0,atp_calibrated,candidate_pool_05,1.5,mask_de24099fc59a002a,4,1.3520309284581653
90408-0,atp_calibrated,candidate_pool_06,0.5,mask_72750b59b18d6c0c,4,0.5311612701018475
90408-0,atp_calibrated,candidate_pool_06,1.0,mask_8a4903df460893e2,6,0.8925221125121959
90408-0,atp_calibrated,candidate_pool_06,1.5,mask_8a4903df460893e2,6,0.8925221125121959
90408-0,atp_calibrated,candidate_pool_07,0.5,mask_21e5e4333c6fc40a,6,0.4648252512832058
90408-0,atp_calibrated,candidate_pool_07,1.0,mask_83fe021aaca96bf0,5,1.2081550952282931
90408-0,atp_calibrated,candidate_pool_07,1.5,mask_d43daec0a2f27dc1,8,1.525728281537409
90408-0,atp_calibrated,candidate_pool_08,0.5,mask_fc5299efb847cbc8,5,0.530751457265093
90408-0,atp_calibrated,candidate_pool_08,1.0,mask_a9f1de05a2b5cc89,7,0.8363955661833206
90408-0,atp_calibrated,candidate_pool_08,1.5,mask_a9f1de05a2b5cc89,7,0.8363955661833206
90408-0,atp_calibrated,candidate_pool_09,0.5,mask_ea7ded36b0b6aa15,8,0.43260626579785566
90408-0,atp_calibrated,candidate_pool_09,1.0,mask_6c66643ec3bf086c,6,1.2756097755497682
90408-0,atp_calibrated,candidate_pool_09,1.5,mask_6c66643ec3bf086c,6,1.2756097755497682
90408-1,additive,candidate_pool_00,0.5,mask_ffe0389c017216d1,4,0.51031012590209
90408-1,additive,candidate_pool_00,1.0,mask_b611eb15c1cbe033,4,1.093799112155091
90408-1,additive,candidate_pool_00,1.5,mask_ff6985d2961f695d,9,1.4433599760812201
90408-1,additive,candidate_pool_01,0.5,mask_304d12adafdb81c3,6,0.5217963316571546
90408-1,additive,candidate_pool_01,1.0,mask_f78efa18c25e46d0,5,0.9982041515608673
90408-1,additive,candidate_pool_01,1.5,mask_69b8a0bd055bae3b,8,1.4567804068866268
90408-1,additive,candidate_pool_02,0.5,mask_c36034d7c9cf0b25,7,0.4986027535070519
90408-1,additive,candidate_pool_02,1.0,mask_4069015a4c8c7628,4,1.0352761626686422
90408-1,additive,candidate_pool_02,1.5,mask_c7772d470875866f,4,1.4485651530815231
90408-1,additive,candidate_pool_03,0.5,mask_aedb2c503c8eced2,5,0.4951609385800892
90408-1,additive,candidate_pool_03,1.0,mask_30716df5e75daa97,7,0.8755274225419531
90408-1,additive,candidate_pool_03,1.5,mask_dc2e11f8d6ea9e67,6,1.3666602450513616
90408-1,additive,candidate_pool_04,0.5,mask_8f5eca4cbcfcb5db,6,0.46219794337079834
90408-1,additive,candidate_pool_04,1.0,mask_5d6868f3c7cf99b3,6,0.9330808221697073
90408-1,additive,candidate_pool_04,1.5,mask_8b7737474604b389,8,1.6148841082785448
90408-1,additive,candidate_pool_05,0.5,mask_ae737f6731edb34d,7,0.65670645489897
90408-1,additive,candidate_pool_05,1.0,mask_111b2c86496d6209,10,0.8940232073292905
90408-1,additive,candidate_pool_05,1.5,mask_de24099fc59a002a,4,1.3589291689442307
90408-1,additive,candidate_pool_06,0.5,mask_8da4b6178fa2b73e,7,0.5413960893149432
90408-1,additive,candidate_pool_06,1.0,mask_f16ce08b0ff70796,6,0.9811254447047346
90408-1,additive,candidate_pool_06,1.5,mask_8a4903df460893e2,6,1.4837633927526623
90408-1,additive,candidate_pool_07,0.5,mask_9401c6bc69ed4d22,10,0.5341285084387106
90408-1,additive,candidate_pool_07,1.0,mask_2261c8e54842bff6,8,0.9350419333639123
90408-1,additive,candidate_pool_07,1.5,mask_83fe021aaca96bf0,5,1.6304192173344645
90408-1,additive,candidate_pool_08,0.5,mask_3fd358a395ddfdd8,7,0.4771283912776874
90408-1,additive,candidate_pool_08,1.0,mask_331502b1b3b7fde3,6,0.9916037716561561
90408-1,additive,candidate_pool_08,1.5,mask_a9f1de05a2b5cc89,7,1.3488098808047237
90408-1,additive,candidate_pool_09,0.5,mask_2d90e84a12b72772,4,0.6269506648802372
90408-1,additive,candidate_pool_09,1.0,mask_6000c95aa8146da6,7,0.8782895784805012
90408-1,additive,candidate_pool_09,1.5,mask_ea7ded36b0b6aa15,8,1.4662405437665438
90408-1,all_pairs,candidate_pool_00,0.5,mask_b611eb15c1cbe033,4,0.4265398583122592
90408-1,all_pairs,candidate_pool_00,1.0,mask_714aefc72a94a0e9,5,0.9234155728068222
90408-1,all_pairs,candidate_pool_00,1.5,mask_153f1c2a9e066490,6,1.518298379031904
90408-1,all_pairs,candidate_pool_01,0.5,mask_28f76a93a72310a5,4,0.5799874508245393
90408-1,all_pairs,candidate_pool_01,1.0,mask_625dbe9e05728352,8,0.9527503566314832
90408-1,all_pairs,candidate_pool_01,1.5,mask_69b8a0bd055bae3b,8,1.5029313117360636
90408-1,all_pairs,candidate_pool_02,0.5,mask_90268cfdee9c04e6,7,0.5015835089278773
90408-1,all_pairs,candidate_pool_02,1.0,mask_267196af5474f7ae,8,0.9745783541690012
90408-1,all_pairs,candidate_pool_02,1.5,mask_8539d49577e1ed9d,9,1.6831504948672047
90408-1,all_pairs,candidate_pool_03,0.5,mask_66e7ba4230023a63,10,0.5140215465287918
90408-1,all_pairs,candidate_pool_03,1.0,mask_0f1c886d2bd569f0,7,1.1469729328560088
90408-1,all_pairs,candidate_pool_03,1.5,mask_0f1c886d2bd569f0,7,1.1469729328560088
90408-1,all_pairs,candidate_pool_04,0.5,mask_8eaaf64cc1220873,7,0.5315934582864736
90408-1,all_pairs,candidate_pool_04,1.0,mask_ee5fb6904843b482,6,1.037741920886671
90408-1,all_pairs,candidate_pool_04,1.5,mask_8b7737474604b389,8,1.5908331385385273
90408-1,all_pairs,candidate_pool_05,0.5,mask_22c097f7c153bb13,9,0.5591844803647132
90408-1,all_pairs,candidate_pool_05,1.0,mask_cf672502900b1ca1,10,0.9884227007195521
90408-1,all_pairs,candidate_pool_05,1.5,mask_290a3cb1caf906c3,10,1.5252720052592865
90408-1,all_pairs,candidate_pool_06,0.5,mask_382e0bf880e4af69,5,0.49369035709728265
90408-1,all_pairs,candidate_pool_06,1.0,mask_f16ce08b0ff70796,6,0.954892535877003
90408-1,all_pairs,candidate_pool_06,1.5,mask_c22a533faf194bc5,7,1.2962866266265327
90408-1,all_pairs,candidate_pool_07,0.5,mask_21e5e4333c6fc40a,6,0.5263662441372393
90408-1,all_pairs,candidate_pool_07,1.0,mask_2261c8e54842bff6,8,0.9898353422984743
90408-1,all_pairs,candidate_pool_07,1.5,mask_83fe021aaca96bf0,5,1.4773249166707476
90408-1,all_pairs,candidate_pool_08,0.5,mask_a842b06af7760b08,4,0.49942364729507527
90408-1,all_pairs,candidate_pool_08,1.0,mask_aebcbcf7f67000e0,9,1.0058654718185107
90408-1,all_pairs,candidate_pool_08,1.5,mask_1ee94a6fab0d1183,8,1.380218302569747
90408-1,all_pairs,candidate_pool_09,0.5,mask_4be83a97da997236,8,0.5188165592689957
90408-1,all_pairs,candidate_pool_09,1.0,mask_7378976187b9a4fb,9,0.9091001440912858
90408-1,all_pairs,candidate_pool_09,1.5,mask_ea7ded36b0b6aa15,8,1.4657407009245214
90408-1,atp_raw,candidate_pool_00,0.5,mask_56ee0c60e1cde4b8,5,0.5152495651250231
90408-1,atp_raw,candidate_pool_00,1.0,mask_a096a397a7d70275,7,1.0693806156324335
90408-1,atp_raw,candidate_pool_00,1.5,mask_153f1c2a9e066490,6,1.5788774270217354
90408-1,atp_raw,candidate_pool_01,0.5,mask_3cd97f4a74d408b8,10,0.49652876825911896
90408-1,atp_raw,candidate_pool_01,1.0,mask_16dc2167f216f5a8,5,0.9567416587972322
90408-1,atp_raw,candidate_pool_01,1.5,mask_4d3f046ece5f8214,9,1.4446851777725436
90408-1,atp_raw,candidate_pool_02,0.5,mask_053a16108482e172,6,0.5021892941702961
90408-1,atp_raw,candidate_pool_02,1.0,mask_3c9ed4cc352cbb27,5,0.922196336734273
90408-1,atp_raw,candidate_pool_02,1.5,mask_c7772d470875866f,4,1.1617919808417998
90408-1,atp_raw,candidate_pool_03,0.5,mask_4887f05639551759,6,0.3175064201886747
90408-1,atp_raw,candidate_pool_03,1.0,mask_dc2e11f8d6ea9e67,6,1.1259142672186535
90408-1,atp_raw,candidate_pool_03,1.5,mask_0f1c886d2bd569f0,7,1.44180149248089
90408-1,atp_raw,candidate_pool_04,0.5,mask_93f84412f1b2de39,7,0.5719626337225896
90408-1,atp_raw,candidate_pool_04,1.0,mask_ee5fb6904843b482,6,0.8596104351146256
90408-1,atp_raw,candidate_pool_04,1.5,mask_6d2e3876c8f68db8,9,1.2897687577505543
90408-1,atp_raw,candidate_pool_05,0.5,mask_290a3cb1caf906c3,10,0.39905663292544613
90408-1,atp_raw,candidate_pool_05,1.0,mask_de24099fc59a002a,4,1.2898079902298896
90408-1,atp_raw,candidate_pool_05,1.5,mask_f5d21a1898de9318,7,1.3673114595596918
90408-1,atp_raw,candidate_pool_06,0.5,mask_f2b097d9ab973b9b,7,0.573695949146378
90408-1,atp_raw,candidate_pool_06,1.0,mask_8a4903df460893e2,6,0.9871630778253152
90408-1,atp_raw,candidate_pool_06,1.5,mask_8a4903df460893e2,6,0.9871630778253152
90408-1,atp_raw,candidate_pool_07,0.5,mask_21e5e4333c6fc40a,6,0.7732594139125271
90408-1,atp_raw,candidate_pool_07,1.0,mask_21e5e4333c6fc40a,6,0.7732594139125271
90408-1,atp_raw,candidate_pool_07,1.5,mask_83fe021aaca96bf0,5,1.4161322985218803
90408-1,atp_raw,candidate_pool_08,0.5,mask_331502b1b3b7fde3,6,0.43421490666657414
90408-1,atp_raw,candidate_pool_08,1.0,mask_a842b06af7760b08,4,0.9841634966798274
90408-1,atp_raw,candidate_pool_08,1.5,mask_a842b06af7760b08,4,0.9841634966798274
90408-1,atp_raw,candidate_pool_09,0.5,mask_2d90e84a12b72772,4,0.5409528085523669
90408-1,atp_raw,candidate_pool_09,1.0,mask_6c66643ec3bf086c,6,1.3034121345582546
90408-1,atp_raw,candidate_pool_09,1.5,mask_6c66643ec3bf086c,6,1.3034121345582546
90408-1,atp_calibrated,candidate_pool_00,0.5,mask_bfa108de38e6d58f,6,0.49500186890928544
90408-1,atp_calibrated,candidate_pool_00,1.0,mask_b55f4fdddb0ed7df,7,0.9987249367009255
90408-1,atp_calibrated,candidate_pool_00,1.5,mask_153f1c2a9e066490,6,1.3469929555261493
90408-1,atp_calibrated,candidate_pool_01,0.5,mask_3507ab216f864cbe,4,0.5218980177975676
90408-1,atp_calibrated,candidate_pool_01,1.0,mask_d34cab07e9bf4ded,4,1.0297908158775095
90408-1,atp_calibrated,candidate_pool_01,1.5,mask_c6f04107d7ae9b56,9,1.562434577315763
90408-1,atp_calibrated,candidate_pool_02,0.5,mask_053a16108482e172,6,0.42843442436442264
90408-1,atp_calibrated,candidate_pool_02,1.0,mask_c7772d470875866f,4,0.9911634603153598
90408-1,atp_calibrated,candidate_pool_02,1.5,mask_c7772d470875866f,4,0.9911634603153598
90408-1,atp_calibrated,candidate_pool_03,0.5,mask_aedb2c503c8eced2,5,0.6485398767781468
90408-1,atp_calibrated,candidate_pool_03,1.0,mask_dc2e11f8d6ea9e67,6,0.9605549870522245
90408-1,atp_calibrated,candidate_pool_03,1.5,mask_0f1c886d2bd569f0,7,1.2300489071544065
90408-1,atp_calibrated,candidate_pool_04,0.5,mask_93f84412f1b2de39,7,0.48796038581778095
90408-1,atp_calibrated,candidate_pool_04,1.0,mask_6d2e3876c8f68db8,9,1.1003447140446025
90408-1,atp_calibrated,candidate_pool_04,1.5,mask_6d2e3876c8f68db8,9,1.1003447140446025
90408-1,atp_calibrated,candidate_pool_05,0.5,mask_290a3cb1caf906c3,10,0.3404485137396043
90408-1,atp_calibrated,candidate_pool_05,1.0,mask_de24099fc59a002a,4,1.1003781845803058
90408-1,atp_calibrated,candidate_pool_05,1.5,mask_f5d21a1898de9318,7,1.1664989773849797
90408-1,atp_calibrated,candidate_pool_06,0.5,mask_f2b097d9ab973b9b,7,0.4894391349756253
90408-1,atp_calibrated,candidate_pool_06,1.0,mask_8a4903df460893e2,6,0.8421817229311153
90408-1,atp_calibrated,candidate_pool_06,1.5,mask_8a4903df460893e2,6,0.8421817229311153
90408-1,atp_calibrated,candidate_pool_07,0.5,mask_21e5e4333c6fc40a,6,0.6596933780345408
90408-1,atp_calibrated,candidate_pool_07,1.0,mask_73324c4014b4a4c2,4,1.1684511226401084
90408-1,atp_calibrated,candidate_pool_07,1.5,mask_66a1456a9ed6a190,9,1.542516665112249
90408-1,atp_calibrated,candidate_pool_08,0.5,mask_8dc1386ad4524dcb,5,0.5169301625426388
90408-1,atp_calibrated,candidate_pool_08,1.0,mask_a842b06af7760b08,4,0.8396226802826162
90408-1,atp_calibrated,candidate_pool_08,1.5,mask_a842b06af7760b08,4,0.8396226802826162
90408-1,atp_calibrated,candidate_pool_09,0.5,mask_a3021efcfb81527e,5,0.5361951478681838
90408-1,atp_calibrated,candidate_pool_09,1.0,mask_6c66643ec3bf086c,6,1.1119843335204644
90408-1,atp_calibrated,candidate_pool_09,1.5,mask_6c66643ec3bf086c,6,1.1119843335204644
90409-0,additive,candidate_pool_00,0.5,mask_bfa108de38e6d58f,6,0.5095445568319137
90409-0,additive,candidate_pool_00,1.0,mask_b611eb15c1cbe033,4,1.0258728494737053
90409-0,additive,candidate_pool_00,1.5,mask_ff6985d2961f695d,9,1.561896204341712
90409-0,additive,candidate_pool_01,0.5,mask_304d12adafdb81c3,6,0.4811453847809084
90409-0,additive,candidate_pool_01,1.0,mask_f78efa18c25e46d0,5,1.018784822784537
90409-0,additive,candidate_pool_01,1.5,mask_3cd97f4a74d408b8,10,1.445409863669695
90409-0,additive,candidate_pool_02,0.5,mask_a0046e43df20ac57,5,0.49622842508278653
90409-0,additive,candidate_pool_02,1.0,mask_4069015a4c8c7628,4,0.9143783038315231
90409-0,additive,candidate_pool_02,1.5,mask_3c9ed4cc352cbb27,5,1.4937134517729211
90409-0,additive,candidate_pool_03,0.5,mask_aedb2c503c8eced2,5,0.489838698921745
90409-0,additive,candidate_pool_03,1.0,mask_e3bfff07ca1cabef,9,1.0943126009326023
90409-0,additive,candidate_pool_03,1.5,mask_dc2e11f8d6ea9e67,6,1.3900426231413845
90409-0,additive,candidate_pool_04,0.5,mask_8eaaf64cc1220873,7,0.47764548754952185
90409-0,additive,candidate_pool_04,1.0,mask_ee5fb6904843b482,6,1.083934215203422
90409-0,additive,candidate_pool_04,1.5,mask_8b7737474604b389,8,1.6992731167906265
90409-0,additive,candidate_pool_05,0.5,mask_ae737f6731edb34d,7,0.5563860224718367
90409-0,additive,candidate_pool_05,1.0,mask_111b2c86496d6209,10,0.7980958812885576
90409-0,additive,candidate_pool_05,1.5,mask_de24099fc59a002a,4,1.350658505305428
90409-0,additive,candidate_pool_06,0.5,mask_8da4b6178fa2b73e,7,0.46425051659572913
90409-0,additive,candidate_pool_06,1.0,mask_ba28cb4fde59866a,9,1.0005709327273673
90409-0,additive,candidate_pool_06,1.5,mask_8a4903df460893e2,6,1.5484242307292964
90409-0,additive,candidate_pool_07,0.5,mask_6c3e3315afb6fb8c,4,0.5530121917685935
90409-0,additive,candidate_pool_07,1.0,mask_c4774bd021c06295,7,0.850460914150741
90409-0,additive,candidate_pool_07,1.5,mask_83fe021aaca96bf0,5,1.614255027337163
90409-0,additive,candidate_pool_08,0.5,mask_8dc1386ad4524dcb,5,0.5554312348504844
90409-0,additive,candidate_pool_08,1.0,mask_331502b1b3b7fde3,6,0.9789807710818159
90409-0,additive,candidate_pool_08,1.5,mask_a9f1de05a2b5cc89,7,1.302365187546504
90409-0,additive,candidate_pool_09,0.5,mask_2d90e84a12b72772,4,0.5007204558941092
90409-0,additive,candidate_pool_09,1.0,mask_527fb4485b283af0,10,1.138986768482598
90409-0,additive,candidate_pool_09,1.5,mask_ea7ded36b0b6aa15,8,1.478909798800916
90409-0,all_pairs,candidate_pool_00,0.5,mask_818493500a9903d5,10,0.3788459628852502
90409-0,all_pairs,candidate_pool_00,1.0,mask_714aefc72a94a0e9,5,0.9253799356160599
90409-0,all_pairs,candidate_pool_00,1.5,mask_153f1c2a9e066490,6,1.5362712560483933
90409-0,all_pairs,candidate_pool_01,0.5,mask_28f76a93a72310a5,4,0.5519808019726324
90409-0,all_pairs,candidate_pool_01,1.0,mask_625dbe9e05728352,8,0.9579015911209187
90409-0,all_pairs,candidate_pool_01,1.5,mask_4d3f046ece5f8214,9,1.508293376951138
90409-0,all_pairs,candidate_pool_02,0.5,mask_318be3c54bb72e0d,6,0.4603483664594846
90409-0,all_pairs,candidate_pool_02,1.0,mask_ab59149b00e47e01,7,0.99002928498477
90409-0,all_pairs,candidate_pool_02,1.5,mask_053a16108482e172,6,1.2697856048245293
90409-0,all_pairs,candidate_pool_03,0.5,mask_e3bfff07ca1cabef,9,0.5180624810289706
90409-0,all_pairs,candidate_pool_03,1.0,mask_0f1c886d2bd569f0,7,1.0569721501077853
90409-0,all_pairs,candidate_pool_03,1.5,mask_0f1c886d2bd569f0,7,1.0569721501077853
90409-0,all_pairs,candidate_pool_04,0.5,mask_a70ae2b6886df911,7,0.4644640090074448
90409-0,all_pairs,candidate_pool_04,1.0,mask_7fb6ffeb6bd8fc1f,7,1.0100516089364096
90409-0,all_pairs,candidate_pool_04,1.5,mask_cafa56ef6c77bde9,10,1.4554523371680137
90409-0,all_pairs,candidate_pool_05,0.5,mask_22c097f7c153bb13,9,0.5483226929231813
90409-0,all_pairs,candidate_pool_05,1.0,mask_cf672502900b1ca1,10,1.044331918660801
90409-0,all_pairs,candidate_pool_05,1.5,mask_290a3cb1caf906c3,10,1.4284564540514448
90409-0,all_pairs,candidate_pool_06,0.5,mask_382e0bf880e4af69,5,0.4876300560397737
90409-0,all_pairs,candidate_pool_06,1.0,mask_f16ce08b0ff70796,6,0.9997983093130617
90409-0,all_pairs,candidate_pool_06,1.5,mask_c22a533faf194bc5,7,1.2983895423192426
90409-0,all_pairs,candidate_pool_07,0.5,mask_21e5e4333c6fc40a,6,0.43384194274612387
90409-0,all_pairs,candidate_pool_07,1.0,mask_73324c4014b4a4c2,4,1.0578981644097851
90409-0,all_pairs,candidate_pool_07,1.5,mask_83fe021aaca96bf0,5,1.4614041239512625
90409-0,all_pairs,candidate_pool_08,0.5,mask_3fd358a395ddfdd8,7,0.5424047139041599
90409-0,all_pairs,candidate_pool_08,1.0,mask_aebcbcf7f67000e0,9,1.021346128973042
90409-0,all_pairs,candidate_pool_08,1.5,mask_1ee94a6fab0d1183,8,1.3714618663465041
90409-0,all_pairs,candidate_pool_09,0.5,mask_4be83a97da997236,8,0.5190767329670786
90409-0,all_pairs,candidate_pool_09,1.0,mask_c3f11a7d9ebab23d,6,0.8541252106338795
90409-0,all_pairs,candidate_pool_09,1.5,mask_ea7ded36b0b6aa15,8,1.4760759200128162
90409-0,atp_raw,candidate_pool_00,0.5,mask_bfa108de38e6d58f,6,0.38598506548186096
90409-0,atp_raw,candidate_pool_00,1.0,mask_a096a397a7d70275,7,1.0115692454420933
90409-0,atp_raw,candidate_pool_00,1.5,mask_153f1c2a9e066490,6,1.6495205400368342
90409-0,atp_raw,candidate_pool_01,0.5,mask_3507ab216f864cbe,4,0.5569184502730004
90409-0,atp_raw,candidate_pool_01,1.0,mask_d34cab07e9bf4ded,4,1.1969722043722868
90409-0,atp_raw,candidate_pool_01,1.5,mask_88feb37e4997bcb0,7,1.5571721064356656
90409-0,atp_raw,candidate_pool_02,0.5,mask_053a16108482e172,6,0.5174686060297292
90409-0,atp_raw,candidate_pool_02,1.0,mask_267196af5474f7ae,8,1.0586243216767088
90409-0,atp_raw,candidate_pool_02,1.5,mask_c7772d470875866f,4,1.1422926169912238
90409-0,atp_raw,candidate_pool_03,0.5,mask_e3bfff07ca1cabef,9,0.6155464995580797
90409-0,atp_raw,candidate_pool_03,1.0,mask_dc2e11f8d6ea9e67,6,1.100391479986873
90409-0,atp_raw,candidate_pool_03,1.5,mask_0f1c886d2bd569f0,7,1.3940869887707406
90409-0,atp_raw,candidate_pool_04,0.5,mask_93f84412f1b2de39,7,0.635850811356699
90409-0,atp_raw,candidate_pool_04,1.0,mask_6d2e3876c8f68db8,9,1.1985635712057106
90409-0,atp_raw,candidate_pool_04,1.5,mask_6d2e3876c8f68db8,9,1.1985635712057106
90409-0,atp_raw,candidate_pool_05,0.5,mask_0ea1a19911258943,4,0.4498504999574724
90409-0,atp_raw,candidate_pool_05,1.0,mask_de24099fc59a002a,4,1.2978542599223228
90409-0,atp_raw,candidate_pool_05,1.5,mask_f5d21a1898de9318,7,1.2996360956650268
90409-0,atp_raw,candidate_pool_06,0.5,mask_72750b59b18d6c0c,4,0.4541469573984843
90409-0,atp_raw,candidate_pool_06,1.0,mask_8a4903df460893e2,6,1.004974985863645
90409-0,atp_raw,candidate_pool_06,1.5,mask_8a4903df460893e2,6,1.004974985863645
90409-0,atp_raw,candidate_pool_07,0.5,mask_21e5e4333c6fc40a,6,0.6654590008227708
90409-0,atp_raw,candidate_pool_07,1.0,mask_21e5e4333c6fc40a,6,0.6654590008227708
90409-0,atp_raw,candidate_pool_07,1.5,mask_73324c4014b4a4c2,4,1.4085860056904975
90409-0,atp_raw,candidate_pool_08,0.5,mask_fc5299efb847cbc8,5,0.5317555711052002
90409-0,atp_raw,candidate_pool_08,1.0,mask_a842b06af7760b08,4,0.9394361936016479
90409-0,atp_raw,candidate_pool_08,1.5,mask_a842b06af7760b08,4,0.9394361936016479
90409-0,atp_raw,candidate_pool_09,0.5,mask_a3021efcfb81527e,5,0.4725841836502346
90409-0,atp_raw,candidate_pool_09,1.0,mask_6c66643ec3bf086c,6,1.354539439025857
90409-0,atp_raw,candidate_pool_09,1.5,mask_6c66643ec3bf086c,6,1.354539439025857
90409-0,atp_calibrated,candidate_pool_00,0.5,mask_ff6985d2961f695d,9,0.665670420229521
90409-0,atp_calibrated,candidate_pool_00,1.0,mask_b55f4fdddb0ed7df,7,0.9577706366397423
90409-0,atp_calibrated,candidate_pool_00,1.5,mask_153f1c2a9e066490,6,1.3795232291046384
90409-0,atp_calibrated,candidate_pool_01,0.5,mask_3cd97f4a74d408b8,10,0.48410282992315473
90409-0,atp_calibrated,candidate_pool_01,1.0,mask_d34cab07e9bf4ded,4,1.0010490445225262
90409-0,atp_calibrated,candidate_pool_01,1.5,mask_c6f04107d7ae9b56,9,1.575102723768129
90409-0,atp_calibrated,candidate_pool_02,0.5,mask_053a16108482e172,6,0.43276815597244234
90409-0,atp_calibrated,candidate_pool_02,1.0,mask_c7772d470875866f,4,0.9553195376026857
90409-0,atp_calibrated,candidate_pool_02,1.5,mask_c7772d470875866f,4,0.9553195376026857
90409-0,atp_calibrated,candidate_pool_03,0.5,mask_e3bfff07ca1cabef,9,0.5147924346037286
90409-0,atp_calibrated,candidate_pool_03,1.0,mask_dc2e11f8d6ea9e67,6,0.9202768749498721
90409-0,atp_calibrated,candidate_pool_03,1.5,mask_0f1c886d2bd569f0,7,1.165899628239142
90409-0,atp_calibrated,candidate_pool_04,0.5,mask_93f84412f1b2de39,7,0.5317732900082652
90409-0,atp_calibrated,candidate_pool_04,1.0,mask_6d2e3876c8f68db8,9,1.0023799327772949
90409-0,atp_calibrated,candidate_pool_04,1.5,mask_6d2e3876c8f68db8,9,1.0023799327772949
90409-0,atp_calibrated,candidate_pool_05,0.5,mask_0ea1a19911258943,4,0.376217936820484
90409-0,atp_calibrated,candidate_pool_05,1.0,mask_de24099fc59a002a,4,1.085418493494645
90409-0,atp_calibrated,candidate_pool_05,1.5,mask_f5d21a1898de9318,7,1.0869086742701168
90409-0,atp_calibrated,candidate_pool_06,0.5,mask_f16ce08b0ff70796,6,0.5479439735695065
90409-0,atp_calibrated,candidate_pool_06,1.0,mask_8a4903df460893e2,6,0.8404783717558592
90409-0,atp_calibrated,candidate_pool_06,1.5,mask_8a4903df460893e2,6,0.8404783717558592
90409-0,atp_calibrated,candidate_pool_07,0.5,mask_21e5e4333c6fc40a,6,0.5565351430126935
90409-0,atp_calibrated,candidate_pool_07,1.0,mask_83fe021aaca96bf0,5,1.1675687950889972
90409-0,atp_calibrated,candidate_pool_07,1.5,mask_66a1456a9ed6a190,9,1.577048178958666
90409-0,atp_calibrated,candidate_pool_08,0.5,mask_1f36ab0e18336a51,6,0.538188068327368
90409-0,atp_calibrated,candidate_pool_08,1.0,mask_a842b06af7760b08,4,0.7856671195535256
90409-0,atp_calibrated,candidate_pool_08,1.5,mask_a842b06af7760b08,4,0.7856671195535256
90409-0,atp_calibrated,candidate_pool_09,0.5,mask_a3021efcfb81527e,5,0.3952305189472773
90409-0,atp_calibrated,candidate_pool_09,1.0,mask_6c66643ec3bf086c,6,1.1328253122769898
90409-0,atp_calibrated,candidate_pool_09,1.5,mask_6c66643ec3bf086c,6,1.1328253122769898
90409-1,additive,candidate_pool_00,0.5,mask_7c8b926f287bec49,4,0.48701524185236655
90409-1,additive,candidate_pool_00,1.0,mask_b611eb15c1cbe033,4,1.2611857459166433
90409-1,additive,candidate_pool_00,1.5,mask_714aefc72a94a0e9,5,1.5213395897588569
90409-1,additive,candidate_pool_01,0.5,mask_d4041af54a719d70,7,0.44128225183987624
90409-1,additive,candidate_pool_01,1.0,mask_3507ab216f864cbe,4,0.9927867706926272
90409-1,additive,candidate_pool_01,1.5,mask_69b8a0bd055bae3b,8,1.3968990076893977
90409-1,additive,candidate_pool_02,0.5,mask_c36034d7c9cf0b25,7,0.31729287939998235
90409-1,additive,candidate_pool_02,1.0,mask_6a56eb1c10f15cf8,7,1.0543953391987797
90409-1,additive,candidate_pool_02,1.5,mask_3c9ed4cc352cbb27,5,1.3838983855324056
90409-1,additive,candidate_pool_03,0.5,mask_db4ced2a93ad8780,7,0.4518305632284254
90409-1,additive,candidate_pool_03,1.0,mask_30716df5e75daa97,7,1.0492871643329957
90409-1,additive,candidate_pool_03,1.5,mask_dc2e11f8d6ea9e67,6,1.4531890709720843
90409-1,additive,candidate_pool_04,0.5,mask_8f5eca4cbcfcb5db,6,0.48646839187250157
90409-1,additive,candidate_pool_04,1.0,mask_ee5fb6904843b482,6,1.0539593603651602
90409-1,additive,candidate_pool_04,1.5,mask_8b7737474604b389,8,1.7347717568812713
90409-1,additive,candidate_pool_05,0.5,mask_ae737f6731edb34d,7,0.6551656285918556
90409-1,additive,candidate_pool_05,1.0,mask_62191f28479b805a,7,0.9056397728522906
90409-1,additive,candidate_pool_05,1.5,mask_de24099fc59a002a,4,1.5667831752333665
90409-1,additive,candidate_pool_06,0.5,mask_f2b097d9ab973b9b,7,0.5041571846874907
90409-1,additive,candidate_pool_06,1.0,mask_ba28cb4fde59866a,9,0.9840754664572305
90409-1,additive,candidate_pool_06,1.5,mask_8a4903df460893e2,6,1.4593258237662075
90409-1,additive,candidate_pool_07,0.5,mask_9401c6bc69ed4d22,10,0.3997672755248315
90409-1,additive,candidate_pool_07,1.0,mask_c4774bd021c06295,7,1.006044838291504
90409-1,additive,candidate_pool_07,1.5,mask_83fe021aaca96bf0,5,1.589816691276616
90409-1,additive,candidate_pool_08,0.5,mask_bda88699e1e7badf,7,0.42032129408476393
90409-1,additive,candidate_pool_08,1.0,mask_fc5299efb847cbc8,5,0.9916746024650412
90409-1,additive,candidate_pool_08,1.5,mask_a9f1de05a2b5cc89,7,1.5097016231758005
90409-1,additive,candidate_pool_09,0.5,mask_99b322f566a2bc85,6,0.5278048514420923
90409-1,additive,candidate_pool_09,1.0,mask_6000c95aa8146da6,7,1.0606015264530333
90409-1,additive,candidate_pool_09,1.5,mask_ea7ded36b0b6aa15,8,1.5183061205732162
90409-1,all_pairs,candidate_pool_00,0.5,mask_ffe0389c017216d1,4,0.4971046129068053
90409-1,all_pairs,candidate_pool_00,1.0,mask_a096a397a7d70275,7,1.0996539642118746
90409-1,all_pairs,candidate_pool_00,1.5,mask_ff6985d2961f695d,9,1.5813699307470197
90409-1,all_pairs,candidate_pool_01,0.5,mask_28f76a93a72310a5,4,0.5031072121521112
90409-1,all_pairs,candidate_pool_01,1.0,mask_76f706be2ab175f0,7,1.0248411270802666
90409-1,all_pairs,candidate_pool_01,1.5,mask_88feb37e4997bcb0,7,1.5308755499519697
90409-1,all_pairs,candidate_pool_02,0.5,mask_c36034d7c9cf0b25,7,0.449282845394114
90409-1,all_pairs,candidate_pool_02,1.0,mask_ab59149b00e47e01,7,1.0243586107805196
90409-1,all_pairs,candidate_pool_02,1.5,mask_053a16108482e172,6,1.360802937299043
90409-1,all_pairs,candidate_pool_03,0.5,mask_8e19964bc0ea5bd6,8,0.4584148461348503
90409-1,all_pairs,candidate_pool_03,1.0,mask_30716df5e75daa97,7,1.0276290565206798
90409-1,all_pairs,candidate_pool_03,1.5,mask_0f1c886d2bd569f0,7,1.2145185605379263
90409-1,all_pairs,candidate_pool_04,0.5,mask_8f5eca4cbcfcb5db,6,0.49943821292479024
90409-1,all_pairs,candidate_pool_04,1.0,mask_7fb6ffeb6bd8fc1f,7,0.9997227994905175
90409-1,all_pairs,candidate_pool_04,1.5,mask_cafa56ef6c77bde9,10,1.2861284361067575
90409-1,all_pairs,candidate_pool_05,0.5,mask_22c097f7c153bb13,9,0.43692636188089345
90409-1,all_pairs,candidate_pool_05,1.0,mask_62191f28479b805a,7,0.9577775284198312
90409-1,all_pairs,candidate_pool_05,1.5,mask_290a3cb1caf906c3,10,1.5747109108709743
90409-1,all_pairs,candidate_pool_06,0.5,mask_382e0bf880e4af69,5,0.5089351143230053
90409-1,all_pairs,candidate_pool_06,1.0,mask_5bf7af84e459f7ba,10,1.0425499688432023
90409-1,all_pairs,candidate_pool_06,1.5,mask_c22a533faf194bc5,7,1.3427893916144724
90409-1,all_pairs,candidate_pool_07,0.5,mask_6c3e3315afb6fb8c,4,0.5826864130916003
90409-1,all_pairs,candidate_pool_07,1.0,mask_2261c8e54842bff6,8,1.01585937987391
90409-1,all_pairs,candidate_pool_07,1.5,mask_83fe021aaca96bf0,5,1.450354668069219
90409-1,all_pairs,candidate_pool_08,0.5,mask_bda88699e1e7badf,7,0.43555398406738777
90409-1,all_pairs,candidate_pool_08,1.0,mask_77740b198a0b3a94,6,0.9827176640179855
90409-1,all_pairs,candidate_pool_08,1.5,mask_1ee94a6fab0d1183,8,1.4508553170017415
90409-1,all_pairs,candidate_pool_09,0.5,mask_99b322f566a2bc85,6,0.48749263062296533
90409-1,all_pairs,candidate_pool_09,1.0,mask_6000c95aa8146da6,7,1.0665354170956736
90409-1,all_pairs,candidate_pool_09,1.5,mask_ea7ded36b0b6aa15,8,1.5325034078784152
90409-1,atp_raw,candidate_pool_00,0.5,mask_56ee0c60e1cde4b8,5,0.47077616457228016
90409-1,atp_raw,candidate_pool_00,1.0,mask_b611eb15c1cbe033,4,1.0787013912628782
90409-1,atp_raw,candidate_pool_00,1.5,mask_a096a397a7d70275,7,1.2693134247196265
90409-1,atp_raw,candidate_pool_01,0.5,mask_3cd97f4a74d408b8,10,0.5538639845464857
90409-1,atp_raw,candidate_pool_01,1.0,mask_16dc2167f216f5a8,5,0.9530956455054554
90409-1,atp_raw,candidate_pool_01,1.5,mask_4d3f046ece5f8214,9,1.5689513757317741
90409-1,atp_raw,candidate_pool_02,0.5,mask_8539d49577e1ed9d,9,0.5448870489807187
90409-1,atp_raw,candidate_pool_02,1.0,mask_4069015a4c8c7628,4,0.9760991493424419
90409-1,atp_raw,candidate_pool_02,1.5,mask_267196af5474f7ae,8,1.3161746139296948
90409-1,atp_raw,candidate_pool_03,0.5,mask_438eb8e7551c3dd4,4,0.40986966042511974
90409-1,atp_raw,candidate_pool_03,1.0,mask_e3bfff07ca1cabef,9,0.8156102516153587
90409-1,atp_raw,candidate_pool_03,1.5,mask_0f1c886d2bd569f0,7,1.562798818149189
90409-1,atp_raw,candidate_pool_04,0.5,mask_5d6868f3c7cf99b3,6,0.5597344500999344
90409-1,atp_raw,candidate_pool_04,1.0,mask_8b7737474604b389,8,0.8756148106519981
90409-1,atp_raw,candidate_pool_04,1.5,mask_6d2e3876c8f68db8,9,1.2810266773437728
90409-1,atp_raw,candidate_pool_05,0.5,mask_0ea1a19911258943,4,0.5253979210548176
90409-1,atp_raw,candidate_pool_05,1.0,mask_f5d21a1898de9318,7,1.4494693428600705
90409-1,atp_raw,candidate_pool_05,1.5,mask_f5d21a1898de9318,7,1.4494693428600705
90409-1,atp_raw,candidate_pool_06,0.5,mask_c22a533faf194bc5,7,0.5080913741805471
90409-1,atp_raw,candidate_pool_06,1.0,mask_25276dd47f8ef77c,4,0.9832424479306187
90409-1,atp_raw,candidate_pool_06,1.5,mask_8a4903df460893e2,6,1.0348633328904535
90409-1,atp_raw,candidate_pool_07,0.5,mask_c4774bd021c06295,7,0.41429528842062346
90409-1,atp_raw,candidate_pool_07,1.0,mask_21e5e4333c6fc40a,6,0.6726653308764394
90409-1,atp_raw,candidate_pool_07,1.5,mask_83fe021aaca96bf0,5,1.4493205926178188
90409-1,atp_raw,candidate_pool_08,0.5,mask_1ee94a6fab0d1183,8,0.4286970693922352
90409-1,atp_raw,candidate_pool_08,1.0,mask_a842b06af7760b08,4,0.9663393927258578
90409-1,atp_raw,candidate_pool_08,1.5,mask_a9f1de05a2b5cc89,7,1.0560120418345056
90409-1,atp_raw,candidate_pool_09,0.5,mask_2d90e84a12b72772,4,0.4996180715832379
90409-1,atp_raw,candidate_pool_09,1.0,mask_6c66643ec3bf086c,6,1.4442144056118214
90409-1,atp_raw,candidate_pool_09,1.5,mask_6c66643ec3bf086c,6,1.4442144056118214
90409-1,atp_calibrated,candidate_pool_00,0.5,mask_bfa108de38e6d58f,6,0.5011319398504908
90409-1,atp_calibrated,candidate_pool_00,1.0,mask_714aefc72a94a0e9,5,0.9811531501947711
90409-1,atp_calibrated,candidate_pool_00,1.5,mask_153f1c2a9e066490,6,1.5479114062026846
90409-1,atp_calibrated,candidate_pool_01,0.5,mask_3cd97f4a74d408b8,10,0.4746484714008323
90409-1,atp_calibrated,candidate_pool_01,1.0,mask_d34cab07e9bf4ded,4,1.0454014396839204
90409-1,atp_calibrated,candidate_pool_01,1.5,mask_88feb37e4997bcb0,7,1.4594324991450867
90409-1,atp_calibrated,candidate_pool_02,0.5,mask_ab59149b00e47e01,7,0.47410133066162397
90409-1,atp_calibrated,candidate_pool_02,1.0,mask_c7772d470875866f,4,1.0109245348464242
90409-1,atp_calibrated,candidate_pool_02,1.5,mask_267196af5474f7ae,8,1.1279308386694307
90409-1,atp_calibrated,candidate_pool_03,0.5,mask_aedb2c503c8eced2,5,0.642458505222422
90409-1,atp_calibrated,candidate_pool_03,1.0,mask_dc2e11f8d6ea9e67,6,1.0933264583558695
90409-1,atp_calibrated,candidate_pool_03,1.5,mask_0f1c886d2bd569f0,7,1.3392820093708084
90409-1,atp_calibrated,candidate_pool_04,0.5,mask_5d6868f3c7cf99b3,6,0.47967932298010085
90409-1,atp_calibrated,candidate_pool_04,1.0,mask_6d2e3876c8f68db8,9,1.0978098796634728
90409-1,atp_calibrated,candidate_pool_04,1.5,mask_6d2e3876c8f68db8,9,1.0978098796634728
90409-1,atp_calibrated,candidate_pool_05,0.5,mask_0ea1a19911258943,4,0.45025372124537194
90409-1,atp_calibrated,candidate_pool_05,1.0,mask_f5d21a1898de9318,7,1.2421613015589725
90409-1,atp_calibrated,candidate_pool_05,1.5,mask_de24099fc59a002a,4,1.3388766161308379
90409-1,atp_calibrated,candidate_pool_06,0.5,mask_72750b59b18d6c0c,4,0.4897851714797619
90409-1,atp_calibrated,candidate_pool_06,1.0,mask_8a4903df460893e2,6,0.8868536549951433
90409-1,atp_calibrated,candidate_pool_06,1.5,mask_8a4903df460893e2,6,0.8868536549951433
90409-1,atp_calibrated,candidate_pool_07,0.5,mask_21e5e4333c6fc40a,6,0.5764584446238533
90409-1,atp_calibrated,candidate_pool_07,1.0,mask_83fe021aaca96bf0,5,1.2420338260829076
90409-1,atp_calibrated,candidate_pool_07,1.5,mask_d43daec0a2f27dc1,8,1.5267818223052694
90409-1,atp_calibrated,candidate_pool_08,0.5,mask_8dc1386ad4524dcb,5,0.5258487791052502
90409-1,atp_calibrated,candidate_pool_08,1.0,mask_a9f1de05a2b5cc89,7,0.904977603568212
90409-1,atp_calibrated,candidate_pool_08,1.5,mask_a9f1de05a2b5cc89,7,0.904977603568212
90409-1,atp_calibrated,candidate_pool_09,0.5,mask_ea7ded36b0b6aa15,8,0.4359894932990761
90409-1,atp_calibrated,candidate_pool_09,1.0,mask_6c66643ec3bf086c,6,1.2376579433306323
90409-1,atp_calibrated,candidate_pool_09,1.5,mask_6c66643ec3bf086c,6,1.2376579433306323
90410-0,additive,candidate_pool_00,0.5,mask_ffe0389c017216d1,4,0.4947798848399777
90410-0,additive,candidate_pool_00,1.0,mask_b611eb15c1cbe033,4,1.1526469813466855
90410-0,additive,candidate_pool_00,1.5,mask_ff6985d2961f695d,9,1.5545008156555256
90410-0,additive,candidate_pool_01,0.5,mask_304d12adafdb81c3,6,0.4793224673026375
90410-0,additive,candidate_pool_01,1.0,mask_16dc2167f216f5a8,5,1.0145316688237753
90410-0,additive,candidate_pool_01,1.5,mask_d34cab07e9bf4ded,4,1.4466677004214215
90410-0,additive,candidate_pool_02,0.5,mask_318be3c54bb72e0d,6,0.44030839642279507
90410-0,additive,candidate_pool_02,1.0,mask_6a56eb1c10f15cf8,7,1.0039087385566132
90410-0,additive,candidate_pool_02,1.5,mask_3c9ed4cc352cbb27,5,1.4737148463624996
90410-0,additive,candidate_pool_03,0.5,mask_aedb2c503c8eced2,5,0.51377078572198
90410-0,additive,candidate_pool_03,1.0,mask_30716df5e75daa97,7,0.9533347300961987
90410-0,additive,candidate_pool_03,1.5,mask_dc2e11f8d6ea9e67,6,1.5205932501706558
90410-0,additive,candidate_pool_04,0.5,mask_8f5eca4cbcfcb5db,6,0.5026120153728555
90410-0,additive,candidate_pool_04,1.0,mask_5d6868f3c7cf99b3,6,1.0212445515657016
90410-0,additive,candidate_pool_04,1.5,mask_8b7737474604b389,8,1.7454994972797446
90410-0,additive,candidate_pool_05,0.5,mask_ae737f6731edb34d,7,0.5769398647102361
90410-0,additive,candidate_pool_05,1.0,mask_62191f28479b805a,7,0.8708184698936882
90410-0,additive,candidate_pool_05,1.5,mask_de24099fc59a002a,4,1.4528103063407833
90410-0,additive,candidate_pool_06,0.5,mask_8da4b6178fa2b73e,7,0.5705838300609607
90410-0,additive,candidate_pool_06,1.0,mask_ba28cb4fde59866a,9,1.0460671106968105
90410-0,additive,candidate_pool_06,1.5,mask_8a4903df460893e2,6,1.5239316041586681
90410-0,additive,candidate_pool_07,0.5,mask_9401c6bc69ed4d22,10,0.5688481162408945
90410-0,additive,candidate_pool_07,1.0,mask_c4774bd021c06295,7,0.9383710406989452
90410-0,additive,candidate_pool_07,1.5,mask_83fe021aaca96bf0,5,1.659393996433428
90410-0,additive,candidate_pool_08,0.5,mask_bda88699e1e7badf,7,0.6004458110267985
90410-0,additive,candidate_pool_08,1.0,mask_1f36ab0e18336a51,6,0.9971958558146871
90410-0,additive,candidate_pool_08,1.5,mask_a9f1de05a2b5cc89,7,1.4160092790377092
90410-0,additive,candidate_pool_09,0.5,mask_c5654b277c578f3e,9,0.3592443463846817
90410-0,additive,candidate_pool_09,1.0,mask_6000c95aa8146da6,7,0.9277971343798761
90410-0,additive,candidate_pool_09,1.5,mask_ea7ded36b0b6aa15,8,1.4990958160627836
90410-0,all_pairs,candidate_pool_00,0.5,mask_b611eb15c1cbe033,4,0.46746912130505847
90410-0,all_pairs,candidate_pool_00,1.0,mask_a096a397a7d70275,7,1.015735452421421
90410-0,all_pairs,candidate_pool_00,1.5,mask_153f1c2a9e066490,6,1.5954457833116416
90410-0,all_pairs,candidate_pool_01,0.5,mask_304d12adafdb81c3,6,0.5562774503332585
90410-0,all_pairs,candidate_pool_01,1.0,mask_76f706be2ab175f0,7,0.9945957650806508
90410-0,all_pairs,candidate_pool_01,1.5,mask_88feb37e4997bcb0,7,1.5438720604464717
90410-0,all_pairs,candidate_pool_02,0.5,mask_318be3c54bb72e0d,6,0.45713439692313673
90410-0,all_pairs,candidate_pool_02,1.0,mask_6a56eb1c10f15cf8,7,1.0892977664039014
90410-0,all_pairs,candidate_pool_02,1.5,mask_053a16108482e172,6,1.3058106357590642
90410-0,all_pairs,candidate_pool_03,0.5,mask_66e7ba4230023a63,10,0.3985563336879494
90410-0,all_pairs,candidate_pool_03,1.0,mask_30716df5e75daa97,7,0.9299058860147263
90410-0,all_pairs,candidate_pool_03,1.5,mask_0f1c886d2bd569f0,7,1.163395815447881
90410-0,all_pairs,candidate_pool_04,0.5,mask_d1786933297085c0,4,0.49024544812746285
90410-0,all_pairs,candidate_pool_04,1.0,mask_ee5fb6904843b482,6,0.995829365801352
90410-0,all_pairs,candidate_pool_04,1.5,mask_cafa56ef6c77bde9,10,1.4278363614381138
90410-0,all_pairs,candidate_pool_05,0.5,mask_22c097f7c153bb13,9,0.5202844386793275
90410-0,all_pairs,candidate_pool_05,1.0,mask_cf672502900b1ca1,10,1.0102014878274514
90410-0,all_pairs,candidate_pool_05,1.5,mask_290a3cb1caf906c3,10,1.5416000001783448
90410-0,all_pairs,candidate_pool_06,0.5,mask_8da4b6178fa2b73e,7,0.5462813894200899
90410-0,all_pairs,candidate_pool_06,1.0,mask_2322491b9dd809d6,5,1.0013464719020535
90410-0,all_pairs,candidate_pool_06,1.5,mask_c22a533faf194bc5,7,1.330666175057992
90410-0,all_pairs,candidate_pool_07,0.5,mask_21e5e4333c6fc40a,6,0.5000204017914556
90410-0,all_pairs,candidate_pool_07,1.0,mask_2261c8e54842bff6,8,0.9462442571503498
90410-0,all_pairs,candidate_pool_07,1.5,mask_83fe021aaca96bf0,5,1.5084080757678713
90410-0,all_pairs,candidate_pool_08,0.5,mask_3fd358a395ddfdd8,7,0.5550122010650964
90410-0,all_pairs,candidate_pool_08,1.0,mask_aebcbcf7f67000e0,9,1.0040789124859675
90410-0,all_pairs,candidate_pool_08,1.5,mask_1ee94a6fab0d1183,8,1.40421102435642
90410-0,all_pairs,candidate_pool_09,0.5,mask_c5654b277c578f3e,9,0.49902273521999296
90410-0,all_pairs,candidate_pool_09,1.0,mask_6000c95aa8146da6,7,0.9306863590918182
90410-0,all_pairs,candidate_pool_09,1.5,mask_527fb4485b283af0,10,1.5033240039408076
90410-0,atp_raw,candidate_pool_00,0.5,mask_56ee0c60e1cde4b8,5,0.46199654772573595
90410-0,atp_raw,candidate_pool_00,1.0,mask_b611eb15c1cbe033,4,0.9862852309811481
90410-0,atp_raw,candidate_pool_00,1.5,mask_153f1c2a9e066490,6,1.7271883994606991
90410-0,atp_raw,candidate_pool_01,0.5,mask_3cd97f4a74d408b8,10,0.6108155066708142
90410-0,atp_raw,candidate_pool_01,1.0,mask_16dc2167f216f5a8,5,0.9692184758771744
90410-0,atp_raw,candidate_pool_01,1.5,mask_4d3f046ece5f8214,9,1.5464051314297
90410-0,atp_raw,candidate_pool_02,0.5,mask_8539d49577e1ed9d,9,0.5635195219157527
90410-0,atp_raw,candidate_pool_02,1.0,mask_3c9ed4cc352cbb27,5,0.9328924048530431
90410-0,atp_raw,candidate_pool_02,1.5,mask_267196af5474f7ae,8,1.2570983865393366
90410-0,atp_raw,candidate_pool_03,0.5,mask_5b90a18db67578c0,5,0.4040940082869589
90410-0,atp_raw,candidate_pool_03,1.0,mask_aedb2c503c8eced2,5,0.8093225920373308
90410-0,atp_raw,candidate_pool_03,1.5,mask_0f1c886d2bd569f0,7,1.5146459297334056
90410-0,atp_raw,candidate_pool_04,0.5,mask_5d6868f3c7cf99b3,6,0.5237103958177021
90410-0,atp_raw,candidate_pool_04,1.0,mask_8b7737474604b389,8,0.8717084724494089
90410-0,atp_raw,candidate_pool_04,1.5,mask_6d2e3876c8f68db8,9,1.3158977384422432
90410-0,atp_raw,candidate_pool_05,0.5,mask_0ea1a19911258943,4,0.5013205485456452
90410-0,atp_raw,candidate_pool_05,1.0,mask_f5d21a1898de9318,7,1.4248537768999456
90410-0,atp_raw,candidate_pool_05,1.5,mask_de24099fc59a002a,4,1.4303133446076999
90410-0,atp_raw,candidate_pool_06,0.5,mask_c22a533faf194bc5,7,0.5074988494304067
90410-0,atp_raw,candidate_pool_06,1.0,mask_8a4903df460893e2,6,1.0148213205203338
90410-0,atp_raw,candidate_pool_06,1.5,mask_8a4903df460893e2,6,1.0148213205203338
90410-0,atp_raw,candidate_pool_07,0.5,mask_c4774bd021c06295,7,0.35643661989621367
90410-0,atp_raw,candidate_pool_07,1.0,mask_21e5e4333c6fc40a,6,0.728065708690152
90410-0,atp_raw,candidate_pool_07,1.5,mask_83fe021aaca96bf0,5,1.4710676904948317
90410-0,atp_raw,candidate_pool_08,0.5,mask_331502b1b3b7fde3,6,0.5990948883854614
90410-0,atp_raw,candidate_pool_08,1.0,mask_a842b06af7760b08,4,0.971708999509562
90410-0,atp_raw,candidate_pool_08,1.5,mask_a842b06af7760b08,4,0.971708999509562
90410-0,atp_raw,candidate_pool_09,0.5,mask_ea7ded36b0b6aa15,8,0.49963561226423736
90410-0,atp_raw,candidate_pool_09,1.0,mask_6c66643ec3bf086c,6,1.4026012153041605
90410-0,atp_raw,candidate_pool_09,1.5,mask_6c66643ec3bf086c,6,1.4026012153041605
90410-0,atp_calibrated,candidate_pool_00,0.5,mask_bfa108de38e6d58f,6,0.47101100593975453
90410-0,atp_calibrated,candidate_pool_00,1.0,mask_714aefc72a94a0e9,5,1.009304825652322
90410-0,atp_calibrated,candidate_pool_00,1.5,mask_153f1c2a9e066490,6,1.4956548281499125
90410-0,atp_calibrated,candidate_pool_01,0.5,mask_3cd97f4a74d408b8,10,0.5289342853080145
90410-0,atp_calibrated,candidate_pool_01,1.0,mask_d34cab07e9bf4ded,4,1.0858895069599692
90410-0,atp_calibrated,candidate_pool_01,1.5,mask_88feb37e4997bcb0,7,1.4782891863270065
90410-0,atp_calibrated,candidate_pool_02,0.5,mask_ab59149b00e47e01,7,0.48866684006062666
90410-0,atp_calibrated,candidate_pool_02,1.0,mask_c7772d470875866f,4,1.0304416863347012
90410-0,atp_calibrated,candidate_pool_02,1.5,mask_267196af5474f7ae,8,1.0885814609883302
90410-0,atp_calibrated,candidate_pool_03,0.5,mask_5b90a18db67578c0,5,0.3499242785034657
90410-0,atp_calibrated,candidate_pool_03,1.0,mask_dc2e11f8d6ea9e67,6,1.0731524727136477
90410-0,atp_calibrated,candidate_pool_03,1.5,mask_0f1c886d2bd569f0,7,1.3116041645779524
90410-0,atp_calibrated,candidate_pool_04,0.5,mask_5d6868f3c7cf99b3,6,0.4535058145953411
90410-0,atp_calibrated,candidate_pool_04,1.0,mask_6d2e3876c8f68db8,9,1.1394986247401988
90410-0,atp_calibrated,candidate_pool_04,1.5,mask_6d2e3876c8f68db8,9,1.1394986247401988
90410-0,atp_calibrated,candidate_pool_05,0.5,mask_0ea1a19911258943,4,0.43411737776676634
90410-0,atp_calibrated,candidate_pool_05,1.0,mask_f5d21a1898de9318,7,1.233848856032994
90410-0,atp_calibrated,candidate_pool_05,1.5,mask_de24099fc59a002a,4,1.2385765561520221
90410-0,atp_calibrated,candidate_pool_06,0.5,mask_72750b59b18d6c0c,4,0.46092136660339084
90410-0,atp_calibrated,candidate_pool_06,1.0,mask_8a4903df460893e2,6,0.8787821920409117
90410-0,atp_calibrated,candidate_pool_06,1.5,mask_8a4903df460893e2,6,0.8787821920409117
90410-0,atp_calibrated,candidate_pool_07,0.5,mask_21e5e4333c6fc40a,6,0.6304668284900621
90410-0,atp_calibrated,candidate_pool_07,1.0,mask_83fe021aaca96bf0,5,1.27386768838358
90410-0,atp_calibrated,candidate_pool_07,1.5,mask_d43daec0a2f27dc1,8,1.5349076341895855
90410-0,atp_calibrated,candidate_pool_08,0.5,mask_331502b1b3b7fde3,6,0.5187848428193643
90410-0,atp_calibrated,candidate_pool_08,1.0,mask_a842b06af7760b08,4,0.841449176665957
90410-0,atp_calibrated,candidate_pool_08,1.5,mask_a842b06af7760b08,4,0.841449176665957
90410-0,atp_calibrated,candidate_pool_09,0.5,mask_a3021efcfb81527e,5,0.4626111795036971
90410-0,atp_calibrated,candidate_pool_09,1.0,mask_6c66643ec3bf086c,6,1.2145793014205202
90410-0,atp_calibrated,candidate_pool_09,1.5,mask_6c66643ec3bf086c,6,1.2145793014205202
90410-1,additive,candidate_pool_00,0.5,mask_bfa108de38e6d58f,6,0.5233718717898259
90410-1,additive,candidate_pool_00,1.0,mask_b611eb15c1cbe033,4,1.1465402709331167
90410-1,additive,candidate_pool_00,1.5,mask_714aefc72a94a0e9,5,1.494812025283326
90410-1,additive,candidate_pool_01,0.5,mask_625dbe9e05728352,8,0.543752488536754
90410-1,additive,candidate_pool_01,1.0,mask_f78efa18c25e46d0,5,1.0152400041053307
90410-1,additive,candidate_pool_01,1.5,mask_69b8a0bd055bae3b,8,1.3549065549555874
90410-1,additive,candidate_pool_02,0.5,mask_a0046e43df20ac57,5,0.6283050435847881
90410-1,additive,candidate_pool_02,1.0,mask_4069015a4c8c7628,4,1.0143437324986009
90410-1,additive,candidate_pool_02,1.5,mask_3c9ed4cc352cbb27,5,1.396570277729615
90410-1,additive,candidate_pool_03,0.5,mask_8e19964bc0ea5bd6,8,0.4597565413158489
90410-1,additive,candidate_pool_03,1.0,mask_30716df5e75daa97,7,0.9673912585600097
90410-1,additive,candidate_pool_03,1.5,mask_dc2e11f8d6ea9e67,6,1.321785493163001
90410-1,additive,candidate_pool_04,0.5,mask_d1786933297085c0,4,0.5796951846299517
90410-1,additive,candidate_pool_04,1.0,mask_ee5fb6904843b482,6,1.0416246819214166
90410-1,additive,candidate_pool_04,1.5,mask_6d2e3876c8f68db8,9,1.6511168916025265
90410-1,additive,candidate_pool_05,0.5,mask_ae737f6731edb34d,7,0.6410930828841634
90410-1,additive,candidate_pool_05,1.0,mask_62191f28479b805a,7,0.8307278293986406
90410-1,additive,candidate_pool_05,1.5,mask_de24099fc59a002a,4,1.4763788793613526
90410-1,additive,candidate_pool_06,0.5,mask_f2b097d9ab973b9b,7,0.5001066432745164
90410-1,additive,candidate_pool_06,1.0,mask_f16ce08b0ff70796,6,0.9601804151442064
90410-1,additive,candidate_pool_06,1.5,mask_8a4903df460893e2,6,1.4782257020128025
90410-1,additive,candidate_pool_07,0.5,mask_9401c6bc69ed4d22,10,0.38647366899916213
90410-1,additive,candidate_pool_07,1.0,mask_c4774bd021c06295,7,0.9259798921985385
90410-1,additive,candidate_pool_07,1.5,mask_83fe021aaca96bf0,5,1.5409370388951493
90410-1,additive,candidate_pool_08,0.5,mask_8dc1386ad4524dcb,5,0.532501619579683
90410-1,additive,candidate_pool_08,1.0,mask_a842b06af7760b08,4,1.0353667601282437
90410-1,additive,candidate_pool_08,1.5,mask_a9f1de05a2b5cc89,7,1.4066615602318313
90410-1,additive,candidate_pool_09,0.5,mask_99b322f566a2bc85,6,0.5355088871167579
90410-1,additive,candidate_pool_09,1.0,mask_6000c95aa8146da6,7,0.9596755757334063
90410-1,additive,candidate_pool_09,1.5,mask_ea7ded36b0b6aa15,8,1.5001948924960138
90410-1,all_pairs,candidate_pool_00,0.5,mask_ffe0389c017216d1,4,0.5439291339979561
90410-1,all_pairs,candidate_pool_00,1.0,mask_b55f4fdddb0ed7df,7,1.0365701266568579
90410-1,all_pairs,candidate_pool_00,1.5,mask_153f1c2a9e066490,6,1.5319011270312812
90410-1,all_pairs,candidate_pool_01,0.5,mask_d4041af54a719d70,7,0.5392886564857152
90410-1,all_pairs,candidate_pool_01,1.0,mask_261f2ebd1f8a4eaa,5,1.0948494136588482
90410-1,all_pairs,candidate_pool_01,1.5,mask_4d3f046ece5f8214,9,1.5093479654282496
90410-1,all_pairs,candidate_pool_02,0.5,mask_c36034d7c9cf0b25,7,0.44126297792837454
90410-1,all_pairs,candidate_pool_02,1.0,mask_6a56eb1c10f15cf8,7,1.006385541102267
90410-1,all_pairs,candidate_pool_02,1.5,mask_053a16108482e172,6,1.330022812785608
90410-1,all_pairs,candidate_pool_03,0.5,mask_dc2e11f8d6ea9e67,6,0.5005397722840894
90410-1,all_pairs,candidate_pool_03,1.0,mask_30716df5e75daa97,7,0.9323338748602651
90410-1,all_pairs,candidate_pool_03,1.5,mask_0f1c886d2bd569f0,7,1.1152984080877315
90410-1,all_pairs,candidate_pool_04,0.5,mask_8eaaf64cc1220873,7,0.5469762494311996
90410-1,all_pairs,candidate_pool_04,1.0,mask_dc190fdfa9807171,10,1.0322943530698532
90410-1,all_pairs,candidate_pool_04,1.5,mask_8b7737474604b389,8,1.6650575670533903
90410-1,all_pairs,candidate_pool_05,0.5,mask_22c097f7c153bb13,9,0.4578622618660165
90410-1,all_pairs,candidate_pool_05,1.0,mask_cf672502900b1ca1,10,0.951958399887971
90410-1,all_pairs,candidate_pool_05,1.5,mask_290a3cb1caf906c3,10,1.4676440350975755
90410-1,all_pairs,candidate_pool_06,0.5,mask_f2b097d9ab973b9b,7,0.511490828021551
90410-1,all_pairs,candidate_pool_06,1.0,mask_5bf7af84e459f7ba,10,1.0134607923159522
90410-1,all_pairs,candidate_pool_06,1.5,mask_c22a533faf194bc5,7,1.3124456568981846
90410-1,all_pairs,candidate_pool_07,0.5,mask_6c3e3315afb6fb8c,4,0.5061708999353429
90410-1,all_pairs,candidate_pool_07,1.0,mask_2261c8e54842bff6,8,0.9494283404769774
90410-1,all_pairs,candidate_pool_07,1.5,mask_83fe021aaca96bf0,5,1.400527716269197
90410-1,all_pairs,candidate_pool_08,0.5,mask_bda88699e1e7badf,7,0.413450107219566
90410-1,all_pairs,candidate_pool_08,1.0,mask_77740b198a0b3a94,6,1.0021628654108672
90410-1,all_pairs,candidate_pool_08,1.5,mask_1ee94a6fab0d1183,8,1.422624856040196
90410-1,all_pairs,candidate_pool_09,0.5,mask_99b322f566a2bc85,6,0.4833939618566975
90410-1,all_pairs,candidate_pool_09,1.0,mask_6000c95aa8146da6,7,0.9532181889118279
90410-1,all_pairs,candidate_pool_09,1.5,mask_ea7ded36b0b6aa15,8,1.501520122672956
90410-1,atp_raw,candidate_pool_00,0.5,mask_bfa108de38e6d58f,6,0.4349090296507596
90410-1,atp_raw,candidate_pool_00,1.0,mask_b611eb15c1cbe033,4,0.9407600124188243
90410-1,atp_raw,candidate_pool_00,1.5,mask_153f1c2a9e066490,6,1.7369452483575554
90410-1,atp_raw,candidate_pool_01,0.5,mask_3cd97f4a74d408b8,10,0.5186779619680044
90410-1,atp_raw,candidate_pool_01,1.0,mask_d34cab07e9bf4ded,4,1.1621331325038633
90410-1,atp_raw,candidate_pool_01,1.5,mask_261f2ebd1f8a4eaa,5,1.5037379253388166
90410-1,atp_raw,candidate_pool_02,0.5,mask_053a16108482e172,6,0.5613169934144837
90410-1,atp_raw,candidate_pool_02,1.0,mask_3c9ed4cc352cbb27,5,0.9102376015222771
90410-1,atp_raw,candidate_pool_02,1.5,mask_c7772d470875866f,4,1.1327279764822031
90410-1,atp_raw,candidate_pool_03,0.5,mask_438eb8e7551c3dd4,4,0.3851390809534078
90410-1,atp_raw,candidate_pool_03,1.0,mask_dc2e11f8d6ea9e67,6,1.144057332805576
90410-1,atp_raw,candidate_pool_03,1.5,mask_0f1c886d2bd569f0,7,1.4496733563545936
90410-1,atp_raw,candidate_pool_04,0.5,mask_93f84412f1b2de39,7,0.6148223160032896
90410-1,atp_raw,candidate_pool_04,1.0,mask_6d2e3876c8f68db8,9,1.1648404364266058
90410-1,atp_raw,candidate_pool_04,1.5,mask_6d2e3876c8f68db8,9,1.1648404364266058
90410-1,atp_raw,candidate_pool_05,0.5,mask_0ea1a19911258943,4,0.4773635294169505
90410-1,atp_raw,candidate_pool_05,1.0,mask_f5d21a1898de9318,7,1.3300810446615947
90410-1,atp_raw,candidate_pool_05,1.5,mask_de24099fc59a002a,4,1.4439248128724782
90410-1,atp_raw,candidate_pool_06,0.5,mask_72750b59b18d6c0c,4,0.4988164535693904
90410-1,atp_raw,candidate_pool_06,1.0,mask_8a4903df460893e2,6,1.0268237332397319
90410-1,atp_raw,candidate_pool_06,1.5,mask_8a4903df460893e2,6,1.0268237332397319
90410-1,atp_raw,candidate_pool_07,0.5,mask_21e5e4333c6fc40a,6,0.6079311493804005
90410-1,atp_raw,candidate_pool_07,1.0,mask_83fe021aaca96bf0,5,1.3751094122268657
90410-1,atp_raw,candidate_pool_07,1.5,mask_73324c4014b4a4c2,4,1.503827476586671
90410-1,atp_raw,candidate_pool_08,0.5,mask_331502b1b3b7fde3,6,0.4776026934206963
90410-1,atp_raw,candidate_pool_08,1.0,mask_a842b06af7760b08,4,0.9346967056502609
90410-1,atp_raw,candidate_pool_08,1.5,mask_a842b06af7760b08,4,0.9346967056502609
90410-1,atp_raw,candidate_pool_09,0.5,mask_a3021efcfb81527e,5,0.43144235394875263
90410-1,atp_raw,candidate_pool_09,1.0,mask_6c66643ec3bf086c,6,1.4007853704078639
90410-1,atp_raw,candidate_pool_09,1.5,mask_6c66643ec3bf086c,6,1.4007853704078639
90410-1,atp_calibrated,candidate_pool_00,0.5,mask_ff6985d2961f695d,9,0.6102335242011806
90410-1,atp_calibrated,candidate_pool_00,1.0,mask_b55f4fdddb0ed7df,7,0.9343217070055289
90410-1,atp_calibrated,candidate_pool_00,1.5,mask_153f1c2a9e066490,6,1.4425889885309382
90410-1,atp_calibrated,candidate_pool_01,0.5,mask_69b8a0bd055bae3b,8,0.500918299144797
90410-1,atp_calibrated,candidate_pool_01,1.0,mask_d34cab07e9bf4ded,4,0.9651890073923219
90410-1,atp_calibrated,candidate_pool_01,1.5,mask_c6f04107d7ae9b56,9,1.6288367887176978
90410-1,atp_calibrated,candidate_pool_02,0.5,mask_053a16108482e172,6,0.46619184717579426
90410-1,atp_calibrated,candidate_pool_02,1.0,mask_c7772d470875866f,4,0.9407670779601808
90410-1,atp_calibrated,candidate_pool_02,1.5,mask_c7772d470875866f,4,0.9407670779601808
90410-1,atp_calibrated,candidate_pool_03,0.5,mask_e3bfff07ca1cabef,9,0.5296364162624584
90410-1,atp_calibrated,candidate_pool_03,1.0,mask_dc2e11f8d6ea9e67,6,0.9501764733885604
90410-1,atp_calibrated,candidate_pool_03,1.5,mask_0f1c886d2bd569f0,7,1.2040004270838862
90410-1,atp_calibrated,candidate_pool_04,0.5,mask_93f84412f1b2de39,7,0.5106297413854096
90410-1,atp_calibrated,candidate_pool_04,1.0,mask_6d2e3876c8f68db8,9,0.967437510522313
90410-1,atp_calibrated,candidate_pool_04,1.5,mask_6d2e3876c8f68db8,9,0.967437510522313
90410-1,atp_calibrated,candidate_pool_05,0.5,mask_0ea1a19911258943,4,0.39646579056785497
90410-1,atp_calibrated,candidate_pool_05,1.0,mask_f5d21a1898de9318,7,1.1046751592756947
90410-1,atp_calibrated,candidate_pool_05,1.5,mask_de24099fc59a002a,4,1.199226076519162
90410-1,atp_calibrated,candidate_pool_06,0.5,mask_f2b097d9ab973b9b,7,0.5085475308245138
90410-1,atp_calibrated,candidate_pool_06,1.0,mask_8a4903df460893e2,6,0.8528101919934208
90410-1,atp_calibrated,candidate_pool_06,1.5,mask_8a4903df460893e2,6,0.8528101919934208
90410-1,atp_calibrated,candidate_pool_07,0.5,mask_21e5e4333c6fc40a,6,0.5049064054899851
90410-1,atp_calibrated,candidate_pool_07,1.0,mask_83fe021aaca96bf0,5,1.1420726692332521
90410-1,atp_calibrated,candidate_pool_07,1.5,mask_66a1456a9ed6a190,9,1.6134417981771572
90410-1,atp_calibrated,candidate_pool_08,0.5,mask_fc5299efb847cbc8,5,0.504973819064775
90410-1,atp_calibrated,candidate_pool_08,1.0,mask_a842b06af7760b08,4,0.7762957274918324
90410-1,atp_calibrated,candidate_pool_08,1.5,mask_a842b06af7760b08,4,0.7762957274918324
90410-1,atp_calibrated,candidate_pool_09,0.5,mask_a3021efcfb81527e,5,0.35832677488301373
90410-1,atp_calibrated,candidate_pool_09,1.0,mask_6c66643ec3bf086c,6,1.163397379713858
90410-1,atp_calibrated,candidate_pool_09,1.5,mask_6c66643ec3bf086c,6,1.163397379713858
90411-0,additive,candidate_pool_00,0.5,mask_bfa108de38e6d58f,6,0.4758022195808194
90411-0,additive,candidate_pool_00,1.0,mask_b611eb15c1cbe033,4,1.0204583045463231
90411-0,additive,candidate_pool_00,1.5,mask_a096a397a7d70275,7,1.5324517234344162
90411-0,additive,candidate_pool_01,0.5,mask_625dbe9e05728352,8,0.4725137787060188
90411-0,additive,candidate_pool_01,1.0,mask_f78efa18c25e46d0,5,0.9369613777356878
90411-0,additive,candidate_pool_01,1.5,mask_261f2ebd1f8a4eaa,5,1.6844723003672117
90411-0,additive,candidate_pool_02,0.5,mask_a0046e43df20ac57,5,0.5619271314023797
90411-0,additive,candidate_pool_02,1.0,mask_6a56eb1c10f15cf8,7,0.9567025371809614
90411-0,additive,candidate_pool_02,1.5,mask_267196af5474f7ae,8,1.5585075776742794
90411-0,additive,candidate_pool_03,0.5,mask_db4ced2a93ad8780,7,0.3952419087982805
90411-0,additive,candidate_pool_03,1.0,mask_e3bfff07ca1cabef,9,0.988680280463395
90411-0,additive,candidate_pool_03,1.5,mask_0f1c886d2bd569f0,7,1.6227742459333192
90411-0,additive,candidate_pool_04,0.5,mask_d1786933297085c0,4,0.4777156886104541
90411-0,additive,candidate_pool_04,1.0,mask_5d6868f3c7cf99b3,6,0.9393649688283539
90411-0,additive,candidate_pool_04,1.5,mask_6d2e3876c8f68db8,9,1.4920182071503194
90411-0,additive,candidate_pool_05,0.5,mask_ae737f6731edb34d,7,0.48863486615488594
90411-0,additive,candidate_pool_05,1.0,mask_290a3cb1caf906c3,10,1.1343215291696187
90411-0,additive,candidate_pool_05,1.5,mask_de24099fc59a002a,4,1.3596664313595932
90411-0,additive,candidate_pool_06,0.5,mask_2322491b9dd809d6,5,0.49759978266604565
90411-0,additive,candidate_pool_06,1.0,mask_f16ce08b0ff70796,6,0.9198108739361248
90411-0,additive,candidate_pool_06,1.5,mask_8a4903df460893e2,6,1.3442561253494363
90411-0,additive,candidate_pool_07,0.5,mask_6c3e3315afb6fb8c,4,0.6222447417420678
90411-0,additive,candidate_pool_07,1.0,mask_21e5e4333c6fc40a,6,1.012881642428939
90411-0,additive,candidate_pool_07,1.5,mask_83fe021aaca96bf0,5,1.4606118011234688
90411-0,additive,candidate_pool_08,0.5,mask_aebcbcf7f67000e0,9,0.5275419011391733
90411-0,additive,candidate_pool_08,1.0,mask_a842b06af7760b08,4,0.9742207631484956
90411-0,additive,candidate_pool_08,1.5,mask_1ee94a6fab0d1183,8,1.2418982514816712
90411-0,additive,candidate_pool_09,0.5,mask_2d90e84a12b72772,4,0.48394133482889506
90411-0,additive,candidate_pool_09,1.0,mask_6000c95aa8146da6,7,0.8703290726014103
90411-0,additive,candidate_pool_09,1.5,mask_ea7ded36b0b6aa15,8,1.347090885109842
90411-0,all_pairs,candidate_pool_00,0.5,mask_ffe0389c017216d1,4,0.42322955648543636
90411-0,all_pairs,candidate_pool_00,1.0,mask_b55f4fdddb0ed7df,7,0.9604063417722011
90411-0,all_pairs,candidate_pool_00,1.5,mask_153f1c2a9e066490,6,1.4255910585715272
90411-0,all_pairs,candidate_pool_01,0.5,mask_d4041af54a719d70,7,0.4118209696793385
90411-0,all_pairs,candidate_pool_01,1.0,mask_261f2ebd1f8a4eaa,5,1.0312042775863481
90411-0,all_pairs,candidate_pool_01,1.5,mask_3cd97f4a74d408b8,10,1.364457608479515
90411-0,all_pairs,candidate_pool_02,0.5,mask_a0046e43df20ac57,5,0.5398170265764196
90411-0,all_pairs,candidate_pool_02,1.0,mask_6a56eb1c10f15cf8,7,1.0129124648033838
90411-0,all_pairs,candidate_pool_02,1.5,mask_8539d49577e1ed9d,9,1.6124295483470783
90411-0,all_pairs,candidate_pool_03,0.5,mask_ef5c55a63fd9a61d,10,0.4858143093013111
90411-0,all_pairs,candidate_pool_03,1.0,mask_0f1c886d2bd569f0,7,0.9920390951339743
90411-0,all_pairs,candidate_pool_03,1.5,mask_0f1c886d2bd569f0,7,0.9920390951339743
90411-0,all_pairs,candidate_pool_04,0.5,mask_8eaaf64cc1220873,7,0.5111508848341827
90411-0,all_pairs,candidate_pool_04,1.0,mask_5d6868f3c7cf99b3,6,0.9435634667498224
90411-0,all_pairs,candidate_pool_04,1.5,mask_8b7737474604b389,8,1.5849101200162679
90411-0,all_pairs,candidate_pool_05,0.5,mask_ae737f6731edb34d,7,0.5234169248140828
90411-0,all_pairs,candidate_pool_05,1.0,mask_f5d21a1898de9318,7,1.056918660623701
90411-0,all_pairs,candidate_pool_05,1.5,mask_290a3cb1caf906c3,10,1.3456911773607958
90411-0,all_pairs,candidate_pool_06,0.5,mask_0cbfd8c3e3987d54,5,0.4773784380700551
90411-0,all_pairs,candidate_pool_06,1.0,mask_ba28cb4fde59866a,9,0.9378935707130831
90411-0,all_pairs,candidate_pool_06,1.5,mask_c22a533faf194bc5,7,1.201417957374327
90411-0,all_pairs,candidate_pool_07,0.5,mask_6c3e3315afb6fb8c,4,0.4808022486485082
90411-0,all_pairs,candidate_pool_07,1.0,mask_73324c4014b4a4c2,4,1.0307394842017987
90411-0,all_pairs,candidate_pool_07,1.5,mask_d43daec0a2f27dc1,8,1.4783781385586403
90411-0,all_pairs,candidate_pool_08,0.5,mask_248e15522b401ece,8,0.5359905683273449
90411-0,all_pairs,candidate_pool_08,1.0,mask_331502b1b3b7fde3,6,1.0502726019622999
90411-0,all_pairs,candidate_pool_08,1.5,mask_1ee94a6fab0d1183,8,1.3072204643346925
90411-0,all_pairs,candidate_pool_09,0.5,mask_c3f11a7d9ebab23d,6,0.5044010468637781
90411-0,all_pairs,candidate_pool_09,1.0,mask_6000c95aa8146da6,7,0.8844076267665909
90411-0,all_pairs,candidate_pool_09,1.5,mask_ea7ded36b0b6aa15,8,1.3734714514610809
90411-0,atp_raw,candidate_pool_00,0.5,mask_bfa108de38e6d58f,6,0.3633959951436089
90411-0,atp_raw,candidate_pool_00,1.0,mask_a096a397a7d70275,7,0.9954100029888688
90411-0,atp_raw,candidate_pool_00,1.5,mask_153f1c2a9e066490,6,1.708270887940277
90411-0,atp_raw,candidate_pool_01,0.5,mask_3cd97f4a74d408b8,10,0.49718022954256574
90411-0,atp_raw,candidate_pool_01,1.0,mask_d34cab07e9bf4ded,4,1.149155122122353
90411-0,atp_raw,candidate_pool_01,1.5,mask_88feb37e4997bcb0,7,1.4803682135840515
90411-0,atp_raw,candidate_pool_02,0.5,mask_8539d49577e1ed9d,9,0.4964219864899506
90411-0,atp_raw,candidate_pool_02,1.0,mask_c7772d470875866f,4,1.1004325979552472
90411-0,atp_raw,candidate_pool_02,1.5,mask_267196af5474f7ae,8,1.1032561643394767
90411-0,atp_raw,candidate_pool_03,0.5,mask_438eb8e7551c3dd4,4,0.42790850582196543
90411-0,atp_raw,candidate_pool_03,1.0,mask_dc2e11f8d6ea9e67,6,1.1337554543999206
90411-0,atp_raw,candidate_pool_03,1.5,mask_0f1c886d2bd569f0,7,1.3284173992068804
90411-0,atp_raw,candidate_pool_04,0.5,mask_93f84412f1b2de39,7,0.5629886839269977
90411-0,atp_raw,candidate_pool_04,1.0,mask_6d2e3876c8f68db8,9,1.0268256714394721
90411-0,atp_raw,candidate_pool_04,1.5,mask_6d2e3876c8f68db8,9,1.0268256714394721
90411-0,atp_raw,candidate_pool_05,0.5,mask_0ea1a19911258943,4,0.5714497283177893
90411-0,atp_raw,candidate_pool_05,1.0,mask_f5d21a1898de9318,7,1.2184293173522371
90411-0,atp_raw,candidate_pool_05,1.5,mask_de24099fc59a002a,4,1.3734251822719408
90411-0,atp_raw,candidate_pool_06,0.5,mask_c22a533faf194bc5,7,0.4144128744212008
90411-0,atp_raw,candidate_pool_06,1.0,mask_8a4903df460893e2,6,0.9371206173001183
90411-0,atp_raw,candidate_pool_06,1.5,mask_8a4903df460893e2,6,0.9371206173001183
90411-0,atp_raw,candidate_pool_07,0.5,mask_21e5e4333c6fc40a,6,0.5235187526043389
90411-0,atp_raw,candidate_pool_07,1.0,mask_83fe021aaca96bf0,5,1.297651131579787
90411-0,atp_raw,candidate_pool_07,1.5,mask_73324c4014b4a4c2,4,1.4567245373156728
90411-0,atp_raw,candidate_pool_08,0.5,mask_331502b1b3b7fde3,6,0.5190273759041713
90411-0,atp_raw,candidate_pool_08,1.0,mask_a842b06af7760b08,4,0.8872162258905387
90411-0,atp_raw,candidate_pool_08,1.5,mask_a842b06af7760b08,4,0.8872162258905387
90411-0,atp_raw,candidate_pool_09,0.5,mask_ea7ded36b0b6aa15,8,0.4000951684243286
90411-0,atp_raw,candidate_pool_09,1.0,mask_6c66643ec3bf086c,6,1.3651374988545923
90411-0,atp_raw,candidate_pool_09,1.5,mask_6c66643ec3bf086c,6,1.3651374988545923
90411-0,atp_calibrated,candidate_pool_00,0.5,mask_ff6985d2961f695d,9,0.5477764682781204
90411-0,atp_calibrated,candidate_pool_00,1.0,mask_b55f4fdddb0ed7df,7,0.8962292257318193
90411-0,atp_calibrated,candidate_pool_00,1.5,mask_153f1c2a9e066490,6,1.411830799746454
90411-0,atp_calibrated,candidate_pool_01,0.5,mask_69b8a0bd055bae3b,8,0.5198845238789717
90411-0,atp_calibrated,candidate_pool_01,1.0,mask_d34cab07e9bf4ded,4,0.9497396499304255
90411-0,atp_calibrated,candidate_pool_01,1.5,mask_c6f04107d7ae9b56,9,1.6118562149922517
90411-0,atp_calibrated,candidate_pool_02,0.5,mask_053a16108482e172,6,0.4521838580048543
90411-0,atp_calibrated,candidate_pool_02,1.0,mask_267196af5474f7ae,8,0.9118056414944095
90411-0,atp_calibrated,candidate_pool_02,1.5,mask_267196af5474f7ae,8,0.9118056414944095
90411-0,atp_calibrated,candidate_pool_03,0.5,mask_e3bfff07ca1cabef,9,0.4743694982833289
90411-0,atp_calibrated,candidate_pool_03,1.0,mask_dc2e11f8d6ea9e67,6,0.9370123211736812
90411-0,atp_calibrated,candidate_pool_03,1.5,mask_0f1c886d2bd569f0,7,1.0978941410051846
90411-0,atp_calibrated,candidate_pool_04,0.5,mask_ee5fb6904843b482,6,0.47239643302583534
90411-0,atp_calibrated,candidate_pool_04,1.0,mask_6d2e3876c8f68db8,9,0.8486383038796261
90411-0,atp_calibrated,candidate_pool_04,1.5,mask_6d2e3876c8f68db8,9,0.8486383038796261
90411-0,atp_calibrated,candidate_pool_05,0.5,mask_0ea1a19911258943,4,0.4722847720706487
90411-0,atp_calibrated,candidate_pool_05,1.0,mask_f5d21a1898de9318,7,1.0069925383005622
90411-0,atp_calibrated,candidate_pool_05,1.5,mask_de24099fc59a002a,4,1.135091622275954
90411-0,atp_calibrated,candidate_pool_06,0.5,mask_72750b59b18d6c0c,4,0.4982757600515475
90411-0,atp_calibrated,candidate_pool_06,1.0,mask_8a4903df460893e2,6,0.7744999694849171
90411-0,atp_calibrated,candidate_pool_06,1.5,mask_8a4903df460893e2,6,0.7744999694849171
90411-0,atp_calibrated,candidate_pool_07,0.5,mask_21e5e4333c6fc40a,6,0.43267136634449876
90411-0,atp_calibrated,candidate_pool_07,1.0,mask_83fe021aaca96bf0,5,1.0724668129766972
90411-0,atp_calibrated,candidate_pool_07,1.5,mask_66a1456a9ed6a190,9,1.5953855927551053
90411-0,atp_calibrated,candidate_pool_08,0.5,mask_1f36ab0e18336a51,6,0.5168191216232865
90411-0,atp_calibrated,candidate_pool_08,1.0,mask_a842b06af7760b08,4,0.733255599325569
90411-0,atp_calibrated,candidate_pool_08,1.5,mask_a842b06af7760b08,4,0.733255599325569
90411-0,atp_calibrated,candidate_pool_09,0.5,mask_ea7ded36b0b6aa15,8,0.33066575424246203
90411-0,atp_calibrated,candidate_pool_09,1.0,mask_6c66643ec3bf086c,6,1.128242119196692
90411-0,atp_calibrated,candidate_pool_09,1.5,mask_6c66643ec3bf086c,6,1.128242119196692
90411-1,additive,candidate_pool_00,0.5,mask_7c8b926f287bec49,4,0.581512494439298
90411-1,additive,candidate_pool_00,1.0,mask_b611eb15c1cbe033,4,1.2815761484073134
90411-1,additive,candidate_pool_00,1.5,mask_b611eb15c1cbe033,4,1.2815761484073134
90411-1,additive,candidate_pool_01,0.5,mask_28f76a93a72310a5,4,0.4526556387595476
90411-1,additive,candidate_pool_01,1.0,mask_16dc2167f216f5a8,5,1.042684276848796
90411-1,additive,candidate_pool_01,1.5,mask_d34cab07e9bf4ded,4,1.4550045265702936
90411-1,additive,candidate_pool_02,0.5,mask_c36034d7c9cf0b25,7,0.5328831412771059
90411-1,additive,candidate_pool_02,1.0,mask_ab59149b00e47e01,7,1.0211039960418644
90411-1,additive,candidate_pool_02,1.5,mask_c7772d470875866f,4,1.512319476805809
90411-1,additive,candidate_pool_03,0.5,mask_aedb2c503c8eced2,5,0.4935487468172765
90411-1,additive,candidate_pool_03,1.0,mask_5b90a18db67578c0,5,1.0329827849997661
90411-1,additive,candidate_pool_03,1.5,mask_dc2e11f8d6ea9e67,6,1.5344131684564752
90411-1,additive,candidate_pool_04,0.5,mask_dc190fdfa9807171,10,0.4361629295458046
90411-1,additive,candidate_pool_04,1.0,mask_5d6868f3c7cf99b3,6,1.0193633067945214
90411-1,additive,candidate_pool_04,1.5,mask_ee5fb6904843b482,6,1.2946710442025335
90411-1,additive,candidate_pool_05,0.5,mask_cf672502900b1ca1,10,0.4219380604361249
90411-1,additive,candidate_pool_05,1.0,mask_111b2c86496d6209,10,0.9839059289793477
90411-1,additive,candidate_pool_05,1.5,mask_290a3cb1caf906c3,10,1.4354908524365464
90411-1,additive,candidate_pool_06,0.5,mask_bcf00f575657ab57,7,0.44616204360453043
90411-1,additive,candidate_pool_06,1.0,mask_5bf7af84e459f7ba,10,1.0622596613831101
90411-1,additive,candidate_pool_06,1.5,mask_c22a533faf194bc5,7,1.4926993801538437
90411-1,additive,candidate_pool_07,0.5,mask_c9688ac3f4d96cac,5,0.41034686492015615
90411-1,additive,candidate_pool_07,1.0,mask_c4774bd021c06295,7,1.0065197893502837
90411-1,additive,candidate_pool_07,1.5,mask_21e5e4333c6fc40a,6,1.3885628167875148
90411-1,additive,candidate_pool_08,0.5,mask_3fd358a395ddfdd8,7,0.5511262543363089
90411-1,additive,candidate_pool_08,1.0,mask_1f36ab0e18336a51,6,0.9936449313154859
90411-1,additive,candidate_pool_08,1.5,mask_1ee94a6fab0d1183,8,1.3978432239382212
90411-1,additive,candidate_pool_09,0.5,mask_c5654b277c578f3e,9,0.39994560188405914
90411-1,additive,candidate_pool_09,1.0,mask_6000c95aa8146da6,7,1.018017928903487
90411-1,additive,candidate_pool_09,1.5,mask_ea7ded36b0b6aa15,8,1.655388358032879
90411-1,all_pairs,candidate_pool_00,0.5,mask_818493500a9903d5,10,0.47454985710429753
90411-1,all_pairs,candidate_pool_00,1.0,mask_714aefc72a94a0e9,5,0.9908782452969156
90411-1,all_pairs,candidate_pool_00,1.5,mask_153f1c2a9e066490,6,1.7060006318320329
90411-1,all_pairs,candidate_pool_01,0.5,mask_f78efa18c25e46d0,5,0.419681910899711
90411-1,all_pairs,candidate_pool_01,1.0,mask_76f706be2ab175f0,7,0.9730298924818979
90411-1,all_pairs,candidate_pool_01,1.5,mask_88feb37e4997bcb0,7,1.6020530065338496
90411-1,all_pairs,candidate_pool_02,0.5,mask_90268cfdee9c04e6,7,0.48401952295662026
90411-1,all_pairs,candidate_pool_02,1.0,mask_6a56eb1c10f15cf8,7,1.0852517145817595
90411-1,all_pairs,candidate_pool_02,1.5,mask_053a16108482e172,6,1.4029603628392446
90411-1,all_pairs,candidate_pool_03,0.5,mask_66e7ba4230023a63,10,0.5724532370523086
90411-1,all_pairs,candidate_pool_03,1.0,mask_30716df5e75daa97,7,1.0159853856200933
90411-1,all_pairs,candidate_pool_03,1.5,mask_0f1c886d2bd569f0,7,1.290768926801512
90411-1,all_pairs,candidate_pool_04,0.5,mask_a70ae2b6886df911,7,0.46084455426492443
90411-1,all_pairs,candidate_pool_04,1.0,mask_5d6868f3c7cf99b3,6,0.9926435539817845
90411-1,all_pairs,candidate_pool_04,1.5,mask_cafa56ef6c77bde9,10,1.5227964340458238
90411-1,all_pairs,candidate_pool_05,0.5,mask_1abd41f1a83adf2a,8,0.40089853182243385
90411-1,all_pairs,candidate_pool_05,1.0,mask_62191f28479b805a,7,0.9584280316208933
90411-1,all_pairs,candidate_pool_05,1.5,mask_111b2c86496d6209,10,1.3692246246052902
90411-1,all_pairs,candidate_pool_06,0.5,mask_bcf00f575657ab57,7,0.450403919585435
90411-1,all_pairs,candidate_pool_06,1.0,mask_2322491b9dd809d6,5,1.0818371439119425
90411-1,all_pairs,candidate_pool_06,1.5,mask_ba28cb4fde59866a,9,1.4619231580100682
90411-1,all_pairs,candidate_pool_07,0.5,mask_6c3e3315afb6fb8c,4,0.49421115636223256
90411-1,all_pairs,candidate_pool_07,1.0,mask_dcead7d80876d41f,9,0.9546122562607771
90411-1,all_pairs,candidate_pool_07,1.5,mask_83fe021aaca96bf0,5,1.57268749594565
90411-1,all_pairs,candidate_pool_08,0.5,mask_a842b06af7760b08,4,0.4555689627452641
90411-1,all_pairs,candidate_pool_08,1.0,mask_77740b198a0b3a94,6,1.0445465387162116
90411-1,all_pairs,candidate_pool_08,1.5,mask_1ee94a6fab0d1183,8,1.5214634927814994
90411-1,all_pairs,candidate_pool_09,0.5,mask_4be83a97da997236,8,0.5314248440637201
90411-1,all_pairs,candidate_pool_09,1.0,mask_6000c95aa8146da6,7,1.0002340331826396
90411-1,all_pairs,candidate_pool_09,1.5,mask_6c66643ec3bf086c,6,1.4669551267713055
90411-1,atp_raw,candidate_pool_00,0.5,mask_56ee0c60e1cde4b8,5,0.5181960948644893
90411-1,atp_raw,candidate_pool_00,1.0,mask_ff6985d2961f695d,9,0.905667888784879
90411-1,atp_raw,candidate_pool_00,1.5,mask_a096a397a7d70275,7,1.3020914414946576
90411-1,atp_raw,candidate_pool_01,0.5,mask_625dbe9e05728352,8,0.36844336608130684
90411-1,atp_raw,candidate_pool_01,1.0,mask_16dc2167f216f5a8,5,1.046492104982271
90411-1,atp_raw,candidate_pool_01,1.5,mask_261f2ebd1f8a4eaa,5,1.6010517128056994
90411-1,atp_raw,candidate_pool_02,0.5,mask_8539d49577e1ed9d,9,0.5013573171619916
90411-1,atp_raw,candidate_pool_02,1.0,mask_3c9ed4cc352cbb27,5,1.0038433347240483
90411-1,atp_raw,candidate_pool_02,1.5,mask_267196af5474f7ae,8,1.2868694877742153
90411-1,atp_raw,candidate_pool_03,0.5,mask_5b90a18db67578c0,5,0.43918419197495834
90411-1,atp_raw,candidate_pool_03,1.0,mask_e3bfff07ca1cabef,9,0.8706954238642205
90411-1,atp_raw,candidate_pool_03,1.5,mask_0f1c886d2bd569f0,7,1.640506409348822
90411-1,atp_raw,candidate_pool_04,0.5,mask_5d6868f3c7cf99b3,6,0.4679638942262454
90411-1,atp_raw,candidate_pool_04,1.0,mask_ee5fb6904843b482,6,0.9868489438030672
90411-1,atp_raw,candidate_pool_04,1.5,mask_6d2e3876c8f68db8,9,1.4615883080190735
90411-1,atp_raw,candidate_pool_05,0.5,mask_290a3cb1caf906c3,10,0.49942380399688324
90411-1,atp_raw,candidate_pool_05,1.0,mask_290a3cb1caf906c3,10,0.49942380399688324
90411-1,atp_raw,candidate_pool_05,1.5,mask_de24099fc59a002a,4,1.5018673421177815
90411-1,atp_raw,candidate_pool_06,0.5,mask_c22a533faf194bc5,7,0.5190329359991379
90411-1,atp_raw,candidate_pool_06,1.0,mask_25276dd47f8ef77c,4,0.9587610035595533
90411-1,atp_raw,candidate_pool_06,1.5,mask_8a4903df460893e2,6,1.1060338995517478
90411-1,atp_raw,candidate_pool_07,0.5,mask_c4774bd021c06295,7,0.34572385900997027
90411-1,atp_raw,candidate_pool_07,1.0,mask_21e5e4333c6fc40a,6,0.8180489314818069
90411-1,atp_raw,candidate_pool_07,1.5,mask_83fe021aaca96bf0,5,1.5531869332061001
90411-1,atp_raw,candidate_pool_08,0.5,mask_331502b1b3b7fde3,6,0.5606347029538534
90411-1,atp_raw,candidate_pool_08,1.0,mask_a842b06af7760b08,4,1.0213578775966246
90411-1,atp_raw,candidate_pool_08,1.5,mask_a9f1de05a2b5cc89,7,1.0987084298149534
90411-1,atp_raw,candidate_pool_09,0.5,mask_ea7ded36b0b6aa15,8,0.5225659814908317
90411-1,atp_raw,candidate_pool_09,1.0,mask_a3021efcfb81527e,5,0.6261937520662813
90411-1,atp_raw,candidate_pool_09,1.5,mask_6c66643ec3bf086c,6,1.4390569108342262
90411-1,atp_calibrated,candidate_pool_00,0.5,mask_bfa108de38e6d58f,6,0.5405148954849399
90411-1,atp_calibrated,candidate_pool_00,1.0,mask_b611eb15c1cbe033,4,0.9559264278302952
90411-1,atp_calibrated,candidate_pool_00,1.5,mask_153f1c2a9e066490,6,1.5300614797998904
90411-1,atp_calibrated,candidate_pool_01,0.5,mask_3cd97f4a74d408b8,10,0.5538353106582635
90411-1,atp_calibrated,candidate_pool_01,1.0,mask_16dc2167f216f5a8,5,0.9117613377292115
90411-1,atp_calibrated,candidate_pool_01,1.5,mask_4d3f046ece5f8214,9,1.461889346672925
90411-1,atp_calibrated,candidate_pool_02,0.5,mask_ab59149b00e47e01,7,0.4584131894586458
90411-1,atp_calibrated,candidate_pool_02,1.0,mask_c7772d470875866f,4,1.067061458239255
90411-1,atp_calibrated,candidate_pool_02,1.5,mask_267196af5474f7ae,8,1.1211913019408792
90411-1,atp_calibrated,candidate_pool_03,0.5,mask_5b90a18db67578c0,5,0.38264136392256365
90411-1,atp_calibrated,candidate_pool_03,1.0,mask_dc2e11f8d6ea9e67,6,1.091513974022953
90411-1,atp_calibrated,candidate_pool_03,1.5,mask_0f1c886d2bd569f0,7,1.429299190333182
90411-1,atp_calibrated,candidate_pool_04,0.5,mask_5d6868f3c7cf99b3,6,0.40771581952443026
90411-1,atp_calibrated,candidate_pool_04,1.0,mask_ee5fb6904843b482,6,0.8597969433833305
90411-1,atp_calibrated,candidate_pool_04,1.5,mask_6d2e3876c8f68db8,9,1.2734159240995149
90411-1,atp_calibrated,candidate_pool_05,0.5,mask_290a3cb1caf906c3,10,0.43512541896694396
90411-1,atp_calibrated,candidate_pool_05,1.0,mask_de24099fc59a002a,4,1.308509228518568
90411-1,atp_calibrated,candidate_pool_05,1.5,mask_f5d21a1898de9318,7,1.343343346635378
90411-1,atp_calibrated,candidate_pool_06,0.5,mask_f2b097d9ab973b9b,7,0.5369631404248304
90411-1,atp_calibrated,candidate_pool_06,1.0,mask_8a4903df460893e2,6,0.9636374159232115
90411-1,atp_calibrated,candidate_pool_06,1.5,mask_8a4903df460893e2,6,0.9636374159232115
90411-1,atp_calibrated,candidate_pool_07,0.5,mask_c4774bd021c06295,7,0.30121359413521426
90411-1,atp_calibrated,candidate_pool_07,1.0,mask_21e5e4333c6fc40a,6,0.7127291114235785
90411-1,atp_calibrated,candidate_pool_07,1.5,mask_73324c4014b4a4c2,4,1.3866299602033576
90411-1,atp_calibrated,candidate_pool_08,0.5,mask_331502b1b3b7fde3,6,0.48845571247886704
90411-1,atp_calibrated,candidate_pool_08,1.0,mask_a9f1de05a2b5cc89,7,0.9572550647760639
90411-1,atp_calibrated,candidate_pool_08,1.5,mask_a9f1de05a2b5cc89,7,0.9572550647760639
90411-1,atp_calibrated,candidate_pool_09,0.5,mask_2d90e84a12b72772,4,0.482742388107938
90411-1,atp_calibrated,candidate_pool_09,1.0,mask_6c66643ec3bf086c,6,1.2537853346852617
90411-1,atp_calibrated,candidate_pool_09,1.5,mask_6c66643ec3bf086c,6,1.2537853346852617
90412-0,additive,candidate_pool_00,0.5,mask_56ee0c60e1cde4b8,5,0.4784130770008723
90412-0,additive,candidate_pool_00,1.0,mask_b611eb15c1cbe033,4,1.160123068556634
90412-0,additive,candidate_pool_00,1.5,mask_ff6985d2961f695d,9,1.4933546587337059
90412-0,additive,candidate_pool_01,0.5,mask_625dbe9e05728352,8,0.6076025068425563
90412-0,additive,candidate_pool_01,1.0,mask_f78efa18c25e46d0,5,0.9391923656278159
90412-0,additive,candidate_pool_01,1.5,mask_69b8a0bd055bae3b,8,1.392328175548799
90412-0,additive,candidate_pool_02,0.5,mask_d2f4c8c3a0e382c0,6,0.6433375635560841
90412-0,additive,candidate_pool_02,1.0,mask_4069015a4c8c7628,4,1.0827433437879321
90412-0,additive,candidate_pool_02,1.5,mask_8539d49577e1ed9d,9,1.6211243906931698
90412-0,additive,candidate_pool_03,0.5,mask_aedb2c503c8eced2,5,0.4959078431257191
90412-0,additive,candidate_pool_03,1.0,mask_30716df5e75daa97,7,0.9320202684873278
90412-0,additive,candidate_pool_03,1.5,mask_dc2e11f8d6ea9e67,6,1.3090975412838313
90412-0,additive,candidate_pool_04,0.5,mask_d1786933297085c0,4,0.5783116081451806
90412-0,additive,candidate_pool_04,1.0,mask_5d6868f3c7cf99b3,6,1.0171460962804306
90412-0,additive,candidate_pool_04,1.5,mask_8b7737474604b389,8,1.6934485727948796
90412-0,additive,candidate_pool_05,0.5,mask_ae737f6731edb34d,7,0.6434671210767922
90412-0,additive,candidate_pool_05,1.0,mask_111b2c86496d6209,10,0.7840633593810162
90412-0,additive,candidate_pool_05,1.5,mask_de24099fc59a002a,4,1.4888247735996425
90412-0,additive,candidate_pool_06,0.5,mask_f2b097d9ab973b9b,7,0.5178841831622073
90412-0,additive,candidate_pool_06,1.0,mask_ba28cb4fde59866a,9,1.0079084697128646
90412-0,additive,candidate_pool_06,1.5,mask_8a4903df460893e2,6,1.4070663764188411
90412-0,additive,candidate_pool_07,0.5,mask_9401c6bc69ed4d22,10,0.4077982172779322
90412-0,additive,candidate_pool_07,1.0,mask_c4774bd021c06295,7,0.9288978498000244
90412-0,additive,candidate_pool_07,1.5,mask_83fe021aaca96bf0,5,1.6498261681884658
90412-0,additive,candidate_pool_08,0.5,mask_8dc1386ad4524dcb,5,0.5526703830822707
90412-0,additive,candidate_pool_08,1.0,mask_03ced2f511e0a2f2,10,0.9896096776893855
90412-0,additive,candidate_pool_08,1.5,mask_a9f1de05a2b5cc89,7,1.4250431544444555
90412-0,additive,candidate_pool_09,0.5,mask_2d90e84a12b72772,4,0.5041088200239829
90412-0,additive,candidate_pool_09,1.0,mask_6000c95aa8146da6,7,0.9636610341761191
90412-0,additive,candidate_pool_09,1.5,mask_ea7ded36b0b6aa15,8,1.5140222228635787
90412-0,all_pairs,candidate_pool_00,0.5,mask_b611eb15c1cbe033,4,0.44573133651703034
90412-0,all_pairs,candidate_pool_00,1.0,mask_a096a397a7d70275,7,0.9784998544344324
90412-0,all_pairs,candidate_pool_00,1.5,mask_153f1c2a9e066490,6,1.4897547105485844
90412-0,all_pairs,candidate_pool_01,0.5,mask_28f76a93a72310a5,4,0.4975997826287825
90412-0,all_pairs,candidate_pool_01,1.0,mask_76f706be2ab175f0,7,0.9099903192403194
90412-0,all_pairs,candidate_pool_01,1.5,mask_88feb37e4997bcb0,7,1.5404682406943606
90412-0,all_pairs,candidate_pool_02,0.5,mask_c36034d7c9cf0b25,7,0.46222234988664024
90412-0,all_pairs,candidate_pool_02,1.0,mask_6a56eb1c10f15cf8,7,0.9794271131910859
90412-0,all_pairs,candidate_pool_02,1.5,mask_053a16108482e172,6,1.3141302568478763
90412-0,all_pairs,candidate_pool_03,0.5,mask_dc2e11f8d6ea9e67,6,0.5057046857690058
90412-0,all_pairs,candidate_pool_03,1.0,mask_30716df5e75daa97,7,0.9232482152365129
90412-0,all_pairs,candidate_pool_03,1.5,mask_0f1c886d2bd569f0,7,1.1893246361576177
90412-0,all_pairs,candidate_pool_04,0.5,mask_8f5eca4cbcfcb5db,6,0.4203195170085256
90412-0,all_pairs,candidate_pool_04,1.0,mask_5d6868f3c7cf99b3,6,1.0083589346823854
90412-0,all_pairs,candidate_pool_04,1.5,mask_8b7737474604b389,8,1.6985515712472812
90412-0,all_pairs,candidate_pool_05,0.5,mask_22c097f7c153bb13,9,0.42423794744782956
90412-0,all_pairs,candidate_pool_05,1.0,mask_cf672502900b1ca1,10,0.9587005814528465
90412-0,all_pairs,candidate_pool_05,1.5,mask_290a3cb1caf906c3,10,1.5752941776213254
90412-0,all_pairs,candidate_pool_06,0.5,mask_f2b097d9ab973b9b,7,0.5168577806231006
90412-0,all_pairs,candidate_pool_06,1.0,mask_f16ce08b0ff70796,6,1.0130394566930434
90412-0,all_pairs,candidate_pool_06,1.5,mask_c22a533faf194bc5,7,1.342403541665914
90412-0,all_pairs,candidate_pool_07,0.5,mask_6c3e3315afb6fb8c,4,0.5187774066487401
90412-0,all_pairs,candidate_pool_07,1.0,mask_2261c8e54842bff6,8,0.9963870992278472
90412-0,all_pairs,candidate_pool_07,1.5,mask_83fe021aaca96bf0,5,1.5036311364614177
90412-0,all_pairs,candidate_pool_08,0.5,mask_bda88699e1e7badf,7,0.47378688515023404
90412-0,all_pairs,candidate_pool_08,1.0,mask_0483c7c3a82ced7e,6,1.0107674921125245
90412-0,all_pairs,candidate_pool_08,1.5,mask_1ee94a6fab0d1183,8,1.3723499941617645
90412-0,all_pairs,candidate_pool_09,0.5,mask_99b322f566a2bc85,6,0.46477305072552744
90412-0,all_pairs,candidate_pool_09,1.0,mask_6000c95aa8146da6,7,0.9821264892236625
90412-0,all_pairs,candidate_pool_09,1.5,mask_ea7ded36b0b6aa15,8,1.5451799914531374
90412-0,atp_raw,candidate_pool_00,0.5,mask_bfa108de38e6d58f,6,0.43372920669254766
90412-0,atp_raw,candidate_pool_00,1.0,mask_b611eb15c1cbe033,4,0.9550903661837502
90412-0,atp_raw,candidate_pool_00,1.5,mask_153f1c2a9e066490,6,1.6826181591398293
90412-0,atp_raw,candidate_pool_01,0.5,mask_3cd97f4a74d408b8,10,0.5166136892212017
90412-0,atp_raw,candidate_pool_01,1.0,mask_16dc2167f216f5a8,5,0.8721774217762774
90412-0,atp_raw,candidate_pool_01,1.5,mask_261f2ebd1f8a4eaa,5,1.5111252583503243
90412-0,atp_raw,candidate_pool_02,0.5,mask_8539d49577e1ed9d,9,0.4957621640035059
90412-0,atp_raw,candidate_pool_02,1.0,mask_c7772d470875866f,4,1.097031053496144
90412-0,atp_raw,candidate_pool_02,1.5,mask_267196af5474f7ae,8,1.1415159412689748
90412-0,atp_raw,candidate_pool_03,0.5,mask_438eb8e7551c3dd4,4,0.337927387556642
90412-0,atp_raw,candidate_pool_03,1.0,mask_dc2e11f8d6ea9e67,6,1.1070223293237147
90412-0,atp_raw,candidate_pool_03,1.5,mask_0f1c886d2bd569f0,7,1.4885455199607438
90412-0,atp_raw,candidate_pool_04,0.5,mask_5d6868f3c7cf99b3,6,0.5034892148568586
90412-0,atp_raw,candidate_pool_04,1.0,mask_8b7737474604b389,8,0.8303739278507167
90412-0,atp_raw,candidate_pool_04,1.5,mask_6d2e3876c8f68db8,9,1.2214712254422648
90412-0,atp_raw,candidate_pool_05,0.5,mask_0ea1a19911258943,4,0.48235280935962993
90412-0,atp_raw,candidate_pool_05,1.0,mask_f5d21a1898de9318,7,1.4016851231015177
90412-0,atp_raw,candidate_pool_05,1.5,mask_de24099fc59a002a,4,1.4415492558931953
90412-0,atp_raw,candidate_pool_06,0.5,mask_c22a533faf194bc5,7,0.48809043000582397
90412-0,atp_raw,candidate_pool_06,1.0,mask_8a4903df460893e2,6,0.9351871451563252
90412-0,atp_raw,candidate_pool_06,1.5,mask_8a4903df460893e2,6,0.9351871451563252
90412-0,atp_raw,candidate_pool_07,0.5,mask_21e5e4333c6fc40a,6,0.586709828166071
90412-0,atp_raw,candidate_pool_07,1.0,mask_21e5e4333c6fc40a,6,0.586709828166071
90412-0,atp_raw,candidate_pool_07,1.5,mask_73324c4014b4a4c2,4,1.4888078165791367
90412-0,atp_raw,candidate_pool_08,0.5,mask_8dc1386ad4524dcb,5,0.4863528331681606
90412-0,atp_raw,candidate_pool_08,1.0,mask_a9f1de05a2b5cc89,7,0.9313196794640635
90412-0,atp_raw,candidate_pool_08,1.5,mask_a9f1de05a2b5cc89,7,0.9313196794640635
90412-0,atp_raw,candidate_pool_09,0.5,mask_ea7ded36b0b6aa15,8,0.48818207890676546
90412-0,atp_raw,candidate_pool_09,1.0,mask_6c66643ec3bf086c,6,1.3690959521499213
90412-0,atp_raw,candidate_pool_09,1.5,mask_6c66643ec3bf086c,6,1.3690959521499213
90412-0,atp_calibrated,candidate_pool_00,0.5,mask_bfa108de38e6d58f,6,0.3747504877270126
90412-0,atp_calibrated,candidate_pool_00,1.0,mask_b55f4fdddb0ed7df,7,1.0025096795777897
90412-0,atp_calibrated,candidate_pool_00,1.5,mask_153f1c2a9e066490,6,1.453814882803034
90412-0,atp_calibrated,candidate_pool_01,0.5,mask_69b8a0bd055bae3b,8,0.5270176547295394
90412-0,atp_calibrated,candidate_pool_01,1.0,mask_d34cab07e9bf4ded,4,1.012606754280577
90412-0,atp_calibrated,candidate_pool_01,1.5,mask_88feb37e4997bcb0,7,1.431694615306288
90412-0,atp_calibrated,candidate_pool_02,0.5,mask_053a16108482e172,6,0.5174654293647469
90412-0,atp_calibrated,candidate_pool_02,1.0,mask_267196af5474f7ae,8,0.986292020776793
90412-0,atp_calibrated,candidate_pool_02,1.5,mask_267196af5474f7ae,8,0.986292020776793
90412-0,atp_calibrated,candidate_pool_03,0.5,mask_e3bfff07ca1cabef,9,0.5748235019948791
90412-0,atp_calibrated,candidate_pool_03,1.0,mask_dc2e11f8d6ea9e67,6,0.9564888677944863
90412-0,atp_calibrated,candidate_pool_03,1.5,mask_0f1c886d2bd569f0,7,1.286132340182875
90412-0,atp_calibrated,candidate_pool_04,0.5,mask_5d6868f3c7cf99b3,6,0.43502449436532337
90412-0,atp_calibrated,candidate_pool_04,1.0,mask_6d2e3876c8f68db8,9,1.0553749445872065
90412-0,atp_calibrated,candidate_pool_04,1.5,mask_6d2e3876c8f68db8,9,1.0553749445872065
90412-0,atp_calibrated,candidate_pool_05,0.5,mask_0ea1a19911258943,4,0.41676222807875274
90412-0,atp_calibrated,candidate_pool_05,1.0,mask_f5d21a1898de9318,7,1.2110832644349492
90412-0,atp_calibrated,candidate_pool_05,1.5,mask_de24099fc59a002a,4,1.24552665209707
90412-0,atp_calibrated,candidate_pool_06,0.5,mask_f2b097d9ab973b9b,7,0.5027722118033778
90412-0,atp_calibrated,candidate_pool_06,1.0,mask_8a4903df460893e2,6,0.8080199197002497
90412-0,atp_calibrated,candidate_pool_06,1.5,mask_8a4903df460893e2,6,0.8080199197002497
90412-0,atp_calibrated,candidate_pool_07,0.5,mask_21e5e4333c6fc40a,6,0.5069287261886499
90412-0,atp_calibrated,candidate_pool_07,1.0,mask_83fe021aaca96bf0,5,1.2460306549782472
90412-0,atp_calibrated,candidate_pool_07,1.5,mask_d43daec0a2f27dc1,8,1.46684346336912
90412-0,atp_calibrated,candidate_pool_08,0.5,mask_331502b1b3b7fde3,6,0.4908700519048285
90412-0,atp_calibrated,candidate_pool_08,1.0,mask_a9f1de05a2b5cc89,7,0.8046783539673478
90412-0,atp_calibrated,candidate_pool_08,1.5,mask_a9f1de05a2b5cc89,7,0.8046783539673478
90412-0,atp_calibrated,candidate_pool_09,0.5,mask_ea7ded36b0b6aa15,8,0.42179883057674816
90412-0,atp_calibrated,candidate_pool_09,1.0,mask_6c66643ec3bf086c,6,1.1829255855876797
90412-0,atp_calibrated,candidate_pool_09,1.5,mask_6c66643ec3bf086c,6,1.1829255855876797
90412-1,additive,candidate_pool_00,0.5,mask_ffe0389c017216d1,4,0.4988187387352333
90412-1,additive,candidate_pool_00,1.0,mask_b611eb15c1cbe033,4,1.1398256996355682
90412-1,additive,candidate_pool_00,1.5,mask_ff6985d2961f695d,9,1.4971201247837709
90412-1,additive,candidate_pool_01,0.5,mask_d4041af54a719d70,7,0.511633168072453
90412-1,additive,candidate_pool_01,1.0,mask_3507ab216f864cbe,4,1.062358961508606
90412-1,additive,candidate_pool_01,1.5,mask_69b8a0bd055bae3b,8,1.5577768917197474
90412-1,additive,candidate_pool_02,0.5,mask_a0046e43df20ac57,5,0.5565413091381317
90412-1,additive,candidate_pool_02,1.0,mask_ab59149b00e47e01,7,0.9960345075512999
90412-1,additive,candidate_pool_02,1.5,mask_3c9ed4cc352cbb27,5,1.5086940748240136
90412-1,additive,candidate_pool_03,0.5,mask_db4ced2a93ad8780,7,0.5049935024506385
90412-1,additive,candidate_pool_03,1.0,mask_30716df5e75daa97,7,0.9867040089368379
90412-1,additive,candidate_pool_03,1.5,mask_dc2e11f8d6ea9e67,6,1.5305040761075772
90412-1,additive,candidate_pool_04,0.5,mask_8f5eca4cbcfcb5db,6,0.4687224374271839
90412-1,additive,candidate_pool_04,1.0,mask_5d6868f3c7cf99b3,6,0.9430639309873721
90412-1,additive,candidate_pool_04,1.5,mask_8b7737474604b389,8,1.7409604424548637
90412-1,additive,candidate_pool_05,0.5,mask_ae737f6731edb34d,7,0.575357719924978
90412-1,additive,candidate_pool_05,1.0,mask_62191f28479b805a,7,0.9262735821360394
90412-1,additive,candidate_pool_05,1.5,mask_de24099fc59a002a,4,1.4413567751171437
90412-1,additive,candidate_pool_06,0.5,mask_8da4b6178fa2b73e,7,0.5112205664806418
90412-1,additive,candidate_pool_06,1.0,mask_ba28cb4fde59866a,9,0.9768493869401448
90412-1,additive,candidate_pool_06,1.5,mask_8a4903df460893e2,6,1.5903165675737447
90412-1,additive,candidate_pool_07,0.5,mask_9401c6bc69ed4d22,10,0.5469737986937495
90412-1,additive,candidate_pool_07,1.0,mask_c4774bd021c06295,7,0.9355047658965353
90412-1,additive,candidate_pool_07,1.5,mask_83fe021aaca96bf0,5,1.555907673384775
90412-1,additive,candidate_pool_08,0.5,mask_bda88699e1e7badf,7,0.5676519072132765
90412-1,additive,candidate_pool_08,1.0,mask_03ced2f511e0a2f2,10,1.0144409942112753
90412-1,additive,candidate_pool_08,1.5,mask_a9f1de05a2b5cc89,7,1.3986472994358923
90412-1,additive,candidate_pool_09,0.5,mask_2d90e84a12b72772,4,0.5912001810305785
90412-1,additive,candidate_pool_09,1.0,mask_6000c95aa8146da6,7,0.9243752233312017
90412-1,additive,candidate_pool_09,1.5,mask_ea7ded36b0b6aa15,8,1.4861176074996494
90412-1,all_pairs,candidate_pool_00,0.5,mask_b611eb15c1cbe033,4,0.4508307074983448
90412-1,all_pairs,candidate_pool_00,1.0,mask_a096a397a7d70275,7,0.9841015215753603
90412-1,all_pairs,candidate_pool_00,1.5,mask_ff6985d2961f695d,9,1.628166566206236
90412-1,all_pairs,candidate_pool_01,0.5,mask_f78efa18c25e46d0,5,0.45461445141606865
90412-1,all_pairs,candidate_pool_01,1.0,mask_625dbe9e05728352,8,0.9716986115517272
90412-1,all_pairs,candidate_pool_01,1.5,mask_4d3f046ece5f8214,9,1.5082888566421482
90412-1,all_pairs,candidate_pool_02,0.5,mask_a0046e43df20ac57,5,0.5228003289960967
90412-1,all_pairs,candidate_pool_02,1.0,mask_ab59149b00e47e01,7,1.0958433978394513
90412-1,all_pairs,candidate_pool_02,1.5,mask_053a16108482e172,6,1.3209845739331594
90412-1,all_pairs,candidate_pool_03,0.5,mask_66e7ba4230023a63,10,0.4509210028536752
90412-1,all_pairs,candidate_pool_03,1.0,mask_30716df5e75daa97,7,0.9384654247405289
90412-1,all_pairs,candidate_pool_03,1.5,mask_0f1c886d2bd569f0,7,1.0933701930452586
90412-1,all_pairs,candidate_pool_04,0.5,mask_8eaaf64cc1220873,7,0.5176988232289519
90412-1,all_pairs,candidate_pool_04,1.0,mask_ee5fb6904843b482,6,0.9964512647179784
90412-1,all_pairs,candidate_pool_04,1.5,mask_cafa56ef6c77bde9,10,1.4415442134651977
90412-1,all_pairs,candidate_pool_05,0.5,mask_22c097f7c153bb13,9,0.5512403888215319
90412-1,all_pairs,candidate_pool_05,1.0,mask_cf672502900b1ca1,10,1.0032796093075251
90412-1,all_pairs,candidate_pool_05,1.5,mask_290a3cb1caf906c3,10,1.439727078766327
90412-1,all_pairs,candidate_pool_06,0.5,mask_0cbfd8c3e3987d54,5,0.5382740283468104
90412-1,all_pairs,candidate_pool_06,1.0,mask_f16ce08b0ff70796,6,1.0588630939080566
90412-1,all_pairs,candidate_pool_06,1.5,mask_c22a533faf194bc5,7,1.3023398740321466
90412-1,all_pairs,candidate_pool_07,0.5,mask_21e5e4333c6fc40a,6,0.4888636381649881
90412-1,all_pairs,candidate_pool_07,1.0,mask_dcead7d80876d41f,9,0.9131269403296578
90412-1,all_pairs,candidate_pool_07,1.5,mask_83fe021aaca96bf0,5,1.4104636471075174
90412-1,all_pairs,candidate_pool_08,0.5,mask_3fd358a395ddfdd8,7,0.4689839168054659
90412-1,all_pairs,candidate_pool_08,1.0,mask_aebcbcf7f67000e0,9,1.0095426315223361
90412-1,all_pairs,candidate_pool_08,1.5,mask_1ee94a6fab0d1183,8,1.4516249232087226
90412-1,all_pairs,candidate_pool_09,0.5,mask_4be83a97da997236,8,0.48514833422451475
90412-1,all_pairs,candidate_pool_09,1.0,mask_6000c95aa8146da6,7,0.9037576712213068
90412-1,all_pairs,candidate_pool_09,1.5,mask_527fb4485b283af0,10,1.513009161202088
90412-1,atp_raw,candidate_pool_00,0.5,mask_bfa108de38e6d58f,6,0.5439326058311219
90412-1,atp_raw,candidate_pool_00,1.0,mask_b611eb15c1cbe033,4,0.9723635328124569
90412-1,atp_raw,candidate_pool_00,1.5,mask_153f1c2a9e066490,6,1.7783214918460057
90412-1,atp_raw,candidate_pool_01,0.5,mask_3cd97f4a74d408b8,10,0.6118239897086915
90412-1,atp_raw,candidate_pool_01,1.0,mask_16dc2167f216f5a8,5,0.8633801833575949
90412-1,atp_raw,candidate_pool_01,1.5,mask_4d3f046ece5f8214,9,1.4864187139848417
90412-1,atp_raw,candidate_pool_02,0.5,mask_8539d49577e1ed9d,9,0.5017777431069523
90412-1,atp_raw,candidate_pool_02,1.0,mask_3c9ed4cc352cbb27,5,0.9909083431802991
90412-1,atp_raw,candidate_pool_02,1.5,mask_267196af5474f7ae,8,1.2435097650653033
90412-1,atp_raw,candidate_pool_03,0.5,mask_5b90a18db67578c0,5,0.3855866748943097
90412-1,atp_raw,candidate_pool_03,1.0,mask_e3bfff07ca1cabef,9,0.7729232269856665
90412-1,atp_raw,candidate_pool_03,1.5,mask_0f1c886d2bd569f0,7,1.4774733662106698
90412-1,atp_raw,candidate_pool_04,0.5,mask_93f84412f1b2de39,7,0.6091440655149971
90412-1,atp_raw,candidate_pool_04,1.0,mask_8b7737474604b389,8,0.811232990002015
90412-1,atp_raw,candidate_pool_04,1.5,mask_6d2e3876c8f68db8,9,1.2611732871243446
90412-1,atp_raw,candidate_pool_05,0.5,mask_0ea1a19911258943,4,0.49639165911334326
90412-1,atp_raw,candidate_pool_05,1.0,mask_f5d21a1898de9318,7,1.3566320392519537
90412-1,atp_raw,candidate_pool_05,1.5,mask_de24099fc59a002a,4,1.4326824180151552
90412-1,atp_raw,candidate_pool_06,0.5,mask_72750b59b18d6c0c,4,0.4830559270145992
90412-1,atp_raw,candidate_pool_06,1.0,mask_382e0bf880e4af69,5,0.9322229298725347
90412-1,atp_raw,candidate_pool_06,1.5,mask_8a4903df460893e2,6,1.10102541248474
90412-1,atp_raw,candidate_pool_07,0.5,mask_c4774bd021c06295,7,0.27697999623481806
90412-1,atp_raw,candidate_pool_07,1.0,mask_21e5e4333c6fc40a,6,0.7467874088277571
90412-1,atp_raw,candidate_pool_07,1.5,mask_73324c4014b4a4c2,4,1.5559463541898313
90412-1,atp_raw,candidate_pool_08,0.5,mask_331502b1b3b7fde3,6,0.5128326978854307
90412-1,atp_raw,candidate_pool_08,1.0,mask_a842b06af7760b08,4,0.9882968687358302
90412-1,atp_raw,candidate_pool_08,1.5,mask_a842b06af7760b08,4,0.9882968687358302
90412-1,atp_raw,candidate_pool_09,0.5,mask_a3021efcfb81527e,5,0.5134064033486401
90412-1,atp_raw,candidate_pool_09,1.0,mask_6c66643ec3bf086c,6,1.432351720890952
90412-1,atp_raw,candidate_pool_09,1.5,mask_6c66643ec3bf086c,6,1.432351720890952
90412-1,atp_calibrated,candidate_pool_00,0.5,mask_bfa108de38e6d58f,6,0.4527340122807628
90412-1,atp_calibrated,candidate_pool_00,1.0,mask_b55f4fdddb0ed7df,7,1.0096083765370656
90412-1,atp_calibrated,candidate_pool_00,1.5,mask_153f1c2a9e066490,6,1.4801587834550967
90412-1,atp_calibrated,candidate_pool_01,0.5,mask_3cd97f4a74d408b8,10,0.5092423706558233
90412-1,atp_calibrated,candidate_pool_01,1.0,mask_d34cab07e9bf4ded,4,1.035273929125811
90412-1,atp_calibrated,candidate_pool_01,1.5,mask_88feb37e4997bcb0,7,1.3418520930825013
90412-1,atp_calibrated,candidate_pool_02,0.5,mask_053a16108482e172,6,0.4756943871313953
90412-1,atp_calibrated,candidate_pool_02,1.0,mask_c7772d470875866f,4,1.017873593594227
90412-1,atp_calibrated,candidate_pool_02,1.5,mask_267196af5474f7ae,8,1.0350163958053198
90412-1,atp_calibrated,candidate_pool_03,0.5,mask_aedb2c503c8eced2,5,0.612045961393594
90412-1,atp_calibrated,candidate_pool_03,1.0,mask_dc2e11f8d6ea9e67,6,1.059653309080239
90412-1,atp_calibrated,candidate_pool_03,1.5,mask_0f1c886d2bd569f0,7,1.2297524324735913
90412-1,atp_calibrated,candidate_pool_04,0.5,mask_93f84412f1b2de39,7,0.5070117766083022
90412-1,atp_calibrated,candidate_pool_04,1.0,mask_6d2e3876c8f68db8,9,1.049718359113036
90412-1,atp_calibrated,candidate_pool_04,1.5,mask_6d2e3876c8f68db8,9,1.049718359113036
90412-1,atp_calibrated,candidate_pool_05,0.5,mask_0ea1a19911258943,4,0.4131640300358514
90412-1,atp_calibrated,candidate_pool_05,1.0,mask_f5d21a1898de9318,7,1.1291719961900257
90412-1,atp_calibrated,candidate_pool_05,1.5,mask_de24099fc59a002a,4,1.192471369575312
90412-1,atp_calibrated,candidate_pool_06,0.5,mask_f2b097d9ab973b9b,7,0.5578100977554069
90412-1,atp_calibrated,candidate_pool_06,1.0,mask_8a4903df460893e2,6,0.9164217170905578
90412-1,atp_calibrated,candidate_pool_06,1.5,mask_8a4903df460893e2,6,0.9164217170905578
90412-1,atp_calibrated,candidate_pool_07,0.5,mask_21e5e4333c6fc40a,6,0.6215771150595734
90412-1,atp_calibrated,candidate_pool_07,1.0,mask_83fe021aaca96bf0,5,1.1712092449965286
90412-1,atp_calibrated,candidate_pool_07,1.5,mask_d43daec0a2f27dc1,8,1.4414038900522403
90412-1,atp_calibrated,candidate_pool_08,0.5,mask_8dc1386ad4524dcb,5,0.4822627804370388
90412-1,atp_calibrated,candidate_pool_08,1.0,mask_a842b06af7760b08,4,0.8225938322333353
90412-1,atp_calibrated,candidate_pool_08,1.5,mask_a842b06af7760b08,4,0.8225938322333353
90412-1,atp_calibrated,candidate_pool_09,0.5,mask_a3021efcfb81527e,5,0.4273259930125084
90412-1,atp_calibrated,candidate_pool_09,1.0,mask_6c66643ec3bf086c,6,1.1921961188654167
90412-1,atp_calibrated,candidate_pool_09,1.5,mask_6c66643ec3bf086c,6,1.1921961188654167
90413-0,additive,candidate_pool_00,0.5,mask_ffe0389c017216d1,4,0.5266082915081983
90413-0,additive,candidate_pool_00,1.0,mask_b611eb15c1cbe033,4,1.1982416851322384
90413-0,additive,candidate_pool_00,1.5,mask_ff6985d2961f695d,9,1.6325214335834468
90413-0,additive,candidate_pool_01,0.5,mask_304d12adafdb81c3,6,0.4877573620639172
90413-0,additive,candidate_pool_01,1.0,mask_3507ab216f864cbe,4,1.0447544880893254
90413-0,additive,candidate_pool_01,1.5,mask_3cd97f4a74d408b8,10,1.5152079764005753
90413-0,additive,candidate_pool_02,0.5,mask_a0046e43df20ac57,5,0.5473452268797268
90413-0,additive,candidate_pool_02,1.0,mask_6a56eb1c10f15cf8,7,0.9897376633129116
90413-0,additive,candidate_pool_02,1.5,mask_3c9ed4cc352cbb27,5,1.508475687336057
90413-0,additive,candidate_pool_03,0.5,mask_db4ced2a93ad8780,7,0.513880254610333
90413-0,additive,candidate_pool_03,1.0,mask_30716df5e75daa97,7,0.9979606013979134
90413-0,additive,candidate_pool_03,1.5,mask_dc2e11f8d6ea9e67,6,1.5539054803639996
90413-0,additive,candidate_pool_04,0.5,mask_8f5eca4cbcfcb5db,6,0.5290560124320198
90413-0,additive,candidate_pool_04,1.0,mask_5d6868f3c7cf99b3,6,0.9532665102344531
90413-0,additive,candidate_pool_04,1.5,mask_8b7737474604b389,8,1.779199798627235
90413-0,additive,candidate_pool_05,0.5,mask_ae737f6731edb34d,7,0.6149109038142428
90413-0,additive,candidate_pool_05,1.0,mask_62191f28479b805a,7,0.9136884586856171
90413-0,additive,candidate_pool_05,1.5,mask_de24099fc59a002a,4,1.5015535182245237
90413-0,additive,candidate_pool_06,0.5,mask_0cbfd8c3e3987d54,5,0.5622360962356767
90413-0,additive,candidate_pool_06,1.0,mask_5bf7af84e459f7ba,10,1.0158227451684119
90413-0,additive,candidate_pool_06,1.5,mask_8a4903df460893e2,6,1.611705396256005
90413-0,additive,candidate_pool_07,0.5,mask_9401c6bc69ed4d22,10,0.5544393749708
90413-0,additive,candidate_pool_07,1.0,mask_c4774bd021c06295,7,0.9804470145271067
90413-0,additive,candidate_pool_07,1.5,mask_83fe021aaca96bf0,5,1.6337698609340345
90413-0,additive,candidate_pool_08,0.5,mask_bda88699e1e7badf,7,0.5803076344097362
90413-0,additive,candidate_pool_08,1.0,mask_1f36ab0e18336a51,6,0.9916112670456124
90413-0,additive,candidate_pool_08,1.5,mask_a9f1de05a2b5cc89,7,1.5016327594740735
90413-0,additive,candidate_pool_09,0.5,mask_2d90e84a12b72772,4,0.6039048746136497
90413-0,additive,candidate_pool_09,1.0,mask_6000c95aa8146da6,7,0.9350516193116898
90413-0,additive,candidate_pool_09,1.5,mask_ea7ded36b0b6aa15,8,1.5039705885231935
90413-0,all_pairs,candidate_pool_00,0.5,mask_b611eb15c1cbe033,4,0.49831858208218727
90413-0,all_pairs,candidate_pool_00,1.0,mask_714aefc72a94a0e9,5,0.9539417842941211
90413-0,all_pairs,candidate_pool_00,1.5,mask_153f1c2a9e066490,6,1.6339662918261024
90413-0,all_pairs,candidate_pool_01,0.5,mask_f78efa18c25e46d0,5,0.44805970440331233
90413-0,all_pairs,candidate_pool_01,1.0,mask_76f706be2ab175f0,7,0.9451632013864205
90413-0,all_pairs,candidate_pool_01,1.5,mask_88feb37e4997bcb0,7,1.4759204443185339
90413-0,all_pairs,candidate_pool_02,0.5,mask_a0046e43df20ac57,5,0.5264085620985042
90413-0,all_pairs,candidate_pool_02,1.0,mask_6a56eb1c10f15cf8,7,1.0906072785899414
90413-0,all_pairs,candidate_pool_02,1.5,mask_053a16108482e172,6,1.3282078193282985
90413-0,all_pairs,candidate_pool_03,0.5,mask_66e7ba4230023a63,10,0.4696484661580324
90413-0,all_pairs,candidate_pool_03,1.0,mask_30716df5e75daa97,7,0.9431726181799566
90413-0,all_pairs,candidate_pool_03,1.5,mask_0f1c886d2bd569f0,7,1.1753567545896586
90413-0,all_pairs,candidate_pool_04,0.5,mask_d1786933297085c0,4,0.5199542813453761
90413-0,all_pairs,candidate_pool_04,1.0,mask_7fb6ffeb6bd8fc1f,7,1.0342978799587534
90413-0,all_pairs,candidate_pool_04,1.5,mask_cafa56ef6c77bde9,10,1.436494366420285
90413-0,all_pairs,candidate_pool_05,0.5,mask_22c097f7c153bb13,9,0.5680287984888689
90413-0,all_pairs,candidate_pool_05,1.0,mask_62191f28479b805a,7,0.9808652531951383
90413-0,all_pairs,candidate_pool_05,1.5,mask_290a3cb1caf906c3,10,1.5230637716028057
90413-0,all_pairs,candidate_pool_06,0.5,mask_a63bdf91a6b6b869,8,0.5021958664899981
90413-0,all_pairs,candidate_pool_06,1.0,mask_2322491b9dd809d6,5,1.010552547637763
90413-0,all_pairs,candidate_pool_06,1.5,mask_c22a533faf194bc5,7,1.3038051109144577
90413-0,all_pairs,candidate_pool_07,0.5,mask_21e5e4333c6fc40a,6,0.48407069222780974
90413-0,all_pairs,candidate_pool_07,1.0,mask_2261c8e54842bff6,8,0.9332455876728536
90413-0,all_pairs,candidate_pool_07,1.5,mask_83fe021aaca96bf0,5,1.482035045096489
90413-0,all_pairs,candidate_pool_08,0.5,mask_3fd358a395ddfdd8,7,0.5527477593240799
90413-0,all_pairs,candidate_pool_08,1.0,mask_77740b198a0b3a94,6,1.0003974715073158
90413-0,all_pairs,candidate_pool_08,1.5,mask_1ee94a6fab0d1183,8,1.4075090944585509
90413-0,all_pairs,candidate_pool_09,0.5,mask_c5654b277c578f3e,9,0.517166822357336
90413-0,all_pairs,candidate_pool_09,1.0,mask_6000c95aa8146da6,7,0.9076650564184523
90413-0,all_pairs,candidate_pool_09,1.5,mask_ea7ded36b0b6aa15,8,1.4801333396812097
90413-0,atp_raw,candidate_pool_00,0.5,mask_bfa108de38e6d58f,6,0.560292933267192
90413-0,atp_raw,candidate_pool_00,1.0,mask_b611eb15c1cbe033,4,0.9976220447376059
90413-0,atp_raw,candidate_pool_00,1.5,mask_b55f4fdddb0ed7df,7,1.2726070160473075
90413-0,atp_raw,candidate_pool_01,0.5,mask_625dbe9e05728352,8,0.34883924537280114
90413-0,atp_raw,candidate_pool_01,1.0,mask_16dc2167f216f5a8,5,0.9033382320145998
90413-0,atp_raw,candidate_pool_01,1.5,mask_261f2ebd1f8a4eaa,5,1.548657513218738
90413-0,atp_raw,candidate_pool_02,0.5,mask_8539d49577e1ed9d,9,0.5170277052869399
90413-0,atp_raw,candidate_pool_02,1.0,mask_3c9ed4cc352cbb27,5,0.9845332465580819
90413-0,atp_raw,candidate_pool_02,1.5,mask_267196af5474f7ae,8,1.292141701783597
90413-0,atp_raw,candidate_pool_03,0.5,mask_4887f05639551759,6,0.40536563577673707
90413-0,atp_raw,candidate_pool_03,1.0,mask_e3bfff07ca1cabef,9,0.832021881772865
90413-0,atp_raw,candidate_pool_03,1.5,mask_0f1c886d2bd569f0,7,1.5229730487869042
90413-0,atp_raw,candidate_pool_04,0.5,mask_5d6868f3c7cf99b3,6,0.40601934420313524
90413-0,atp_raw,candidate_pool_04,1.0,mask_ee5fb6904843b482,6,0.8667470952350413
90413-0,atp_raw,candidate_pool_04,1.5,mask_6d2e3876c8f68db8,9,1.337165608909951
90413-0,atp_raw,candidate_pool_05,0.5,mask_0ea1a19911258943,4,0.5439131431630813
90413-0,atp_raw,candidate_pool_05,1.0,mask_f5d21a1898de9318,7,1.3917897319042822
90413-0,atp_raw,candidate_pool_05,1.5,mask_de24099fc59a002a,4,1.453377653907713
90413-0,atp_raw,candidate_pool_06,0.5,mask_72750b59b18d6c0c,4,0.5407433112704894
90413-0,atp_raw,candidate_pool_06,1.0,mask_25276dd47f8ef77c,4,0.9504483031584338
90413-0,atp_raw,candidate_pool_06,1.5,mask_8a4903df460893e2,6,1.1068496266088914
90413-0,atp_raw,candidate_pool_07,0.5,mask_c4774bd021c06295,7,0.32964615908470773
90413-0,atp_raw,candidate_pool_07,1.0,mask_21e5e4333c6fc40a,6,0.7520709816890303
90413-0,atp_raw,candidate_pool_07,1.5,mask_73324c4014b4a4c2,4,1.542374008015031
90413-0,atp_raw,candidate_pool_08,0.5,mask_331502b1b3b7fde3,6,0.5220522190502377
90413-0,atp_raw,candidate_pool_08,1.0,mask_a9f1de05a2b5cc89,7,1.004491950205799
90413-0,atp_raw,candidate_pool_08,1.5,mask_a9f1de05a2b5cc89,7,1.004491950205799
90413-0,atp_raw,candidate_pool_09,0.5,mask_2d90e84a12b72772,4,0.49469269398832694
90413-0,atp_raw,candidate_pool_09,1.0,mask_6c66643ec3bf086c,6,1.4572200769762276
90413-0,atp_raw,candidate_pool_09,1.5,mask_6c66643ec3bf086c,6,1.4572200769762276
90413-0,atp_calibrated,candidate_pool_00,0.5,mask_bfa108de38e6d58f,6,0.4852701953867855
90413-0,atp_calibrated,candidate_pool_00,1.0,mask_714aefc72a94a0e9,5,1.0406575084601264
90413-0,atp_calibrated,candidate_pool_00,1.5,mask_153f1c2a9e066490,6,1.5346809505896106
90413-0,atp_calibrated,candidate_pool_01,0.5,mask_3507ab216f864cbe,4,0.5834130358970318
90413-0,atp_calibrated,candidate_pool_01,1.0,mask_d34cab07e9bf4ded,4,1.087034013015705
90413-0,atp_calibrated,candidate_pool_01,1.5,mask_88feb37e4997bcb0,7,1.4348249406170792
90413-0,atp_calibrated,candidate_pool_02,0.5,mask_053a16108482e172,6,0.4866051462064153
90413-0,atp_calibrated,candidate_pool_02,1.0,mask_c7772d470875866f,4,1.032469965003121
90413-0,atp_calibrated,candidate_pool_02,1.5,mask_267196af5474f7ae,8,1.1191250484555342
90413-0,atp_calibrated,candidate_pool_03,0.5,mask_4887f05639551759,6,0.3510875286778924
90413-0,atp_calibrated,candidate_pool_03,1.0,mask_dc2e11f8d6ea9e67,6,1.1121405647293214
90413-0,atp_calibrated,candidate_pool_03,1.5,mask_0f1c886d2bd569f0,7,1.3190482782712347
90413-0,atp_calibrated,candidate_pool_04,0.5,mask_93f84412f1b2de39,7,0.6175595472344197
90413-0,atp_calibrated,candidate_pool_04,1.0,mask_6d2e3876c8f68db8,9,1.158120293462244
90413-0,atp_calibrated,candidate_pool_04,1.5,mask_6d2e3876c8f68db8,9,1.158120293462244
90413-0,atp_calibrated,candidate_pool_05,0.5,mask_0ea1a19911258943,4,0.47108364497311855
90413-0,atp_calibrated,candidate_pool_05,1.0,mask_f5d21a1898de9318,7,1.2054302937574826
90413-0,atp_calibrated,candidate_pool_05,1.5,mask_de24099fc59a002a,4,1.2587716464134844
90413-0,atp_calibrated,candidate_pool_06,0.5,mask_72750b59b18d6c0c,4,0.4683382508220776
90413-0,atp_calibrated,candidate_pool_06,1.0,mask_8a4903df460893e2,6,0.9586434214620827
90413-0,atp_calibrated,candidate_pool_06,1.5,mask_8a4903df460893e2,6,0.9586434214620827
90413-0,atp_calibrated,candidate_pool_07,0.5,mask_21e5e4333c6fc40a,6,0.651369329434192
90413-0,atp_calibrated,candidate_pool_07,1.0,mask_83fe021aaca96bf0,5,1.2530098580438542
90413-0,atp_calibrated,candidate_pool_07,1.5,mask_d43daec0a2f27dc1,8,1.5566304685878365
90413-0,atp_calibrated,candidate_pool_08,0.5,mask_8dc1386ad4524dcb,5,0.5343920940934054
90413-0,atp_calibrated,candidate_pool_08,1.0,mask_a9f1de05a2b5cc89,7,0.8699913491651456
90413-0,atp_calibrated,candidate_pool_08,1.5,mask_a9f1de05a2b5cc89,7,0.8699913491651456
90413-0,atp_calibrated,candidate_pool_09,0.5,mask_a3021efcfb81527e,5,0.4683511871301743
90413-0,atp_calibrated,candidate_pool_09,1.0,mask_6c66643ec3bf086c,6,1.2620995723652608
90413-0,atp_calibrated,candidate_pool_09,1.5,mask_6c66643ec3bf086c,6,1.2620995723652608
90413-1,additive,candidate_pool_00,0.5,mask_bfa108de38e6d58f,6,0.5078734627347262
90413-1,additive,candidate_pool_00,1.0,mask_b611eb15c1cbe033,4,1.10107279028118
90413-1,additive,candidate_pool_00,1.5,mask_714aefc72a94a0e9,5,1.482586084589216
90413-1,additive,candidate_pool_01,0.5,mask_625dbe9e05728352,8,0.5156263544946305
90413-1,additive,candidate_pool_01,1.0,mask_f78efa18c25e46d0,5,0.9415892818965836
90413-1,additive,candidate_pool_01,1.5,mask_69b8a0bd055bae3b,8,1.353783984113361
90413-1,additive,candidate_pool_02,0.5,mask_a0046e43df20ac57,5,0.6536026400238747
90413-1,additive,candidate_pool_02,1.0,mask_4069015a4c8c7628,4,1.0205350440438516
90413-1,additive,candidate_pool_02,1.5,mask_267196af5474f7ae,8,1.5767896282675469
90413-1,additive,candidate_pool_03,0.5,mask_db4ced2a93ad8780,7,0.4835384408961797
90413-1,additive,candidate_pool_03,1.0,mask_e3bfff07ca1cabef,9,1.0124400817112984
90413-1,additive,candidate_pool_03,1.5,mask_dc2e11f8d6ea9e67,6,1.2926150912406509
90413-1,additive,candidate_pool_04,0.5,mask_d1786933297085c0,4,0.5499652444439306
90413-1,additive,candidate_pool_04,1.0,mask_5d6868f3c7cf99b3,6,1.0046284493679418
90413-1,additive,candidate_pool_04,1.5,mask_6d2e3876c8f68db8,9,1.6102741663350646
90413-1,additive,candidate_pool_05,0.5,mask_ae737f6731edb34d,7,0.6017855184015337
90413-1,additive,candidate_pool_05,1.0,mask_62191f28479b805a,7,0.7886930622836922
90413-1,additive,candidate_pool_05,1.5,mask_de24099fc59a002a,4,1.427144655539685
90413-1,additive,candidate_pool_06,0.5,mask_f2b097d9ab973b9b,7,0.4672650205744173
90413-1,additive,candidate_pool_06,1.0,mask_f16ce08b0ff70796,6,0.9582629684203542
90413-1,additive,candidate_pool_06,1.5,mask_8a4903df460893e2,6,1.391404116210172
90413-1,additive,candidate_pool_07,0.5,mask_9401c6bc69ed4d22,10,0.40468187792012633
90413-1,additive,candidate_pool_07,1.0,mask_21e5e4333c6fc40a,6,1.103963974034311
90413-1,additive,candidate_pool_07,1.5,mask_83fe021aaca96bf0,5,1.5690290276765917
90413-1,additive,candidate_pool_08,0.5,mask_8dc1386ad4524dcb,5,0.5221132324132963
90413-1,additive,candidate_pool_08,1.0,mask_a842b06af7760b08,4,1.0381560910203662
90413-1,additive,candidate_pool_08,1.5,mask_a9f1de05a2b5cc89,7,1.3212328239372573
90413-1,additive,candidate_pool_09,0.5,mask_2d90e84a12b72772,4,0.49412573147236805
90413-1,additive,candidate_pool_09,1.0,mask_6000c95aa8146da6,7,0.951756956606728
90413-1,additive,candidate_pool_09,1.5,mask_ea7ded36b0b6aa15,8,1.4952972226099128
90413-1,all_pairs,candidate_pool_00,0.5,mask_ffe0389c017216d1,4,0.5118654917418115
90413-1,all_pairs,candidate_pool_00,1.0,mask_b55f4fdddb0ed7df,7,1.0330647996835407
90413-1,all_pairs,candidate_pool_00,1.5,mask_153f1c2a9e066490,6,1.494704465522662
90413-1,all_pairs,candidate_pool_01,0.5,mask_d4041af54a719d70,7,0.5171255885426957
90413-1,all_pairs,candidate_pool_01,1.0,mask_76f706be2ab175f0,7,0.9333739106562701
90413-1,all_pairs,candidate_pool_01,1.5,mask_88feb37e4997bcb0,7,1.4565692890520014
90413-1,all_pairs,candidate_pool_02,0.5,mask_c36034d7c9cf0b25,7,0.41312754797988105
90413-1,all_pairs,candidate_pool_02,1.0,mask_6a56eb1c10f15cf8,7,1.0068033669433447
90413-1,all_pairs,candidate_pool_02,1.5,mask_053a16108482e172,6,1.3071212088616546
90413-1,all_pairs,candidate_pool_03,0.5,mask_dc2e11f8d6ea9e67,6,0.5031720877780776
90413-1,all_pairs,candidate_pool_03,1.0,mask_30716df5e75daa97,7,0.9190165595940873
90413-1,all_pairs,candidate_pool_03,1.5,mask_0f1c886d2bd569f0,7,1.1043394982659573
90413-1,all_pairs,candidate_pool_04,0.5,mask_8eaaf64cc1220873,7,0.5780958654789762
90413-1,all_pairs,candidate_pool_04,1.0,mask_5d6868f3c7cf99b3,6,0.9843000365385977
90413-1,all_pairs,candidate_pool_04,1.5,mask_8b7737474604b389,8,1.6685701207377535
90413-1,all_pairs,candidate_pool_05,0.5,mask_22c097f7c153bb13,9,0.41141836407341875
90413-1,all_pairs,candidate_pool_05,1.0,mask_111b2c86496d6209,10,1.0532327800567334
90413-1,all_pairs,candidate_pool_05,1.5,mask_290a3cb1caf906c3,10,1.4877210129456315
90413-1,all_pairs,candidate_pool_06,0.5,mask_f2b097d9ab973b9b,7,0.462443782201034
90413-1,all_pairs,candidate_pool_06,1.0,mask_5bf7af84e459f7ba,10,0.9369601536768233
90413-1,all_pairs,candidate_pool_06,1.5,mask_c22a533faf194bc5,7,1.3396863151700493
90413-1,all_pairs,candidate_pool_07,0.5,mask_6c3e3315afb6fb8c,4,0.5364486151557315
90413-1,all_pairs,candidate_pool_07,1.0,mask_2261c8e54842bff6,8,0.9623606748851696
90413-1,all_pairs,candidate_pool_07,1.5,mask_d43daec0a2f27dc1,8,1.5621994640029866
90413-1,all_pairs,candidate_pool_08,0.5,mask_bda88699e1e7badf,7,0.46665267311570724
90413-1,all_pairs,candidate_pool_08,1.0,mask_331502b1b3b7fde3,6,1.0577294928256722
90413-1,all_pairs,candidate_pool_08,1.5,mask_1ee94a6fab0d1183,8,1.418943164444654
90413-1,all_pairs,candidate_pool_09,0.5,mask_99b322f566a2bc85,6,0.49498869859128936
90413-1,all_pairs,candidate_pool_09,1.0,mask_6000c95aa8146da6,7,0.9757700784639451
90413-1,all_pairs,candidate_pool_09,1.5,mask_ea7ded36b0b6aa15,8,1.531384919869689
90413-1,atp_raw,candidate_pool_00,0.5,mask_bfa108de38e6d58f,6,0.4208127354795579
90413-1,atp_raw,candidate_pool_00,1.0,mask_b611eb15c1cbe033,4,0.9303716407157481
90413-1,atp_raw,candidate_pool_00,1.5,mask_153f1c2a9e066490,6,1.691987863140336
90413-1,atp_raw,candidate_pool_01,0.5,mask_69b8a0bd055bae3b,8,0.5579442478289516
90413-1,atp_raw,candidate_pool_01,1.0,mask_d34cab07e9bf4ded,4,1.1629471234628002
90413-1,atp_raw,candidate_pool_01,1.5,mask_261f2ebd1f8a4eaa,5,1.504787816501145
90413-1,atp_raw,candidate_pool_02,0.5,mask_8539d49577e1ed9d,9,0.48070018867050135
90413-1,atp_raw,candidate_pool_02,1.0,mask_267196af5474f7ae,8,1.0960713115443166
90413-1,atp_raw,candidate_pool_02,1.5,mask_c7772d470875866f,4,1.13178886063785
90413-1,atp_raw,candidate_pool_03,0.5,mask_e3bfff07ca1cabef,9,0.6095548564868901
90413-1,atp_raw,candidate_pool_03,1.0,mask_dc2e11f8d6ea9e67,6,1.101244667195715
90413-1,atp_raw,candidate_pool_03,1.5,mask_0f1c886d2bd569f0,7,1.4426998325798195
90413-1,atp_raw,candidate_pool_04,0.5,mask_5d6868f3c7cf99b3,6,0.4820093825983349
90413-1,atp_raw,candidate_pool_04,1.0,mask_6d2e3876c8f68db8,9,1.1467195930842233
90413-1,atp_raw,candidate_pool_04,1.5,mask_6d2e3876c8f68db8,9,1.1467195930842233
90413-1,atp_raw,candidate_pool_05,0.5,mask_0ea1a19911258943,4,0.43527003936469555
90413-1,atp_raw,candidate_pool_05,1.0,mask_f5d21a1898de9318,7,1.3651195215788903
90413-1,atp_raw,candidate_pool_05,1.5,mask_de24099fc59a002a,4,1.420576931316949
90413-1,atp_raw,candidate_pool_06,0.5,mask_72750b59b18d6c0c,4,0.49104407859461696
90413-1,atp_raw,candidate_pool_06,1.0,mask_8a4903df460893e2,6,0.9345453768861869
90413-1,atp_raw,candidate_pool_06,1.5,mask_8a4903df460893e2,6,0.9345453768861869
90413-1,atp_raw,candidate_pool_07,0.5,mask_21e5e4333c6fc40a,6,0.5864286797004752
90413-1,atp_raw,candidate_pool_07,1.0,mask_83fe021aaca96bf0,5,1.401451140055239
90413-1,atp_raw,candidate_pool_07,1.5,mask_73324c4014b4a4c2,4,1.5044782420542713
90413-1,atp_raw,candidate_pool_08,0.5,mask_8dc1386ad4524dcb,5,0.4516614238576344
90413-1,atp_raw,candidate_pool_08,1.0,mask_a842b06af7760b08,4,0.9169464431179222
90413-1,atp_raw,candidate_pool_08,1.5,mask_a842b06af7760b08,4,0.9169464431179222
90413-1,atp_raw,candidate_pool_09,0.5,mask_ea7ded36b0b6aa15,8,0.4749976194725605
90413-1,atp_raw,candidate_pool_09,1.0,mask_6c66643ec3bf086c,6,1.346204338837803
90413-1,atp_raw,candidate_pool_09,1.5,mask_6c66643ec3bf086c,6,1.346204338837803
90413-1,atp_calibrated,candidate_pool_00,0.5,mask_ff6985d2961f695d,9,0.5457943217095309
90413-1,atp_calibrated,candidate_pool_00,1.0,mask_b55f4fdddb0ed7df,7,0.9160459347817239
90413-1,atp_calibrated,candidate_pool_00,1.5,mask_153f1c2a9e066490,6,1.4060832104669743
90413-1,atp_calibrated,candidate_pool_01,0.5,mask_f78efa18c25e46d0,5,0.5299266062117375
90413-1,atp_calibrated,candidate_pool_01,1.0,mask_d34cab07e9bf4ded,4,0.9664374435446412
90413-1,atp_calibrated,candidate_pool_01,1.5,mask_c6f04107d7ae9b56,9,1.6092821075083168
90413-1,atp_calibrated,candidate_pool_02,0.5,mask_053a16108482e172,6,0.5050408069737594
90413-1,atp_calibrated,candidate_pool_02,1.0,mask_c7772d470875866f,4,0.9405441666601568
90413-1,atp_calibrated,candidate_pool_02,1.5,mask_c7772d470875866f,4,0.9405441666601568
90413-1,atp_calibrated,candidate_pool_03,0.5,mask_e3bfff07ca1cabef,9,0.5065549630917975
90413-1,atp_calibrated,candidate_pool_03,1.0,mask_dc2e11f8d6ea9e67,6,0.9151611964203288
90413-1,atp_calibrated,candidate_pool_03,1.5,mask_0f1c886d2bd569f0,7,1.1989187727203852
90413-1,atp_calibrated,candidate_pool_04,0.5,mask_93f84412f1b2de39,7,0.46197646735725584
90413-1,atp_calibrated,candidate_pool_04,1.0,mask_6d2e3876c8f68db8,9,0.9529519697361526
90413-1,atp_calibrated,candidate_pool_04,1.5,mask_6d2e3876c8f68db8,9,0.9529519697361526
90413-1,atp_calibrated,candidate_pool_05,0.5,mask_0ea1a19911258943,4,0.3617200263092165
90413-1,atp_calibrated,candidate_pool_05,1.0,mask_f5d21a1898de9318,7,1.1344476407828594
90413-1,atp_calibrated,candidate_pool_05,1.5,mask_de24099fc59a002a,4,1.1805341018192554
90413-1,atp_calibrated,candidate_pool_06,0.5,mask_f16ce08b0ff70796,6,0.5254707271969363
90413-1,atp_calibrated,candidate_pool_06,1.0,mask_8a4903df460893e2,6,0.7766300175583523
90413-1,atp_calibrated,candidate_pool_06,1.5,mask_8a4903df460893e2,6,0.7766300175583523
90413-1,atp_calibrated,candidate_pool_07,0.5,mask_21e5e4333c6fc40a,6,0.4873365457437458
90413-1,atp_calibrated,candidate_pool_07,1.0,mask_83fe021aaca96bf0,5,1.1646401024792874
90413-1,atp_calibrated,candidate_pool_07,1.5,mask_66a1456a9ed6a190,9,1.5649379838415454
90413-1,atp_calibrated,candidate_pool_08,0.5,mask_fc5299efb847cbc8,5,0.5110022779027541
90413-1,atp_calibrated,candidate_pool_08,1.0,mask_a842b06af7760b08,4,0.7620048740613123
90413-1,atp_calibrated,candidate_pool_08,1.5,mask_a842b06af7760b08,4,0.7620048740613123
90413-1,atp_calibrated,candidate_pool_09,0.5,mask_ea7ded36b0b6aa15,8,0.3947346150063681
90413-1,atp_calibrated,candidate_pool_09,1.0,mask_6c66643ec3bf086c,6,1.1187286622638324
90413-1,atp_calibrated,candidate_pool_09,1.5,mask_6c66643ec3bf086c,6,1.1187286622638324
90414-0,additive,candidate_pool_00,0.5,mask_bfa108de38e6d58f,6,0.4083465323138659
90414-0,additive,candidate_pool_00,1.0,mask_b611eb15c1cbe033,4,1.0179650856377673
90414-0,additive,candidate_pool_00,1.5,mask_a096a397a7d70275,7,1.582019898131569
90414-0,additive,candidate_pool_01,0.5,mask_625dbe9e05728352,8,0.5882403851359252
90414-0,additive,candidate_pool_01,1.0,mask_f78efa18c25e46d0,5,0.9743495814219998
90414-0,additive,candidate_pool_01,1.5,mask_69b8a0bd055bae3b,8,1.339774865634942
90414-0,additive,candidate_pool_02,0.5,mask_a0046e43df20ac57,5,0.5823669889195102
90414-0,additive,candidate_pool_02,1.0,mask_6a56eb1c10f15cf8,7,0.9023491127082355
90414-0,additive,candidate_pool_02,1.5,mask_267196af5474f7ae,8,1.5243858441181466
90414-0,additive,candidate_pool_03,0.5,mask_8e19964bc0ea5bd6,8,0.4681071783805189
90414-0,additive,candidate_pool_03,1.0,mask_e3bfff07ca1cabef,9,0.9746787067672105
90414-0,additive,candidate_pool_03,1.5,mask_0f1c886d2bd569f0,7,1.6108868067219537
90414-0,additive,candidate_pool_04,0.5,mask_8eaaf64cc1220873,7,0.5477184648398226
90414-0,additive,candidate_pool_04,1.0,mask_5d6868f3c7cf99b3,6,0.9157719037838621
90414-0,additive,candidate_pool_04,1.5,mask_6d2e3876c8f68db8,9,1.5460455695021256
90414-0,additive,candidate_pool_05,0.5,mask_ae737f6731edb34d,7,0.5072916383109486
90414-0,additive,candidate_pool_05,1.0,mask_290a3cb1caf906c3,10,1.1406401859240092
90414-0,additive,candidate_pool_05,1.5,mask_de24099fc59a002a,4,1.3640016074270287
90414-0,additive,candidate_pool_06,0.5,mask_0cbfd8c3e3987d54,5,0.5072362292526167
90414-0,additive,candidate_pool_06,1.0,mask_f16ce08b0ff70796,6,0.9644142110069958
90414-0,additive,candidate_pool_06,1.5,mask_8a4903df460893e2,6,1.395227159918722
90414-0,additive,candidate_pool_07,0.5,mask_9401c6bc69ed4d22,10,0.408223839811401
90414-0,additive,candidate_pool_07,1.0,mask_21e5e4333c6fc40a,6,1.0027020132321218
90414-0,additive,candidate_pool_07,1.5,mask_83fe021aaca96bf0,5,1.4779436861136075
90414-0,additive,candidate_pool_08,0.5,mask_8dc1386ad4524dcb,5,0.4791294363255261
90414-0,additive,candidate_pool_08,1.0,mask_331502b1b3b7fde3,6,1.0528383969464281
90414-0,additive,candidate_pool_08,1.5,mask_a9f1de05a2b5cc89,7,1.27296467143987
90414-0,additive,candidate_pool_09,0.5,mask_a3021efcfb81527e,5,0.5201134750605574
90414-0,additive,candidate_pool_09,1.0,mask_6000c95aa8146da6,7,0.8914776246695408
90414-0,additive,candidate_pool_09,1.5,mask_ea7ded36b0b6aa15,8,1.4173275635356797
90414-0,all_pairs,candidate_pool_00,0.5,mask_ffe0389c017216d1,4,0.5578739129660366
90414-0,all_pairs,candidate_pool_00,1.0,mask_b55f4fdddb0ed7df,7,0.9273286736560606
90414-0,all_pairs,candidate_pool_00,1.5,mask_ff6985d2961f695d,9,1.5372197805868453
90414-0,all_pairs,candidate_pool_01,0.5,mask_d4041af54a719d70,7,0.47862087440154427
90414-0,all_pairs,candidate_pool_01,1.0,mask_261f2ebd1f8a4eaa,5,1.037654150014141
90414-0,all_pairs,candidate_pool_01,1.5,mask_3cd97f4a74d408b8,10,1.4750746737423208
90414-0,all_pairs,candidate_pool_02,0.5,mask_a0046e43df20ac57,5,0.5564882572162229
90414-0,all_pairs,candidate_pool_02,1.0,mask_6a56eb1c10f15cf8,7,0.979403788563793
90414-0,all_pairs,candidate_pool_02,1.5,mask_8539d49577e1ed9d,9,1.6320743880450748
90414-0,all_pairs,candidate_pool_03,0.5,mask_dc2e11f8d6ea9e67,6,0.5129390722808712
90414-0,all_pairs,candidate_pool_03,1.0,mask_0f1c886d2bd569f0,7,0.9368374263779258
90414-0,all_pairs,candidate_pool_03,1.5,mask_0f1c886d2bd569f0,7,0.9368374263779258
90414-0,all_pairs,candidate_pool_04,0.5,mask_8eaaf64cc1220873,7,0.5127355277358816
90414-0,all_pairs,candidate_pool_04,1.0,mask_dc190fdfa9807171,10,0.9693295483159607
90414-0,all_pairs,candidate_pool_04,1.5,mask_8b7737474604b389,8,1.6286263616232257
90414-0,all_pairs,candidate_pool_05,0.5,mask_ae737f6731edb34d,7,0.5286619127755681
90414-0,all_pairs,candidate_pool_05,1.0,mask_f5d21a1898de9318,7,1.002430559644299
90414-0,all_pairs,candidate_pool_05,1.5,mask_290a3cb1caf906c3,10,1.354557693200629
90414-0,all_pairs,candidate_pool_06,0.5,mask_0cbfd8c3e3987d54,5,0.4854710611670596
90414-0,all_pairs,candidate_pool_06,1.0,mask_ba28cb4fde59866a,9,1.0087163736790956
90414-0,all_pairs,candidate_pool_06,1.5,mask_c22a533faf194bc5,7,1.239702889926985
90414-0,all_pairs,candidate_pool_07,0.5,mask_6c3e3315afb6fb8c,4,0.4984473720343169
90414-0,all_pairs,candidate_pool_07,1.0,mask_73324c4014b4a4c2,4,1.048525794590012
90414-0,all_pairs,candidate_pool_07,1.5,mask_d43daec0a2f27dc1,8,1.490288999458694
90414-0,all_pairs,candidate_pool_08,0.5,mask_a9f1de05a2b5cc89,7,0.5513936488277906
90414-0,all_pairs,candidate_pool_08,1.0,mask_0483c7c3a82ced7e,6,0.9820684134651692
90414-0,all_pairs,candidate_pool_08,1.5,mask_1ee94a6fab0d1183,8,1.310014979816268
90414-0,all_pairs,candidate_pool_09,0.5,mask_99b322f566a2bc85,6,0.5211440524964344
90414-0,all_pairs,candidate_pool_09,1.0,mask_6000c95aa8146da6,7,0.8908454520826208
90414-0,all_pairs,candidate_pool_09,1.5,mask_ea7ded36b0b6aa15,8,1.4238604221131497
90414-0,atp_raw,candidate_pool_00,0.5,mask_bfa108de38e6d58f,6,0.31995048974016604
90414-0,atp_raw,candidate_pool_00,1.0,mask_714aefc72a94a0e9,5,1.0097502158455474
90414-0,atp_raw,candidate_pool_00,1.5,mask_153f1c2a9e066490,6,1.600506586675561
90414-0,atp_raw,candidate_pool_01,0.5,mask_3cd97f4a74d408b8,10,0.49378871901882515
90414-0,atp_raw,candidate_pool_01,1.0,mask_d34cab07e9bf4ded,4,1.0795877811297312
90414-0,atp_raw,candidate_pool_01,1.5,mask_88feb37e4997bcb0,7,1.4375054358370296
90414-0,atp_raw,candidate_pool_02,0.5,mask_053a16108482e172,6,0.5285582375069409
90414-0,atp_raw,candidate_pool_02,1.0,mask_c7772d470875866f,4,1.0172041030984718
90414-0,atp_raw,candidate_pool_02,1.5,mask_267196af5474f7ae,8,1.0328739121767512
90414-0,atp_raw,candidate_pool_03,0.5,mask_e3bfff07ca1cabef,9,0.5497708636739284
90414-0,atp_raw,candidate_pool_03,1.0,mask_dc2e11f8d6ea9e67,6,1.0829206945797065
90414-0,atp_raw,candidate_pool_03,1.5,mask_0f1c886d2bd569f0,7,1.3058028642913884
90414-0,atp_raw,candidate_pool_04,0.5,mask_93f84412f1b2de39,7,0.5725539651526541
90414-0,atp_raw,candidate_pool_04,1.0,mask_6d2e3876c8f68db8,9,1.0639729229493318
90414-0,atp_raw,candidate_pool_04,1.5,mask_6d2e3876c8f68db8,9,1.0639729229493318
90414-0,atp_raw,candidate_pool_05,0.5,mask_0ea1a19911258943,4,0.473769089821534
90414-0,atp_raw,candidate_pool_05,1.0,mask_f5d21a1898de9318,7,1.188778441423339
90414-0,atp_raw,candidate_pool_05,1.5,mask_de24099fc59a002a,4,1.3661089189273796
90414-0,atp_raw,candidate_pool_06,0.5,mask_72750b59b18d6c0c,4,0.4751424984142337
90414-0,atp_raw,candidate_pool_06,1.0,mask_8a4903df460893e2,6,0.9357672918578321
90414-0,atp_raw,candidate_pool_06,1.5,mask_8a4903df460893e2,6,0.9357672918578321
90414-0,atp_raw,candidate_pool_07,0.5,mask_21e5e4333c6fc40a,6,0.4880531181667731
90414-0,atp_raw,candidate_pool_07,1.0,mask_83fe021aaca96bf0,5,1.301208901857554
90414-0,atp_raw,candidate_pool_07,1.5,mask_d43daec0a2f27dc1,8,1.5470759714521545
90414-0,atp_raw,candidate_pool_08,0.5,mask_fc5299efb847cbc8,5,0.49968579899250853
90414-0,atp_raw,candidate_pool_08,1.0,mask_a9f1de05a2b5cc89,7,0.8315856794289016
90414-0,atp_raw,candidate_pool_08,1.5,mask_a9f1de05a2b5cc89,7,0.8315856794289016
90414-0,atp_raw,candidate_pool_09,0.5,mask_ea7ded36b0b6aa15,8,0.39799944872574256
90414-0,atp_raw,candidate_pool_09,1.0,mask_6c66643ec3bf086c,6,1.2950572147389356
90414-0,atp_raw,candidate_pool_09,1.5,mask_6c66643ec3bf086c,6,1.2950572147389356
90414-0,atp_calibrated,candidate_pool_00,0.5,mask_ff6985d2961f695d,9,0.6008898740637161
90414-0,atp_calibrated,candidate_pool_00,1.0,mask_b55f4fdddb0ed7df,7,0.8449489883391382
90414-0,atp_calibrated,candidate_pool_00,1.5,mask_153f1c2a9e066490,6,1.323122467801748
90414-0,atp_calibrated,candidate_pool_01,0.5,mask_69b8a0bd055bae3b,8,0.47439769488865735
90414-0,atp_calibrated,candidate_pool_01,1.0,mask_d34cab07e9bf4ded,4,0.8924842053565006
90414-0,atp_calibrated,candidate_pool_01,1.5,mask_c6f04107d7ae9b56,9,1.514248009316837
90414-0,atp_calibrated,candidate_pool_02,0.5,mask_053a16108482e172,6,0.43695370291462027
90414-0,atp_calibrated,candidate_pool_02,1.0,mask_267196af5474f7ae,8,0.8538663264397902
90414-0,atp_calibrated,candidate_pool_02,1.5,mask_267196af5474f7ae,8,0.8538663264397902
90414-0,atp_calibrated,candidate_pool_03,0.5,mask_e3bfff07ca1cabef,9,0.4544899645684499
90414-0,atp_calibrated,candidate_pool_03,1.0,mask_0f1c886d2bd569f0,7,1.0794939068963936
90414-0,atp_calibrated,candidate_pool_03,1.5,mask_0f1c886d2bd569f0,7,1.0794939068963936
90414-0,atp_calibrated,candidate_pool_04,0.5,mask_93f84412f1b2de39,7,0.4733245221414516
90414-0,atp_calibrated,candidate_pool_04,1.0,mask_6d2e3876c8f68db8,9,0.8795755613921303
90414-0,atp_calibrated,candidate_pool_04,1.5,mask_6d2e3876c8f68db8,9,0.8795755613921303
90414-0,atp_calibrated,candidate_pool_05,0.5,mask_0ea1a19911258943,4,0.391660073448936
90414-0,atp_calibrated,candidate_pool_05,1.0,mask_f5d21a1898de9318,7,0.9827510103239624
90414-0,atp_calibrated,candidate_pool_05,1.5,mask_de24099fc59a002a,4,1.1293483070579684
90414-0,atp_calibrated,candidate_pool_06,0.5,mask_f2b097d9ab973b9b,7,0.4710393582335141
90414-0,atp_calibrated,candidate_pool_06,1.0,mask_8a4903df460893e2,6,0.7735892740453157
90414-0,atp_calibrated,candidate_pool_06,1.5,mask_8a4903df460893e2,6,0.7735892740453157
90414-0,atp_calibrated,candidate_pool_07,0.5,mask_21e5e4333c6fc40a,6,0.4034685339649026
90414-0,atp_calibrated,candidate_pool_07,1.0,mask_83fe021aaca96bf0,5,1.0756961250171768
90414-0,atp_calibrated,candidate_pool_07,1.5,mask_66a1456a9ed6a190,9,1.5125271448107618
90414-0,atp_calibrated,candidate_pool_08,0.5,mask_1f36ab0e18336a51,6,0.4701198748452669
90414-0,atp_calibrated,candidate_pool_08,1.0,mask_a9f1de05a2b5cc89,7,0.6874633978482974
90414-0,atp_calibrated,candidate_pool_08,1.5,mask_a9f1de05a2b5cc89,7,0.6874633978482974
90414-0,atp_calibrated,candidate_pool_09,0.5,mask_ea7ded36b0b6aa15,8,0.3290220841112273
90414-0,atp_calibrated,candidate_pool_09,1.0,mask_6c66643ec3bf086c,6,1.070610588032017
90414-0,atp_calibrated,candidate_pool_09,1.5,mask_6c66643ec3bf086c,6,1.070610588032017
90414-1,additive,candidate_pool_00,0.5,mask_ffe0389c017216d1,4,0.4890583863412019
90414-1,additive,candidate_pool_00,1.0,mask_bfa108de38e6d58f,6,0.7774651854540934
90414-1,additive,candidate_pool_00,1.5,mask_ff6985d2961f695d,9,1.5928624381179235
90414-1,additive,candidate_pool_01,0.5,mask_d4041af54a719d70,7,0.5442581530353126
90414-1,additive,candidate_pool_01,1.0,mask_3507ab216f864cbe,4,1.0541126809273436
90414-1,additive,candidate_pool_01,1.5,mask_d34cab07e9bf4ded,4,1.5007208226557167
90414-1,additive,candidate_pool_02,0.5,mask_c36034d7c9cf0b25,7,0.5398022948929864
90414-1,additive,candidate_pool_02,1.0,mask_6a56eb1c10f15cf8,7,1.0258216683544161
90414-1,additive,candidate_pool_02,1.5,mask_3c9ed4cc352cbb27,5,1.54752672416533
90414-1,additive,candidate_pool_03,0.5,mask_4887f05639551759,6,0.4963175233258406
90414-1,additive,candidate_pool_03,1.0,mask_30716df5e75daa97,7,1.0063451287988245
90414-1,additive,candidate_pool_03,1.5,mask_dc2e11f8d6ea9e67,6,1.5411977761502131
90414-1,additive,candidate_pool_04,0.5,mask_8f5eca4cbcfcb5db,6,0.5725612226452016
90414-1,additive,candidate_pool_04,1.0,mask_5d6868f3c7cf99b3,6,1.043453067945213
90414-1,additive,candidate_pool_04,1.5,mask_ee5fb6904843b482,6,1.2269083984963505
90414-1,additive,candidate_pool_05,0.5,mask_0ea1a19911258943,4,0.3198334687856347
90414-1,additive,candidate_pool_05,1.0,mask_111b2c86496d6209,10,0.9126543704335549
90414-1,additive,candidate_pool_05,1.5,mask_de24099fc59a002a,4,1.5668091448520232
90414-1,additive,candidate_pool_06,0.5,mask_bcf00f575657ab57,7,0.39302060215030815
90414-1,additive,candidate_pool_06,1.0,mask_5bf7af84e459f7ba,10,1.0149563010045766
90414-1,additive,candidate_pool_06,1.5,mask_c22a533faf194bc5,7,1.4371650679428047
90414-1,additive,candidate_pool_07,0.5,mask_9401c6bc69ed4d22,10,0.5523992401665576
90414-1,additive,candidate_pool_07,1.0,mask_2261c8e54842bff6,8,1.0264002539504358
90414-1,additive,candidate_pool_07,1.5,mask_21e5e4333c6fc40a,6,1.3989567539674235
90414-1,additive,candidate_pool_08,0.5,mask_3fd358a395ddfdd8,7,0.4527536609125483
90414-1,additive,candidate_pool_08,1.0,mask_77740b198a0b3a94,6,0.948236775713531
90414-1,additive,candidate_pool_08,1.5,mask_a9f1de05a2b5cc89,7,1.5528160302928455
90414-1,additive,candidate_pool_09,0.5,mask_99b322f566a2bc85,6,0.6253888433526359
90414-1,additive,candidate_pool_09,1.0,mask_6000c95aa8146da6,7,0.9964241441602382
90414-1,additive,candidate_pool_09,1.5,mask_ea7ded36b0b6aa15,8,1.583673012692813
90414-1,all_pairs,candidate_pool_00,0.5,mask_818493500a9903d5,10,0.4422372427904591
90414-1,all_pairs,candidate_pool_00,1.0,mask_714aefc72a94a0e9,5,1.0046627222230038
90414-1,all_pairs,candidate_pool_00,1.5,mask_b55f4fdddb0ed7df,7,1.2931645749247525
90414-1,all_pairs,candidate_pool_01,0.5,mask_f78efa18c25e46d0,5,0.4003725458892589
90414-1,all_pairs,candidate_pool_01,1.0,mask_625dbe9e05728352,8,1.016083048296507
90414-1,all_pairs,candidate_pool_01,1.5,mask_88feb37e4997bcb0,7,1.663772842723777
90414-1,all_pairs,candidate_pool_02,0.5,mask_4069015a4c8c7628,4,0.472554358430087
90414-1,all_pairs,candidate_pool_02,1.0,mask_6a56eb1c10f15cf8,7,1.1194658366369197
90414-1,all_pairs,candidate_pool_02,1.5,mask_053a16108482e172,6,1.3841963616511732
90414-1,all_pairs,candidate_pool_03,0.5,mask_66e7ba4230023a63,10,0.5060740718335672
90414-1,all_pairs,candidate_pool_03,1.0,mask_30716df5e75daa97,7,0.9752758324041444
90414-1,all_pairs,candidate_pool_03,1.5,mask_0f1c886d2bd569f0,7,1.347132735952426
90414-1,all_pairs,candidate_pool_04,0.5,mask_d1786933297085c0,4,0.46389171554810993
90414-1,all_pairs,candidate_pool_04,1.0,mask_5d6868f3c7cf99b3,6,1.024756287026048
90414-1,all_pairs,candidate_pool_04,1.5,mask_cafa56ef6c77bde9,10,1.4287663637502108
90414-1,all_pairs,candidate_pool_05,0.5,mask_22c097f7c153bb13,9,0.5710405561991929
90414-1,all_pairs,candidate_pool_05,1.0,mask_cf672502900b1ca1,10,1.0247834959369195
90414-1,all_pairs,candidate_pool_05,1.5,mask_f5d21a1898de9318,7,1.4149400910874608
90414-1,all_pairs,candidate_pool_06,0.5,mask_a63bdf91a6b6b869,8,0.4736873321933095
90414-1,all_pairs,candidate_pool_06,1.0,mask_2322491b9dd809d6,5,0.962017886507562
90414-1,all_pairs,candidate_pool_06,1.5,mask_c22a533faf194bc5,7,1.4055157534862612
90414-1,all_pairs,candidate_pool_07,0.5,mask_6c3e3315afb6fb8c,4,0.47619455669461463
90414-1,all_pairs,candidate_pool_07,1.0,mask_dcead7d80876d41f,9,0.9632811761407829
90414-1,all_pairs,candidate_pool_07,1.5,mask_83fe021aaca96bf0,5,1.5742460255497148
90414-1,all_pairs,candidate_pool_08,0.5,mask_a842b06af7760b08,4,0.5083072342739013
90414-1,all_pairs,candidate_pool_08,1.0,mask_77740b198a0b3a94,6,1.0319729361500634
90414-1,all_pairs,candidate_pool_08,1.5,mask_1ee94a6fab0d1183,8,1.5186101453950476
90414-1,all_pairs,candidate_pool_09,0.5,mask_4be83a97da997236,8,0.48926627116205607
90414-1,all_pairs,candidate_pool_09,1.0,mask_6000c95aa8146da6,7,0.9936606747020589
90414-1,all_pairs,candidate_pool_09,1.5,mask_6c66643ec3bf086c,6,1.4565482185627328
90414-1,atp_raw,candidate_pool_00,0.5,mask_56ee0c60e1cde4b8,5,0.5788744937187355
90414-1,atp_raw,candidate_pool_00,1.0,mask_b611eb15c1cbe033,4,1.0798909548670053
90414-1,atp_raw,candidate_pool_00,1.5,mask_b55f4fdddb0ed7df,7,1.356310703350525
90414-1,atp_raw,candidate_pool_01,0.5,mask_3cd97f4a74d408b8,10,0.6391383403569066
90414-1,atp_raw,candidate_pool_01,1.0,mask_16dc2167f216f5a8,5,1.0551297403822997
90414-1,atp_raw,candidate_pool_01,1.5,mask_261f2ebd1f8a4eaa,5,1.6282734594405874
90414-1,atp_raw,candidate_pool_02,0.5,mask_8539d49577e1ed9d,9,0.5858692280948159
90414-1,atp_raw,candidate_pool_02,1.0,mask_4069015a4c8c7628,4,1.0068896104973788
90414-1,atp_raw,candidate_pool_02,1.5,mask_267196af5474f7ae,8,1.3587334715614192
90414-1,atp_raw,candidate_pool_03,0.5,mask_5b90a18db67578c0,5,0.421795780584216
90414-1,atp_raw,candidate_pool_03,1.0,mask_e3bfff07ca1cabef,9,0.8954062431217416
90414-1,atp_raw,candidate_pool_03,1.5,mask_0f1c886d2bd569f0,7,1.663597039736219
90414-1,atp_raw,candidate_pool_04,0.5,mask_5d6868f3c7cf99b3,6,0.5171936776636068
90414-1,atp_raw,candidate_pool_04,1.0,mask_ee5fb6904843b482,6,0.9104221440214468
90414-1,atp_raw,candidate_pool_04,1.5,mask_6d2e3876c8f68db8,9,1.4236590091090062
90414-1,atp_raw,candidate_pool_05,0.5,mask_0ea1a19911258943,4,0.505747197999766
90414-1,atp_raw,candidate_pool_05,1.0,mask_290a3cb1caf906c3,10,0.5080318825760559
90414-1,atp_raw,candidate_pool_05,1.5,mask_de24099fc59a002a,4,1.5093376320590706
90414-1,atp_raw,candidate_pool_06,0.5,mask_c22a533faf194bc5,7,0.5303065528357891
90414-1,atp_raw,candidate_pool_06,1.0,mask_25276dd47f8ef77c,4,1.0269022277458326
90414-1,atp_raw,candidate_pool_06,1.5,mask_8a4903df460893e2,6,1.1074157160559768
90414-1,atp_raw,candidate_pool_07,0.5,mask_c4774bd021c06295,7,0.3204885619790536
90414-1,atp_raw,candidate_pool_07,1.0,mask_21e5e4333c6fc40a,6,0.8542612108549005
90414-1,atp_raw,candidate_pool_07,1.5,mask_83fe021aaca96bf0,5,1.5495542625014327
90414-1,atp_raw,candidate_pool_08,0.5,mask_1ee94a6fab0d1183,8,0.43548137465197767
90414-1,atp_raw,candidate_pool_08,1.0,mask_a9f1de05a2b5cc89,7,1.0482765487101124
90414-1,atp_raw,candidate_pool_08,1.5,mask_a842b06af7760b08,4,1.078899747069533
90414-1,atp_raw,candidate_pool_09,0.5,mask_ea7ded36b0b6aa15,8,0.5247058216041247
90414-1,atp_raw,candidate_pool_09,1.0,mask_a3021efcfb81527e,5,0.6623240391037574
90414-1,atp_raw,candidate_pool_09,1.5,mask_6c66643ec3bf086c,6,1.5106125693523178
90414-1,atp_calibrated,candidate_pool_00,0.5,mask_56ee0c60e1cde4b8,5,0.5030569637965057
90414-1,atp_calibrated,candidate_pool_00,1.0,mask_b611eb15c1cbe033,4,0.9384532759369748
90414-1,atp_calibrated,candidate_pool_00,1.5,mask_153f1c2a9e066490,6,1.621768727178129
90414-1,atp_calibrated,candidate_pool_01,0.5,mask_3cd97f4a74d408b8,10,0.5554278110966576
90414-1,atp_calibrated,candidate_pool_01,1.0,mask_16dc2167f216f5a8,5,0.91693513769846
90414-1,atp_calibrated,candidate_pool_01,1.5,mask_4d3f046ece5f8214,9,1.4343826989482864
90414-1,atp_calibrated,candidate_pool_02,0.5,mask_8539d49577e1ed9d,9,0.5091355695667986
90414-1,atp_calibrated,candidate_pool_02,1.0,mask_3c9ed4cc352cbb27,5,0.8877477380746404
90414-1,atp_calibrated,candidate_pool_02,1.5,mask_267196af5474f7ae,8,1.1807746622612179
90414-1,atp_calibrated,candidate_pool_03,0.5,mask_5b90a18db67578c0,5,0.36655148400090115
90414-1,atp_calibrated,candidate_pool_03,1.0,mask_dc2e11f8d6ea9e67,6,1.1338283516377445
90414-1,atp_calibrated,candidate_pool_03,1.5,mask_0f1c886d2bd569f0,7,1.4457090178811436
90414-1,atp_calibrated,candidate_pool_04,0.5,mask_5d6868f3c7cf99b3,6,0.44945473328562024
90414-1,atp_calibrated,candidate_pool_04,1.0,mask_ee5fb6904843b482,6,0.7911804795584327
90414-1,atp_calibrated,candidate_pool_04,1.5,mask_6d2e3876c8f68db8,9,1.237196639988595
90414-1,atp_calibrated,candidate_pool_05,0.5,mask_290a3cb1caf906c3,10,0.44149289549577203
90414-1,atp_calibrated,candidate_pool_05,1.0,mask_de24099fc59a002a,4,1.3116535877228772
90414-1,atp_calibrated,candidate_pool_05,1.5,mask_f5d21a1898de9318,7,1.3662165671003657
90414-1,atp_calibrated,candidate_pool_06,0.5,mask_72750b59b18d6c0c,4,0.4844844169898539
90414-1,atp_calibrated,candidate_pool_06,1.0,mask_8a4903df460893e2,6,0.9623730080087695
90414-1,atp_calibrated,candidate_pool_06,1.5,mask_8a4903df460893e2,6,0.9623730080087695
90414-1,atp_calibrated,candidate_pool_07,0.5,mask_c4774bd021c06295,7,0.27851288089232473
90414-1,atp_calibrated,candidate_pool_07,1.0,mask_21e5e4333c6fc40a,6,0.742375170585071
90414-1,atp_calibrated,candidate_pool_07,1.5,mask_73324c4014b4a4c2,4,1.4038267031184237
90414-1,atp_calibrated,candidate_pool_08,0.5,mask_331502b1b3b7fde3,6,0.5128947968056597
90414-1,atp_calibrated,candidate_pool_08,1.0,mask_a842b06af7760b08,4,0.9375918906272084
90414-1,atp_calibrated,candidate_pool_08,1.5,mask_a842b06af7760b08,4,0.9375918906272084
90414-1,atp_calibrated,candidate_pool_09,0.5,mask_2d90e84a12b72772,4,0.5192043845880376
90414-1,atp_calibrated,candidate_pool_09,1.0,mask_6c66643ec3bf086c,6,1.3127615413306648
90414-1,atp_calibrated,candidate_pool_09,1.5,mask_6c66643ec3bf086c,6,1.3127615413306648
90415-0,additive,candidate_pool_00,0.5,mask_7c8b926f287bec49,4,0.4853376288283853
90415-0,additive,candidate_pool_00,1.0,mask_b611eb15c1cbe033,4,1.0616046207272016
90415-0,additive,candidate_pool_00,1.5,mask_714aefc72a94a0e9,5,1.6218124994678984
90415-0,additive,candidate_pool_01,0.5,mask_d4041af54a719d70,7,0.42350664825538115
90415-0,additive,candidate_pool_01,1.0,mask_3507ab216f864cbe,4,1.0201443462440094
90415-0,additive,candidate_pool_01,1.5,mask_69b8a0bd055bae3b,8,1.4629695417008008
90415-0,additive,candidate_pool_02,0.5,mask_a0046e43df20ac57,5,0.5596516227851918
90415-0,additive,candidate_pool_02,1.0,mask_6a56eb1c10f15cf8,7,1.0054407388575484
90415-0,additive,candidate_pool_02,1.5,mask_c7772d470875866f,4,1.472820386300245
90415-0,additive,candidate_pool_03,0.5,mask_8e19964bc0ea5bd6,8,0.4962684092760209
90415-0,additive,candidate_pool_03,1.0,mask_30716df5e75daa97,7,0.908704476895265
90415-0,additive,candidate_pool_03,1.5,mask_dc2e11f8d6ea9e67,6,1.5019755998603097
90415-0,additive,candidate_pool_04,0.5,mask_d1786933297085c0,4,0.5465676937353335
90415-0,additive,candidate_pool_04,1.0,mask_5d6868f3c7cf99b3,6,1.0193957117323487
90415-0,additive,candidate_pool_04,1.5,mask_8b7737474604b389,8,1.6888491648753812
90415-0,additive,candidate_pool_05,0.5,mask_ae737f6731edb34d,7,0.47062664698932377
90415-0,additive,candidate_pool_05,1.0,mask_62191f28479b805a,7,0.8327743577846607
90415-0,additive,candidate_pool_05,1.5,mask_de24099fc59a002a,4,1.3780468218199384
90415-0,additive,candidate_pool_06,0.5,mask_0cbfd8c3e3987d54,5,0.523219080675803
90415-0,additive,candidate_pool_06,1.0,mask_f16ce08b0ff70796,6,1.023091752151245
90415-0,additive,candidate_pool_06,1.5,mask_8a4903df460893e2,6,1.4659260878637657
90415-0,additive,candidate_pool_07,0.5,mask_9401c6bc69ed4d22,10,0.44829699101231063
90415-0,additive,candidate_pool_07,1.0,mask_c4774bd021c06295,7,0.8688164953286044
90415-0,additive,candidate_pool_07,1.5,mask_83fe021aaca96bf0,5,1.6126594602447928
90415-0,additive,candidate_pool_08,0.5,mask_bda88699e1e7badf,7,0.5087620309731491
90415-0,additive,candidate_pool_08,1.0,mask_03ced2f511e0a2f2,10,0.9633339180041787
90415-0,additive,candidate_pool_08,1.5,mask_1ee94a6fab0d1183,8,1.291049721101545
90415-0,additive,candidate_pool_09,0.5,mask_c3f11a7d9ebab23d,6,0.5435841488245944
90415-0,additive,candidate_pool_09,1.0,mask_6000c95aa8146da6,7,0.9033972816948761
90415-0,additive,candidate_pool_09,1.5,mask_ea7ded36b0b6aa15,8,1.4539968071439988
90415-0,all_pairs,candidate_pool_00,0.5,mask_ffe0389c017216d1,4,0.553411861247733
90415-0,all_pairs,candidate_pool_00,1.0,mask_714aefc72a94a0e9,5,0.9581394499469142
90415-0,all_pairs,candidate_pool_00,1.5,mask_ff6985d2961f695d,9,1.4948411728416304
90415-0,all_pairs,candidate_pool_01,0.5,mask_d4041af54a719d70,7,0.5574789269450716
90415-0,all_pairs,candidate_pool_01,1.0,mask_76f706be2ab175f0,7,0.9901064705848469
90415-0,all_pairs,candidate_pool_01,1.5,mask_69b8a0bd055bae3b,8,1.4926914804978555
90415-0,all_pairs,candidate_pool_02,0.5,mask_a0046e43df20ac57,5,0.534077488879491
90415-0,all_pairs,candidate_pool_02,1.0,mask_ab59149b00e47e01,7,0.9871592818927712
90415-0,all_pairs,candidate_pool_02,1.5,mask_053a16108482e172,6,1.2784755574637954
90415-0,all_pairs,candidate_pool_03,0.5,mask_8e19964bc0ea5bd6,8,0.5135852538689945
90415-0,all_pairs,candidate_pool_03,1.0,mask_0f1c886d2bd569f0,7,1.0441324677025026
90415-0,all_pairs,candidate_pool_03,1.5,mask_0f1c886d2bd569f0,7,1.0441324677025026
90415-0,all_pairs,candidate_pool_04,0.5,mask_8eaaf64cc1220873,7,0.5239115958386729
90415-0,all_pairs,candidate_pool_04,1.0,mask_5d6868f3c7cf99b3,6,1.015249417597541
90415-0,all_pairs,candidate_pool_04,1.5,mask_cafa56ef6c77bde9,10,1.3302916348261404
90415-0,all_pairs,candidate_pool_05,0.5,mask_ae737f6731edb34d,7,0.5028755291185167
90415-0,all_pairs,candidate_pool_05,1.0,mask_111b2c86496d6209,10,1.1214618800190317
90415-0,all_pairs,candidate_pool_05,1.5,mask_290a3cb1caf906c3,10,1.4463215134251721
90415-0,all_pairs,candidate_pool_06,0.5,mask_0cbfd8c3e3987d54,5,0.5038198832391154
90415-0,all_pairs,candidate_pool_06,1.0,mask_f16ce08b0ff70796,6,1.0123022289054653
90415-0,all_pairs,candidate_pool_06,1.5,mask_c22a533faf194bc5,7,1.2931985833748483
90415-0,all_pairs,candidate_pool_07,0.5,mask_6c3e3315afb6fb8c,4,0.4782443243933786
90415-0,all_pairs,candidate_pool_07,1.0,mask_9401c6bc69ed4d22,10,1.1352583920205204
90415-0,all_pairs,candidate_pool_07,1.5,mask_83fe021aaca96bf0,5,1.4694236209687013
90415-0,all_pairs,candidate_pool_08,0.5,mask_bda88699e1e7badf,7,0.5280549725599042
90415-0,all_pairs,candidate_pool_08,1.0,mask_0483c7c3a82ced7e,6,1.0236259305438187
90415-0,all_pairs,candidate_pool_08,1.5,mask_1ee94a6fab0d1183,8,1.3782623916729249
90415-0,all_pairs,candidate_pool_09,0.5,mask_99b322f566a2bc85,6,0.6067057604624586
90415-0,all_pairs,candidate_pool_09,1.0,mask_6000c95aa8146da6,7,0.9125961659915873
90415-0,all_pairs,candidate_pool_09,1.5,mask_ea7ded36b0b6aa15,8,1.468161969862876
90415-0,atp_raw,candidate_pool_00,0.5,mask_bfa108de38e6d58f,6,0.5385870972996333
90415-0,atp_raw,candidate_pool_00,1.0,mask_b611eb15c1cbe033,4,0.9374977528221077
90415-0,atp_raw,candidate_pool_00,1.5,mask_153f1c2a9e066490,6,1.7841646465557544
90415-0,atp_raw,candidate_pool_01,0.5,mask_3cd97f4a74d408b8,10,0.4783593101916138
90415-0,atp_raw,candidate_pool_01,1.0,mask_16dc2167f216f5a8,5,0.9446493201098884
90415-0,atp_raw,candidate_pool_01,1.5,mask_4d3f046ece5f8214,9,1.4611219987179143
90415-0,atp_raw,candidate_pool_02,0.5,mask_ab59149b00e47e01,7,0.5033671534102825
90415-0,atp_raw,candidate_pool_02,1.0,mask_3c9ed4cc352cbb27,5,0.944744897898136
90415-0,atp_raw,candidate_pool_02,1.5,mask_c7772d470875866f,4,1.2507279626742909
90415-0,atp_raw,candidate_pool_03,0.5,mask_5b90a18db67578c0,5,0.33961572006551766
90415-0,atp_raw,candidate_pool_03,1.0,mask_aedb2c503c8eced2,5,0.826395253584993
90415-0,atp_raw,candidate_pool_03,1.5,mask_0f1c886d2bd569f0,7,1.4838042639600433
90415-0,atp_raw,candidate_pool_04,0.5,mask_5d6868f3c7cf99b3,6,0.5129838603304113
90415-0,atp_raw,candidate_pool_04,1.0,mask_8b7737474604b389,8,0.8515249058472538
90415-0,atp_raw,candidate_pool_04,1.5,mask_6d2e3876c8f68db8,9,1.2719344705945312
90415-0,atp_raw,candidate_pool_05,0.5,mask_0ea1a19911258943,4,0.49870060967526053
90415-0,atp_raw,candidate_pool_05,1.0,mask_f5d21a1898de9318,7,1.401674340695444
90415-0,atp_raw,candidate_pool_05,1.5,mask_de24099fc59a002a,4,1.4234497489812172
90415-0,atp_raw,candidate_pool_06,0.5,mask_c22a533faf194bc5,7,0.481262402190366
90415-0,atp_raw,candidate_pool_06,1.0,mask_8a4903df460893e2,6,1.0236627640757672
90415-0,atp_raw,candidate_pool_06,1.5,mask_8a4903df460893e2,6,1.0236627640757672
90415-0,atp_raw,candidate_pool_07,0.5,mask_c4774bd021c06295,7,0.2891307188188561
90415-0,atp_raw,candidate_pool_07,1.0,mask_21e5e4333c6fc40a,6,0.7192924104612133
90415-0,atp_raw,candidate_pool_07,1.5,mask_83fe021aaca96bf0,5,1.4591208670495284
90415-0,atp_raw,candidate_pool_08,0.5,mask_8dc1386ad4524dcb,5,0.5646004451984407
90415-0,atp_raw,candidate_pool_08,1.0,mask_a842b06af7760b08,4,0.9773528351486105
90415-0,atp_raw,candidate_pool_08,1.5,mask_a842b06af7760b08,4,0.9773528351486105
90415-0,atp_raw,candidate_pool_09,0.5,mask_2d90e84a12b72772,4,0.48568257902080947
90415-0,atp_raw,candidate_pool_09,1.0,mask_6c66643ec3bf086c,6,1.3944319347437055
90415-0,atp_raw,candidate_pool_09,1.5,mask_6c66643ec3bf086c,6,1.3944319347437055
90415-0,atp_calibrated,candidate_pool_00,0.5,mask_bfa108de38e6d58f,6,0.450304701738085
90415-0,atp_calibrated,candidate_pool_00,1.0,mask_b55f4fdddb0ed7df,7,0.9964302385007511
90415-0,atp_calibrated,candidate_pool_00,1.5,mask_153f1c2a9e066490,6,1.4917136579154955
90415-0,atp_calibrated,candidate_pool_01,0.5,mask_3507ab216f864cbe,4,0.5482426696834385
90415-0,atp_calibrated,candidate_pool_01,1.0,mask_d34cab07e9bf4ded,4,1.0607391819669258
90415-0,atp_calibrated,candidate_pool_01,1.5,mask_88feb37e4997bcb0,7,1.415508113406851
90415-0,atp_calibrated,candidate_pool_02,0.5,mask_053a16108482e172,6,0.5063865606460132
90415-0,atp_calibrated,candidate_pool_02,1.0,mask_267196af5474f7ae,8,1.042607304653899
90415-0,atp_calibrated,candidate_pool_02,1.5,mask_c7772d470875866f,4,1.045715140617634
90415-0,atp_calibrated,candidate_pool_03,0.5,mask_e3bfff07ca1cabef,9,0.6531799601309101
90415-0,atp_calibrated,candidate_pool_03,1.0,mask_dc2e11f8d6ea9e67,6,1.0756134538633195
90415-0,atp_calibrated,candidate_pool_03,1.5,mask_0f1c886d2bd569f0,7,1.240586786928735
90415-0,atp_calibrated,candidate_pool_04,0.5,mask_93f84412f1b2de39,7,0.4774957278076195
90415-0,atp_calibrated,candidate_pool_04,1.0,mask_6d2e3876c8f68db8,9,1.0634455880639408
90415-0,atp_calibrated,candidate_pool_04,1.5,mask_6d2e3876c8f68db8,9,1.0634455880639408
90415-0,atp_calibrated,candidate_pool_05,0.5,mask_0ea1a19911258943,4,0.4169561996979764
90415-0,atp_calibrated,candidate_pool_05,1.0,mask_f5d21a1898de9318,7,1.171919173491902
90415-0,atp_calibrated,candidate_pool_05,1.5,mask_de24099fc59a002a,4,1.1901252701149243
90415-0,atp_calibrated,candidate_pool_06,0.5,mask_72750b59b18d6c0c,4,0.44153366008595124
90415-0,atp_calibrated,candidate_pool_06,1.0,mask_8a4903df460893e2,6,0.8558692883076535
90415-0,atp_calibrated,candidate_pool_06,1.5,mask_8a4903df460893e2,6,0.8558692883076535
90415-0,atp_calibrated,candidate_pool_07,0.5,mask_21e5e4333c6fc40a,6,0.6013897398938403
90415-0,atp_calibrated,candidate_pool_07,1.0,mask_83fe021aaca96bf0,5,1.2199493640506143
90415-0,atp_calibrated,candidate_pool_07,1.5,mask_d43daec0a2f27dc1,8,1.45287293258693
90415-0,atp_calibrated,candidate_pool_08,0.5,mask_331502b1b3b7fde3,6,0.5016056081082104
90415-0,atp_calibrated,candidate_pool_08,1.0,mask_a842b06af7760b08,4,0.8171502420519766
90415-0,atp_calibrated,candidate_pool_08,1.5,mask_a842b06af7760b08,4,0.8171502420519766
90415-0,atp_calibrated,candidate_pool_09,0.5,mask_2d90e84a12b72772,4,0.40607201691591366
90415-0,atp_calibrated,candidate_pool_09,1.0,mask_6c66643ec3bf086c,6,1.1658639050528414
90415-0,atp_calibrated,candidate_pool_09,1.5,mask_6c66643ec3bf086c,6,1.1658639050528414
90415-1,additive,candidate_pool_00,0.5,mask_ffe0389c017216d1,4,0.4892624819895217
90415-1,additive,candidate_pool_00,1.0,mask_b611eb15c1cbe033,4,1.2433906686848943
90415-1,additive,candidate_pool_00,1.5,mask_714aefc72a94a0e9,5,1.5045427804516343
90415-1,additive,candidate_pool_01,0.5,mask_d4041af54a719d70,7,0.47926798438255797
90415-1,additive,candidate_pool_01,1.0,mask_f78efa18c25e46d0,5,1.0475068214468826
90415-1,additive,candidate_pool_01,1.5,mask_3cd97f4a74d408b8,10,1.501257914560557
90415-1,additive,candidate_pool_02,0.5,mask_c36034d7c9cf0b25,7,0.49928529793970794
90415-1,additive,candidate_pool_02,1.0,mask_ab59149b00e47e01,7,0.9310291872770653
90415-1,additive,candidate_pool_02,1.5,mask_3c9ed4cc352cbb27,5,1.4275441683208736
90415-1,additive,candidate_pool_03,0.5,mask_db4ced2a93ad8780,7,0.513615911513339
90415-1,additive,candidate_pool_03,1.0,mask_30716df5e75daa97,7,1.0150520284025502
90415-1,additive,candidate_pool_03,1.5,mask_dc2e11f8d6ea9e67,6,1.339466564385761
90415-1,additive,candidate_pool_04,0.5,mask_8f5eca4cbcfcb5db,6,0.5323327563803488
90415-1,additive,candidate_pool_04,1.0,mask_5d6868f3c7cf99b3,6,0.9358896845196494
90415-1,additive,candidate_pool_04,1.5,mask_8b7737474604b389,8,1.748921868282717
90415-1,additive,candidate_pool_05,0.5,mask_cf672502900b1ca1,10,0.39097872059493743
90415-1,additive,candidate_pool_05,1.0,mask_62191f28479b805a,7,0.870795318197551
90415-1,additive,candidate_pool_05,1.5,mask_de24099fc59a002a,4,1.5562192400127963
90415-1,additive,candidate_pool_06,0.5,mask_8da4b6178fa2b73e,7,0.5756469888260094
90415-1,additive,candidate_pool_06,1.0,mask_5bf7af84e459f7ba,10,1.0083699034388443
90415-1,additive,candidate_pool_06,1.5,mask_8a4903df460893e2,6,1.539482048368174
90415-1,additive,candidate_pool_07,0.5,mask_9401c6bc69ed4d22,10,0.5128412706162393
90415-1,additive,candidate_pool_07,1.0,mask_c4774bd021c06295,7,0.9998885894368541
90415-1,additive,candidate_pool_07,1.5,mask_83fe021aaca96bf0,5,1.5894129757245763
90415-1,additive,candidate_pool_08,0.5,mask_bda88699e1e7badf,7,0.5073671792218524
90415-1,additive,candidate_pool_08,1.0,mask_77740b198a0b3a94,6,0.9656238196670064
90415-1,additive,candidate_pool_08,1.5,mask_a9f1de05a2b5cc89,7,1.5517687388209083
90415-1,additive,candidate_pool_09,0.5,mask_2d90e84a12b72772,4,0.47545646644226913
90415-1,additive,candidate_pool_09,1.0,mask_6000c95aa8146da6,7,0.9859923914018851
90415-1,additive,candidate_pool_09,1.5,mask_ea7ded36b0b6aa15,8,1.5482153329195945
90415-1,all_pairs,candidate_pool_00,0.5,mask_b611eb15c1cbe033,4,0.509398319881569
90415-1,all_pairs,candidate_pool_00,1.0,mask_a096a397a7d70275,7,1.044169356757844
90415-1,all_pairs,candidate_pool_00,1.5,mask_153f1c2a9e066490,6,1.5879890477381697
90415-1,all_pairs,candidate_pool_01,0.5,mask_28f76a93a72310a5,4,0.46394276516193134
90415-1,all_pairs,candidate_pool_01,1.0,mask_625dbe9e05728352,8,0.9351198792707159
90415-1,all_pairs,candidate_pool_01,1.5,mask_69b8a0bd055bae3b,8,1.5330848742358887
90415-1,all_pairs,candidate_pool_02,0.5,mask_1d9e3422b50673a4,10,0.49828422465981914
90415-1,all_pairs,candidate_pool_02,1.0,mask_6a56eb1c10f15cf8,7,1.0160990749354541
90415-1,all_pairs,candidate_pool_02,1.5,mask_053a16108482e172,6,1.3593817905088121
90415-1,all_pairs,candidate_pool_03,0.5,mask_384a80f180c950e1,8,0.4964614965118678
90415-1,all_pairs,candidate_pool_03,1.0,mask_30716df5e75daa97,7,0.97311765585601
90415-1,all_pairs,candidate_pool_03,1.5,mask_0f1c886d2bd569f0,7,1.2417389889418409
90415-1,all_pairs,candidate_pool_04,0.5,mask_d1786933297085c0,4,0.5118901191774604
90415-1,all_pairs,candidate_pool_04,1.0,mask_7fb6ffeb6bd8fc1f,7,0.9815706170847711
90415-1,all_pairs,candidate_pool_04,1.5,mask_cafa56ef6c77bde9,10,1.4047985256052031
90415-1,all_pairs,candidate_pool_05,0.5,mask_1abd41f1a83adf2a,8,0.44475159237166345
90415-1,all_pairs,candidate_pool_05,1.0,mask_62191f28479b805a,7,0.9347620763800135
90415-1,all_pairs,candidate_pool_05,1.5,mask_290a3cb1caf906c3,10,1.5682742955651363
90415-1,all_pairs,candidate_pool_06,0.5,mask_8da4b6178fa2b73e,7,0.530958418364915
90415-1,all_pairs,candidate_pool_06,1.0,mask_f16ce08b0ff70796,6,1.0626042484699951
90415-1,all_pairs,candidate_pool_06,1.5,mask_c22a533faf194bc5,7,1.3521345930107795
90415-1,all_pairs,candidate_pool_07,0.5,mask_6c3e3315afb6fb8c,4,0.497222471595406
90415-1,all_pairs,candidate_pool_07,1.0,mask_2261c8e54842bff6,8,1.0388559086692648
90415-1,all_pairs,candidate_pool_07,1.5,mask_83fe021aaca96bf0,5,1.440867293318865
90415-1,all_pairs,candidate_pool_08,0.5,mask_3fd358a395ddfdd8,7,0.49688919164266404
90415-1,all_pairs,candidate_pool_08,1.0,mask_aebcbcf7f67000e0,9,0.9664096410078507
90415-1,all_pairs,candidate_pool_08,1.5,mask_1ee94a6fab0d1183,8,1.4504455922482575
90415-1,all_pairs,candidate_pool_09,0.5,mask_4be83a97da997236,8,0.5127232267772404
90415-1,all_pairs,candidate_pool_09,1.0,mask_6000c95aa8146da6,7,0.9727177689843312
90415-1,all_pairs,candidate_pool_09,1.5,mask_527fb4485b283af0,10,1.470298629927716
90415-1,atp_raw,candidate_pool_00,0.5,mask_bfa108de38e6d58f,6,0.4394195867421966
90415-1,atp_raw,candidate_pool_00,1.0,mask_b611eb15c1cbe033,4,0.992205551334767
90415-1,atp_raw,candidate_pool_00,1.5,mask_153f1c2a9e066490,6,1.6763980267068712
90415-1,atp_raw,candidate_pool_01,0.5,mask_3507ab216f864cbe,4,0.5776448914260475
90415-1,atp_raw,candidate_pool_01,1.0,mask_d34cab07e9bf4ded,4,1.1454887735226782
90415-1,atp_raw,candidate_pool_01,1.5,mask_261f2ebd1f8a4eaa,5,1.4780734374177873
90415-1,atp_raw,candidate_pool_02,0.5,mask_ab59149b00e47e01,7,0.49363401283820485
90415-1,atp_raw,candidate_pool_02,1.0,mask_c7772d470875866f,4,1.0674223460016712
90415-1,atp_raw,candidate_pool_02,1.5,mask_267196af5474f7ae,8,1.137788996521023
90415-1,atp_raw,candidate_pool_03,0.5,mask_438eb8e7551c3dd4,4,0.3672274005328936
90415-1,atp_raw,candidate_pool_03,1.0,mask_dc2e11f8d6ea9e67,6,1.0927808913051762
90415-1,atp_raw,candidate_pool_03,1.5,mask_0f1c886d2bd569f0,7,1.4818061771952817
90415-1,atp_raw,candidate_pool_04,0.5,mask_5d6868f3c7cf99b3,6,0.3705952215078536
90415-1,atp_raw,candidate_pool_04,1.0,mask_ee5fb6904843b482,6,0.8308542924282212
90415-1,atp_raw,candidate_pool_04,1.5,mask_6d2e3876c8f68db8,9,1.210015772070776
90415-1,atp_raw,candidate_pool_05,0.5,mask_0ea1a19911258943,4,0.479894894245331
90415-1,atp_raw,candidate_pool_05,1.0,mask_f5d21a1898de9318,7,1.3537368667261895
90415-1,atp_raw,candidate_pool_05,1.5,mask_de24099fc59a002a,4,1.4513775809938387
90415-1,atp_raw,candidate_pool_06,0.5,mask_72750b59b18d6c0c,4,0.5029036229356162
90415-1,atp_raw,candidate_pool_06,1.0,mask_8a4903df460893e2,6,1.0175409321723285
90415-1,atp_raw,candidate_pool_06,1.5,mask_8a4903df460893e2,6,1.0175409321723285
90415-1,atp_raw,candidate_pool_07,0.5,mask_21e5e4333c6fc40a,6,0.6159786973949721
90415-1,atp_raw,candidate_pool_07,1.0,mask_21e5e4333c6fc40a,6,0.6159786973949721
90415-1,atp_raw,candidate_pool_07,1.5,mask_73324c4014b4a4c2,4,1.4627048825464581
90415-1,atp_raw,candidate_pool_08,0.5,mask_8dc1386ad4524dcb,5,0.5021174593918746
90415-1,atp_raw,candidate_pool_08,1.0,mask_a9f1de05a2b5cc89,7,0.9920287226196579
90415-1,atp_raw,candidate_pool_08,1.5,mask_a9f1de05a2b5cc89,7,0.9920287226196579
90415-1,atp_raw,candidate_pool_09,0.5,mask_a3021efcfb81527e,5,0.4844872951407426
90415-1,atp_raw,candidate_pool_09,1.0,mask_6c66643ec3bf086c,6,1.4094621761131192
90415-1,atp_raw,candidate_pool_09,1.5,mask_6c66643ec3bf086c,6,1.4094621761131192
90415-1,atp_calibrated,candidate_pool_00,0.5,mask_bfa108de38e6d58f,6,0.3788888503142687
90415-1,atp_calibrated,candidate_pool_00,1.0,mask_b55f4fdddb0ed7df,7,1.019916340862697
90415-1,atp_calibrated,candidate_pool_00,1.5,mask_153f1c2a9e066490,6,1.4454715724374905
90415-1,atp_calibrated,candidate_pool_01,0.5,mask_3507ab216f864cbe,4,0.49807340274690737
90415-1,atp_calibrated,candidate_pool_01,1.0,mask_d34cab07e9bf4ded,4,0.9876959005528823
90415-1,atp_calibrated,candidate_pool_01,1.5,mask_88feb37e4997bcb0,7,1.3545361310520927
90415-1,atp_calibrated,candidate_pool_02,0.5,mask_053a16108482e172,6,0.48506315815535833
90415-1,atp_calibrated,candidate_pool_02,1.0,mask_267196af5474f7ae,8,0.9810567798949655
90415-1,atp_calibrated,candidate_pool_02,1.5,mask_267196af5474f7ae,8,0.9810567798949655
90415-1,atp_calibrated,candidate_pool_03,0.5,mask_e3bfff07ca1cabef,9,0.5660150183884053
90415-1,atp_calibrated,candidate_pool_03,1.0,mask_dc2e11f8d6ea9e67,6,0.9422486116781474
90415-1,atp_calibrated,candidate_pool_03,1.5,mask_0f1c886d2bd569f0,7,1.2776850550257637
90415-1,atp_calibrated,candidate_pool_04,0.5,mask_93f84412f1b2de39,7,0.6052340083238763
90415-1,atp_calibrated,candidate_pool_04,1.0,mask_6d2e3876c8f68db8,9,1.043334203968936
90415-1,atp_calibrated,candidate_pool_04,1.5,mask_6d2e3876c8f68db8,9,1.043334203968936
90415-1,atp_calibrated,candidate_pool_05,0.5,mask_0ea1a19911258943,4,0.4137886208039632
90415-1,atp_calibrated,candidate_pool_05,1.0,mask_f5d21a1898de9318,7,1.167257492695357
90415-1,atp_calibrated,candidate_pool_05,1.5,mask_de24099fc59a002a,4,1.2514480456177013
90415-1,atp_calibrated,candidate_pool_06,0.5,mask_f2b097d9ab973b9b,7,0.4980125148487362
90415-1,atp_calibrated,candidate_pool_06,1.0,mask_8a4903df460893e2,6,0.8773730747798291
90415-1,atp_calibrated,candidate_pool_06,1.5,mask_8a4903df460893e2,6,0.8773730747798291
90415-1,atp_calibrated,candidate_pool_07,0.5,mask_21e5e4333c6fc40a,6,0.5311266668934084
90415-1,atp_calibrated,candidate_pool_07,1.0,mask_83fe021aaca96bf0,5,1.1957619793168632
90415-1,atp_calibrated,candidate_pool_07,1.5,mask_d43daec0a2f27dc1,8,1.4583759654754962
90415-1,atp_calibrated,candidate_pool_08,0.5,mask_fc5299efb847cbc8,5,0.5635370659720108
90415-1,atp_calibrated,candidate_pool_08,1.0,mask_a9f1de05a2b5cc89,7,0.8553752120581128
90415-1,atp_calibrated,candidate_pool_08,1.5,mask_a9f1de05a2b5cc89,7,0.8553752120581128
90415-1,atp_calibrated,candidate_pool_09,0.5,mask_a3021efcfb81527e,5,0.4177484112820003
90415-1,atp_calibrated,candidate_pool_09,1.0,mask_6c66643ec3bf086c,6,1.2153065534201077
90415-1,atp_calibrated,candidate_pool_09,1.5,mask_6c66643ec3bf086c,6,1.2153065534201077
90416-0,additive,candidate_pool_00,0.5,mask_bfa108de38e6d58f,6,0.5105166979156658
90416-0,additive,candidate_pool_00,1.0,mask_b611eb15c1cbe033,4,1.1086225198267308
90416-0,additive,candidate_pool_00,1.5,mask_714aefc72a94a0e9,5,1.503110022843701
90416-0,additive,candidate_pool_01,0.5,mask_d4041af54a719d70,7,0.43323097852136255
90416-0,additive,candidate_pool_01,1.0,mask_f78efa18c25e46d0,5,0.9628116562225677
90416-0,additive,candidate_pool_01,1.5,mask_69b8a0bd055bae3b,8,1.417932130025171
90416-0,additive,candidate_pool_02,0.5,mask_a0046e43df20ac57,5,0.5902911513044112
90416-0,additive,candidate_pool_02,1.0,mask_4069015a4c8c7628,4,1.0158149009223938
90416-0,additive,candidate_pool_02,1.5,mask_8539d49577e1ed9d,9,1.6195797773157095
90416-0,additive,candidate_pool_03,0.5,mask_8e19964bc0ea5bd6,8,0.48218518875595795
90416-0,additive,candidate_pool_03,1.0,mask_30716df5e75daa97,7,0.9701241826988476
90416-0,additive,candidate_pool_03,1.5,mask_dc2e11f8d6ea9e67,6,1.3469143311480547
90416-0,additive,candidate_pool_04,0.5,mask_8eaaf64cc1220873,7,0.5611472648650093
90416-0,additive,candidate_pool_04,1.0,mask_5d6868f3c7cf99b3,6,0.9743938262298982
90416-0,additive,candidate_pool_04,1.5,mask_8b7737474604b389,8,1.709781846642314
90416-0,additive,candidate_pool_05,0.5,mask_ae737f6731edb34d,7,0.5843165229789178
90416-0,additive,candidate_pool_05,1.0,mask_111b2c86496d6209,10,0.7910794172159596
90416-0,additive,candidate_pool_05,1.5,mask_de24099fc59a002a,4,1.4381302716878048
90416-0,additive,candidate_pool_06,0.5,mask_8da4b6178fa2b73e,7,0.49645335682016034
90416-0,additive,candidate_pool_06,1.0,mask_f16ce08b0ff70796,6,1.015845990020959
90416-0,additive,candidate_pool_06,1.5,mask_8a4903df460893e2,6,1.4193712133398861
90416-0,additive,candidate_pool_07,0.5,mask_9401c6bc69ed4d22,10,0.4370665760600395
90416-0,additive,candidate_pool_07,1.0,mask_c4774bd021c06295,7,0.9263836689395817
90416-0,additive,candidate_pool_07,1.5,mask_83fe021aaca96bf0,5,1.5713274994704665
90416-0,additive,candidate_pool_08,0.5,mask_8dc1386ad4524dcb,5,0.5045471143108065
90416-0,additive,candidate_pool_08,1.0,mask_a842b06af7760b08,4,0.9902505578675266
90416-0,additive,candidate_pool_08,1.5,mask_a9f1de05a2b5cc89,7,1.4071646262403465
90416-0,additive,candidate_pool_09,0.5,mask_99b322f566a2bc85,6,0.5162748852737102
90416-0,additive,candidate_pool_09,1.0,mask_6000c95aa8146da6,7,0.9343955304853493
90416-0,additive,candidate_pool_09,1.5,mask_ea7ded36b0b6aa15,8,1.5219392432434975
90416-0,all_pairs,candidate_pool_00,0.5,mask_b611eb15c1cbe033,4,0.41278615062899066
90416-0,all_pairs,candidate_pool_00,1.0,mask_a096a397a7d70275,7,0.9687056596914624
90416-0,all_pairs,candidate_pool_00,1.5,mask_153f1c2a9e066490,6,1.4909209284603244
90416-0,all_pairs,candidate_pool_01,0.5,mask_28f76a93a72310a5,4,0.49004483787489916
90416-0,all_pairs,candidate_pool_01,1.0,mask_625dbe9e05728352,8,0.9164608354833308
90416-0,all_pairs,candidate_pool_01,1.5,mask_4d3f046ece5f8214,9,1.5419753689392388
90416-0,all_pairs,candidate_pool_02,0.5,mask_a0046e43df20ac57,5,0.5473227577184533
90416-0,all_pairs,candidate_pool_02,1.0,mask_267196af5474f7ae,8,0.9702571146932603
90416-0,all_pairs,candidate_pool_02,1.5,mask_8539d49577e1ed9d,9,1.6865670524323189
90416-0,all_pairs,candidate_pool_03,0.5,mask_8e19964bc0ea5bd6,8,0.4849558194022654
90416-0,all_pairs,candidate_pool_03,1.0,mask_30716df5e75daa97,7,0.9358838652230885
90416-0,all_pairs,candidate_pool_03,1.5,mask_0f1c886d2bd569f0,7,1.1179832311040259
90416-0,all_pairs,candidate_pool_04,0.5,mask_8eaaf64cc1220873,7,0.5207814003713228
90416-0,all_pairs,candidate_pool_04,1.0,mask_dc190fdfa9807171,10,0.9982875960838137
90416-0,all_pairs,candidate_pool_04,1.5,mask_cafa56ef6c77bde9,10,1.319888776810213
90416-0,all_pairs,candidate_pool_05,0.5,mask_22c097f7c153bb13,9,0.399785233896914
90416-0,all_pairs,candidate_pool_05,1.0,mask_cf672502900b1ca1,10,0.966409634941884
90416-0,all_pairs,candidate_pool_05,1.5,mask_290a3cb1caf906c3,10,1.4885384692207575
90416-0,all_pairs,candidate_pool_06,0.5,mask_0cbfd8c3e3987d54,5,0.5282660274990285
90416-0,all_pairs,candidate_pool_06,1.0,mask_f16ce08b0ff70796,6,0.9870568960712138
90416-0,all_pairs,candidate_pool_06,1.5,mask_c22a533faf194bc5,7,1.3372140054803505
90416-0,all_pairs,candidate_pool_07,0.5,mask_6c3e3315afb6fb8c,4,0.45532661084395326
90416-0,all_pairs,candidate_pool_07,1.0,mask_2261c8e54842bff6,8,0.928093975448876
90416-0,all_pairs,candidate_pool_07,1.5,mask_83fe021aaca96bf0,5,1.4187784986937864
90416-0,all_pairs,candidate_pool_08,0.5,mask_bda88699e1e7badf,7,0.4406478158019893
90416-0,all_pairs,candidate_pool_08,1.0,mask_331502b1b3b7fde3,6,1.0366685300819907
90416-0,all_pairs,candidate_pool_08,1.5,mask_1ee94a6fab0d1183,8,1.3382363067109355
90416-0,all_pairs,candidate_pool_09,0.5,mask_99b322f566a2bc85,6,0.46232312100988515
90416-0,all_pairs,candidate_pool_09,1.0,mask_6000c95aa8146da6,7,0.9281525029482023
90416-0,all_pairs,candidate_pool_09,1.5,mask_ea7ded36b0b6aa15,8,1.5206139028154848
90416-0,atp_raw,candidate_pool_00,0.5,mask_bfa108de38e6d58f,6,0.4333609441009414
90416-0,atp_raw,candidate_pool_00,1.0,mask_b611eb15c1cbe033,4,0.9348217713840232
90416-0,atp_raw,candidate_pool_00,1.5,mask_153f1c2a9e066490,6,1.6466352967084337
90416-0,atp_raw,candidate_pool_01,0.5,mask_3cd97f4a74d408b8,10,0.4751498825470041
90416-0,atp_raw,candidate_pool_01,1.0,mask_d34cab07e9bf4ded,4,1.1175609101532118
90416-0,atp_raw,candidate_pool_01,1.5,mask_4d3f046ece5f8214,9,1.4722223741942924
90416-0,atp_raw,candidate_pool_02,0.5,mask_8539d49577e1ed9d,9,0.4579693831982883
90416-0,atp_raw,candidate_pool_02,1.0,mask_c7772d470875866f,4,1.0826832409394849
90416-0,atp_raw,candidate_pool_02,1.5,mask_267196af5474f7ae,8,1.1370659539346941
90416-0,atp_raw,candidate_pool_03,0.5,mask_e3bfff07ca1cabef,9,0.6679943845478244
90416-0,atp_raw,candidate_pool_03,1.0,mask_dc2e11f8d6ea9e67,6,1.122228223480063
90416-0,atp_raw,candidate_pool_03,1.5,mask_0f1c886d2bd569f0,7,1.4569649245027487
90416-0,atp_raw,candidate_pool_04,0.5,mask_5d6868f3c7cf99b3,6,0.4615113345657169
90416-0,atp_raw,candidate_pool_04,1.0,mask_8b7737474604b389,8,0.8095501770846323
90416-0,atp_raw,candidate_pool_04,1.5,mask_6d2e3876c8f68db8,9,1.2146636363404737
90416-0,atp_raw,candidate_pool_05,0.5,mask_0ea1a19911258943,4,0.45980292040448967
90416-0,atp_raw,candidate_pool_05,1.0,mask_f5d21a1898de9318,7,1.3635484883054574
90416-0,atp_raw,candidate_pool_05,1.5,mask_de24099fc59a002a,4,1.4111810377983394
90416-0,atp_raw,candidate_pool_06,0.5,mask_72750b59b18d6c0c,4,0.4872862991489617
90416-0,atp_raw,candidate_pool_06,1.0,mask_8a4903df460893e2,6,0.9307043578217524
90416-0,atp_raw,candidate_pool_06,1.5,mask_8a4903df460893e2,6,0.9307043578217524
90416-0,atp_raw,candidate_pool_07,0.5,mask_21e5e4333c6fc40a,6,0.6073651323002753
90416-0,atp_raw,candidate_pool_07,1.0,mask_83fe021aaca96bf0,5,1.383588427064553
90416-0,atp_raw,candidate_pool_07,1.5,mask_73324c4014b4a4c2,4,1.5160563226494164
90416-0,atp_raw,candidate_pool_08,0.5,mask_331502b1b3b7fde3,6,0.5342663934657184
90416-0,atp_raw,candidate_pool_08,1.0,mask_a9f1de05a2b5cc89,7,0.929463820121629
90416-0,atp_raw,candidate_pool_08,1.5,mask_a9f1de05a2b5cc89,7,0.929463820121629
90416-0,atp_raw,candidate_pool_09,0.5,mask_ea7ded36b0b6aa15,8,0.4761423491780634
90416-0,atp_raw,candidate_pool_09,1.0,mask_6c66643ec3bf086c,6,1.3412831365684101
90416-0,atp_raw,candidate_pool_09,1.5,mask_6c66643ec3bf086c,6,1.3412831365684101
90416-0,atp_calibrated,candidate_pool_00,0.5,mask_ff6985d2961f695d,9,0.6242216326400776
90416-0,atp_calibrated,candidate_pool_00,1.0,mask_a096a397a7d70275,7,0.9657903899169907
90416-0,atp_calibrated,candidate_pool_00,1.5,mask_153f1c2a9e066490,6,1.4016710938863581
90416-0,atp_calibrated,candidate_pool_01,0.5,mask_69b8a0bd055bae3b,8,0.5104382294662193
90416-0,atp_calibrated,candidate_pool_01,1.0,mask_d34cab07e9bf4ded,4,0.9513052626470297
90416-0,atp_calibrated,candidate_pool_01,1.5,mask_c6f04107d7ae9b56,9,1.6247937060497089
90416-0,atp_calibrated,candidate_pool_02,0.5,mask_053a16108482e172,6,0.48394123857604776
90416-0,atp_calibrated,candidate_pool_02,1.0,mask_267196af5474f7ae,8,0.9679086089424376
90416-0,atp_calibrated,candidate_pool_02,1.5,mask_267196af5474f7ae,8,0.9679086089424376
90416-0,atp_calibrated,candidate_pool_03,0.5,mask_e3bfff07ca1cabef,9,0.5686191845703426
90416-0,atp_calibrated,candidate_pool_03,1.0,mask_dc2e11f8d6ea9e67,6,0.9552782360124344
90416-0,atp_calibrated,candidate_pool_03,1.5,mask_0f1c886d2bd569f0,7,1.2402173229033049
90416-0,atp_calibrated,candidate_pool_04,0.5,mask_93f84412f1b2de39,7,0.5320153001813379
90416-0,atp_calibrated,candidate_pool_04,1.0,mask_6d2e3876c8f68db8,9,1.0339623541756264
90416-0,atp_calibrated,candidate_pool_04,1.5,mask_6d2e3876c8f68db8,9,1.0339623541756264
90416-0,atp_calibrated,candidate_pool_05,0.5,mask_0ea1a19911258943,4,0.39139964004404676
90416-0,atp_calibrated,candidate_pool_05,1.0,mask_f5d21a1898de9318,7,1.160698124831112
90416-0,atp_calibrated,candidate_pool_05,1.5,mask_de24099fc59a002a,4,1.2012445456965852
90416-0,atp_calibrated,candidate_pool_06,0.5,mask_f2b097d9ab973b9b,7,0.486366970683342
90416-0,atp_calibrated,candidate_pool_06,1.0,mask_8a4903df460893e2,6,0.79224670934757
90416-0,atp_calibrated,candidate_pool_06,1.5,mask_8a4903df460893e2,6,0.79224670934757
90416-0,atp_calibrated,candidate_pool_07,0.5,mask_21e5e4333c6fc40a,6,0.5170095351906586
90416-0,atp_calibrated,candidate_pool_07,1.0,mask_83fe021aaca96bf0,5,1.177756791639741
90416-0,atp_calibrated,candidate_pool_07,1.5,mask_d43daec0a2f27dc1,8,1.4332517785477217
90416-0,atp_calibrated,candidate_pool_08,0.5,mask_fc5299efb847cbc8,5,0.5140619030443967
90416-0,atp_calibrated,candidate_pool_08,1.0,mask_a9f1de05a2b5cc89,7,0.791190722124039
90416-0,atp_calibrated,candidate_pool_08,1.5,mask_a9f1de05a2b5cc89,7,0.791190722124039
90416-0,atp_calibrated,candidate_pool_09,0.5,mask_ea7ded36b0b6aa15,8,0.40530830885997376
90416-0,atp_calibrated,candidate_pool_09,1.0,mask_6c66643ec3bf086c,6,1.141745111988853
90416-0,atp_calibrated,candidate_pool_09,1.5,mask_6c66643ec3bf086c,6,1.141745111988853
90416-1,additive,candidate_pool_00,0.5,mask_ffe0389c017216d1,4,0.46148102117747725
90416-1,additive,candidate_pool_00,1.0,mask_b611eb15c1cbe033,4,1.1952012652438282
90416-1,additive,candidate_pool_00,1.5,mask_ff6985d2961f695d,9,1.5101868059408623
90416-1,additive,candidate_pool_01,0.5,mask_304d12adafdb81c3,6,0.5187645137928049
90416-1,additive,candidate_pool_01,1.0,mask_3507ab216f864cbe,4,1.0584278034459536
90416-1,additive,candidate_pool_01,1.5,mask_d34cab07e9bf4ded,4,1.481550674625167
90416-1,additive,candidate_pool_02,0.5,mask_c36034d7c9cf0b25,7,0.4519158310276178
90416-1,additive,candidate_pool_02,1.0,mask_ab59149b00e47e01,7,1.022429844853999
90416-1,additive,candidate_pool_02,1.5,mask_c7772d470875866f,4,1.4918948296715764
90416-1,additive,candidate_pool_03,0.5,mask_db4ced2a93ad8780,7,0.5258296382009381
90416-1,additive,candidate_pool_03,1.0,mask_30716df5e75daa97,7,0.94922021320313
90416-1,additive,candidate_pool_03,1.5,mask_dc2e11f8d6ea9e67,6,1.5079959058032193
90416-1,additive,candidate_pool_04,0.5,mask_8f5eca4cbcfcb5db,6,0.4774663477091918
90416-1,additive,candidate_pool_04,1.0,mask_5d6868f3c7cf99b3,6,0.9840015348638481
90416-1,additive,candidate_pool_04,1.5,mask_8b7737474604b389,8,1.727009171011886
90416-1,additive,candidate_pool_05,0.5,mask_ae737f6731edb34d,7,0.6350207440861961
90416-1,additive,candidate_pool_05,1.0,mask_62191f28479b805a,7,0.9316508390407523
90416-1,additive,candidate_pool_05,1.5,mask_de24099fc59a002a,4,1.4934490905592939
90416-1,additive,candidate_pool_06,0.5,mask_8da4b6178fa2b73e,7,0.4750926939450546
90416-1,additive,candidate_pool_06,1.0,mask_ba28cb4fde59866a,9,1.0136171537637984
90416-1,additive,candidate_pool_06,1.5,mask_8a4903df460893e2,6,1.5927694576859834
90416-1,additive,candidate_pool_07,0.5,mask_9401c6bc69ed4d22,10,0.5267243526974166
90416-1,additive,candidate_pool_07,1.0,mask_c4774bd021c06295,7,0.9388760581567206
90416-1,additive,candidate_pool_07,1.5,mask_83fe021aaca96bf0,5,1.63477599846267
90416-1,additive,candidate_pool_08,0.5,mask_bda88699e1e7badf,7,0.589026288101568
90416-1,additive,candidate_pool_08,1.0,mask_1f36ab0e18336a51,6,1.001082098579746
90416-1,additive,candidate_pool_08,1.5,mask_a9f1de05a2b5cc89,7,1.4161699863429968
90416-1,additive,candidate_pool_09,0.5,mask_2d90e84a12b72772,4,0.6594547824462555
90416-1,additive,candidate_pool_09,1.0,mask_6000c95aa8146da6,7,0.9534030187818439
90416-1,additive,candidate_pool_09,1.5,mask_ea7ded36b0b6aa15,8,1.4748774318811526
90416-1,all_pairs,candidate_pool_00,0.5,mask_b611eb15c1cbe033,4,0.48784453983397624
90416-1,all_pairs,candidate_pool_00,1.0,mask_a096a397a7d70275,7,0.9954644557090667
90416-1,all_pairs,candidate_pool_00,1.5,mask_153f1c2a9e066490,6,1.6458173508899838
90416-1,all_pairs,candidate_pool_01,0.5,mask_f78efa18c25e46d0,5,0.436250649761156
90416-1,all_pairs,candidate_pool_01,1.0,mask_76f706be2ab175f0,7,1.0089815615509548
90416-1,all_pairs,candidate_pool_01,1.5,mask_88feb37e4997bcb0,7,1.4958350418538262
90416-1,all_pairs,candidate_pool_02,0.5,mask_318be3c54bb72e0d,6,0.4533636141328843
90416-1,all_pairs,candidate_pool_02,1.0,mask_267196af5474f7ae,8,1.109793263213642
90416-1,all_pairs,candidate_pool_02,1.5,mask_053a16108482e172,6,1.358580979112289
90416-1,all_pairs,candidate_pool_03,0.5,mask_66e7ba4230023a63,10,0.4945243125877423
90416-1,all_pairs,candidate_pool_03,1.0,mask_30716df5e75daa97,7,0.9257790184480873
90416-1,all_pairs,candidate_pool_03,1.5,mask_0f1c886d2bd569f0,7,1.1641157575014542
90416-1,all_pairs,candidate_pool_04,0.5,mask_8f5eca4cbcfcb5db,6,0.5025674781181466
90416-1,all_pairs,candidate_pool_04,1.0,mask_ee5fb6904843b482,6,1.0089844459516721
90416-1,all_pairs,candidate_pool_04,1.5,mask_cafa56ef6c77bde9,10,1.4179820689147287
90416-1,all_pairs,candidate_pool_05,0.5,mask_22c097f7c153bb13,9,0.5895452635427632
90416-1,all_pairs,candidate_pool_05,1.0,mask_cf672502900b1ca1,10,0.9986424424992238
90416-1,all_pairs,candidate_pool_05,1.5,mask_290a3cb1caf906c3,10,1.5240983947840987
90416-1,all_pairs,candidate_pool_06,0.5,mask_8da4b6178fa2b73e,7,0.44856410725417595
90416-1,all_pairs,candidate_pool_06,1.0,mask_2322491b9dd809d6,5,0.9228246763320764
90416-1,all_pairs,candidate_pool_06,1.5,mask_c22a533faf194bc5,7,1.3045776082483185
90416-1,all_pairs,candidate_pool_07,0.5,mask_21e5e4333c6fc40a,6,0.485690585613355
90416-1,all_pairs,candidate_pool_07,1.0,mask_2261c8e54842bff6,8,0.969678128409157
90416-1,all_pairs,candidate_pool_07,1.5,mask_83fe021aaca96bf0,5,1.496450202049267
90416-1,all_pairs,candidate_pool_08,0.5,mask_a842b06af7760b08,4,0.47221157326023855
90416-1,all_pairs,candidate_pool_08,1.0,mask_aebcbcf7f67000e0,9,0.9819033258904352
90416-1,all_pairs,candidate_pool_08,1.5,mask_1ee94a6fab0d1183,8,1.4964565920538782
90416-1,all_pairs,candidate_pool_09,0.5,mask_4be83a97da997236,8,0.5122088313836303
90416-1,all_pairs,candidate_pool_09,1.0,mask_6000c95aa8146da6,7,0.9567732983619927
90416-1,all_pairs,candidate_pool_09,1.5,mask_527fb4485b283af0,10,1.5039503758969806
90416-1,atp_raw,candidate_pool_00,0.5,mask_bfa108de38e6d58f,6,0.5540295477526691
90416-1,atp_raw,candidate_pool_00,1.0,mask_b611eb15c1cbe033,4,0.9963779658652269
90416-1,atp_raw,candidate_pool_00,1.5,mask_b55f4fdddb0ed7df,7,1.2632421548222448
90416-1,atp_raw,candidate_pool_01,0.5,mask_3cd97f4a74d408b8,10,0.6662143949613712
90416-1,atp_raw,candidate_pool_01,1.0,mask_16dc2167f216f5a8,5,0.8774968492644992
90416-1,atp_raw,candidate_pool_01,1.5,mask_261f2ebd1f8a4eaa,5,1.5227315821019665
90416-1,atp_raw,candidate_pool_02,0.5,mask_8539d49577e1ed9d,9,0.5442524188668929
90416-1,atp_raw,candidate_pool_02,1.0,mask_3c9ed4cc352cbb27,5,1.0084989024377375
90416-1,atp_raw,candidate_pool_02,1.5,mask_267196af5474f7ae,8,1.2574152520008304
90416-1,atp_raw,candidate_pool_03,0.5,mask_438eb8e7551c3dd4,4,0.40043834234065895
90416-1,atp_raw,candidate_pool_03,1.0,mask_e3bfff07ca1cabef,9,0.779383890479189
90416-1,atp_raw,candidate_pool_03,1.5,mask_0f1c886d2bd569f0,7,1.5115509806200862
90416-1,atp_raw,candidate_pool_04,0.5,mask_5d6868f3c7cf99b3,6,0.4245946481516891
90416-1,atp_raw,candidate_pool_04,1.0,mask_8b7737474604b389,8,0.8326623452172339
90416-1,atp_raw,candidate_pool_04,1.5,mask_6d2e3876c8f68db8,9,1.2722192540775041
90416-1,atp_raw,candidate_pool_05,0.5,mask_0ea1a19911258943,4,0.5226537424375068
90416-1,atp_raw,candidate_pool_05,1.0,mask_f5d21a1898de9318,7,1.3949988023684983
90416-1,atp_raw,candidate_pool_05,1.5,mask_de24099fc59a002a,4,1.465608300702585
90416-1,atp_raw,candidate_pool_06,0.5,mask_72750b59b18d6c0c,4,0.5476447605824732
90416-1,atp_raw,candidate_pool_06,1.0,mask_25276dd47f8ef77c,4,0.9806740367478067
90416-1,atp_raw,candidate_pool_06,1.5,mask_8a4903df460893e2,6,1.1205800021486867
90416-1,atp_raw,candidate_pool_07,0.5,mask_c4774bd021c06295,7,0.2997409030385727
90416-1,atp_raw,candidate_pool_07,1.0,mask_21e5e4333c6fc40a,6,0.7379350453963154
90416-1,atp_raw,candidate_pool_07,1.5,mask_83fe021aaca96bf0,5,1.4690383218054832
90416-1,atp_raw,candidate_pool_08,0.5,mask_331502b1b3b7fde3,6,0.5455499615745394
90416-1,atp_raw,candidate_pool_08,1.0,mask_a842b06af7760b08,4,1.0379609991233427
90416-1,atp_raw,candidate_pool_08,1.5,mask_a842b06af7760b08,4,1.0379609991233427
90416-1,atp_raw,candidate_pool_09,0.5,mask_2d90e84a12b72772,4,0.5114437019104486
90416-1,atp_raw,candidate_pool_09,1.0,mask_a3021efcfb81527e,5,0.5598564505740836
90416-1,atp_raw,candidate_pool_09,1.5,mask_6c66643ec3bf086c,6,1.4687818365355771
90416-1,atp_calibrated,candidate_pool_00,0.5,mask_bfa108de38e6d58f,6,0.467483316219469
90416-1,atp_calibrated,candidate_pool_00,1.0,mask_a096a397a7d70275,7,0.9797314032609464
90416-1,atp_calibrated,candidate_pool_00,1.5,mask_153f1c2a9e066490,6,1.5413233558210313
90416-1,atp_calibrated,candidate_pool_01,0.5,mask_3cd97f4a74d408b8,10,0.5621435100943828
90416-1,atp_calibrated,candidate_pool_01,1.0,mask_d34cab07e9bf4ded,4,1.1058056024180332
90416-1,atp_calibrated,candidate_pool_01,1.5,mask_88feb37e4997bcb0,7,1.407069708193257
90416-1,atp_calibrated,candidate_pool_02,0.5,mask_ab59149b00e47e01,7,0.5024898475856239
90416-1,atp_calibrated,candidate_pool_02,1.0,mask_c7772d470875866f,4,1.0546543145487464
90416-1,atp_calibrated,candidate_pool_02,1.5,mask_267196af5474f7ae,8,1.0609915197748685
90416-1,atp_calibrated,candidate_pool_03,0.5,mask_aedb2c503c8eced2,5,0.6534229396032801
90416-1,atp_calibrated,candidate_pool_03,1.0,mask_dc2e11f8d6ea9e67,6,1.072313867505157
90416-1,atp_calibrated,candidate_pool_03,1.5,mask_0f1c886d2bd569f0,7,1.2754281209754554
90416-1,atp_calibrated,candidate_pool_04,0.5,mask_93f84412f1b2de39,7,0.544238490162083
90416-1,atp_calibrated,candidate_pool_04,1.0,mask_6d2e3876c8f68db8,9,1.0734829545948987
90416-1,atp_calibrated,candidate_pool_04,1.5,mask_6d2e3876c8f68db8,9,1.0734829545948987
90416-1,atp_calibrated,candidate_pool_05,0.5,mask_0ea1a19911258943,4,0.44100879770816304
90416-1,atp_calibrated,candidate_pool_05,1.0,mask_f5d21a1898de9318,7,1.177082826897424
90416-1,atp_calibrated,candidate_pool_05,1.5,mask_de24099fc59a002a,4,1.2366622528896056
90416-1,atp_calibrated,candidate_pool_06,0.5,mask_72750b59b18d6c0c,4,0.46209591135670314
90416-1,atp_calibrated,candidate_pool_06,1.0,mask_8a4903df460893e2,6,0.9455316194210401
90416-1,atp_calibrated,candidate_pool_06,1.5,mask_8a4903df460893e2,6,0.9455316194210401
90416-1,atp_calibrated,candidate_pool_07,0.5,mask_21e5e4333c6fc40a,6,0.6226605125588663
90416-1,atp_calibrated,candidate_pool_07,1.0,mask_83fe021aaca96bf0,5,1.239556462496999
90416-1,atp_calibrated,candidate_pool_07,1.5,mask_d43daec0a2f27dc1,8,1.4768399362712759
90416-1,atp_calibrated,candidate_pool_08,0.5,mask_8dc1386ad4524dcb,5,0.5261225564402279
90416-1,atp_calibrated,candidate_pool_08,1.0,mask_a842b06af7760b08,4,0.8758187211222002
90416-1,atp_calibrated,candidate_pool_08,1.5,mask_a842b06af7760b08,4,0.8758187211222002
90416-1,atp_calibrated,candidate_pool_09,0.5,mask_a3021efcfb81527e,5,0.47239998513233256
90416-1,atp_calibrated,candidate_pool_09,1.0,mask_6c66643ec3bf086c,6,1.2393400433817667
90416-1,atp_calibrated,candidate_pool_09,1.5,mask_6c66643ec3bf086c,6,1.2393400433817667
90417-0,additive,candidate_pool_00,0.5,mask_bfa108de38e6d58f,6,0.4366860859303902
90417-0,additive,candidate_pool_00,1.0,mask_b611eb15c1cbe033,4,0.9960668231587478
90417-0,additive,candidate_pool_00,1.5,mask_714aefc72a94a0e9,5,1.4934970104782717
90417-0,additive,candidate_pool_01,0.5,mask_d4041af54a719d70,7,0.3563133947463299
90417-0,additive,candidate_pool_01,1.0,mask_f78efa18c25e46d0,5,0.9983249455345988
90417-0,additive,candidate_pool_01,1.5,mask_69b8a0bd055bae3b,8,1.3538656545058594
90417-0,additive,candidate_pool_02,0.5,mask_a0046e43df20ac57,5,0.4859882047325683
90417-0,additive,candidate_pool_02,1.0,mask_6a56eb1c10f15cf8,7,0.8490062407306448
90417-0,additive,candidate_pool_02,1.5,mask_267196af5474f7ae,8,1.5372182982705138
90417-0,additive,candidate_pool_03,0.5,mask_8e19964bc0ea5bd6,8,0.5142727434929837
90417-0,additive,candidate_pool_03,1.0,mask_e3bfff07ca1cabef,9,1.0466563060976193
90417-0,additive,candidate_pool_03,1.5,mask_dc2e11f8d6ea9e67,6,1.3866922089650213
90417-0,additive,candidate_pool_04,0.5,mask_d1786933297085c0,4,0.5039687040903037
90417-0,additive,candidate_pool_04,1.0,mask_ee5fb6904843b482,6,0.9820394849956674
90417-0,additive,candidate_pool_04,1.5,mask_8b7737474604b389,8,1.6674828033339781
90417-0,additive,candidate_pool_05,0.5,mask_ae737f6731edb34d,7,0.44435351676129065
90417-0,additive,candidate_pool_05,1.0,mask_290a3cb1caf906c3,10,1.1613860049291937
90417-0,additive,candidate_pool_05,1.5,mask_de24099fc59a002a,4,1.3727649149436545
90417-0,additive,candidate_pool_06,0.5,mask_0cbfd8c3e3987d54,5,0.4197638714200934
90417-0,additive,candidate_pool_06,1.0,mask_f16ce08b0ff70796,6,0.9790325414188992
90417-0,additive,candidate_pool_06,1.5,mask_8a4903df460893e2,6,1.4731313163757709
90417-0,additive,candidate_pool_07,0.5,mask_6c3e3315afb6fb8c,4,0.5498234164581861
90417-0,additive,candidate_pool_07,1.0,mask_21e5e4333c6fc40a,6,1.052963706967747
90417-0,additive,candidate_pool_07,1.5,mask_83fe021aaca96bf0,5,1.6119963605318417
90417-0,additive,candidate_pool_08,0.5,mask_8dc1386ad4524dcb,5,0.5069748463790587
90417-0,additive,candidate_pool_08,1.0,mask_a842b06af7760b08,4,0.9904777396772155
90417-0,additive,candidate_pool_08,1.5,mask_a9f1de05a2b5cc89,7,1.2626251193392526
90417-0,additive,candidate_pool_09,0.5,mask_7378976187b9a4fb,9,0.5087128713758192
90417-0,additive,candidate_pool_09,1.0,mask_527fb4485b283af0,10,1.1155645369111493
90417-0,additive,candidate_pool_09,1.5,mask_ea7ded36b0b6aa15,8,1.3999786346491787
90417-0,all_pairs,candidate_pool_00,0.5,mask_ffe0389c017216d1,4,0.5987835943499774
90417-0,all_pairs,candidate_pool_00,1.0,mask_b55f4fdddb0ed7df,7,0.904864794481715
90417-0,all_pairs,candidate_pool_00,1.5,mask_153f1c2a9e066490,6,1.4432326357869634
90417-0,all_pairs,candidate_pool_01,0.5,mask_d4041af54a719d70,7,0.5055044932153241
90417-0,all_pairs,candidate_pool_01,1.0,mask_261f2ebd1f8a4eaa,5,1.027627137170899
90417-0,all_pairs,candidate_pool_01,1.5,mask_3cd97f4a74d408b8,10,1.5224130648194238
90417-0,all_pairs,candidate_pool_02,0.5,mask_a0046e43df20ac57,5,0.458745207925647
90417-0,all_pairs,candidate_pool_02,1.0,mask_6a56eb1c10f15cf8,7,0.9305281958732396
90417-0,all_pairs,candidate_pool_02,1.5,mask_8539d49577e1ed9d,9,1.622856923127337
90417-0,all_pairs,candidate_pool_03,0.5,mask_ef5c55a63fd9a61d,10,0.4820836423409266
90417-0,all_pairs,candidate_pool_03,1.0,mask_0f1c886d2bd569f0,7,0.9583097696250664
90417-0,all_pairs,candidate_pool_03,1.5,mask_0f1c886d2bd569f0,7,0.9583097696250664
90417-0,all_pairs,candidate_pool_04,0.5,mask_d661254b6d532a93,8,0.5095165258730088
90417-0,all_pairs,candidate_pool_04,1.0,mask_7fb6ffeb6bd8fc1f,7,1.0154475492252177
90417-0,all_pairs,candidate_pool_04,1.5,mask_8b7737474604b389,8,1.6423602388255758
90417-0,all_pairs,candidate_pool_05,0.5,mask_ae737f6731edb34d,7,0.4636852890266423
90417-0,all_pairs,candidate_pool_05,1.0,mask_f5d21a1898de9318,7,1.018846185270189
90417-0,all_pairs,candidate_pool_05,1.5,mask_290a3cb1caf906c3,10,1.3920480202526717
90417-0,all_pairs,candidate_pool_06,0.5,mask_382e0bf880e4af69,5,0.4572711223075939
90417-0,all_pairs,candidate_pool_06,1.0,mask_f16ce08b0ff70796,6,0.9651786332761358
90417-0,all_pairs,candidate_pool_06,1.5,mask_c22a533faf194bc5,7,1.2058539490149656
90417-0,all_pairs,candidate_pool_07,0.5,mask_6c3e3315afb6fb8c,4,0.39171535697578064
90417-0,all_pairs,candidate_pool_07,1.0,mask_9401c6bc69ed4d22,10,1.03029744450542
90417-0,all_pairs,candidate_pool_07,1.5,mask_83fe021aaca96bf0,5,1.4586185391130466
90417-0,all_pairs,candidate_pool_08,0.5,mask_a9f1de05a2b5cc89,7,0.49117407328518703
90417-0,all_pairs,candidate_pool_08,1.0,mask_331502b1b3b7fde3,6,1.0105679272166008
90417-0,all_pairs,candidate_pool_08,1.5,mask_1ee94a6fab0d1183,8,1.2948974851281252
90417-0,all_pairs,candidate_pool_09,0.5,mask_99b322f566a2bc85,6,0.5002155962208934
90417-0,all_pairs,candidate_pool_09,1.0,mask_6000c95aa8146da6,7,0.8440128752235703
90417-0,all_pairs,candidate_pool_09,1.5,mask_ea7ded36b0b6aa15,8,1.4010592645469009
90417-0,atp_raw,candidate_pool_00,0.5,mask_bfa108de38e6d58f,6,0.4296594770074041
90417-0,atp_raw,candidate_pool_00,1.0,mask_a096a397a7d70275,7,1.0540256259573282
90417-0,atp_raw,candidate_pool_00,1.5,mask_153f1c2a9e066490,6,1.6894549632501996
90417-0,atp_raw,candidate_pool_01,0.5,mask_3cd97f4a74d408b8,10,0.5268084009282519
90417-0,atp_raw,candidate_pool_01,1.0,mask_16dc2167f216f5a8,5,0.8269779647852542
90417-0,atp_raw,candidate_pool_01,1.5,mask_261f2ebd1f8a4eaa,5,1.4543343490008644
90417-0,atp_raw,candidate_pool_02,0.5,mask_ab59149b00e47e01,7,0.4589183962409745
90417-0,atp_raw,candidate_pool_02,1.0,mask_267196af5474f7ae,8,1.0963425878910538
90417-0,atp_raw,candidate_pool_02,1.5,mask_c7772d470875866f,4,1.1411959489294308
90417-0,atp_raw,candidate_pool_03,0.5,mask_e3bfff07ca1cabef,9,0.6668790984014998
90417-0,atp_raw,candidate_pool_03,1.0,mask_dc2e11f8d6ea9e67,6,1.1855780629498163
90417-0,atp_raw,candidate_pool_03,1.5,mask_0f1c886d2bd569f0,7,1.41122100024237
90417-0,atp_raw,candidate_pool_04,0.5,mask_93f84412f1b2de39,7,0.5827676352084975
90417-0,atp_raw,candidate_pool_04,1.0,mask_8b7737474604b389,8,0.7913867973114306
90417-0,atp_raw,candidate_pool_04,1.5,mask_6d2e3876c8f68db8,9,1.2201635007679994
90417-0,atp_raw,candidate_pool_05,0.5,mask_0ea1a19911258943,4,0.42899612991177305
90417-0,atp_raw,candidate_pool_05,1.0,mask_f5d21a1898de9318,7,1.2892569121952189
90417-0,atp_raw,candidate_pool_05,1.5,mask_de24099fc59a002a,4,1.4078225369318103
90417-0,atp_raw,candidate_pool_06,0.5,mask_72750b59b18d6c0c,4,0.4694077141811045
90417-0,atp_raw,candidate_pool_06,1.0,mask_8a4903df460893e2,6,1.0134704256743876
90417-0,atp_raw,candidate_pool_06,1.5,mask_8a4903df460893e2,6,1.0134704256743876
90417-0,atp_raw,candidate_pool_07,0.5,mask_21e5e4333c6fc40a,6,0.5840675947066318
90417-0,atp_raw,candidate_pool_07,1.0,mask_21e5e4333c6fc40a,6,0.5840675947066318
90417-0,atp_raw,candidate_pool_07,1.5,mask_73324c4014b4a4c2,4,1.4535385230271032
90417-0,atp_raw,candidate_pool_08,0.5,mask_8dc1386ad4524dcb,5,0.5015717615012307
90417-0,atp_raw,candidate_pool_08,1.0,mask_a842b06af7760b08,4,0.9358823110862655
90417-0,atp_raw,candidate_pool_08,1.5,mask_a842b06af7760b08,4,0.9358823110862655
90417-0,atp_raw,candidate_pool_09,0.5,mask_a3021efcfb81527e,5,0.4183697151590366
90417-0,atp_raw,candidate_pool_09,1.0,mask_6c66643ec3bf086c,6,1.3245436736591616
90417-0,atp_raw,candidate_pool_09,1.5,mask_6c66643ec3bf086c,6,1.3245436736591616
90417-0,atp_calibrated,candidate_pool_00,0.5,mask_bfa108de38e6d58f,6,0.3685054757576328
90417-0,atp_calibrated,candidate_pool_00,1.0,mask_714aefc72a94a0e9,5,0.9447908261260568
90417-0,atp_calibrated,candidate_pool_00,1.5,mask_153f1c2a9e066490,6,1.4489926053531001
90417-0,atp_calibrated,candidate_pool_01,0.5,mask_3507ab216f864cbe,4,0.4963216602271926
90417-0,atp_calibrated,candidate_pool_01,1.0,mask_d34cab07e9bf4ded,4,1.0411274901880299
90417-0,atp_calibrated,candidate_pool_01,1.5,mask_88feb37e4997bcb0,7,1.3442058172606912
90417-0,atp_calibrated,candidate_pool_02,0.5,mask_053a16108482e172,6,0.47359176309977163
90417-0,atp_calibrated,candidate_pool_02,1.0,mask_c7772d470875866f,4,0.9787680211826825
90417-0,atp_calibrated,candidate_pool_02,1.5,mask_c7772d470875866f,4,0.9787680211826825
90417-0,atp_calibrated,candidate_pool_03,0.5,mask_e3bfff07ca1cabef,9,0.5719613149020127
90417-0,atp_calibrated,candidate_pool_03,1.0,mask_dc2e11f8d6ea9e67,6,1.0168331702540476
90417-0,atp_calibrated,candidate_pool_03,1.5,mask_0f1c886d2bd569f0,7,1.2103600500461331
90417-0,atp_calibrated,candidate_pool_04,0.5,mask_93f84412f1b2de39,7,0.49982154743663965
90417-0,atp_calibrated,candidate_pool_04,1.0,mask_6d2e3876c8f68db8,9,1.0464960169954824
90417-0,atp_calibrated,candidate_pool_04,1.5,mask_6d2e3876c8f68db8,9,1.0464960169954824
90417-0,atp_calibrated,candidate_pool_05,0.5,mask_0ea1a19911258943,4,0.3679365437308787
90417-0,atp_calibrated,candidate_pool_05,1.0,mask_f5d21a1898de9318,7,1.1057552718524783
90417-0,atp_calibrated,candidate_pool_05,1.5,mask_de24099fc59a002a,4,1.2074452945103649
90417-0,atp_calibrated,candidate_pool_06,0.5,mask_f2b097d9ab973b9b,7,0.5485904169735631
90417-0,atp_calibrated,candidate_pool_06,1.0,mask_8a4903df460893e2,6,0.8692218404692493
90417-0,atp_calibrated,candidate_pool_06,1.5,mask_8a4903df460893e2,6,0.8692218404692493
90417-0,atp_calibrated,candidate_pool_07,0.5,mask_21e5e4333c6fc40a,6,0.5009364819812288
90417-0,atp_calibrated,candidate_pool_07,1.0,mask_83fe021aaca96bf0,5,1.2446492128076225
90417-0,atp_calibrated,candidate_pool_07,1.5,mask_d43daec0a2f27dc1,8,1.4148334003977203
90417-0,atp_calibrated,candidate_pool_08,0.5,mask_fc5299efb847cbc8,5,0.4561470045633502
90417-0,atp_calibrated,candidate_pool_08,1.0,mask_a842b06af7760b08,4,0.8026769447798172
90417-0,atp_calibrated,candidate_pool_08,1.5,mask_a842b06af7760b08,4,0.8026769447798172
90417-0,atp_calibrated,candidate_pool_09,0.5,mask_a3021efcfb81527e,5,0.3588226006349893
90417-0,atp_calibrated,candidate_pool_09,1.0,mask_6c66643ec3bf086c,6,1.136019621918222
90417-0,atp_calibrated,candidate_pool_09,1.5,mask_6c66643ec3bf086c,6,1.136019621918222
90417-1,additive,candidate_pool_00,0.5,mask_ffe0389c017216d1,4,0.477751792875968
90417-1,additive,candidate_pool_00,1.0,mask_bfa108de38e6d58f,6,0.7518464875681448
90417-1,additive,candidate_pool_00,1.5,mask_ff6985d2961f695d,9,1.5453619065466064
90417-1,additive,candidate_pool_01,0.5,mask_d4041af54a719d70,7,0.5487273195714926
90417-1,additive,candidate_pool_01,1.0,mask_76f706be2ab175f0,7,1.0021792697080043
90417-1,additive,candidate_pool_01,1.5,mask_3cd97f4a74d408b8,10,1.4595509609157087
90417-1,additive,candidate_pool_02,0.5,mask_318be3c54bb72e0d,6,0.40711524136596455
90417-1,additive,candidate_pool_02,1.0,mask_ab59149b00e47e01,7,1.0464985957091428
90417-1,additive,candidate_pool_02,1.5,mask_3c9ed4cc352cbb27,5,1.4893662557216079
90417-1,additive,candidate_pool_03,0.5,mask_4887f05639551759,6,0.5188714727032515
90417-1,additive,candidate_pool_03,1.0,mask_5b90a18db67578c0,5,1.0040282717129096
90417-1,additive,candidate_pool_03,1.5,mask_dc2e11f8d6ea9e67,6,1.4613844510156846
90417-1,additive,candidate_pool_04,0.5,mask_dc190fdfa9807171,10,0.46211492065059573
90417-1,additive,candidate_pool_04,1.0,mask_ff0a498847885133,7,0.9694423736439196
90417-1,additive,candidate_pool_04,1.5,mask_8b7737474604b389,8,1.770558365385378
90417-1,additive,candidate_pool_05,0.5,mask_0ea1a19911258943,4,0.3697037120172473
90417-1,additive,candidate_pool_05,1.0,mask_62191f28479b805a,7,0.9650863477182605
90417-1,additive,candidate_pool_05,1.5,mask_de24099fc59a002a,4,1.559830457626445
90417-1,additive,candidate_pool_06,0.5,mask_f2b097d9ab973b9b,7,0.5476077230765498
90417-1,additive,candidate_pool_06,1.0,mask_5bf7af84e459f7ba,10,1.0392574470614737
90417-1,additive,candidate_pool_06,1.5,mask_c22a533faf194bc5,7,1.4720306249545965
90417-1,additive,candidate_pool_07,0.5,mask_9401c6bc69ed4d22,10,0.6382524947376633
90417-1,additive,candidate_pool_07,1.0,mask_c4774bd021c06295,7,1.0121500239011099
90417-1,additive,candidate_pool_07,1.5,mask_83fe021aaca96bf0,5,1.5903515954734
90417-1,additive,candidate_pool_08,0.5,mask_3fd358a395ddfdd8,7,0.43190920978086905
90417-1,additive,candidate_pool_08,1.0,mask_1f36ab0e18336a51,6,1.0085527795510938
90417-1,additive,candidate_pool_08,1.5,mask_1ee94a6fab0d1183,8,1.4342502396092245
90417-1,additive,candidate_pool_09,0.5,mask_99b322f566a2bc85,6,0.6461492616747131
90417-1,additive,candidate_pool_09,1.0,mask_6000c95aa8146da6,7,1.0433518426074366
90417-1,additive,candidate_pool_09,1.5,mask_ea7ded36b0b6aa15,8,1.6035298263101987
90417-1,all_pairs,candidate_pool_00,0.5,mask_818493500a9903d5,10,0.41823431349582096
90417-1,all_pairs,candidate_pool_00,1.0,mask_714aefc72a94a0e9,5,0.9492095034936154
90417-1,all_pairs,candidate_pool_00,1.5,mask_ff6985d2961f695d,9,1.6737137402002253
90417-1,all_pairs,candidate_pool_01,0.5,mask_28f76a93a72310a5,4,0.5429530263225013
90417-1,all_pairs,candidate_pool_01,1.0,mask_76f706be2ab175f0,7,1.0983270632373374
90417-1,all_pairs,candidate_pool_01,1.5,mask_88feb37e4997bcb0,7,1.6180002556868143
90417-1,all_pairs,candidate_pool_02,0.5,mask_4069015a4c8c7628,4,0.5350640058333794
90417-1,all_pairs,candidate_pool_02,1.0,mask_d2f4c8c3a0e382c0,6,0.9304670765477957
90417-1,all_pairs,candidate_pool_02,1.5,mask_053a16108482e172,6,1.398993708608986
90417-1,all_pairs,candidate_pool_03,0.5,mask_a1eb01e7a7c4e9be,6,0.37647785156172037
90417-1,all_pairs,candidate_pool_03,1.0,mask_30716df5e75daa97,7,1.048213990652636
90417-1,all_pairs,candidate_pool_03,1.5,mask_0f1c886d2bd569f0,7,1.329111519690239
90417-1,all_pairs,candidate_pool_04,0.5,mask_d1786933297085c0,4,0.556223302038886
90417-1,all_pairs,candidate_pool_04,1.0,mask_7fb6ffeb6bd8fc1f,7,0.9933280780604722
90417-1,all_pairs,candidate_pool_04,1.5,mask_cafa56ef6c77bde9,10,1.5037071494737202
90417-1,all_pairs,candidate_pool_05,0.5,mask_1abd41f1a83adf2a,8,0.4527417896957268
90417-1,all_pairs,candidate_pool_05,1.0,mask_62191f28479b805a,7,1.0216616320237963
90417-1,all_pairs,candidate_pool_05,1.5,mask_f5d21a1898de9318,7,1.4022143274715635
90417-1,all_pairs,candidate_pool_06,0.5,mask_382e0bf880e4af69,5,0.5421724644691348
90417-1,all_pairs,candidate_pool_06,1.0,mask_e8682f72515acb06,9,0.9323727471919145
90417-1,all_pairs,candidate_pool_06,1.5,mask_c22a533faf194bc5,7,1.4425690414962293
90417-1,all_pairs,candidate_pool_07,0.5,mask_e28119cc1bd5501f,10,0.5582778585627793
90417-1,all_pairs,candidate_pool_07,1.0,mask_c4774bd021c06295,7,0.9624291946904243
90417-1,all_pairs,candidate_pool_07,1.5,mask_83fe021aaca96bf0,5,1.4524359566114602
90417-1,all_pairs,candidate_pool_08,0.5,mask_a842b06af7760b08,4,0.47065942787794124
90417-1,all_pairs,candidate_pool_08,1.0,mask_aebcbcf7f67000e0,9,0.9654505955113082
90417-1,all_pairs,candidate_pool_08,1.5,mask_03ced2f511e0a2f2,10,1.476285540063714
90417-1,all_pairs,candidate_pool_09,0.5,mask_c5654b277c578f3e,9,0.45159316103086894
90417-1,all_pairs,candidate_pool_09,1.0,mask_6000c95aa8146da6,7,1.0435799061361686
90417-1,all_pairs,candidate_pool_09,1.5,mask_6c66643ec3bf086c,6,1.466757597890105
90417-1,atp_raw,candidate_pool_00,0.5,mask_56ee0c60e1cde4b8,5,0.47712352015375303
90417-1,atp_raw,candidate_pool_00,1.0,mask_b611eb15c1cbe033,4,1.0416490481968257
90417-1,atp_raw,candidate_pool_00,1.5,mask_b55f4fdddb0ed7df,7,1.294221166798726
90417-1,atp_raw,candidate_pool_01,0.5,mask_3cd97f4a74d408b8,10,0.6062598381676969
90417-1,atp_raw,candidate_pool_01,1.0,mask_16dc2167f216f5a8,5,0.9100350832834128
90417-1,atp_raw,candidate_pool_01,1.5,mask_4d3f046ece5f8214,9,1.5630325103386684
90417-1,atp_raw,candidate_pool_02,0.5,mask_ab59149b00e47e01,7,0.5400777505314415
90417-1,atp_raw,candidate_pool_02,1.0,mask_4069015a4c8c7628,4,0.9706388369470123
90417-1,atp_raw,candidate_pool_02,1.5,mask_267196af5474f7ae,8,1.2960305921931532
90417-1,atp_raw,candidate_pool_03,0.5,mask_4887f05639551759,6,0.4254711640879828
90417-1,atp_raw,candidate_pool_03,1.0,mask_dc2e11f8d6ea9e67,6,1.200045424989088
90417-1,atp_raw,candidate_pool_03,1.5,mask_0f1c886d2bd569f0,7,1.5574993466750342
90417-1,atp_raw,candidate_pool_04,0.5,mask_5d6868f3c7cf99b3,6,0.4930138115701761
90417-1,atp_raw,candidate_pool_04,1.0,mask_8b7737474604b389,8,0.850861012380808
90417-1,atp_raw,candidate_pool_04,1.5,mask_6d2e3876c8f68db8,9,1.2646484714486894
90417-1,atp_raw,candidate_pool_05,0.5,mask_0ea1a19911258943,4,0.5527655828863065
90417-1,atp_raw,candidate_pool_05,1.0,mask_0ea1a19911258943,4,0.5527655828863065
90417-1,atp_raw,candidate_pool_05,1.5,mask_f5d21a1898de9318,7,1.471447988715459
90417-1,atp_raw,candidate_pool_06,0.5,mask_c22a533faf194bc5,7,0.5420705159046153
90417-1,atp_raw,candidate_pool_06,1.0,mask_8a4903df460893e2,6,1.0282321129727396
90417-1,atp_raw,candidate_pool_06,1.5,mask_8a4903df460893e2,6,1.0282321129727396
90417-1,atp_raw,candidate_pool_07,0.5,mask_c4774bd021c06295,7,0.34681804796700644
90417-1,atp_raw,candidate_pool_07,1.0,mask_21e5e4333c6fc40a,6,0.758056842682368
90417-1,atp_raw,candidate_pool_07,1.5,mask_73324c4014b4a4c2,4,1.5962876675531585
90417-1,atp_raw,candidate_pool_08,0.5,mask_331502b1b3b7fde3,6,0.5640240228199895
90417-1,atp_raw,candidate_pool_08,1.0,mask_a842b06af7760b08,4,0.9720479340064637
90417-1,atp_raw,candidate_pool_08,1.5,mask_a9f1de05a2b5cc89,7,1.0327266829454915
90417-1,atp_raw,candidate_pool_09,0.5,mask_2d90e84a12b72772,4,0.4915790490687212
90417-1,atp_raw,candidate_pool_09,1.0,mask_a3021efcfb81527e,5,0.5522279730413426
90417-1,atp_raw,candidate_pool_09,1.5,mask_6c66643ec3bf086c,6,1.4821645095696712
90417-1,atp_calibrated,candidate_pool_00,0.5,mask_bfa108de38e6d58f,6,0.46542306606930894
90417-1,atp_calibrated,candidate_pool_00,1.0,mask_714aefc72a94a0e9,5,0.9894838055216344
90417-1,atp_calibrated,candidate_pool_00,1.5,mask_153f1c2a9e066490,6,1.4921803413182755
90417-1,atp_calibrated,candidate_pool_01,0.5,mask_3cd97f4a74d408b8,10,0.5092928988392188
90417-1,atp_calibrated,candidate_pool_01,1.0,mask_d34cab07e9bf4ded,4,1.0113654023777991
90417-1,atp_calibrated,candidate_pool_01,1.5,mask_88feb37e4997bcb0,7,1.4308899783614313
90417-1,atp_calibrated,candidate_pool_02,0.5,mask_053a16108482e172,6,0.5198015444240337
90417-1,atp_calibrated,candidate_pool_02,1.0,mask_c7772d470875866f,4,0.9942625146897274
90417-1,atp_calibrated,candidate_pool_02,1.5,mask_267196af5474f7ae,8,1.0887397378610162
90417-1,atp_calibrated,candidate_pool_03,0.5,mask_aedb2c503c8eced2,5,0.6254167392345943
90417-1,atp_calibrated,candidate_pool_03,1.0,mask_dc2e11f8d6ea9e67,6,1.0081067139109725
90417-1,atp_calibrated,candidate_pool_03,1.5,mask_0f1c886d2bd569f0,7,1.3083884289707888
90417-1,atp_calibrated,candidate_pool_04,0.5,mask_93f84412f1b2de39,7,0.5782775522227488
90417-1,atp_calibrated,candidate_pool_04,1.0,mask_6d2e3876c8f68db8,9,1.0623769636189109
90417-1,atp_calibrated,candidate_pool_04,1.5,mask_6d2e3876c8f68db8,9,1.0623769636189109
90417-1,atp_calibrated,candidate_pool_05,0.5,mask_0ea1a19911258943,4,0.4643546683507125
90417-1,atp_calibrated,candidate_pool_05,1.0,mask_de24099fc59a002a,4,1.232676876955958
90417-1,atp_calibrated,candidate_pool_05,1.5,mask_f5d21a1898de9318,7,1.2361003722907735
90417-1,atp_calibrated,candidate_pool_06,0.5,mask_f2b097d9ab973b9b,7,0.5163692432142963
90417-1,atp_calibrated,candidate_pool_06,1.0,mask_8a4903df460893e2,6,0.8637737163625367
90417-1,atp_calibrated,candidate_pool_06,1.5,mask_8a4903df460893e2,6,0.8637737163625367
90417-1,atp_calibrated,candidate_pool_07,0.5,mask_21e5e4333c6fc40a,6,0.6368110545825363
90417-1,atp_calibrated,candidate_pool_07,1.0,mask_83fe021aaca96bf0,5,1.1725702360288013
90417-1,atp_calibrated,candidate_pool_07,1.5,mask_d43daec0a2f27dc1,8,1.498399325873354
90417-1,atp_calibrated,candidate_pool_08,0.5,mask_8dc1386ad4524dcb,5,0.47756653618207245
90417-1,atp_calibrated,candidate_pool_08,1.0,mask_a9f1de05a2b5cc89,7,0.8675494119081575
90417-1,atp_calibrated,candidate_pool_08,1.5,mask_a9f1de05a2b5cc89,7,0.8675494119081575
90417-1,atp_calibrated,candidate_pool_09,0.5,mask_a3021efcfb81527e,5,0.4639030453680428
90417-1,atp_calibrated,candidate_pool_09,1.0,mask_6c66643ec3bf086c,6,1.2451028620281903
90417-1,atp_calibrated,candidate_pool_09,1.5,mask_6c66643ec3bf086c,6,1.2451028620281903
90418-0,additive,candidate_pool_00,0.5,mask_56ee0c60e1cde4b8,5,0.4860581580336046
90418-0,additive,candidate_pool_00,1.0,mask_b611eb15c1cbe033,4,1.137246409458781
90418-0,additive,candidate_pool_00,1.5,mask_ff6985d2961f695d,9,1.5196622882561788
90418-0,additive,candidate_pool_01,0.5,mask_304d12adafdb81c3,6,0.48110988429024965
90418-0,additive,candidate_pool_01,1.0,mask_3507ab216f864cbe,4,1.0121386249193907
90418-0,additive,candidate_pool_01,1.5,mask_69b8a0bd055bae3b,8,1.553308919693729
90418-0,additive,candidate_pool_02,0.5,mask_c36034d7c9cf0b25,7,0.4211854112143903
90418-0,additive,candidate_pool_02,1.0,mask_ab59149b00e47e01,7,1.0134599345115785
90418-0,additive,candidate_pool_02,1.5,mask_3c9ed4cc352cbb27,5,1.4332168632033688
90418-0,additive,candidate_pool_03,0.5,mask_4887f05639551759,6,0.41628172804619873
90418-0,additive,candidate_pool_03,1.0,mask_30716df5e75daa97,7,1.0051159751047036
90418-0,additive,candidate_pool_03,1.5,mask_dc2e11f8d6ea9e67,6,1.420795455298439
90418-0,additive,candidate_pool_04,0.5,mask_8f5eca4cbcfcb5db,6,0.43467845977829717
90418-0,additive,candidate_pool_04,1.0,mask_ee5fb6904843b482,6,0.9604921374749815
90418-0,additive,candidate_pool_04,1.5,mask_6d2e3876c8f68db8,9,1.5978240596959863
90418-0,additive,candidate_pool_05,0.5,mask_0ea1a19911258943,4,0.40299270342560534
90418-0,additive,candidate_pool_05,1.0,mask_62191f28479b805a,7,0.9933571009521642
90418-0,additive,candidate_pool_05,1.5,mask_de24099fc59a002a,4,1.4851111500463063
90418-0,additive,candidate_pool_06,0.5,mask_8da4b6178fa2b73e,7,0.49352473360061044
90418-0,additive,candidate_pool_06,1.0,mask_ba28cb4fde59866a,9,0.9328144694492897
90418-0,additive,candidate_pool_06,1.5,mask_8a4903df460893e2,6,1.4785062602871597
90418-0,additive,candidate_pool_07,0.5,mask_9401c6bc69ed4d22,10,0.6066535193960079
90418-0,additive,candidate_pool_07,1.0,mask_c4774bd021c06295,7,1.0201144362662442
90418-0,additive,candidate_pool_07,1.5,mask_83fe021aaca96bf0,5,1.553588123995321
90418-0,additive,candidate_pool_08,0.5,mask_bda88699e1e7badf,7,0.5066642964650621
90418-0,additive,candidate_pool_08,1.0,mask_77740b198a0b3a94,6,0.9927011257943426
90418-0,additive,candidate_pool_08,1.5,mask_a9f1de05a2b5cc89,7,1.378364324827759
90418-0,additive,candidate_pool_09,0.5,mask_2d90e84a12b72772,4,0.5609810922710045
90418-0,additive,candidate_pool_09,1.0,mask_6000c95aa8146da6,7,0.9780380755856135
90418-0,additive,candidate_pool_09,1.5,mask_ea7ded36b0b6aa15,8,1.5178870607677644
90418-0,all_pairs,candidate_pool_00,0.5,mask_b611eb15c1cbe033,4,0.44405596414468546
90418-0,all_pairs,candidate_pool_00,1.0,mask_a096a397a7d70275,7,0.9498395770242221
90418-0,all_pairs,candidate_pool_00,1.5,mask_153f1c2a9e066490,6,1.5678630756859306
90418-0,all_pairs,candidate_pool_01,0.5,mask_d4041af54a719d70,7,0.49964361824154735
90418-0,all_pairs,candidate_pool_01,1.0,mask_76f706be2ab175f0,7,1.0507650597119453
90418-0,all_pairs,candidate_pool_01,1.5,mask_4d3f046ece5f8214,9,1.510098799937701
90418-0,all_pairs,candidate_pool_02,0.5,mask_c36034d7c9cf0b25,7,0.5449498428571025
90418-0,all_pairs,candidate_pool_02,1.0,mask_267196af5474f7ae,8,1.0595703868184205
90418-0,all_pairs,candidate_pool_02,1.5,mask_053a16108482e172,6,1.3383563669444571
90418-0,all_pairs,candidate_pool_03,0.5,mask_66e7ba4230023a63,10,0.49663250277189025
90418-0,all_pairs,candidate_pool_03,1.0,mask_30716df5e75daa97,7,0.9785440766739144
90418-0,all_pairs,candidate_pool_03,1.5,mask_0f1c886d2bd569f0,7,1.0752568184952471
90418-0,all_pairs,candidate_pool_04,0.5,mask_d1786933297085c0,4,0.5280515830213166
90418-0,all_pairs,candidate_pool_04,1.0,mask_7fb6ffeb6bd8fc1f,7,0.9616651556943242
90418-0,all_pairs,candidate_pool_04,1.5,mask_cafa56ef6c77bde9,10,1.4930139836966618
90418-0,all_pairs,candidate_pool_05,0.5,mask_22c097f7c153bb13,9,0.5993487300304254
90418-0,all_pairs,candidate_pool_05,1.0,mask_cf672502900b1ca1,10,1.0355600858124347
90418-0,all_pairs,candidate_pool_05,1.5,mask_290a3cb1caf906c3,10,1.4638918496195534
90418-0,all_pairs,candidate_pool_06,0.5,mask_8da4b6178fa2b73e,7,0.4630165040078305
90418-0,all_pairs,candidate_pool_06,1.0,mask_e8682f72515acb06,9,0.9440336728895593
90418-0,all_pairs,candidate_pool_06,1.5,mask_c22a533faf194bc5,7,1.3533295457936525
90418-0,all_pairs,candidate_pool_07,0.5,mask_6c3e3315afb6fb8c,4,0.5857608278964697
90418-0,all_pairs,candidate_pool_07,1.0,mask_c4774bd021c06295,7,0.9704634297965329
90418-0,all_pairs,candidate_pool_07,1.5,mask_83fe021aaca96bf0,5,1.4187970210111844
90418-0,all_pairs,candidate_pool_08,0.5,mask_bda88699e1e7badf,7,0.5145855423675877
90418-0,all_pairs,candidate_pool_08,1.0,mask_0483c7c3a82ced7e,6,0.9550831844976126
90418-0,all_pairs,candidate_pool_08,1.5,mask_1ee94a6fab0d1183,8,1.4576526703334518
90418-0,all_pairs,candidate_pool_09,0.5,mask_4be83a97da997236,8,0.5774942928858273
90418-0,all_pairs,candidate_pool_09,1.0,mask_6000c95aa8146da6,7,0.9781425848097303
90418-0,all_pairs,candidate_pool_09,1.5,mask_ea7ded36b0b6aa15,8,1.5271228956168326
90418-0,atp_raw,candidate_pool_00,0.5,mask_bfa108de38e6d58f,6,0.3988051568340581
90418-0,atp_raw,candidate_pool_00,1.0,mask_a096a397a7d70275,7,1.0410191856653372
90418-0,atp_raw,candidate_pool_00,1.5,mask_153f1c2a9e066490,6,1.7208742997517772
90418-0,atp_raw,candidate_pool_01,0.5,mask_3cd97f4a74d408b8,10,0.5918340139803202
90418-0,atp_raw,candidate_pool_01,1.0,mask_d34cab07e9bf4ded,4,1.2021781555650863
90418-0,atp_raw,candidate_pool_01,1.5,mask_261f2ebd1f8a4eaa,5,1.50150262658466
90418-0,atp_raw,candidate_pool_02,0.5,mask_ab59149b00e47e01,7,0.5350438420679055
90418-0,atp_raw,candidate_pool_02,1.0,mask_3c9ed4cc352cbb27,5,0.8917087850288724
90418-0,atp_raw,candidate_pool_02,1.5,mask_267196af5474f7ae,8,1.1460014075661697
90418-0,atp_raw,candidate_pool_03,0.5,mask_438eb8e7551c3dd4,4,0.40823236964277776
90418-0,atp_raw,candidate_pool_03,1.0,mask_dc2e11f8d6ea9e67,6,1.1396772461012004
90418-0,atp_raw,candidate_pool_03,1.5,mask_0f1c886d2bd569f0,7,1.3815380787276021
90418-0,atp_raw,candidate_pool_04,0.5,mask_5d6868f3c7cf99b3,6,0.4819196924914184
90418-0,atp_raw,candidate_pool_04,1.0,mask_6d2e3876c8f68db8,9,1.078600954456145
90418-0,atp_raw,candidate_pool_04,1.5,mask_6d2e3876c8f68db8,9,1.078600954456145
90418-0,atp_raw,candidate_pool_05,0.5,mask_0ea1a19911258943,4,0.5799749380379331
90418-0,atp_raw,candidate_pool_05,1.0,mask_f5d21a1898de9318,7,1.2990974374206772
90418-0,atp_raw,candidate_pool_05,1.5,mask_de24099fc59a002a,4,1.4146351976703633
90418-0,atp_raw,candidate_pool_06,0.5,mask_c22a533faf194bc5,7,0.47370337907626614
90418-0,atp_raw,candidate_pool_06,1.0,mask_8a4903df460893e2,6,0.9621528624648265
90418-0,atp_raw,candidate_pool_06,1.5,mask_8a4903df460893e2,6,0.9621528624648265
90418-0,atp_raw,candidate_pool_07,0.5,mask_21e5e4333c6fc40a,6,0.5803517367069917
90418-0,atp_raw,candidate_pool_07,1.0,mask_83fe021aaca96bf0,5,1.365651851565595
90418-0,atp_raw,candidate_pool_07,1.5,mask_73324c4014b4a4c2,4,1.4973781529960093
90418-0,atp_raw,candidate_pool_08,0.5,mask_8dc1386ad4524dcb,5,0.4675592588552947
90418-0,atp_raw,candidate_pool_08,1.0,mask_a842b06af7760b08,4,0.9419711848410466
90418-0,atp_raw,candidate_pool_08,1.5,mask_a842b06af7760b08,4,0.9419711848410466
90418-0,atp_raw,candidate_pool_09,0.5,mask_ea7ded36b0b6aa15,8,0.461706815205295
90418-0,atp_raw,candidate_pool_09,1.0,mask_6c66643ec3bf086c,6,1.4289604648491183
90418-0,atp_raw,candidate_pool_09,1.5,mask_6c66643ec3bf086c,6,1.4289604648491183
90418-0,atp_calibrated,candidate_pool_00,0.5,mask_ff6985d2961f695d,9,0.6332831137421934
90418-0,atp_calibrated,candidate_pool_00,1.0,mask_b55f4fdddb0ed7df,7,0.9744793583097853
90418-0,atp_calibrated,candidate_pool_00,1.5,mask_153f1c2a9e066490,6,1.4279736367890654
90418-0,atp_calibrated,candidate_pool_01,0.5,mask_3507ab216f864cbe,4,0.49908236561516933
90418-0,atp_calibrated,candidate_pool_01,1.0,mask_d34cab07e9bf4ded,4,0.9975619445988965
90418-0,atp_calibrated,candidate_pool_01,1.5,mask_c6f04107d7ae9b56,9,1.6407824378247633
90418-0,atp_calibrated,candidate_pool_02,0.5,mask_053a16108482e172,6,0.47643895219820487
90418-0,atp_calibrated,candidate_pool_02,1.0,mask_267196af5474f7ae,8,0.9509467356004433
90418-0,atp_calibrated,candidate_pool_02,1.5,mask_267196af5474f7ae,8,0.9509467356004433
90418-0,atp_calibrated,candidate_pool_03,0.5,mask_e3bfff07ca1cabef,9,0.5119826833669594
90418-0,atp_calibrated,candidate_pool_03,1.0,mask_dc2e11f8d6ea9e67,6,0.945698975291584
90418-0,atp_calibrated,candidate_pool_03,1.5,mask_0f1c886d2bd569f0,7,1.1463939899200035
90418-0,atp_calibrated,candidate_pool_04,0.5,mask_93f84412f1b2de39,7,0.4856114320676091
90418-0,atp_calibrated,candidate_pool_04,1.0,mask_6d2e3876c8f68db8,9,0.895018147345836
90418-0,atp_calibrated,candidate_pool_04,1.5,mask_6d2e3876c8f68db8,9,0.895018147345836
90418-0,atp_calibrated,candidate_pool_05,0.5,mask_0ea1a19911258943,4,0.48126055554202885
90418-0,atp_calibrated,candidate_pool_05,1.0,mask_f5d21a1898de9318,7,1.0779851221698995
90418-0,atp_calibrated,candidate_pool_05,1.5,mask_de24099fc59a002a,4,1.173857828104322
90418-0,atp_calibrated,candidate_pool_06,0.5,mask_f2b097d9ab973b9b,7,0.4970484369461951
90418-0,atp_calibrated,candidate_pool_06,1.0,mask_8a4903df460893e2,6,0.7983900522885874
90418-0,atp_calibrated,candidate_pool_06,1.5,mask_8a4903df460893e2,6,0.7983900522885874
90418-0,atp_calibrated,candidate_pool_07,0.5,mask_21e5e4333c6fc40a,6,0.48157322135723135
90418-0,atp_calibrated,candidate_pool_07,1.0,mask_83fe021aaca96bf0,5,1.1332116711540945
90418-0,atp_calibrated,candidate_pool_07,1.5,mask_66a1456a9ed6a190,9,1.6224067851531732
90418-0,atp_calibrated,candidate_pool_08,0.5,mask_331502b1b3b7fde3,6,0.45492646495819344
90418-0,atp_calibrated,candidate_pool_08,1.0,mask_a842b06af7760b08,4,0.7816433883416098
90418-0,atp_calibrated,candidate_pool_08,1.5,mask_a842b06af7760b08,4,0.7816433883416098
90418-0,atp_calibrated,candidate_pool_09,0.5,mask_ea7ded36b0b6aa15,8,0.3831222072025259
90418-0,atp_calibrated,candidate_pool_09,1.0,mask_6c66643ec3bf086c,6,1.1857448694031387
90418-0,atp_calibrated,candidate_pool_09,1.5,mask_6c66643ec3bf086c,6,1.1857448694031387
90418-1,additive,candidate_pool_00,0.5,mask_7c8b926f287bec49,4,0.46162556396613985
90418-1,additive,candidate_pool_00,1.0,mask_b611eb15c1cbe033,4,1.163722843054362
90418-1,additive,candidate_pool_00,1.5,mask_ff6985d2961f695d,9,1.4676813579299746
90418-1,additive,candidate_pool_01,0.5,mask_d4041af54a719d70,7,0.5345580997653192
90418-1,additive,candidate_pool_01,1.0,mask_16dc2167f216f5a8,5,0.9947592031670759
90418-1,additive,candidate_pool_01,1.5,mask_69b8a0bd055bae3b,8,1.3918769199725878
90418-1,additive,candidate_pool_02,0.5,mask_a0046e43df20ac57,5,0.498928245133177
90418-1,additive,candidate_pool_02,1.0,mask_4069015a4c8c7628,4,1.033021382303396
90418-1,additive,candidate_pool_02,1.5,mask_3c9ed4cc352cbb27,5,1.439039344481835
90418-1,additive,candidate_pool_03,0.5,mask_aedb2c503c8eced2,5,0.5166575484663365
90418-1,additive,candidate_pool_03,1.0,mask_30716df5e75daa97,7,0.9093305821487633
90418-1,additive,candidate_pool_03,1.5,mask_dc2e11f8d6ea9e67,6,1.4260537603733958
90418-1,additive,candidate_pool_04,0.5,mask_d1786933297085c0,4,0.5228118292994322
90418-1,additive,candidate_pool_04,1.0,mask_5d6868f3c7cf99b3,6,0.8945220529439321
90418-1,additive,candidate_pool_04,1.5,mask_8b7737474604b389,8,1.6886548885407662
90418-1,additive,candidate_pool_05,0.5,mask_ae737f6731edb34d,7,0.604584369925786
90418-1,additive,candidate_pool_05,1.0,mask_111b2c86496d6209,10,0.8935741554967236
90418-1,additive,candidate_pool_05,1.5,mask_de24099fc59a002a,4,1.4408187486293413
90418-1,additive,candidate_pool_06,0.5,mask_8da4b6178fa2b73e,7,0.4781744595619329
90418-1,additive,candidate_pool_06,1.0,mask_f16ce08b0ff70796,6,1.0018647574340127
90418-1,additive,candidate_pool_06,1.5,mask_8a4903df460893e2,6,1.527676384971807
90418-1,additive,candidate_pool_07,0.5,mask_6c3e3315afb6fb8c,4,0.540992665394171
90418-1,additive,candidate_pool_07,1.0,mask_2261c8e54842bff6,8,0.921171746285254
90418-1,additive,candidate_pool_07,1.5,mask_83fe021aaca96bf0,5,1.6555856073233028
90418-1,additive,candidate_pool_08,0.5,mask_bda88699e1e7badf,7,0.5096981166059735
90418-1,additive,candidate_pool_08,1.0,mask_03ced2f511e0a2f2,10,0.9764330281897755
90418-1,additive,candidate_pool_08,1.5,mask_a9f1de05a2b5cc89,7,1.448910387500626
90418-1,additive,candidate_pool_09,0.5,mask_99b322f566a2bc85,6,0.503755290656374
90418-1,additive,candidate_pool_09,1.0,mask_6000c95aa8146da6,7,0.9041526619826169
90418-1,additive,candidate_pool_09,1.5,mask_ea7ded36b0b6aa15,8,1.4789469963385131
90418-1,all_pairs,candidate_pool_00,0.5,mask_b611eb15c1cbe033,4,0.4532393999518007
90418-1,all_pairs,candidate_pool_00,1.0,mask_a096a397a7d70275,7,1.017143336021025
90418-1,all_pairs,candidate_pool_00,1.5,mask_153f1c2a9e066490,6,1.5603373220612946
90418-1,all_pairs,candidate_pool_01,0.5,mask_28f76a93a72310a5,4,0.5127583604867018
90418-1,all_pairs,candidate_pool_01,1.0,mask_625dbe9e05728352,8,0.9715804110342232
90418-1,all_pairs,candidate_pool_01,1.5,mask_88feb37e4997bcb0,7,1.5104468785209355
90418-1,all_pairs,candidate_pool_02,0.5,mask_a0046e43df20ac57,5,0.462910398646899
90418-1,all_pairs,candidate_pool_02,1.0,mask_267196af5474f7ae,8,1.0101219564553556
90418-1,all_pairs,candidate_pool_02,1.5,mask_8539d49577e1ed9d,9,1.6536377913404139
90418-1,all_pairs,candidate_pool_03,0.5,mask_8e19964bc0ea5bd6,8,0.5349283653769594
90418-1,all_pairs,candidate_pool_03,1.0,mask_30716df5e75daa97,7,0.8773185027285382
90418-1,all_pairs,candidate_pool_03,1.5,mask_0f1c886d2bd569f0,7,1.2130516087513756
90418-1,all_pairs,candidate_pool_04,0.5,mask_8eaaf64cc1220873,7,0.5129282511833554
90418-1,all_pairs,candidate_pool_04,1.0,mask_7fb6ffeb6bd8fc1f,7,1.053298369788162
90418-1,all_pairs,candidate_pool_04,1.5,mask_8b7737474604b389,8,1.6654841387730002
90418-1,all_pairs,candidate_pool_05,0.5,mask_ae737f6731edb34d,7,0.6241651812759202
90418-1,all_pairs,candidate_pool_05,1.0,mask_cf672502900b1ca1,10,0.9206300738187922
90418-1,all_pairs,candidate_pool_05,1.5,mask_290a3cb1caf906c3,10,1.552426340616167
90418-1,all_pairs,candidate_pool_06,0.5,mask_0cbfd8c3e3987d54,5,0.5271726814430544
90418-1,all_pairs,candidate_pool_06,1.0,mask_f16ce08b0ff70796,6,0.9830729283406076
90418-1,all_pairs,candidate_pool_06,1.5,mask_c22a533faf194bc5,7,1.2859507025906625
90418-1,all_pairs,candidate_pool_07,0.5,mask_21e5e4333c6fc40a,6,0.46094816588116827
90418-1,all_pairs,candidate_pool_07,1.0,mask_2261c8e54842bff6,8,0.9811820140333519
90418-1,all_pairs,candidate_pool_07,1.5,mask_83fe021aaca96bf0,5,1.49729222901572
90418-1,all_pairs,candidate_pool_08,0.5,mask_bda88699e1e7badf,7,0.5190452901667003
90418-1,all_pairs,candidate_pool_08,1.0,mask_331502b1b3b7fde3,6,1.003864508355455
90418-1,all_pairs,candidate_pool_08,1.5,mask_1ee94a6fab0d1183,8,1.3628760497855024
90418-1,all_pairs,candidate_pool_09,0.5,mask_99b322f566a2bc85,6,0.45872744555894096
90418-1,all_pairs,candidate_pool_09,1.0,mask_6000c95aa8146da6,7,0.9004358810901908
90418-1,all_pairs,candidate_pool_09,1.5,mask_ea7ded36b0b6aa15,8,1.4815468618218757
90418-1,atp_raw,candidate_pool_00,0.5,mask_56ee0c60e1cde4b8,5,0.46339093315829
90418-1,atp_raw,candidate_pool_00,1.0,mask_b611eb15c1cbe033,4,1.0413951222060456
90418-1,atp_raw,candidate_pool_00,1.5,mask_a096a397a7d70275,7,1.2674388921560926
90418-1,atp_raw,candidate_pool_01,0.5,mask_3cd97f4a74d408b8,10,0.5360953183637726
90418-1,atp_raw,candidate_pool_01,1.0,mask_16dc2167f216f5a8,5,0.985058119536067
90418-1,atp_raw,candidate_pool_01,1.5,mask_261f2ebd1f8a4eaa,5,1.55530537490526
90418-1,atp_raw,candidate_pool_02,0.5,mask_ab59149b00e47e01,7,0.4574093276738292
90418-1,atp_raw,candidate_pool_02,1.0,mask_3c9ed4cc352cbb27,5,0.9559054905083031
90418-1,atp_raw,candidate_pool_02,1.5,mask_267196af5474f7ae,8,1.2486256189747817
90418-1,atp_raw,candidate_pool_03,0.5,mask_5b90a18db67578c0,5,0.3450799984288298
90418-1,atp_raw,candidate_pool_03,1.0,mask_e3bfff07ca1cabef,9,0.8384166892307501
90418-1,atp_raw,candidate_pool_03,1.5,mask_0f1c886d2bd569f0,7,1.5976412508998894
90418-1,atp_raw,candidate_pool_04,0.5,mask_7fb6ffeb6bd8fc1f,7,0.43708959987076623
90418-1,atp_raw,candidate_pool_04,1.0,mask_ee5fb6904843b482,6,0.9382603519130499
90418-1,atp_raw,candidate_pool_04,1.5,mask_6d2e3876c8f68db8,9,1.4270631337434883
90418-1,atp_raw,candidate_pool_05,0.5,mask_290a3cb1caf906c3,10,0.43490000039132126
90418-1,atp_raw,candidate_pool_05,1.0,mask_de24099fc59a002a,4,1.4622983335465607
90418-1,atp_raw,candidate_pool_05,1.5,mask_f5d21a1898de9318,7,1.4683927746386165
90418-1,atp_raw,candidate_pool_06,0.5,mask_c22a533faf194bc5,7,0.4576492563666157
90418-1,atp_raw,candidate_pool_06,1.0,mask_8a4903df460893e2,6,1.0870480929346134
90418-1,atp_raw,candidate_pool_06,1.5,mask_8a4903df460893e2,6,1.0870480929346134
90418-1,atp_raw,candidate_pool_07,0.5,mask_c4774bd021c06295,7,0.28727796467331546
90418-1,atp_raw,candidate_pool_07,1.0,mask_21e5e4333c6fc40a,6,0.7700010038808816
90418-1,atp_raw,candidate_pool_07,1.5,mask_83fe021aaca96bf0,5,1.4903158839792012
90418-1,atp_raw,candidate_pool_08,0.5,mask_331502b1b3b7fde3,6,0.5298393779641224
90418-1,atp_raw,candidate_pool_08,1.0,mask_a842b06af7760b08,4,0.966754571436387
90418-1,atp_raw,candidate_pool_08,1.5,mask_a9f1de05a2b5cc89,7,1.0352624710649252
90418-1,atp_raw,candidate_pool_09,0.5,mask_2d90e84a12b72772,4,0.47887210196091057
90418-1,atp_raw,candidate_pool_09,1.0,mask_6c66643ec3bf086c,6,1.3708308500392985
90418-1,atp_raw,candidate_pool_09,1.5,mask_6c66643ec3bf086c,6,1.3708308500392985
90418-1,atp_calibrated,candidate_pool_00,0.5,mask_bfa108de38e6d58f,6,0.5155637524262521
90418-1,atp_calibrated,candidate_pool_00,1.0,mask_714aefc72a94a0e9,5,1.030675646004964
90418-1,atp_calibrated,candidate_pool_00,1.5,mask_153f1c2a9e066490,6,1.5128144802520074
90418-1,atp_calibrated,candidate_pool_01,0.5,mask_3cd97f4a74d408b8,10,0.4648876765580588
90418-1,atp_calibrated,candidate_pool_01,1.0,mask_d34cab07e9bf4ded,4,1.0551510780466393
90418-1,atp_calibrated,candidate_pool_01,1.5,mask_88feb37e4997bcb0,7,1.490158455971921
90418-1,atp_calibrated,candidate_pool_02,0.5,mask_053a16108482e172,6,0.5175453311352809
90418-1,atp_calibrated,candidate_pool_02,1.0,mask_c7772d470875866f,4,1.039681236483723
90418-1,atp_calibrated,candidate_pool_02,1.5,mask_267196af5474f7ae,8,1.082775101763098
90418-1,atp_calibrated,candidate_pool_03,0.5,mask_5b90a18db67578c0,5,0.2992442448217397
90418-1,atp_calibrated,candidate_pool_03,1.0,mask_dc2e11f8d6ea9e67,6,1.086316400598459
90418-1,atp_calibrated,candidate_pool_03,1.5,mask_0f1c886d2bd569f0,7,1.3854322238273642
90418-1,atp_calibrated,candidate_pool_04,0.5,mask_93f84412f1b2de39,7,0.5986058280974985
90418-1,atp_calibrated,candidate_pool_04,1.0,mask_ee5fb6904843b482,6,0.8136345535318151
90418-1,atp_calibrated,candidate_pool_04,1.5,mask_6d2e3876c8f68db8,9,1.2375113936314956
90418-1,atp_calibrated,candidate_pool_05,0.5,mask_290a3cb1caf906c3,10,0.37713377414691257
90418-1,atp_calibrated,candidate_pool_05,1.0,mask_de24099fc59a002a,4,1.2680664266795445
90418-1,atp_calibrated,candidate_pool_05,1.5,mask_f5d21a1898de9318,7,1.273351364753343
90418-1,atp_calibrated,candidate_pool_06,0.5,mask_f2b097d9ab973b9b,7,0.5720054487089812
90418-1,atp_calibrated,candidate_pool_06,1.0,mask_8a4903df460893e2,6,0.9426593460536948
90418-1,atp_calibrated,candidate_pool_06,1.5,mask_8a4903df460893e2,6,0.9426593460536948
90418-1,atp_calibrated,candidate_pool_07,0.5,mask_21e5e4333c6fc40a,6,0.6677244985725765
90418-1,atp_calibrated,candidate_pool_07,1.0,mask_83fe021aaca96bf0,5,1.29236250515162
90418-1,atp_calibrated,candidate_pool_07,1.5,mask_d43daec0a2f27dc1,8,1.5932337245671837
90418-1,atp_calibrated,candidate_pool_08,0.5,mask_8dc1386ad4524dcb,5,0.5289886124250663
90418-1,atp_calibrated,candidate_pool_08,1.0,mask_a9f1de05a2b5cc89,7,0.8977522248656349
90418-1,atp_calibrated,candidate_pool_08,1.5,mask_a9f1de05a2b5cc89,7,0.8977522248656349
90418-1,atp_calibrated,candidate_pool_09,0.5,mask_a3021efcfb81527e,5,0.4753928393956737
90418-1,atp_calibrated,candidate_pool_09,1.0,mask_6c66643ec3bf086c,6,1.1887482449463291
90418-1,atp_calibrated,candidate_pool_09,1.5,mask_6c66643ec3bf086c,6,1.1887482449463291
90419-0,additive,candidate_pool_00,0.5,mask_56ee0c60e1cde4b8,5,0.5369760283219214
90419-0,additive,candidate_pool_00,1.0,mask_b611eb15c1cbe033,4,1.072152811882858
90419-0,additive,candidate_pool_00,1.5,mask_714aefc72a94a0e9,5,1.5837310363149026
90419-0,additive,candidate_pool_01,0.5,mask_625dbe9e05728352,8,0.5998535985352764
90419-0,additive,candidate_pool_01,1.0,mask_3507ab216f864cbe,4,1.0230065760222244
90419-0,additive,candidate_pool_01,1.5,mask_69b8a0bd055bae3b,8,1.441792478801764
90419-0,additive,candidate_pool_02,0.5,mask_a0046e43df20ac57,5,0.538823480900499
90419-0,additive,candidate_pool_02,1.0,mask_6a56eb1c10f15cf8,7,0.9667336232757792
90419-0,additive,candidate_pool_02,1.5,mask_c7772d470875866f,4,1.4389393508705883
90419-0,additive,candidate_pool_03,0.5,mask_8e19964bc0ea5bd6,8,0.4868881002669488
90419-0,additive,candidate_pool_03,1.0,mask_e3bfff07ca1cabef,9,1.1240933814733785
90419-0,additive,candidate_pool_03,1.5,mask_dc2e11f8d6ea9e67,6,1.4612901585347084
90419-0,additive,candidate_pool_04,0.5,mask_8eaaf64cc1220873,7,0.4922860889680339
90419-0,additive,candidate_pool_04,1.0,mask_5d6868f3c7cf99b3,6,0.9341129464879365
90419-0,additive,candidate_pool_04,1.5,mask_8b7737474604b389,8,1.6108321530554954
90419-0,additive,candidate_pool_05,0.5,mask_ae737f6731edb34d,7,0.4346606929215105
90419-0,additive,candidate_pool_05,1.0,mask_290a3cb1caf906c3,10,1.1288436905498505
90419-0,additive,candidate_pool_05,1.5,mask_de24099fc59a002a,4,1.4115691055020143
90419-0,additive,candidate_pool_06,0.5,mask_0cbfd8c3e3987d54,5,0.4652802007277766
90419-0,additive,candidate_pool_06,1.0,mask_f16ce08b0ff70796,6,1.0086621956841282
90419-0,additive,candidate_pool_06,1.5,mask_8a4903df460893e2,6,1.4813204724141564
90419-0,additive,candidate_pool_07,0.5,mask_9401c6bc69ed4d22,10,0.3889805803735312
90419-0,additive,candidate_pool_07,1.0,mask_21e5e4333c6fc40a,6,1.1707011179644335
90419-0,additive,candidate_pool_07,1.5,mask_83fe021aaca96bf0,5,1.5537928949436437
90419-0,additive,candidate_pool_08,0.5,mask_bda88699e1e7badf,7,0.4935157260026392
90419-0,additive,candidate_pool_08,1.0,mask_331502b1b3b7fde3,6,1.050720688144296
90419-0,additive,candidate_pool_08,1.5,mask_a9f1de05a2b5cc89,7,1.292777638616311
90419-0,additive,candidate_pool_09,0.5,mask_c3f11a7d9ebab23d,6,0.5440507711255855
90419-0,additive,candidate_pool_09,1.0,mask_6000c95aa8146da6,7,0.8766690446717902
90419-0,additive,candidate_pool_09,1.5,mask_ea7ded36b0b6aa15,8,1.3937863926579428
90419-0,all_pairs,candidate_pool_00,0.5,mask_ffe0389c017216d1,4,0.5462827993702619
90419-0,all_pairs,candidate_pool_00,1.0,mask_b55f4fdddb0ed7df,7,1.026175379328388
90419-0,all_pairs,candidate_pool_00,1.5,mask_ff6985d2961f695d,9,1.4817029694459198
90419-0,all_pairs,candidate_pool_01,0.5,mask_28f76a93a72310a5,4,0.5301119269760941
90419-0,all_pairs,candidate_pool_01,1.0,mask_76f706be2ab175f0,7,0.9521013191752736
90419-0,all_pairs,candidate_pool_01,1.5,mask_3cd97f4a74d408b8,10,1.499390797478647
90419-0,all_pairs,candidate_pool_02,0.5,mask_a0046e43df20ac57,5,0.5221202448340736
90419-0,all_pairs,candidate_pool_02,1.0,mask_267196af5474f7ae,8,0.9832673451538462
90419-0,all_pairs,candidate_pool_02,1.5,mask_8539d49577e1ed9d,9,1.6775960382748578
90419-0,all_pairs,candidate_pool_03,0.5,mask_ef5c55a63fd9a61d,10,0.4810556567337806
90419-0,all_pairs,candidate_pool_03,1.0,mask_0f1c886d2bd569f0,7,0.9971843745679313
90419-0,all_pairs,candidate_pool_03,1.5,mask_0f1c886d2bd569f0,7,0.9971843745679313
90419-0,all_pairs,candidate_pool_04,0.5,mask_8eaaf64cc1220873,7,0.440811208130931
90419-0,all_pairs,candidate_pool_04,1.0,mask_5d6868f3c7cf99b3,6,0.9344134911425465
90419-0,all_pairs,candidate_pool_04,1.5,mask_8b7737474604b389,8,1.570366619379168
90419-0,all_pairs,candidate_pool_05,0.5,mask_ae737f6731edb34d,7,0.4414924502629268
90419-0,all_pairs,candidate_pool_05,1.0,mask_111b2c86496d6209,10,0.9903581170055702
90419-0,all_pairs,candidate_pool_05,1.5,mask_290a3cb1caf906c3,10,1.3318609341722647
90419-0,all_pairs,candidate_pool_06,0.5,mask_0cbfd8c3e3987d54,5,0.45475413955279664
90419-0,all_pairs,candidate_pool_06,1.0,mask_f16ce08b0ff70796,6,1.004905002275199
90419-0,all_pairs,candidate_pool_06,1.5,mask_c22a533faf194bc5,7,1.2012017183566686
90419-0,all_pairs,candidate_pool_07,0.5,mask_6c3e3315afb6fb8c,4,0.4558156473630218
90419-0,all_pairs,candidate_pool_07,1.0,mask_9401c6bc69ed4d22,10,1.0873913080677173
90419-0,all_pairs,candidate_pool_07,1.5,mask_d43daec0a2f27dc1,8,1.5493951392426888
90419-0,all_pairs,candidate_pool_08,0.5,mask_bda88699e1e7badf,7,0.48972731683879733
90419-0,all_pairs,candidate_pool_08,1.0,mask_0483c7c3a82ced7e,6,1.0149757557856744
90419-0,all_pairs,candidate_pool_08,1.5,mask_1ee94a6fab0d1183,8,1.359058757627364
90419-0,all_pairs,candidate_pool_09,0.5,mask_99b322f566a2bc85,6,0.5288232486316093
90419-0,all_pairs,candidate_pool_09,1.0,mask_6000c95aa8146da6,7,0.8600196835394421
90419-0,all_pairs,candidate_pool_09,1.5,mask_527fb4485b283af0,10,1.4079547642091894
90419-0,atp_raw,candidate_pool_00,0.5,mask_56ee0c60e1cde4b8,5,0.5206103471219136
90419-0,atp_raw,candidate_pool_00,1.0,mask_b611eb15c1cbe033,4,0.9774497685063145
90419-0,atp_raw,candidate_pool_00,1.5,mask_714aefc72a94a0e9,5,1.2634794878591176
90419-0,atp_raw,candidate_pool_01,0.5,mask_3cd97f4a74d408b8,10,0.5472932278593678
90419-0,atp_raw,candidate_pool_01,1.0,mask_16dc2167f216f5a8,5,0.9325707577644726
90419-0,atp_raw,candidate_pool_01,1.5,mask_4d3f046ece5f8214,9,1.465884477876977
90419-0,atp_raw,candidate_pool_02,0.5,mask_ab59149b00e47e01,7,0.552530684741214
90419-0,atp_raw,candidate_pool_02,1.0,mask_3c9ed4cc352cbb27,5,1.0170996254917397
90419-0,atp_raw,candidate_pool_02,1.5,mask_c7772d470875866f,4,1.303104746044087
90419-0,atp_raw,candidate_pool_03,0.5,mask_5b90a18db67578c0,5,0.3723548048520057
90419-0,atp_raw,candidate_pool_03,1.0,mask_e3bfff07ca1cabef,9,0.8091079337350295
90419-0,atp_raw,candidate_pool_03,1.5,mask_0f1c886d2bd569f0,7,1.4990235805946768
90419-0,atp_raw,candidate_pool_04,0.5,mask_5d6868f3c7cf99b3,6,0.479009337495486
90419-0,atp_raw,candidate_pool_04,1.0,mask_8b7737474604b389,8,0.8184740421989849
90419-0,atp_raw,candidate_pool_04,1.5,mask_6d2e3876c8f68db8,9,1.2577158693659485
90419-0,atp_raw,candidate_pool_05,0.5,mask_0ea1a19911258943,4,0.5031211237706568
90419-0,atp_raw,candidate_pool_05,1.0,mask_f5d21a1898de9318,7,1.412619325732205
90419-0,atp_raw,candidate_pool_05,1.5,mask_de24099fc59a002a,4,1.4529388663004679
90419-0,atp_raw,candidate_pool_06,0.5,mask_c22a533faf194bc5,7,0.47603160429887637
90419-0,atp_raw,candidate_pool_06,1.0,mask_25276dd47f8ef77c,4,1.01690519348536
90419-0,atp_raw,candidate_pool_06,1.5,mask_8a4903df460893e2,6,1.0979301664046943
90419-0,atp_raw,candidate_pool_07,0.5,mask_c4774bd021c06295,7,0.27940847180561024
90419-0,atp_raw,candidate_pool_07,1.0,mask_21e5e4333c6fc40a,6,0.7792445109124579
90419-0,atp_raw,candidate_pool_07,1.5,mask_83fe021aaca96bf0,5,1.4599394151667617
90419-0,atp_raw,candidate_pool_08,0.5,mask_1ee94a6fab0d1183,8,0.4405651757918785
90419-0,atp_raw,candidate_pool_08,1.0,mask_a842b06af7760b08,4,1.05355271847372
90419-0,atp_raw,candidate_pool_08,1.5,mask_a842b06af7760b08,4,1.05355271847372
90419-0,atp_raw,candidate_pool_09,0.5,mask_ea7ded36b0b6aa15,8,0.47045789034935925
90419-0,atp_raw,candidate_pool_09,1.0,mask_a3021efcfb81527e,5,0.5693177415270602
90419-0,atp_raw,candidate_pool_09,1.5,mask_6c66643ec3bf086c,6,1.4629022172176402
90419-0,atp_calibrated,candidate_pool_00,0.5,mask_bfa108de38e6d58f,6,0.5196103443174546
90419-0,atp_calibrated,candidate_pool_00,1.0,mask_a096a397a7d70275,7,1.0134537493413884
90419-0,atp_calibrated,candidate_pool_00,1.5,mask_153f1c2a9e066490,6,1.5835288853046432
90419-0,atp_calibrated,candidate_pool_01,0.5,mask_3cd97f4a74d408b8,10,0.47282987942471
90419-0,atp_calibrated,candidate_pool_01,1.0,mask_d34cab07e9bf4ded,4,1.136226605588111
90419-0,atp_calibrated,candidate_pool_01,1.5,mask_88feb37e4997bcb0,7,1.4464395078736387
90419-0,atp_calibrated,candidate_pool_02,0.5,mask_8539d49577e1ed9d,9,0.4950177946983476
90419-0,atp_calibrated,candidate_pool_02,1.0,mask_267196af5474f7ae,8,1.0992824098444183
90419-0,atp_calibrated,candidate_pool_02,1.5,mask_c7772d470875866f,4,1.1258075718563756
90419-0,atp_calibrated,candidate_pool_03,0.5,mask_aedb2c503c8eced2,5,0.6642561142797615
90419-0,atp_calibrated,candidate_pool_03,1.0,mask_dc2e11f8d6ea9e67,6,1.1297452124716327
90419-0,atp_calibrated,candidate_pool_03,1.5,mask_0f1c886d2bd569f0,7,1.2950701795446051
90419-0,atp_calibrated,candidate_pool_04,0.5,mask_93f84412f1b2de39,7,0.468905577475691
90419-0,atp_calibrated,candidate_pool_04,1.0,mask_6d2e3876c8f68db8,9,1.0865941922739373
90419-0,atp_calibrated,candidate_pool_04,1.5,mask_6d2e3876c8f68db8,9,1.0865941922739373
90419-0,atp_calibrated,candidate_pool_05,0.5,mask_0ea1a19911258943,4,0.43466772139492377
90419-0,atp_calibrated,candidate_pool_05,1.0,mask_f5d21a1898de9318,7,1.2204218716015323
90419-0,atp_calibrated,candidate_pool_05,1.5,mask_de24099fc59a002a,4,1.2552556362726532
90419-0,atp_calibrated,candidate_pool_06,0.5,mask_72750b59b18d6c0c,4,0.46134572930987156
90419-0,atp_calibrated,candidate_pool_06,1.0,mask_8a4903df460893e2,6,0.9485485326182034
90419-0,atp_calibrated,candidate_pool_06,1.5,mask_8a4903df460893e2,6,0.9485485326182034
90419-0,atp_calibrated,candidate_pool_07,0.5,mask_21e5e4333c6fc40a,6,0.6732224507477028
90419-0,atp_calibrated,candidate_pool_07,1.0,mask_83fe021aaca96bf0,5,1.2613037079604819
90419-0,atp_calibrated,candidate_pool_07,1.5,mask_d43daec0a2f27dc1,8,1.4868538712034112
90419-0,atp_calibrated,candidate_pool_08,0.5,mask_331502b1b3b7fde3,6,0.4912254007631023
90419-0,atp_calibrated,candidate_pool_08,1.0,mask_a842b06af7760b08,4,0.9102089693160045
90419-0,atp_calibrated,candidate_pool_08,1.5,mask_a842b06af7760b08,4,0.9102089693160045
90419-0,atp_calibrated,candidate_pool_09,0.5,mask_a3021efcfb81527e,5,0.4918577928206323
90419-0,atp_calibrated,candidate_pool_09,1.0,mask_6c66643ec3bf086c,6,1.2638633985708618
90419-0,atp_calibrated,candidate_pool_09,1.5,mask_6c66643ec3bf086c,6,1.2638633985708618
90419-1,additive,candidate_pool_00,0.5,mask_ffe0389c017216d1,4,0.5055669566508785
90419-1,additive,candidate_pool_00,1.0,mask_b611eb15c1cbe033,4,1.2209613094646525
90419-1,additive,candidate_pool_00,1.5,mask_714aefc72a94a0e9,5,1.5477866068835282
90419-1,additive,candidate_pool_01,0.5,mask_304d12adafdb81c3,6,0.49351994950563144
90419-1,additive,candidate_pool_01,1.0,mask_f78efa18c25e46d0,5,1.0252699022381324
90419-1,additive,candidate_pool_01,1.5,mask_69b8a0bd055bae3b,8,1.5106152455653097
90419-1,additive,candidate_pool_02,0.5,mask_c36034d7c9cf0b25,7,0.4622635434861681
90419-1,additive,candidate_pool_02,1.0,mask_6a56eb1c10f15cf8,7,0.9604142908499678
90419-1,additive,candidate_pool_02,1.5,mask_3c9ed4cc352cbb27,5,1.4337563634511068
90419-1,additive,candidate_pool_03,0.5,mask_aedb2c503c8eced2,5,0.46701144243051784
90419-1,additive,candidate_pool_03,1.0,mask_30716df5e75daa97,7,1.041362971572683
90419-1,additive,candidate_pool_03,1.5,mask_dc2e11f8d6ea9e67,6,1.3882728028885323
90419-1,additive,candidate_pool_04,0.5,mask_8f5eca4cbcfcb5db,6,0.5236792158961863
90419-1,additive,candidate_pool_04,1.0,mask_5d6868f3c7cf99b3,6,1.0201952504493974
90419-1,additive,candidate_pool_04,1.5,mask_ee5fb6904843b482,6,1.1959992398779205
90419-1,additive,candidate_pool_05,0.5,mask_cf672502900b1ca1,10,0.42078389852177583
90419-1,additive,candidate_pool_05,1.0,mask_111b2c86496d6209,10,0.9368659391277468
90419-1,additive,candidate_pool_05,1.5,mask_de24099fc59a002a,4,1.5129066697517861
90419-1,additive,candidate_pool_06,0.5,mask_8da4b6178fa2b73e,7,0.5897353204271896
90419-1,additive,candidate_pool_06,1.0,mask_5bf7af84e459f7ba,10,0.9813765790454106
90419-1,additive,candidate_pool_06,1.5,mask_8a4903df460893e2,6,1.5201702973465054
90419-1,additive,candidate_pool_07,0.5,mask_9401c6bc69ed4d22,10,0.5628942688316405
90419-1,additive,candidate_pool_07,1.0,mask_c4774bd021c06295,7,1.029141200701424
90419-1,additive,candidate_pool_07,1.5,mask_83fe021aaca96bf0,5,1.645197469718048
90419-1,additive,candidate_pool_08,0.5,mask_bda88699e1e7badf,7,0.5214914194173118
90419-1,additive,candidate_pool_08,1.0,mask_77740b198a0b3a94,6,0.945147600651125
90419-1,additive,candidate_pool_08,1.5,mask_a9f1de05a2b5cc89,7,1.5205955325478706
90419-1,additive,candidate_pool_09,0.5,mask_2d90e84a12b72772,4,0.5337362301514337
90419-1,additive,candidate_pool_09,1.0,mask_6000c95aa8146da6,7,1.0048007117836337
90419-1,additive,candidate_pool_09,1.5,mask_ea7ded36b0b6aa15,8,1.5970136174424736
90419-1,all_pairs,candidate_pool_00,0.5,mask_b611eb15c1cbe033,4,0.5033918755200933
90419-1,all_pairs,candidate_pool_00,1.0,mask_a096a397a7d70275,7,1.0723801951550938
90419-1,all_pairs,candidate_pool_00,1.5,mask_153f1c2a9e066490,6,1.562149752962589
90419-1,all_pairs,candidate_pool_01,0.5,mask_28f76a93a72310a5,4,0.5227378412507198
90419-1,all_pairs,candidate_pool_01,1.0,mask_625dbe9e05728352,8,0.9702836159048568
90419-1,all_pairs,candidate_pool_01,1.5,mask_88feb37e4997bcb0,7,1.556070064073173
90419-1,all_pairs,candidate_pool_02,0.5,mask_90268cfdee9c04e6,7,0.5097487198759572
90419-1,all_pairs,candidate_pool_02,1.0,mask_ab59149b00e47e01,7,0.9947434423411742
90419-1,all_pairs,candidate_pool_02,1.5,mask_053a16108482e172,6,1.386238552357252
90419-1,all_pairs,candidate_pool_03,0.5,mask_384a80f180c950e1,8,0.4852262582078369
90419-1,all_pairs,candidate_pool_03,1.0,mask_30716df5e75daa97,7,1.0249332278964252
90419-1,all_pairs,candidate_pool_03,1.5,mask_0f1c886d2bd569f0,7,1.271098778138894
90419-1,all_pairs,candidate_pool_04,0.5,mask_d1786933297085c0,4,0.4822503759445761
90419-1,all_pairs,candidate_pool_04,1.0,mask_5d6868f3c7cf99b3,6,0.9986075271788798
90419-1,all_pairs,candidate_pool_04,1.5,mask_cafa56ef6c77bde9,10,1.440167132025194
90419-1,all_pairs,candidate_pool_05,0.5,mask_22c097f7c153bb13,9,0.6185953682090222
90419-1,all_pairs,candidate_pool_05,1.0,mask_62191f28479b805a,7,0.9267118970093853
90419-1,all_pairs,candidate_pool_05,1.5,mask_290a3cb1caf906c3,10,1.6650413337280154
90419-1,all_pairs,candidate_pool_06,0.5,mask_382e0bf880e4af69,5,0.4497853046518906
90419-1,all_pairs,candidate_pool_06,1.0,mask_2322491b9dd809d6,5,0.9650515570017562
90419-1,all_pairs,candidate_pool_06,1.5,mask_c22a533faf194bc5,7,1.43264618815299
90419-1,all_pairs,candidate_pool_07,0.5,mask_6c3e3315afb6fb8c,4,0.5165283841591938
90419-1,all_pairs,candidate_pool_07,1.0,mask_c4774bd021c06295,7,0.9905469757459211
90419-1,all_pairs,candidate_pool_07,1.5,mask_83fe021aaca96bf0,5,1.4906109660582847
90419-1,all_pairs,candidate_pool_08,0.5,mask_bda88699e1e7badf,7,0.5414688828732775
90419-1,all_pairs,candidate_pool_08,1.0,mask_77740b198a0b3a94,6,1.0060486916612423
90419-1,all_pairs,candidate_pool_08,1.5,mask_1ee94a6fab0d1183,8,1.4630601115299018
90419-1,all_pairs,candidate_pool_09,0.5,mask_4be83a97da997236,8,0.49507652075868286
90419-1,all_pairs,candidate_pool_09,1.0,mask_6000c95aa8146da6,7,1.0168796206308133
90419-1,all_pairs,candidate_pool_09,1.5,mask_527fb4485b283af0,10,1.5080822972323833
90419-1,atp_raw,candidate_pool_00,0.5,mask_bfa108de38e6d58f,6,0.38853582500480116
90419-1,atp_raw,candidate_pool_00,1.0,mask_714aefc72a94a0e9,5,1.024351653419435
90419-1,atp_raw,candidate_pool_00,1.5,mask_153f1c2a9e066490,6,1.6390959245525298
90419-1,atp_raw,candidate_pool_01,0.5,mask_3507ab216f864cbe,4,0.5169991329824553
90419-1,atp_raw,candidate_pool_01,1.0,mask_d34cab07e9bf4ded,4,1.1113636110536755
90419-1,atp_raw,candidate_pool_01,1.5,mask_261f2ebd1f8a4eaa,5,1.4838814381603151
90419-1,atp_raw,candidate_pool_02,0.5,mask_ab59149b00e47e01,7,0.44908488385379325
90419-1,atp_raw,candidate_pool_02,1.0,mask_c7772d470875866f,4,1.032067098468542
90419-1,atp_raw,candidate_pool_02,1.5,mask_267196af5474f7ae,8,1.1220743917301297
90419-1,atp_raw,candidate_pool_03,0.5,mask_e3bfff07ca1cabef,9,0.6395343696931377
90419-1,atp_raw,candidate_pool_03,1.0,mask_dc2e11f8d6ea9e67,6,1.0868596976995468
90419-1,atp_raw,candidate_pool_03,1.5,mask_0f1c886d2bd569f0,7,1.4679442719649525
90419-1,atp_raw,candidate_pool_04,0.5,mask_5d6868f3c7cf99b3,6,0.41181898723356425
90419-1,atp_raw,candidate_pool_04,1.0,mask_8b7737474604b389,8,0.822372294180095
90419-1,atp_raw,candidate_pool_04,1.5,mask_6d2e3876c8f68db8,9,1.227431194097735
90419-1,atp_raw,candidate_pool_05,0.5,mask_0ea1a19911258943,4,0.4771444213576615
90419-1,atp_raw,candidate_pool_05,1.0,mask_f5d21a1898de9318,7,1.3470231036702172
90419-1,atp_raw,candidate_pool_05,1.5,mask_de24099fc59a002a,4,1.4222926448192448
90419-1,atp_raw,candidate_pool_06,0.5,mask_72750b59b18d6c0c,4,0.49923543169163176
90419-1,atp_raw,candidate_pool_06,1.0,mask_8a4903df460893e2,6,0.9496434502629565
90419-1,atp_raw,candidate_pool_06,1.5,mask_8a4903df460893e2,6,0.9496434502629565
90419-1,atp_raw,candidate_pool_07,0.5,mask_21e5e4333c6fc40a,6,0.5680547248944641
90419-1,atp_raw,candidate_pool_07,1.0,mask_83fe021aaca96bf0,5,1.3911049222247678
90419-1,atp_raw,candidate_pool_07,1.5,mask_73324c4014b4a4c2,4,1.469505872875452
90419-1,atp_raw,candidate_pool_08,0.5,mask_331502b1b3b7fde3,6,0.5129606254771353
90419-1,atp_raw,candidate_pool_08,1.0,mask_a9f1de05a2b5cc89,7,0.9528763064788656
90419-1,atp_raw,candidate_pool_08,1.5,mask_a9f1de05a2b5cc89,7,0.9528763064788656
90419-1,atp_raw,candidate_pool_09,0.5,mask_ea7ded36b0b6aa15,8,0.45170873666647826
90419-1,atp_raw,candidate_pool_09,1.0,mask_6c66643ec3bf086c,6,1.3454173993412406
90419-1,atp_raw,candidate_pool_09,1.5,mask_6c66643ec3bf086c,6,1.3454173993412406
90419-1,atp_calibrated,candidate_pool_00,0.5,mask_bfa108de38e6d58f,6,0.322781704971484
90419-1,atp_calibrated,candidate_pool_00,1.0,mask_b55f4fdddb0ed7df,7,0.9461266427267143
90419-1,atp_calibrated,candidate_pool_00,1.5,mask_153f1c2a9e066490,6,1.3617024302259355
90419-1,atp_calibrated,candidate_pool_01,0.5,mask_3cd97f4a74d408b8,10,0.48404210556610744
90419-1,atp_calibrated,candidate_pool_01,1.0,mask_d34cab07e9bf4ded,4,0.9232812475264998
90419-1,atp_calibrated,candidate_pool_01,1.5,mask_c6f04107d7ae9b56,9,1.58857549187711
90419-1,atp_calibrated,candidate_pool_02,0.5,mask_053a16108482e172,6,0.47018750992593644
90419-1,atp_calibrated,candidate_pool_02,1.0,mask_267196af5474f7ae,8,0.9321793820763287
90419-1,atp_calibrated,candidate_pool_02,1.5,mask_267196af5474f7ae,8,0.9321793820763287
90419-1,atp_calibrated,candidate_pool_03,0.5,mask_e3bfff07ca1cabef,9,0.5313023431876932
90419-1,atp_calibrated,candidate_pool_03,1.0,mask_dc2e11f8d6ea9e67,6,0.9029242703267231
90419-1,atp_calibrated,candidate_pool_03,1.5,mask_0f1c886d2bd569f0,7,1.2195157419579419
90419-1,atp_calibrated,candidate_pool_04,0.5,mask_93f84412f1b2de39,7,0.5972012170415939
90419-1,atp_calibrated,candidate_pool_04,1.0,mask_6d2e3876c8f68db8,9,1.019706055577129
90419-1,atp_calibrated,candidate_pool_04,1.5,mask_6d2e3876c8f68db8,9,1.019706055577129
90419-1,atp_calibrated,candidate_pool_05,0.5,mask_0ea1a19911258943,4,0.39639456629656994
90419-1,atp_calibrated,candidate_pool_05,1.0,mask_f5d21a1898de9318,7,1.1190587484005625
90419-1,atp_calibrated,candidate_pool_05,1.5,mask_de24099fc59a002a,4,1.1815899984447615
90419-1,atp_calibrated,candidate_pool_06,0.5,mask_f2b097d9ab973b9b,7,0.4965433492631491
90419-1,atp_calibrated,candidate_pool_06,1.0,mask_8a4903df460893e2,6,0.7889299062373257
90419-1,atp_calibrated,candidate_pool_06,1.5,mask_8a4903df460893e2,6,0.7889299062373257
90419-1,atp_calibrated,candidate_pool_07,0.5,mask_21e5e4333c6fc40a,6,0.47191960385191417
90419-1,atp_calibrated,candidate_pool_07,1.0,mask_83fe021aaca96bf0,5,1.155680350928735
90419-1,atp_calibrated,candidate_pool_07,1.5,mask_d43daec0a2f27dc1,8,1.4205830944657645
90419-1,atp_calibrated,candidate_pool_08,0.5,mask_fc5299efb847cbc8,5,0.48160139552330467
90419-1,atp_calibrated,candidate_pool_08,1.0,mask_a9f1de05a2b5cc89,7,0.7916156478707669
90419-1,atp_calibrated,candidate_pool_08,1.5,mask_a9f1de05a2b5cc89,7,0.7916156478707669
90419-1,atp_calibrated,candidate_pool_09,0.5,mask_ea7ded36b0b6aa15,8,0.3752635067047402
90419-1,atp_calibrated,candidate_pool_09,1.0,mask_6c66643ec3bf086c,6,1.117724786516917
90419-1,atp_calibrated,candidate_pool_09,1.5,mask_6c66643ec3bf086c,6,1.117724786516917
