observer,estimator,direction_provider,support_mode,estimator_calibration,controller_mode,step,target_mse,target_mae,observer_error_mae,collateral_abs_delta,collateral_rms_delta,mean_observer_estimate,mean_true_target,mean_target_ref,mean_residual_off_support_l2,mean_residual_off_support_normalized,mean_nearest_clean_residual_l2,mean_residual_delta_from_initial_l2,mean_abs_residual_norm_z,mean_convex_hull_extrapolation_mass,fraction_outside_clean_convex_hull,next_clip_fraction
est-first_order__dir-first_order__support-unprojected__cal-none__controller-base,first_order,first_order,unprojected,none,base,0,0.6677494588130467,0.7905112135708332,0.0016619049891924932,0.0,0.0,0.20936666707427867,0.20948879420757294,1.0,1.840538050973186e-15,3.6577277795055615e-16,3.771332450718163e-05,0.0,0.9831398725509644,3.3907336977026987e-06,0.0,0.0
est-first_order__dir-first_order__support-unprojected__cal-none__controller-base,first_order,first_order,unprojected,none,base,1,0.3296134950240586,0.555297796474102,0.2288664731080402,0.00800690474656279,0.008273342658381705,0.21583573041785772,0.444702203525898,1.0,0.4266147603093997,0.08478176580515213,0.43478007410861697,0.43478238145048653,0.9597603359620187,0.0177479556760059,1.0,0.0
est-first_order__dir-first_order__support-unprojected__cal-none__controller-base,first_order,first_order,unprojected,none,base,2,0.11093550155301346,0.32200892627341476,0.45573921067120454,0.01594829597145321,0.01647899176592087,0.22225186305538083,0.6779910737265852,1.0,0.8497389039285889,0.16886983632763203,0.8660050095324593,0.8660073176869355,2.3950157997490247,0.035352930312952544,1.0,0.0
est-first_order__dir-first_order__support-unprojected__cal-none__controller-base,first_order,first_order,unprojected,none,base,3,0.008836293806273349,0.0906288555323905,0.6807556463949355,0.02382470971470898,0.024617501199933514,0.22861549807267406,0.9093711444676096,1.0,1.269400991531064,0.2522698874712219,1.2937016077570584,1.2937039161823967,4.331981252893675,0.052813858789250996,1.0,0.0
est-first_order__dir-first_order__support-unprojected__cal-none__controller-base,first_order,first_order,unprojected,none,base,4,0.020491248658535105,0.13885803379098888,0.9039309687789887,0.031636677630419344,0.032689420305840274,0.23492706501200003,1.1388580337909888,1.0,1.6856293501032271,0.3349875486987313,1.7178987376880785,1.717901046248843,6.71334471162316,0.07013191970906431,1.0,0.0
est-first_order__dir-first_order__support-unprojected__cal-none__controller-base,first_order,first_order,unprojected,none,base,5,0.14312934277650738,0.3664672319499191,1.1252802420488675,0.039384727022611664,0.040695293934247194,0.24118698990105136,1.3664672319499191,1.0,2.098452074856445,0.4170284034119829,2.1386250323438167,2.1386273409858334,9.494630149082816,0.08730828203306483,1.0,0.0
est-first_order__dir-first_order__support-unprojected__cal-none__controller-base,first_order,first_order,unprojected,none,base,6,0.3740322171802498,0.5922141024543564,1.3448184071726488,0.047069380880844176,0.048635662477722795,0.24739569528170757,1.5922141024543566,1.0,2.5078970311234605,0.49839798932868956,2.5559088905170513,2.555911199213233,12.630908045376408,0.10434410515733908,1.0,0.0
est-first_order__dir-first_order__support-unprojected__cal-none__controller-base,first_order,first_order,unprojected,none,base,7,0.7105332575561706,0.8161138831080482,1.5625602828694922,0.05469115791550732,0.05651106190727415,0.2535536002385561,1.8161138831080483,1.0,2.9139918562392912,0.5791017988562472,2.969778478653252,2.9697807873881197,16.07873660040593,0.12124053899164634,1.0,0.0
est-first_order__dir-first_order__support-unprojected__cal-none__controller-base,first_order,first_order,unprojected,none,base,8,1.1500166900608295,1.0381816870370777,1.7785205666098969,0.062250572592836846,0.06432202380852509,0.25966112042718065,2.0381816870370772,1.0,3.3167639614067315,0.6591452794624706,3.3802617327421287,3.380264041506009,19.797466594115253,0.1379987240370361,1.0,0.0
est-first_order__dir-first_order__support-unprojected__cal-none__controller-base,first_order,first_order,unprojected,none,base,9,1.6899166923589746,1.2584325037099915,1.992713835607774,0.06974813516963942,0.07206907541759726,0.2657186681022176,2.2584325037099915,1.0,3.7162405335466016,0.7385338340432934,3.7873863602000712,3.787388668986516,23.74997611811686,0.1546197914628325,1.0,0.0
est-first_order__dir-first_order__support-unprojected__cal-none__controller-base,first_order,first_order,unprojected,none,base,10,2.32771651964346,1.4768811999495817,2.2051545478043986,0.07718435172773533,0.07975273965669909,0.27172665214518316,2.4768811999495814,1.0,4.112448537132847,0.8172728212874621,4.1911798417391,4.191182150543592,27.902962532500993,0.17110486318298654,1.0,0.0
est-first_order__dir-first_order__support-unprojected__cal-none__controller-base,first_order,first_order,unprojected,none,base,11,3.060947645388836,1.69354252093639,2.4158570428443173,0.08455972420811839,0.08737353516942228,0.27768547809207234,2.69354252093639,1.0,4.505414716012628,0.8953675560382446,4.59166943322121,4.591671742040468,32.22692791918399,0.1874550519318062,1.0,0.0
est-first_order__dir-first_order__support-unprojected__cal-none__controller-base,first_order,first_order,unprojected,none,base,12,3.8871889165944884,1.9084310912039981,2.6248355430432655,0.0918747504448368,0.09493197635575011,0.2835955481607327,2.908431091203999,1.0,4.895165595211519,0.9728233096521787,4.98888216749784,4.988884476329402,36.695974973994396,0.20367146133906405,1.0,0.0
est-first_order__dir-first_order__support-unprojected__cal-none__controller-base,first_order,first_order,unprojected,none,base,13,4.804065723277197,2.12156141562618,2.832104154348166,0.09912992419859695,0.10242857340677941,0.2894572612780137,3.12156141562618,1.0,5.281727482723931,1.049645310354888,5.382844856234416,5.382847165076387,41.28750138389662,0.21975518600449265,1.0,0.0
est-first_order__dir-first_order__support-unprojected__cal-none__controller-base,first_order,first_order,unprojected,none,base,14,5.809249181976952,2.332947880395971,3.037676867289277,0.10632573519009139,0.1098638323391577,0.29527101310669424,3.332947880395971,1.0,5.665126471288891,1.1258387435939827,5.773584091720036,5.773586400570927,45.98185292784374,0.23570731157166855,1.0,0.0
est-first_order__dir-first_order__support-unprojected__cal-none__controller-base,first_order,first_order,unprojected,none,base,15,6.900455333043717,2.54260475399673,3.2415675579245398,0.11346266913305549,0.11723825502923957,0.3010371960721896,3.54260475399673,1.0,6.045388440151287,1.2014087523890757,6.161126248662379,6.161128557521001,50.761973195426485,0.25152891480129436,1.0,
est-first_order__dir-lifted_interaction__support-unprojected__cal-none__controller-base,first_order,lifted_interaction,unprojected,none,base,0,0.6677494588130467,0.7905112135708332,0.0016619049891924932,0.0,0.0,0.20936666707427867,0.20948879420757294,1.0,1.840538050973186e-15,3.6577277795055615e-16,3.771332450718163e-05,0.0,0.9831398725509644,3.3907336977026987e-06,0.0,0.0
est-first_order__dir-lifted_interaction__support-unprojected__cal-none__controller-base,first_order,lifted_interaction,unprojected,none,base,1,0.32961349502405857,0.555297796474102,0.22886647370534668,0.008006904156041123,0.008273342048209823,0.21583572982055121,0.44470220352589784,1.0,0.4266147614666873,0.08478176603514158,0.4347800737283827,0.434782381070325,0.9597603014400508,0.017747963897210294,1.0,0.0
est-first_order__dir-lifted_interaction__support-unprojected__cal-none__controller-base,first_order,lifted_interaction,unprojected,none,base,2,0.110935501430704,0.3220089260957161,0.45573921203374174,0.01594829480129063,0.016478990556819936,0.22225186187054213,0.6779910739042839,1.0,0.8497389065559933,0.1688698368497799,0.8660050091036428,0.8660073172581914,2.395015651722194,0.03535294670150458,1.0,0.0
est-first_order__dir-lifted_interaction__support-unprojected__cal-none__controller-base,first_order,lifted_interaction,unprojected,none,base,3,0.008836293703296595,0.09062885500220232,0.6807556486878398,0.023824707975647688,0.024617499403003187,0.2286154963099578,0.9093711449977979,1.0,1.2694009959362178,0.2522698883466645,1.2937016076058383,1.2937039160312491,4.331981037925789,0.05281388329162441,1.0,0.0
est-first_order__dir-lifted_interaction__support-unprojected__cal-none__controller-base,first_order,lifted_interaction,unprojected,none,base,4,0.020491248970485643,0.1388580348455854,0.9039309721646434,0.0316366753330646,0.032689417932038736,0.23492706268094207,1.1388580348455855,1.0,1.6856293565886304,0.3349875499875849,1.717898738135299,1.7179010466961366,6.713344436840186,0.07013195227206191,1.0,0.0
est-first_order__dir-lifted_interaction__support-unprojected__cal-none__controller-base,first_order,lifted_interaction,unprojected,none,base,5,0.14312934414319417,0.3664672336980049,1.125280246686935,0.03938472417743332,0.04069529099439266,0.24118698701107022,1.3664672336980048,1.0,2.098452083719528,0.4170284051733562,2.1386250337050536,2.1386273423471427,9.494629822786703,0.0873083226038173,1.0,0.0
est-first_order__dir-lifted_interaction__support-unprojected__cal-none__controller-base,first_order,lifted_interaction,unprojected,none,base,6,0.3740322204762154,0.5922141050622118,1.3448184132201064,0.047069377498178064,0.04863565898249503,0.24739569184210564,1.5922141050622116,1.0,2.5078970426566487,0.4983979916206966,2.555908893102675,2.5559112017989296,12.630907676577102,0.10434415368330235,1.0,0.0
est-first_order__dir-lifted_interaction__support-unprojected__cal-none__controller-base,first_order,lifted_interaction,unprojected,none,base,7,0.7105332638814585,0.8161138867391853,1.5625602904806644,0.05469115400555688,0.05651105786721613,0.253553596258521,1.8161138867391848,1.0,2.9139918707300634,0.5791018017360193,2.9697784827684943,2.969780791503435,16.078736198436822,0.12124059542059967,1.0,0.0
est-first_order__dir-lifted_interaction__support-unprojected__cal-none__controller-base,first_order,lifted_interaction,unprojected,none,base,8,1.1500167007319984,1.0381816918522753,1.7785205759364886,0.06225056816567437,0.06432201923404428,0.2596611159157864,2.0381816918522753,1.0,3.3167639791376846,0.6591452829861684,3.3802617386871425,3.3802640474510954,19.797466168344403,0.1379987883170815,1.0,0.0
est-first_order__dir-lifted_interaction__support-unprojected__cal-none__controller-base,first_order,lifted_interaction,unprojected,none,base,9,1.6899167089003482,1.2584325098673286,1.9927138467989027,0.06974813023520782,0.07206907031896742,0.265718663068426,2.258432509867329,1.0,3.7162405547955095,0.7385338382661196,3.787386368269997,3.787388677056514,23.74997567774758,0.15461986354239132,1.0,0.0
est-first_order__dir-lifted_interaction__support-unprojected__cal-none__controller-base,first_order,lifted_interaction,unprojected,none,base,10,2.327716543778615,1.4768812076044724,2.205154561006627,0.07718434629584942,0.07975273404406166,0.27172664659784485,2.476881207604472,1.0,4.112448562172721,0.8172728262636727,4.191179852224125,4.191182161028691,27.902962086445996,0.17110494301079945,1.0,0.0
est-first_order__dir-lifted_interaction__support-unprojected__cal-none__controller-base,first_order,lifted_interaction,unprojected,none,base,11,3.060947679032316,1.6935425302416134,2.415857058201685,0.08455971828846628,0.08737352905278775,0.2776854720399281,2.693542530241613,1.0,4.505414745111778,0.8953675618211604,4.591669446406632,4.591671755225963,32.2269274759948,0.18745513945693024,1.0,0.0
est-first_order__dir-lifted_interaction__support-unprojected__cal-none__controller-base,first_order,lifted_interaction,unprojected,none,base,12,3.8871889618437394,1.908431102309735,2.62483556069732,0.09187474404698147,0.09493196974499964,0.28359554161241474,2.908431102309735,1.0,4.895165628633608,0.9728233162941986,4.988882183664125,4.988884492495759,36.69597454182985,0.20367155651087085,1.0,0.0
est-first_order__dir-lifted_interaction__support-unprojected__cal-none__controller-base,first_order,lifted_interaction,unprojected,none,base,13,4.804065782404719,2.1215614286800415,2.8321041744379953,0.0991299173319773,0.10242856631166602,0.2894572542420466,3.1215614286800415,1.0,5.281727520728036,1.0496453179074985,5.382844875657259,5.382847184499304,41.28750097051705,0.21975528877266703,1.0,0.0
est-first_order__dir-lifted_interaction__support-unprojected__cal-none__controller-base,first_order,lifted_interaction,unprojected,none,base,14,5.809249257422673,2.3329478955430325,3.0376768899515363,0.10632572786402421,0.10986382476930817,0.29527100559149655,3.3329478955430325,1.0,5.66512651412956,1.1258387521077708,5.773584114670421,5.773586423521386,45.98185254062115,0.23570742188620747,1.0,0.0
est-first_order__dir-lifted_interaction__support-unprojected__cal-none__controller-base,first_order,lifted_interaction,unprojected,none,base,15,6.900455427407568,2.5426047713795623,3.241567583293487,0.11346266135673622,0.11723824699415537,0.3010371880860746,3.5426047713795623,1.0,6.045388488078599,1.2014087619137395,6.161126275406641,6.161128584265335,50.761972841364,0.25152903261250353,1.0,
est-lifted_interaction__dir-first_order__support-unprojected__cal-none__controller-base,lifted_interaction,first_order,unprojected,none,base,0,0.6677494588130467,0.7905112135708332,0.001661917930622525,0.0,0.0,0.20936666729067752,0.20948879420757294,1.0,1.840538050973186e-15,3.6577277795055615e-16,3.771332450718163e-05,0.0,0.9831398725509644,3.3907336977026987e-06,0.0,0.0
est-lifted_interaction__dir-first_order__support-unprojected__cal-none__controller-base,lifted_interaction,first_order,unprojected,none,base,1,0.32961349513171845,0.5552977965384808,0.22886647526193254,0.008006904744371296,0.008273342655634687,0.21583572819958682,0.4447022034615193,1.0,0.4266147601926339,0.08478176578194711,0.4347800739896155,0.43478238133148517,0.9597603133647715,0.017747955491319006,1.0,0.0
est-lifted_interaction__dir-first_order__support-unprojected__cal-none__controller-base,lifted_interaction,first_order,unprojected,none,base,2,0.11093550119178015,0.3220089256778577,0.45573921587987526,0.015948295991726563,0.01647899178590758,0.22225185844226705,0.6779910743221423,1.0,0.849738905008771,0.1688698365422982,0.8660050106333217,0.866007318787798,2.3950158052101007,0.035352929999710035,1.0,0.0
est-lifted_interaction__dir-first_order__support-unprojected__cal-none__controller-base,lifted_interaction,first_order,unprojected,none,base,3,0.008836293476603982,0.09062885356443219,0.680755655331512,0.0238247097817003,0.02461750126771804,0.22861549110405577,0.9093711464355677,1.0,1.269400995100418,0.2522698881805648,1.293701611394749,1.2937039198200873,4.331981272937537,0.05281385840267787,1.0,0.0
est-lifted_interaction__dir-first_order__support-unprojected__cal-none__controller-base,lifted_interaction,first_order,unprojected,none,base,4,0.020491249897132077,0.13885803783211118,0.9039309821053789,0.03163667776798325,0.03268942044607492,0.23492705572673228,1.1388580378321111,1.0,1.6856293574327512,0.3349875501553381,1.7178987451579277,1.7179010537186923,6.713344759387399,0.07013191930349034,1.0,0.0
est-lifted_interaction__dir-first_order__support-unprojected__cal-none__controller-base,lifted_interaction,first_order,unprojected,none,base,5,0.14312934811662034,0.3664672387534083,1.1252802604158976,0.03938472725420941,0.04069529417117774,0.24118697833751085,1.3664672387534083,1.0,2.0984520871961703,0.41702840586427437,2.1386250449197886,2.1386273535618052,9.494630240718736,0.08730828166193616,1.0,0.0
est-lifted_interaction__dir-first_order__support-unprojected__cal-none__controller-base,lifted_interaction,first_order,unprojected,none,base,6,0.3740322301130207,0.5922141126979987,1.3448184312202007,0.04706938122954822,0.04863566283519329,0.24739568147779817,1.5922141126979987,1.0,2.5078970497027124,0.49839799302097093,2.5559089094520058,2.5559112181481876,12.630908199259439,0.10434410487322805,1.0,0.0
est-lifted_interaction__dir-first_order__support-unprojected__cal-none__controller-base,lifted_interaction,first_order,unprojected,none,base,7,0.7105332824929992,0.8161138974583537,1.56256031322664,0.054691158404006436,0.05651106240873214,0.25355358423171387,1.816113897458354,1.0,2.91399188226694,0.5791018040287597,2.9697785051792054,2.9697808139140736,16.07873683641015,0.12124053884626257,1.0,0.0
est-lifted_interaction__dir-first_order__support-unprojected__cal-none__controller-base,lifted_interaction,first_order,unprojected,none,base,8,1.1500167322967334,1.0381817061494187,1.7785206038950394,0.06225057324344047,0.06432202447702613,0.25966110225437905,2.038181706149419,1.0,3.31676399607145,0.6591452863514402,3.3802617680705094,3.38026407683439,19.797466933005925,0.1379987240812375,1.0,0.0
est-lifted_interaction__dir-first_order__support-unprojected__cal-none__controller-base,lifted_interaction,first_order,unprojected,none,base,9,1.6899167580369252,1.2584325282287416,1.9927138804287687,0.0697481360042827,0.07206907627581018,0.2657186477999727,2.2584325282287416,1.0,3.716240578017111,0.7385338428809819,3.787386405521977,3.7873887143084213,23.749976581078286,0.1546197917466352,1.0,0.0
est-lifted_interaction__dir-first_order__support-unprojected__cal-none__controller-base,lifted_interaction,first_order,unprojected,none,base,10,2.3277166157196656,1.4768812305082495,2.205154600758691,0.07718435276798359,0.0797527407269105,0.2717266297495582,2.4768812305082495,1.0,4.112448592558166,0.8172728323022157,4.191179898225548,4.191182207030041,27.902963140791957,0.17110486375557596,1.0,0.0
est-lifted_interaction__dir-first_order__support-unprojected__cal-none__controller-base,lifted_interaction,first_order,unprojected,none,base,11,3.060947779598971,1.693542558157756,2.415857104519073,0.0845597254751717,0.08737353647354136,0.27768545363868313,2.693542558157756,1.0,4.5054147835223155,0.895367569454542,4.591669502023383,4.591671810842643,32.226928693900625,0.18745505284154645,1.0,0.0
est-lifted_interaction__dir-first_order__support-unprojected__cal-none__controller-base,lifted_interaction,first_order,unprojected,none,base,12,3.8871890974208037,1.9084311357002475,2.6248356140154954,0.09187475195953461,0.09493197791531338,0.28359552168475227,2.908431135700248,1.0,4.895165675915916,0.9728233256906796,4.988882249747338,4.9888845585789,36.69597593591652,0.20367146263350872,1.0,0.0
est-lifted_interaction__dir-first_order__support-unprojected__cal-none__controller-base,lifted_interaction,first_order,unprojected,none,base,13,4.804065959916551,2.121561467999034,2.8321042351848567,0.09912992598142237,0.10242857524295522,0.28945723281417746,3.1215614679990336,1.0,5.281727577714399,1.0496453292324803,5.382844953043493,5.382847261885465,41.287502553395306,0.21975518773039374,1.0,0.0
est-lifted_interaction__dir-first_order__support-unprojected__cal-none__controller-base,lifted_interaction,first_order,unprojected,none,base,14,5.809249484309682,2.3329479412368164,3.0376769585475123,0.10632573726117589,0.10986383447275096,0.29527098268930435,3.332947941236816,1.0,5.665126581638047,1.1258387655238298,5.77358420418185,5.773586513032739,45.981854324831396,0.23570731377498869,1.0,0.0
est-lifted_interaction__dir-first_order__support-unprojected__cal-none__controller-base,lifted_interaction,first_order,unprojected,none,base,15,6.900455711603382,2.542604823886748,3.241567660151628,0.113462671512183,0.11723825748069618,0.3010371637351202,3.542604823886748,1.0,6.045388566913246,1.2014087775806623,6.16112637785122,6.161128686709842,50.76197483933579,0.2515289175272136,1.0,
est-lifted_interaction__dir-lifted_interaction__support-unprojected__cal-none__controller-base,lifted_interaction,lifted_interaction,unprojected,none,base,0,0.6677494588130467,0.7905112135708332,0.001661917930622525,0.0,0.0,0.20936666729067752,0.20948879420757294,1.0,1.840538050973186e-15,3.6577277795055615e-16,3.771332450718163e-05,0.0,0.9831398725509644,3.3907336977026987e-06,0.0,0.0
est-lifted_interaction__dir-lifted_interaction__support-unprojected__cal-none__controller-base,lifted_interaction,lifted_interaction,unprojected,none,base,1,0.32961349513171845,0.5552977965384808,0.22886647585923853,0.008006904153849578,0.008273342045462756,0.21583572760228079,0.4447022034615193,1.0,0.42661476134992143,0.08478176601193653,0.43478007360938137,0.4347823809513236,0.9597602788428193,0.017747963712523414,1.0,0.0
est-lifted_interaction__dir-lifted_interaction__support-unprojected__cal-none__controller-base,lifted_interaction,lifted_interaction,unprojected,none,base,2,0.11093550106947077,0.3220089255001592,0.45573921724241123,0.015948294821563944,0.01647899057680661,0.22225185725742952,0.6779910744998408,1.0,0.8497389076361754,0.16886983706444605,0.8660050102045052,0.8660073183590536,2.3950156571832553,0.03535294638826184,1.0,0.0
est-lifted_interaction__dir-lifted_interaction__support-unprojected__cal-none__controller-base,lifted_interaction,lifted_interaction,unprojected,none,base,3,0.008836293373627308,0.09062885303424444,0.680755657624414,0.02382470804263899,0.024617499470787688,0.22861548934134135,0.9093711469657557,1.0,1.269400999505571,0.2522698890560072,1.2937016112435276,1.2937039196689386,4.33198105796964,0.052813882905051006,1.0,0.0
est-lifted_interaction__dir-lifted_interaction__support-unprojected__cal-none__controller-base,lifted_interaction,lifted_interaction,unprojected,none,base,4,0.020491250209082275,0.13885803888670653,0.9039309854910298,0.03163667547062853,0.03268941807227337,0.23492705339567663,1.1388580388867064,1.0,1.6856293639181525,0.3349875514441913,1.7178987456051464,1.7179010541659838,6.7133444846044075,0.0701319518664878,1.0,0.0
est-lifted_interaction__dir-lifted_interaction__support-unprojected__cal-none__controller-base,lifted_interaction,lifted_interaction,unprojected,none,base,5,0.143129349483306,0.36646724050149276,1.1252802650539604,0.039384724409030986,0.0406952912313231,0.2411869754475325,1.3664672405014926,1.0,2.0984520960592508,0.417028407625647,2.138625046281022,2.1386273549231114,9.494629914422594,0.08730832223268832,1.0,0.0
est-lifted_interaction__dir-lifted_interaction__support-unprojected__cal-none__controller-base,lifted_interaction,lifted_interaction,unprojected,none,base,6,0.3740322334089832,0.5922141153058517,1.3448184372676522,0.04706937784688199,0.048635659339965394,0.2473956780381995,1.5922141153058516,1.0,2.5078970612358953,0.49839799531297707,2.5559089120376246,2.555911220733879,12.630907830460094,0.10434415339919077,1.0,0.0
est-lifted_interaction__dir-lifted_interaction__support-unprojected__cal-none__controller-base,lifted_interaction,lifted_interaction,unprojected,none,base,7,0.7105332888182814,0.8161139010894877,1.5625603208378052,0.05469115449405579,0.056511058368673914,0.25355358025168256,1.8161139010894876,1.0,2.9139918967577056,0.5791018069085302,2.96977850929444,2.9697808180293808,16.078736434440973,0.12124059527521562,1.0,0.0
est-lifted_interaction__dir-lifted_interaction__support-unprojected__cal-none__controller-base,lifted_interaction,lifted_interaction,unprojected,none,base,8,1.1500167429678918,1.0381817109646119,1.778520613221623,0.06225056881627775,0.06432201990254506,0.2596610977429892,2.038181710964612,1.0,3.3167640138023944,0.6591452898751362,3.3802617740155134,3.380264082779468,19.797466507234983,0.13799878836128243,1.0,0.0
est-lifted_interaction__dir-lifted_interaction__support-unprojected__cal-none__controller-base,lifted_interaction,lifted_interaction,unprojected,none,base,9,1.689916774578282,1.2584325343860725,1.9927138916198868,0.06974813106985084,0.07206907117718007,0.2657186427661859,2.2584325343860723,1.0,3.7162405992660084,0.7385338471038058,3.787386413591893,3.787388722378409,23.74997614070888,0.15461986382619414,1.0,0.0
est-lifted_interaction__dir-lifted_interaction__support-unprojected__cal-none__controller-base,lifted_interaction,lifted_interaction,unprojected,none,base,10,2.3277166398547986,1.4768812381631324,2.205154613960907,0.0771843473360973,0.07975273511427268,0.27172662420222515,2.4768812381631324,1.0,4.1124486175980275,0.8172728372784235,4.191179908710558,4.1911822175151245,27.902962694736775,0.17110494358338887,1.0,0.0
est-lifted_interaction__dir-lifted_interaction__support-unprojected__cal-none__controller-base,lifted_interaction,lifted_interaction,unprojected,none,base,11,3.0609478132424166,1.6935425674629703,2.415857119876426,0.08455971955551922,0.08737353035690643,0.2776854475865447,2.6935425674629707,1.0,4.505414812621449,0.8953675752374545,4.591669515208788,4.59167182402812,32.226928250711225,0.1874551403666701,1.0,0.0
est-lifted_interaction__dir-lifted_interaction__support-unprojected__cal-none__controller-base,lifted_interaction,lifted_interaction,unprojected,none,base,12,3.8871891426700103,1.9084311468059731,2.6248356316695323,0.09187474556167877,0.09493197130456237,0.28359551513644055,2.908431146805974,1.0,4.895165709337985,0.9728233323326958,4.9888822659136025,4.988884574745237,36.69597550375174,0.20367155780531515,1.0,0.0
est-lifted_interaction__dir-lifted_interaction__support-unprojected__cal-none__controller-base,lifted_interaction,lifted_interaction,unprojected,none,base,13,4.804066019044018,2.121561481052883,2.8321042552746656,0.09912991911480219,0.10242856814784128,0.28945722577821703,3.1215614810528822,1.0,5.281727615718482,1.0496453367850866,5.382844972466314,5.382847281308358,41.28750214001545,0.21975529049856832,1.0,0.0
est-lifted_interaction__dir-lifted_interaction__support-unprojected__cal-none__controller-base,lifted_interaction,lifted_interaction,unprojected,none,base,14,5.809249559755333,2.3329479563838627,3.037676981209749,0.10632572993510797,0.10986382690290068,0.2952709751741138,3.332947956383863,1.0,5.665126624478692,1.1258387740376128,5.773584227132209,5.773586535983173,45.981853937608484,0.23570742408952725,1.0,0.0
est-lifted_interaction__dir-lifted_interaction__support-unprojected__cal-none__controller-base,lifted_interaction,lifted_interaction,unprojected,none,base,15,6.90045580596715,2.542604841269564,3.2415676855205504,0.11346266373586297,0.11723824944561119,0.30103715574901263,3.542604841269564,1.0,6.045388614840529,1.20140878710532,6.161126404595453,6.161128713454146,50.76197448527291,0.2515290353384229,1.0,
est-first_order__dir-first_order__support-projected__cal-none__controller-base,first_order,first_order,projected,none,base,0,0.6677494588130467,0.7905112135708332,0.0016619049891924932,0.0,0.0,0.20936666707427867,0.20948879420757294,1.0,1.840538050973186e-15,3.6577277795055615e-16,3.771332450718163e-05,0.0,0.9831398725509644,3.3907336977026987e-06,0.0,0.0
est-first_order__dir-first_order__support-projected__cal-none__controller-base,first_order,first_order,projected,none,base,1,0.3296134950240587,0.555297796474102,0.004410859527352681,0.28582040316922985,0.29533136824076284,0.4402913439985452,0.44470220352589795,1.0,2.1365798644782665e-15,4.2460559396216687e-16,2.994185215794544,2.9941894005780036,13.344903438962264,1.17384975371282,1.0,0.0
est-first_order__dir-first_order__support-projected__cal-none__controller-base,first_order,first_order,projected,none,base,2,0.1616575723354196,0.38878447131366933,0.007446963103207686,0.48815965077425455,0.5044036604263463,0.603768565583123,0.6112155286863307,1.0,2.6298390764207763e-15,5.22631707633936e-16,4.4521725017920195,5.113849242150559,22.897285382090853,2.306421263780601,1.0,0.0
est-first_order__dir-first_order__support-projected__cal-none__controller-base,first_order,first_order,projected,none,base,3,0.0785494932577266,0.2709056195746485,0.009596295013657956,0.6314005484407761,0.6524110448776292,0.7194980854116936,0.7290943804253517,1.0,3.516786117433517e-15,6.988959706382887e-16,5.578512634913568,6.614408239222709,40.045276190670904,3.1081963108555906,1.0,0.0
est-first_order__dir-first_order__support-projected__cal-none__controller-base,first_order,first_order,projected,none,base,4,0.037652676236665523,0.1874562999846274,0.011117859593344463,0.732804280080437,0.7571890889843287,0.8014258404220281,0.8125437000153728,1.0,3.773884495061526e-15,7.499895015445659e-16,6.473359735669983,7.6766906203540515,53.58327614191297,3.675792458558112,1.0,0.0
est-first_order__dir-first_order__support-projected__cal-none__controller-base,first_order,first_order,projected,none,base,5,0.017690285322180012,0.12838048751018083,0.012195012339693,0.8045904595721873,0.8313640267249457,0.8594245001501262,0.8716195124898192,1.0,5.080091895208597e-15,1.009573979615391e-15,7.046667969303065,8.42870627549581,63.655301446943525,4.0776076410860025,1.0,0.0
est-first_order__dir-first_order__support-projected__cal-none__controller-base,first_order,first_order,projected,none,base,6,0.008063554467538479,0.08655927630484336,0.012957555089738806,0.855409650174896,0.8838742776628388,0.9004831686054179,0.9134407236951567,1.0,4.667124524132887e-15,9.275043791301242e-16,7.470691837515164,8.961076533746724,70.9774022071568,4.362062427404494,1.0,0.0
est-first_order__dir-first_order__support-projected__cal-none__controller-base,first_order,first_order,projected,none,base,7,0.0035063356629474736,0.05695301896495524,0.013497377735708459,0.8913857970014757,0.9210475674228196,0.9295496032993361,0.9430469810350448,1.0,4.389397220577619e-15,8.723112320607583e-16,7.734354522584719,9.337954448365029,76.24253218283866,4.563434921471175,1.0,0.0
est-first_order__dir-first_order__support-projected__cal-none__controller-base,first_order,first_order,projected,none,base,8,0.0014116709793384624,0.03599402594650758,0.013879531377696857,0.9168541904398125,0.9473634475966528,0.9501264426757956,0.9640059740534924,1.0,4.2143375607344715e-15,8.375213737070822e-16,7.904361787927701,9.604755533372483,80.00643763923166,4.705991430684671,1.0,0.0
est-first_order__dir-first_order__support-projected__cal-none__controller-base,first_order,first_order,projected,none,base,9,0.0004958667537813951,0.021156642642556817,0.01415006727902517,0.9348838884910418,0.9659931022168118,0.964693290078418,0.9788433573574431,1.0,5.1210557019014155e-15,1.0177147759230464e-15,8.027939604070045,9.793630540901773,82.68797873196505,4.806910667014973,1.0,0.0
est-first_order__dir-first_order__support-projected__cal-none__controller-base,first_order,first_order,projected,none,base,10,0.0001317327007098712,0.010652896440886211,0.014341586254290495,0.9476475523085321,0.9791814899497637,0.9750055173048233,0.9893471035591137,1.0,4.967791614011714e-15,9.872563829776612e-16,8.116971028954119,9.927339774011497,84.59437447292744,4.87835386043828,1.0,0.0
est-first_order__dir-first_order__support-projected__cal-none__controller-base,first_order,first_order,projected,none,base,11,1.6375180146876347e-05,0.0032170378390710404,0.014477167216767728,0.9566832618130955,0.9885178718924792,0.9823057949441611,0.996782962160929,1.0,5.342569245216683e-15,1.0617364814505442e-15,8.180750226417818,10.021995807399176,85.94785355007663,4.928930242822058,1.0,0.0
est-first_order__dir-first_order__support-projected__cal-none__controller-base,first_order,first_order,projected,none,base,12,6.086492274385867e-06,0.0020469881650408096,0.014573148293111368,0.9630798613646275,0.995127324810099,0.9874738398719293,1.002046988165041,1.0,4.86750910982187e-15,9.673270964747485e-16,8.226269421691926,10.08900512641409,86.90791605479048,4.964734499777284,1.0,0.0
est-first_order__dir-first_order__support-projected__cal-none__controller-base,first_order,first_order,projected,none,base,13,3.457332077884475e-05,0.005773520803141751,0.014641095642413128,0.9676081704920947,0.999806318036626,0.9911324251607285,1.0057735208031418,1.0,5.871154807459589e-15,1.1667830516010033e-15,8.258675237497906,10.136442660759656,87.58850339400426,4.990081208175451,1.0,0.0
est-first_order__dir-first_order__support-projected__cal-none__controller-base,first_order,first_order,projected,none,base,14,7.266645043689832e-05,0.008411624317824875,0.014689197231320098,0.9708138711755138,1.0031186916758303,0.9937224270865048,1.008411624317825,1.0,4.8599694230159045e-15,9.658287236557581e-16,8.281706117969158,10.1700248504889,88.07077066515428,5.008024762413295,1.0,0.0
est-first_order__dir-first_order__support-projected__cal-none__controller-base,first_order,first_order,projected,none,base,15,0.00010861755278722196,0.010279202259589757,0.014723249521499976,0.973083265022621,1.0054636019149588,0.9955559527380898,1.01027920225959,1.0,5.1188698132053244e-15,1.0172803711139544e-15,8.298054987503154,10.193798503200188,88.41240930741358,5.020727442920311,1.0,
est-first_order__dir-lifted_interaction__support-projected__cal-none__controller-base,first_order,lifted_interaction,projected,none,base,0,0.6677494588130467,0.7905112135708332,0.0016619049891924932,0.0,0.0,0.20936666707427867,0.20948879420757294,1.0,1.840538050973186e-15,3.6577277795055615e-16,3.771332450718163e-05,0.0,0.9831398725509644,3.3907336977026987e-06,0.0,0.0
est-first_order__dir-lifted_interaction__support-projected__cal-none__controller-base,first_order,lifted_interaction,projected,none,base,1,0.3296134950240587,0.5552977964741022,0.004410859114007349,0.28582040899171846,0.29533137425700073,0.4402913444118905,0.44470220352589784,1.0,2.142558192418618e-15,4.2579367568483785e-16,2.9941852171574896,2.9941894019416875,13.344905370907922,1.1738495531140767,1.0,0.0
est-first_order__dir-lifted_interaction__support-projected__cal-none__controller-base,first_order,lifted_interaction,projected,none,base,2,0.1616575724375936,0.3887844714366396,0.007446962395002922,0.4881596605691976,0.5044036705472259,0.6037685661683576,0.6112155285633605,1.0,2.802990649507334e-15,5.57042369158098e-16,4.452172341217248,5.113849242914256,22.897280218162262,2.3064209203367003,1.0,0.0
est-first_order__dir-lifted_interaction__support-projected__cal-none__controller-base,first_order,lifted_interaction,projected,none,base,3,0.0785494934297865,0.270905619871726,0.009596294095127767,0.6314005609421328,0.6524110577949813,0.7194980860331461,0.7290943801282741,1.0,3.759920756197663e-15,7.472144676070115e-16,5.578512461723384,6.614408238453497,40.045270513293694,3.108195865696,1.0,0.0
est-first_order__dir-lifted_interaction__support-projected__cal-none__controller-base,first_order,lifted_interaction,projected,none,base,4,0.03765267642992374,0.18745630046658698,0.011117858524796081,0.7328042944228437,0.7571891038039936,0.801425841008617,0.8125436995334132,1.0,3.787560702652956e-15,7.527073939781945e-16,6.473359560749142,7.676690617715159,53.58327025301126,3.6757919409723314,1.0,0.0
est-first_order__dir-lifted_interaction__support-projected__cal-none__controller-base,first_order,lifted_interaction,projected,none,base,5,0.017690285502603202,0.12838048816665057,0.012195011164147706,0.8045904751649041,0.8313640428365258,0.8594245006692017,0.8716195118333494,1.0,4.267831308870172e-15,8.481522633256029e-16,7.046667632792013,8.428706270977962,63.65529544729631,4.07760707193121,1.0,0.0
est-first_order__dir-lifted_interaction__support-projected__cal-none__controller-base,first_order,lifted_interaction,projected,none,base,6,0.008063554617989402,0.08655927711573802,0.012957553837884566,0.8554096666152079,0.8838742946502187,0.9004831690463774,0.9134407228842619,1.0,4.205056858391533e-15,8.356770063626996e-16,7.470691496199232,8.961076527505558,70.9773961392059,4.362061821532668,1.0,0.0
est-first_order__dir-lifted_interaction__support-projected__cal-none__controller-base,first_order,lifted_interaction,projected,none,base,7,0.0035063357781809725,0.05695301990703533,0.013497376429434556,0.891385814015252,0.9210475850027467,0.9295496036635301,0.9430469800929645,1.0,5.337244734385035e-15,1.060678333743633e-15,7.734353839492964,9.337954440625564,76.24252606845963,4.56343428945775,1.0,0.0
est-first_order__dir-lifted_interaction__support-projected__cal-none__controller-base,first_order,lifted_interaction,projected,none,base,8,0.0014116710608138943,0.03599402699693557,0.01387953003261556,0.9168542078407502,0.9473634655766243,0.9501264429704488,0.9640059730030645,1.0,5.492593439243839e-15,1.0915510056219355e-15,7.904361097695381,9.604755524375303,80.00643149156761,4.70599078005969,1.0,0.0
est-first_order__dir-lifted_interaction__support-projected__cal-none__controller-base,first_order,lifted_interaction,projected,none,base,9,0.0004958668059985412,0.021156643780644246,0.014150065906271483,0.9348839061527457,0.9659931204662267,0.9646932903130843,0.9788433562193559,1.0,4.7639006124812246e-15,9.467368305622711e-16,8.027938909218733,9.793630530874736,82.68797255977107,4.80691000313989,1.0,0.0
est-first_order__dir-lifted_interaction__support-projected__cal-none__controller-base,first_order,lifted_interaction,projected,none,base,10,0.00013173272903832742,0.010652897648786602,0.014341584861805737,0.9476475701454126,0.9791815083801845,0.9750055174894074,0.9893471023512134,1.0,5.1333723657838126e-15,1.0201624842771146e-15,8.11697033101294,9.927339763156658,84.59436828241185,4.878353187130364,1.0,0.0
est-first_order__dir-lifted_interaction__support-projected__cal-none__controller-base,first_order,lifted_interaction,projected,none,base,11,1.63751897123354e-05,0.003217039101885359,0.014477165810214408,0.956683279767315,0.9885178904441435,0.9823057950879002,0.9967829608981147,1.0,5.77429370740339e-15,1.1475337056697035e-15,8.18074952635856,10.021995795888412,85.94784734579758,4.928929562799058,1.0,0.0
est-first_order__dir-lifted_interaction__support-projected__cal-none__controller-base,first_order,lifted_interaction,projected,none,base,12,6.086487488589844e-06,0.002046986859464279,0.014573146876527849,0.96307987939719,0.9951273434427136,0.9874738399829366,1.0020469868594644,1.0,4.909220877292206e-15,9.756165361050704e-16,8.226268720155447,10.089005114389495,86.90790984015489,4.964733814974069,1.0,0.0
est-first_order__dir-lifted_interaction__support-projected__cal-none__controller-base,first_order,lifted_interaction,projected,none,base,13,3.457330522029471e-05,0.005773519464540578,0.014641094218678721,0.9676081885767742,0.9998063367230917,0.9911324252458616,1.0057735194645405,1.0,5.303497879723175e-15,1.0539717727082687e-15,8.258674534918761,10.136442648336274,87.58849717157965,4.990080519969489,1.0,0.0
est-first_order__dir-lifted_interaction__support-projected__cal-none__controller-base,first_order,lifted_interaction,projected,none,base,14,7.266642690070549e-05,0.008411622953896797,0.014689195802487969,0.9708138892947207,1.0031187103979726,0.9937224271514087,1.0084116229538969,1.0,6.359918375768658e-15,1.2639157395380484e-15,8.28170541464805,10.170024837758408,88.07076443688094,5.0080240717851945,1.0,0.0
est-first_order__dir-lifted_interaction__support-projected__cal-none__controller-base,first_order,lifted_interaction,projected,none,base,15,0.00010861752340165278,0.010279200876352599,0.014723248089033953,0.9730832831645946,1.0054636206606251,0.9955559527873187,1.0102792008763526,1.0,5.683947909128338e-15,1.1295791550459049e-15,8.298054283651163,10.193798490234723,88.4124030747577,5.020726750568136,1.0,
est-lifted_interaction__dir-first_order__support-projected__cal-none__controller-base,lifted_interaction,first_order,projected,none,base,0,0.6677494588130467,0.7905112135708332,0.001661917930622525,0.0,0.0,0.20936666729067752,0.20948879420757294,1.0,1.840538050973186e-15,3.6577277795055615e-16,3.771332450718163e-05,0.0,0.9831398725509644,3.3907336977026987e-06,0.0,0.0
est-lifted_interaction__dir-first_order__support-projected__cal-none__controller-base,lifted_interaction,first_order,projected,none,base,1,0.32961349513171845,0.5552977965384808,0.004410946156234995,0.2858204030909998,0.2953313681427022,0.44029125730528434,0.4447022034615193,1.0,1.891620982019372e-15,3.7592456241637623e-16,2.9941852149750243,2.994189399758485,13.344903586876177,1.1738497567654318,1.0,0.0
est-lifted_interaction__dir-first_order__support-projected__cal-none__controller-base,lifted_interaction,first_order,projected,none,base,2,0.16165755100446602,0.38878444558680275,0.007447111683089256,0.488159682036346,0.5044036926992924,0.6037684427301079,0.6112155544131971,1.0,3.2049629997285445e-15,6.369269133119031e-16,4.452172748462106,5.113849569645104,22.897288738269207,2.306421444728195,1.0,0.0
est-lifted_interaction__dir-first_order__support-projected__cal-none__controller-base,lifted_interaction,first_order,projected,none,base,3,0.07854945723991909,0.27090555729900995,0.009596487783670834,0.6314006241152351,0.6524111230321761,0.7194979549173193,0.7290944427009899,1.0,3.360600209762262e-15,6.678569202391746e-16,5.578513297430043,6.614409031971097,40.04528583506953,3.1081967421457763,1.0,0.0
est-lifted_interaction__dir-first_order__support-projected__cal-none__controller-base,lifted_interaction,first_order,projected,none,base,4,0.037652635750647506,0.18745619888691237,0.01111808388272749,0.7328044029296776,0.7571892158773341,0.8014257172303599,0.8125438011130875,1.0,3.8831239587915266e-15,7.716988175183508e-16,6.473360868857764,7.676691907294697,53.58329295790981,3.675793155142271,1.0,0.0
est-lifted_interaction__dir-first_order__support-projected__cal-none__controller-base,lifted_interaction,first_order,projected,none,base,5,0.017690247516786817,0.12838034976294446,0.012195259109546913,0.8045906269562216,0.8313641996303585,0.8594243911275088,0.8716196502370555,1.0,4.3640370705668695e-15,8.672713729207798e-16,7.046669320169536,8.4287080289728,63.65532520187264,4.077608587825399,1.0,0.0
est-lifted_interaction__dir-first_order__support-projected__cal-none__controller-base,lifted_interaction,first_order,projected,none,base,6,0.008063522945128755,0.08655910612337826,0.012957817892388727,0.8554098569714964,0.8838744912892478,0.9004830759842329,0.9134408938766218,1.0,4.090155318586993e-15,8.128424578550602e-16,7.470693567013538,8.961078700100776,70.97743216443547,4.362063595371977,1.0,0.0
est-lifted_interaction__dir-first_order__support-projected__cal-none__controller-base,lifted_interaction,first_order,projected,none,base,7,0.0035063115282660926,0.05695282122868764,0.013497651972129106,0.8913860372813903,0.9210478156445662,0.9295495267991833,0.9430471787713123,1.0,4.409515655379939e-15,8.763093975872848e-16,7.734356105953933,9.337956965482649,76.24256743054197,4.563436277297145,1.0,0.0
est-lifted_interaction__dir-first_order__support-projected__cal-none__controller-base,lifted_interaction,first_order,projected,none,base,8,0.0014116539284341311,0.03599380545144467,0.013879813767660475,0.9168544583751568,0.9473637243925564,0.9501263807808948,0.9640061945485555,1.0,5.3360500611491104e-15,1.06044091461067e-15,7.904363609855651,9.604758340202084,80.0064772615875,4.705992941619869,1.0,0.0
est-lifted_interaction__dir-first_order__support-projected__cal-none__controller-base,lifted_interaction,first_order,projected,none,base,9,0.0004958558434720372,0.021156403733760806,0.014150355483059788,0.9348841788018981,0.9659934021317085,0.9646932407831793,0.9788435962662393,1.0,5.261403196414871e-15,1.045606235661922e-15,8.027941619309848,9.793633582132134,82.6880218925364,4.8069123034148,1.0,0.0
est-lifted_interaction__dir-first_order__support-projected__cal-none__controller-base,lifted_interaction,first_order,projected,none,base,10,0.00013172680459344087,0.010652642866756658,0.014341878603965307,0.9476478604400194,0.9791818082775219,0.9750054785292779,0.9893473571332434,1.0,5.628815768117926e-15,1.1186226652514793e-15,8.116973197757604,9.92734300192673,84.59442044814402,4.878355596742988,1.0,0.0
est-lifted_interaction__dir-first_order__support-projected__cal-none__controller-base,lifted_interaction,first_order,projected,none,base,11,1.6373222643854078e-05,0.00321677272921688,0.01447746252228019,0.9566835839622587,0.9885182047038211,0.982305764748503,0.996783227270783,1.0,5.410261434499707e-15,1.0751890477294727e-15,8.180752515431038,10.021999182160386,85.94790173568852,4.928932057699498,1.0,0.0
est-lifted_interaction__dir-first_order__support-projected__cal-none__controller-base,lifted_interaction,first_order,projected,none,base,12,6.087547457889759e-06,0.0020472622581034303,0.014573445706026783,0.9630801944297676,0.9951276689002727,0.9874738165520767,1.0020472622581036,1.0,6.696958844699284e-15,1.3308962773961643e-15,8.226271803751905,10.08900861552859,86.90796595851059,4.964736375833811,1.0,0.0
est-lifted_interaction__dir-first_order__support-projected__cal-none__controller-base,lifted_interaction,first_order,projected,none,base,13,3.4576637520253326e-05,0.005773801833860605,0.014641394557753581,0.9676085119875525,0.9998066708373715,0.9911324072761072,1.0057738018338607,1.0,5.274516398384561e-15,1.0482122411773985e-15,8.258677690943053,10.136446238188235,87.58855462202315,4.990083131475048,1.0,0.0
est-lifted_interaction__dir-first_order__support-projected__cal-none__controller-base,lifted_interaction,first_order,projected,none,base,14,7.267144199990213e-05,0.008411910669218831,0.014689497217727924,0.970814219136408,1.0031190511569632,0.9937224134514908,1.0084119106692186,1.0,4.645972031888115e-15,9.2330071387862e-16,8.28170862579019,10.170028495647923,88.07082290683128,5.0080267219416035,1.0,0.0
est-lifted_interaction__dir-first_order__support-projected__cal-none__controller-base,lifted_interaction,first_order,projected,none,base,15,0.00010862377239169159,0.010279492667400142,0.014723550271426253,0.9730836179126839,1.0054639664891467,0.9955559423959738,1.0102794926674001,1.0,5.348488710912551e-15,1.0629128653945845e-15,8.298057536500767,10.193802199996057,88.41246232041922,5.020729430066812,1.0,
est-lifted_interaction__dir-lifted_interaction__support-projected__cal-none__controller-base,lifted_interaction,lifted_interaction,projected,none,base,0,0.6677494588130467,0.7905112135708332,0.001661917930622525,0.0,0.0,0.20936666729067752,0.20948879420757294,1.0,1.840538050973186e-15,3.6577277795055615e-16,3.771332450718163e-05,0.0,0.9831398725509644,3.3907336977026987e-06,0.0,0.0
est-lifted_interaction__dir-lifted_interaction__support-projected__cal-none__controller-base,lifted_interaction,lifted_interaction,projected,none,base,1,0.32961349513171845,0.5552977965384808,0.004410945742876944,0.2858204089134885,0.2953313741589401,0.4402912577186423,0.4447022034615193,1.0,2.0822207113411444e-15,4.138027211611989e-16,2.994185216337971,2.994189401122168,13.344905518821756,1.1738495561666873,1.0,0.0
est-lifted_interaction__dir-lifted_interaction__support-projected__cal-none__controller-base,lifted_interaction,lifted_interaction,projected,none,base,2,0.16165755110664315,0.38878444570977677,0.0074471109748625005,0.488159691831285,0.504403702820168,0.6037684433153607,0.6112155542902232,1.0,2.717367731269332e-15,5.400264032868204e-16,4.452172587887296,5.113849570408753,22.897283574339923,2.3064211012842457,1.0,0.0
est-lifted_interaction__dir-lifted_interaction__support-projected__cal-none__controller-base,lifted_interaction,lifted_interaction,projected,none,base,3,0.07854945741198424,0.2709055575960966,0.00959648686511202,0.6314006366165824,0.6524111359495186,0.7194979555387915,0.7290944424039035,1.0,3.2157053132312267e-15,6.390617487473424e-16,5.578513124239762,6.614409031201768,40.04528015769068,3.1081962969860695,1.0,0.0
est-lifted_interaction__dir-lifted_interaction__support-projected__cal-none__controller-base,lifted_interaction,lifted_interaction,projected,none,base,4,0.03765263594391167,0.18745619936888705,0.011118082814145664,0.7328044172720685,0.7571892306969827,0.8014257178169674,0.812543800631113,1.0,3.9560361377235085e-15,7.861887598590039e-16,6.473360693936757,7.676691904655614,53.58328706900539,3.6757926375563,1.0,0.0
est-lifted_interaction__dir-lifted_interaction__support-projected__cal-none__controller-base,lifted_interaction,lifted_interaction,projected,none,base,5,0.017690247697215482,0.1283803504194348,0.012195257933964582,0.804590642548917,0.8313642157419164,0.8594243916466006,0.8716196495805653,1.0,4.42524901115644e-15,8.794361100428151e-16,7.046668983658262,8.428708024454693,63.655319202221655,4.077608018670347,1.0,0.0
est-lifted_interaction__dir-lifted_interaction__support-projected__cal-none__controller-base,lifted_interaction,lifted_interaction,projected,none,base,6,0.008063523095584137,0.08655910693429857,0.012957816640494776,0.8554098734117815,0.8838745082766002,0.9004830764252066,0.9134408930657015,1.0,5.0780025463152075e-15,1.009158760300344e-15,7.470693225697331,8.96107869385929,70.97742609647989,4.3620629894998295,1.0,0.0
est-lifted_interaction__dir-lifted_interaction__support-projected__cal-none__controller-base,lifted_interaction,lifted_interaction,projected,none,base,7,0.0035063116435028454,0.05695282217079753,0.013497650665813784,0.8913860542951358,0.9210478332244612,0.9295495271633887,0.9430471778292024,1.0,5.265488720257474e-15,1.0464181576998836e-15,7.734355422861879,9.33795695774281,76.24256131615745,4.563435645283348,1.0,0.0
est-lifted_interaction__dir-lifted_interaction__support-projected__cal-none__controller-base,lifted_interaction,lifted_interaction,projected,none,base,8,0.0014116540099116275,0.03599380650190567,0.013879812422536853,0.91685447577606,0.9473637423724922,0.9501263810755575,0.9640061934980941,1.0,4.893341123766352e-15,9.724607298139423e-16,7.904362919622998,9.604758331204481,80.0064711139173,4.705992290994473,1.0,0.0
est-lifted_interaction__dir-lifted_interaction__support-projected__cal-none__controller-base,lifted_interaction,lifted_interaction,projected,none,base,9,0.0004958558956902466,0.021156404871884044,0.01415035411026256,0.9348841964635641,0.9659934203810845,0.9646932410178535,0.9788435951281159,1.0,4.372024905713337e-15,8.688588069049836e-16,8.027940924458175,9.793633572104646,82.68801572033577,4.806911639539266,1.0,0.0
est-lifted_interaction__dir-lifted_interaction__support-projected__cal-none__controller-base,lifted_interaction,lifted_interaction,projected,none,base,10,0.00013172683292214633,0.010652644074695494,0.014341877211436085,0.9476478782768597,0.9791818267079012,0.9750054787138684,0.9893473559253047,1.0,5.133233421294031e-15,1.0201348716385272e-15,8.116972499816042,9.92734299107141,84.59441425762135,4.8783549234345935,1.0,0.0
est-lifted_interaction__dir-lifted_interaction__support-projected__cal-none__controller-base,lifted_interaction,lifted_interaction,projected,none,base,11,1.6373232208902467e-05,0.003216773992071302,0.014477461115682039,0.9566836019164363,0.9885182232554421,0.9823057648922467,0.9967832260079286,1.0,5.413610370160169e-15,1.0758545865370277e-15,8.180751815371382,10.021999170649119,85.94789553140201,4.928931377675999,1.0,0.0
est-lifted_interaction__dir-lifted_interaction__support-projected__cal-none__controller-base,lifted_interaction,lifted_interaction,projected,none,base,12,6.087542671177589e-06,0.0020472609524853835,0.014573444289398028,0.9630802124622869,0.9951276875328424,0.9874738166630874,1.0020472609524853,1.0,5.408859256643829e-15,1.0749103909045003e-15,8.22627110221501,10.089008603503471,86.9079597438673,4.964735691030083,1.0,0.0
est-lifted_interaction__dir-lifted_interaction__support-projected__cal-none__controller-base,lifted_interaction,lifted_interaction,projected,none,base,13,3.4576621960405896e-05,0.005773800495216933,0.014641393133973996,0.9676085300721873,0.9998066895237913,0.9911324073612429,1.0057738004952168,1.0,6.309564384333977e-15,1.2539088182911751e-15,8.258676988363481,10.136446225764317,87.58854839959062,4.990082443268556,1.0,0.0
est-lifted_interaction__dir-lifted_interaction__support-projected__cal-none__controller-base,lifted_interaction,lifted_interaction,projected,none,base,14,7.26714184621235e-05,0.008411909305247187,0.01468949578885028,0.9708142372555696,1.0031190698790584,0.993722413516397,1.008411909305247,1.0,5.011605108552104e-15,9.95963501855908e-16,8.281707922468645,10.170028482916884,88.07081667854987,5.008026031312964,1.0,0.0
est-lifted_interaction__dir-lifted_interaction__support-projected__cal-none__controller-base,lifted_interaction,lifted_interaction,projected,none,base,15,0.00010862374300433119,0.010279491284119058,0.014723548838914467,0.9730836360546118,1.0054639852347655,0.9955559424452046,1.010279491284119,1.0,4.261043274386887e-15,8.468032674553667e-16,8.29805683264834,10.193802187030041,88.41245608775512,5.020728737714089,1.0,
est-first_order__dir-first_order__support-unprojected__cal-response_gain__controller-base,first_order,first_order,unprojected,response_gain,base,0,0.6677494588130467,0.7905112135708332,0.0016619049891924932,0.0,0.0,0.20936666707427867,0.20948879420757294,1.0,1.840538050973186e-15,3.6577277795055615e-16,3.771332450718163e-05,0.0,0.9831398725509644,3.3907336977026987e-06,0.0,0.0
est-first_order__dir-first_order__support-unprojected__cal-response_gain__controller-base,first_order,first_order,unprojected,response_gain,base,1,0.3296134950240586,0.555297796474102,0.0016618860350420934,0.00800690474656279,0.008273342658381705,0.4445800836196813,0.444702203525898,1.0,0.4266147603093997,0.08478176580515213,0.43478007410861697,0.43478238145048653,0.9597603359620187,0.0177479556760059,1.0,0.0
est-first_order__dir-first_order__support-unprojected__cal-response_gain__controller-base,first_order,first_order,unprojected,response_gain,base,2,0.16271943539171435,0.3900603713509572,0.0016618860350430178,0.013631755331023178,0.014085365875894882,0.6098175087428259,0.6099396286490428,1.0,0.7263116294267526,0.14434095628327148,0.7402146964042079,0.7402170044194533,1.9184915728138767,0.03021747758618035,1.0,0.0
est-first_order__dir-first_order__support-unprojected__cal-response_gain__controller-base,first_order,first_order,unprojected,response_gain,base,3,0.0803408220045764,0.2739810802019479,0.0016618860350421701,0.017583212866606576,0.01816831218619786,0.7258967998918349,0.726018919798052,1.0,0.9368486799816932,0.18618128759415026,0.9547825188244953,0.9547848270551522,2.7572041763191972,0.03897731672807812,1.0,0.0
est-first_order__dir-first_order__support-unprojected__cal-response_gain__controller-base,first_order,first_order,unprojected,response_gain,base,4,0.03967567674252092,0.19243537816976874,0.0016618860350425528,0.02035911178535391,0.021036581969185713,0.807442501924014,0.8075646218302311,1.0,1.084750957996539,0.2155741203400427,1.1055164141247509,1.1055187224567309,3.42042734281756,0.04513110372526125,1.0,0.0
est-first_order__dir-first_order__support-unprojected__cal-response_gain__controller-base,first_order,first_order,unprojected,response_gain,base,5,0.019599597154397377,0.135149522492163,0.0016618860350422107,0.02230918077577392,0.023051541491734665,0.8647283576016204,0.864850477507837,1.0,1.1886523083019684,0.23622258534403212,1.2114069755882593,1.2114092839763402,3.9220850945722074,0.04945413909078233,1.0,0.0
est-first_order__dir-first_order__support-unprojected__cal-response_gain__controller-base,first_order,first_order,unprojected,response_gain,base,6,0.009686604090651741,0.0949062088786451,0.001661886035042637,0.023679104241543947,0.02446705055632529,0.904971671215138,0.9050937911213549,1.0,1.2616430068915319,0.2507281320093347,1.2857950950218993,1.2857974034438653,4.291846945616864,0.052491071435060904,1.0,0.0
est-first_order__dir-first_order__support-unprojected__cal-response_gain__controller-base,first_order,first_order,unprojected,response_gain,base,7,0.004790741133651294,0.06663528106514847,0.0016618860350417302,0.02464147547624745,0.025461445674200268,0.9332425990286343,0.9333647189348515,1.0,1.312918972650701,0.2609182785417097,1.3380527489262846,1.3380550573698018,4.560060261995442,0.05462451640691658,1.0,0.0
est-first_order__dir-first_order__support-unprojected__cal-response_gain__controller-base,first_order,first_order,unprojected,response_gain,base,8,0.002371975571233856,0.046774954276167326,0.0016618860350423072,0.02531754126862659,0.026160008244507357,0.9531029258176161,0.9532250457238327,1.0,1.3489403385965166,0.2680768564807031,1.3747637507950956,1.3747660592527724,4.752615592601199,0.05612326149964531,1.0,0.0
est-first_order__dir-first_order__support-unprojected__cal-response_gain__controller-base,first_order,first_order,unprojected,response_gain,base,9,0.0011764544666151065,0.03282307470690816,0.0016618860350423295,0.02579247748777295,0.0266507484501481,0.9670548053868752,0.9671769252930918,1.0,1.3742453481734522,0.273105757482846,1.400553229608378,1.4005555380755585,4.889913419315351,0.05717612992728715,1.0,0.0
est-first_order__dir-first_order__support-unprojected__cal-response_gain__controller-base,first_order,first_order,unprojected,response_gain,base,10,0.0005851610889264607,0.023021879309503505,0.0016618860350427038,0.02612612018172328,0.026995493444610746,0.9768560007842786,0.9769781206904965,1.0,1.3920221174012495,0.2766385604368514,1.4186703384749162,1.4186726469485662,4.987361214001275,0.05791576999770556,1.0,0.0
est-first_order__dir-first_order__support-unprojected__cal-response_gain__controller-base,first_order,first_order,unprojected,response_gain,base,11,0.00029244350246543946,0.016136539542826393,0.0016618860350424943,0.026360504174223424,0.027237676803220787,0.9837413405509557,0.9838634604571741,1.0,1.4045102977837778,0.27912035451204026,1.431397607453758,1.4313999159318547,5.05630824648707,0.058435367147174566,1.0,0.0
est-first_order__dir-first_order__support-unprojected__cal-response_gain__controller-base,first_order,first_order,unprojected,response_gain,base,12,0.00014734584124790628,0.011299588356735692,0.0016618860350424646,0.026525158928954785,0.02740781061264435,0.9885782917370475,0.9887004116432644,1.0,1.4132832445025043,0.28086381484986056,1.4403385139114413,1.440340822392615,5.104984772500383,0.05880038414467663,1.0,0.0
est-first_order__dir-first_order__support-unprojected__cal-response_gain__controller-base,first_order,first_order,unprojected,response_gain,base,13,7.528984734976746e-05,0.007901630148507375,0.0016618860350431208,0.026640828894153496,0.02752732961376433,0.9919762499452754,0.9920983698514926,1.0,1.4194462395724083,0.28208859573717904,1.4466195006979858,1.4466218091812983,5.1392988882344826,0.059056808585421644,1.0,0.0
est-first_order__dir-first_order__support-unprojected__cal-response_gain__controller-base,first_order,first_order,unprojected,response_gain,base,14,3.941406667417123e-05,0.005514564507226855,0.0016618860350427424,0.02672208704470565,0.02761129171205117,0.9943633155865554,0.9944854354927732,1.0,1.4237757436090166,0.28294900431052045,1.451031893915544,1.4510342024003484,5.16346314302915,0.05923694675504502,1.0,0.0
est-first_order__dir-first_order__support-unprojected__cal-response_gain__controller-base,first_order,first_order,unprojected,response_gain,base,15,2.1487367307957185e-05,0.003837650894227116,0.0016618860350417076,0.026779170895468506,0.02767027508609765,0.9960402291995551,0.996162349105773,1.0,1.426817220194734,0.28355344133329274,1.4541316001508853,1.4541339086367315,5.180467422271172,0.05936349381920552,1.0,
est-first_order__dir-lifted_interaction__support-unprojected__cal-response_gain__controller-base,first_order,lifted_interaction,unprojected,response_gain,base,0,0.6677494588130467,0.7905112135708332,0.0016619049891924932,0.0,0.0,0.20936666707427867,0.20948879420757294,1.0,1.840538050973186e-15,3.6577277795055615e-16,3.771332450718163e-05,0.0,0.9831398725509644,3.3907336977026987e-06,0.0,0.0
est-first_order__dir-lifted_interaction__support-unprojected__cal-response_gain__controller-base,first_order,lifted_interaction,unprojected,response_gain,base,1,0.32961349502405857,0.555297796474102,0.001661886035042184,0.008006904156041123,0.008273342048209823,0.444580083619681,0.44470220352589784,1.0,0.4266147614666873,0.08478176603514158,0.4347800737283827,0.434782381070325,0.9597603014400508,0.017747963897210294,1.0,0.0
est-first_order__dir-lifted_interaction__support-unprojected__cal-response_gain__controller-base,first_order,lifted_interaction,unprojected,response_gain,base,2,0.1627194353917144,0.3900603713509572,0.0016618860350414194,0.013631754325659962,0.014085364837077183,0.6098175087428258,0.6099396286490427,1.0,0.7263116313970349,0.14434095667482852,0.7402146957569102,0.7402170037722281,1.9184914447690395,0.030217491582781114,1.0,0.0
est-first_order__dir-lifted_interaction__support-unprojected__cal-response_gain__controller-base,first_order,lifted_interaction,unprojected,response_gain,base,3,0.08034082200457629,0.27398108020194784,0.001661886035042728,0.01758321156981723,0.01816831084625654,0.7258967998918342,0.7260189197980523,1.0,0.9368486825231044,0.1861812880992086,0.9547825179895855,0.9547848262203148,2.7572040120981254,0.03897733478189462,1.0,0.0
est-first_order__dir-lifted_interaction__support-unprojected__cal-response_gain__controller-base,first_order,lifted_interaction,unprojected,response_gain,base,4,0.039675676742520795,0.19243537816976852,0.001661886035043055,0.020359110283837665,0.021036580417704984,0.8074425019240147,0.8075646218302315,1.0,1.0847509609391686,0.21557412092483566,1.1055164131580442,1.1055187214900963,3.4204271535766977,0.04513112462927188,1.0,0.0
est-first_order__dir-lifted_interaction__support-unprojected__cal-response_gain__controller-base,first_order,lifted_interaction,unprojected,response_gain,base,5,0.01959959715439734,0.13514952249216286,0.0016618860350425659,0.022309179130437097,0.023051539791647594,0.8647283576016199,0.864850477507837,1.0,1.1886523115264527,0.23622258598483856,1.2114069745289644,1.2114092829171175,3.9220848879744663,0.04945416199705424,1.0,0.0
est-first_order__dir-lifted_interaction__support-unprojected__cal-response_gain__controller-base,first_order,lifted_interaction,unprojected,response_gain,base,6,0.009686604090651661,0.09490620887864473,0.00166188603504291,0.023679102495173167,0.024467048751842243,0.904971671215137,0.9050937911213554,1.0,1.2616430103140206,0.2507281326894907,1.2857950938975617,1.2857974023196002,4.291846726942138,0.05249109574792146,1.0,0.0
est-first_order__dir-lifted_interaction__support-unprojected__cal-response_gain__controller-base,first_order,lifted_interaction,unprojected,response_gain,base,7,0.004790741133651255,0.06663528106514807,0.0016618860350423841,0.024641473658900254,0.02546144379637898,0.9332425990286343,0.9333647189348518,1.0,1.3129189762122873,0.2609182792495089,1.3380527477562552,1.3380550561998446,4.560060034896504,0.05462454170790572,1.0,0.0
est-first_order__dir-lifted_interaction__support-unprojected__cal-response_gain__controller-base,first_order,lifted_interaction,unprojected,response_gain,base,8,0.0023719755712337896,0.04677495427616663,0.001661886035043094,0.025317539401418537,0.02616000631516606,0.9531029258176152,0.9532250457238333,1.0,1.3489403422558195,0.2680768572079216,1.3747637495929665,1.374766058050716,4.75261535961463,0.056123287494794595,1.0,0.0
est-first_order__dir-lifted_interaction__support-unprojected__cal-response_gain__controller-base,first_order,lifted_interaction,unprojected,response_gain,base,9,0.0011764544666150547,0.032823074706907256,0.0016618860350427352,0.025792475585537603,0.026650746484613942,0.9670548053868746,0.9671769252930926,1.0,1.3742453519014006,0.2731057582237066,1.4005532283837,1.4005555368509535,4.8899131822079855,0.057176156410084104,1.0,0.0
est-first_order__dir-lifted_interaction__support-unprojected__cal-response_gain__controller-base,first_order,lifted_interaction,unprojected,response_gain,base,10,0.0005851610889264201,0.02302187930950253,0.0016618860350431292,0.026126118254881286,0.026995491453651113,0.9768560007842798,0.9769781206904975,1.0,1.3920221211774217,0.2766385611872956,1.4186703372343976,1.4186726457081205,4.987360974006681,0.05791579682307501,1.0,0.0
est-first_order__dir-lifted_interaction__support-unprojected__cal-response_gain__controller-base,first_order,lifted_interaction,unprojected,response_gain,base,11,0.00029244350246541593,0.01613653954282554,0.001661886035042987,0.02636050223009522,0.02723767479439973,0.983741340550956,0.9838634604571743,1.0,1.4045103015938263,0.2791203552692168,1.43139760620211,1.43139991468028,5.0563080044679705,0.05843539421320105,1.0,0.0
est-first_order__dir-lifted_interaction__support-unprojected__cal-response_gain__controller-base,first_order,lifted_interaction,unprojected,response_gain,base,12,0.0001473458412478941,0.011299588356734986,0.0016618860350433194,0.026525156972683008,0.027407808591275628,0.9885782917370474,0.988700411643265,1.0,1.4132832483363509,0.2808638156117665,1.4403385126519759,1.440340821133222,5.104984529060962,0.05880041137976465,1.0,0.0
est-first_order__dir-lifted_interaction__support-unprojected__cal-response_gain__controller-base,first_order,lifted_interaction,unprojected,response_gain,base,13,7.528984734975895e-05,0.007901630148506564,0.0016618860350425054,0.02664082692935092,0.027527327583580938,0.9919762499452751,0.9920983698514935,1.0,1.4194462434229742,0.2820885965024076,1.4466194994330284,1.4466218079164137,5.13929864379822,0.05905683593927548,1.0,0.0
est-first_order__dir-lifted_interaction__support-unprojected__cal-response_gain__controller-base,first_order,lifted_interaction,unprojected,response_gain,base,14,3.941406667416137e-05,0.005514564507225955,0.001661886035042721,0.026722085073910155,0.027611289675675443,0.9943633155865558,0.9944854354927738,1.0,1.423775747471327,0.282949005078083,1.4510318926467292,1.4510342011316062,5.163462897893065,0.059236974192331975,1.0,0.0
est-first_order__dir-lifted_interaction__support-unprojected__cal-response_gain__controller-base,first_order,lifted_interaction,unprojected,response_gain,base,15,2.148736730795204e-05,0.0038376508942263355,0.0016618860350428963,0.02677916892046299,0.027670273045371823,0.996040229199556,0.9961623491057738,1.0,1.4268172240652954,0.283553442102495,1.4541315988793595,1.4541339073652786,5.180467176643696,0.05936352131510408,1.0,
est-lifted_interaction__dir-first_order__support-unprojected__cal-response_gain__controller-base,lifted_interaction,first_order,unprojected,response_gain,base,0,0.6677494588130467,0.7905112135708332,0.001661917930622525,0.0,0.0,0.20936666729067752,0.20948879420757294,1.0,1.840538050973186e-15,3.6577277795055615e-16,3.771332450718163e-05,0.0,0.9831398725509644,3.3907336977026987e-06,0.0,0.0
est-lifted_interaction__dir-first_order__support-unprojected__cal-response_gain__controller-base,lifted_interaction,first_order,unprojected,response_gain,base,1,0.32961349513171845,0.5552977965384808,0.001661898976472185,0.008006904744371296,0.008273342655634687,0.44458008377170033,0.4447022034615193,1.0,0.4266147601926339,0.08478176578194711,0.4347800739896155,0.43478238133148517,0.9597603133647715,0.017747955491319006,1.0,0.0
est-lifted_interaction__dir-first_order__support-unprojected__cal-response_gain__controller-base,lifted_interaction,first_order,unprojected,response_gain,base,2,0.16271943552809073,0.39006037146056155,0.0016618989764723402,0.013631755327292083,0.014085365871218001,0.6098175088496192,0.6099396285394384,1.0,0.7263116292279592,0.14434095624376497,0.7402146962016087,0.7402170042168538,1.9184915730384389,0.030217477271751003,1.0,0.0
est-lifted_interaction__dir-first_order__support-unprojected__cal-response_gain__controller-base,lifted_interaction,first_order,unprojected,response_gain,base,3,0.08034082213797371,0.2739810803433233,0.0016618989764723422,0.017583212861794,0.018168312180165343,0.7258967999668574,0.7260189196566768,1.0,0.9368486797252756,0.18618128754319208,0.9547825185631688,0.9547848267938257,2.757204176420729,0.038977316322504646,1.0,0.0
est-lifted_interaction__dir-first_order__support-unprojected__cal-response_gain__controller-base,lifted_interaction,first_order,unprojected,response_gain,base,4,0.03967567686239969,0.1924353783334634,0.0016618989764725569,0.020359111779781593,0.02103658196220084,0.807442501976717,0.8075646216665366,1.0,1.0847509576996404,0.21557412028103962,1.1055164138221683,1.1055187221541483,3.4204273427812533,0.045131103255659034,1.0,0.0
est-lifted_interaction__dir-first_order__support-unprojected__cal-response_gain__controller-base,lifted_interaction,first_order,unprojected,response_gain,base,5,0.019599597259140546,0.1351495226715367,0.0016618989764720009,0.02230918076966788,0.02305154148408079,0.8647283576386438,0.8648504773284632,1.0,1.1886523079766318,0.23622258527937753,1.2114069752566943,1.211409283644775,3.922085094416745,0.04945413857620004,1.0,0.0
est-lifted_interaction__dir-first_order__support-unprojected__cal-response_gain__controller-base,lifted_interaction,first_order,unprojected,response_gain,base,6,0.009686604181979376,0.09490620906903326,0.0016618989764720516,0.023679104235062927,0.02446705054820138,0.9049716712411477,0.9050937909309668,1.0,1.2616430065462185,0.25072813194071,1.2857950946699748,1.2857974030919406,4.291846945368127,0.05249107088888,1.0,0.0
est-lifted_interaction__dir-first_order__support-unprojected__cal-response_gain__controller-base,lifted_interaction,first_order,unprojected,response_gain,base,7,0.004790741214181317,0.06663528126327457,0.0016618989764729554,0.024641475469503023,0.025461445665746173,0.9332425990469053,0.9333647187367256,1.0,1.3129189722913528,0.26091827847029586,1.3380527485600568,1.3380550570035739,4.5600602616769965,0.05462451583853769,1.0,0.0
est-lifted_interaction__dir-first_order__support-unprojected__cal-response_gain__controller-base,lifted_interaction,first_order,unprojected,response_gain,base,8,0.0023719756435007623,0.04677495447972893,0.0016618989764714107,0.02531754126169714,0.02616000823582135,0.9531029258304515,0.9532250455202711,1.0,1.34894033822731,0.2680768564073302,1.37476375041882,1.374766058876497,4.7526155922319635,0.05612326091567224,1.0,0.0
est-lifted_interaction__dir-first_order__support-unprojected__cal-response_gain__controller-base,lifted_interaction,first_order,unprojected,response_gain,base,9,0.00117645453274273,0.03282307491428833,0.0016618989764721466,0.02579247748071355,0.026650748441299183,0.9670548053958922,0.9671769250857116,1.0,1.3742453477973195,0.2731057574080966,1.4005532292250447,1.4005555376922247,4.889913418909596,0.057176129332359237,1.0,0.0
est-lifted_interaction__dir-first_order__support-unprojected__cal-response_gain__controller-base,lifted_interaction,first_order,unprojected,response_gain,base,10,0.0005851611505761853,0.02302187951956636,0.0016618989764724805,0.026126120174572567,0.02699549343564737,0.9768560007906141,0.9769781204804336,1.0,1.3920221170202511,0.27663856036113504,1.418670338086624,1.418672646560274,4.987361213569475,0.05791576939508182,1.0,0.0
est-lifted_interaction__dir-first_order__support-unprojected__cal-response_gain__controller-base,lifted_interaction,first_order,unprojected,response_gain,base,11,0.0002924435608879854,0.01613653975477401,0.0016618989764723608,0.026360504167008515,0.027237676794176956,0.9837413405554065,0.983863460245226,1.0,1.404510297399361,0.2791203544356446,1.4313976070619814,1.4313999155400785,5.0563082460368,0.0584353665391446,1.0,0.0
est-lifted_interaction__dir-first_order__support-unprojected__cal-response_gain__controller-base,lifted_interaction,first_order,unprojected,response_gain,base,12,0.00014734589736315674,0.011299588570007405,0.0016618989764722496,0.026525158921694773,0.027407810603543983,0.9885782917401723,0.9887004114299925,1.0,1.4132832441156857,0.2808638147729876,1.4403385135172169,1.4403408219983909,5.104984772037053,0.05880038353284859,1.0,0.0
est-lifted_interaction__dir-first_order__support-unprojected__cal-response_gain__controller-base,lifted_interaction,first_order,unprojected,response_gain,base,13,7.528990182429602e-05,0.007901630362708773,0.0016618989764719929,0.0266408288868619,0.027527329604624357,0.9919762499474728,0.9920983696372913,1.0,1.4194462391839042,0.2820885956599711,1.4466195003020432,1.4466218087853557,5.13929888776194,0.05905680797092565,1.0,0.0
est-lifted_interaction__dir-first_order__support-unprojected__cal-response_gain__controller-base,lifted_interaction,first_order,unprojected,response_gain,base,14,3.941411998630448e-05,0.005514564722081779,0.0016618989764724545,0.026722087037391786,0.0276112917028833,0.9943633155880993,0.9944854352779183,1.0,1.4237757432193265,0.2829490042330769,1.451031893518394,1.4510342020031979,5.163463142550112,0.05923694613867478,1.0,0.0
est-lifted_interaction__dir-first_order__support-unprojected__cal-response_gain__controller-base,lifted_interaction,first_order,unprojected,response_gain,base,15,2.148741979868048e-05,0.003837651109541387,0.0016618989764725133,0.026779170888138974,0.027670275076910146,0.9960402292006393,0.9961623488904585,1.0,1.4268172198042108,0.2835534412556836,1.4541315997528854,1.4541339082387323,5.1804674217875615,0.05936349320151849,1.0,
est-lifted_interaction__dir-lifted_interaction__support-unprojected__cal-response_gain__controller-base,lifted_interaction,lifted_interaction,unprojected,response_gain,base,0,0.6677494588130467,0.7905112135708332,0.001661917930622525,0.0,0.0,0.20936666729067752,0.20948879420757294,1.0,1.840538050973186e-15,3.6577277795055615e-16,3.771332450718163e-05,0.0,0.9831398725509644,3.3907336977026987e-06,0.0,0.0
est-lifted_interaction__dir-lifted_interaction__support-unprojected__cal-response_gain__controller-base,lifted_interaction,lifted_interaction,unprojected,response_gain,base,1,0.32961349513171845,0.5552977965384808,0.0016618989764732829,0.008006904153849578,0.008273342045462756,0.4445800837717005,0.4447022034615193,1.0,0.42661476134992143,0.08478176601193653,0.43478007360938137,0.4347823809513236,0.9597602788428193,0.017747963712523414,1.0,0.0
est-lifted_interaction__dir-lifted_interaction__support-unprojected__cal-response_gain__controller-base,lifted_interaction,lifted_interaction,unprojected,response_gain,base,2,0.16271943552809076,0.3900603714605615,0.001661898976472678,0.013631754321928943,0.014085364832400374,0.6098175088496198,0.6099396285394385,1.0,0.7263116311982415,0.144340956635322,0.740214695554311,0.7402170035696287,1.9184914449936052,0.030217491268351552,1.0,0.0
est-lifted_interaction__dir-lifted_interaction__support-unprojected__cal-response_gain__controller-base,lifted_interaction,lifted_interaction,unprojected,response_gain,base,3,0.08034082213797386,0.2739810803433235,0.0016618989764736736,0.017583211565004666,0.01816831084022402,0.7258967999668577,0.7260189196566763,1.0,0.9368486822666862,0.1861812880482502,0.9547825177282583,0.954784825958988,2.7572040121996575,0.038977334376320776,1.0,0.0
est-lifted_interaction__dir-lifted_interaction__support-unprojected__cal-response_gain__controller-base,lifted_interaction,lifted_interaction,unprojected,response_gain,base,4,0.039675676862399846,0.19243537833346372,0.0016618989764728624,0.020359110278265372,0.021036580410720145,0.8074425019767174,0.8075646216665362,1.0,1.0847509606422687,0.21557412086583236,1.1055164128554604,1.1055187211875128,3.4204271535403885,0.045131124159669106,1.0,0.0
est-lifted_interaction__dir-lifted_interaction__support-unprojected__cal-response_gain__controller-base,lifted_interaction,lifted_interaction,unprojected,response_gain,base,5,0.01959959725914066,0.135149522671537,0.0016618989764735526,0.02230917912433103,0.023051539783993685,0.8647283576386444,0.8648504773284629,1.0,1.1886523112011156,0.23622258592018383,1.2114069741973985,1.2114092825855516,3.9220848878190107,0.049454161482471455,1.0,0.0
est-lifted_interaction__dir-lifted_interaction__support-unprojected__cal-response_gain__controller-base,lifted_interaction,lifted_interaction,unprojected,response_gain,base,6,0.009686604181979542,0.09490620906903374,0.0016618989764737762,0.023679102488692108,0.024467048743718293,0.9049716712411476,0.9050937909309662,1.0,1.2616430099687055,0.2507281326208657,1.2857950935456353,1.2857974019676737,4.291846726693394,0.052491095201739994,1.0,0.0
est-lifted_interaction__dir-lifted_interaction__support-unprojected__cal-response_gain__controller-base,lifted_interaction,lifted_interaction,unprojected,response_gain,base,7,0.0047907412141814576,0.06663528126327523,0.0016618989764730625,0.02464147365215581,0.025461443787924868,0.9332425990469071,0.9333647187367248,1.0,1.3129189758529367,0.2609182791780947,1.3380527473900248,1.3380550558336146,4.560060034578061,0.05462454113952623,1.0,0.0
est-lifted_interaction__dir-lifted_interaction__support-unprojected__cal-response_gain__controller-base,lifted_interaction,lifted_interaction,unprojected,response_gain,base,8,0.0023719756435009007,0.046774954479730034,0.001661898976472554,0.025317539394489018,0.026160006306479956,0.9531029258304515,0.9532250455202699,1.0,1.348940341886609,0.26807685713454793,1.374763749216688,1.3747660576744374,4.7526153592453895,0.05612328691082097,1.0,0.0
est-lifted_interaction__dir-lifted_interaction__support-unprojected__cal-response_gain__controller-base,lifted_interaction,lifted_interaction,unprojected,response_gain,base,9,0.0011764545327428311,0.032823074914289485,0.0016618989764732822,0.0257924755784781,0.02665074647576491,0.9670548053958922,0.9671769250857104,1.0,1.3742453515252644,0.2731057581489565,1.4005532280003627,1.4005555364676159,4.889913181802218,0.05717615581515569,1.0,0.0
est-lifted_interaction__dir-lifted_interaction__support-unprojected__cal-response_gain__controller-base,lifted_interaction,lifted_interaction,unprojected,response_gain,base,10,0.0005851611505762557,0.0230218795195674,0.001661898976473271,0.026126118247730513,0.02699549144468766,0.9768560007906144,0.9769781204804324,1.0,1.3920221207964198,0.2766385611115785,1.4186703368461009,1.4186726453198237,4.987360973574859,0.05791579622045068,1.0,0.0
est-lifted_interaction__dir-lifted_interaction__support-unprojected__cal-response_gain__controller-base,lifted_interaction,lifted_interaction,unprojected,response_gain,base,11,0.00029244356088803917,0.01613653975477523,0.0016618989764723693,0.026360502222880246,0.027237674785355832,0.9837413405554067,0.9838634602452249,1.0,1.4045103012094062,0.27912035519282036,1.4313976058103302,1.4313999142884999,5.056308004017684,0.058435393605170485,1.0,0.0
est-lifted_interaction__dir-lifted_interaction__support-unprojected__cal-response_gain__controller-base,lifted_interaction,lifted_interaction,unprojected,response_gain,base,12,0.00014734589736319065,0.0112995885700086,0.0016618989764721412,0.02652515696542299,0.02740780858217527,0.9885782917401733,0.9887004114299913,1.0,1.4132832479495294,0.2808638155348928,1.4403385122577481,1.4403408207389947,5.104984528597618,0.058800410767936066,1.0,0.0
est-lifted_interaction__dir-lifted_interaction__support-unprojected__cal-response_gain__controller-base,lifted_interaction,lifted_interaction,unprojected,response_gain,base,13,7.528990182432159e-05,0.007901630362710129,0.0016618989764730341,0.02664082692205921,0.027527327574440867,0.9919762499474705,0.9920983696372897,1.0,1.4194462430344659,0.28208859642519873,1.4466194990370822,1.4466218075204669,5.13929864332565,0.05905683532477906,1.0,0.0
est-lifted_interaction__dir-lifted_interaction__support-unprojected__cal-response_gain__controller-base,lifted_interaction,lifted_interaction,unprojected,response_gain,base,14,3.941411998632067e-05,0.005514564722082722,0.0016618989764726332,0.026722085066596193,0.027611289666507468,0.9943633155880992,0.9944854352779173,1.0,1.423775747081634,0.2829490050006387,1.4510318922495755,1.451034200734452,5.163462897414008,0.059236973575961034,1.0,0.0
est-lifted_interaction__dir-lifted_interaction__support-unprojected__cal-response_gain__controller-base,lifted_interaction,lifted_interaction,unprojected,response_gain,base,15,2.1487419798689198e-05,0.003837651109542121,0.0016618989764734411,0.026779168913133405,0.027670273036184252,0.9960402292006393,0.996162348890458,1.0,1.4268172236747694,0.28355344202488525,1.4541315984813572,1.4541339069672765,5.18046717616007,0.059363520697416516,1.0,
est-first_order__dir-first_order__support-projected__cal-response_gain__controller-base,first_order,first_order,projected,response_gain,base,0,0.6677494588130467,0.7905112135708332,0.0016619049891924932,0.0,0.0,0.20936666707427867,0.20948879420757294,1.0,1.840538050973186e-15,3.6577277795055615e-16,3.771332450718163e-05,0.0,0.9831398725509644,3.3907336977026987e-06,0.0,0.0
est-first_order__dir-first_order__support-projected__cal-response_gain__controller-base,first_order,first_order,projected,response_gain,base,1,0.3296134950240587,0.555297796474102,0.001661886035042476,0.28582040316922985,0.29533136824076284,0.4445800836196809,0.44470220352589795,1.0,2.1365798644782665e-15,4.2460559396216687e-16,2.994185215794544,2.9941894005780036,13.344903438962264,1.17384975371282,1.0,0.0
est-first_order__dir-first_order__support-projected__cal-response_gain__controller-base,first_order,first_order,projected,response_gain,base,2,0.16271943539171438,0.3900603713509572,0.0016618860350425156,0.4866092363956137,0.5028016544298987,0.6098175087428259,0.6099396286490428,1.0,2.7684363143557996e-15,5.501753363619391e-16,4.441198749354319,5.097607454484051,22.728283148520315,2.2977429911526643,1.0,0.0
est-first_order__dir-first_order__support-projected__cal-response_gain__controller-base,first_order,first_order,projected,response_gain,base,3,0.08034082200457632,0.27398108020194784,0.0016618860350424327,0.6276633917371482,0.6485495304777665,0.7258967998918352,0.7260189197980523,1.0,3.4749289967859058e-15,6.905776447616826e-16,5.546777486401771,6.57525863735305,39.56503401436083,3.087277990454154,1.0,0.0
est-first_order__dir-first_order__support-projected__cal-response_gain__controller-base,first_order,first_order,projected,response_gain,base,4,0.03967567674252091,0.19243537816976874,0.0016618860350425526,0.7267539358645763,0.7509374134013939,0.8074425019240143,0.8075646218302311,1.0,4.063811709096786e-15,8.076071543961709e-16,6.418389329412827,7.613308593318521,52.750955559925195,3.6419263274634504,1.0,0.0
est-first_order__dir-first_order__support-projected__cal-response_gain__controller-base,first_order,first_order,projected,response_gain,base,5,0.019599597154397397,0.13514952249216305,0.0016618860350424824,0.7963650431140945,0.8228649011552419,0.8647283576016201,0.864850477507837,1.0,4.0967648551125545e-15,8.141559805690526e-16,6.979355936360986,8.342538687384264,62.48413912569043,4.031566784212481,1.0,0.0
est-first_order__dir-first_order__support-projected__cal-response_gain__controller-base,first_order,first_order,projected,response_gain,base,6,0.009686604090651734,0.09490620887864507,0.0016618860350424778,0.845266845956881,0.87339396130232,0.904971671215138,0.905093791121355,1.0,4.3770640408675745e-15,8.698602414924722e-16,7.3849996385143655,8.854822828465448,69.50472667787841,4.305289205078677,1.0,0.0
est-first_order__dir-first_order__support-projected__cal-response_gain__controller-base,first_order,first_order,projected,response_gain,base,7,0.004790741133651312,0.0666352810651485,0.0016618860350425943,0.8796203624539386,0.9088906260556426,0.9332425990286345,0.9333647189348515,1.0,4.591162708292502e-15,9.124083780540177e-16,7.657695937178464,9.214702437574983,74.51375060775827,4.497579205737177,1.0,0.0
est-first_order__dir-first_order__support-projected__cal-response_gain__controller-base,first_order,first_order,projected,response_gain,base,8,0.0023719755712338646,0.04677495427616736,0.0016618860350425036,0.9037537077931214,0.9338270330448515,0.9531029258176159,0.9532250457238327,1.0,4.608138932535133e-15,9.157820875500292e-16,7.816230849914335,9.467517862974429,78.06673936141806,4.632662931199775,1.0,0.0
est-first_order__dir-first_order__support-projected__cal-response_gain__controller-base,first_order,first_order,projected,response_gain,base,9,0.0011764544666151148,0.03282307470690814,0.0016618860350427684,0.9207073828938976,0.951344858954771,0.9670548053868752,0.967176925293092,1.0,5.1194518470004776e-15,1.0173960395284172e-15,7.930552412368505,9.64512069931754,80.5783696785673,4.727559248337248,1.0,0.0
est-first_order__dir-first_order__support-projected__cal-response_gain__controller-base,first_order,first_order,projected,response_gain,base,10,0.000585161088926462,0.023021879309503446,0.0016618860350424778,0.9326173396521926,0.9636511316564893,0.9768560007842798,0.9769781206904965,1.0,4.50137537266677e-15,8.945648115169186e-16,8.012262054627936,9.769886691848575,82.35013323524791,4.794223911126324,1.0,0.0
est-first_order__dir-first_order__support-projected__cal-response_gain__controller-base,first_order,first_order,projected,response_gain,base,11,0.00029244350246544786,0.016136539542826584,0.0016618860350426127,0.9409840842748951,0.9722962882294465,0.9837413405509563,0.9838634604571734,1.0,4.780334134836574e-15,9.500026881305245e-16,8.070333744014427,9.857534801601627,83.59829553637107,4.841055836735651,1.0,0.0
est-first_order__dir-first_order__support-projected__cal-response_gain__controller-base,first_order,first_order,projected,response_gain,base,12,0.00014734584124791847,0.011299588356736216,0.0016618860350425507,0.9468617223723435,0.9783695107219489,0.988578291737047,0.9887004116432636,1.0,5.440916383106399e-15,1.081281149820963e-15,8.111453366307165,9.919107598703146,84.47681417378183,4.873955264476202,1.0,0.0
est-first_order__dir-first_order__support-projected__cal-response_gain__controller-base,first_order,first_order,projected,response_gain,base,13,7.528984734977233e-05,0.007901630148507598,0.001661886035042538,0.950990763135801,0.9826359495229319,0.9919762499452754,0.9920983698514926,1.0,5.4389364549740645e-15,1.0808876758513684e-15,8.140497619442366,9.962362488666964,85.09479076307089,4.897067112463938,1.0,0.0
est-first_order__dir-first_order__support-projected__cal-response_gain__controller-base,first_order,first_order,projected,response_gain,base,14,3.941406667417299e-05,0.005514564507227017,0.001661886035042677,0.9538914142721298,0.9856331227806223,0.9943633155865561,0.9944854354927729,1.0,5.253781529699767e-15,1.0440915708575063e-15,8.160978248611563,9.992749048866543,85.52931782865548,4.913303185675326,1.0,0.0
est-first_order__dir-first_order__support-projected__cal-response_gain__controller-base,first_order,first_order,projected,response_gain,base,15,2.1487367307958855e-05,0.0038376508942273824,0.0016618860350425555,0.9559291216954007,0.9877386369941501,0.9960402291995557,0.9961623491057726,1.0,4.623847501094028e-15,9.189038740061014e-16,8.175403637268971,10.01409560740675,85.834768116487,4.924709027106322,1.0,
est-first_order__dir-lifted_interaction__support-projected__cal-response_gain__controller-base,first_order,lifted_interaction,projected,response_gain,base,0,0.6677494588130467,0.7905112135708332,0.0016619049891924932,0.0,0.0,0.20936666707427867,0.20948879420757294,1.0,1.840538050973186e-15,3.6577277795055615e-16,3.771332450718163e-05,0.0,0.9831398725509644,3.3907336977026987e-06,0.0,0.0
est-first_order__dir-lifted_interaction__support-projected__cal-response_gain__controller-base,first_order,lifted_interaction,projected,response_gain,base,1,0.3296134950240587,0.5552977964741022,0.0016618860350425537,0.28582040899171846,0.29533137425700073,0.4445800836196807,0.44470220352589784,1.0,2.142558192418618e-15,4.2579367568483785e-16,2.9941852171574896,2.9941894019416875,13.344905370907922,1.1738495531140767,1.0,0.0
est-first_order__dir-lifted_interaction__support-projected__cal-response_gain__controller-base,first_order,lifted_interaction,projected,response_gain,base,2,0.16271943539171427,0.39006037135095706,0.001661886035042554,0.4866092463084007,0.5028016646725438,0.6098175087428256,0.6099396286490429,1.0,2.9993147842543653e-15,5.960581472384214e-16,4.441198590073304,5.097607456805723,22.728278008294428,2.2977426496333035,1.0,0.0
est-first_order__dir-lifted_interaction__support-projected__cal-response_gain__controller-base,first_order,lifted_interaction,projected,response_gain,base,3,0.08034082200457626,0.27398108020194767,0.0016618860350425197,0.62766340452337,0.6485495436894627,0.7258967998918352,0.7260189197980523,1.0,3.660276864543086e-15,7.274120934930788e-16,5.546777316347773,6.575258640347707,39.565028392005225,3.08727754993806,1.0,0.0
est-first_order__dir-lifted_interaction__support-projected__cal-response_gain__controller-base,first_order,lifted_interaction,projected,response_gain,base,4,0.03967567674252084,0.1924353781697686,0.0016618860350424937,0.726753950669386,0.7509374286988483,0.807442501924014,0.8075646218302315,1.0,3.553916591292024e-15,7.062749631903117e-16,6.4183891596962885,7.613308596785951,52.75094975978992,3.6419258174021514,1.0,0.0
est-first_order__dir-lifted_interaction__support-projected__cal-response_gain__controller-base,first_order,lifted_interaction,projected,response_gain,base,5,0.019599597154397328,0.13514952249216283,0.0016618860350424817,0.7963650593369619,0.8228649179179417,0.8647283576016198,0.8648504775078371,1.0,4.648219367126254e-15,9.237473300475198e-16,6.979355606984591,8.342538691183819,62.484133247224456,4.031566225295677,1.0,0.0
est-first_order__dir-lifted_interaction__support-projected__cal-response_gain__controller-base,first_order,lifted_interaction,projected,response_gain,base,6,0.009686604090651658,0.09490620887864468,0.0016618860350424117,0.8452668631759344,0.8733939790943548,0.9049716712151379,0.9050937911213554,1.0,4.746859033442401e-15,9.43350133013476e-16,7.384999306066206,8.854822832498321,69.50472076010787,4.305288611840877,1.0,0.0
est-first_order__dir-lifted_interaction__support-projected__cal-response_gain__controller-base,first_order,lifted_interaction,projected,response_gain,base,7,0.0047907411336512735,0.06663528106514827,0.0016618860350425656,0.8796203803728124,0.9088906445707851,0.9332425990286344,0.9333647189348518,1.0,5.0394637683583846e-15,1.0014998934463643e-15,7.657695264704519,9.214702441771758,74.51374466834959,4.497578588388881,1.0,0.0
est-first_order__dir-lifted_interaction__support-projected__cal-response_gain__controller-base,first_order,lifted_interaction,projected,response_gain,base,8,0.002371975571233813,0.046774954276166854,0.0016618860350424475,0.9037537262036192,0.9338270520679771,0.9531029258176159,0.9532250457238332,1.0,4.890661394785014e-15,9.719281834136436e-16,7.81623017130746,9.467517867286347,78.06673340927019,4.6326622969138525,1.0,0.0
est-first_order__dir-lifted_interaction__support-projected__cal-response_gain__controller-base,first_order,lifted_interaction,projected,response_gain,base,9,0.0011764544666150727,0.03282307470690758,0.0016618860350424492,0.9207074016497608,0.9513448783347545,0.9670548053868748,0.9671769252930923,1.0,5.623724858409326e-15,1.1176109414322265e-15,7.9305517299649,9.645120703710345,80.57836371854236,4.727558602152646,1.0,0.0
est-first_order__dir-lifted_interaction__support-projected__cal-response_gain__controller-base,first_order,lifted_interaction,projected,response_gain,base,10,0.0005851610889264318,0.02302187930950286,0.0016618860350424152,0.9326173586506754,0.9636511512871658,0.9768560007842798,0.9769781206904973,1.0,5.167808152454728e-15,1.0270059577629648e-15,8.012261369795445,9.769886696298204,82.35012727017457,4.794223256582899,1.0,0.0
est-first_order__dir-lifted_interaction__support-projected__cal-response_gain__controller-base,first_order,lifted_interaction,projected,response_gain,base,11,0.0002924435024654263,0.016136539542826,0.0016618860350424173,0.940984103443818,0.9722963080362348,0.9837413405509563,0.9838634604571741,1.0,6.060772665761291e-15,1.2044660817037366e-15,8.070333057588343,9.857534806091175,83.5982895679767,4.8410551763201495,1.0,0.0
est-first_order__dir-lifted_interaction__support-projected__cal-response_gain__controller-base,first_order,lifted_interaction,projected,response_gain,base,12,0.00014734584124790365,0.011299588356735576,0.0016618860350425494,0.9468617416610008,0.9783695306524559,0.988578291737047,0.9887004116432645,1.0,5.183044070773678e-15,1.030033813756055e-15,8.111452678815503,9.91910760322074,84.47680820316106,4.873954599935571,1.0,0.0
est-first_order__dir-lifted_interaction__support-projected__cal-response_gain__controller-base,first_order,lifted_interaction,projected,response_gain,base,13,7.528984734976115e-05,0.007901630148506986,0.0016618860350424063,0.9509907825085714,0.9826359695403509,0.9919762499452754,0.9920983698514929,1.0,5.175450008823455e-15,1.0285246348863259e-15,8.140496931228165,9.962362493204257,85.09478479093714,4.897066445025403,1.0,0.0
est-first_order__dir-lifted_interaction__support-projected__cal-response_gain__controller-base,first_order,lifted_interaction,projected,response_gain,base,14,3.9414066674167834e-05,0.005514564507226706,0.001661886035042387,0.9538914337039899,0.9856331428590972,0.9943633155865558,0.9944854354927732,1.0,5.07590469287042e-15,1.0087418508635479e-15,8.160977559902422,9.992749053417679,85.5293118554836,4.91330251620101,1.0,0.0
est-first_order__dir-lifted_interaction__support-projected__cal-response_gain__controller-base,first_order,lifted_interaction,projected,response_gain,base,15,2.1487367307955816e-05,0.0038376508942270385,0.0016618860350425008,0.9559291411687715,0.9877386571155167,0.9960402291995555,0.996162349105773,1.0,5.104471463140672e-15,1.0144189662664598e-15,8.175402948218304,10.014095611967607,85.83476214259781,4.924708356201874,1.0,
est-lifted_interaction__dir-first_order__support-projected__cal-response_gain__controller-base,lifted_interaction,first_order,projected,response_gain,base,0,0.6677494588130467,0.7905112135708332,0.001661917930622525,0.0,0.0,0.20936666729067752,0.20948879420757294,1.0,1.840538050973186e-15,3.6577277795055615e-16,3.771332450718163e-05,0.0,0.9831398725509644,3.3907336977026987e-06,0.0,0.0
est-lifted_interaction__dir-first_order__support-projected__cal-response_gain__controller-base,lifted_interaction,first_order,projected,response_gain,base,1,0.32961349513171845,0.5552977965384808,0.0016618989764725634,0.2858204030909998,0.2953313681427022,0.44458008377170094,0.4447022034615193,1.0,1.891620982019372e-15,3.7592456241637623e-16,2.9941852149750243,2.994189399758485,13.344903586876177,1.1738497567654318,1.0,0.0
est-lifted_interaction__dir-first_order__support-projected__cal-response_gain__controller-base,lifted_interaction,first_order,projected,response_gain,base,2,0.16271943552809098,0.3900603714605619,0.0016618989764726972,0.4866092362624272,0.5028016542629505,0.6098175088496199,0.6099396285394382,1.0,2.667316711565374e-15,5.300796920483895e-16,4.441198773568229,5.097607453088821,22.728283078824767,2.297742996349735,1.0,0.0
est-lifted_interaction__dir-first_order__support-projected__cal-response_gain__controller-base,lifted_interaction,first_order,projected,response_gain,base,3,0.080340822137974,0.2739810803433238,0.0016618989764726991,0.6276633915653549,0.6485495302624248,0.725896799966858,0.7260189196566762,1.0,3.577080138204797e-15,7.108782882326786e-16,5.546777503966419,6.575258635553381,39.56503389795425,3.0872779971577082,1.0,0.0
est-lifted_interaction__dir-first_order__support-projected__cal-response_gain__controller-base,lifted_interaction,first_order,projected,response_gain,base,4,0.03967567686239992,0.19243537833346402,0.001661898976472609,0.7267539356656616,0.7509374131520558,0.8074425019767177,0.8075646216665359,1.0,4.078681710367179e-15,8.105622911671408e-16,6.418389343093612,7.613308591234734,52.75095542130934,3.64192633522531,1.0,0.0
est-lifted_interaction__dir-first_order__support-projected__cal-response_gain__controller-base,lifted_interaction,first_order,projected,response_gain,base,5,0.01959959725914074,0.1351495226715374,0.001661898976472619,0.7963650428961272,0.8228649008820215,0.864728357638644,0.8648504773284627,1.0,4.1691635995003594e-15,8.285438873231982e-16,6.979355911738659,8.342538685100887,62.48413897593857,4.031566792717799,1.0,0.0
est-lifted_interaction__dir-first_order__support-projected__cal-response_gain__controller-base,lifted_interaction,first_order,projected,response_gain,base,6,0.009686604181979584,0.09490620906903419,0.0016618989764725616,0.845266845725529,0.8733939610123223,0.9049716712411476,0.905093790930966,1.0,5.281022066043225e-15,1.0495051218818607e-15,7.384999613771331,8.854822826041858,69.50472652206679,4.305289214106273,1.0,0.0
est-lifted_interaction__dir-first_order__support-projected__cal-response_gain__controller-base,lifted_interaction,first_order,projected,response_gain,base,7,0.004790741214181452,0.06663528126327548,0.0016618989764724441,0.879620362213184,0.9088906257538585,0.9332425990469061,0.9333647187367247,1.0,4.939341787596163e-15,9.816025079954383e-16,7.6576959413163275,9.21470243505289,74.5137504484133,4.497579215131677,1.0,0.0
est-lifted_interaction__dir-first_order__support-projected__cal-response_gain__controller-base,lifted_interaction,first_order,projected,response_gain,base,8,0.002371975643500879,0.04677495447973007,0.0016618989764724918,0.9037537075457616,0.9338270327347878,0.9531029258304515,0.9532250455202699,1.0,4.264260497625948e-15,8.474426308637005e-16,7.816230853470884,9.467517860383138,78.06673919990178,4.632662940852023,1.0,0.0
est-lifted_interaction__dir-first_order__support-projected__cal-response_gain__controller-base,lifted_interaction,first_order,projected,response_gain,base,9,0.0011764545327428181,0.03282307491428949,0.0016618989764725144,0.9207073826418971,0.9513448586388905,0.9670548053958922,0.9671769250857105,1.0,4.988561238528863e-15,9.913839603741792e-16,7.9305524155232305,9.64512069667764,80.57836951566438,4.727559258170564,1.0,0.0
est-lifted_interaction__dir-first_order__support-projected__cal-response_gain__controller-base,lifted_interaction,first_order,projected,response_gain,base,10,0.0005851611505762393,0.023021879519567346,0.0016618989764725697,0.9326173393969325,0.9636511313365228,0.9768560007906143,0.9769781204804329,1.0,4.54670030008606e-15,9.035722996282321e-16,8.012262057504389,9.769886689174527,82.35013307143446,4.79422392108684,1.0,0.0
est-lifted_interaction__dir-first_order__support-projected__cal-response_gain__controller-base,lifted_interaction,first_order,projected,response_gain,base,11,0.00029244356088803223,0.016136539754775234,0.0016618989764726135,0.940984084017345,0.9722962879066095,0.9837413405554065,0.9838634602452249,1.0,4.142210302350933e-15,8.231874197576083e-16,8.070333746697605,9.85753479890359,83.59829537194788,4.841055846785526,1.0,0.0
est-lifted_interaction__dir-first_order__support-projected__cal-response_gain__controller-base,lifted_interaction,first_order,projected,response_gain,base,12,0.0001473458973631906,0.011299588570008708,0.0016618989764725042,0.9468617221131848,0.9783695103970955,0.988578291740173,0.9887004114299913,1.0,5.383526516938839e-15,1.0698759790540667e-15,8.111453368855733,9.919107595988256,84.47681400894449,4.873955274588852,1.0,0.0
est-lifted_interaction__dir-first_order__support-projected__cal-response_gain__controller-base,lifted_interaction,first_order,projected,response_gain,base,13,7.528990182431942e-05,0.00790163036271006,0.001661898976472689,0.9509907628755121,0.9826359491966619,0.9919762499474717,0.9920983696372899,1.0,4.6098525751650195e-15,9.161226422181695e-16,8.140497621896966,9.962362485940236,85.09479059794943,4.897067122620689,1.0,0.0
est-lifted_interaction__dir-first_order__support-projected__cal-response_gain__controller-base,lifted_interaction,first_order,projected,response_gain,base,14,3.9414119986322106e-05,0.005514564722083034,0.0016618989764726605,0.953891414011047,0.9856331224533572,0.9943633155880988,0.9944854352779171,1.0,5.295400768980316e-15,1.0523626222273956e-15,8.160978251000454,9.992749046131499,85.52931766333775,4.913303195863053,1.0,0.0
est-lifted_interaction__dir-first_order__support-projected__cal-response_gain__controller-base,lifted_interaction,first_order,projected,response_gain,base,15,2.148741979868933e-05,0.003837651109542361,0.0016618989764724112,0.9559291214337603,0.9877386366661856,0.9960402292006396,0.9961623488904576,1.0,5.4031027871971536e-15,1.073766399439839e-15,8.175403639611849,10.014095604665865,85.83476795103296,4.924709037315814,1.0,
est-lifted_interaction__dir-lifted_interaction__support-projected__cal-response_gain__controller-base,lifted_interaction,lifted_interaction,projected,response_gain,base,0,0.6677494588130467,0.7905112135708332,0.001661917930622525,0.0,0.0,0.20936666729067752,0.20948879420757294,1.0,1.840538050973186e-15,3.6577277795055615e-16,3.771332450718163e-05,0.0,0.9831398725509644,3.3907336977026987e-06,0.0,0.0
est-lifted_interaction__dir-lifted_interaction__support-projected__cal-response_gain__controller-base,lifted_interaction,lifted_interaction,projected,response_gain,base,1,0.32961349513171845,0.5552977965384808,0.0016618989764725788,0.2858204089134885,0.2953313741589401,0.44458008377170094,0.4447022034615193,1.0,2.0822207113411444e-15,4.138027211611989e-16,2.994185216337971,2.994189401122168,13.344905518821756,1.1738495561666873,1.0,0.0
est-lifted_interaction__dir-lifted_interaction__support-projected__cal-response_gain__controller-base,lifted_interaction,lifted_interaction,projected,response_gain,base,2,0.1627194355280909,0.39006037146056177,0.0016618989764725655,0.4866092461752142,0.5028016645055956,0.6098175088496198,0.6099396285394383,1.0,2.8570397849059374e-15,5.677836316873456e-16,4.441198614287216,5.097607455410491,22.72827793859885,2.297742654830373,1.0,0.0
est-lifted_interaction__dir-lifted_interaction__support-projected__cal-response_gain__controller-base,lifted_interaction,lifted_interaction,projected,response_gain,base,3,0.08034082213797386,0.27398108034332364,0.00166189897647248,0.6276634043515764,0.6485495434741211,0.725896799966858,0.7260189196566763,1.0,3.248366457061106e-15,6.455525449052273e-16,5.54677733391242,6.575258638548039,39.565028275598586,3.087277556641613,1.0,0.0
est-lifted_interaction__dir-lifted_interaction__support-projected__cal-response_gain__controller-base,lifted_interaction,lifted_interaction,projected,response_gain,base,4,0.03967567686239987,0.19243537833346386,0.0016618989764725586,0.726753950470471,0.7509374284495102,0.8074425019767177,0.8075646216665362,1.0,3.830408347568401e-15,7.612225681692822e-16,6.41838917337707,7.613308594702166,52.75094962117399,3.6419258251640083,1.0,0.0
est-lifted_interaction__dir-lifted_interaction__support-projected__cal-response_gain__controller-base,lifted_interaction,lifted_interaction,projected,response_gain,base,5,0.019599597259140747,0.1351495226715375,0.0016618989764726388,0.7963650591189944,0.8228649176447211,0.864728357638644,0.8648504773284627,1.0,4.103547844141693e-15,8.155039737489189e-16,6.9793555823622615,8.342538688900438,62.48413309747253,4.031566233800992,1.0,0.0
est-lifted_interaction__dir-lifted_interaction__support-projected__cal-response_gain__controller-base,lifted_interaction,lifted_interaction,projected,response_gain,base,6,0.009686604181979546,0.094906209069034,0.001661898976472516,0.8452668629445819,0.8733939788043565,0.9049716712411476,0.905093790930966,1.0,4.196612676416167e-15,8.339988819158746e-16,7.384999281323165,8.854822830074728,69.50472060429617,4.305288620868471,1.0,0.0
est-lifted_interaction__dir-lifted_interaction__support-projected__cal-response_gain__controller-base,lifted_interaction,lifted_interaction,projected,response_gain,base,7,0.004790741214181461,0.06663528126327552,0.001661898976472731,0.8796203801320572,0.9088906442690006,0.9332425990469061,0.9333647187367244,1.0,4.098918830073555e-15,8.145840431156024e-16,7.657695268842382,9.214702439249663,74.51374450900452,4.497578597783376,1.0,0.0
est-lifted_interaction__dir-lifted_interaction__support-projected__cal-response_gain__controller-base,lifted_interaction,lifted_interaction,projected,response_gain,base,8,0.002371975643500886,0.046774954479730124,0.0016618989764725764,0.9037537259562587,0.9338270517579131,0.9531029258304514,0.9532250455202699,1.0,4.971263977627231e-15,9.879464508005083e-16,7.816230174864006,9.467517864695056,78.06673324775379,4.632662306566097,1.0,0.0
est-lifted_interaction__dir-lifted_interaction__support-projected__cal-response_gain__controller-base,lifted_interaction,lifted_interaction,projected,response_gain,base,9,0.0011764545327428134,0.032823074914289416,0.001661898976472561,0.9207074013977605,0.9513448780188741,0.9670548053958922,0.9671769250857105,1.0,5.3869255590432144e-15,1.0705514755873937e-15,7.930551733119622,9.645120701070447,80.57836355563936,4.72755861198596,1.0,0.0
est-lifted_interaction__dir-lifted_interaction__support-projected__cal-response_gain__controller-base,lifted_interaction,lifted_interaction,projected,response_gain,base,10,0.0005851611505762398,0.023021879519567374,0.0016618989764725382,0.932617358395415,0.9636511509671992,0.9768560007906143,0.9769781204804328,1.0,5.165597762237733e-15,1.0265666837313316e-15,8.012261372671897,9.769886693624153,82.35012710636109,4.794223266543411,1.0,0.0
est-lifted_interaction__dir-lifted_interaction__support-projected__cal-response_gain__controller-base,lifted_interaction,lifted_interaction,projected,response_gain,base,11,0.00029244356088803174,0.016136539754775237,0.0016618989764725144,0.9409841031862676,0.9722963077133978,0.9837413405554065,0.9838634602452249,1.0,4.633584348116873e-15,9.208388916397454e-16,8.07033306027152,9.85753480339314,83.59828940355344,4.8410551863700215,1.0,0.0
est-lifted_interaction__dir-lifted_interaction__support-projected__cal-response_gain__controller-base,lifted_interaction,lifted_interaction,projected,response_gain,base,12,0.00014734589736318772,0.011299588570008562,0.0016618989764726902,0.9468617414018417,0.978369530327602,0.988578291740173,0.9887004114299913,1.0,4.624400738902037e-15,9.19013819752562e-16,8.111452681364069,9.919107600505848,84.47680803832361,4.873954610048215,1.0,0.0
est-lifted_interaction__dir-lifted_interaction__support-projected__cal-response_gain__controller-base,lifted_interaction,lifted_interaction,projected,response_gain,base,13,7.528990182431887e-05,0.00790163036271001,0.0016618989764726872,0.950990782248282,0.9826359692140806,0.9919762499474717,0.99209836963729,1.0,5.6425683562868585e-15,1.121355736907292e-15,8.140496933682762,9.962362490477526,85.09478462581558,4.897066455182147,1.0,0.0
est-lifted_interaction__dir-lifted_interaction__support-projected__cal-response_gain__controller-base,lifted_interaction,lifted_interaction,projected,response_gain,base,14,3.9414119986318176e-05,0.005514564722082797,0.0016618989764725324,0.9538914334429067,0.9856331425318318,0.9943633155880988,0.9944854352779172,1.0,4.718231654449999e-15,9.376609727519116e-16,8.160977562291311,9.99274905068263,85.52931169016576,4.913302526388733,1.0,0.0
est-lifted_interaction__dir-lifted_interaction__support-projected__cal-response_gain__controller-base,lifted_interaction,lifted_interaction,projected,response_gain,base,15,2.1487419798688957e-05,0.0038376511095422608,0.0016618989764725898,0.9559291409071305,0.987738656787552,0.9960402292006396,0.996162348890458,1.0,4.671795615849895e-15,9.28432671915209e-16,8.175402950561182,10.014095609226718,85.83476197714369,4.924708366411361,1.0,
