analysis_status,selector_family,model,measurement_budget,pool_id,target,policy,selected_mask_id,selected_head_count,selected_size_match_cell,predicted_target_loss,predicted_objective
exploratory_post_outcome_not_confirmatory,direct_risk,additive_head,20,candidate_pool_00,0.5,target_loss,mask_153f1c2a9e066490,6,n_heads_06,0.015035939366052686,0.015035939366052686
exploratory_post_outcome_not_confirmatory,direct_risk,additive_head,20,candidate_pool_00,0.5,cost_aware,mask_153f1c2a9e066490,6,n_heads_06,0.015035939366052686,0.13503593936605268
exploratory_post_outcome_not_confirmatory,direct_risk,additive_head,20,candidate_pool_00,1.0,target_loss,mask_153f1c2a9e066490,6,n_heads_06,-0.1624242723776284,-0.1624242723776284
exploratory_post_outcome_not_confirmatory,direct_risk,additive_head,20,candidate_pool_00,1.0,cost_aware,mask_153f1c2a9e066490,6,n_heads_06,-0.1624242723776284,-0.042424272377628414
exploratory_post_outcome_not_confirmatory,direct_risk,additive_head,20,candidate_pool_00,1.5,target_loss,mask_153f1c2a9e066490,6,n_heads_06,-0.06463189938030334,-0.06463189938030334
exploratory_post_outcome_not_confirmatory,direct_risk,additive_head,20,candidate_pool_00,1.5,cost_aware,mask_153f1c2a9e066490,6,n_heads_06,-0.06463189938030334,0.05536810061969666
exploratory_post_outcome_not_confirmatory,direct_risk,additive_head,20,candidate_pool_01,0.5,target_loss,mask_c6f04107d7ae9b56,9,n_heads_09,-0.31457333474722865,-0.31457333474722865
exploratory_post_outcome_not_confirmatory,direct_risk,additive_head,20,candidate_pool_01,0.5,cost_aware,mask_c6f04107d7ae9b56,9,n_heads_09,-0.31457333474722865,-0.13457333474722866
exploratory_post_outcome_not_confirmatory,direct_risk,additive_head,20,candidate_pool_01,1.0,target_loss,mask_c6f04107d7ae9b56,9,n_heads_09,-0.5823441099756247,-0.5823441099756247
exploratory_post_outcome_not_confirmatory,direct_risk,additive_head,20,candidate_pool_01,1.0,cost_aware,mask_c6f04107d7ae9b56,9,n_heads_09,-0.5823441099756247,-0.4023441099756247
exploratory_post_outcome_not_confirmatory,direct_risk,additive_head,20,candidate_pool_01,1.5,target_loss,mask_c6f04107d7ae9b56,9,n_heads_09,-0.6028090582616741,-0.6028090582616741
exploratory_post_outcome_not_confirmatory,direct_risk,additive_head,20,candidate_pool_01,1.5,cost_aware,mask_c6f04107d7ae9b56,9,n_heads_09,-0.6028090582616741,-0.4228090582616741
exploratory_post_outcome_not_confirmatory,direct_risk,additive_head,20,candidate_pool_02,0.5,target_loss,mask_3c9ed4cc352cbb27,5,n_heads_05,0.18442339918729578,0.18442339918729578
exploratory_post_outcome_not_confirmatory,direct_risk,additive_head,20,candidate_pool_02,0.5,cost_aware,mask_3c9ed4cc352cbb27,5,n_heads_05,0.18442339918729578,0.28442339918729576
exploratory_post_outcome_not_confirmatory,direct_risk,additive_head,20,candidate_pool_02,1.0,target_loss,mask_3c9ed4cc352cbb27,5,n_heads_05,0.03766153873271159,0.03766153873271159
exploratory_post_outcome_not_confirmatory,direct_risk,additive_head,20,candidate_pool_02,1.0,cost_aware,mask_3c9ed4cc352cbb27,5,n_heads_05,0.03766153873271159,0.13766153873271159
exploratory_post_outcome_not_confirmatory,direct_risk,additive_head,20,candidate_pool_02,1.5,target_loss,mask_3c9ed4cc352cbb27,5,n_heads_05,0.0679481586005715,0.0679481586005715
exploratory_post_outcome_not_confirmatory,direct_risk,additive_head,20,candidate_pool_02,1.5,cost_aware,mask_3c9ed4cc352cbb27,5,n_heads_05,0.0679481586005715,0.1679481586005715
exploratory_post_outcome_not_confirmatory,direct_risk,additive_head,20,candidate_pool_03,0.5,target_loss,mask_aedb2c503c8eced2,5,n_heads_05,0.014028288280447686,0.014028288280447686
exploratory_post_outcome_not_confirmatory,direct_risk,additive_head,20,candidate_pool_03,0.5,cost_aware,mask_aedb2c503c8eced2,5,n_heads_05,0.014028288280447686,0.1140282882804477
exploratory_post_outcome_not_confirmatory,direct_risk,additive_head,20,candidate_pool_03,1.0,target_loss,mask_0f1c886d2bd569f0,7,n_heads_07,0.19412719064894102,0.19412719064894102
exploratory_post_outcome_not_confirmatory,direct_risk,additive_head,20,candidate_pool_03,1.0,cost_aware,mask_0f1c886d2bd569f0,7,n_heads_07,0.19412719064894102,0.33412719064894103
exploratory_post_outcome_not_confirmatory,direct_risk,additive_head,20,candidate_pool_03,1.5,target_loss,mask_0f1c886d2bd569f0,7,n_heads_07,0.24210493531458271,0.24210493531458271
exploratory_post_outcome_not_confirmatory,direct_risk,additive_head,20,candidate_pool_03,1.5,cost_aware,mask_0f1c886d2bd569f0,7,n_heads_07,0.24210493531458271,0.3821049353145827
exploratory_post_outcome_not_confirmatory,direct_risk,additive_head,20,candidate_pool_04,0.5,target_loss,mask_93f84412f1b2de39,7,n_heads_07,0.08009034735449638,0.08009034735449638
exploratory_post_outcome_not_confirmatory,direct_risk,additive_head,20,candidate_pool_04,0.5,cost_aware,mask_93f84412f1b2de39,7,n_heads_07,0.08009034735449638,0.2200903473544964
exploratory_post_outcome_not_confirmatory,direct_risk,additive_head,20,candidate_pool_04,1.0,target_loss,mask_6d2e3876c8f68db8,9,n_heads_09,0.07176136840058207,0.07176136840058207
exploratory_post_outcome_not_confirmatory,direct_risk,additive_head,20,candidate_pool_04,1.0,cost_aware,mask_6d2e3876c8f68db8,9,n_heads_09,0.07176136840058207,0.25176136840058205
exploratory_post_outcome_not_confirmatory,direct_risk,additive_head,20,candidate_pool_04,1.5,target_loss,mask_6d2e3876c8f68db8,9,n_heads_09,0.05726976558211626,0.05726976558211626
exploratory_post_outcome_not_confirmatory,direct_risk,additive_head,20,candidate_pool_04,1.5,cost_aware,mask_6d2e3876c8f68db8,9,n_heads_09,0.05726976558211626,0.23726976558211627
exploratory_post_outcome_not_confirmatory,direct_risk,additive_head,20,candidate_pool_05,0.5,target_loss,mask_0ea1a19911258943,4,n_heads_04,0.1790658052518897,0.1790658052518897
exploratory_post_outcome_not_confirmatory,direct_risk,additive_head,20,candidate_pool_05,0.5,cost_aware,mask_0ea1a19911258943,4,n_heads_04,0.1790658052518897,0.2590658052518897
exploratory_post_outcome_not_confirmatory,direct_risk,additive_head,20,candidate_pool_05,1.0,target_loss,mask_f5d21a1898de9318,7,n_heads_07,0.005015061701949208,0.005015061701949208
exploratory_post_outcome_not_confirmatory,direct_risk,additive_head,20,candidate_pool_05,1.0,cost_aware,mask_f5d21a1898de9318,7,n_heads_07,0.005015061701949208,0.14501506170194922
exploratory_post_outcome_not_confirmatory,direct_risk,additive_head,20,candidate_pool_05,1.5,target_loss,mask_f5d21a1898de9318,7,n_heads_07,-0.02693859343351568,-0.02693859343351568
exploratory_post_outcome_not_confirmatory,direct_risk,additive_head,20,candidate_pool_05,1.5,cost_aware,mask_f5d21a1898de9318,7,n_heads_07,-0.02693859343351568,0.11306140656648433
exploratory_post_outcome_not_confirmatory,direct_risk,additive_head,20,candidate_pool_06,0.5,target_loss,mask_f2b097d9ab973b9b,7,n_heads_07,-0.17469366563873406,-0.17469366563873406
exploratory_post_outcome_not_confirmatory,direct_risk,additive_head,20,candidate_pool_06,0.5,cost_aware,mask_f2b097d9ab973b9b,7,n_heads_07,-0.17469366563873406,-0.03469366563873405
exploratory_post_outcome_not_confirmatory,direct_risk,additive_head,20,candidate_pool_06,1.0,target_loss,mask_8a4903df460893e2,6,n_heads_06,-0.06214529474831137,-0.06214529474831137
exploratory_post_outcome_not_confirmatory,direct_risk,additive_head,20,candidate_pool_06,1.0,cost_aware,mask_8a4903df460893e2,6,n_heads_06,-0.06214529474831137,0.05785470525168863
exploratory_post_outcome_not_confirmatory,direct_risk,additive_head,20,candidate_pool_06,1.5,target_loss,mask_8a4903df460893e2,6,n_heads_06,-0.055790768801566526,-0.055790768801566526
exploratory_post_outcome_not_confirmatory,direct_risk,additive_head,20,candidate_pool_06,1.5,cost_aware,mask_8a4903df460893e2,6,n_heads_06,-0.055790768801566526,0.06420923119843347
exploratory_post_outcome_not_confirmatory,direct_risk,additive_head,20,candidate_pool_07,0.5,target_loss,mask_66a1456a9ed6a190,9,n_heads_09,-0.17959116671946723,-0.17959116671946723
exploratory_post_outcome_not_confirmatory,direct_risk,additive_head,20,candidate_pool_07,0.5,cost_aware,mask_66a1456a9ed6a190,9,n_heads_09,-0.17959116671946723,0.000408833280532761
exploratory_post_outcome_not_confirmatory,direct_risk,additive_head,20,candidate_pool_07,1.0,target_loss,mask_66a1456a9ed6a190,9,n_heads_09,-0.3447558452861435,-0.3447558452861435
exploratory_post_outcome_not_confirmatory,direct_risk,additive_head,20,candidate_pool_07,1.0,cost_aware,mask_66a1456a9ed6a190,9,n_heads_09,-0.3447558452861435,-0.1647558452861435
exploratory_post_outcome_not_confirmatory,direct_risk,additive_head,20,candidate_pool_07,1.5,target_loss,mask_66a1456a9ed6a190,9,n_heads_09,-0.2664678946994458,-0.2664678946994458
exploratory_post_outcome_not_confirmatory,direct_risk,additive_head,20,candidate_pool_07,1.5,cost_aware,mask_66a1456a9ed6a190,9,n_heads_09,-0.2664678946994458,-0.08646789469944582
exploratory_post_outcome_not_confirmatory,direct_risk,additive_head,20,candidate_pool_08,0.5,target_loss,mask_0483c7c3a82ced7e,6,n_heads_06,-0.12299029812004242,-0.12299029812004242
exploratory_post_outcome_not_confirmatory,direct_risk,additive_head,20,candidate_pool_08,0.5,cost_aware,mask_0483c7c3a82ced7e,6,n_heads_06,-0.12299029812004242,-0.002990298120042423
exploratory_post_outcome_not_confirmatory,direct_risk,additive_head,20,candidate_pool_08,1.0,target_loss,mask_0483c7c3a82ced7e,6,n_heads_06,0.09998393337230543,0.09998393337230543
exploratory_post_outcome_not_confirmatory,direct_risk,additive_head,20,candidate_pool_08,1.0,cost_aware,mask_0483c7c3a82ced7e,6,n_heads_06,0.09998393337230543,0.21998393337230543
exploratory_post_outcome_not_confirmatory,direct_risk,additive_head,20,candidate_pool_08,1.5,target_loss,mask_a9f1de05a2b5cc89,7,n_heads_07,0.2645722196467636,0.2645722196467636
exploratory_post_outcome_not_confirmatory,direct_risk,additive_head,20,candidate_pool_08,1.5,cost_aware,mask_a9f1de05a2b5cc89,7,n_heads_07,0.2645722196467636,0.4045722196467636
exploratory_post_outcome_not_confirmatory,direct_risk,additive_head,20,candidate_pool_09,0.5,target_loss,mask_6c66643ec3bf086c,6,n_heads_06,0.11988479858737122,0.11988479858737122
exploratory_post_outcome_not_confirmatory,direct_risk,additive_head,20,candidate_pool_09,0.5,cost_aware,mask_6c66643ec3bf086c,6,n_heads_06,0.11988479858737122,0.23988479858737122
exploratory_post_outcome_not_confirmatory,direct_risk,additive_head,20,candidate_pool_09,1.0,target_loss,mask_6c66643ec3bf086c,6,n_heads_06,-0.02230421192744464,-0.02230421192744464
exploratory_post_outcome_not_confirmatory,direct_risk,additive_head,20,candidate_pool_09,1.0,cost_aware,mask_6c66643ec3bf086c,6,n_heads_06,-0.02230421192744464,0.09769578807255536
exploratory_post_outcome_not_confirmatory,direct_risk,additive_head,20,candidate_pool_09,1.5,target_loss,mask_6c66643ec3bf086c,6,n_heads_06,0.050947333013895535,0.050947333013895535
exploratory_post_outcome_not_confirmatory,direct_risk,additive_head,20,candidate_pool_09,1.5,cost_aware,mask_6c66643ec3bf086c,6,n_heads_06,0.050947333013895535,0.17094733301389553
exploratory_post_outcome_not_confirmatory,direct_risk,additive_head,40,candidate_pool_00,0.5,target_loss,mask_a096a397a7d70275,7,n_heads_07,0.49277644811750987,0.49277644811750987
exploratory_post_outcome_not_confirmatory,direct_risk,additive_head,40,candidate_pool_00,0.5,cost_aware,mask_a096a397a7d70275,7,n_heads_07,0.49277644811750987,0.6327764481175099
exploratory_post_outcome_not_confirmatory,direct_risk,additive_head,40,candidate_pool_00,1.0,target_loss,mask_a096a397a7d70275,7,n_heads_07,0.35752252337748375,0.35752252337748375
exploratory_post_outcome_not_confirmatory,direct_risk,additive_head,40,candidate_pool_00,1.0,cost_aware,mask_a096a397a7d70275,7,n_heads_07,0.35752252337748375,0.49752252337748376
exploratory_post_outcome_not_confirmatory,direct_risk,additive_head,40,candidate_pool_00,1.5,target_loss,mask_a096a397a7d70275,7,n_heads_07,0.4019798731541244,0.4019798731541244
exploratory_post_outcome_not_confirmatory,direct_risk,additive_head,40,candidate_pool_00,1.5,cost_aware,mask_a096a397a7d70275,7,n_heads_07,0.4019798731541244,0.5419798731541244
exploratory_post_outcome_not_confirmatory,direct_risk,additive_head,40,candidate_pool_01,0.5,target_loss,mask_3507ab216f864cbe,4,n_heads_04,0.10225419909197145,0.10225419909197145
exploratory_post_outcome_not_confirmatory,direct_risk,additive_head,40,candidate_pool_01,0.5,cost_aware,mask_3507ab216f864cbe,4,n_heads_04,0.10225419909197145,0.18225419909197144
exploratory_post_outcome_not_confirmatory,direct_risk,additive_head,40,candidate_pool_01,1.0,target_loss,mask_3507ab216f864cbe,4,n_heads_04,0.161908396299956,0.161908396299956
exploratory_post_outcome_not_confirmatory,direct_risk,additive_head,40,candidate_pool_01,1.0,cost_aware,mask_3507ab216f864cbe,4,n_heads_04,0.161908396299956,0.24190839629995597
exploratory_post_outcome_not_confirmatory,direct_risk,additive_head,40,candidate_pool_01,1.5,target_loss,mask_3507ab216f864cbe,4,n_heads_04,0.3419103182437605,0.3419103182437605
exploratory_post_outcome_not_confirmatory,direct_risk,additive_head,40,candidate_pool_01,1.5,cost_aware,mask_3507ab216f864cbe,4,n_heads_04,0.3419103182437605,0.4219103182437605
exploratory_post_outcome_not_confirmatory,direct_risk,additive_head,40,candidate_pool_02,0.5,target_loss,mask_3c9ed4cc352cbb27,5,n_heads_05,0.20073565985932265,0.20073565985932265
exploratory_post_outcome_not_confirmatory,direct_risk,additive_head,40,candidate_pool_02,0.5,cost_aware,mask_3c9ed4cc352cbb27,5,n_heads_05,0.20073565985932265,0.30073565985932266
exploratory_post_outcome_not_confirmatory,direct_risk,additive_head,40,candidate_pool_02,1.0,target_loss,mask_3c9ed4cc352cbb27,5,n_heads_05,0.14895497145190414,0.14895497145190414
exploratory_post_outcome_not_confirmatory,direct_risk,additive_head,40,candidate_pool_02,1.0,cost_aware,mask_3c9ed4cc352cbb27,5,n_heads_05,0.14895497145190414,0.24895497145190415
exploratory_post_outcome_not_confirmatory,direct_risk,additive_head,40,candidate_pool_02,1.5,target_loss,mask_3c9ed4cc352cbb27,5,n_heads_05,0.23949471555323398,0.23949471555323398
exploratory_post_outcome_not_confirmatory,direct_risk,additive_head,40,candidate_pool_02,1.5,cost_aware,mask_3c9ed4cc352cbb27,5,n_heads_05,0.23949471555323398,0.33949471555323396
exploratory_post_outcome_not_confirmatory,direct_risk,additive_head,40,candidate_pool_03,0.5,target_loss,mask_438eb8e7551c3dd4,4,n_heads_04,0.4645109472302704,0.4645109472302704
exploratory_post_outcome_not_confirmatory,direct_risk,additive_head,40,candidate_pool_03,0.5,cost_aware,mask_438eb8e7551c3dd4,4,n_heads_04,0.4645109472302704,0.5445109472302704
exploratory_post_outcome_not_confirmatory,direct_risk,additive_head,40,candidate_pool_03,1.0,target_loss,mask_5b90a18db67578c0,5,n_heads_05,0.6508624758888242,0.6508624758888242
exploratory_post_outcome_not_confirmatory,direct_risk,additive_head,40,candidate_pool_03,1.0,cost_aware,mask_5b90a18db67578c0,5,n_heads_05,0.6508624758888242,0.7508624758888242
exploratory_post_outcome_not_confirmatory,direct_risk,additive_head,40,candidate_pool_03,1.5,target_loss,mask_5b90a18db67578c0,5,n_heads_05,0.7741977037688111,0.7741977037688111
exploratory_post_outcome_not_confirmatory,direct_risk,additive_head,40,candidate_pool_03,1.5,cost_aware,mask_5b90a18db67578c0,5,n_heads_05,0.7741977037688111,0.8741977037688111
exploratory_post_outcome_not_confirmatory,direct_risk,additive_head,40,candidate_pool_04,0.5,target_loss,mask_f0c601118b39fe23,4,n_heads_04,0.5081914644511847,0.5081914644511847
exploratory_post_outcome_not_confirmatory,direct_risk,additive_head,40,candidate_pool_04,0.5,cost_aware,mask_f0c601118b39fe23,4,n_heads_04,0.5081914644511847,0.5881914644511846
exploratory_post_outcome_not_confirmatory,direct_risk,additive_head,40,candidate_pool_04,1.0,target_loss,mask_6d2e3876c8f68db8,9,n_heads_09,0.6669407462930625,0.6669407462930625
exploratory_post_outcome_not_confirmatory,direct_risk,additive_head,40,candidate_pool_04,1.0,cost_aware,mask_6d2e3876c8f68db8,9,n_heads_09,0.6669407462930625,0.8469407462930625
exploratory_post_outcome_not_confirmatory,direct_risk,additive_head,40,candidate_pool_04,1.5,target_loss,mask_6d2e3876c8f68db8,9,n_heads_09,0.7265827321491644,0.7265827321491644
exploratory_post_outcome_not_confirmatory,direct_risk,additive_head,40,candidate_pool_04,1.5,cost_aware,mask_6d2e3876c8f68db8,9,n_heads_09,0.7265827321491644,0.9065827321491644
exploratory_post_outcome_not_confirmatory,direct_risk,additive_head,40,candidate_pool_05,0.5,target_loss,mask_f5d21a1898de9318,7,n_heads_07,0.6020083649882204,0.6020083649882204
exploratory_post_outcome_not_confirmatory,direct_risk,additive_head,40,candidate_pool_05,0.5,cost_aware,mask_f5d21a1898de9318,7,n_heads_07,0.6020083649882204,0.7420083649882204
exploratory_post_outcome_not_confirmatory,direct_risk,additive_head,40,candidate_pool_05,1.0,target_loss,mask_f5d21a1898de9318,7,n_heads_07,0.3489071472598996,0.3489071472598996
exploratory_post_outcome_not_confirmatory,direct_risk,additive_head,40,candidate_pool_05,1.0,cost_aware,mask_f5d21a1898de9318,7,n_heads_07,0.3489071472598996,0.4889071472598996
exploratory_post_outcome_not_confirmatory,direct_risk,additive_head,40,candidate_pool_05,1.5,target_loss,mask_f5d21a1898de9318,7,n_heads_07,0.32081438298814446,0.32081438298814446
exploratory_post_outcome_not_confirmatory,direct_risk,additive_head,40,candidate_pool_05,1.5,cost_aware,mask_f5d21a1898de9318,7,n_heads_07,0.32081438298814446,0.4608143829881445
exploratory_post_outcome_not_confirmatory,direct_risk,additive_head,40,candidate_pool_06,0.5,target_loss,mask_8a4903df460893e2,6,n_heads_06,0.21633614344300234,0.21633614344300234
exploratory_post_outcome_not_confirmatory,direct_risk,additive_head,40,candidate_pool_06,0.5,cost_aware,mask_8a4903df460893e2,6,n_heads_06,0.21633614344300234,0.33633614344300233
exploratory_post_outcome_not_confirmatory,direct_risk,additive_head,40,candidate_pool_06,1.0,target_loss,mask_8a4903df460893e2,6,n_heads_06,0.1873894396439221,0.1873894396439221
exploratory_post_outcome_not_confirmatory,direct_risk,additive_head,40,candidate_pool_06,1.0,cost_aware,mask_8a4903df460893e2,6,n_heads_06,0.1873894396439221,0.30738943964392207
exploratory_post_outcome_not_confirmatory,direct_risk,additive_head,40,candidate_pool_06,1.5,target_loss,mask_8a4903df460893e2,6,n_heads_06,0.2688863058315016,0.2688863058315016
exploratory_post_outcome_not_confirmatory,direct_risk,additive_head,40,candidate_pool_06,1.5,cost_aware,mask_8a4903df460893e2,6,n_heads_06,0.2688863058315016,0.3888863058315016
exploratory_post_outcome_not_confirmatory,direct_risk,additive_head,40,candidate_pool_07,0.5,target_loss,mask_83fe021aaca96bf0,5,n_heads_05,0.3207206498586529,0.3207206498586529
exploratory_post_outcome_not_confirmatory,direct_risk,additive_head,40,candidate_pool_07,0.5,cost_aware,mask_83fe021aaca96bf0,5,n_heads_05,0.3207206498586529,0.4207206498586529
exploratory_post_outcome_not_confirmatory,direct_risk,additive_head,40,candidate_pool_07,1.0,target_loss,mask_83fe021aaca96bf0,5,n_heads_05,0.21102202248721988,0.21102202248721988
exploratory_post_outcome_not_confirmatory,direct_risk,additive_head,40,candidate_pool_07,1.0,cost_aware,mask_83fe021aaca96bf0,5,n_heads_05,0.21102202248721988,0.3110220224872199
exploratory_post_outcome_not_confirmatory,direct_risk,additive_head,40,candidate_pool_07,1.5,target_loss,mask_83fe021aaca96bf0,5,n_heads_05,0.3143513428817445,0.3143513428817445
exploratory_post_outcome_not_confirmatory,direct_risk,additive_head,40,candidate_pool_07,1.5,cost_aware,mask_83fe021aaca96bf0,5,n_heads_05,0.3143513428817445,0.41435134288174447
exploratory_post_outcome_not_confirmatory,direct_risk,additive_head,40,candidate_pool_08,0.5,target_loss,mask_0483c7c3a82ced7e,6,n_heads_06,0.6400077870044505,0.6400077870044505
exploratory_post_outcome_not_confirmatory,direct_risk,additive_head,40,candidate_pool_08,0.5,cost_aware,mask_0483c7c3a82ced7e,6,n_heads_06,0.6400077870044505,0.7600077870044505
exploratory_post_outcome_not_confirmatory,direct_risk,additive_head,40,candidate_pool_08,1.0,target_loss,mask_a9f1de05a2b5cc89,7,n_heads_07,0.5259902888771397,0.5259902888771397
exploratory_post_outcome_not_confirmatory,direct_risk,additive_head,40,candidate_pool_08,1.0,cost_aware,mask_a9f1de05a2b5cc89,7,n_heads_07,0.5259902888771397,0.6659902888771397
exploratory_post_outcome_not_confirmatory,direct_risk,additive_head,40,candidate_pool_08,1.5,target_loss,mask_a9f1de05a2b5cc89,7,n_heads_07,0.523512433906039,0.523512433906039
exploratory_post_outcome_not_confirmatory,direct_risk,additive_head,40,candidate_pool_08,1.5,cost_aware,mask_a9f1de05a2b5cc89,7,n_heads_07,0.523512433906039,0.663512433906039
exploratory_post_outcome_not_confirmatory,direct_risk,additive_head,40,candidate_pool_09,0.5,target_loss,mask_7014c21a00895564,4,n_heads_04,0.46788464455293355,0.46788464455293355
exploratory_post_outcome_not_confirmatory,direct_risk,additive_head,40,candidate_pool_09,0.5,cost_aware,mask_7014c21a00895564,4,n_heads_04,0.46788464455293355,0.5478846445529335
exploratory_post_outcome_not_confirmatory,direct_risk,additive_head,40,candidate_pool_09,1.0,target_loss,mask_c3f11a7d9ebab23d,6,n_heads_06,0.7932246067997345,0.7932246067997345
exploratory_post_outcome_not_confirmatory,direct_risk,additive_head,40,candidate_pool_09,1.0,cost_aware,mask_c3f11a7d9ebab23d,6,n_heads_06,0.7932246067997345,0.9132246067997345
exploratory_post_outcome_not_confirmatory,direct_risk,additive_head,40,candidate_pool_09,1.5,target_loss,mask_6c66643ec3bf086c,6,n_heads_06,0.8202489276682304,0.8202489276682304
exploratory_post_outcome_not_confirmatory,direct_risk,additive_head,40,candidate_pool_09,1.5,cost_aware,mask_6c66643ec3bf086c,6,n_heads_06,0.8202489276682304,0.9402489276682304
exploratory_post_outcome_not_confirmatory,direct_risk,additive_head,80,candidate_pool_00,0.5,target_loss,mask_153f1c2a9e066490,6,n_heads_06,0.20846846089967624,0.20846846089967624
exploratory_post_outcome_not_confirmatory,direct_risk,additive_head,80,candidate_pool_00,0.5,cost_aware,mask_153f1c2a9e066490,6,n_heads_06,0.20846846089967624,0.32846846089967624
exploratory_post_outcome_not_confirmatory,direct_risk,additive_head,80,candidate_pool_00,1.0,target_loss,mask_153f1c2a9e066490,6,n_heads_06,0.05659254568142727,0.05659254568142727
exploratory_post_outcome_not_confirmatory,direct_risk,additive_head,80,candidate_pool_00,1.0,cost_aware,mask_153f1c2a9e066490,6,n_heads_06,0.05659254568142727,0.17659254568142727
exploratory_post_outcome_not_confirmatory,direct_risk,additive_head,80,candidate_pool_00,1.5,target_loss,mask_153f1c2a9e066490,6,n_heads_06,0.1184255969919299,0.1184255969919299
exploratory_post_outcome_not_confirmatory,direct_risk,additive_head,80,candidate_pool_00,1.5,cost_aware,mask_153f1c2a9e066490,6,n_heads_06,0.1184255969919299,0.2384255969919299
exploratory_post_outcome_not_confirmatory,direct_risk,additive_head,80,candidate_pool_01,0.5,target_loss,mask_c6f04107d7ae9b56,9,n_heads_09,0.07140908132211246,0.07140908132211246
exploratory_post_outcome_not_confirmatory,direct_risk,additive_head,80,candidate_pool_01,0.5,cost_aware,mask_c6f04107d7ae9b56,9,n_heads_09,0.07140908132211246,0.2514090813221125
exploratory_post_outcome_not_confirmatory,direct_risk,additive_head,80,candidate_pool_01,1.0,target_loss,mask_c6f04107d7ae9b56,9,n_heads_09,-0.17869485957595913,-0.17869485957595913
exploratory_post_outcome_not_confirmatory,direct_risk,additive_head,80,candidate_pool_01,1.0,cost_aware,mask_c6f04107d7ae9b56,9,n_heads_09,-0.17869485957595913,0.0013051404240408682
exploratory_post_outcome_not_confirmatory,direct_risk,additive_head,80,candidate_pool_01,1.5,target_loss,mask_c6f04107d7ae9b56,9,n_heads_09,-0.18860302778028226,-0.18860302778028226
exploratory_post_outcome_not_confirmatory,direct_risk,additive_head,80,candidate_pool_01,1.5,cost_aware,mask_c6f04107d7ae9b56,9,n_heads_09,-0.18860302778028226,-0.008603027780282269
exploratory_post_outcome_not_confirmatory,direct_risk,additive_head,80,candidate_pool_02,0.5,target_loss,mask_c7772d470875866f,4,n_heads_04,0.12461270975298563,0.12461270975298563
exploratory_post_outcome_not_confirmatory,direct_risk,additive_head,80,candidate_pool_02,0.5,cost_aware,mask_c7772d470875866f,4,n_heads_04,0.12461270975298563,0.20461270975298562
exploratory_post_outcome_not_confirmatory,direct_risk,additive_head,80,candidate_pool_02,1.0,target_loss,mask_c7772d470875866f,4,n_heads_04,0.16753457030746216,0.16753457030746216
exploratory_post_outcome_not_confirmatory,direct_risk,additive_head,80,candidate_pool_02,1.0,cost_aware,mask_c7772d470875866f,4,n_heads_04,0.16753457030746216,0.24753457030746218
exploratory_post_outcome_not_confirmatory,direct_risk,additive_head,80,candidate_pool_02,1.5,target_loss,mask_c7772d470875866f,4,n_heads_04,0.38958120057722667,0.38958120057722667
exploratory_post_outcome_not_confirmatory,direct_risk,additive_head,80,candidate_pool_02,1.5,cost_aware,mask_c7772d470875866f,4,n_heads_04,0.38958120057722667,0.4695812005772267
exploratory_post_outcome_not_confirmatory,direct_risk,additive_head,80,candidate_pool_03,0.5,target_loss,mask_dc2e11f8d6ea9e67,6,n_heads_06,0.2670598522848332,0.2670598522848332
exploratory_post_outcome_not_confirmatory,direct_risk,additive_head,80,candidate_pool_03,0.5,cost_aware,mask_dc2e11f8d6ea9e67,6,n_heads_06,0.2670598522848332,0.3870598522848332
exploratory_post_outcome_not_confirmatory,direct_risk,additive_head,80,candidate_pool_03,1.0,target_loss,mask_dc2e11f8d6ea9e67,6,n_heads_06,0.32128422601057627,0.32128422601057627
exploratory_post_outcome_not_confirmatory,direct_risk,additive_head,80,candidate_pool_03,1.0,cost_aware,mask_dc2e11f8d6ea9e67,6,n_heads_06,0.32128422601057627,0.44128422601057626
exploratory_post_outcome_not_confirmatory,direct_risk,additive_head,80,candidate_pool_03,1.5,target_loss,mask_dc2e11f8d6ea9e67,6,n_heads_06,0.513716489308908,0.513716489308908
exploratory_post_outcome_not_confirmatory,direct_risk,additive_head,80,candidate_pool_03,1.5,cost_aware,mask_dc2e11f8d6ea9e67,6,n_heads_06,0.513716489308908,0.633716489308908
exploratory_post_outcome_not_confirmatory,direct_risk,additive_head,80,candidate_pool_04,0.5,target_loss,mask_6d2e3876c8f68db8,9,n_heads_09,0.6228325453307906,0.6228325453307906
exploratory_post_outcome_not_confirmatory,direct_risk,additive_head,80,candidate_pool_04,0.5,cost_aware,mask_6d2e3876c8f68db8,9,n_heads_09,0.6228325453307906,0.8028325453307905
exploratory_post_outcome_not_confirmatory,direct_risk,additive_head,80,candidate_pool_04,1.0,target_loss,mask_6d2e3876c8f68db8,9,n_heads_09,0.49755599650495885,0.49755599650495885
exploratory_post_outcome_not_confirmatory,direct_risk,additive_head,80,candidate_pool_04,1.0,cost_aware,mask_6d2e3876c8f68db8,9,n_heads_09,0.49755599650495885,0.6775559965049589
exploratory_post_outcome_not_confirmatory,direct_risk,additive_head,80,candidate_pool_04,1.5,target_loss,mask_6d2e3876c8f68db8,9,n_heads_09,0.5438290267671729,0.5438290267671729
exploratory_post_outcome_not_confirmatory,direct_risk,additive_head,80,candidate_pool_04,1.5,cost_aware,mask_6d2e3876c8f68db8,9,n_heads_09,0.5438290267671729,0.723829026767173
exploratory_post_outcome_not_confirmatory,direct_risk,additive_head,80,candidate_pool_05,0.5,target_loss,mask_de24099fc59a002a,4,n_heads_04,0.3867475489772673,0.3867475489772673
exploratory_post_outcome_not_confirmatory,direct_risk,additive_head,80,candidate_pool_05,0.5,cost_aware,mask_de24099fc59a002a,4,n_heads_04,0.3867475489772673,0.46674754897726733
exploratory_post_outcome_not_confirmatory,direct_risk,additive_head,80,candidate_pool_05,1.0,target_loss,mask_de24099fc59a002a,4,n_heads_04,0.335996859142905,0.335996859142905
exploratory_post_outcome_not_confirmatory,direct_risk,additive_head,80,candidate_pool_05,1.0,cost_aware,mask_de24099fc59a002a,4,n_heads_04,0.335996859142905,0.415996859142905
exploratory_post_outcome_not_confirmatory,direct_risk,additive_head,80,candidate_pool_05,1.5,target_loss,mask_f5d21a1898de9318,7,n_heads_07,0.3661780389612621,0.3661780389612621
exploratory_post_outcome_not_confirmatory,direct_risk,additive_head,80,candidate_pool_05,1.5,cost_aware,mask_f5d21a1898de9318,7,n_heads_07,0.3661780389612621,0.5061780389612621
exploratory_post_outcome_not_confirmatory,direct_risk,additive_head,80,candidate_pool_06,0.5,target_loss,mask_25276dd47f8ef77c,4,n_heads_04,0.2824789888056603,0.2824789888056603
exploratory_post_outcome_not_confirmatory,direct_risk,additive_head,80,candidate_pool_06,0.5,cost_aware,mask_25276dd47f8ef77c,4,n_heads_04,0.2824789888056603,0.3624789888056603
exploratory_post_outcome_not_confirmatory,direct_risk,additive_head,80,candidate_pool_06,1.0,target_loss,mask_382e0bf880e4af69,5,n_heads_05,0.35339827227144827,0.35339827227144827
exploratory_post_outcome_not_confirmatory,direct_risk,additive_head,80,candidate_pool_06,1.0,cost_aware,mask_382e0bf880e4af69,5,n_heads_05,0.35339827227144827,0.45339827227144824
exploratory_post_outcome_not_confirmatory,direct_risk,additive_head,80,candidate_pool_06,1.5,target_loss,mask_8a4903df460893e2,6,n_heads_06,0.5365074290790469,0.5365074290790469
exploratory_post_outcome_not_confirmatory,direct_risk,additive_head,80,candidate_pool_06,1.5,cost_aware,mask_8a4903df460893e2,6,n_heads_06,0.5365074290790469,0.6565074290790469
exploratory_post_outcome_not_confirmatory,direct_risk,additive_head,80,candidate_pool_07,0.5,target_loss,mask_83fe021aaca96bf0,5,n_heads_05,0.06327127263398488,0.06327127263398488
exploratory_post_outcome_not_confirmatory,direct_risk,additive_head,80,candidate_pool_07,0.5,cost_aware,mask_83fe021aaca96bf0,5,n_heads_05,0.06327127263398488,0.1632712726339849
exploratory_post_outcome_not_confirmatory,direct_risk,additive_head,80,candidate_pool_07,1.0,target_loss,mask_83fe021aaca96bf0,5,n_heads_05,-0.0027360732429502696,-0.0027360732429502696
exploratory_post_outcome_not_confirmatory,direct_risk,additive_head,80,candidate_pool_07,1.0,cost_aware,mask_83fe021aaca96bf0,5,n_heads_05,-0.0027360732429502696,0.09726392675704973
exploratory_post_outcome_not_confirmatory,direct_risk,additive_head,80,candidate_pool_07,1.5,target_loss,mask_66a1456a9ed6a190,9,n_heads_09,0.027800431664141534,0.027800431664141534
exploratory_post_outcome_not_confirmatory,direct_risk,additive_head,80,candidate_pool_07,1.5,cost_aware,mask_66a1456a9ed6a190,9,n_heads_09,0.027800431664141534,0.20780043166414153
exploratory_post_outcome_not_confirmatory,direct_risk,additive_head,80,candidate_pool_08,0.5,target_loss,mask_a842b06af7760b08,4,n_heads_04,0.36972020578105924,0.36972020578105924
exploratory_post_outcome_not_confirmatory,direct_risk,additive_head,80,candidate_pool_08,0.5,cost_aware,mask_a842b06af7760b08,4,n_heads_04,0.36972020578105924,0.44972020578105926
exploratory_post_outcome_not_confirmatory,direct_risk,additive_head,80,candidate_pool_08,1.0,target_loss,mask_a842b06af7760b08,4,n_heads_04,0.42682089872974216,0.42682089872974216
exploratory_post_outcome_not_confirmatory,direct_risk,additive_head,80,candidate_pool_08,1.0,cost_aware,mask_a842b06af7760b08,4,n_heads_04,0.42682089872974216,0.5068208987297421
exploratory_post_outcome_not_confirmatory,direct_risk,additive_head,80,candidate_pool_08,1.5,target_loss,mask_a842b06af7760b08,4,n_heads_04,0.6412656176832872,0.6412656176832872
exploratory_post_outcome_not_confirmatory,direct_risk,additive_head,80,candidate_pool_08,1.5,cost_aware,mask_a842b06af7760b08,4,n_heads_04,0.6412656176832872,0.7212656176832871
exploratory_post_outcome_not_confirmatory,direct_risk,additive_head,80,candidate_pool_09,0.5,target_loss,mask_6c66643ec3bf086c,6,n_heads_06,0.5241495324537542,0.5241495324537542
exploratory_post_outcome_not_confirmatory,direct_risk,additive_head,80,candidate_pool_09,0.5,cost_aware,mask_6c66643ec3bf086c,6,n_heads_06,0.5241495324537542,0.6441495324537542
exploratory_post_outcome_not_confirmatory,direct_risk,additive_head,80,candidate_pool_09,1.0,target_loss,mask_6c66643ec3bf086c,6,n_heads_06,0.3900310674887187,0.3900310674887187
exploratory_post_outcome_not_confirmatory,direct_risk,additive_head,80,candidate_pool_09,1.0,cost_aware,mask_6c66643ec3bf086c,6,n_heads_06,0.3900310674887187,0.5100310674887187
exploratory_post_outcome_not_confirmatory,direct_risk,additive_head,80,candidate_pool_09,1.5,target_loss,mask_6c66643ec3bf086c,6,n_heads_06,0.4180715175507101,0.4180715175507101
exploratory_post_outcome_not_confirmatory,direct_risk,additive_head,80,candidate_pool_09,1.5,cost_aware,mask_6c66643ec3bf086c,6,n_heads_06,0.4180715175507101,0.53807151755071
exploratory_post_outcome_not_confirmatory,direct_risk,additive_head,160,candidate_pool_00,0.5,target_loss,mask_153f1c2a9e066490,6,n_heads_06,0.3390570728323786,0.3390570728323786
exploratory_post_outcome_not_confirmatory,direct_risk,additive_head,160,candidate_pool_00,0.5,cost_aware,mask_153f1c2a9e066490,6,n_heads_06,0.3390570728323786,0.4590570728323786
exploratory_post_outcome_not_confirmatory,direct_risk,additive_head,160,candidate_pool_00,1.0,target_loss,mask_153f1c2a9e066490,6,n_heads_06,0.18543472391567206,0.18543472391567206
exploratory_post_outcome_not_confirmatory,direct_risk,additive_head,160,candidate_pool_00,1.0,cost_aware,mask_153f1c2a9e066490,6,n_heads_06,0.18543472391567206,0.30543472391567206
exploratory_post_outcome_not_confirmatory,direct_risk,additive_head,160,candidate_pool_00,1.5,target_loss,mask_153f1c2a9e066490,6,n_heads_06,0.22578019874065353,0.22578019874065353
exploratory_post_outcome_not_confirmatory,direct_risk,additive_head,160,candidate_pool_00,1.5,cost_aware,mask_153f1c2a9e066490,6,n_heads_06,0.22578019874065353,0.3457801987406535
exploratory_post_outcome_not_confirmatory,direct_risk,additive_head,160,candidate_pool_01,0.5,target_loss,mask_c6f04107d7ae9b56,9,n_heads_09,0.14094917427547893,0.14094917427547893
exploratory_post_outcome_not_confirmatory,direct_risk,additive_head,160,candidate_pool_01,0.5,cost_aware,mask_c6f04107d7ae9b56,9,n_heads_09,0.14094917427547893,0.3209491742754789
exploratory_post_outcome_not_confirmatory,direct_risk,additive_head,160,candidate_pool_01,1.0,target_loss,mask_c6f04107d7ae9b56,9,n_heads_09,-0.06820135748588468,-0.06820135748588468
exploratory_post_outcome_not_confirmatory,direct_risk,additive_head,160,candidate_pool_01,1.0,cost_aware,mask_c6f04107d7ae9b56,9,n_heads_09,-0.06820135748588468,0.11179864251411531
exploratory_post_outcome_not_confirmatory,direct_risk,additive_head,160,candidate_pool_01,1.5,target_loss,mask_c6f04107d7ae9b56,9,n_heads_09,-0.06488297423913605,-0.06488297423913605
exploratory_post_outcome_not_confirmatory,direct_risk,additive_head,160,candidate_pool_01,1.5,cost_aware,mask_c6f04107d7ae9b56,9,n_heads_09,-0.06488297423913605,0.11511702576086394
exploratory_post_outcome_not_confirmatory,direct_risk,additive_head,160,candidate_pool_02,0.5,target_loss,mask_c7772d470875866f,4,n_heads_04,0.38709481537405677,0.38709481537405677
exploratory_post_outcome_not_confirmatory,direct_risk,additive_head,160,candidate_pool_02,0.5,cost_aware,mask_c7772d470875866f,4,n_heads_04,0.38709481537405677,0.4670948153740568
exploratory_post_outcome_not_confirmatory,direct_risk,additive_head,160,candidate_pool_02,1.0,target_loss,mask_c7772d470875866f,4,n_heads_04,0.409025058499437,0.409025058499437
exploratory_post_outcome_not_confirmatory,direct_risk,additive_head,160,candidate_pool_02,1.0,cost_aware,mask_c7772d470875866f,4,n_heads_04,0.409025058499437,0.489025058499437
exploratory_post_outcome_not_confirmatory,direct_risk,additive_head,160,candidate_pool_02,1.5,target_loss,mask_c7772d470875866f,4,n_heads_04,0.59402487617509,0.59402487617509
exploratory_post_outcome_not_confirmatory,direct_risk,additive_head,160,candidate_pool_02,1.5,cost_aware,mask_c7772d470875866f,4,n_heads_04,0.59402487617509,0.67402487617509
exploratory_post_outcome_not_confirmatory,direct_risk,additive_head,160,candidate_pool_03,0.5,target_loss,mask_aedb2c503c8eced2,5,n_heads_05,0.47885487012009276,0.47885487012009276
exploratory_post_outcome_not_confirmatory,direct_risk,additive_head,160,candidate_pool_03,0.5,cost_aware,mask_aedb2c503c8eced2,5,n_heads_05,0.47885487012009276,0.5788548701200927
exploratory_post_outcome_not_confirmatory,direct_risk,additive_head,160,candidate_pool_03,1.0,target_loss,mask_0f1c886d2bd569f0,7,n_heads_07,0.5264767852226336,0.5264767852226336
exploratory_post_outcome_not_confirmatory,direct_risk,additive_head,160,candidate_pool_03,1.0,cost_aware,mask_0f1c886d2bd569f0,7,n_heads_07,0.5264767852226336,0.6664767852226336
exploratory_post_outcome_not_confirmatory,direct_risk,additive_head,160,candidate_pool_03,1.5,target_loss,mask_0f1c886d2bd569f0,7,n_heads_07,0.5528174121856274,0.5528174121856274
exploratory_post_outcome_not_confirmatory,direct_risk,additive_head,160,candidate_pool_03,1.5,cost_aware,mask_0f1c886d2bd569f0,7,n_heads_07,0.5528174121856274,0.6928174121856274
exploratory_post_outcome_not_confirmatory,direct_risk,additive_head,160,candidate_pool_04,0.5,target_loss,mask_6d2e3876c8f68db8,9,n_heads_09,0.6409618707147614,0.6409618707147614
exploratory_post_outcome_not_confirmatory,direct_risk,additive_head,160,candidate_pool_04,0.5,cost_aware,mask_6d2e3876c8f68db8,9,n_heads_09,0.6409618707147614,0.8209618707147615
exploratory_post_outcome_not_confirmatory,direct_risk,additive_head,160,candidate_pool_04,1.0,target_loss,mask_6d2e3876c8f68db8,9,n_heads_09,0.5298844928138491,0.5298844928138491
exploratory_post_outcome_not_confirmatory,direct_risk,additive_head,160,candidate_pool_04,1.0,cost_aware,mask_6d2e3876c8f68db8,9,n_heads_09,0.5298844928138491,0.709884492813849
exploratory_post_outcome_not_confirmatory,direct_risk,additive_head,160,candidate_pool_04,1.5,target_loss,mask_6d2e3876c8f68db8,9,n_heads_09,0.5831279325528066,0.5831279325528066
exploratory_post_outcome_not_confirmatory,direct_risk,additive_head,160,candidate_pool_04,1.5,cost_aware,mask_6d2e3876c8f68db8,9,n_heads_09,0.5831279325528066,0.7631279325528066
exploratory_post_outcome_not_confirmatory,direct_risk,additive_head,160,candidate_pool_05,0.5,target_loss,mask_f5d21a1898de9318,7,n_heads_07,0.4875956474416616,0.4875956474416616
exploratory_post_outcome_not_confirmatory,direct_risk,additive_head,160,candidate_pool_05,0.5,cost_aware,mask_de24099fc59a002a,4,n_heads_04,0.49648987404800293,0.5764898740480029
exploratory_post_outcome_not_confirmatory,direct_risk,additive_head,160,candidate_pool_05,1.0,target_loss,mask_f5d21a1898de9318,7,n_heads_07,0.3430068553188239,0.3430068553188239
exploratory_post_outcome_not_confirmatory,direct_risk,additive_head,160,candidate_pool_05,1.0,cost_aware,mask_f5d21a1898de9318,7,n_heads_07,0.3430068553188239,0.4830068553188239
exploratory_post_outcome_not_confirmatory,direct_risk,additive_head,160,candidate_pool_05,1.5,target_loss,mask_f5d21a1898de9318,7,n_heads_07,0.3803878676262349,0.3803878676262349
exploratory_post_outcome_not_confirmatory,direct_risk,additive_head,160,candidate_pool_05,1.5,cost_aware,mask_f5d21a1898de9318,7,n_heads_07,0.3803878676262349,0.5203878676262349
exploratory_post_outcome_not_confirmatory,direct_risk,additive_head,160,candidate_pool_06,0.5,target_loss,mask_382e0bf880e4af69,5,n_heads_05,0.47816915478975486,0.47816915478975486
exploratory_post_outcome_not_confirmatory,direct_risk,additive_head,160,candidate_pool_06,0.5,cost_aware,mask_382e0bf880e4af69,5,n_heads_05,0.47816915478975486,0.5781691547897548
exploratory_post_outcome_not_confirmatory,direct_risk,additive_head,160,candidate_pool_06,1.0,target_loss,mask_8a4903df460893e2,6,n_heads_06,0.5325983609035989,0.5325983609035989
exploratory_post_outcome_not_confirmatory,direct_risk,additive_head,160,candidate_pool_06,1.0,cost_aware,mask_8a4903df460893e2,6,n_heads_06,0.5325983609035989,0.6525983609035989
exploratory_post_outcome_not_confirmatory,direct_risk,additive_head,160,candidate_pool_06,1.5,target_loss,mask_8a4903df460893e2,6,n_heads_06,0.6637401876713676,0.6637401876713676
exploratory_post_outcome_not_confirmatory,direct_risk,additive_head,160,candidate_pool_06,1.5,cost_aware,mask_8a4903df460893e2,6,n_heads_06,0.6637401876713676,0.7837401876713675
exploratory_post_outcome_not_confirmatory,direct_risk,additive_head,160,candidate_pool_07,0.5,target_loss,mask_83fe021aaca96bf0,5,n_heads_05,0.17993560104355122,0.17993560104355122
exploratory_post_outcome_not_confirmatory,direct_risk,additive_head,160,candidate_pool_07,0.5,cost_aware,mask_83fe021aaca96bf0,5,n_heads_05,0.17993560104355122,0.2799356010435512
exploratory_post_outcome_not_confirmatory,direct_risk,additive_head,160,candidate_pool_07,1.0,target_loss,mask_66a1456a9ed6a190,9,n_heads_09,0.17171596119820787,0.17171596119820787
exploratory_post_outcome_not_confirmatory,direct_risk,additive_head,160,candidate_pool_07,1.0,cost_aware,mask_83fe021aaca96bf0,5,n_heads_05,0.17961961312115876,0.2796196131211588
exploratory_post_outcome_not_confirmatory,direct_risk,additive_head,160,candidate_pool_07,1.5,target_loss,mask_66a1456a9ed6a190,9,n_heads_09,0.11512434198488525,0.11512434198488525
exploratory_post_outcome_not_confirmatory,direct_risk,additive_head,160,candidate_pool_07,1.5,cost_aware,mask_66a1456a9ed6a190,9,n_heads_09,0.11512434198488525,0.29512434198488524
exploratory_post_outcome_not_confirmatory,direct_risk,additive_head,160,candidate_pool_08,0.5,target_loss,mask_a842b06af7760b08,4,n_heads_04,0.5844461098191619,0.5844461098191619
exploratory_post_outcome_not_confirmatory,direct_risk,additive_head,160,candidate_pool_08,0.5,cost_aware,mask_a842b06af7760b08,4,n_heads_04,0.5844461098191619,0.6644461098191619
exploratory_post_outcome_not_confirmatory,direct_risk,additive_head,160,candidate_pool_08,1.0,target_loss,mask_a842b06af7760b08,4,n_heads_04,0.6586948103994805,0.6586948103994805
exploratory_post_outcome_not_confirmatory,direct_risk,additive_head,160,candidate_pool_08,1.0,cost_aware,mask_a842b06af7760b08,4,n_heads_04,0.6586948103994805,0.7386948103994805
exploratory_post_outcome_not_confirmatory,direct_risk,additive_head,160,candidate_pool_08,1.5,target_loss,mask_a842b06af7760b08,4,n_heads_04,0.8776962474902179,0.8776962474902179
exploratory_post_outcome_not_confirmatory,direct_risk,additive_head,160,candidate_pool_08,1.5,cost_aware,mask_a842b06af7760b08,4,n_heads_04,0.8776962474902179,0.9576962474902179
exploratory_post_outcome_not_confirmatory,direct_risk,additive_head,160,candidate_pool_09,0.5,target_loss,mask_6c66643ec3bf086c,6,n_heads_06,0.6315312545824141,0.6315312545824141
exploratory_post_outcome_not_confirmatory,direct_risk,additive_head,160,candidate_pool_09,0.5,cost_aware,mask_6c66643ec3bf086c,6,n_heads_06,0.6315312545824141,0.7515312545824141
exploratory_post_outcome_not_confirmatory,direct_risk,additive_head,160,candidate_pool_09,1.0,target_loss,mask_6c66643ec3bf086c,6,n_heads_06,0.4915518645959985,0.4915518645959985
exploratory_post_outcome_not_confirmatory,direct_risk,additive_head,160,candidate_pool_09,1.0,cost_aware,mask_6c66643ec3bf086c,6,n_heads_06,0.4915518645959985,0.6115518645959985
exploratory_post_outcome_not_confirmatory,direct_risk,additive_head,160,candidate_pool_09,1.5,target_loss,mask_6c66643ec3bf086c,6,n_heads_06,0.5170293417204102,0.5170293417204102
exploratory_post_outcome_not_confirmatory,direct_risk,additive_head,160,candidate_pool_09,1.5,cost_aware,mask_6c66643ec3bf086c,6,n_heads_06,0.5170293417204102,0.6370293417204101
exploratory_post_outcome_not_confirmatory,direct_risk,count_additive,20,candidate_pool_00,0.5,target_loss,mask_153f1c2a9e066490,6,n_heads_06,0.053169158359469115,0.053169158359469115
exploratory_post_outcome_not_confirmatory,direct_risk,count_additive,20,candidate_pool_00,0.5,cost_aware,mask_153f1c2a9e066490,6,n_heads_06,0.053169158359469115,0.1731691583594691
exploratory_post_outcome_not_confirmatory,direct_risk,count_additive,20,candidate_pool_00,1.0,target_loss,mask_153f1c2a9e066490,6,n_heads_06,0.09406789185938247,0.09406789185938247
exploratory_post_outcome_not_confirmatory,direct_risk,count_additive,20,candidate_pool_00,1.0,cost_aware,mask_153f1c2a9e066490,6,n_heads_06,0.09406789185938247,0.21406789185938246
exploratory_post_outcome_not_confirmatory,direct_risk,count_additive,20,candidate_pool_00,1.5,target_loss,mask_153f1c2a9e066490,6,n_heads_06,0.2676466008893817,0.2676466008893817
exploratory_post_outcome_not_confirmatory,direct_risk,count_additive,20,candidate_pool_00,1.5,cost_aware,mask_153f1c2a9e066490,6,n_heads_06,0.2676466008893817,0.3876466008893817
exploratory_post_outcome_not_confirmatory,direct_risk,count_additive,20,candidate_pool_01,0.5,target_loss,mask_c6f04107d7ae9b56,9,n_heads_09,-0.33534976464254107,-0.33534976464254107
exploratory_post_outcome_not_confirmatory,direct_risk,count_additive,20,candidate_pool_01,0.5,cost_aware,mask_c6f04107d7ae9b56,9,n_heads_09,-0.33534976464254107,-0.15534976464254108
exploratory_post_outcome_not_confirmatory,direct_risk,count_additive,20,candidate_pool_01,1.0,target_loss,mask_c6f04107d7ae9b56,9,n_heads_09,-0.6256166409652448,-0.6256166409652448
exploratory_post_outcome_not_confirmatory,direct_risk,count_additive,20,candidate_pool_01,1.0,cost_aware,mask_c6f04107d7ae9b56,9,n_heads_09,-0.6256166409652448,-0.44561664096524484
exploratory_post_outcome_not_confirmatory,direct_risk,count_additive,20,candidate_pool_01,1.5,target_loss,mask_c6f04107d7ae9b56,9,n_heads_09,-0.742082369925301,-0.742082369925301
exploratory_post_outcome_not_confirmatory,direct_risk,count_additive,20,candidate_pool_01,1.5,cost_aware,mask_c6f04107d7ae9b56,9,n_heads_09,-0.742082369925301,-0.562082369925301
exploratory_post_outcome_not_confirmatory,direct_risk,count_additive,20,candidate_pool_02,0.5,target_loss,mask_c7772d470875866f,4,n_heads_04,0.6285509180201245,0.6285509180201245
exploratory_post_outcome_not_confirmatory,direct_risk,count_additive,20,candidate_pool_02,0.5,cost_aware,mask_c7772d470875866f,4,n_heads_04,0.6285509180201245,0.7085509180201245
exploratory_post_outcome_not_confirmatory,direct_risk,count_additive,20,candidate_pool_02,1.0,target_loss,mask_c7772d470875866f,4,n_heads_04,1.0274094170938226,1.0274094170938226
exploratory_post_outcome_not_confirmatory,direct_risk,count_additive,20,candidate_pool_02,1.0,cost_aware,mask_c7772d470875866f,4,n_heads_04,1.0274094170938226,1.1074094170938227
exploratory_post_outcome_not_confirmatory,direct_risk,count_additive,20,candidate_pool_02,1.5,target_loss,mask_c7772d470875866f,4,n_heads_04,1.437079915655518,1.437079915655518
exploratory_post_outcome_not_confirmatory,direct_risk,count_additive,20,candidate_pool_02,1.5,cost_aware,mask_c7772d470875866f,4,n_heads_04,1.437079915655518,1.5170799156555181
exploratory_post_outcome_not_confirmatory,direct_risk,count_additive,20,candidate_pool_03,0.5,target_loss,mask_438eb8e7551c3dd4,4,n_heads_04,0.4158365344644541,0.4158365344644541
exploratory_post_outcome_not_confirmatory,direct_risk,count_additive,20,candidate_pool_03,0.5,cost_aware,mask_438eb8e7551c3dd4,4,n_heads_04,0.4158365344644541,0.49583653446445414
exploratory_post_outcome_not_confirmatory,direct_risk,count_additive,20,candidate_pool_03,1.0,target_loss,mask_dc6c2cd7cadbb670,7,n_heads_07,0.9652080819756277,0.9652080819756277
exploratory_post_outcome_not_confirmatory,direct_risk,count_additive,20,candidate_pool_03,1.0,cost_aware,mask_dc6c2cd7cadbb670,7,n_heads_07,0.9652080819756277,1.1052080819756278
exploratory_post_outcome_not_confirmatory,direct_risk,count_additive,20,candidate_pool_03,1.5,target_loss,mask_e3bfff07ca1cabef,9,n_heads_09,1.1849480954164358,1.1849480954164358
exploratory_post_outcome_not_confirmatory,direct_risk,count_additive,20,candidate_pool_03,1.5,cost_aware,mask_e3bfff07ca1cabef,9,n_heads_09,1.1849480954164358,1.3649480954164357
exploratory_post_outcome_not_confirmatory,direct_risk,count_additive,20,candidate_pool_04,0.5,target_loss,mask_93f84412f1b2de39,7,n_heads_07,0.18348620089971382,0.18348620089971382
exploratory_post_outcome_not_confirmatory,direct_risk,count_additive,20,candidate_pool_04,0.5,cost_aware,mask_93f84412f1b2de39,7,n_heads_07,0.18348620089971382,0.3234862008997138
exploratory_post_outcome_not_confirmatory,direct_risk,count_additive,20,candidate_pool_04,1.0,target_loss,mask_6d2e3876c8f68db8,9,n_heads_09,0.20626876583702453,0.20626876583702453
exploratory_post_outcome_not_confirmatory,direct_risk,count_additive,20,candidate_pool_04,1.0,cost_aware,mask_93f84412f1b2de39,7,n_heads_07,0.20635994622611592,0.34635994622611593
exploratory_post_outcome_not_confirmatory,direct_risk,count_additive,20,candidate_pool_04,1.5,target_loss,mask_6d2e3876c8f68db8,9,n_heads_09,0.21512757126986304,0.21512757126986304
exploratory_post_outcome_not_confirmatory,direct_risk,count_additive,20,candidate_pool_04,1.5,cost_aware,mask_6d2e3876c8f68db8,9,n_heads_09,0.21512757126986304,0.39512757126986303
exploratory_post_outcome_not_confirmatory,direct_risk,count_additive,20,candidate_pool_05,0.5,target_loss,mask_de24099fc59a002a,4,n_heads_04,0.24342234185046446,0.24342234185046446
exploratory_post_outcome_not_confirmatory,direct_risk,count_additive,20,candidate_pool_05,0.5,cost_aware,mask_de24099fc59a002a,4,n_heads_04,0.24342234185046446,0.3234223418504645
exploratory_post_outcome_not_confirmatory,direct_risk,count_additive,20,candidate_pool_05,1.0,target_loss,mask_de24099fc59a002a,4,n_heads_04,0.6640462068598979,0.6640462068598979
exploratory_post_outcome_not_confirmatory,direct_risk,count_additive,20,candidate_pool_05,1.0,cost_aware,mask_de24099fc59a002a,4,n_heads_04,0.6640462068598979,0.7440462068598979
exploratory_post_outcome_not_confirmatory,direct_risk,count_additive,20,candidate_pool_05,1.5,target_loss,mask_de24099fc59a002a,4,n_heads_04,1.0707223399166128,1.0707223399166128
exploratory_post_outcome_not_confirmatory,direct_risk,count_additive,20,candidate_pool_05,1.5,cost_aware,mask_de24099fc59a002a,4,n_heads_04,1.0707223399166128,1.1507223399166129
exploratory_post_outcome_not_confirmatory,direct_risk,count_additive,20,candidate_pool_06,0.5,target_loss,mask_f2b097d9ab973b9b,7,n_heads_07,0.08174234212218356,0.08174234212218356
exploratory_post_outcome_not_confirmatory,direct_risk,count_additive,20,candidate_pool_06,0.5,cost_aware,mask_f2b097d9ab973b9b,7,n_heads_07,0.08174234212218356,0.22174234212218358
exploratory_post_outcome_not_confirmatory,direct_risk,count_additive,20,candidate_pool_06,1.0,target_loss,mask_f2b097d9ab973b9b,7,n_heads_07,0.25152330260074945,0.25152330260074945
exploratory_post_outcome_not_confirmatory,direct_risk,count_additive,20,candidate_pool_06,1.0,cost_aware,mask_f2b097d9ab973b9b,7,n_heads_07,0.25152330260074945,0.39152330260074947
exploratory_post_outcome_not_confirmatory,direct_risk,count_additive,20,candidate_pool_06,1.5,target_loss,mask_f2b097d9ab973b9b,7,n_heads_07,0.493403290852765,0.493403290852765
exploratory_post_outcome_not_confirmatory,direct_risk,count_additive,20,candidate_pool_06,1.5,cost_aware,mask_f2b097d9ab973b9b,7,n_heads_07,0.493403290852765,0.633403290852765
exploratory_post_outcome_not_confirmatory,direct_risk,count_additive,20,candidate_pool_07,0.5,target_loss,mask_66a1456a9ed6a190,9,n_heads_09,-0.28409673690583265,-0.28409673690583265
exploratory_post_outcome_not_confirmatory,direct_risk,count_additive,20,candidate_pool_07,0.5,cost_aware,mask_66a1456a9ed6a190,9,n_heads_09,-0.28409673690583265,-0.10409673690583265
exploratory_post_outcome_not_confirmatory,direct_risk,count_additive,20,candidate_pool_07,1.0,target_loss,mask_66a1456a9ed6a190,9,n_heads_09,-0.5963498351166003,-0.5963498351166003
exploratory_post_outcome_not_confirmatory,direct_risk,count_additive,20,candidate_pool_07,1.0,cost_aware,mask_66a1456a9ed6a190,9,n_heads_09,-0.5963498351166003,-0.41634983511660034
exploratory_post_outcome_not_confirmatory,direct_risk,count_additive,20,candidate_pool_07,1.5,target_loss,mask_66a1456a9ed6a190,9,n_heads_09,-0.7132833112215902,-0.7132833112215902
exploratory_post_outcome_not_confirmatory,direct_risk,count_additive,20,candidate_pool_07,1.5,cost_aware,mask_66a1456a9ed6a190,9,n_heads_09,-0.7132833112215902,-0.5332833112215902
exploratory_post_outcome_not_confirmatory,direct_risk,count_additive,20,candidate_pool_08,0.5,target_loss,mask_0483c7c3a82ced7e,6,n_heads_06,-0.2775709723175801,-0.2775709723175801
exploratory_post_outcome_not_confirmatory,direct_risk,count_additive,20,candidate_pool_08,0.5,cost_aware,mask_0483c7c3a82ced7e,6,n_heads_06,-0.2775709723175801,-0.1575709723175801
exploratory_post_outcome_not_confirmatory,direct_risk,count_additive,20,candidate_pool_08,1.0,target_loss,mask_0483c7c3a82ced7e,6,n_heads_06,-0.10180637275725499,-0.10180637275725499
exploratory_post_outcome_not_confirmatory,direct_risk,count_additive,20,candidate_pool_08,1.0,cost_aware,mask_0483c7c3a82ced7e,6,n_heads_06,-0.10180637275725499,0.01819362724274501
exploratory_post_outcome_not_confirmatory,direct_risk,count_additive,20,candidate_pool_08,1.5,target_loss,mask_0483c7c3a82ced7e,6,n_heads_06,0.1400734047843194,0.1400734047843194
exploratory_post_outcome_not_confirmatory,direct_risk,count_additive,20,candidate_pool_08,1.5,cost_aware,mask_0483c7c3a82ced7e,6,n_heads_06,0.1400734047843194,0.2600734047843194
exploratory_post_outcome_not_confirmatory,direct_risk,count_additive,20,candidate_pool_09,0.5,target_loss,mask_6c66643ec3bf086c,6,n_heads_06,0.25213514225166334,0.25213514225166334
exploratory_post_outcome_not_confirmatory,direct_risk,count_additive,20,candidate_pool_09,0.5,cost_aware,mask_6c66643ec3bf086c,6,n_heads_06,0.25213514225166334,0.37213514225166333
exploratory_post_outcome_not_confirmatory,direct_risk,count_additive,20,candidate_pool_09,1.0,target_loss,mask_6c66643ec3bf086c,6,n_heads_06,0.36132534968910734,0.36132534968910734
exploratory_post_outcome_not_confirmatory,direct_risk,count_additive,20,candidate_pool_09,1.0,cost_aware,mask_6c66643ec3bf086c,6,n_heads_06,0.36132534968910734,0.48132534968910734
exploratory_post_outcome_not_confirmatory,direct_risk,count_additive,20,candidate_pool_09,1.5,target_loss,mask_6c66643ec3bf086c,6,n_heads_06,0.545053754525442,0.545053754525442
exploratory_post_outcome_not_confirmatory,direct_risk,count_additive,20,candidate_pool_09,1.5,cost_aware,mask_6c66643ec3bf086c,6,n_heads_06,0.545053754525442,0.665053754525442
exploratory_post_outcome_not_confirmatory,direct_risk,count_additive,40,candidate_pool_00,0.5,target_loss,mask_ff6985d2961f695d,9,n_heads_09,0.6426195760250895,0.6426195760250895
exploratory_post_outcome_not_confirmatory,direct_risk,count_additive,40,candidate_pool_00,0.5,cost_aware,mask_80a919744b6bf885,6,n_heads_06,0.668524014960961,0.788524014960961
exploratory_post_outcome_not_confirmatory,direct_risk,count_additive,40,candidate_pool_00,1.0,target_loss,mask_ff6985d2961f695d,9,n_heads_09,0.3420705076750436,0.3420705076750436
exploratory_post_outcome_not_confirmatory,direct_risk,count_additive,40,candidate_pool_00,1.0,cost_aware,mask_ff6985d2961f695d,9,n_heads_09,0.3420705076750436,0.5220705076750436
exploratory_post_outcome_not_confirmatory,direct_risk,count_additive,40,candidate_pool_00,1.5,target_loss,mask_ff6985d2961f695d,9,n_heads_09,0.2152176646858086,0.2152176646858086
exploratory_post_outcome_not_confirmatory,direct_risk,count_additive,40,candidate_pool_00,1.5,cost_aware,mask_ff6985d2961f695d,9,n_heads_09,0.2152176646858086,0.3952176646858086
exploratory_post_outcome_not_confirmatory,direct_risk,count_additive,40,candidate_pool_01,0.5,target_loss,mask_3507ab216f864cbe,4,n_heads_04,0.10580086567871011,0.10580086567871011
exploratory_post_outcome_not_confirmatory,direct_risk,count_additive,40,candidate_pool_01,0.5,cost_aware,mask_3507ab216f864cbe,4,n_heads_04,0.10580086567871011,0.18580086567871013
exploratory_post_outcome_not_confirmatory,direct_risk,count_additive,40,candidate_pool_01,1.0,target_loss,mask_3507ab216f864cbe,4,n_heads_04,0.09039238728585103,0.09039238728585103
exploratory_post_outcome_not_confirmatory,direct_risk,count_additive,40,candidate_pool_01,1.0,cost_aware,mask_3507ab216f864cbe,4,n_heads_04,0.09039238728585103,0.17039238728585104
exploratory_post_outcome_not_confirmatory,direct_risk,count_additive,40,candidate_pool_01,1.5,target_loss,mask_3507ab216f864cbe,4,n_heads_04,0.20802976917729638,0.20802976917729638
exploratory_post_outcome_not_confirmatory,direct_risk,count_additive,40,candidate_pool_01,1.5,cost_aware,mask_3507ab216f864cbe,4,n_heads_04,0.20802976917729638,0.2880297691772964
exploratory_post_outcome_not_confirmatory,direct_risk,count_additive,40,candidate_pool_02,0.5,target_loss,mask_3c9ed4cc352cbb27,5,n_heads_05,0.41382264914530004,0.41382264914530004
exploratory_post_outcome_not_confirmatory,direct_risk,count_additive,40,candidate_pool_02,0.5,cost_aware,mask_3c9ed4cc352cbb27,5,n_heads_05,0.41382264914530004,0.5138226491453001
exploratory_post_outcome_not_confirmatory,direct_risk,count_additive,40,candidate_pool_02,1.0,target_loss,mask_3c9ed4cc352cbb27,5,n_heads_05,0.31402415889152385,0.31402415889152385
exploratory_post_outcome_not_confirmatory,direct_risk,count_additive,40,candidate_pool_02,1.0,cost_aware,mask_3c9ed4cc352cbb27,5,n_heads_05,0.31402415889152385,0.4140241588915239
exploratory_post_outcome_not_confirmatory,direct_risk,count_additive,40,candidate_pool_02,1.5,target_loss,mask_3c9ed4cc352cbb27,5,n_heads_05,0.36508013863381855,0.36508013863381855
exploratory_post_outcome_not_confirmatory,direct_risk,count_additive,40,candidate_pool_02,1.5,cost_aware,mask_3c9ed4cc352cbb27,5,n_heads_05,0.36508013863381855,0.4650801386338186
exploratory_post_outcome_not_confirmatory,direct_risk,count_additive,40,candidate_pool_03,0.5,target_loss,mask_48512872c4f2d5bd,4,n_heads_04,0.09099637615841194,0.09099637615841194
exploratory_post_outcome_not_confirmatory,direct_risk,count_additive,40,candidate_pool_03,0.5,cost_aware,mask_48512872c4f2d5bd,4,n_heads_04,0.09099637615841194,0.17099637615841196
exploratory_post_outcome_not_confirmatory,direct_risk,count_additive,40,candidate_pool_03,1.0,target_loss,mask_9adcd6a8e2d813f5,5,n_heads_05,0.2655241108545942,0.2655241108545942
exploratory_post_outcome_not_confirmatory,direct_risk,count_additive,40,candidate_pool_03,1.0,cost_aware,mask_9adcd6a8e2d813f5,5,n_heads_05,0.2655241108545942,0.36552411085459424
exploratory_post_outcome_not_confirmatory,direct_risk,count_additive,40,candidate_pool_03,1.5,target_loss,mask_9adcd6a8e2d813f5,5,n_heads_05,0.44263046857394134,0.44263046857394134
exploratory_post_outcome_not_confirmatory,direct_risk,count_additive,40,candidate_pool_03,1.5,cost_aware,mask_9adcd6a8e2d813f5,5,n_heads_05,0.44263046857394134,0.5426304685739414
exploratory_post_outcome_not_confirmatory,direct_risk,count_additive,40,candidate_pool_04,0.5,target_loss,mask_76eefe00ea7f7098,6,n_heads_06,0.5494324537059317,0.5494324537059317
exploratory_post_outcome_not_confirmatory,direct_risk,count_additive,40,candidate_pool_04,0.5,cost_aware,mask_d1786933297085c0,4,n_heads_04,0.558155812790594,0.638155812790594
exploratory_post_outcome_not_confirmatory,direct_risk,count_additive,40,candidate_pool_04,1.0,target_loss,mask_d1786933297085c0,4,n_heads_04,0.4874305162379116,0.4874305162379116
exploratory_post_outcome_not_confirmatory,direct_risk,count_additive,40,candidate_pool_04,1.0,cost_aware,mask_d1786933297085c0,4,n_heads_04,0.4874305162379116,0.5674305162379116
exploratory_post_outcome_not_confirmatory,direct_risk,count_additive,40,candidate_pool_04,1.5,target_loss,mask_d1786933297085c0,4,n_heads_04,0.566976528867298,0.566976528867298
exploratory_post_outcome_not_confirmatory,direct_risk,count_additive,40,candidate_pool_04,1.5,cost_aware,mask_d1786933297085c0,4,n_heads_04,0.566976528867298,0.646976528867298
exploratory_post_outcome_not_confirmatory,direct_risk,count_additive,40,candidate_pool_05,0.5,target_loss,mask_9781274f8ee1fcdf,4,n_heads_04,0.6319485722034461,0.6319485722034461
exploratory_post_outcome_not_confirmatory,direct_risk,count_additive,40,candidate_pool_05,0.5,cost_aware,mask_9781274f8ee1fcdf,4,n_heads_04,0.6319485722034461,0.7119485722034461
exploratory_post_outcome_not_confirmatory,direct_risk,count_additive,40,candidate_pool_05,1.0,target_loss,mask_f5d21a1898de9318,7,n_heads_07,0.6019320936721739,0.6019320936721739
exploratory_post_outcome_not_confirmatory,direct_risk,count_additive,40,candidate_pool_05,1.0,cost_aware,mask_f5d21a1898de9318,7,n_heads_07,0.6019320936721739,0.7419320936721739
exploratory_post_outcome_not_confirmatory,direct_risk,count_additive,40,candidate_pool_05,1.5,target_loss,mask_f5d21a1898de9318,7,n_heads_07,0.5942428572059264,0.5942428572059264
exploratory_post_outcome_not_confirmatory,direct_risk,count_additive,40,candidate_pool_05,1.5,cost_aware,mask_f5d21a1898de9318,7,n_heads_07,0.5942428572059264,0.7342428572059264
exploratory_post_outcome_not_confirmatory,direct_risk,count_additive,40,candidate_pool_06,0.5,target_loss,mask_8a4903df460893e2,6,n_heads_06,-0.062488527067428135,-0.062488527067428135
exploratory_post_outcome_not_confirmatory,direct_risk,count_additive,40,candidate_pool_06,0.5,cost_aware,mask_8a4903df460893e2,6,n_heads_06,-0.062488527067428135,0.05751147293257186
exploratory_post_outcome_not_confirmatory,direct_risk,count_additive,40,candidate_pool_06,1.0,target_loss,mask_8a4903df460893e2,6,n_heads_06,-0.14861820833860317,-0.14861820833860317
exploratory_post_outcome_not_confirmatory,direct_risk,count_additive,40,candidate_pool_06,1.0,cost_aware,mask_8a4903df460893e2,6,n_heads_06,-0.14861820833860317,-0.02861820833860318
exploratory_post_outcome_not_confirmatory,direct_risk,count_additive,40,candidate_pool_06,1.5,target_loss,mask_8a4903df460893e2,6,n_heads_06,-0.11009048438312385,-0.11009048438312385
exploratory_post_outcome_not_confirmatory,direct_risk,count_additive,40,candidate_pool_06,1.5,cost_aware,mask_8a4903df460893e2,6,n_heads_06,-0.11009048438312385,0.009909515616876141
exploratory_post_outcome_not_confirmatory,direct_risk,count_additive,40,candidate_pool_07,0.5,target_loss,mask_83fe021aaca96bf0,5,n_heads_05,-0.1746164439926643,-0.1746164439926643
exploratory_post_outcome_not_confirmatory,direct_risk,count_additive,40,candidate_pool_07,0.5,cost_aware,mask_83fe021aaca96bf0,5,n_heads_05,-0.1746164439926643,-0.07461644399266429
exploratory_post_outcome_not_confirmatory,direct_risk,count_additive,40,candidate_pool_07,1.0,target_loss,mask_83fe021aaca96bf0,5,n_heads_05,-0.28391868114546503,-0.28391868114546503
exploratory_post_outcome_not_confirmatory,direct_risk,count_additive,40,candidate_pool_07,1.0,cost_aware,mask_83fe021aaca96bf0,5,n_heads_05,-0.28391868114546503,-0.18391868114546503
exploratory_post_outcome_not_confirmatory,direct_risk,count_additive,40,candidate_pool_07,1.5,target_loss,mask_83fe021aaca96bf0,5,n_heads_05,-0.15583096053688594,-0.15583096053688594
exploratory_post_outcome_not_confirmatory,direct_risk,count_additive,40,candidate_pool_07,1.5,cost_aware,mask_83fe021aaca96bf0,5,n_heads_05,-0.15583096053688594,-0.05583096053688594
exploratory_post_outcome_not_confirmatory,direct_risk,count_additive,40,candidate_pool_08,0.5,target_loss,mask_317174e97dc0f0ba,5,n_heads_05,0.15266077210983786,0.15266077210983786
exploratory_post_outcome_not_confirmatory,direct_risk,count_additive,40,candidate_pool_08,0.5,cost_aware,mask_317174e97dc0f0ba,5,n_heads_05,0.15266077210983786,0.25266077210983784
exploratory_post_outcome_not_confirmatory,direct_risk,count_additive,40,candidate_pool_08,1.0,target_loss,mask_bda88699e1e7badf,7,n_heads_07,0.19369735038581415,0.19369735038581415
exploratory_post_outcome_not_confirmatory,direct_risk,count_additive,40,candidate_pool_08,1.0,cost_aware,mask_bda88699e1e7badf,7,n_heads_07,0.19369735038581415,0.33369735038581416
exploratory_post_outcome_not_confirmatory,direct_risk,count_additive,40,candidate_pool_08,1.5,target_loss,mask_bda88699e1e7badf,7,n_heads_07,0.2977300187295413,0.2977300187295413
exploratory_post_outcome_not_confirmatory,direct_risk,count_additive,40,candidate_pool_08,1.5,cost_aware,mask_bda88699e1e7badf,7,n_heads_07,0.2977300187295413,0.4377300187295413
exploratory_post_outcome_not_confirmatory,direct_risk,count_additive,40,candidate_pool_09,0.5,target_loss,mask_c3f11a7d9ebab23d,6,n_heads_06,-0.013079745085441297,-0.013079745085441297
exploratory_post_outcome_not_confirmatory,direct_risk,count_additive,40,candidate_pool_09,0.5,cost_aware,mask_c3f11a7d9ebab23d,6,n_heads_06,-0.013079745085441297,0.1069202549145587
exploratory_post_outcome_not_confirmatory,direct_risk,count_additive,40,candidate_pool_09,1.0,target_loss,mask_c3f11a7d9ebab23d,6,n_heads_06,-0.07641435180893186,-0.07641435180893186
exploratory_post_outcome_not_confirmatory,direct_risk,count_additive,40,candidate_pool_09,1.0,cost_aware,mask_c3f11a7d9ebab23d,6,n_heads_06,-0.07641435180893186,0.04358564819106814
exploratory_post_outcome_not_confirmatory,direct_risk,count_additive,40,candidate_pool_09,1.5,target_loss,mask_c3f11a7d9ebab23d,6,n_heads_06,0.0008307364761757086,0.0008307364761757086
exploratory_post_outcome_not_confirmatory,direct_risk,count_additive,40,candidate_pool_09,1.5,cost_aware,mask_c3f11a7d9ebab23d,6,n_heads_06,0.0008307364761757086,0.1208307364761757
exploratory_post_outcome_not_confirmatory,direct_risk,count_additive,80,candidate_pool_00,0.5,target_loss,mask_714aefc72a94a0e9,5,n_heads_05,0.42520645695154213,0.42520645695154213
exploratory_post_outcome_not_confirmatory,direct_risk,count_additive,80,candidate_pool_00,0.5,cost_aware,mask_714aefc72a94a0e9,5,n_heads_05,0.42520645695154213,0.5252064569515421
exploratory_post_outcome_not_confirmatory,direct_risk,count_additive,80,candidate_pool_00,1.0,target_loss,mask_153f1c2a9e066490,6,n_heads_06,0.40209325744724034,0.40209325744724034
exploratory_post_outcome_not_confirmatory,direct_risk,count_additive,80,candidate_pool_00,1.0,cost_aware,mask_153f1c2a9e066490,6,n_heads_06,0.40209325744724034,0.5220932574472403
exploratory_post_outcome_not_confirmatory,direct_risk,count_additive,80,candidate_pool_00,1.5,target_loss,mask_153f1c2a9e066490,6,n_heads_06,0.42489363256666857,0.42489363256666857
exploratory_post_outcome_not_confirmatory,direct_risk,count_additive,80,candidate_pool_00,1.5,cost_aware,mask_153f1c2a9e066490,6,n_heads_06,0.42489363256666857,0.5448936325666686
exploratory_post_outcome_not_confirmatory,direct_risk,count_additive,80,candidate_pool_01,0.5,target_loss,mask_c6f04107d7ae9b56,9,n_heads_09,0.09090714354120594,0.09090714354120594
exploratory_post_outcome_not_confirmatory,direct_risk,count_additive,80,candidate_pool_01,0.5,cost_aware,mask_c6f04107d7ae9b56,9,n_heads_09,0.09090714354120594,0.27090714354120593
exploratory_post_outcome_not_confirmatory,direct_risk,count_additive,80,candidate_pool_01,1.0,target_loss,mask_c6f04107d7ae9b56,9,n_heads_09,-0.15417193242587307,-0.15417193242587307
exploratory_post_outcome_not_confirmatory,direct_risk,count_additive,80,candidate_pool_01,1.0,cost_aware,mask_c6f04107d7ae9b56,9,n_heads_09,-0.15417193242587307,0.025828067574126923
exploratory_post_outcome_not_confirmatory,direct_risk,count_additive,80,candidate_pool_01,1.5,target_loss,mask_c6f04107d7ae9b56,9,n_heads_09,-0.18074844081624036,-0.18074844081624036
exploratory_post_outcome_not_confirmatory,direct_risk,count_additive,80,candidate_pool_01,1.5,cost_aware,mask_c6f04107d7ae9b56,9,n_heads_09,-0.18074844081624036,-0.00074844081624037
exploratory_post_outcome_not_confirmatory,direct_risk,count_additive,80,candidate_pool_02,0.5,target_loss,mask_c7772d470875866f,4,n_heads_04,0.2227407821058261,0.2227407821058261
exploratory_post_outcome_not_confirmatory,direct_risk,count_additive,80,candidate_pool_02,0.5,cost_aware,mask_c7772d470875866f,4,n_heads_04,0.2227407821058261,0.3027407821058261
exploratory_post_outcome_not_confirmatory,direct_risk,count_additive,80,candidate_pool_02,1.0,target_loss,mask_c7772d470875866f,4,n_heads_04,0.27836044415237415,0.27836044415237415
exploratory_post_outcome_not_confirmatory,direct_risk,count_additive,80,candidate_pool_02,1.0,cost_aware,mask_c7772d470875866f,4,n_heads_04,0.27836044415237415,0.35836044415237417
exploratory_post_outcome_not_confirmatory,direct_risk,count_additive,80,candidate_pool_02,1.5,target_loss,mask_c7772d470875866f,4,n_heads_04,0.5196986556453689,0.5196986556453689
exploratory_post_outcome_not_confirmatory,direct_risk,count_additive,80,candidate_pool_02,1.5,cost_aware,mask_c7772d470875866f,4,n_heads_04,0.5196986556453689,0.5996986556453688
exploratory_post_outcome_not_confirmatory,direct_risk,count_additive,80,candidate_pool_03,0.5,target_loss,mask_dc2e11f8d6ea9e67,6,n_heads_06,0.35748254647355965,0.35748254647355965
exploratory_post_outcome_not_confirmatory,direct_risk,count_additive,80,candidate_pool_03,0.5,cost_aware,mask_dc2e11f8d6ea9e67,6,n_heads_06,0.35748254647355965,0.47748254647355964
exploratory_post_outcome_not_confirmatory,direct_risk,count_additive,80,candidate_pool_03,1.0,target_loss,mask_dc2e11f8d6ea9e67,6,n_heads_06,0.42577293095833857,0.42577293095833857
exploratory_post_outcome_not_confirmatory,direct_risk,count_additive,80,candidate_pool_03,1.0,cost_aware,mask_dc2e11f8d6ea9e67,6,n_heads_06,0.42577293095833857,0.5457729309583386
exploratory_post_outcome_not_confirmatory,direct_risk,count_additive,80,candidate_pool_03,1.5,target_loss,mask_dc2e11f8d6ea9e67,6,n_heads_06,0.6414892378457898,0.6414892378457898
exploratory_post_outcome_not_confirmatory,direct_risk,count_additive,80,candidate_pool_03,1.5,cost_aware,mask_dc2e11f8d6ea9e67,6,n_heads_06,0.6414892378457898,0.7614892378457898
exploratory_post_outcome_not_confirmatory,direct_risk,count_additive,80,candidate_pool_04,0.5,target_loss,mask_6d2e3876c8f68db8,9,n_heads_09,0.5105446120730215,0.5105446120730215
exploratory_post_outcome_not_confirmatory,direct_risk,count_additive,80,candidate_pool_04,0.5,cost_aware,mask_6d2e3876c8f68db8,9,n_heads_09,0.5105446120730215,0.6905446120730214
exploratory_post_outcome_not_confirmatory,direct_risk,count_additive,80,candidate_pool_04,1.0,target_loss,mask_6d2e3876c8f68db8,9,n_heads_09,0.37228338506774733,0.37228338506774733
exploratory_post_outcome_not_confirmatory,direct_risk,count_additive,80,candidate_pool_04,1.0,cost_aware,mask_6d2e3876c8f68db8,9,n_heads_09,0.37228338506774733,0.5522833850677473
exploratory_post_outcome_not_confirmatory,direct_risk,count_additive,80,candidate_pool_04,1.5,target_loss,mask_6d2e3876c8f68db8,9,n_heads_09,0.4141762780991108,0.4141762780991108
exploratory_post_outcome_not_confirmatory,direct_risk,count_additive,80,candidate_pool_04,1.5,cost_aware,mask_6d2e3876c8f68db8,9,n_heads_09,0.4141762780991108,0.5941762780991108
exploratory_post_outcome_not_confirmatory,direct_risk,count_additive,80,candidate_pool_05,0.5,target_loss,mask_de24099fc59a002a,4,n_heads_04,0.45323382866583856,0.45323382866583856
exploratory_post_outcome_not_confirmatory,direct_risk,count_additive,80,candidate_pool_05,0.5,cost_aware,mask_de24099fc59a002a,4,n_heads_04,0.45323382866583856,0.5332338286658386
exploratory_post_outcome_not_confirmatory,direct_risk,count_additive,80,candidate_pool_05,1.0,target_loss,mask_de24099fc59a002a,4,n_heads_04,0.4142912679206919,0.4142912679206919
exploratory_post_outcome_not_confirmatory,direct_risk,count_additive,80,candidate_pool_05,1.0,cost_aware,mask_de24099fc59a002a,4,n_heads_04,0.4142912679206919,0.4942912679206919
exploratory_post_outcome_not_confirmatory,direct_risk,count_additive,80,candidate_pool_05,1.5,target_loss,mask_f5d21a1898de9318,7,n_heads_07,0.5450549264906037,0.5450549264906037
exploratory_post_outcome_not_confirmatory,direct_risk,count_additive,80,candidate_pool_05,1.5,cost_aware,mask_de24099fc59a002a,4,n_heads_04,0.5504136630658542,0.6304136630658541
exploratory_post_outcome_not_confirmatory,direct_risk,count_additive,80,candidate_pool_06,0.5,target_loss,mask_25276dd47f8ef77c,4,n_heads_04,0.3333695154917204,0.3333695154917204
exploratory_post_outcome_not_confirmatory,direct_risk,count_additive,80,candidate_pool_06,0.5,cost_aware,mask_25276dd47f8ef77c,4,n_heads_04,0.3333695154917204,0.4133695154917204
exploratory_post_outcome_not_confirmatory,direct_risk,count_additive,80,candidate_pool_06,1.0,target_loss,mask_382e0bf880e4af69,5,n_heads_05,0.4193810775757115,0.4193810775757115
exploratory_post_outcome_not_confirmatory,direct_risk,count_additive,80,candidate_pool_06,1.0,cost_aware,mask_382e0bf880e4af69,5,n_heads_05,0.4193810775757115,0.5193810775757115
exploratory_post_outcome_not_confirmatory,direct_risk,count_additive,80,candidate_pool_06,1.5,target_loss,mask_382e0bf880e4af69,5,n_heads_05,0.6369872466618832,0.6369872466618832
exploratory_post_outcome_not_confirmatory,direct_risk,count_additive,80,candidate_pool_06,1.5,cost_aware,mask_382e0bf880e4af69,5,n_heads_05,0.6369872466618832,0.7369872466618832
exploratory_post_outcome_not_confirmatory,direct_risk,count_additive,80,candidate_pool_07,0.5,target_loss,mask_83fe021aaca96bf0,5,n_heads_05,0.12874329235958748,0.12874329235958748
exploratory_post_outcome_not_confirmatory,direct_risk,count_additive,80,candidate_pool_07,0.5,cost_aware,mask_83fe021aaca96bf0,5,n_heads_05,0.12874329235958748,0.22874329235958749
exploratory_post_outcome_not_confirmatory,direct_risk,count_additive,80,candidate_pool_07,1.0,target_loss,mask_83fe021aaca96bf0,5,n_heads_05,0.06733188756347312,0.06733188756347312
exploratory_post_outcome_not_confirmatory,direct_risk,count_additive,80,candidate_pool_07,1.0,cost_aware,mask_83fe021aaca96bf0,5,n_heads_05,0.06733188756347312,0.16733188756347311
exploratory_post_outcome_not_confirmatory,direct_risk,count_additive,80,candidate_pool_07,1.5,target_loss,mask_66a1456a9ed6a190,9,n_heads_09,0.056882002938262385,0.056882002938262385
exploratory_post_outcome_not_confirmatory,direct_risk,count_additive,80,candidate_pool_07,1.5,cost_aware,mask_66a1456a9ed6a190,9,n_heads_09,0.056882002938262385,0.2368820029382624
exploratory_post_outcome_not_confirmatory,direct_risk,count_additive,80,candidate_pool_08,0.5,target_loss,mask_0483c7c3a82ced7e,6,n_heads_06,0.45207391370459327,0.45207391370459327
exploratory_post_outcome_not_confirmatory,direct_risk,count_additive,80,candidate_pool_08,0.5,cost_aware,mask_a842b06af7760b08,4,n_heads_04,0.45647206508435717,0.5364720650843572
exploratory_post_outcome_not_confirmatory,direct_risk,count_additive,80,candidate_pool_08,1.0,target_loss,mask_a842b06af7760b08,4,n_heads_04,0.5270004912228137,0.5270004912228137
exploratory_post_outcome_not_confirmatory,direct_risk,count_additive,80,candidate_pool_08,1.0,cost_aware,mask_a842b06af7760b08,4,n_heads_04,0.5270004912228137,0.6070004912228136
exploratory_post_outcome_not_confirmatory,direct_risk,count_additive,80,candidate_pool_08,1.5,target_loss,mask_a842b06af7760b08,4,n_heads_04,0.7614949829534668,0.7614949829534668
exploratory_post_outcome_not_confirmatory,direct_risk,count_additive,80,candidate_pool_08,1.5,cost_aware,mask_a842b06af7760b08,4,n_heads_04,0.7614949829534668,0.8414949829534668
exploratory_post_outcome_not_confirmatory,direct_risk,count_additive,80,candidate_pool_09,0.5,target_loss,mask_2d90e84a12b72772,4,n_heads_04,0.7638757712262092,0.7638757712262092
exploratory_post_outcome_not_confirmatory,direct_risk,count_additive,80,candidate_pool_09,0.5,cost_aware,mask_2d90e84a12b72772,4,n_heads_04,0.7638757712262092,0.8438757712262092
exploratory_post_outcome_not_confirmatory,direct_risk,count_additive,80,candidate_pool_09,1.0,target_loss,mask_6c66643ec3bf086c,6,n_heads_06,0.7249527745220683,0.7249527745220683
exploratory_post_outcome_not_confirmatory,direct_risk,count_additive,80,candidate_pool_09,1.0,cost_aware,mask_6c66643ec3bf086c,6,n_heads_06,0.7249527745220683,0.8449527745220683
exploratory_post_outcome_not_confirmatory,direct_risk,count_additive,80,candidate_pool_09,1.5,target_loss,mask_6c66643ec3bf086c,6,n_heads_06,0.7169553690098219,0.7169553690098219
exploratory_post_outcome_not_confirmatory,direct_risk,count_additive,80,candidate_pool_09,1.5,cost_aware,mask_6c66643ec3bf086c,6,n_heads_06,0.7169553690098219,0.8369553690098219
exploratory_post_outcome_not_confirmatory,direct_risk,count_additive,160,candidate_pool_00,0.5,target_loss,mask_714aefc72a94a0e9,5,n_heads_05,0.550646673737841,0.550646673737841
exploratory_post_outcome_not_confirmatory,direct_risk,count_additive,160,candidate_pool_00,0.5,cost_aware,mask_714aefc72a94a0e9,5,n_heads_05,0.550646673737841,0.650646673737841
exploratory_post_outcome_not_confirmatory,direct_risk,count_additive,160,candidate_pool_00,1.0,target_loss,mask_153f1c2a9e066490,6,n_heads_06,0.5044338633079176,0.5044338633079176
exploratory_post_outcome_not_confirmatory,direct_risk,count_additive,160,candidate_pool_00,1.0,cost_aware,mask_714aefc72a94a0e9,5,n_heads_05,0.5215210081416437,0.6215210081416437
exploratory_post_outcome_not_confirmatory,direct_risk,count_additive,160,candidate_pool_00,1.5,target_loss,mask_153f1c2a9e066490,6,n_heads_06,0.5275909480967254,0.5275909480967254
exploratory_post_outcome_not_confirmatory,direct_risk,count_additive,160,candidate_pool_00,1.5,cost_aware,mask_153f1c2a9e066490,6,n_heads_06,0.5275909480967254,0.6475909480967253
exploratory_post_outcome_not_confirmatory,direct_risk,count_additive,160,candidate_pool_01,0.5,target_loss,mask_88feb37e4997bcb0,7,n_heads_07,0.2984602561776214,0.2984602561776214
exploratory_post_outcome_not_confirmatory,direct_risk,count_additive,160,candidate_pool_01,0.5,cost_aware,mask_88feb37e4997bcb0,7,n_heads_07,0.2984602561776214,0.4384602561776214
exploratory_post_outcome_not_confirmatory,direct_risk,count_additive,160,candidate_pool_01,1.0,target_loss,mask_c6f04107d7ae9b56,9,n_heads_09,0.11596272618102743,0.11596272618102743
exploratory_post_outcome_not_confirmatory,direct_risk,count_additive,160,candidate_pool_01,1.0,cost_aware,mask_88feb37e4997bcb0,7,n_heads_07,0.12440173981260791,0.26440173981260795
exploratory_post_outcome_not_confirmatory,direct_risk,count_additive,160,candidate_pool_01,1.5,target_loss,mask_c6f04107d7ae9b56,9,n_heads_09,0.0886638215492151,0.0886638215492151
exploratory_post_outcome_not_confirmatory,direct_risk,count_additive,160,candidate_pool_01,1.5,cost_aware,mask_c6f04107d7ae9b56,9,n_heads_09,0.0886638215492151,0.2686638215492151
exploratory_post_outcome_not_confirmatory,direct_risk,count_additive,160,candidate_pool_02,0.5,target_loss,mask_c7772d470875866f,4,n_heads_04,0.44040057955432094,0.44040057955432094
exploratory_post_outcome_not_confirmatory,direct_risk,count_additive,160,candidate_pool_02,0.5,cost_aware,mask_c7772d470875866f,4,n_heads_04,0.44040057955432094,0.520400579554321
exploratory_post_outcome_not_confirmatory,direct_risk,count_additive,160,candidate_pool_02,1.0,target_loss,mask_c7772d470875866f,4,n_heads_04,0.47649328240531946,0.47649328240531946
exploratory_post_outcome_not_confirmatory,direct_risk,count_additive,160,candidate_pool_02,1.0,cost_aware,mask_c7772d470875866f,4,n_heads_04,0.47649328240531946,0.5564932824053195
exploratory_post_outcome_not_confirmatory,direct_risk,count_additive,160,candidate_pool_02,1.5,target_loss,mask_c7772d470875866f,4,n_heads_04,0.6795250684852007,0.6795250684852007
exploratory_post_outcome_not_confirmatory,direct_risk,count_additive,160,candidate_pool_02,1.5,cost_aware,mask_c7772d470875866f,4,n_heads_04,0.6795250684852007,0.7595250684852006
exploratory_post_outcome_not_confirmatory,direct_risk,count_additive,160,candidate_pool_03,0.5,target_loss,mask_dc2e11f8d6ea9e67,6,n_heads_06,0.5820786617039433,0.5820786617039433
exploratory_post_outcome_not_confirmatory,direct_risk,count_additive,160,candidate_pool_03,0.5,cost_aware,mask_dc2e11f8d6ea9e67,6,n_heads_06,0.5820786617039433,0.7020786617039433
exploratory_post_outcome_not_confirmatory,direct_risk,count_additive,160,candidate_pool_03,1.0,target_loss,mask_0f1c886d2bd569f0,7,n_heads_07,0.5548777853594968,0.5548777853594968
exploratory_post_outcome_not_confirmatory,direct_risk,count_additive,160,candidate_pool_03,1.0,cost_aware,mask_0f1c886d2bd569f0,7,n_heads_07,0.5548777853594968,0.6948777853594968
exploratory_post_outcome_not_confirmatory,direct_risk,count_additive,160,candidate_pool_03,1.5,target_loss,mask_0f1c886d2bd569f0,7,n_heads_07,0.5964366423435216,0.5964366423435216
exploratory_post_outcome_not_confirmatory,direct_risk,count_additive,160,candidate_pool_03,1.5,cost_aware,mask_0f1c886d2bd569f0,7,n_heads_07,0.5964366423435216,0.7364366423435216
exploratory_post_outcome_not_confirmatory,direct_risk,count_additive,160,candidate_pool_04,0.5,target_loss,mask_6d2e3876c8f68db8,9,n_heads_09,0.5046209374995723,0.5046209374995723
exploratory_post_outcome_not_confirmatory,direct_risk,count_additive,160,candidate_pool_04,0.5,cost_aware,mask_6d2e3876c8f68db8,9,n_heads_09,0.5046209374995723,0.6846209374995722
exploratory_post_outcome_not_confirmatory,direct_risk,count_additive,160,candidate_pool_04,1.0,target_loss,mask_6d2e3876c8f68db8,9,n_heads_09,0.3889907662052363,0.3889907662052363
exploratory_post_outcome_not_confirmatory,direct_risk,count_additive,160,candidate_pool_04,1.0,cost_aware,mask_6d2e3876c8f68db8,9,n_heads_09,0.3889907662052363,0.5689907662052363
exploratory_post_outcome_not_confirmatory,direct_risk,count_additive,160,candidate_pool_04,1.5,target_loss,mask_6d2e3876c8f68db8,9,n_heads_09,0.4482866303410822,0.4482866303410822
exploratory_post_outcome_not_confirmatory,direct_risk,count_additive,160,candidate_pool_04,1.5,cost_aware,mask_6d2e3876c8f68db8,9,n_heads_09,0.4482866303410822,0.6282866303410821
exploratory_post_outcome_not_confirmatory,direct_risk,count_additive,160,candidate_pool_05,0.5,target_loss,mask_f5d21a1898de9318,7,n_heads_07,0.5020126060609913,0.5020126060609913
exploratory_post_outcome_not_confirmatory,direct_risk,count_additive,160,candidate_pool_05,0.5,cost_aware,mask_f5d21a1898de9318,7,n_heads_07,0.5020126060609913,0.6420126060609913
exploratory_post_outcome_not_confirmatory,direct_risk,count_additive,160,candidate_pool_05,1.0,target_loss,mask_f5d21a1898de9318,7,n_heads_07,0.35956490197892393,0.35956490197892393
exploratory_post_outcome_not_confirmatory,direct_risk,count_additive,160,candidate_pool_05,1.0,cost_aware,mask_f5d21a1898de9318,7,n_heads_07,0.35956490197892393,0.49956490197892395
exploratory_post_outcome_not_confirmatory,direct_risk,count_additive,160,candidate_pool_05,1.5,target_loss,mask_f5d21a1898de9318,7,n_heads_07,0.41098584134806215,0.41098584134806215
exploratory_post_outcome_not_confirmatory,direct_risk,count_additive,160,candidate_pool_05,1.5,cost_aware,mask_f5d21a1898de9318,7,n_heads_07,0.41098584134806215,0.5509858413480622
exploratory_post_outcome_not_confirmatory,direct_risk,count_additive,160,candidate_pool_06,0.5,target_loss,mask_382e0bf880e4af69,5,n_heads_05,0.507741714264841,0.507741714264841
exploratory_post_outcome_not_confirmatory,direct_risk,count_additive,160,candidate_pool_06,0.5,cost_aware,mask_382e0bf880e4af69,5,n_heads_05,0.507741714264841,0.607741714264841
exploratory_post_outcome_not_confirmatory,direct_risk,count_additive,160,candidate_pool_06,1.0,target_loss,mask_8a4903df460893e2,6,n_heads_06,0.5844314034678219,0.5844314034678219
exploratory_post_outcome_not_confirmatory,direct_risk,count_additive,160,candidate_pool_06,1.0,cost_aware,mask_382e0bf880e4af69,5,n_heads_05,0.5947303701850808,0.6947303701850808
exploratory_post_outcome_not_confirmatory,direct_risk,count_additive,160,candidate_pool_06,1.5,target_loss,mask_8a4903df460893e2,6,n_heads_06,0.734226681070101,0.734226681070101
exploratory_post_outcome_not_confirmatory,direct_risk,count_additive,160,candidate_pool_06,1.5,cost_aware,mask_8a4903df460893e2,6,n_heads_06,0.734226681070101,0.854226681070101
exploratory_post_outcome_not_confirmatory,direct_risk,count_additive,160,candidate_pool_07,0.5,target_loss,mask_83fe021aaca96bf0,5,n_heads_05,0.2290801771999314,0.2290801771999314
exploratory_post_outcome_not_confirmatory,direct_risk,count_additive,160,candidate_pool_07,0.5,cost_aware,mask_83fe021aaca96bf0,5,n_heads_05,0.2290801771999314,0.32908017719993143
exploratory_post_outcome_not_confirmatory,direct_risk,count_additive,160,candidate_pool_07,1.0,target_loss,mask_83fe021aaca96bf0,5,n_heads_05,0.23328229533241848,0.23328229533241848
exploratory_post_outcome_not_confirmatory,direct_risk,count_additive,160,candidate_pool_07,1.0,cost_aware,mask_83fe021aaca96bf0,5,n_heads_05,0.23328229533241848,0.3332822953324185
exploratory_post_outcome_not_confirmatory,direct_risk,count_additive,160,candidate_pool_07,1.5,target_loss,mask_d43daec0a2f27dc1,8,n_heads_08,0.23573010147367612,0.23573010147367612
exploratory_post_outcome_not_confirmatory,direct_risk,count_additive,160,candidate_pool_07,1.5,cost_aware,mask_d43daec0a2f27dc1,8,n_heads_08,0.23573010147367612,0.39573010147367615
exploratory_post_outcome_not_confirmatory,direct_risk,count_additive,160,candidate_pool_08,0.5,target_loss,mask_a842b06af7760b08,4,n_heads_04,0.6413319830244579,0.6413319830244579
exploratory_post_outcome_not_confirmatory,direct_risk,count_additive,160,candidate_pool_08,0.5,cost_aware,mask_a842b06af7760b08,4,n_heads_04,0.6413319830244579,0.7213319830244579
exploratory_post_outcome_not_confirmatory,direct_risk,count_additive,160,candidate_pool_08,1.0,target_loss,mask_a842b06af7760b08,4,n_heads_04,0.7294995464254608,0.7294995464254608
exploratory_post_outcome_not_confirmatory,direct_risk,count_additive,160,candidate_pool_08,1.0,cost_aware,mask_a842b06af7760b08,4,n_heads_04,0.7294995464254608,0.8094995464254607
exploratory_post_outcome_not_confirmatory,direct_risk,count_additive,160,candidate_pool_08,1.5,target_loss,mask_331502b1b3b7fde3,6,n_heads_06,0.9090999483704474,0.9090999483704474
exploratory_post_outcome_not_confirmatory,direct_risk,count_additive,160,candidate_pool_08,1.5,cost_aware,mask_331502b1b3b7fde3,6,n_heads_06,0.9090999483704474,1.0290999483704475
exploratory_post_outcome_not_confirmatory,direct_risk,count_additive,160,candidate_pool_09,0.5,target_loss,mask_ea7ded36b0b6aa15,8,n_heads_08,0.7929796667129305,0.7929796667129305
exploratory_post_outcome_not_confirmatory,direct_risk,count_additive,160,candidate_pool_09,0.5,cost_aware,mask_ea7ded36b0b6aa15,8,n_heads_08,0.7929796667129305,0.9529796667129306
exploratory_post_outcome_not_confirmatory,direct_risk,count_additive,160,candidate_pool_09,1.0,target_loss,mask_ea7ded36b0b6aa15,8,n_heads_08,0.6301002864598272,0.6301002864598272
exploratory_post_outcome_not_confirmatory,direct_risk,count_additive,160,candidate_pool_09,1.0,cost_aware,mask_ea7ded36b0b6aa15,8,n_heads_08,0.6301002864598272,0.7901002864598272
exploratory_post_outcome_not_confirmatory,direct_risk,count_additive,160,candidate_pool_09,1.5,target_loss,mask_ea7ded36b0b6aa15,8,n_heads_08,0.6623158322863423,0.6623158322863423
exploratory_post_outcome_not_confirmatory,direct_risk,count_additive,160,candidate_pool_09,1.5,cost_aware,mask_ea7ded36b0b6aa15,8,n_heads_08,0.6623158322863423,0.8223158322863423
exploratory_post_outcome_not_confirmatory,direct_risk,count_plus_PE_bin4,20,candidate_pool_00,0.5,target_loss,mask_153f1c2a9e066490,6,n_heads_06,0.058635373019185866,0.058635373019185866
exploratory_post_outcome_not_confirmatory,direct_risk,count_plus_PE_bin4,20,candidate_pool_00,0.5,cost_aware,mask_153f1c2a9e066490,6,n_heads_06,0.058635373019185866,0.17863537301918586
exploratory_post_outcome_not_confirmatory,direct_risk,count_plus_PE_bin4,20,candidate_pool_00,1.0,target_loss,mask_153f1c2a9e066490,6,n_heads_06,0.008321773403460409,0.008321773403460409
exploratory_post_outcome_not_confirmatory,direct_risk,count_plus_PE_bin4,20,candidate_pool_00,1.0,cost_aware,mask_153f1c2a9e066490,6,n_heads_06,0.008321773403460409,0.1283217734034604
exploratory_post_outcome_not_confirmatory,direct_risk,count_plus_PE_bin4,20,candidate_pool_00,1.5,target_loss,mask_153f1c2a9e066490,6,n_heads_06,0.13160791886938045,0.13160791886938045
exploratory_post_outcome_not_confirmatory,direct_risk,count_plus_PE_bin4,20,candidate_pool_00,1.5,cost_aware,mask_153f1c2a9e066490,6,n_heads_06,0.13160791886938045,0.25160791886938044
exploratory_post_outcome_not_confirmatory,direct_risk,count_plus_PE_bin4,20,candidate_pool_01,0.5,target_loss,mask_c6f04107d7ae9b56,9,n_heads_09,-0.22015418483339058,-0.22015418483339058
exploratory_post_outcome_not_confirmatory,direct_risk,count_plus_PE_bin4,20,candidate_pool_01,0.5,cost_aware,mask_c6f04107d7ae9b56,9,n_heads_09,-0.22015418483339058,-0.04015418483339059
exploratory_post_outcome_not_confirmatory,direct_risk,count_plus_PE_bin4,20,candidate_pool_01,1.0,target_loss,mask_c6f04107d7ae9b56,9,n_heads_09,-0.44780441482157585,-0.44780441482157585
exploratory_post_outcome_not_confirmatory,direct_risk,count_plus_PE_bin4,20,candidate_pool_01,1.0,cost_aware,mask_c6f04107d7ae9b56,9,n_heads_09,-0.44780441482157585,-0.26780441482157585
exploratory_post_outcome_not_confirmatory,direct_risk,count_plus_PE_bin4,20,candidate_pool_01,1.5,target_loss,mask_c6f04107d7ae9b56,9,n_heads_09,-0.5121291714430142,-0.5121291714430142
exploratory_post_outcome_not_confirmatory,direct_risk,count_plus_PE_bin4,20,candidate_pool_01,1.5,cost_aware,mask_c6f04107d7ae9b56,9,n_heads_09,-0.5121291714430142,-0.3321291714430142
exploratory_post_outcome_not_confirmatory,direct_risk,count_plus_PE_bin4,20,candidate_pool_02,0.5,target_loss,mask_c7772d470875866f,4,n_heads_04,0.7177493608412513,0.7177493608412513
exploratory_post_outcome_not_confirmatory,direct_risk,count_plus_PE_bin4,20,candidate_pool_02,0.5,cost_aware,mask_c7772d470875866f,4,n_heads_04,0.7177493608412513,0.7977493608412513
exploratory_post_outcome_not_confirmatory,direct_risk,count_plus_PE_bin4,20,candidate_pool_02,1.0,target_loss,mask_c7772d470875866f,4,n_heads_04,1.0038231950302945,1.0038231950302945
exploratory_post_outcome_not_confirmatory,direct_risk,count_plus_PE_bin4,20,candidate_pool_02,1.0,cost_aware,mask_c7772d470875866f,4,n_heads_04,1.0038231950302945,1.0838231950302946
exploratory_post_outcome_not_confirmatory,direct_risk,count_plus_PE_bin4,20,candidate_pool_02,1.5,target_loss,mask_c7772d470875866f,4,n_heads_04,1.3514725493618664,1.3514725493618664
exploratory_post_outcome_not_confirmatory,direct_risk,count_plus_PE_bin4,20,candidate_pool_02,1.5,cost_aware,mask_c7772d470875866f,4,n_heads_04,1.3514725493618664,1.4314725493618665
exploratory_post_outcome_not_confirmatory,direct_risk,count_plus_PE_bin4,20,candidate_pool_03,0.5,target_loss,mask_b0a4335ce26e22f0,4,n_heads_04,0.3909483940239526,0.3909483940239526
exploratory_post_outcome_not_confirmatory,direct_risk,count_plus_PE_bin4,20,candidate_pool_03,0.5,cost_aware,mask_b0a4335ce26e22f0,4,n_heads_04,0.3909483940239526,0.4709483940239526
exploratory_post_outcome_not_confirmatory,direct_risk,count_plus_PE_bin4,20,candidate_pool_03,1.0,target_loss,mask_b0a4335ce26e22f0,4,n_heads_04,0.8680583465503984,0.8680583465503984
exploratory_post_outcome_not_confirmatory,direct_risk,count_plus_PE_bin4,20,candidate_pool_03,1.0,cost_aware,mask_b0a4335ce26e22f0,4,n_heads_04,0.8680583465503984,0.9480583465503983
exploratory_post_outcome_not_confirmatory,direct_risk,count_plus_PE_bin4,20,candidate_pool_03,1.5,target_loss,mask_dc6c2cd7cadbb670,7,n_heads_07,1.309921975203573,1.309921975203573
exploratory_post_outcome_not_confirmatory,direct_risk,count_plus_PE_bin4,20,candidate_pool_03,1.5,cost_aware,mask_b0a4335ce26e22f0,4,n_heads_04,1.3363916193858736,1.4163916193858737
exploratory_post_outcome_not_confirmatory,direct_risk,count_plus_PE_bin4,20,candidate_pool_04,0.5,target_loss,mask_93f84412f1b2de39,7,n_heads_07,0.2672187229463937,0.2672187229463937
exploratory_post_outcome_not_confirmatory,direct_risk,count_plus_PE_bin4,20,candidate_pool_04,0.5,cost_aware,mask_93f84412f1b2de39,7,n_heads_07,0.2672187229463937,0.4072187229463937
exploratory_post_outcome_not_confirmatory,direct_risk,count_plus_PE_bin4,20,candidate_pool_04,1.0,target_loss,mask_6d2e3876c8f68db8,9,n_heads_09,0.24243727817942595,0.24243727817942595
exploratory_post_outcome_not_confirmatory,direct_risk,count_plus_PE_bin4,20,candidate_pool_04,1.0,cost_aware,mask_93f84412f1b2de39,7,n_heads_07,0.26851963022163683,0.40851963022163684
exploratory_post_outcome_not_confirmatory,direct_risk,count_plus_PE_bin4,20,candidate_pool_04,1.5,target_loss,mask_6d2e3876c8f68db8,9,n_heads_09,0.21571769675105879,0.21571769675105879
exploratory_post_outcome_not_confirmatory,direct_risk,count_plus_PE_bin4,20,candidate_pool_04,1.5,cost_aware,mask_6d2e3876c8f68db8,9,n_heads_09,0.21571769675105879,0.3957176967510588
exploratory_post_outcome_not_confirmatory,direct_risk,count_plus_PE_bin4,20,candidate_pool_05,0.5,target_loss,mask_de24099fc59a002a,4,n_heads_04,0.3326207223395241,0.3326207223395241
exploratory_post_outcome_not_confirmatory,direct_risk,count_plus_PE_bin4,20,candidate_pool_05,0.5,cost_aware,mask_de24099fc59a002a,4,n_heads_04,0.3326207223395241,0.4126207223395241
exploratory_post_outcome_not_confirmatory,direct_risk,count_plus_PE_bin4,20,candidate_pool_05,1.0,target_loss,mask_de24099fc59a002a,4,n_heads_04,0.6404600377858556,0.6404600377858556
exploratory_post_outcome_not_confirmatory,direct_risk,count_plus_PE_bin4,20,candidate_pool_05,1.0,cost_aware,mask_de24099fc59a002a,4,n_heads_04,0.6404600377858556,0.7204600377858555
exploratory_post_outcome_not_confirmatory,direct_risk,count_plus_PE_bin4,20,candidate_pool_05,1.5,target_loss,mask_de24099fc59a002a,4,n_heads_04,0.9851150981919357,0.9851150981919357
exploratory_post_outcome_not_confirmatory,direct_risk,count_plus_PE_bin4,20,candidate_pool_05,1.5,cost_aware,mask_de24099fc59a002a,4,n_heads_04,0.9851150981919357,1.0651150981919357
exploratory_post_outcome_not_confirmatory,direct_risk,count_plus_PE_bin4,20,candidate_pool_06,0.5,target_loss,mask_f2b097d9ab973b9b,7,n_heads_07,0.1654749151546204,0.1654749151546204
exploratory_post_outcome_not_confirmatory,direct_risk,count_plus_PE_bin4,20,candidate_pool_06,0.5,cost_aware,mask_f2b097d9ab973b9b,7,n_heads_07,0.1654749151546204,0.30547491515462044
exploratory_post_outcome_not_confirmatory,direct_risk,count_plus_PE_bin4,20,candidate_pool_06,1.0,target_loss,mask_f2b097d9ab973b9b,7,n_heads_07,0.3136829595981992,0.3136829595981992
exploratory_post_outcome_not_confirmatory,direct_risk,count_plus_PE_bin4,20,candidate_pool_06,1.0,cost_aware,mask_f2b097d9ab973b9b,7,n_heads_07,0.3136829595981992,0.4536829595981992
exploratory_post_outcome_not_confirmatory,direct_risk,count_plus_PE_bin4,20,candidate_pool_06,1.5,target_loss,mask_f2b097d9ab973b9b,7,n_heads_07,0.5438340167638023,0.5438340167638023
exploratory_post_outcome_not_confirmatory,direct_risk,count_plus_PE_bin4,20,candidate_pool_06,1.5,cost_aware,mask_f2b097d9ab973b9b,7,n_heads_07,0.5438340167638023,0.6838340167638023
exploratory_post_outcome_not_confirmatory,direct_risk,count_plus_PE_bin4,20,candidate_pool_07,0.5,target_loss,mask_66a1456a9ed6a190,9,n_heads_09,-0.16890128099728982,-0.16890128099728982
exploratory_post_outcome_not_confirmatory,direct_risk,count_plus_PE_bin4,20,candidate_pool_07,0.5,cost_aware,mask_66a1456a9ed6a190,9,n_heads_09,-0.16890128099728982,0.011098719002710172
exploratory_post_outcome_not_confirmatory,direct_risk,count_plus_PE_bin4,20,candidate_pool_07,1.0,target_loss,mask_66a1456a9ed6a190,9,n_heads_09,-0.41853783536307665,-0.41853783536307665
exploratory_post_outcome_not_confirmatory,direct_risk,count_plus_PE_bin4,20,candidate_pool_07,1.0,cost_aware,mask_66a1456a9ed6a190,9,n_heads_09,-0.41853783536307665,-0.23853783536307666
exploratory_post_outcome_not_confirmatory,direct_risk,count_plus_PE_bin4,20,candidate_pool_07,1.5,target_loss,mask_66a1456a9ed6a190,9,n_heads_09,-0.483330409897835,-0.483330409897835
exploratory_post_outcome_not_confirmatory,direct_risk,count_plus_PE_bin4,20,candidate_pool_07,1.5,cost_aware,mask_66a1456a9ed6a190,9,n_heads_09,-0.483330409897835,-0.303330409897835
exploratory_post_outcome_not_confirmatory,direct_risk,count_plus_PE_bin4,20,candidate_pool_08,0.5,target_loss,mask_0483c7c3a82ced7e,6,n_heads_06,-0.19383848269982148,-0.19383848269982148
exploratory_post_outcome_not_confirmatory,direct_risk,count_plus_PE_bin4,20,candidate_pool_08,0.5,cost_aware,mask_0483c7c3a82ced7e,6,n_heads_06,-0.19383848269982148,-0.07383848269982149
exploratory_post_outcome_not_confirmatory,direct_risk,count_plus_PE_bin4,20,candidate_pool_08,1.0,target_loss,mask_0483c7c3a82ced7e,6,n_heads_06,-0.039646648690627846,-0.039646648690627846
exploratory_post_outcome_not_confirmatory,direct_risk,count_plus_PE_bin4,20,candidate_pool_08,1.0,cost_aware,mask_0483c7c3a82ced7e,6,n_heads_06,-0.039646648690627846,0.08035335130937216
exploratory_post_outcome_not_confirmatory,direct_risk,count_plus_PE_bin4,20,candidate_pool_08,1.5,target_loss,mask_0483c7c3a82ced7e,6,n_heads_06,0.1905042877577152,0.1905042877577152
exploratory_post_outcome_not_confirmatory,direct_risk,count_plus_PE_bin4,20,candidate_pool_08,1.5,cost_aware,mask_0483c7c3a82ced7e,6,n_heads_06,0.1905042877577152,0.3105042877577152
exploratory_post_outcome_not_confirmatory,direct_risk,count_plus_PE_bin4,20,candidate_pool_09,0.5,target_loss,mask_6c66643ec3bf086c,6,n_heads_06,0.2576011403280321,0.2576011403280321
exploratory_post_outcome_not_confirmatory,direct_risk,count_plus_PE_bin4,20,candidate_pool_09,0.5,cost_aware,mask_6c66643ec3bf086c,6,n_heads_06,0.2576011403280321,0.3776011403280321
exploratory_post_outcome_not_confirmatory,direct_risk,count_plus_PE_bin4,20,candidate_pool_09,1.0,target_loss,mask_6c66643ec3bf086c,6,n_heads_06,0.27557915073201666,0.27557915073201666
exploratory_post_outcome_not_confirmatory,direct_risk,count_plus_PE_bin4,20,candidate_pool_09,1.0,cost_aware,mask_6c66643ec3bf086c,6,n_heads_06,0.27557915073201666,0.39557915073201666
exploratory_post_outcome_not_confirmatory,direct_risk,count_plus_PE_bin4,20,candidate_pool_09,1.5,target_loss,mask_6c66643ec3bf086c,6,n_heads_06,0.40901506943315935,0.40901506943315935
exploratory_post_outcome_not_confirmatory,direct_risk,count_plus_PE_bin4,20,candidate_pool_09,1.5,cost_aware,mask_6c66643ec3bf086c,6,n_heads_06,0.40901506943315935,0.5290150694331593
exploratory_post_outcome_not_confirmatory,direct_risk,count_plus_PE_bin4,40,candidate_pool_00,0.5,target_loss,mask_ff6985d2961f695d,9,n_heads_09,0.5098550917332921,0.5098550917332921
exploratory_post_outcome_not_confirmatory,direct_risk,count_plus_PE_bin4,40,candidate_pool_00,0.5,cost_aware,mask_ff6985d2961f695d,9,n_heads_09,0.5098550917332921,0.6898550917332922
exploratory_post_outcome_not_confirmatory,direct_risk,count_plus_PE_bin4,40,candidate_pool_00,1.0,target_loss,mask_ff6985d2961f695d,9,n_heads_09,0.19592830104454606,0.19592830104454606
exploratory_post_outcome_not_confirmatory,direct_risk,count_plus_PE_bin4,40,candidate_pool_00,1.0,cost_aware,mask_ff6985d2961f695d,9,n_heads_09,0.19592830104454606,0.37592830104454605
exploratory_post_outcome_not_confirmatory,direct_risk,count_plus_PE_bin4,40,candidate_pool_00,1.5,target_loss,mask_ff6985d2961f695d,9,n_heads_09,0.07733279162073958,0.07733279162073958
exploratory_post_outcome_not_confirmatory,direct_risk,count_plus_PE_bin4,40,candidate_pool_00,1.5,cost_aware,mask_ff6985d2961f695d,9,n_heads_09,0.07733279162073958,0.2573327916207396
exploratory_post_outcome_not_confirmatory,direct_risk,count_plus_PE_bin4,40,candidate_pool_01,0.5,target_loss,mask_625dbe9e05728352,8,n_heads_08,0.4293164066946621,0.4293164066946621
exploratory_post_outcome_not_confirmatory,direct_risk,count_plus_PE_bin4,40,candidate_pool_01,0.5,cost_aware,mask_625dbe9e05728352,8,n_heads_08,0.4293164066946621,0.5893164066946621
exploratory_post_outcome_not_confirmatory,direct_risk,count_plus_PE_bin4,40,candidate_pool_01,1.0,target_loss,mask_625dbe9e05728352,8,n_heads_08,0.4338412466626559,0.4338412466626559
exploratory_post_outcome_not_confirmatory,direct_risk,count_plus_PE_bin4,40,candidate_pool_01,1.0,cost_aware,mask_625dbe9e05728352,8,n_heads_08,0.4338412466626559,0.5938412466626559
exploratory_post_outcome_not_confirmatory,direct_risk,count_plus_PE_bin4,40,candidate_pool_01,1.5,target_loss,mask_3cd97f4a74d408b8,10,n_heads_10,0.5200484050760726,0.5200484050760726
exploratory_post_outcome_not_confirmatory,direct_risk,count_plus_PE_bin4,40,candidate_pool_01,1.5,cost_aware,mask_3cd97f4a74d408b8,10,n_heads_10,0.5200484050760726,0.7200484050760727
exploratory_post_outcome_not_confirmatory,direct_risk,count_plus_PE_bin4,40,candidate_pool_02,0.5,target_loss,mask_a0046e43df20ac57,5,n_heads_05,0.5301316707616088,0.5301316707616088
exploratory_post_outcome_not_confirmatory,direct_risk,count_plus_PE_bin4,40,candidate_pool_02,0.5,cost_aware,mask_a0046e43df20ac57,5,n_heads_05,0.5301316707616088,0.6301316707616088
exploratory_post_outcome_not_confirmatory,direct_risk,count_plus_PE_bin4,40,candidate_pool_02,1.0,target_loss,mask_a0046e43df20ac57,5,n_heads_05,0.39632482008692016,0.39632482008692016
exploratory_post_outcome_not_confirmatory,direct_risk,count_plus_PE_bin4,40,candidate_pool_02,1.0,cost_aware,mask_a0046e43df20ac57,5,n_heads_05,0.39632482008692016,0.49632482008692014
exploratory_post_outcome_not_confirmatory,direct_risk,count_plus_PE_bin4,40,candidate_pool_02,1.5,target_loss,mask_a0046e43df20ac57,5,n_heads_05,0.4923766316537034,0.4923766316537034
exploratory_post_outcome_not_confirmatory,direct_risk,count_plus_PE_bin4,40,candidate_pool_02,1.5,cost_aware,mask_a0046e43df20ac57,5,n_heads_05,0.4923766316537034,0.5923766316537034
exploratory_post_outcome_not_confirmatory,direct_risk,count_plus_PE_bin4,40,candidate_pool_03,0.5,target_loss,mask_9adcd6a8e2d813f5,5,n_heads_05,0.17514072554140278,0.17514072554140278
exploratory_post_outcome_not_confirmatory,direct_risk,count_plus_PE_bin4,40,candidate_pool_03,0.5,cost_aware,mask_9adcd6a8e2d813f5,5,n_heads_05,0.17514072554140278,0.2751407255414028
exploratory_post_outcome_not_confirmatory,direct_risk,count_plus_PE_bin4,40,candidate_pool_03,1.0,target_loss,mask_9adcd6a8e2d813f5,5,n_heads_05,0.2228286857361467,0.2228286857361467
exploratory_post_outcome_not_confirmatory,direct_risk,count_plus_PE_bin4,40,candidate_pool_03,1.0,cost_aware,mask_9adcd6a8e2d813f5,5,n_heads_05,0.2228286857361467,0.3228286857361467
exploratory_post_outcome_not_confirmatory,direct_risk,count_plus_PE_bin4,40,candidate_pool_03,1.5,target_loss,mask_5b90a18db67578c0,5,n_heads_05,0.38780514091957013,0.38780514091957013
exploratory_post_outcome_not_confirmatory,direct_risk,count_plus_PE_bin4,40,candidate_pool_03,1.5,cost_aware,mask_5b90a18db67578c0,5,n_heads_05,0.38780514091957013,0.48780514091957017
exploratory_post_outcome_not_confirmatory,direct_risk,count_plus_PE_bin4,40,candidate_pool_04,0.5,target_loss,mask_f0c601118b39fe23,4,n_heads_04,0.4553151746339922,0.4553151746339922
exploratory_post_outcome_not_confirmatory,direct_risk,count_plus_PE_bin4,40,candidate_pool_04,0.5,cost_aware,mask_f0c601118b39fe23,4,n_heads_04,0.4553151746339922,0.5353151746339921
exploratory_post_outcome_not_confirmatory,direct_risk,count_plus_PE_bin4,40,candidate_pool_04,1.0,target_loss,mask_ff0a498847885133,7,n_heads_07,0.5601836302519546,0.5601836302519546
exploratory_post_outcome_not_confirmatory,direct_risk,count_plus_PE_bin4,40,candidate_pool_04,1.0,cost_aware,mask_ff0a498847885133,7,n_heads_07,0.5601836302519546,0.7001836302519546
exploratory_post_outcome_not_confirmatory,direct_risk,count_plus_PE_bin4,40,candidate_pool_04,1.5,target_loss,mask_6d2e3876c8f68db8,9,n_heads_09,0.6363464982540729,0.6363464982540729
exploratory_post_outcome_not_confirmatory,direct_risk,count_plus_PE_bin4,40,candidate_pool_04,1.5,cost_aware,mask_6d2e3876c8f68db8,9,n_heads_09,0.6363464982540729,0.8163464982540729
exploratory_post_outcome_not_confirmatory,direct_risk,count_plus_PE_bin4,40,candidate_pool_05,0.5,target_loss,mask_9781274f8ee1fcdf,4,n_heads_04,0.7363694356018414,0.7363694356018414
exploratory_post_outcome_not_confirmatory,direct_risk,count_plus_PE_bin4,40,candidate_pool_05,0.5,cost_aware,mask_9781274f8ee1fcdf,4,n_heads_04,0.7363694356018414,0.8163694356018414
exploratory_post_outcome_not_confirmatory,direct_risk,count_plus_PE_bin4,40,candidate_pool_05,1.0,target_loss,mask_290a3cb1caf906c3,10,n_heads_10,0.6524443643572982,0.6524443643572982
exploratory_post_outcome_not_confirmatory,direct_risk,count_plus_PE_bin4,40,candidate_pool_05,1.0,cost_aware,mask_290a3cb1caf906c3,10,n_heads_10,0.6524443643572982,0.8524443643572983
exploratory_post_outcome_not_confirmatory,direct_risk,count_plus_PE_bin4,40,candidate_pool_05,1.5,target_loss,mask_290a3cb1caf906c3,10,n_heads_10,0.6622287744397191,0.6622287744397191
exploratory_post_outcome_not_confirmatory,direct_risk,count_plus_PE_bin4,40,candidate_pool_05,1.5,cost_aware,mask_290a3cb1caf906c3,10,n_heads_10,0.6622287744397191,0.862228774439719
exploratory_post_outcome_not_confirmatory,direct_risk,count_plus_PE_bin4,40,candidate_pool_06,0.5,target_loss,mask_bcf00f575657ab57,7,n_heads_07,0.29975528072558133,0.29975528072558133
exploratory_post_outcome_not_confirmatory,direct_risk,count_plus_PE_bin4,40,candidate_pool_06,0.5,cost_aware,mask_bcf00f575657ab57,7,n_heads_07,0.29975528072558133,0.43975528072558134
exploratory_post_outcome_not_confirmatory,direct_risk,count_plus_PE_bin4,40,candidate_pool_06,1.0,target_loss,mask_bcf00f575657ab57,7,n_heads_07,0.2996163909363203,0.2996163909363203
exploratory_post_outcome_not_confirmatory,direct_risk,count_plus_PE_bin4,40,candidate_pool_06,1.0,cost_aware,mask_bcf00f575657ab57,7,n_heads_07,0.2996163909363203,0.4396163909363203
exploratory_post_outcome_not_confirmatory,direct_risk,count_plus_PE_bin4,40,candidate_pool_06,1.5,target_loss,mask_bcf00f575657ab57,7,n_heads_07,0.41233801227982814,0.41233801227982814
exploratory_post_outcome_not_confirmatory,direct_risk,count_plus_PE_bin4,40,candidate_pool_06,1.5,cost_aware,mask_bcf00f575657ab57,7,n_heads_07,0.41233801227982814,0.5523380122798281
exploratory_post_outcome_not_confirmatory,direct_risk,count_plus_PE_bin4,40,candidate_pool_07,0.5,target_loss,mask_83fe021aaca96bf0,5,n_heads_05,-0.23125588273607672,-0.23125588273607672
exploratory_post_outcome_not_confirmatory,direct_risk,count_plus_PE_bin4,40,candidate_pool_07,0.5,cost_aware,mask_83fe021aaca96bf0,5,n_heads_05,-0.23125588273607672,-0.13125588273607672
exploratory_post_outcome_not_confirmatory,direct_risk,count_plus_PE_bin4,40,candidate_pool_07,1.0,target_loss,mask_83fe021aaca96bf0,5,n_heads_05,-0.41213869035089257,-0.41213869035089257
exploratory_post_outcome_not_confirmatory,direct_risk,count_plus_PE_bin4,40,candidate_pool_07,1.0,cost_aware,mask_83fe021aaca96bf0,5,n_heads_05,-0.41213869035089257,-0.3121386903508926
exploratory_post_outcome_not_confirmatory,direct_risk,count_plus_PE_bin4,40,candidate_pool_07,1.5,target_loss,mask_83fe021aaca96bf0,5,n_heads_05,-0.32225663429288254,-0.32225663429288254
exploratory_post_outcome_not_confirmatory,direct_risk,count_plus_PE_bin4,40,candidate_pool_07,1.5,cost_aware,mask_83fe021aaca96bf0,5,n_heads_05,-0.32225663429288254,-0.22225663429288253
exploratory_post_outcome_not_confirmatory,direct_risk,count_plus_PE_bin4,40,candidate_pool_08,0.5,target_loss,mask_bda88699e1e7badf,7,n_heads_07,0.27083964444560804,0.27083964444560804
exploratory_post_outcome_not_confirmatory,direct_risk,count_plus_PE_bin4,40,candidate_pool_08,0.5,cost_aware,mask_d71fb8f090c52558,4,n_heads_04,0.27226553961257094,0.35226553961257095
exploratory_post_outcome_not_confirmatory,direct_risk,count_plus_PE_bin4,40,candidate_pool_08,1.0,target_loss,mask_bda88699e1e7badf,7,n_heads_07,0.2610632192506718,0.2610632192506718
exploratory_post_outcome_not_confirmatory,direct_risk,count_plus_PE_bin4,40,candidate_pool_08,1.0,cost_aware,mask_bda88699e1e7badf,7,n_heads_07,0.2610632192506718,0.4010632192506718
exploratory_post_outcome_not_confirmatory,direct_risk,count_plus_PE_bin4,40,candidate_pool_08,1.5,target_loss,mask_bda88699e1e7badf,7,n_heads_07,0.41256319400268326,0.41256319400268326
exploratory_post_outcome_not_confirmatory,direct_risk,count_plus_PE_bin4,40,candidate_pool_08,1.5,cost_aware,mask_bda88699e1e7badf,7,n_heads_07,0.41256319400268326,0.5525631940026833
exploratory_post_outcome_not_confirmatory,direct_risk,count_plus_PE_bin4,40,candidate_pool_09,0.5,target_loss,mask_c3f11a7d9ebab23d,6,n_heads_06,0.46174218157227287,0.46174218157227287
exploratory_post_outcome_not_confirmatory,direct_risk,count_plus_PE_bin4,40,candidate_pool_09,0.5,cost_aware,mask_c3f11a7d9ebab23d,6,n_heads_06,0.46174218157227287,0.5817421815722729
exploratory_post_outcome_not_confirmatory,direct_risk,count_plus_PE_bin4,40,candidate_pool_09,1.0,target_loss,mask_c3f11a7d9ebab23d,6,n_heads_06,0.4127927161493621,0.4127927161493621
exploratory_post_outcome_not_confirmatory,direct_risk,count_plus_PE_bin4,40,candidate_pool_09,1.0,cost_aware,mask_c3f11a7d9ebab23d,6,n_heads_06,0.4127927161493621,0.5327927161493621
exploratory_post_outcome_not_confirmatory,direct_risk,count_plus_PE_bin4,40,candidate_pool_09,1.5,target_loss,mask_c3f11a7d9ebab23d,6,n_heads_06,0.5024107221685257,0.5024107221685257
exploratory_post_outcome_not_confirmatory,direct_risk,count_plus_PE_bin4,40,candidate_pool_09,1.5,cost_aware,mask_c3f11a7d9ebab23d,6,n_heads_06,0.5024107221685257,0.6224107221685257
exploratory_post_outcome_not_confirmatory,direct_risk,count_plus_PE_bin4,80,candidate_pool_00,0.5,target_loss,mask_ff6985d2961f695d,9,n_heads_09,0.7155935643081248,0.7155935643081248
exploratory_post_outcome_not_confirmatory,direct_risk,count_plus_PE_bin4,80,candidate_pool_00,0.5,cost_aware,mask_ff6985d2961f695d,9,n_heads_09,0.7155935643081248,0.8955935643081248
exploratory_post_outcome_not_confirmatory,direct_risk,count_plus_PE_bin4,80,candidate_pool_00,1.0,target_loss,mask_ff6985d2961f695d,9,n_heads_09,0.5473228384458374,0.5473228384458374
exploratory_post_outcome_not_confirmatory,direct_risk,count_plus_PE_bin4,80,candidate_pool_00,1.0,cost_aware,mask_ff6985d2961f695d,9,n_heads_09,0.5473228384458374,0.7273228384458374
exploratory_post_outcome_not_confirmatory,direct_risk,count_plus_PE_bin4,80,candidate_pool_00,1.5,target_loss,mask_ff6985d2961f695d,9,n_heads_09,0.5592280470653326,0.5592280470653326
exploratory_post_outcome_not_confirmatory,direct_risk,count_plus_PE_bin4,80,candidate_pool_00,1.5,cost_aware,mask_ff6985d2961f695d,9,n_heads_09,0.5592280470653326,0.7392280470653325
exploratory_post_outcome_not_confirmatory,direct_risk,count_plus_PE_bin4,80,candidate_pool_01,0.5,target_loss,mask_28f76a93a72310a5,4,n_heads_04,0.49804594686934084,0.49804594686934084
exploratory_post_outcome_not_confirmatory,direct_risk,count_plus_PE_bin4,80,candidate_pool_01,0.5,cost_aware,mask_28f76a93a72310a5,4,n_heads_04,0.49804594686934084,0.5780459468693409
exploratory_post_outcome_not_confirmatory,direct_risk,count_plus_PE_bin4,80,candidate_pool_01,1.0,target_loss,mask_c6f04107d7ae9b56,9,n_heads_09,0.4808125150451943,0.4808125150451943
exploratory_post_outcome_not_confirmatory,direct_risk,count_plus_PE_bin4,80,candidate_pool_01,1.0,cost_aware,mask_c6f04107d7ae9b56,9,n_heads_09,0.4808125150451943,0.6608125150451942
exploratory_post_outcome_not_confirmatory,direct_risk,count_plus_PE_bin4,80,candidate_pool_01,1.5,target_loss,mask_c6f04107d7ae9b56,9,n_heads_09,0.4894146075205426,0.4894146075205426
exploratory_post_outcome_not_confirmatory,direct_risk,count_plus_PE_bin4,80,candidate_pool_01,1.5,cost_aware,mask_c6f04107d7ae9b56,9,n_heads_09,0.4894146075205426,0.6694146075205426
exploratory_post_outcome_not_confirmatory,direct_risk,count_plus_PE_bin4,80,candidate_pool_02,0.5,target_loss,mask_c7772d470875866f,4,n_heads_04,0.6461399779585782,0.6461399779585782
exploratory_post_outcome_not_confirmatory,direct_risk,count_plus_PE_bin4,80,candidate_pool_02,0.5,cost_aware,mask_c7772d470875866f,4,n_heads_04,0.6461399779585782,0.7261399779585782
exploratory_post_outcome_not_confirmatory,direct_risk,count_plus_PE_bin4,80,candidate_pool_02,1.0,target_loss,mask_053a16108482e172,6,n_heads_06,0.5571863734292127,0.5571863734292127
exploratory_post_outcome_not_confirmatory,direct_risk,count_plus_PE_bin4,80,candidate_pool_02,1.0,cost_aware,mask_053a16108482e172,6,n_heads_06,0.5571863734292127,0.6771863734292127
exploratory_post_outcome_not_confirmatory,direct_risk,count_plus_PE_bin4,80,candidate_pool_02,1.5,target_loss,mask_053a16108482e172,6,n_heads_06,0.6257351494983875,0.6257351494983875
exploratory_post_outcome_not_confirmatory,direct_risk,count_plus_PE_bin4,80,candidate_pool_02,1.5,cost_aware,mask_053a16108482e172,6,n_heads_06,0.6257351494983875,0.7457351494983875
exploratory_post_outcome_not_confirmatory,direct_risk,count_plus_PE_bin4,80,candidate_pool_03,0.5,target_loss,mask_aedb2c503c8eced2,5,n_heads_05,0.23404986738420708,0.23404986738420708
exploratory_post_outcome_not_confirmatory,direct_risk,count_plus_PE_bin4,80,candidate_pool_03,0.5,cost_aware,mask_aedb2c503c8eced2,5,n_heads_05,0.23404986738420708,0.33404986738420706
exploratory_post_outcome_not_confirmatory,direct_risk,count_plus_PE_bin4,80,candidate_pool_03,1.0,target_loss,mask_aedb2c503c8eced2,5,n_heads_05,0.46016150827348384,0.46016150827348384
exploratory_post_outcome_not_confirmatory,direct_risk,count_plus_PE_bin4,80,candidate_pool_03,1.0,cost_aware,mask_aedb2c503c8eced2,5,n_heads_05,0.46016150827348384,0.5601615082734839
exploratory_post_outcome_not_confirmatory,direct_risk,count_plus_PE_bin4,80,candidate_pool_03,1.5,target_loss,mask_aedb2c503c8eced2,5,n_heads_05,0.8130479996638525,0.8130479996638525
exploratory_post_outcome_not_confirmatory,direct_risk,count_plus_PE_bin4,80,candidate_pool_03,1.5,cost_aware,mask_aedb2c503c8eced2,5,n_heads_05,0.8130479996638525,0.9130479996638525
exploratory_post_outcome_not_confirmatory,direct_risk,count_plus_PE_bin4,80,candidate_pool_04,0.5,target_loss,mask_6d2e3876c8f68db8,9,n_heads_09,0.466012760743484,0.466012760743484
exploratory_post_outcome_not_confirmatory,direct_risk,count_plus_PE_bin4,80,candidate_pool_04,0.5,cost_aware,mask_6d2e3876c8f68db8,9,n_heads_09,0.466012760743484,0.646012760743484
exploratory_post_outcome_not_confirmatory,direct_risk,count_plus_PE_bin4,80,candidate_pool_04,1.0,target_loss,mask_6d2e3876c8f68db8,9,n_heads_09,0.2849954358430209,0.2849954358430209
exploratory_post_outcome_not_confirmatory,direct_risk,count_plus_PE_bin4,80,candidate_pool_04,1.0,cost_aware,mask_6d2e3876c8f68db8,9,n_heads_09,0.2849954358430209,0.4649954358430209
exploratory_post_outcome_not_confirmatory,direct_risk,count_plus_PE_bin4,80,candidate_pool_04,1.5,target_loss,mask_6d2e3876c8f68db8,9,n_heads_09,0.300699879566115,0.300699879566115
exploratory_post_outcome_not_confirmatory,direct_risk,count_plus_PE_bin4,80,candidate_pool_04,1.5,cost_aware,mask_6d2e3876c8f68db8,9,n_heads_09,0.300699879566115,0.480699879566115
exploratory_post_outcome_not_confirmatory,direct_risk,count_plus_PE_bin4,80,candidate_pool_05,0.5,target_loss,mask_de24099fc59a002a,4,n_heads_04,0.6976297125544908,0.6976297125544908
exploratory_post_outcome_not_confirmatory,direct_risk,count_plus_PE_bin4,80,candidate_pool_05,0.5,cost_aware,mask_de24099fc59a002a,4,n_heads_04,0.6976297125544908,0.7776297125544908
exploratory_post_outcome_not_confirmatory,direct_risk,count_plus_PE_bin4,80,candidate_pool_05,1.0,target_loss,mask_de24099fc59a002a,4,n_heads_04,0.6959960461194437,0.6959960461194437
exploratory_post_outcome_not_confirmatory,direct_risk,count_plus_PE_bin4,80,candidate_pool_05,1.0,cost_aware,mask_de24099fc59a002a,4,n_heads_04,0.6959960461194437,0.7759960461194436
exploratory_post_outcome_not_confirmatory,direct_risk,count_plus_PE_bin4,80,candidate_pool_05,1.5,target_loss,mask_290a3cb1caf906c3,10,n_heads_10,0.7025735162505419,0.7025735162505419
exploratory_post_outcome_not_confirmatory,direct_risk,count_plus_PE_bin4,80,candidate_pool_05,1.5,cost_aware,mask_290a3cb1caf906c3,10,n_heads_10,0.7025735162505419,0.9025735162505419
exploratory_post_outcome_not_confirmatory,direct_risk,count_plus_PE_bin4,80,candidate_pool_06,0.5,target_loss,mask_f2b097d9ab973b9b,7,n_heads_07,0.5191758735501183,0.5191758735501183
exploratory_post_outcome_not_confirmatory,direct_risk,count_plus_PE_bin4,80,candidate_pool_06,0.5,cost_aware,mask_f2b097d9ab973b9b,7,n_heads_07,0.5191758735501183,0.6591758735501183
exploratory_post_outcome_not_confirmatory,direct_risk,count_plus_PE_bin4,80,candidate_pool_06,1.0,target_loss,mask_f16ce08b0ff70796,6,n_heads_06,0.647137236153791,0.647137236153791
exploratory_post_outcome_not_confirmatory,direct_risk,count_plus_PE_bin4,80,candidate_pool_06,1.0,cost_aware,mask_f16ce08b0ff70796,6,n_heads_06,0.647137236153791,0.767137236153791
exploratory_post_outcome_not_confirmatory,direct_risk,count_plus_PE_bin4,80,candidate_pool_06,1.5,target_loss,mask_f16ce08b0ff70796,6,n_heads_06,0.799982475001751,0.799982475001751
exploratory_post_outcome_not_confirmatory,direct_risk,count_plus_PE_bin4,80,candidate_pool_06,1.5,cost_aware,mask_f16ce08b0ff70796,6,n_heads_06,0.799982475001751,0.919982475001751
exploratory_post_outcome_not_confirmatory,direct_risk,count_plus_PE_bin4,80,candidate_pool_07,0.5,target_loss,mask_83fe021aaca96bf0,5,n_heads_05,0.19055455944990035,0.19055455944990035
exploratory_post_outcome_not_confirmatory,direct_risk,count_plus_PE_bin4,80,candidate_pool_07,0.5,cost_aware,mask_83fe021aaca96bf0,5,n_heads_05,0.19055455944990035,0.2905545594499004
exploratory_post_outcome_not_confirmatory,direct_risk,count_plus_PE_bin4,80,candidate_pool_07,1.0,target_loss,mask_83fe021aaca96bf0,5,n_heads_05,0.09113451625709446,0.09113451625709446
exploratory_post_outcome_not_confirmatory,direct_risk,count_plus_PE_bin4,80,candidate_pool_07,1.0,cost_aware,mask_83fe021aaca96bf0,5,n_heads_05,0.09113451625709446,0.19113451625709446
exploratory_post_outcome_not_confirmatory,direct_risk,count_plus_PE_bin4,80,candidate_pool_07,1.5,target_loss,mask_83fe021aaca96bf0,5,n_heads_05,0.2315657266034911,0.2315657266034911
exploratory_post_outcome_not_confirmatory,direct_risk,count_plus_PE_bin4,80,candidate_pool_07,1.5,cost_aware,mask_83fe021aaca96bf0,5,n_heads_05,0.2315657266034911,0.3315657266034911
exploratory_post_outcome_not_confirmatory,direct_risk,count_plus_PE_bin4,80,candidate_pool_08,0.5,target_loss,mask_0483c7c3a82ced7e,6,n_heads_06,0.031165794665330926,0.031165794665330926
exploratory_post_outcome_not_confirmatory,direct_risk,count_plus_PE_bin4,80,candidate_pool_08,0.5,cost_aware,mask_0483c7c3a82ced7e,6,n_heads_06,0.031165794665330926,0.15116579466533092
exploratory_post_outcome_not_confirmatory,direct_risk,count_plus_PE_bin4,80,candidate_pool_08,1.0,target_loss,mask_0483c7c3a82ced7e,6,n_heads_06,0.21565959642369947,0.21565959642369947
exploratory_post_outcome_not_confirmatory,direct_risk,count_plus_PE_bin4,80,candidate_pool_08,1.0,cost_aware,mask_0483c7c3a82ced7e,6,n_heads_06,0.21565959642369947,0.33565959642369947
exploratory_post_outcome_not_confirmatory,direct_risk,count_plus_PE_bin4,80,candidate_pool_08,1.5,target_loss,mask_0483c7c3a82ced7e,6,n_heads_06,0.5252282919109548,0.5252282919109548
exploratory_post_outcome_not_confirmatory,direct_risk,count_plus_PE_bin4,80,candidate_pool_08,1.5,cost_aware,mask_0483c7c3a82ced7e,6,n_heads_06,0.5252282919109548,0.6452282919109548
exploratory_post_outcome_not_confirmatory,direct_risk,count_plus_PE_bin4,80,candidate_pool_09,0.5,target_loss,mask_6000c95aa8146da6,7,n_heads_07,0.8384908986924247,0.8384908986924247
exploratory_post_outcome_not_confirmatory,direct_risk,count_plus_PE_bin4,80,candidate_pool_09,0.5,cost_aware,mask_7014c21a00895564,4,n_heads_04,0.8760564659713872,0.9560564659713872
exploratory_post_outcome_not_confirmatory,direct_risk,count_plus_PE_bin4,80,candidate_pool_09,1.0,target_loss,mask_ea7ded36b0b6aa15,8,n_heads_08,0.7437064157739752,0.7437064157739752
exploratory_post_outcome_not_confirmatory,direct_risk,count_plus_PE_bin4,80,candidate_pool_09,1.0,cost_aware,mask_ea7ded36b0b6aa15,8,n_heads_08,0.7437064157739752,0.9037064157739753
exploratory_post_outcome_not_confirmatory,direct_risk,count_plus_PE_bin4,80,candidate_pool_09,1.5,target_loss,mask_ea7ded36b0b6aa15,8,n_heads_08,0.7550293131760982,0.7550293131760982
exploratory_post_outcome_not_confirmatory,direct_risk,count_plus_PE_bin4,80,candidate_pool_09,1.5,cost_aware,mask_ea7ded36b0b6aa15,8,n_heads_08,0.7550293131760982,0.9150293131760983
exploratory_post_outcome_not_confirmatory,direct_risk,count_plus_PE_bin4,160,candidate_pool_00,0.5,target_loss,mask_ff6985d2961f695d,9,n_heads_09,0.8633943714872514,0.8633943714872514
exploratory_post_outcome_not_confirmatory,direct_risk,count_plus_PE_bin4,160,candidate_pool_00,0.5,cost_aware,mask_714aefc72a94a0e9,5,n_heads_05,0.9376274933072566,1.0376274933072567
exploratory_post_outcome_not_confirmatory,direct_risk,count_plus_PE_bin4,160,candidate_pool_00,1.0,target_loss,mask_ff6985d2961f695d,9,n_heads_09,0.720269718361168,0.720269718361168
exploratory_post_outcome_not_confirmatory,direct_risk,count_plus_PE_bin4,160,candidate_pool_00,1.0,cost_aware,mask_ff6985d2961f695d,9,n_heads_09,0.720269718361168,0.9002697183611681
exploratory_post_outcome_not_confirmatory,direct_risk,count_plus_PE_bin4,160,candidate_pool_00,1.5,target_loss,mask_ff6985d2961f695d,9,n_heads_09,0.7424825626280254,0.7424825626280254
exploratory_post_outcome_not_confirmatory,direct_risk,count_plus_PE_bin4,160,candidate_pool_00,1.5,cost_aware,mask_ff6985d2961f695d,9,n_heads_09,0.7424825626280254,0.9224825626280253
exploratory_post_outcome_not_confirmatory,direct_risk,count_plus_PE_bin4,160,candidate_pool_01,0.5,target_loss,mask_28f76a93a72310a5,4,n_heads_04,0.7277663237801181,0.7277663237801181
exploratory_post_outcome_not_confirmatory,direct_risk,count_plus_PE_bin4,160,candidate_pool_01,0.5,cost_aware,mask_28f76a93a72310a5,4,n_heads_04,0.7277663237801181,0.807766323780118
exploratory_post_outcome_not_confirmatory,direct_risk,count_plus_PE_bin4,160,candidate_pool_01,1.0,target_loss,mask_c6f04107d7ae9b56,9,n_heads_09,0.5697023778963474,0.5697023778963474
exploratory_post_outcome_not_confirmatory,direct_risk,count_plus_PE_bin4,160,candidate_pool_01,1.0,cost_aware,mask_c6f04107d7ae9b56,9,n_heads_09,0.5697023778963474,0.7497023778963474
exploratory_post_outcome_not_confirmatory,direct_risk,count_plus_PE_bin4,160,candidate_pool_01,1.5,target_loss,mask_c6f04107d7ae9b56,9,n_heads_09,0.5740745331996703,0.5740745331996703
exploratory_post_outcome_not_confirmatory,direct_risk,count_plus_PE_bin4,160,candidate_pool_01,1.5,cost_aware,mask_c6f04107d7ae9b56,9,n_heads_09,0.5740745331996703,0.7540745331996703
exploratory_post_outcome_not_confirmatory,direct_risk,count_plus_PE_bin4,160,candidate_pool_02,0.5,target_loss,mask_053a16108482e172,6,n_heads_06,0.7705791731972272,0.7705791731972272
exploratory_post_outcome_not_confirmatory,direct_risk,count_plus_PE_bin4,160,candidate_pool_02,0.5,cost_aware,mask_c7772d470875866f,4,n_heads_04,0.7921221495605484,0.8721221495605483
exploratory_post_outcome_not_confirmatory,direct_risk,count_plus_PE_bin4,160,candidate_pool_02,1.0,target_loss,mask_053a16108482e172,6,n_heads_06,0.6575848303930903,0.6575848303930903
exploratory_post_outcome_not_confirmatory,direct_risk,count_plus_PE_bin4,160,candidate_pool_02,1.0,cost_aware,mask_053a16108482e172,6,n_heads_06,0.6575848303930903,0.7775848303930903
exploratory_post_outcome_not_confirmatory,direct_risk,count_plus_PE_bin4,160,candidate_pool_02,1.5,target_loss,mask_053a16108482e172,6,n_heads_06,0.7384406441478175,0.7384406441478175
exploratory_post_outcome_not_confirmatory,direct_risk,count_plus_PE_bin4,160,candidate_pool_02,1.5,cost_aware,mask_053a16108482e172,6,n_heads_06,0.7384406441478175,0.8584406441478175
exploratory_post_outcome_not_confirmatory,direct_risk,count_plus_PE_bin4,160,candidate_pool_03,0.5,target_loss,mask_aedb2c503c8eced2,5,n_heads_05,0.09661770822871547,0.09661770822871547
exploratory_post_outcome_not_confirmatory,direct_risk,count_plus_PE_bin4,160,candidate_pool_03,0.5,cost_aware,mask_aedb2c503c8eced2,5,n_heads_05,0.09661770822871547,0.1966177082287155
exploratory_post_outcome_not_confirmatory,direct_risk,count_plus_PE_bin4,160,candidate_pool_03,1.0,target_loss,mask_aedb2c503c8eced2,5,n_heads_05,0.34215962638757996,0.34215962638757996
exploratory_post_outcome_not_confirmatory,direct_risk,count_plus_PE_bin4,160,candidate_pool_03,1.0,cost_aware,mask_aedb2c503c8eced2,5,n_heads_05,0.34215962638757996,0.44215962638758
exploratory_post_outcome_not_confirmatory,direct_risk,count_plus_PE_bin4,160,candidate_pool_03,1.5,target_loss,mask_aedb2c503c8eced2,5,n_heads_05,0.7209927494402146,0.7209927494402146
exploratory_post_outcome_not_confirmatory,direct_risk,count_plus_PE_bin4,160,candidate_pool_03,1.5,cost_aware,mask_aedb2c503c8eced2,5,n_heads_05,0.7209927494402146,0.8209927494402146
exploratory_post_outcome_not_confirmatory,direct_risk,count_plus_PE_bin4,160,candidate_pool_04,0.5,target_loss,mask_6d2e3876c8f68db8,9,n_heads_09,0.5603968376012332,0.5603968376012332
exploratory_post_outcome_not_confirmatory,direct_risk,count_plus_PE_bin4,160,candidate_pool_04,0.5,cost_aware,mask_6d2e3876c8f68db8,9,n_heads_09,0.5603968376012332,0.7403968376012331
exploratory_post_outcome_not_confirmatory,direct_risk,count_plus_PE_bin4,160,candidate_pool_04,1.0,target_loss,mask_6d2e3876c8f68db8,9,n_heads_09,0.39680926406197553,0.39680926406197553
exploratory_post_outcome_not_confirmatory,direct_risk,count_plus_PE_bin4,160,candidate_pool_04,1.0,cost_aware,mask_6d2e3876c8f68db8,9,n_heads_09,0.39680926406197553,0.5768092640619755
exploratory_post_outcome_not_confirmatory,direct_risk,count_plus_PE_bin4,160,candidate_pool_04,1.5,target_loss,mask_6d2e3876c8f68db8,9,n_heads_09,0.41834159793824566,0.41834159793824566
exploratory_post_outcome_not_confirmatory,direct_risk,count_plus_PE_bin4,160,candidate_pool_04,1.5,cost_aware,mask_6d2e3876c8f68db8,9,n_heads_09,0.41834159793824566,0.5983415979382456
exploratory_post_outcome_not_confirmatory,direct_risk,count_plus_PE_bin4,160,candidate_pool_05,0.5,target_loss,mask_de24099fc59a002a,4,n_heads_04,0.8896413141126882,0.8896413141126882
exploratory_post_outcome_not_confirmatory,direct_risk,count_plus_PE_bin4,160,candidate_pool_05,0.5,cost_aware,mask_de24099fc59a002a,4,n_heads_04,0.8896413141126882,0.9696413141126882
exploratory_post_outcome_not_confirmatory,direct_risk,count_plus_PE_bin4,160,candidate_pool_05,1.0,target_loss,mask_290a3cb1caf906c3,10,n_heads_10,0.7828425068076356,0.7828425068076356
exploratory_post_outcome_not_confirmatory,direct_risk,count_plus_PE_bin4,160,candidate_pool_05,1.0,cost_aware,mask_290a3cb1caf906c3,10,n_heads_10,0.7828425068076356,0.9828425068076356
exploratory_post_outcome_not_confirmatory,direct_risk,count_plus_PE_bin4,160,candidate_pool_05,1.5,target_loss,mask_290a3cb1caf906c3,10,n_heads_10,0.811721366136144,0.811721366136144
exploratory_post_outcome_not_confirmatory,direct_risk,count_plus_PE_bin4,160,candidate_pool_05,1.5,cost_aware,mask_290a3cb1caf906c3,10,n_heads_10,0.811721366136144,1.011721366136144
exploratory_post_outcome_not_confirmatory,direct_risk,count_plus_PE_bin4,160,candidate_pool_06,0.5,target_loss,mask_24aa69bed4ef8bfe,4,n_heads_04,0.6561098064153215,0.6561098064153215
exploratory_post_outcome_not_confirmatory,direct_risk,count_plus_PE_bin4,160,candidate_pool_06,0.5,cost_aware,mask_24aa69bed4ef8bfe,4,n_heads_04,0.6561098064153215,0.7361098064153214
exploratory_post_outcome_not_confirmatory,direct_risk,count_plus_PE_bin4,160,candidate_pool_06,1.0,target_loss,mask_f16ce08b0ff70796,6,n_heads_06,0.8163329014515329,0.8163329014515329
exploratory_post_outcome_not_confirmatory,direct_risk,count_plus_PE_bin4,160,candidate_pool_06,1.0,cost_aware,mask_f16ce08b0ff70796,6,n_heads_06,0.8163329014515329,0.9363329014515329
exploratory_post_outcome_not_confirmatory,direct_risk,count_plus_PE_bin4,160,candidate_pool_06,1.5,target_loss,mask_c22a533faf194bc5,7,n_heads_07,0.9053750639039697,0.9053750639039697
exploratory_post_outcome_not_confirmatory,direct_risk,count_plus_PE_bin4,160,candidate_pool_06,1.5,cost_aware,mask_c22a533faf194bc5,7,n_heads_07,0.9053750639039697,1.0453750639039696
exploratory_post_outcome_not_confirmatory,direct_risk,count_plus_PE_bin4,160,candidate_pool_07,0.5,target_loss,mask_83fe021aaca96bf0,5,n_heads_05,0.243001991519076,0.243001991519076
exploratory_post_outcome_not_confirmatory,direct_risk,count_plus_PE_bin4,160,candidate_pool_07,0.5,cost_aware,mask_83fe021aaca96bf0,5,n_heads_05,0.243001991519076,0.343001991519076
exploratory_post_outcome_not_confirmatory,direct_risk,count_plus_PE_bin4,160,candidate_pool_07,1.0,target_loss,mask_83fe021aaca96bf0,5,n_heads_05,0.19912326847805029,0.19912326847805029
exploratory_post_outcome_not_confirmatory,direct_risk,count_plus_PE_bin4,160,candidate_pool_07,1.0,cost_aware,mask_83fe021aaca96bf0,5,n_heads_05,0.19912326847805029,0.29912326847805026
exploratory_post_outcome_not_confirmatory,direct_risk,count_plus_PE_bin4,160,candidate_pool_07,1.5,target_loss,mask_83fe021aaca96bf0,5,n_heads_05,0.35657591665514854,0.35657591665514854
exploratory_post_outcome_not_confirmatory,direct_risk,count_plus_PE_bin4,160,candidate_pool_07,1.5,cost_aware,mask_83fe021aaca96bf0,5,n_heads_05,0.35657591665514854,0.4565759166551485
exploratory_post_outcome_not_confirmatory,direct_risk,count_plus_PE_bin4,160,candidate_pool_08,0.5,target_loss,mask_0483c7c3a82ced7e,6,n_heads_06,0.12865101502379428,0.12865101502379428
exploratory_post_outcome_not_confirmatory,direct_risk,count_plus_PE_bin4,160,candidate_pool_08,0.5,cost_aware,mask_0483c7c3a82ced7e,6,n_heads_06,0.12865101502379428,0.24865101502379428
exploratory_post_outcome_not_confirmatory,direct_risk,count_plus_PE_bin4,160,candidate_pool_08,1.0,target_loss,mask_0483c7c3a82ced7e,6,n_heads_06,0.29313804916159436,0.29313804916159436
exploratory_post_outcome_not_confirmatory,direct_risk,count_plus_PE_bin4,160,candidate_pool_08,1.0,cost_aware,mask_0483c7c3a82ced7e,6,n_heads_06,0.29313804916159436,0.41313804916159436
exploratory_post_outcome_not_confirmatory,direct_risk,count_plus_PE_bin4,160,candidate_pool_08,1.5,target_loss,mask_0483c7c3a82ced7e,6,n_heads_06,0.5828657950602237,0.5828657950602237
exploratory_post_outcome_not_confirmatory,direct_risk,count_plus_PE_bin4,160,candidate_pool_08,1.5,cost_aware,mask_0483c7c3a82ced7e,6,n_heads_06,0.5828657950602237,0.7028657950602237
exploratory_post_outcome_not_confirmatory,direct_risk,count_plus_PE_bin4,160,candidate_pool_09,0.5,target_loss,mask_6000c95aa8146da6,7,n_heads_07,0.8776172457242539,0.8776172457242539
exploratory_post_outcome_not_confirmatory,direct_risk,count_plus_PE_bin4,160,candidate_pool_09,0.5,cost_aware,mask_6000c95aa8146da6,7,n_heads_07,0.8776172457242539,1.0176172457242538
exploratory_post_outcome_not_confirmatory,direct_risk,count_plus_PE_bin4,160,candidate_pool_09,1.0,target_loss,mask_ea7ded36b0b6aa15,8,n_heads_08,0.705866225478069,0.705866225478069
exploratory_post_outcome_not_confirmatory,direct_risk,count_plus_PE_bin4,160,candidate_pool_09,1.0,cost_aware,mask_ea7ded36b0b6aa15,8,n_heads_08,0.705866225478069,0.865866225478069
exploratory_post_outcome_not_confirmatory,direct_risk,count_plus_PE_bin4,160,candidate_pool_09,1.5,target_loss,mask_ea7ded36b0b6aa15,8,n_heads_08,0.7252091342228162,0.7252091342228162
exploratory_post_outcome_not_confirmatory,direct_risk,count_plus_PE_bin4,160,candidate_pool_09,1.5,cost_aware,mask_ea7ded36b0b6aa15,8,n_heads_08,0.7252091342228162,0.8852091342228162
exploratory_post_outcome_not_confirmatory,direct_risk,count_plus_all_bin4,20,candidate_pool_00,0.5,target_loss,mask_153f1c2a9e066490,6,n_heads_06,0.1641099780993904,0.1641099780993904
exploratory_post_outcome_not_confirmatory,direct_risk,count_plus_all_bin4,20,candidate_pool_00,0.5,cost_aware,mask_153f1c2a9e066490,6,n_heads_06,0.1641099780993904,0.2841099780993904
exploratory_post_outcome_not_confirmatory,direct_risk,count_plus_all_bin4,20,candidate_pool_00,1.0,target_loss,mask_153f1c2a9e066490,6,n_heads_06,0.16400871293888208,0.16400871293888208
exploratory_post_outcome_not_confirmatory,direct_risk,count_plus_all_bin4,20,candidate_pool_00,1.0,cost_aware,mask_153f1c2a9e066490,6,n_heads_06,0.16400871293888208,0.2840087129388821
exploratory_post_outcome_not_confirmatory,direct_risk,count_plus_all_bin4,20,candidate_pool_00,1.5,target_loss,mask_153f1c2a9e066490,6,n_heads_06,0.3203633548776715,0.3203633548776715
exploratory_post_outcome_not_confirmatory,direct_risk,count_plus_all_bin4,20,candidate_pool_00,1.5,cost_aware,mask_153f1c2a9e066490,6,n_heads_06,0.3203633548776715,0.4403633548776715
exploratory_post_outcome_not_confirmatory,direct_risk,count_plus_all_bin4,20,candidate_pool_01,0.5,target_loss,mask_c6f04107d7ae9b56,9,n_heads_09,-0.3157509896425366,-0.3157509896425366
exploratory_post_outcome_not_confirmatory,direct_risk,count_plus_all_bin4,20,candidate_pool_01,0.5,cost_aware,mask_c6f04107d7ae9b56,9,n_heads_09,-0.3157509896425366,-0.13575098964253662
exploratory_post_outcome_not_confirmatory,direct_risk,count_plus_all_bin4,20,candidate_pool_01,1.0,target_loss,mask_c6f04107d7ae9b56,9,n_heads_09,-0.6099915837136486,-0.6099915837136486
exploratory_post_outcome_not_confirmatory,direct_risk,count_plus_all_bin4,20,candidate_pool_01,1.0,cost_aware,mask_c6f04107d7ae9b56,9,n_heads_09,-0.6099915837136486,-0.4299915837136486
exploratory_post_outcome_not_confirmatory,direct_risk,count_plus_all_bin4,20,candidate_pool_01,1.5,target_loss,mask_c6f04107d7ae9b56,9,n_heads_09,-0.7018798469980649,-0.7018798469980649
exploratory_post_outcome_not_confirmatory,direct_risk,count_plus_all_bin4,20,candidate_pool_01,1.5,cost_aware,mask_c6f04107d7ae9b56,9,n_heads_09,-0.7018798469980649,-0.521879846998065
exploratory_post_outcome_not_confirmatory,direct_risk,count_plus_all_bin4,20,candidate_pool_02,0.5,target_loss,mask_267196af5474f7ae,8,n_heads_08,0.7260336241584493,0.7260336241584493
exploratory_post_outcome_not_confirmatory,direct_risk,count_plus_all_bin4,20,candidate_pool_02,0.5,cost_aware,mask_c7772d470875866f,4,n_heads_04,0.7477842294015579,0.8277842294015578
exploratory_post_outcome_not_confirmatory,direct_risk,count_plus_all_bin4,20,candidate_pool_02,1.0,target_loss,mask_267196af5474f7ae,8,n_heads_08,0.7853077228376014,0.7853077228376014
exploratory_post_outcome_not_confirmatory,direct_risk,count_plus_all_bin4,20,candidate_pool_02,1.0,cost_aware,mask_267196af5474f7ae,8,n_heads_08,0.7853077228376014,0.9453077228376014
exploratory_post_outcome_not_confirmatory,direct_risk,count_plus_all_bin4,20,candidate_pool_02,1.5,target_loss,mask_267196af5474f7ae,8,n_heads_08,0.9136562326979679,0.9136562326979679
exploratory_post_outcome_not_confirmatory,direct_risk,count_plus_all_bin4,20,candidate_pool_02,1.5,cost_aware,mask_267196af5474f7ae,8,n_heads_08,0.9136562326979679,1.073656232697968
exploratory_post_outcome_not_confirmatory,direct_risk,count_plus_all_bin4,20,candidate_pool_03,0.5,target_loss,mask_aedb2c503c8eced2,5,n_heads_05,0.2683248011743282,0.2683248011743282
exploratory_post_outcome_not_confirmatory,direct_risk,count_plus_all_bin4,20,candidate_pool_03,0.5,cost_aware,mask_aedb2c503c8eced2,5,n_heads_05,0.2683248011743282,0.3683248011743282
exploratory_post_outcome_not_confirmatory,direct_risk,count_plus_all_bin4,20,candidate_pool_03,1.0,target_loss,mask_aedb2c503c8eced2,5,n_heads_05,0.6478748478872142,0.6478748478872142
exploratory_post_outcome_not_confirmatory,direct_risk,count_plus_all_bin4,20,candidate_pool_03,1.0,cost_aware,mask_aedb2c503c8eced2,5,n_heads_05,0.6478748478872142,0.7478748478872141
exploratory_post_outcome_not_confirmatory,direct_risk,count_plus_all_bin4,20,candidate_pool_03,1.5,target_loss,mask_e3bfff07ca1cabef,9,n_heads_09,0.8578851448862357,0.8578851448862357
exploratory_post_outcome_not_confirmatory,direct_risk,count_plus_all_bin4,20,candidate_pool_03,1.5,cost_aware,mask_e3bfff07ca1cabef,9,n_heads_09,0.8578851448862357,1.0378851448862356
exploratory_post_outcome_not_confirmatory,direct_risk,count_plus_all_bin4,20,candidate_pool_04,0.5,target_loss,mask_93f84412f1b2de39,7,n_heads_07,0.40713876451196573,0.40713876451196573
exploratory_post_outcome_not_confirmatory,direct_risk,count_plus_all_bin4,20,candidate_pool_04,0.5,cost_aware,mask_93f84412f1b2de39,7,n_heads_07,0.40713876451196573,0.5471387645119657
exploratory_post_outcome_not_confirmatory,direct_risk,count_plus_all_bin4,20,candidate_pool_04,1.0,target_loss,mask_6d2e3876c8f68db8,9,n_heads_09,0.4359827514184201,0.4359827514184201
exploratory_post_outcome_not_confirmatory,direct_risk,count_plus_all_bin4,20,candidate_pool_04,1.0,cost_aware,mask_6d2e3876c8f68db8,9,n_heads_09,0.4359827514184201,0.6159827514184201
exploratory_post_outcome_not_confirmatory,direct_risk,count_plus_all_bin4,20,candidate_pool_04,1.5,target_loss,mask_6d2e3876c8f68db8,9,n_heads_09,0.4679340155278292,0.4679340155278292
exploratory_post_outcome_not_confirmatory,direct_risk,count_plus_all_bin4,20,candidate_pool_04,1.5,cost_aware,mask_6d2e3876c8f68db8,9,n_heads_09,0.4679340155278292,0.6479340155278293
exploratory_post_outcome_not_confirmatory,direct_risk,count_plus_all_bin4,20,candidate_pool_05,0.5,target_loss,mask_de24099fc59a002a,4,n_heads_04,0.3626550819054384,0.3626550819054384
exploratory_post_outcome_not_confirmatory,direct_risk,count_plus_all_bin4,20,candidate_pool_05,0.5,cost_aware,mask_de24099fc59a002a,4,n_heads_04,0.3626550819054384,0.4426550819054384
exploratory_post_outcome_not_confirmatory,direct_risk,count_plus_all_bin4,20,candidate_pool_05,1.0,target_loss,mask_de24099fc59a002a,4,n_heads_04,0.5820949252096759,0.5820949252096759
exploratory_post_outcome_not_confirmatory,direct_risk,count_plus_all_bin4,20,candidate_pool_05,1.0,cost_aware,mask_de24099fc59a002a,4,n_heads_04,0.5820949252096759,0.6620949252096758
exploratory_post_outcome_not_confirmatory,direct_risk,count_plus_all_bin4,20,candidate_pool_05,1.5,target_loss,mask_de24099fc59a002a,4,n_heads_04,0.8605171838417958,0.8605171838417958
exploratory_post_outcome_not_confirmatory,direct_risk,count_plus_all_bin4,20,candidate_pool_05,1.5,cost_aware,mask_de24099fc59a002a,4,n_heads_04,0.8605171838417958,0.9405171838417957
exploratory_post_outcome_not_confirmatory,direct_risk,count_plus_all_bin4,20,candidate_pool_06,0.5,target_loss,mask_f2b097d9ab973b9b,7,n_heads_07,0.30539522187590407,0.30539522187590407
exploratory_post_outcome_not_confirmatory,direct_risk,count_plus_all_bin4,20,candidate_pool_06,0.5,cost_aware,mask_f2b097d9ab973b9b,7,n_heads_07,0.30539522187590407,0.4453952218759041
exploratory_post_outcome_not_confirmatory,direct_risk,count_plus_all_bin4,20,candidate_pool_06,1.0,target_loss,mask_f2b097d9ab973b9b,7,n_heads_07,0.5534406473883347,0.5534406473883347
exploratory_post_outcome_not_confirmatory,direct_risk,count_plus_all_bin4,20,candidate_pool_06,1.0,cost_aware,mask_f2b097d9ab973b9b,7,n_heads_07,0.5534406473883347,0.6934406473883347
exploratory_post_outcome_not_confirmatory,direct_risk,count_plus_all_bin4,20,candidate_pool_06,1.5,target_loss,mask_f2b097d9ab973b9b,7,n_heads_07,0.8505538318615392,0.8505538318615392
exploratory_post_outcome_not_confirmatory,direct_risk,count_plus_all_bin4,20,candidate_pool_06,1.5,cost_aware,mask_f2b097d9ab973b9b,7,n_heads_07,0.8505538318615392,0.9905538318615392
exploratory_post_outcome_not_confirmatory,direct_risk,count_plus_all_bin4,20,candidate_pool_07,0.5,target_loss,mask_66a1456a9ed6a190,9,n_heads_09,-0.26449811975777604,-0.26449811975777604
exploratory_post_outcome_not_confirmatory,direct_risk,count_plus_all_bin4,20,candidate_pool_07,0.5,cost_aware,mask_66a1456a9ed6a190,9,n_heads_09,-0.26449811975777604,-0.08449811975777605
exploratory_post_outcome_not_confirmatory,direct_risk,count_plus_all_bin4,20,candidate_pool_07,1.0,target_loss,mask_66a1456a9ed6a190,9,n_heads_09,-0.5807250511482736,-0.5807250511482736
exploratory_post_outcome_not_confirmatory,direct_risk,count_plus_all_bin4,20,candidate_pool_07,1.0,cost_aware,mask_66a1456a9ed6a190,9,n_heads_09,-0.5807250511482736,-0.40072505114827356
exploratory_post_outcome_not_confirmatory,direct_risk,count_plus_all_bin4,20,candidate_pool_07,1.5,target_loss,mask_66a1456a9ed6a190,9,n_heads_09,-0.6730811416958309,-0.6730811416958309
exploratory_post_outcome_not_confirmatory,direct_risk,count_plus_all_bin4,20,candidate_pool_07,1.5,cost_aware,mask_66a1456a9ed6a190,9,n_heads_09,-0.6730811416958309,-0.4930811416958309
exploratory_post_outcome_not_confirmatory,direct_risk,count_plus_all_bin4,20,candidate_pool_08,0.5,target_loss,mask_0483c7c3a82ced7e,6,n_heads_06,-0.2033764386138394,-0.2033764386138394
exploratory_post_outcome_not_confirmatory,direct_risk,count_plus_all_bin4,20,candidate_pool_08,0.5,cost_aware,mask_0483c7c3a82ced7e,6,n_heads_06,-0.2033764386138394,-0.0833764386138394
exploratory_post_outcome_not_confirmatory,direct_risk,count_plus_all_bin4,20,candidate_pool_08,1.0,target_loss,mask_0483c7c3a82ced7e,6,n_heads_06,-0.052641534881409574,-0.052641534881409574
exploratory_post_outcome_not_confirmatory,direct_risk,count_plus_all_bin4,20,candidate_pool_08,1.0,cost_aware,mask_0483c7c3a82ced7e,6,n_heads_06,-0.052641534881409574,0.06735846511859042
exploratory_post_outcome_not_confirmatory,direct_risk,count_plus_all_bin4,20,candidate_pool_08,1.5,target_loss,mask_0483c7c3a82ced7e,6,n_heads_06,0.1877061776685119,0.1877061776685119
exploratory_post_outcome_not_confirmatory,direct_risk,count_plus_all_bin4,20,candidate_pool_08,1.5,cost_aware,mask_0483c7c3a82ced7e,6,n_heads_06,0.1877061776685119,0.3077061776685119
exploratory_post_outcome_not_confirmatory,direct_risk,count_plus_all_bin4,20,candidate_pool_09,0.5,target_loss,mask_6c66643ec3bf086c,6,n_heads_06,0.36307579014740243,0.36307579014740243
exploratory_post_outcome_not_confirmatory,direct_risk,count_plus_all_bin4,20,candidate_pool_09,0.5,cost_aware,mask_6c66643ec3bf086c,6,n_heads_06,0.36307579014740243,0.48307579014740243
exploratory_post_outcome_not_confirmatory,direct_risk,count_plus_all_bin4,20,candidate_pool_09,1.0,target_loss,mask_6c66643ec3bf086c,6,n_heads_06,0.43126634402016334,0.43126634402016334
exploratory_post_outcome_not_confirmatory,direct_risk,count_plus_all_bin4,20,candidate_pool_09,1.0,cost_aware,mask_6c66643ec3bf086c,6,n_heads_06,0.43126634402016334,0.5512663440201633
exploratory_post_outcome_not_confirmatory,direct_risk,count_plus_all_bin4,20,candidate_pool_09,1.5,target_loss,mask_6c66643ec3bf086c,6,n_heads_06,0.5977709068683724,0.5977709068683724
exploratory_post_outcome_not_confirmatory,direct_risk,count_plus_all_bin4,20,candidate_pool_09,1.5,cost_aware,mask_6c66643ec3bf086c,6,n_heads_06,0.5977709068683724,0.7177709068683724
exploratory_post_outcome_not_confirmatory,direct_risk,count_plus_all_bin4,40,candidate_pool_00,0.5,target_loss,mask_ffe0389c017216d1,4,n_heads_04,0.012436646976755616,0.012436646976755616
exploratory_post_outcome_not_confirmatory,direct_risk,count_plus_all_bin4,40,candidate_pool_00,0.5,cost_aware,mask_ffe0389c017216d1,4,n_heads_04,0.012436646976755616,0.09243664697675562
exploratory_post_outcome_not_confirmatory,direct_risk,count_plus_all_bin4,40,candidate_pool_00,1.0,target_loss,mask_ffe0389c017216d1,4,n_heads_04,0.03792986602135118,0.03792986602135118
exploratory_post_outcome_not_confirmatory,direct_risk,count_plus_all_bin4,40,candidate_pool_00,1.0,cost_aware,mask_ffe0389c017216d1,4,n_heads_04,0.03792986602135118,0.11792986602135118
exploratory_post_outcome_not_confirmatory,direct_risk,count_plus_all_bin4,40,candidate_pool_00,1.5,target_loss,mask_ff6985d2961f695d,9,n_heads_09,0.24574164979521568,0.24574164979521568
exploratory_post_outcome_not_confirmatory,direct_risk,count_plus_all_bin4,40,candidate_pool_00,1.5,cost_aware,mask_ffe0389c017216d1,4,n_heads_04,0.25579322250208225,0.33579322250208227
exploratory_post_outcome_not_confirmatory,direct_risk,count_plus_all_bin4,40,candidate_pool_01,0.5,target_loss,mask_28f76a93a72310a5,4,n_heads_04,-0.17902402754256963,-0.17902402754256963
exploratory_post_outcome_not_confirmatory,direct_risk,count_plus_all_bin4,40,candidate_pool_01,0.5,cost_aware,mask_28f76a93a72310a5,4,n_heads_04,-0.17902402754256963,-0.09902402754256963
exploratory_post_outcome_not_confirmatory,direct_risk,count_plus_all_bin4,40,candidate_pool_01,1.0,target_loss,mask_28f76a93a72310a5,4,n_heads_04,-0.08009030591626809,-0.08009030591626809
exploratory_post_outcome_not_confirmatory,direct_risk,count_plus_all_bin4,40,candidate_pool_01,1.0,cost_aware,mask_28f76a93a72310a5,4,n_heads_04,-0.08009030591626809,-9.030591626808804e-05
exploratory_post_outcome_not_confirmatory,direct_risk,count_plus_all_bin4,40,candidate_pool_01,1.5,target_loss,mask_28f76a93a72310a5,4,n_heads_04,0.23779540943254518,0.23779540943254518
exploratory_post_outcome_not_confirmatory,direct_risk,count_plus_all_bin4,40,candidate_pool_01,1.5,cost_aware,mask_28f76a93a72310a5,4,n_heads_04,0.23779540943254518,0.3177954094325452
exploratory_post_outcome_not_confirmatory,direct_risk,count_plus_all_bin4,40,candidate_pool_02,0.5,target_loss,mask_d413f8231adbea75,4,n_heads_04,0.6839725303607596,0.6839725303607596
exploratory_post_outcome_not_confirmatory,direct_risk,count_plus_all_bin4,40,candidate_pool_02,0.5,cost_aware,mask_d413f8231adbea75,4,n_heads_04,0.6839725303607596,0.7639725303607595
exploratory_post_outcome_not_confirmatory,direct_risk,count_plus_all_bin4,40,candidate_pool_02,1.0,target_loss,mask_a0046e43df20ac57,5,n_heads_05,0.6623467753745627,0.6623467753745627
exploratory_post_outcome_not_confirmatory,direct_risk,count_plus_all_bin4,40,candidate_pool_02,1.0,cost_aware,mask_a0046e43df20ac57,5,n_heads_05,0.6623467753745627,0.7623467753745626
exploratory_post_outcome_not_confirmatory,direct_risk,count_plus_all_bin4,40,candidate_pool_02,1.5,target_loss,mask_a0046e43df20ac57,5,n_heads_05,0.8634212949641002,0.8634212949641002
exploratory_post_outcome_not_confirmatory,direct_risk,count_plus_all_bin4,40,candidate_pool_02,1.5,cost_aware,mask_a0046e43df20ac57,5,n_heads_05,0.8634212949641002,0.9634212949641002
exploratory_post_outcome_not_confirmatory,direct_risk,count_plus_all_bin4,40,candidate_pool_03,0.5,target_loss,mask_5b90a18db67578c0,5,n_heads_05,0.23800973427769234,0.23800973427769234
exploratory_post_outcome_not_confirmatory,direct_risk,count_plus_all_bin4,40,candidate_pool_03,0.5,cost_aware,mask_5b90a18db67578c0,5,n_heads_05,0.23800973427769234,0.3380097342776923
exploratory_post_outcome_not_confirmatory,direct_risk,count_plus_all_bin4,40,candidate_pool_03,1.0,target_loss,mask_5b90a18db67578c0,5,n_heads_05,0.20719151608545427,0.20719151608545427
exploratory_post_outcome_not_confirmatory,direct_risk,count_plus_all_bin4,40,candidate_pool_03,1.0,cost_aware,mask_5b90a18db67578c0,5,n_heads_05,0.20719151608545427,0.30719151608545425
exploratory_post_outcome_not_confirmatory,direct_risk,count_plus_all_bin4,40,candidate_pool_03,1.5,target_loss,mask_5b90a18db67578c0,5,n_heads_05,0.4231900592138049,0.4231900592138049
exploratory_post_outcome_not_confirmatory,direct_risk,count_plus_all_bin4,40,candidate_pool_03,1.5,cost_aware,mask_5b90a18db67578c0,5,n_heads_05,0.4231900592138049,0.5231900592138049
exploratory_post_outcome_not_confirmatory,direct_risk,count_plus_all_bin4,40,candidate_pool_04,0.5,target_loss,mask_d9a16613cc73af42,5,n_heads_05,0.40620540778372494,0.40620540778372494
exploratory_post_outcome_not_confirmatory,direct_risk,count_plus_all_bin4,40,candidate_pool_04,0.5,cost_aware,mask_d9a16613cc73af42,5,n_heads_05,0.40620540778372494,0.5062054077837249
exploratory_post_outcome_not_confirmatory,direct_risk,count_plus_all_bin4,40,candidate_pool_04,1.0,target_loss,mask_d1786933297085c0,4,n_heads_04,0.628873390008404,0.628873390008404
exploratory_post_outcome_not_confirmatory,direct_risk,count_plus_all_bin4,40,candidate_pool_04,1.0,cost_aware,mask_d1786933297085c0,4,n_heads_04,0.628873390008404,0.708873390008404
exploratory_post_outcome_not_confirmatory,direct_risk,count_plus_all_bin4,40,candidate_pool_04,1.5,target_loss,mask_d1786933297085c0,4,n_heads_04,0.9688939117951901,0.9688939117951901
exploratory_post_outcome_not_confirmatory,direct_risk,count_plus_all_bin4,40,candidate_pool_04,1.5,cost_aware,mask_d1786933297085c0,4,n_heads_04,0.9688939117951901,1.04889391179519
exploratory_post_outcome_not_confirmatory,direct_risk,count_plus_all_bin4,40,candidate_pool_05,0.5,target_loss,mask_733a12c308c35650,5,n_heads_05,0.13284271276044057,0.13284271276044057
exploratory_post_outcome_not_confirmatory,direct_risk,count_plus_all_bin4,40,candidate_pool_05,0.5,cost_aware,mask_733a12c308c35650,5,n_heads_05,0.13284271276044057,0.23284271276044058
exploratory_post_outcome_not_confirmatory,direct_risk,count_plus_all_bin4,40,candidate_pool_05,1.0,target_loss,mask_733a12c308c35650,5,n_heads_05,0.505129374455396,0.505129374455396
exploratory_post_outcome_not_confirmatory,direct_risk,count_plus_all_bin4,40,candidate_pool_05,1.0,cost_aware,mask_733a12c308c35650,5,n_heads_05,0.505129374455396,0.6051293744553959
exploratory_post_outcome_not_confirmatory,direct_risk,count_plus_all_bin4,40,candidate_pool_05,1.5,target_loss,mask_733a12c308c35650,5,n_heads_05,0.9567079198863833,0.9567079198863833
exploratory_post_outcome_not_confirmatory,direct_risk,count_plus_all_bin4,40,candidate_pool_05,1.5,cost_aware,mask_733a12c308c35650,5,n_heads_05,0.9567079198863833,1.0567079198863834
exploratory_post_outcome_not_confirmatory,direct_risk,count_plus_all_bin4,40,candidate_pool_06,0.5,target_loss,mask_2322491b9dd809d6,5,n_heads_05,0.25853972058227215,0.25853972058227215
exploratory_post_outcome_not_confirmatory,direct_risk,count_plus_all_bin4,40,candidate_pool_06,0.5,cost_aware,mask_2322491b9dd809d6,5,n_heads_05,0.25853972058227215,0.3585397205822721
exploratory_post_outcome_not_confirmatory,direct_risk,count_plus_all_bin4,40,candidate_pool_06,1.0,target_loss,mask_2322491b9dd809d6,5,n_heads_05,0.2381125844998806,0.2381125844998806
exploratory_post_outcome_not_confirmatory,direct_risk,count_plus_all_bin4,40,candidate_pool_06,1.0,cost_aware,mask_2322491b9dd809d6,5,n_heads_05,0.2381125844998806,0.3381125844998806
exploratory_post_outcome_not_confirmatory,direct_risk,count_plus_all_bin4,40,candidate_pool_06,1.5,target_loss,mask_2322491b9dd809d6,5,n_heads_05,0.4483866766828668,0.4483866766828668
exploratory_post_outcome_not_confirmatory,direct_risk,count_plus_all_bin4,40,candidate_pool_06,1.5,cost_aware,mask_2322491b9dd809d6,5,n_heads_05,0.4483866766828668,0.5483866766828668
exploratory_post_outcome_not_confirmatory,direct_risk,count_plus_all_bin4,40,candidate_pool_07,0.5,target_loss,mask_3cd13f0b09b38224,4,n_heads_04,0.3041814567485668,0.3041814567485668
exploratory_post_outcome_not_confirmatory,direct_risk,count_plus_all_bin4,40,candidate_pool_07,0.5,cost_aware,mask_3cd13f0b09b38224,4,n_heads_04,0.3041814567485668,0.3841814567485668
exploratory_post_outcome_not_confirmatory,direct_risk,count_plus_all_bin4,40,candidate_pool_07,1.0,target_loss,mask_73324c4014b4a4c2,4,n_heads_04,0.4903397775668098,0.4903397775668098
exploratory_post_outcome_not_confirmatory,direct_risk,count_plus_all_bin4,40,candidate_pool_07,1.0,cost_aware,mask_73324c4014b4a4c2,4,n_heads_04,0.4903397775668098,0.5703397775668098
exploratory_post_outcome_not_confirmatory,direct_risk,count_plus_all_bin4,40,candidate_pool_07,1.5,target_loss,mask_73324c4014b4a4c2,4,n_heads_04,0.5902155089883128,0.5902155089883128
exploratory_post_outcome_not_confirmatory,direct_risk,count_plus_all_bin4,40,candidate_pool_07,1.5,cost_aware,mask_73324c4014b4a4c2,4,n_heads_04,0.5902155089883128,0.6702155089883127
exploratory_post_outcome_not_confirmatory,direct_risk,count_plus_all_bin4,40,candidate_pool_08,0.5,target_loss,mask_0483c7c3a82ced7e,6,n_heads_06,-0.09505502428479823,-0.09505502428479823
exploratory_post_outcome_not_confirmatory,direct_risk,count_plus_all_bin4,40,candidate_pool_08,0.5,cost_aware,mask_0483c7c3a82ced7e,6,n_heads_06,-0.09505502428479823,0.024944975715201767
exploratory_post_outcome_not_confirmatory,direct_risk,count_plus_all_bin4,40,candidate_pool_08,1.0,target_loss,mask_0483c7c3a82ced7e,6,n_heads_06,0.19867123280756127,0.19867123280756127
exploratory_post_outcome_not_confirmatory,direct_risk,count_plus_all_bin4,40,candidate_pool_08,1.0,cost_aware,mask_0483c7c3a82ced7e,6,n_heads_06,0.19867123280756127,0.31867123280756127
exploratory_post_outcome_not_confirmatory,direct_risk,count_plus_all_bin4,40,candidate_pool_08,1.5,target_loss,mask_aebcbcf7f67000e0,9,n_heads_09,0.46653879810178095,0.46653879810178095
exploratory_post_outcome_not_confirmatory,direct_risk,count_plus_all_bin4,40,candidate_pool_08,1.5,cost_aware,mask_aebcbcf7f67000e0,9,n_heads_09,0.46653879810178095,0.6465387981017809
exploratory_post_outcome_not_confirmatory,direct_risk,count_plus_all_bin4,40,candidate_pool_09,0.5,target_loss,mask_29035c0362b5b9f8,4,n_heads_04,0.504935039426599,0.504935039426599
exploratory_post_outcome_not_confirmatory,direct_risk,count_plus_all_bin4,40,candidate_pool_09,0.5,cost_aware,mask_29035c0362b5b9f8,4,n_heads_04,0.504935039426599,0.584935039426599
exploratory_post_outcome_not_confirmatory,direct_risk,count_plus_all_bin4,40,candidate_pool_09,1.0,target_loss,mask_c5654b277c578f3e,9,n_heads_09,0.725868106094073,0.725868106094073
exploratory_post_outcome_not_confirmatory,direct_risk,count_plus_all_bin4,40,candidate_pool_09,1.0,cost_aware,mask_c5654b277c578f3e,9,n_heads_09,0.725868106094073,0.905868106094073
exploratory_post_outcome_not_confirmatory,direct_risk,count_plus_all_bin4,40,candidate_pool_09,1.5,target_loss,mask_c5654b277c578f3e,9,n_heads_09,0.835482212159473,0.835482212159473
exploratory_post_outcome_not_confirmatory,direct_risk,count_plus_all_bin4,40,candidate_pool_09,1.5,cost_aware,mask_c5654b277c578f3e,9,n_heads_09,0.835482212159473,1.015482212159473
exploratory_post_outcome_not_confirmatory,direct_risk,count_plus_all_bin4,80,candidate_pool_00,0.5,target_loss,mask_ffe0389c017216d1,4,n_heads_04,0.658234189957764,0.658234189957764
exploratory_post_outcome_not_confirmatory,direct_risk,count_plus_all_bin4,80,candidate_pool_00,0.5,cost_aware,mask_ffe0389c017216d1,4,n_heads_04,0.658234189957764,0.7382341899577639
exploratory_post_outcome_not_confirmatory,direct_risk,count_plus_all_bin4,80,candidate_pool_00,1.0,target_loss,mask_ff6985d2961f695d,9,n_heads_09,0.7046040789670305,0.7046040789670305
exploratory_post_outcome_not_confirmatory,direct_risk,count_plus_all_bin4,80,candidate_pool_00,1.0,cost_aware,mask_ffe0389c017216d1,4,n_heads_04,0.7517101289254375,0.8317101289254375
exploratory_post_outcome_not_confirmatory,direct_risk,count_plus_all_bin4,80,candidate_pool_00,1.5,target_loss,mask_ff6985d2961f695d,9,n_heads_09,0.7027290831949383,0.7027290831949383
exploratory_post_outcome_not_confirmatory,direct_risk,count_plus_all_bin4,80,candidate_pool_00,1.5,cost_aware,mask_ff6985d2961f695d,9,n_heads_09,0.7027290831949383,0.8827290831949384
exploratory_post_outcome_not_confirmatory,direct_risk,count_plus_all_bin4,80,candidate_pool_01,0.5,target_loss,mask_28f76a93a72310a5,4,n_heads_04,0.3156926522632796,0.3156926522632796
exploratory_post_outcome_not_confirmatory,direct_risk,count_plus_all_bin4,80,candidate_pool_01,0.5,cost_aware,mask_28f76a93a72310a5,4,n_heads_04,0.3156926522632796,0.3956926522632796
exploratory_post_outcome_not_confirmatory,direct_risk,count_plus_all_bin4,80,candidate_pool_01,1.0,target_loss,mask_28f76a93a72310a5,4,n_heads_04,0.516378084341072,0.516378084341072
exploratory_post_outcome_not_confirmatory,direct_risk,count_plus_all_bin4,80,candidate_pool_01,1.0,cost_aware,mask_28f76a93a72310a5,4,n_heads_04,0.516378084341072,0.596378084341072
exploratory_post_outcome_not_confirmatory,direct_risk,count_plus_all_bin4,80,candidate_pool_01,1.5,target_loss,mask_c6f04107d7ae9b56,9,n_heads_09,0.5352143005598402,0.5352143005598402
exploratory_post_outcome_not_confirmatory,direct_risk,count_plus_all_bin4,80,candidate_pool_01,1.5,cost_aware,mask_c6f04107d7ae9b56,9,n_heads_09,0.5352143005598402,0.7152143005598401
exploratory_post_outcome_not_confirmatory,direct_risk,count_plus_all_bin4,80,candidate_pool_02,0.5,target_loss,mask_c7772d470875866f,4,n_heads_04,0.5520503236065339,0.5520503236065339
exploratory_post_outcome_not_confirmatory,direct_risk,count_plus_all_bin4,80,candidate_pool_02,0.5,cost_aware,mask_c7772d470875866f,4,n_heads_04,0.5520503236065339,0.6320503236065339
exploratory_post_outcome_not_confirmatory,direct_risk,count_plus_all_bin4,80,candidate_pool_02,1.0,target_loss,mask_053a16108482e172,6,n_heads_06,0.5868547271713688,0.5868547271713688
exploratory_post_outcome_not_confirmatory,direct_risk,count_plus_all_bin4,80,candidate_pool_02,1.0,cost_aware,mask_053a16108482e172,6,n_heads_06,0.5868547271713688,0.7068547271713688
exploratory_post_outcome_not_confirmatory,direct_risk,count_plus_all_bin4,80,candidate_pool_02,1.5,target_loss,mask_053a16108482e172,6,n_heads_06,0.6372488744717881,0.6372488744717881
exploratory_post_outcome_not_confirmatory,direct_risk,count_plus_all_bin4,80,candidate_pool_02,1.5,cost_aware,mask_053a16108482e172,6,n_heads_06,0.6372488744717881,0.7572488744717881
exploratory_post_outcome_not_confirmatory,direct_risk,count_plus_all_bin4,80,candidate_pool_03,0.5,target_loss,mask_aedb2c503c8eced2,5,n_heads_05,0.21663026724487,0.21663026724487
exploratory_post_outcome_not_confirmatory,direct_risk,count_plus_all_bin4,80,candidate_pool_03,0.5,cost_aware,mask_aedb2c503c8eced2,5,n_heads_05,0.21663026724487,0.31663026724487
exploratory_post_outcome_not_confirmatory,direct_risk,count_plus_all_bin4,80,candidate_pool_03,1.0,target_loss,mask_aedb2c503c8eced2,5,n_heads_05,0.4452253090711009,0.4452253090711009
exploratory_post_outcome_not_confirmatory,direct_risk,count_plus_all_bin4,80,candidate_pool_03,1.0,cost_aware,mask_aedb2c503c8eced2,5,n_heads_05,0.4452253090711009,0.5452253090711009
exploratory_post_outcome_not_confirmatory,direct_risk,count_plus_all_bin4,80,candidate_pool_03,1.5,target_loss,mask_5b90a18db67578c0,5,n_heads_05,0.7977111733248883,0.7977111733248883
exploratory_post_outcome_not_confirmatory,direct_risk,count_plus_all_bin4,80,candidate_pool_03,1.5,cost_aware,mask_5b90a18db67578c0,5,n_heads_05,0.7977111733248883,0.8977111733248883
exploratory_post_outcome_not_confirmatory,direct_risk,count_plus_all_bin4,80,candidate_pool_04,0.5,target_loss,mask_6d2e3876c8f68db8,9,n_heads_09,0.6453035017326338,0.6453035017326338
exploratory_post_outcome_not_confirmatory,direct_risk,count_plus_all_bin4,80,candidate_pool_04,0.5,cost_aware,mask_5d6868f3c7cf99b3,6,n_heads_06,0.6865728379289643,0.8065728379289643
exploratory_post_outcome_not_confirmatory,direct_risk,count_plus_all_bin4,80,candidate_pool_04,1.0,target_loss,mask_6d2e3876c8f68db8,9,n_heads_09,0.44246947269451764,0.44246947269451764
exploratory_post_outcome_not_confirmatory,direct_risk,count_plus_all_bin4,80,candidate_pool_04,1.0,cost_aware,mask_6d2e3876c8f68db8,9,n_heads_09,0.44246947269451764,0.6224694726945177
exploratory_post_outcome_not_confirmatory,direct_risk,count_plus_all_bin4,80,candidate_pool_04,1.5,target_loss,mask_6d2e3876c8f68db8,9,n_heads_09,0.451525930534096,0.451525930534096
exploratory_post_outcome_not_confirmatory,direct_risk,count_plus_all_bin4,80,candidate_pool_04,1.5,cost_aware,mask_6d2e3876c8f68db8,9,n_heads_09,0.451525930534096,0.631525930534096
exploratory_post_outcome_not_confirmatory,direct_risk,count_plus_all_bin4,80,candidate_pool_05,0.5,target_loss,mask_de24099fc59a002a,4,n_heads_04,0.6494167864820088,0.6494167864820088
exploratory_post_outcome_not_confirmatory,direct_risk,count_plus_all_bin4,80,candidate_pool_05,0.5,cost_aware,mask_de24099fc59a002a,4,n_heads_04,0.6494167864820088,0.7294167864820088
exploratory_post_outcome_not_confirmatory,direct_risk,count_plus_all_bin4,80,candidate_pool_05,1.0,target_loss,mask_de24099fc59a002a,4,n_heads_04,0.6562341194282029,0.6562341194282029
exploratory_post_outcome_not_confirmatory,direct_risk,count_plus_all_bin4,80,candidate_pool_05,1.0,cost_aware,mask_de24099fc59a002a,4,n_heads_04,0.6562341194282029,0.7362341194282028
exploratory_post_outcome_not_confirmatory,direct_risk,count_plus_all_bin4,80,candidate_pool_05,1.5,target_loss,mask_de24099fc59a002a,4,n_heads_04,0.8142009569002906,0.8142009569002906
exploratory_post_outcome_not_confirmatory,direct_risk,count_plus_all_bin4,80,candidate_pool_05,1.5,cost_aware,mask_de24099fc59a002a,4,n_heads_04,0.8142009569002906,0.8942009569002906
exploratory_post_outcome_not_confirmatory,direct_risk,count_plus_all_bin4,80,candidate_pool_06,0.5,target_loss,mask_24aa69bed4ef8bfe,4,n_heads_04,0.5777625718073557,0.5777625718073557
exploratory_post_outcome_not_confirmatory,direct_risk,count_plus_all_bin4,80,candidate_pool_06,0.5,cost_aware,mask_24aa69bed4ef8bfe,4,n_heads_04,0.5777625718073557,0.6577625718073556
exploratory_post_outcome_not_confirmatory,direct_risk,count_plus_all_bin4,80,candidate_pool_06,1.0,target_loss,mask_f16ce08b0ff70796,6,n_heads_06,0.6383138429804719,0.6383138429804719
exploratory_post_outcome_not_confirmatory,direct_risk,count_plus_all_bin4,80,candidate_pool_06,1.0,cost_aware,mask_2322491b9dd809d6,5,n_heads_05,0.6476499235432782,0.7476499235432782
exploratory_post_outcome_not_confirmatory,direct_risk,count_plus_all_bin4,80,candidate_pool_06,1.5,target_loss,mask_f16ce08b0ff70796,6,n_heads_06,0.7782087064484811,0.7782087064484811
exploratory_post_outcome_not_confirmatory,direct_risk,count_plus_all_bin4,80,candidate_pool_06,1.5,cost_aware,mask_f16ce08b0ff70796,6,n_heads_06,0.7782087064484811,0.898208706448481
exploratory_post_outcome_not_confirmatory,direct_risk,count_plus_all_bin4,80,candidate_pool_07,0.5,target_loss,mask_83fe021aaca96bf0,5,n_heads_05,0.35798852786672,0.35798852786672
exploratory_post_outcome_not_confirmatory,direct_risk,count_plus_all_bin4,80,candidate_pool_07,0.5,cost_aware,mask_83fe021aaca96bf0,5,n_heads_05,0.35798852786672,0.45798852786671995
exploratory_post_outcome_not_confirmatory,direct_risk,count_plus_all_bin4,80,candidate_pool_07,1.0,target_loss,mask_83fe021aaca96bf0,5,n_heads_05,0.234195627344429,0.234195627344429
exploratory_post_outcome_not_confirmatory,direct_risk,count_plus_all_bin4,80,candidate_pool_07,1.0,cost_aware,mask_83fe021aaca96bf0,5,n_heads_05,0.234195627344429,0.334195627344429
exploratory_post_outcome_not_confirmatory,direct_risk,count_plus_all_bin4,80,candidate_pool_07,1.5,target_loss,mask_83fe021aaca96bf0,5,n_heads_05,0.37136054567911025,0.37136054567911025
exploratory_post_outcome_not_confirmatory,direct_risk,count_plus_all_bin4,80,candidate_pool_07,1.5,cost_aware,mask_83fe021aaca96bf0,5,n_heads_05,0.37136054567911025,0.47136054567911023
exploratory_post_outcome_not_confirmatory,direct_risk,count_plus_all_bin4,80,candidate_pool_08,0.5,target_loss,mask_0483c7c3a82ced7e,6,n_heads_06,0.02973428760897623,0.02973428760897623
exploratory_post_outcome_not_confirmatory,direct_risk,count_plus_all_bin4,80,candidate_pool_08,0.5,cost_aware,mask_0483c7c3a82ced7e,6,n_heads_06,0.02973428760897623,0.14973428760897622
exploratory_post_outcome_not_confirmatory,direct_risk,count_plus_all_bin4,80,candidate_pool_08,1.0,target_loss,mask_0483c7c3a82ced7e,6,n_heads_06,0.21165880606498022,0.21165880606498022
exploratory_post_outcome_not_confirmatory,direct_risk,count_plus_all_bin4,80,candidate_pool_08,1.0,cost_aware,mask_0483c7c3a82ced7e,6,n_heads_06,0.21165880606498022,0.3316588060649802
exploratory_post_outcome_not_confirmatory,direct_risk,count_plus_all_bin4,80,candidate_pool_08,1.5,target_loss,mask_0483c7c3a82ced7e,6,n_heads_06,0.5589675239981212,0.5589675239981212
exploratory_post_outcome_not_confirmatory,direct_risk,count_plus_all_bin4,80,candidate_pool_08,1.5,cost_aware,mask_0483c7c3a82ced7e,6,n_heads_06,0.5589675239981212,0.6789675239981212
exploratory_post_outcome_not_confirmatory,direct_risk,count_plus_all_bin4,80,candidate_pool_09,0.5,target_loss,mask_7014c21a00895564,4,n_heads_04,0.7653965432035619,0.7653965432035619
exploratory_post_outcome_not_confirmatory,direct_risk,count_plus_all_bin4,80,candidate_pool_09,0.5,cost_aware,mask_7014c21a00895564,4,n_heads_04,0.7653965432035619,0.8453965432035618
exploratory_post_outcome_not_confirmatory,direct_risk,count_plus_all_bin4,80,candidate_pool_09,1.0,target_loss,mask_ea7ded36b0b6aa15,8,n_heads_08,0.9358015860794409,0.9358015860794409
exploratory_post_outcome_not_confirmatory,direct_risk,count_plus_all_bin4,80,candidate_pool_09,1.0,cost_aware,mask_ea7ded36b0b6aa15,8,n_heads_08,0.9358015860794409,1.0958015860794408
exploratory_post_outcome_not_confirmatory,direct_risk,count_plus_all_bin4,80,candidate_pool_09,1.5,target_loss,mask_ea7ded36b0b6aa15,8,n_heads_08,0.923673689474349,0.923673689474349
exploratory_post_outcome_not_confirmatory,direct_risk,count_plus_all_bin4,80,candidate_pool_09,1.5,cost_aware,mask_ea7ded36b0b6aa15,8,n_heads_08,0.923673689474349,1.083673689474349
exploratory_post_outcome_not_confirmatory,direct_risk,count_plus_all_bin4,160,candidate_pool_00,0.5,target_loss,mask_714aefc72a94a0e9,5,n_heads_05,0.7825508699578958,0.7825508699578958
exploratory_post_outcome_not_confirmatory,direct_risk,count_plus_all_bin4,160,candidate_pool_00,0.5,cost_aware,mask_714aefc72a94a0e9,5,n_heads_05,0.7825508699578958,0.8825508699578958
exploratory_post_outcome_not_confirmatory,direct_risk,count_plus_all_bin4,160,candidate_pool_00,1.0,target_loss,mask_153f1c2a9e066490,6,n_heads_06,0.7284839356997352,0.7284839356997352
exploratory_post_outcome_not_confirmatory,direct_risk,count_plus_all_bin4,160,candidate_pool_00,1.0,cost_aware,mask_153f1c2a9e066490,6,n_heads_06,0.7284839356997352,0.8484839356997352
exploratory_post_outcome_not_confirmatory,direct_risk,count_plus_all_bin4,160,candidate_pool_00,1.5,target_loss,mask_153f1c2a9e066490,6,n_heads_06,0.8091191986913356,0.8091191986913356
exploratory_post_outcome_not_confirmatory,direct_risk,count_plus_all_bin4,160,candidate_pool_00,1.5,cost_aware,mask_153f1c2a9e066490,6,n_heads_06,0.8091191986913356,0.9291191986913356
exploratory_post_outcome_not_confirmatory,direct_risk,count_plus_all_bin4,160,candidate_pool_01,0.5,target_loss,mask_d34cab07e9bf4ded,4,n_heads_04,0.6723715557668719,0.6723715557668719
exploratory_post_outcome_not_confirmatory,direct_risk,count_plus_all_bin4,160,candidate_pool_01,0.5,cost_aware,mask_d34cab07e9bf4ded,4,n_heads_04,0.6723715557668719,0.7523715557668719
exploratory_post_outcome_not_confirmatory,direct_risk,count_plus_all_bin4,160,candidate_pool_01,1.0,target_loss,mask_c6f04107d7ae9b56,9,n_heads_09,0.6788601906100707,0.6788601906100707
exploratory_post_outcome_not_confirmatory,direct_risk,count_plus_all_bin4,160,candidate_pool_01,1.0,cost_aware,mask_261f2ebd1f8a4eaa,5,n_heads_05,0.7251283487468582,0.8251283487468581
exploratory_post_outcome_not_confirmatory,direct_risk,count_plus_all_bin4,160,candidate_pool_01,1.5,target_loss,mask_c6f04107d7ae9b56,9,n_heads_09,0.6611659955827431,0.6611659955827431
exploratory_post_outcome_not_confirmatory,direct_risk,count_plus_all_bin4,160,candidate_pool_01,1.5,cost_aware,mask_c6f04107d7ae9b56,9,n_heads_09,0.6611659955827431,0.8411659955827431
exploratory_post_outcome_not_confirmatory,direct_risk,count_plus_all_bin4,160,candidate_pool_02,0.5,target_loss,mask_c7772d470875866f,4,n_heads_04,0.6403838782276818,0.6403838782276818
exploratory_post_outcome_not_confirmatory,direct_risk,count_plus_all_bin4,160,candidate_pool_02,0.5,cost_aware,mask_c7772d470875866f,4,n_heads_04,0.6403838782276818,0.7203838782276818
exploratory_post_outcome_not_confirmatory,direct_risk,count_plus_all_bin4,160,candidate_pool_02,1.0,target_loss,mask_053a16108482e172,6,n_heads_06,0.6283541222791535,0.6283541222791535
exploratory_post_outcome_not_confirmatory,direct_risk,count_plus_all_bin4,160,candidate_pool_02,1.0,cost_aware,mask_053a16108482e172,6,n_heads_06,0.6283541222791535,0.7483541222791535
exploratory_post_outcome_not_confirmatory,direct_risk,count_plus_all_bin4,160,candidate_pool_02,1.5,target_loss,mask_053a16108482e172,6,n_heads_06,0.7249028160671088,0.7249028160671088
exploratory_post_outcome_not_confirmatory,direct_risk,count_plus_all_bin4,160,candidate_pool_02,1.5,cost_aware,mask_053a16108482e172,6,n_heads_06,0.7249028160671088,0.8449028160671088
exploratory_post_outcome_not_confirmatory,direct_risk,count_plus_all_bin4,160,candidate_pool_03,0.5,target_loss,mask_aedb2c503c8eced2,5,n_heads_05,0.1251718020187367,0.1251718020187367
exploratory_post_outcome_not_confirmatory,direct_risk,count_plus_all_bin4,160,candidate_pool_03,0.5,cost_aware,mask_aedb2c503c8eced2,5,n_heads_05,0.1251718020187367,0.2251718020187367
exploratory_post_outcome_not_confirmatory,direct_risk,count_plus_all_bin4,160,candidate_pool_03,1.0,target_loss,mask_aedb2c503c8eced2,5,n_heads_05,0.3837870566580236,0.3837870566580236
exploratory_post_outcome_not_confirmatory,direct_risk,count_plus_all_bin4,160,candidate_pool_03,1.0,cost_aware,mask_aedb2c503c8eced2,5,n_heads_05,0.3837870566580236,0.4837870566580236
exploratory_post_outcome_not_confirmatory,direct_risk,count_plus_all_bin4,160,candidate_pool_03,1.5,target_loss,mask_aedb2c503c8eced2,5,n_heads_05,0.7962034763404882,0.7962034763404882
exploratory_post_outcome_not_confirmatory,direct_risk,count_plus_all_bin4,160,candidate_pool_03,1.5,cost_aware,mask_aedb2c503c8eced2,5,n_heads_05,0.7962034763404882,0.8962034763404881
exploratory_post_outcome_not_confirmatory,direct_risk,count_plus_all_bin4,160,candidate_pool_04,0.5,target_loss,mask_6d2e3876c8f68db8,9,n_heads_09,0.6090266711941423,0.6090266711941423
exploratory_post_outcome_not_confirmatory,direct_risk,count_plus_all_bin4,160,candidate_pool_04,0.5,cost_aware,mask_6d2e3876c8f68db8,9,n_heads_09,0.6090266711941423,0.7890266711941423
exploratory_post_outcome_not_confirmatory,direct_risk,count_plus_all_bin4,160,candidate_pool_04,1.0,target_loss,mask_6d2e3876c8f68db8,9,n_heads_09,0.43164162301399966,0.43164162301399966
exploratory_post_outcome_not_confirmatory,direct_risk,count_plus_all_bin4,160,candidate_pool_04,1.0,cost_aware,mask_6d2e3876c8f68db8,9,n_heads_09,0.43164162301399966,0.6116416230139996
exploratory_post_outcome_not_confirmatory,direct_risk,count_plus_all_bin4,160,candidate_pool_04,1.5,target_loss,mask_6d2e3876c8f68db8,9,n_heads_09,0.45096912324024624,0.45096912324024624
exploratory_post_outcome_not_confirmatory,direct_risk,count_plus_all_bin4,160,candidate_pool_04,1.5,cost_aware,mask_6d2e3876c8f68db8,9,n_heads_09,0.45096912324024624,0.6309691232402462
exploratory_post_outcome_not_confirmatory,direct_risk,count_plus_all_bin4,160,candidate_pool_05,0.5,target_loss,mask_de24099fc59a002a,4,n_heads_04,0.7524042166071643,0.7524042166071643
exploratory_post_outcome_not_confirmatory,direct_risk,count_plus_all_bin4,160,candidate_pool_05,0.5,cost_aware,mask_de24099fc59a002a,4,n_heads_04,0.7524042166071643,0.8324042166071642
exploratory_post_outcome_not_confirmatory,direct_risk,count_plus_all_bin4,160,candidate_pool_05,1.0,target_loss,mask_de24099fc59a002a,4,n_heads_04,0.8419969902024882,0.8419969902024882
exploratory_post_outcome_not_confirmatory,direct_risk,count_plus_all_bin4,160,candidate_pool_05,1.0,cost_aware,mask_de24099fc59a002a,4,n_heads_04,0.8419969902024882,0.9219969902024882
exploratory_post_outcome_not_confirmatory,direct_risk,count_plus_all_bin4,160,candidate_pool_05,1.5,target_loss,mask_290a3cb1caf906c3,10,n_heads_10,0.959460118277869,0.959460118277869
exploratory_post_outcome_not_confirmatory,direct_risk,count_plus_all_bin4,160,candidate_pool_05,1.5,cost_aware,mask_de24099fc59a002a,4,n_heads_04,1.064303655298886,1.1443036552988861
exploratory_post_outcome_not_confirmatory,direct_risk,count_plus_all_bin4,160,candidate_pool_06,0.5,target_loss,mask_24aa69bed4ef8bfe,4,n_heads_04,0.6759480999794092,0.6759480999794092
exploratory_post_outcome_not_confirmatory,direct_risk,count_plus_all_bin4,160,candidate_pool_06,0.5,cost_aware,mask_24aa69bed4ef8bfe,4,n_heads_04,0.6759480999794092,0.7559480999794091
exploratory_post_outcome_not_confirmatory,direct_risk,count_plus_all_bin4,160,candidate_pool_06,1.0,target_loss,mask_f16ce08b0ff70796,6,n_heads_06,0.7408392218005184,0.7408392218005184
exploratory_post_outcome_not_confirmatory,direct_risk,count_plus_all_bin4,160,candidate_pool_06,1.0,cost_aware,mask_f16ce08b0ff70796,6,n_heads_06,0.7408392218005184,0.8608392218005184
exploratory_post_outcome_not_confirmatory,direct_risk,count_plus_all_bin4,160,candidate_pool_06,1.5,target_loss,mask_f16ce08b0ff70796,6,n_heads_06,0.9178029966179252,0.9178029966179252
exploratory_post_outcome_not_confirmatory,direct_risk,count_plus_all_bin4,160,candidate_pool_06,1.5,cost_aware,mask_f16ce08b0ff70796,6,n_heads_06,0.9178029966179252,1.0378029966179252
exploratory_post_outcome_not_confirmatory,direct_risk,count_plus_all_bin4,160,candidate_pool_07,0.5,target_loss,mask_83fe021aaca96bf0,5,n_heads_05,0.3034520713338339,0.3034520713338339
exploratory_post_outcome_not_confirmatory,direct_risk,count_plus_all_bin4,160,candidate_pool_07,0.5,cost_aware,mask_83fe021aaca96bf0,5,n_heads_05,0.3034520713338339,0.4034520713338339
exploratory_post_outcome_not_confirmatory,direct_risk,count_plus_all_bin4,160,candidate_pool_07,1.0,target_loss,mask_83fe021aaca96bf0,5,n_heads_05,0.2438278603715553,0.2438278603715553
exploratory_post_outcome_not_confirmatory,direct_risk,count_plus_all_bin4,160,candidate_pool_07,1.0,cost_aware,mask_83fe021aaca96bf0,5,n_heads_05,0.2438278603715553,0.3438278603715553
exploratory_post_outcome_not_confirmatory,direct_risk,count_plus_all_bin4,160,candidate_pool_07,1.5,target_loss,mask_83fe021aaca96bf0,5,n_heads_05,0.39648693710328387,0.39648693710328387
exploratory_post_outcome_not_confirmatory,direct_risk,count_plus_all_bin4,160,candidate_pool_07,1.5,cost_aware,mask_83fe021aaca96bf0,5,n_heads_05,0.39648693710328387,0.49648693710328384
exploratory_post_outcome_not_confirmatory,direct_risk,count_plus_all_bin4,160,candidate_pool_08,0.5,target_loss,mask_0483c7c3a82ced7e,6,n_heads_06,0.15937631655791598,0.15937631655791598
exploratory_post_outcome_not_confirmatory,direct_risk,count_plus_all_bin4,160,candidate_pool_08,0.5,cost_aware,mask_0483c7c3a82ced7e,6,n_heads_06,0.15937631655791598,0.27937631655791595
exploratory_post_outcome_not_confirmatory,direct_risk,count_plus_all_bin4,160,candidate_pool_08,1.0,target_loss,mask_0483c7c3a82ced7e,6,n_heads_06,0.3366327346071325,0.3366327346071325
exploratory_post_outcome_not_confirmatory,direct_risk,count_plus_all_bin4,160,candidate_pool_08,1.0,cost_aware,mask_0483c7c3a82ced7e,6,n_heads_06,0.3366327346071325,0.4566327346071325
exploratory_post_outcome_not_confirmatory,direct_risk,count_plus_all_bin4,160,candidate_pool_08,1.5,target_loss,mask_0483c7c3a82ced7e,6,n_heads_06,0.6613289032980261,0.6613289032980261
exploratory_post_outcome_not_confirmatory,direct_risk,count_plus_all_bin4,160,candidate_pool_08,1.5,cost_aware,mask_0483c7c3a82ced7e,6,n_heads_06,0.6613289032980261,0.7813289032980261
exploratory_post_outcome_not_confirmatory,direct_risk,count_plus_all_bin4,160,candidate_pool_09,0.5,target_loss,mask_c3f11a7d9ebab23d,6,n_heads_06,0.8974494561746121,0.8974494561746121
exploratory_post_outcome_not_confirmatory,direct_risk,count_plus_all_bin4,160,candidate_pool_09,0.5,cost_aware,mask_c3f11a7d9ebab23d,6,n_heads_06,0.8974494561746121,1.0174494561746121
exploratory_post_outcome_not_confirmatory,direct_risk,count_plus_all_bin4,160,candidate_pool_09,1.0,target_loss,mask_ea7ded36b0b6aa15,8,n_heads_08,0.8772053852517676,0.8772053852517676
exploratory_post_outcome_not_confirmatory,direct_risk,count_plus_all_bin4,160,candidate_pool_09,1.0,cost_aware,mask_ea7ded36b0b6aa15,8,n_heads_08,0.8772053852517676,1.0372053852517675
exploratory_post_outcome_not_confirmatory,direct_risk,count_plus_all_bin4,160,candidate_pool_09,1.5,target_loss,mask_ea7ded36b0b6aa15,8,n_heads_08,0.8664013049980254,0.8664013049980254
exploratory_post_outcome_not_confirmatory,direct_risk,count_plus_all_bin4,160,candidate_pool_09,1.5,cost_aware,mask_ea7ded36b0b6aa15,8,n_heads_08,0.8664013049980254,1.0264013049980254
exploratory_post_outcome_not_confirmatory,direct_risk,head_pair_quadratic_screen,160,candidate_pool_00,0.5,target_loss,mask_af608dfaba891fc2,9,n_heads_09,0.7189037801550645,0.7189037801550645
exploratory_post_outcome_not_confirmatory,direct_risk,head_pair_quadratic_screen,160,candidate_pool_00,0.5,cost_aware,mask_af608dfaba891fc2,9,n_heads_09,0.7189037801550645,0.8989037801550646
exploratory_post_outcome_not_confirmatory,direct_risk,head_pair_quadratic_screen,160,candidate_pool_00,1.0,target_loss,mask_af608dfaba891fc2,9,n_heads_09,0.9579757206703087,0.9579757206703087
exploratory_post_outcome_not_confirmatory,direct_risk,head_pair_quadratic_screen,160,candidate_pool_00,1.0,cost_aware,mask_1d6d3f9f5c61b0fa,7,n_heads_07,0.959473871462956,1.0994738714629562
exploratory_post_outcome_not_confirmatory,direct_risk,head_pair_quadratic_screen,160,candidate_pool_00,1.5,target_loss,mask_1d6d3f9f5c61b0fa,7,n_heads_07,1.1799380884859834,1.1799380884859834
exploratory_post_outcome_not_confirmatory,direct_risk,head_pair_quadratic_screen,160,candidate_pool_00,1.5,cost_aware,mask_1d6d3f9f5c61b0fa,7,n_heads_07,1.1799380884859834,1.3199380884859835
exploratory_post_outcome_not_confirmatory,direct_risk,head_pair_quadratic_screen,160,candidate_pool_01,0.5,target_loss,mask_16dc2167f216f5a8,5,n_heads_05,0.39587701482868354,0.39587701482868354
exploratory_post_outcome_not_confirmatory,direct_risk,head_pair_quadratic_screen,160,candidate_pool_01,0.5,cost_aware,mask_16dc2167f216f5a8,5,n_heads_05,0.39587701482868354,0.4958770148286835
exploratory_post_outcome_not_confirmatory,direct_risk,head_pair_quadratic_screen,160,candidate_pool_01,1.0,target_loss,mask_16dc2167f216f5a8,5,n_heads_05,0.6516421709527838,0.6516421709527838
exploratory_post_outcome_not_confirmatory,direct_risk,head_pair_quadratic_screen,160,candidate_pool_01,1.0,cost_aware,mask_16dc2167f216f5a8,5,n_heads_05,0.6516421709527838,0.7516421709527837
exploratory_post_outcome_not_confirmatory,direct_risk,head_pair_quadratic_screen,160,candidate_pool_01,1.5,target_loss,mask_76f706be2ab175f0,7,n_heads_07,0.9324014749982901,0.9324014749982901
exploratory_post_outcome_not_confirmatory,direct_risk,head_pair_quadratic_screen,160,candidate_pool_01,1.5,cost_aware,mask_76f706be2ab175f0,7,n_heads_07,0.9324014749982901,1.0724014749982902
exploratory_post_outcome_not_confirmatory,direct_risk,head_pair_quadratic_screen,160,candidate_pool_02,0.5,target_loss,mask_a0046e43df20ac57,5,n_heads_05,0.27277464211590347,0.27277464211590347
exploratory_post_outcome_not_confirmatory,direct_risk,head_pair_quadratic_screen,160,candidate_pool_02,0.5,cost_aware,mask_a0046e43df20ac57,5,n_heads_05,0.27277464211590347,0.3727746421159035
exploratory_post_outcome_not_confirmatory,direct_risk,head_pair_quadratic_screen,160,candidate_pool_02,1.0,target_loss,mask_a0046e43df20ac57,5,n_heads_05,0.4010136948077113,0.4010136948077113
exploratory_post_outcome_not_confirmatory,direct_risk,head_pair_quadratic_screen,160,candidate_pool_02,1.0,cost_aware,mask_a0046e43df20ac57,5,n_heads_05,0.4010136948077113,0.5010136948077113
exploratory_post_outcome_not_confirmatory,direct_risk,head_pair_quadratic_screen,160,candidate_pool_02,1.5,target_loss,mask_8539d49577e1ed9d,9,n_heads_09,0.7119929654838633,0.7119929654838633
exploratory_post_outcome_not_confirmatory,direct_risk,head_pair_quadratic_screen,160,candidate_pool_02,1.5,cost_aware,mask_a0046e43df20ac57,5,n_heads_05,0.7262509091453639,0.8262509091453639
exploratory_post_outcome_not_confirmatory,direct_risk,head_pair_quadratic_screen,160,candidate_pool_03,0.5,target_loss,mask_aedb2c503c8eced2,5,n_heads_05,0.45707387666077015,0.45707387666077015
exploratory_post_outcome_not_confirmatory,direct_risk,head_pair_quadratic_screen,160,candidate_pool_03,0.5,cost_aware,mask_b0a4335ce26e22f0,4,n_heads_04,0.4593143493081718,0.5393143493081718
exploratory_post_outcome_not_confirmatory,direct_risk,head_pair_quadratic_screen,160,candidate_pool_03,1.0,target_loss,mask_aedb2c503c8eced2,5,n_heads_05,0.5059710789085536,0.5059710789085536
exploratory_post_outcome_not_confirmatory,direct_risk,head_pair_quadratic_screen,160,candidate_pool_03,1.0,cost_aware,mask_aedb2c503c8eced2,5,n_heads_05,0.5059710789085536,0.6059710789085536
exploratory_post_outcome_not_confirmatory,direct_risk,head_pair_quadratic_screen,160,candidate_pool_03,1.5,target_loss,mask_aedb2c503c8eced2,5,n_heads_05,0.7412071011973882,0.7412071011973882
exploratory_post_outcome_not_confirmatory,direct_risk,head_pair_quadratic_screen,160,candidate_pool_03,1.5,cost_aware,mask_aedb2c503c8eced2,5,n_heads_05,0.7412071011973882,0.8412071011973882
exploratory_post_outcome_not_confirmatory,direct_risk,head_pair_quadratic_screen,160,candidate_pool_04,0.5,target_loss,mask_7fb6ffeb6bd8fc1f,7,n_heads_07,0.018133857493665057,0.018133857493665057
exploratory_post_outcome_not_confirmatory,direct_risk,head_pair_quadratic_screen,160,candidate_pool_04,0.5,cost_aware,mask_7fb6ffeb6bd8fc1f,7,n_heads_07,0.018133857493665057,0.15813385749366507
exploratory_post_outcome_not_confirmatory,direct_risk,head_pair_quadratic_screen,160,candidate_pool_04,1.0,target_loss,mask_7fb6ffeb6bd8fc1f,7,n_heads_07,0.200275326710317,0.200275326710317
exploratory_post_outcome_not_confirmatory,direct_risk,head_pair_quadratic_screen,160,candidate_pool_04,1.0,cost_aware,mask_7fb6ffeb6bd8fc1f,7,n_heads_07,0.200275326710317,0.340275326710317
exploratory_post_outcome_not_confirmatory,direct_risk,head_pair_quadratic_screen,160,candidate_pool_04,1.5,target_loss,mask_7fb6ffeb6bd8fc1f,7,n_heads_07,0.5121632114759302,0.5121632114759302
exploratory_post_outcome_not_confirmatory,direct_risk,head_pair_quadratic_screen,160,candidate_pool_04,1.5,cost_aware,mask_7fb6ffeb6bd8fc1f,7,n_heads_07,0.5121632114759302,0.6521632114759303
exploratory_post_outcome_not_confirmatory,direct_risk,head_pair_quadratic_screen,160,candidate_pool_05,0.5,target_loss,mask_0ea1a19911258943,4,n_heads_04,0.4109655525218358,0.4109655525218358
exploratory_post_outcome_not_confirmatory,direct_risk,head_pair_quadratic_screen,160,candidate_pool_05,0.5,cost_aware,mask_0ea1a19911258943,4,n_heads_04,0.4109655525218358,0.4909655525218358
exploratory_post_outcome_not_confirmatory,direct_risk,head_pair_quadratic_screen,160,candidate_pool_05,1.0,target_loss,mask_0ea1a19911258943,4,n_heads_04,0.7131666451917061,0.7131666451917061
exploratory_post_outcome_not_confirmatory,direct_risk,head_pair_quadratic_screen,160,candidate_pool_05,1.0,cost_aware,mask_0ea1a19911258943,4,n_heads_04,0.7131666451917061,0.7931666451917061
exploratory_post_outcome_not_confirmatory,direct_risk,head_pair_quadratic_screen,160,candidate_pool_05,1.5,target_loss,mask_111b2c86496d6209,10,n_heads_10,0.8451867682862412,0.8451867682862412
exploratory_post_outcome_not_confirmatory,direct_risk,head_pair_quadratic_screen,160,candidate_pool_05,1.5,cost_aware,mask_f0bc7dbe5565770b,5,n_heads_05,0.889389879355375,0.9893898793553749
exploratory_post_outcome_not_confirmatory,direct_risk,head_pair_quadratic_screen,160,candidate_pool_06,0.5,target_loss,mask_f2b097d9ab973b9b,7,n_heads_07,0.5452982006770487,0.5452982006770487
exploratory_post_outcome_not_confirmatory,direct_risk,head_pair_quadratic_screen,160,candidate_pool_06,0.5,cost_aware,mask_f2b097d9ab973b9b,7,n_heads_07,0.5452982006770487,0.6852982006770487
exploratory_post_outcome_not_confirmatory,direct_risk,head_pair_quadratic_screen,160,candidate_pool_06,1.0,target_loss,mask_f2b097d9ab973b9b,7,n_heads_07,0.6766080444170711,0.6766080444170711
exploratory_post_outcome_not_confirmatory,direct_risk,head_pair_quadratic_screen,160,candidate_pool_06,1.0,cost_aware,mask_f2b097d9ab973b9b,7,n_heads_07,0.6766080444170711,0.8166080444170711
exploratory_post_outcome_not_confirmatory,direct_risk,head_pair_quadratic_screen,160,candidate_pool_06,1.5,target_loss,mask_f2b097d9ab973b9b,7,n_heads_07,1.0070606587576263,1.0070606587576263
exploratory_post_outcome_not_confirmatory,direct_risk,head_pair_quadratic_screen,160,candidate_pool_06,1.5,cost_aware,mask_f2b097d9ab973b9b,7,n_heads_07,1.0070606587576263,1.1470606587576264
exploratory_post_outcome_not_confirmatory,direct_risk,head_pair_quadratic_screen,160,candidate_pool_07,0.5,target_loss,mask_6c3e3315afb6fb8c,4,n_heads_04,0.44779194368565245,0.44779194368565245
exploratory_post_outcome_not_confirmatory,direct_risk,head_pair_quadratic_screen,160,candidate_pool_07,0.5,cost_aware,mask_6c3e3315afb6fb8c,4,n_heads_04,0.44779194368565245,0.5277919436856524
exploratory_post_outcome_not_confirmatory,direct_risk,head_pair_quadratic_screen,160,candidate_pool_07,1.0,target_loss,mask_6c3e3315afb6fb8c,4,n_heads_04,0.5366947423842867,0.5366947423842867
exploratory_post_outcome_not_confirmatory,direct_risk,head_pair_quadratic_screen,160,candidate_pool_07,1.0,cost_aware,mask_6c3e3315afb6fb8c,4,n_heads_04,0.5366947423842867,0.6166947423842867
exploratory_post_outcome_not_confirmatory,direct_risk,head_pair_quadratic_screen,160,candidate_pool_07,1.5,target_loss,mask_6c3e3315afb6fb8c,4,n_heads_04,0.8375260324574841,0.8375260324574841
exploratory_post_outcome_not_confirmatory,direct_risk,head_pair_quadratic_screen,160,candidate_pool_07,1.5,cost_aware,mask_6c3e3315afb6fb8c,4,n_heads_04,0.8375260324574841,0.9175260324574841
exploratory_post_outcome_not_confirmatory,direct_risk,head_pair_quadratic_screen,160,candidate_pool_08,0.5,target_loss,mask_0483c7c3a82ced7e,6,n_heads_06,0.6243563132339109,0.6243563132339109
exploratory_post_outcome_not_confirmatory,direct_risk,head_pair_quadratic_screen,160,candidate_pool_08,0.5,cost_aware,mask_0483c7c3a82ced7e,6,n_heads_06,0.6243563132339109,0.7443563132339109
exploratory_post_outcome_not_confirmatory,direct_risk,head_pair_quadratic_screen,160,candidate_pool_08,1.0,target_loss,mask_331502b1b3b7fde3,6,n_heads_06,0.7553500829328905,0.7553500829328905
exploratory_post_outcome_not_confirmatory,direct_risk,head_pair_quadratic_screen,160,candidate_pool_08,1.0,cost_aware,mask_331502b1b3b7fde3,6,n_heads_06,0.7553500829328905,0.8753500829328905
exploratory_post_outcome_not_confirmatory,direct_risk,head_pair_quadratic_screen,160,candidate_pool_08,1.5,target_loss,mask_03ced2f511e0a2f2,10,n_heads_10,0.8115937580104118,0.8115937580104118
exploratory_post_outcome_not_confirmatory,direct_risk,head_pair_quadratic_screen,160,candidate_pool_08,1.5,cost_aware,mask_03ced2f511e0a2f2,10,n_heads_10,0.8115937580104118,1.0115937580104117
exploratory_post_outcome_not_confirmatory,direct_risk,head_pair_quadratic_screen,160,candidate_pool_09,0.5,target_loss,mask_6000c95aa8146da6,7,n_heads_07,0.2047954760006952,0.2047954760006952
exploratory_post_outcome_not_confirmatory,direct_risk,head_pair_quadratic_screen,160,candidate_pool_09,0.5,cost_aware,mask_6000c95aa8146da6,7,n_heads_07,0.2047954760006952,0.3447954760006952
exploratory_post_outcome_not_confirmatory,direct_risk,head_pair_quadratic_screen,160,candidate_pool_09,1.0,target_loss,mask_6000c95aa8146da6,7,n_heads_07,0.3970568285807113,0.3970568285807113
exploratory_post_outcome_not_confirmatory,direct_risk,head_pair_quadratic_screen,160,candidate_pool_09,1.0,cost_aware,mask_6000c95aa8146da6,7,n_heads_07,0.3970568285807113,0.5370568285807114
exploratory_post_outcome_not_confirmatory,direct_risk,head_pair_quadratic_screen,160,candidate_pool_09,1.5,target_loss,mask_6000c95aa8146da6,7,n_heads_07,0.7345296615089959,0.7345296615089959
exploratory_post_outcome_not_confirmatory,direct_risk,head_pair_quadratic_screen,160,candidate_pool_09,1.5,cost_aware,mask_99b322f566a2bc85,6,n_heads_06,0.746991237358498,0.866991237358498
exploratory_post_outcome_not_confirmatory,mean_effect,additive_head,20,candidate_pool_00,0.5,target_loss,mask_bfb9e14f899fd7d3,10,n_heads_10,0.020452579435062013,0.020452579435062013
exploratory_post_outcome_not_confirmatory,mean_effect,additive_head,20,candidate_pool_00,0.5,cost_aware,mask_bfb9e14f899fd7d3,10,n_heads_10,0.020452579435062013,0.22045257943506202
exploratory_post_outcome_not_confirmatory,mean_effect,additive_head,20,candidate_pool_00,1.0,target_loss,mask_1ac89476f4e553f7,10,n_heads_10,0.03216978894046685,0.03216978894046685
exploratory_post_outcome_not_confirmatory,mean_effect,additive_head,20,candidate_pool_00,1.0,cost_aware,mask_1ac89476f4e553f7,10,n_heads_10,0.03216978894046685,0.23216978894046686
exploratory_post_outcome_not_confirmatory,mean_effect,additive_head,20,candidate_pool_00,1.5,target_loss,mask_b611eb15c1cbe033,4,n_heads_04,0.11307844349243323,0.11307844349243323
exploratory_post_outcome_not_confirmatory,mean_effect,additive_head,20,candidate_pool_00,1.5,cost_aware,mask_b611eb15c1cbe033,4,n_heads_04,0.11307844349243323,0.19307844349243325
exploratory_post_outcome_not_confirmatory,mean_effect,additive_head,20,candidate_pool_01,0.5,target_loss,mask_76f706be2ab175f0,7,n_heads_07,0.10401672350864599,0.10401672350864599
exploratory_post_outcome_not_confirmatory,mean_effect,additive_head,20,candidate_pool_01,0.5,cost_aware,mask_76f706be2ab175f0,7,n_heads_07,0.10401672350864599,0.244016723508646
exploratory_post_outcome_not_confirmatory,mean_effect,additive_head,20,candidate_pool_01,1.0,target_loss,mask_625dbe9e05728352,8,n_heads_08,0.031488292416053554,0.031488292416053554
exploratory_post_outcome_not_confirmatory,mean_effect,additive_head,20,candidate_pool_01,1.0,cost_aware,mask_625dbe9e05728352,8,n_heads_08,0.031488292416053554,0.19148829241605356
exploratory_post_outcome_not_confirmatory,mean_effect,additive_head,20,candidate_pool_01,1.5,target_loss,mask_261f2ebd1f8a4eaa,5,n_heads_05,0.009471840505237639,0.009471840505237639
exploratory_post_outcome_not_confirmatory,mean_effect,additive_head,20,candidate_pool_01,1.5,cost_aware,mask_261f2ebd1f8a4eaa,5,n_heads_05,0.009471840505237639,0.10947184050523764
exploratory_post_outcome_not_confirmatory,mean_effect,additive_head,20,candidate_pool_02,0.5,target_loss,mask_ae1e1d44660adb6e,7,n_heads_07,0.013659186408075508,0.013659186408075508
exploratory_post_outcome_not_confirmatory,mean_effect,additive_head,20,candidate_pool_02,0.5,cost_aware,mask_ae1e1d44660adb6e,7,n_heads_07,0.013659186408075508,0.15365918640807552
exploratory_post_outcome_not_confirmatory,mean_effect,additive_head,20,candidate_pool_02,1.0,target_loss,mask_a0046e43df20ac57,5,n_heads_05,0.00624688411381169,0.00624688411381169
exploratory_post_outcome_not_confirmatory,mean_effect,additive_head,20,candidate_pool_02,1.0,cost_aware,mask_a0046e43df20ac57,5,n_heads_05,0.00624688411381169,0.1062468841138117
exploratory_post_outcome_not_confirmatory,mean_effect,additive_head,20,candidate_pool_02,1.5,target_loss,mask_4069015a4c8c7628,4,n_heads_04,0.02363322011976554,0.02363322011976554
exploratory_post_outcome_not_confirmatory,mean_effect,additive_head,20,candidate_pool_02,1.5,cost_aware,mask_4069015a4c8c7628,4,n_heads_04,0.02363322011976554,0.10363322011976554
exploratory_post_outcome_not_confirmatory,mean_effect,additive_head,20,candidate_pool_03,0.5,target_loss,mask_f5ffaba1b0f7246e,7,n_heads_07,0.03360037354702117,0.03360037354702117
exploratory_post_outcome_not_confirmatory,mean_effect,additive_head,20,candidate_pool_03,0.5,cost_aware,mask_f5ffaba1b0f7246e,7,n_heads_07,0.03360037354702117,0.17360037354702118
exploratory_post_outcome_not_confirmatory,mean_effect,additive_head,20,candidate_pool_03,1.0,target_loss,mask_8e19964bc0ea5bd6,8,n_heads_08,0.003069366728971179,0.003069366728971179
exploratory_post_outcome_not_confirmatory,mean_effect,additive_head,20,candidate_pool_03,1.0,cost_aware,mask_8e19964bc0ea5bd6,8,n_heads_08,0.003069366728971179,0.16306936672897118
exploratory_post_outcome_not_confirmatory,mean_effect,additive_head,20,candidate_pool_03,1.5,target_loss,mask_438eb8e7551c3dd4,4,n_heads_04,0.13129271915458363,0.13129271915458363
exploratory_post_outcome_not_confirmatory,mean_effect,additive_head,20,candidate_pool_03,1.5,cost_aware,mask_438eb8e7551c3dd4,4,n_heads_04,0.13129271915458363,0.21129271915458364
exploratory_post_outcome_not_confirmatory,mean_effect,additive_head,20,candidate_pool_04,0.5,target_loss,mask_7fb6ffeb6bd8fc1f,7,n_heads_07,0.003529104600316524,0.003529104600316524
exploratory_post_outcome_not_confirmatory,mean_effect,additive_head,20,candidate_pool_04,0.5,cost_aware,mask_7fb6ffeb6bd8fc1f,7,n_heads_07,0.003529104600316524,0.14352910460031654
exploratory_post_outcome_not_confirmatory,mean_effect,additive_head,20,candidate_pool_04,1.0,target_loss,mask_ff0a498847885133,7,n_heads_07,0.014571209049553224,0.014571209049553224
exploratory_post_outcome_not_confirmatory,mean_effect,additive_head,20,candidate_pool_04,1.0,cost_aware,mask_ff0a498847885133,7,n_heads_07,0.014571209049553224,0.15457120904955324
exploratory_post_outcome_not_confirmatory,mean_effect,additive_head,20,candidate_pool_04,1.5,target_loss,mask_23526c3b8294fcb7,9,n_heads_09,0.0067944833243442915,0.0067944833243442915
exploratory_post_outcome_not_confirmatory,mean_effect,additive_head,20,candidate_pool_04,1.5,cost_aware,mask_23526c3b8294fcb7,9,n_heads_09,0.0067944833243442915,0.18679448332434428
exploratory_post_outcome_not_confirmatory,mean_effect,additive_head,20,candidate_pool_05,0.5,target_loss,mask_d46389ced1402b06,7,n_heads_07,0.0326495238890987,0.0326495238890987
exploratory_post_outcome_not_confirmatory,mean_effect,additive_head,20,candidate_pool_05,0.5,cost_aware,mask_d46389ced1402b06,7,n_heads_07,0.0326495238890987,0.1726495238890987
exploratory_post_outcome_not_confirmatory,mean_effect,additive_head,20,candidate_pool_05,1.0,target_loss,mask_ae737f6731edb34d,7,n_heads_07,0.060310199504372775,0.060310199504372775
exploratory_post_outcome_not_confirmatory,mean_effect,additive_head,20,candidate_pool_05,1.0,cost_aware,mask_ae737f6731edb34d,7,n_heads_07,0.060310199504372775,0.2003101995043728
exploratory_post_outcome_not_confirmatory,mean_effect,additive_head,20,candidate_pool_05,1.5,target_loss,mask_111b2c86496d6209,10,n_heads_10,0.00988355050275036,0.00988355050275036
exploratory_post_outcome_not_confirmatory,mean_effect,additive_head,20,candidate_pool_05,1.5,cost_aware,mask_111b2c86496d6209,10,n_heads_10,0.00988355050275036,0.20988355050275037
exploratory_post_outcome_not_confirmatory,mean_effect,additive_head,20,candidate_pool_06,0.5,target_loss,mask_0cbfd8c3e3987d54,5,n_heads_05,0.021264357432296266,0.021264357432296266
exploratory_post_outcome_not_confirmatory,mean_effect,additive_head,20,candidate_pool_06,0.5,cost_aware,mask_c9523b88300a64c5,4,n_heads_04,0.030315058420152807,0.11031505842015281
exploratory_post_outcome_not_confirmatory,mean_effect,additive_head,20,candidate_pool_06,1.0,target_loss,mask_a63bdf91a6b6b869,8,n_heads_08,0.1068775292036811,0.1068775292036811
exploratory_post_outcome_not_confirmatory,mean_effect,additive_head,20,candidate_pool_06,1.0,cost_aware,mask_72750b59b18d6c0c,4,n_heads_04,0.14423742070449164,0.22423742070449165
exploratory_post_outcome_not_confirmatory,mean_effect,additive_head,20,candidate_pool_06,1.5,target_loss,mask_25276dd47f8ef77c,4,n_heads_04,0.01177622683521129,0.01177622683521129
exploratory_post_outcome_not_confirmatory,mean_effect,additive_head,20,candidate_pool_06,1.5,cost_aware,mask_25276dd47f8ef77c,4,n_heads_04,0.01177622683521129,0.09177622683521129
exploratory_post_outcome_not_confirmatory,mean_effect,additive_head,20,candidate_pool_07,0.5,target_loss,mask_52536938b0d3c559,6,n_heads_06,0.014557863011807615,0.014557863011807615
exploratory_post_outcome_not_confirmatory,mean_effect,additive_head,20,candidate_pool_07,0.5,cost_aware,mask_52536938b0d3c559,6,n_heads_06,0.014557863011807615,0.1345578630118076
exploratory_post_outcome_not_confirmatory,mean_effect,additive_head,20,candidate_pool_07,1.0,target_loss,mask_2261c8e54842bff6,8,n_heads_08,0.13053467286913,0.13053467286913
exploratory_post_outcome_not_confirmatory,mean_effect,additive_head,20,candidate_pool_07,1.0,cost_aware,mask_6c3e3315afb6fb8c,4,n_heads_04,0.15824322573152028,0.2382432257315203
exploratory_post_outcome_not_confirmatory,mean_effect,additive_head,20,candidate_pool_07,1.5,target_loss,mask_d4de593b7cc70d8f,5,n_heads_05,0.11110112241146419,0.11110112241146419
exploratory_post_outcome_not_confirmatory,mean_effect,additive_head,20,candidate_pool_07,1.5,cost_aware,mask_d4de593b7cc70d8f,5,n_heads_05,0.11110112241146419,0.2111011224114642
exploratory_post_outcome_not_confirmatory,mean_effect,additive_head,20,candidate_pool_08,0.5,target_loss,mask_3a1e9bb541f8aca6,8,n_heads_08,0.017231082990376123,0.017231082990376123
exploratory_post_outcome_not_confirmatory,mean_effect,additive_head,20,candidate_pool_08,0.5,cost_aware,mask_3a1e9bb541f8aca6,8,n_heads_08,0.017231082990376123,0.17723108299037613
exploratory_post_outcome_not_confirmatory,mean_effect,additive_head,20,candidate_pool_08,1.0,target_loss,mask_d71fb8f090c52558,4,n_heads_04,0.04978452063712768,0.04978452063712768
exploratory_post_outcome_not_confirmatory,mean_effect,additive_head,20,candidate_pool_08,1.0,cost_aware,mask_d71fb8f090c52558,4,n_heads_04,0.04978452063712768,0.1297845206371277
exploratory_post_outcome_not_confirmatory,mean_effect,additive_head,20,candidate_pool_08,1.5,target_loss,mask_0483c7c3a82ced7e,6,n_heads_06,0.042338803550024506,0.042338803550024506
exploratory_post_outcome_not_confirmatory,mean_effect,additive_head,20,candidate_pool_08,1.5,cost_aware,mask_0483c7c3a82ced7e,6,n_heads_06,0.042338803550024506,0.1623388035500245
exploratory_post_outcome_not_confirmatory,mean_effect,additive_head,20,candidate_pool_09,0.5,target_loss,mask_f7629d353a5a8c8c,8,n_heads_08,0.015528709747016478,0.015528709747016478
exploratory_post_outcome_not_confirmatory,mean_effect,additive_head,20,candidate_pool_09,0.5,cost_aware,mask_f7629d353a5a8c8c,8,n_heads_08,0.015528709747016478,0.17552870974701648
exploratory_post_outcome_not_confirmatory,mean_effect,additive_head,20,candidate_pool_09,1.0,target_loss,mask_c3f11a7d9ebab23d,6,n_heads_06,0.17058494412404768,0.17058494412404768
exploratory_post_outcome_not_confirmatory,mean_effect,additive_head,20,candidate_pool_09,1.0,cost_aware,mask_c3f11a7d9ebab23d,6,n_heads_06,0.17058494412404768,0.2905849441240477
exploratory_post_outcome_not_confirmatory,mean_effect,additive_head,20,candidate_pool_09,1.5,target_loss,mask_ea7ded36b0b6aa15,8,n_heads_08,0.016622813443792017,0.016622813443792017
exploratory_post_outcome_not_confirmatory,mean_effect,additive_head,20,candidate_pool_09,1.5,cost_aware,mask_2d90e84a12b72772,4,n_heads_04,0.08346025638057197,0.163460256380572
exploratory_post_outcome_not_confirmatory,mean_effect,additive_head,40,candidate_pool_00,0.5,target_loss,mask_bfb9e14f899fd7d3,10,n_heads_10,0.1328435309417066,0.1328435309417066
exploratory_post_outcome_not_confirmatory,mean_effect,additive_head,40,candidate_pool_00,0.5,cost_aware,mask_bfb9e14f899fd7d3,10,n_heads_10,0.1328435309417066,0.3328435309417066
exploratory_post_outcome_not_confirmatory,mean_effect,additive_head,40,candidate_pool_00,1.0,target_loss,mask_bfa108de38e6d58f,6,n_heads_06,0.08630436105781758,0.08630436105781758
exploratory_post_outcome_not_confirmatory,mean_effect,additive_head,40,candidate_pool_00,1.0,cost_aware,mask_7c8b926f287bec49,4,n_heads_04,0.09629495081626516,0.17629495081626517
exploratory_post_outcome_not_confirmatory,mean_effect,additive_head,40,candidate_pool_00,1.5,target_loss,mask_b611eb15c1cbe033,4,n_heads_04,0.03760454315442607,0.03760454315442607
exploratory_post_outcome_not_confirmatory,mean_effect,additive_head,40,candidate_pool_00,1.5,cost_aware,mask_b611eb15c1cbe033,4,n_heads_04,0.03760454315442607,0.11760454315442607
exploratory_post_outcome_not_confirmatory,mean_effect,additive_head,40,candidate_pool_01,0.5,target_loss,mask_16dc2167f216f5a8,5,n_heads_05,0.03648771936584183,0.03648771936584183
exploratory_post_outcome_not_confirmatory,mean_effect,additive_head,40,candidate_pool_01,0.5,cost_aware,mask_16dc2167f216f5a8,5,n_heads_05,0.03648771936584183,0.13648771936584184
exploratory_post_outcome_not_confirmatory,mean_effect,additive_head,40,candidate_pool_01,1.0,target_loss,mask_304d12adafdb81c3,6,n_heads_06,0.0965228925449575,0.0965228925449575
exploratory_post_outcome_not_confirmatory,mean_effect,additive_head,40,candidate_pool_01,1.0,cost_aware,mask_304d12adafdb81c3,6,n_heads_06,0.0965228925449575,0.2165228925449575
exploratory_post_outcome_not_confirmatory,mean_effect,additive_head,40,candidate_pool_01,1.5,target_loss,mask_261f2ebd1f8a4eaa,5,n_heads_05,0.18100326510994247,0.18100326510994247
exploratory_post_outcome_not_confirmatory,mean_effect,additive_head,40,candidate_pool_01,1.5,cost_aware,mask_261f2ebd1f8a4eaa,5,n_heads_05,0.18100326510994247,0.28100326510994245
exploratory_post_outcome_not_confirmatory,mean_effect,additive_head,40,candidate_pool_02,0.5,target_loss,mask_318be3c54bb72e0d,6,n_heads_06,0.054530814053746934,0.054530814053746934
exploratory_post_outcome_not_confirmatory,mean_effect,additive_head,40,candidate_pool_02,0.5,cost_aware,mask_318be3c54bb72e0d,6,n_heads_06,0.054530814053746934,0.17453081405374693
exploratory_post_outcome_not_confirmatory,mean_effect,additive_head,40,candidate_pool_02,1.0,target_loss,mask_a0046e43df20ac57,5,n_heads_05,0.01975160595717229,0.01975160595717229
exploratory_post_outcome_not_confirmatory,mean_effect,additive_head,40,candidate_pool_02,1.0,cost_aware,mask_a0046e43df20ac57,5,n_heads_05,0.01975160595717229,0.1197516059571723
exploratory_post_outcome_not_confirmatory,mean_effect,additive_head,40,candidate_pool_02,1.5,target_loss,mask_4069015a4c8c7628,4,n_heads_04,0.10300031738336202,0.10300031738336202
exploratory_post_outcome_not_confirmatory,mean_effect,additive_head,40,candidate_pool_02,1.5,cost_aware,mask_4069015a4c8c7628,4,n_heads_04,0.10300031738336202,0.18300031738336203
exploratory_post_outcome_not_confirmatory,mean_effect,additive_head,40,candidate_pool_03,0.5,target_loss,mask_30716df5e75daa97,7,n_heads_07,0.13113699591093292,0.13113699591093292
exploratory_post_outcome_not_confirmatory,mean_effect,additive_head,40,candidate_pool_03,0.5,cost_aware,mask_30716df5e75daa97,7,n_heads_07,0.13113699591093292,0.27113699591093293
exploratory_post_outcome_not_confirmatory,mean_effect,additive_head,40,candidate_pool_03,1.0,target_loss,mask_a1eb01e7a7c4e9be,6,n_heads_06,0.057579151679690854,0.057579151679690854
exploratory_post_outcome_not_confirmatory,mean_effect,additive_head,40,candidate_pool_03,1.0,cost_aware,mask_a1eb01e7a7c4e9be,6,n_heads_06,0.057579151679690854,0.17757915167969085
exploratory_post_outcome_not_confirmatory,mean_effect,additive_head,40,candidate_pool_03,1.5,target_loss,mask_0f1c886d2bd569f0,7,n_heads_07,0.07947712240914484,0.07947712240914484
exploratory_post_outcome_not_confirmatory,mean_effect,additive_head,40,candidate_pool_03,1.5,cost_aware,mask_0f1c886d2bd569f0,7,n_heads_07,0.07947712240914484,0.21947712240914485
exploratory_post_outcome_not_confirmatory,mean_effect,additive_head,40,candidate_pool_04,0.5,target_loss,mask_23526c3b8294fcb7,9,n_heads_09,0.003923781392639603,0.003923781392639603
exploratory_post_outcome_not_confirmatory,mean_effect,additive_head,40,candidate_pool_04,0.5,cost_aware,mask_76eefe00ea7f7098,6,n_heads_06,0.040869517611876294,0.1608695176118763
exploratory_post_outcome_not_confirmatory,mean_effect,additive_head,40,candidate_pool_04,1.0,target_loss,mask_d1786933297085c0,4,n_heads_04,0.07454131673578923,0.07454131673578923
exploratory_post_outcome_not_confirmatory,mean_effect,additive_head,40,candidate_pool_04,1.0,cost_aware,mask_d1786933297085c0,4,n_heads_04,0.07454131673578923,0.15454131673578925
exploratory_post_outcome_not_confirmatory,mean_effect,additive_head,40,candidate_pool_04,1.5,target_loss,mask_ee5fb6904843b482,6,n_heads_06,0.03872918107182288,0.03872918107182288
exploratory_post_outcome_not_confirmatory,mean_effect,additive_head,40,candidate_pool_04,1.5,cost_aware,mask_ee5fb6904843b482,6,n_heads_06,0.03872918107182288,0.15872918107182288
exploratory_post_outcome_not_confirmatory,mean_effect,additive_head,40,candidate_pool_05,0.5,target_loss,mask_111b2c86496d6209,10,n_heads_10,0.02409146164558751,0.02409146164558751
exploratory_post_outcome_not_confirmatory,mean_effect,additive_head,40,candidate_pool_05,0.5,cost_aware,mask_62191f28479b805a,7,n_heads_07,0.06900692581469331,0.20900692581469332
exploratory_post_outcome_not_confirmatory,mean_effect,additive_head,40,candidate_pool_05,1.0,target_loss,mask_290a3cb1caf906c3,10,n_heads_10,0.12401512425459205,0.12401512425459205
exploratory_post_outcome_not_confirmatory,mean_effect,additive_head,40,candidate_pool_05,1.0,cost_aware,mask_290a3cb1caf906c3,10,n_heads_10,0.12401512425459205,0.32401512425459206
exploratory_post_outcome_not_confirmatory,mean_effect,additive_head,40,candidate_pool_05,1.5,target_loss,mask_de24099fc59a002a,4,n_heads_04,0.12243731729515872,0.12243731729515872
exploratory_post_outcome_not_confirmatory,mean_effect,additive_head,40,candidate_pool_05,1.5,cost_aware,mask_de24099fc59a002a,4,n_heads_04,0.12243731729515872,0.20243731729515874
exploratory_post_outcome_not_confirmatory,mean_effect,additive_head,40,candidate_pool_06,0.5,target_loss,mask_c9523b88300a64c5,4,n_heads_04,0.03083970200655728,0.03083970200655728
exploratory_post_outcome_not_confirmatory,mean_effect,additive_head,40,candidate_pool_06,0.5,cost_aware,mask_c9523b88300a64c5,4,n_heads_04,0.03083970200655728,0.11083970200655728
exploratory_post_outcome_not_confirmatory,mean_effect,additive_head,40,candidate_pool_06,1.0,target_loss,mask_5bf7af84e459f7ba,10,n_heads_10,0.029236399887791142,0.029236399887791142
exploratory_post_outcome_not_confirmatory,mean_effect,additive_head,40,candidate_pool_06,1.0,cost_aware,mask_25276dd47f8ef77c,4,n_heads_04,0.09380371357512518,0.1738037135751252
exploratory_post_outcome_not_confirmatory,mean_effect,additive_head,40,candidate_pool_06,1.5,target_loss,mask_bcf00f575657ab57,7,n_heads_07,0.009457881172257654,0.009457881172257654
exploratory_post_outcome_not_confirmatory,mean_effect,additive_head,40,candidate_pool_06,1.5,cost_aware,mask_bcf00f575657ab57,7,n_heads_07,0.009457881172257654,0.14945788117225767
exploratory_post_outcome_not_confirmatory,mean_effect,additive_head,40,candidate_pool_07,0.5,target_loss,mask_2261c8e54842bff6,8,n_heads_08,0.0074042041118445034,0.0074042041118445034
exploratory_post_outcome_not_confirmatory,mean_effect,additive_head,40,candidate_pool_07,0.5,cost_aware,mask_2261c8e54842bff6,8,n_heads_08,0.0074042041118445034,0.1674042041118445
exploratory_post_outcome_not_confirmatory,mean_effect,additive_head,40,candidate_pool_07,1.0,target_loss,mask_6c3e3315afb6fb8c,4,n_heads_04,0.038417278998650106,0.038417278998650106
exploratory_post_outcome_not_confirmatory,mean_effect,additive_head,40,candidate_pool_07,1.0,cost_aware,mask_6c3e3315afb6fb8c,4,n_heads_04,0.038417278998650106,0.11841727899865011
exploratory_post_outcome_not_confirmatory,mean_effect,additive_head,40,candidate_pool_07,1.5,target_loss,mask_66a1456a9ed6a190,9,n_heads_09,0.04493857173732607,0.04493857173732607
exploratory_post_outcome_not_confirmatory,mean_effect,additive_head,40,candidate_pool_07,1.5,cost_aware,mask_c9688ac3f4d96cac,5,n_heads_05,0.11273139562708989,0.2127313956270899
exploratory_post_outcome_not_confirmatory,mean_effect,additive_head,40,candidate_pool_08,0.5,target_loss,mask_3fd358a395ddfdd8,7,n_heads_07,0.04024631447316329,0.04024631447316329
exploratory_post_outcome_not_confirmatory,mean_effect,additive_head,40,candidate_pool_08,0.5,cost_aware,mask_3fd358a395ddfdd8,7,n_heads_07,0.04024631447316329,0.1802463144731633
exploratory_post_outcome_not_confirmatory,mean_effect,additive_head,40,candidate_pool_08,1.0,target_loss,mask_8dc1386ad4524dcb,5,n_heads_05,0.05669730021954755,0.05669730021954755
exploratory_post_outcome_not_confirmatory,mean_effect,additive_head,40,candidate_pool_08,1.0,cost_aware,mask_8dc1386ad4524dcb,5,n_heads_05,0.05669730021954755,0.15669730021954756
exploratory_post_outcome_not_confirmatory,mean_effect,additive_head,40,candidate_pool_08,1.5,target_loss,mask_fc5299efb847cbc8,5,n_heads_05,0.07047730812539221,0.07047730812539221
exploratory_post_outcome_not_confirmatory,mean_effect,additive_head,40,candidate_pool_08,1.5,cost_aware,mask_a842b06af7760b08,4,n_heads_04,0.07683262783801492,0.15683262783801494
exploratory_post_outcome_not_confirmatory,mean_effect,additive_head,40,candidate_pool_09,0.5,target_loss,mask_7014c21a00895564,4,n_heads_04,0.0801039263347148,0.0801039263347148
exploratory_post_outcome_not_confirmatory,mean_effect,additive_head,40,candidate_pool_09,0.5,cost_aware,mask_7014c21a00895564,4,n_heads_04,0.0801039263347148,0.16010392633471482
exploratory_post_outcome_not_confirmatory,mean_effect,additive_head,40,candidate_pool_09,1.0,target_loss,mask_6000c95aa8146da6,7,n_heads_07,0.09199631716537038,0.09199631716537038
exploratory_post_outcome_not_confirmatory,mean_effect,additive_head,40,candidate_pool_09,1.0,cost_aware,mask_6000c95aa8146da6,7,n_heads_07,0.09199631716537038,0.2319963171653704
exploratory_post_outcome_not_confirmatory,mean_effect,additive_head,40,candidate_pool_09,1.5,target_loss,mask_c3f11a7d9ebab23d,6,n_heads_06,0.02887049832131261,0.02887049832131261
exploratory_post_outcome_not_confirmatory,mean_effect,additive_head,40,candidate_pool_09,1.5,cost_aware,mask_c3f11a7d9ebab23d,6,n_heads_06,0.02887049832131261,0.1488704983213126
exploratory_post_outcome_not_confirmatory,mean_effect,additive_head,80,candidate_pool_00,0.5,target_loss,mask_ffe0389c017216d1,4,n_heads_04,0.013672909829706925,0.013672909829706925
exploratory_post_outcome_not_confirmatory,mean_effect,additive_head,80,candidate_pool_00,0.5,cost_aware,mask_ffe0389c017216d1,4,n_heads_04,0.013672909829706925,0.09367290982970693
exploratory_post_outcome_not_confirmatory,mean_effect,additive_head,80,candidate_pool_00,1.0,target_loss,mask_bfa108de38e6d58f,6,n_heads_06,0.22552223334825083,0.22552223334825083
exploratory_post_outcome_not_confirmatory,mean_effect,additive_head,80,candidate_pool_00,1.0,cost_aware,mask_bfa108de38e6d58f,6,n_heads_06,0.22552223334825083,0.34552223334825083
exploratory_post_outcome_not_confirmatory,mean_effect,additive_head,80,candidate_pool_00,1.5,target_loss,mask_ff6985d2961f695d,9,n_heads_09,0.11511251332960248,0.11511251332960248
exploratory_post_outcome_not_confirmatory,mean_effect,additive_head,80,candidate_pool_00,1.5,cost_aware,mask_714aefc72a94a0e9,5,n_heads_05,0.11787951457437007,0.21787951457437008
exploratory_post_outcome_not_confirmatory,mean_effect,additive_head,80,candidate_pool_01,0.5,target_loss,mask_28f76a93a72310a5,4,n_heads_04,0.001533299546283895,0.001533299546283895
exploratory_post_outcome_not_confirmatory,mean_effect,additive_head,80,candidate_pool_01,0.5,cost_aware,mask_28f76a93a72310a5,4,n_heads_04,0.001533299546283895,0.0815332995462839
exploratory_post_outcome_not_confirmatory,mean_effect,additive_head,80,candidate_pool_01,1.0,target_loss,mask_76f706be2ab175f0,7,n_heads_07,0.03779358620487283,0.03779358620487283
exploratory_post_outcome_not_confirmatory,mean_effect,additive_head,80,candidate_pool_01,1.0,cost_aware,mask_76f706be2ab175f0,7,n_heads_07,0.03779358620487283,0.17779358620487284
exploratory_post_outcome_not_confirmatory,mean_effect,additive_head,80,candidate_pool_01,1.5,target_loss,mask_d34cab07e9bf4ded,4,n_heads_04,0.034859748817416714,0.034859748817416714
exploratory_post_outcome_not_confirmatory,mean_effect,additive_head,80,candidate_pool_01,1.5,cost_aware,mask_d34cab07e9bf4ded,4,n_heads_04,0.034859748817416714,0.11485974881741672
exploratory_post_outcome_not_confirmatory,mean_effect,additive_head,80,candidate_pool_02,0.5,target_loss,mask_318be3c54bb72e0d,6,n_heads_06,0.011669019204321118,0.011669019204321118
exploratory_post_outcome_not_confirmatory,mean_effect,additive_head,80,candidate_pool_02,0.5,cost_aware,mask_318be3c54bb72e0d,6,n_heads_06,0.011669019204321118,0.1316690192043211
exploratory_post_outcome_not_confirmatory,mean_effect,additive_head,80,candidate_pool_02,1.0,target_loss,mask_ab59149b00e47e01,7,n_heads_07,0.03638948879515169,0.03638948879515169
exploratory_post_outcome_not_confirmatory,mean_effect,additive_head,80,candidate_pool_02,1.0,cost_aware,mask_ab59149b00e47e01,7,n_heads_07,0.03638948879515169,0.1763894887951517
exploratory_post_outcome_not_confirmatory,mean_effect,additive_head,80,candidate_pool_02,1.5,target_loss,mask_c7772d470875866f,4,n_heads_04,0.0020618492477881833,0.0020618492477881833
exploratory_post_outcome_not_confirmatory,mean_effect,additive_head,80,candidate_pool_02,1.5,cost_aware,mask_c7772d470875866f,4,n_heads_04,0.0020618492477881833,0.08206184924778819
exploratory_post_outcome_not_confirmatory,mean_effect,additive_head,80,candidate_pool_03,0.5,target_loss,mask_db4ced2a93ad8780,7,n_heads_07,0.009432597396800357,0.009432597396800357
exploratory_post_outcome_not_confirmatory,mean_effect,additive_head,80,candidate_pool_03,0.5,cost_aware,mask_aedb2c503c8eced2,5,n_heads_05,0.04318820007828106,0.14318820007828106
exploratory_post_outcome_not_confirmatory,mean_effect,additive_head,80,candidate_pool_03,1.0,target_loss,mask_5b90a18db67578c0,5,n_heads_05,0.012735931888911756,0.012735931888911756
exploratory_post_outcome_not_confirmatory,mean_effect,additive_head,80,candidate_pool_03,1.0,cost_aware,mask_5b90a18db67578c0,5,n_heads_05,0.012735931888911756,0.11273593188891176
exploratory_post_outcome_not_confirmatory,mean_effect,additive_head,80,candidate_pool_03,1.5,target_loss,mask_dc2e11f8d6ea9e67,6,n_heads_06,0.07794781574237408,0.07794781574237408
exploratory_post_outcome_not_confirmatory,mean_effect,additive_head,80,candidate_pool_03,1.5,cost_aware,mask_dc2e11f8d6ea9e67,6,n_heads_06,0.07794781574237408,0.19794781574237408
exploratory_post_outcome_not_confirmatory,mean_effect,additive_head,80,candidate_pool_04,0.5,target_loss,mask_8f5eca4cbcfcb5db,6,n_heads_06,0.013658466605044772,0.013658466605044772
exploratory_post_outcome_not_confirmatory,mean_effect,additive_head,80,candidate_pool_04,0.5,cost_aware,mask_8f5eca4cbcfcb5db,6,n_heads_06,0.013658466605044772,0.13365846660504477
exploratory_post_outcome_not_confirmatory,mean_effect,additive_head,80,candidate_pool_04,1.0,target_loss,mask_7fb6ffeb6bd8fc1f,7,n_heads_07,0.010492335946151954,0.010492335946151954
exploratory_post_outcome_not_confirmatory,mean_effect,additive_head,80,candidate_pool_04,1.0,cost_aware,mask_7fb6ffeb6bd8fc1f,7,n_heads_07,0.010492335946151954,0.15049233594615197
exploratory_post_outcome_not_confirmatory,mean_effect,additive_head,80,candidate_pool_04,1.5,target_loss,mask_8b7737474604b389,8,n_heads_08,0.25534550466498396,0.25534550466498396
exploratory_post_outcome_not_confirmatory,mean_effect,additive_head,80,candidate_pool_04,1.5,cost_aware,mask_ee5fb6904843b482,6,n_heads_06,0.2884871341262445,0.4084871341262445
exploratory_post_outcome_not_confirmatory,mean_effect,additive_head,80,candidate_pool_05,0.5,target_loss,mask_0ea1a19911258943,4,n_heads_04,0.0989905635240152,0.0989905635240152
exploratory_post_outcome_not_confirmatory,mean_effect,additive_head,80,candidate_pool_05,0.5,cost_aware,mask_0ea1a19911258943,4,n_heads_04,0.0989905635240152,0.1789905635240152
exploratory_post_outcome_not_confirmatory,mean_effect,additive_head,80,candidate_pool_05,1.0,target_loss,mask_62191f28479b805a,7,n_heads_07,0.0013007696625659815,0.0013007696625659815
exploratory_post_outcome_not_confirmatory,mean_effect,additive_head,80,candidate_pool_05,1.0,cost_aware,mask_62191f28479b805a,7,n_heads_07,0.0013007696625659815,0.141300769662566
exploratory_post_outcome_not_confirmatory,mean_effect,additive_head,80,candidate_pool_05,1.5,target_loss,mask_290a3cb1caf906c3,10,n_heads_10,0.15974024924044095,0.15974024924044095
exploratory_post_outcome_not_confirmatory,mean_effect,additive_head,80,candidate_pool_05,1.5,cost_aware,mask_290a3cb1caf906c3,10,n_heads_10,0.15974024924044095,0.35974024924044096
exploratory_post_outcome_not_confirmatory,mean_effect,additive_head,80,candidate_pool_06,0.5,target_loss,mask_f2b097d9ab973b9b,7,n_heads_07,0.055672492265165574,0.055672492265165574
exploratory_post_outcome_not_confirmatory,mean_effect,additive_head,80,candidate_pool_06,0.5,cost_aware,mask_f2b097d9ab973b9b,7,n_heads_07,0.055672492265165574,0.1956724922651656
exploratory_post_outcome_not_confirmatory,mean_effect,additive_head,80,candidate_pool_06,1.0,target_loss,mask_ba28cb4fde59866a,9,n_heads_09,0.021417236046528565,0.021417236046528565
exploratory_post_outcome_not_confirmatory,mean_effect,additive_head,80,candidate_pool_06,1.0,cost_aware,mask_ba28cb4fde59866a,9,n_heads_09,0.021417236046528565,0.20141723604652856
exploratory_post_outcome_not_confirmatory,mean_effect,additive_head,80,candidate_pool_06,1.5,target_loss,mask_c22a533faf194bc5,7,n_heads_07,0.062092912638325615,0.062092912638325615
exploratory_post_outcome_not_confirmatory,mean_effect,additive_head,80,candidate_pool_06,1.5,cost_aware,mask_382e0bf880e4af69,5,n_heads_05,0.07828253417075448,0.1782825341707545
exploratory_post_outcome_not_confirmatory,mean_effect,additive_head,80,candidate_pool_07,0.5,target_loss,mask_9401c6bc69ed4d22,10,n_heads_10,0.03142370185940102,0.03142370185940102
exploratory_post_outcome_not_confirmatory,mean_effect,additive_head,80,candidate_pool_07,0.5,cost_aware,mask_9401c6bc69ed4d22,10,n_heads_10,0.03142370185940102,0.23142370185940103
exploratory_post_outcome_not_confirmatory,mean_effect,additive_head,80,candidate_pool_07,1.0,target_loss,mask_2261c8e54842bff6,8,n_heads_08,0.04812454442564085,0.04812454442564085
exploratory_post_outcome_not_confirmatory,mean_effect,additive_head,80,candidate_pool_07,1.0,cost_aware,mask_2261c8e54842bff6,8,n_heads_08,0.04812454442564085,0.20812454442564085
exploratory_post_outcome_not_confirmatory,mean_effect,additive_head,80,candidate_pool_07,1.5,target_loss,mask_21e5e4333c6fc40a,6,n_heads_06,0.3189528008213405,0.3189528008213405
exploratory_post_outcome_not_confirmatory,mean_effect,additive_head,80,candidate_pool_07,1.5,cost_aware,mask_21e5e4333c6fc40a,6,n_heads_06,0.3189528008213405,0.43895280082134047
exploratory_post_outcome_not_confirmatory,mean_effect,additive_head,80,candidate_pool_08,0.5,target_loss,mask_bda88699e1e7badf,7,n_heads_07,0.08439658004918416,0.08439658004918416
exploratory_post_outcome_not_confirmatory,mean_effect,additive_head,80,candidate_pool_08,0.5,cost_aware,mask_bda88699e1e7badf,7,n_heads_07,0.08439658004918416,0.22439658004918417
exploratory_post_outcome_not_confirmatory,mean_effect,additive_head,80,candidate_pool_08,1.0,target_loss,mask_77740b198a0b3a94,6,n_heads_06,0.007966847897042606,0.007966847897042606
exploratory_post_outcome_not_confirmatory,mean_effect,additive_head,80,candidate_pool_08,1.0,cost_aware,mask_77740b198a0b3a94,6,n_heads_06,0.007966847897042606,0.1279668478970426
exploratory_post_outcome_not_confirmatory,mean_effect,additive_head,80,candidate_pool_08,1.5,target_loss,mask_a9f1de05a2b5cc89,7,n_heads_07,0.11204175195383392,0.11204175195383392
exploratory_post_outcome_not_confirmatory,mean_effect,additive_head,80,candidate_pool_08,1.5,cost_aware,mask_a9f1de05a2b5cc89,7,n_heads_07,0.11204175195383392,0.25204175195383394
exploratory_post_outcome_not_confirmatory,mean_effect,additive_head,80,candidate_pool_09,0.5,target_loss,mask_99b322f566a2bc85,6,n_heads_06,0.16301703347064422,0.16301703347064422
exploratory_post_outcome_not_confirmatory,mean_effect,additive_head,80,candidate_pool_09,0.5,cost_aware,mask_99b322f566a2bc85,6,n_heads_06,0.16301703347064422,0.2830170334706442
exploratory_post_outcome_not_confirmatory,mean_effect,additive_head,80,candidate_pool_09,1.0,target_loss,mask_a3021efcfb81527e,5,n_heads_05,0.14866893645104984,0.14866893645104984
exploratory_post_outcome_not_confirmatory,mean_effect,additive_head,80,candidate_pool_09,1.0,cost_aware,mask_a3021efcfb81527e,5,n_heads_05,0.14866893645104984,0.24866893645104984
exploratory_post_outcome_not_confirmatory,mean_effect,additive_head,80,candidate_pool_09,1.5,target_loss,mask_ea7ded36b0b6aa15,8,n_heads_08,0.07089428468038439,0.07089428468038439
exploratory_post_outcome_not_confirmatory,mean_effect,additive_head,80,candidate_pool_09,1.5,cost_aware,mask_ea7ded36b0b6aa15,8,n_heads_08,0.07089428468038439,0.2308942846803844
exploratory_post_outcome_not_confirmatory,mean_effect,additive_head,160,candidate_pool_00,0.5,target_loss,mask_56ee0c60e1cde4b8,5,n_heads_05,0.02537476096843594,0.02537476096843594
exploratory_post_outcome_not_confirmatory,mean_effect,additive_head,160,candidate_pool_00,0.5,cost_aware,mask_7c8b926f287bec49,4,n_heads_04,0.03532420953202081,0.11532420953202081
exploratory_post_outcome_not_confirmatory,mean_effect,additive_head,160,candidate_pool_00,1.0,target_loss,mask_b611eb15c1cbe033,4,n_heads_04,0.1496572377067089,0.1496572377067089
exploratory_post_outcome_not_confirmatory,mean_effect,additive_head,160,candidate_pool_00,1.0,cost_aware,mask_b611eb15c1cbe033,4,n_heads_04,0.1496572377067089,0.22965723770670893
exploratory_post_outcome_not_confirmatory,mean_effect,additive_head,160,candidate_pool_00,1.5,target_loss,mask_ff6985d2961f695d,9,n_heads_09,0.004703772834229847,0.004703772834229847
exploratory_post_outcome_not_confirmatory,mean_effect,additive_head,160,candidate_pool_00,1.5,cost_aware,mask_714aefc72a94a0e9,5,n_heads_05,0.06500997931939523,0.16500997931939523
exploratory_post_outcome_not_confirmatory,mean_effect,additive_head,160,candidate_pool_01,0.5,target_loss,mask_d4041af54a719d70,7,n_heads_07,0.049483954558017684,0.049483954558017684
exploratory_post_outcome_not_confirmatory,mean_effect,additive_head,160,candidate_pool_01,0.5,cost_aware,mask_d4041af54a719d70,7,n_heads_07,0.049483954558017684,0.1894839545580177
exploratory_post_outcome_not_confirmatory,mean_effect,additive_head,160,candidate_pool_01,1.0,target_loss,mask_3507ab216f864cbe,4,n_heads_04,0.020821865477510415,0.020821865477510415
exploratory_post_outcome_not_confirmatory,mean_effect,additive_head,160,candidate_pool_01,1.0,cost_aware,mask_3507ab216f864cbe,4,n_heads_04,0.020821865477510415,0.10082186547751042
exploratory_post_outcome_not_confirmatory,mean_effect,additive_head,160,candidate_pool_01,1.5,target_loss,mask_69b8a0bd055bae3b,8,n_heads_08,0.022362330175556444,0.022362330175556444
exploratory_post_outcome_not_confirmatory,mean_effect,additive_head,160,candidate_pool_01,1.5,cost_aware,mask_69b8a0bd055bae3b,8,n_heads_08,0.022362330175556444,0.18236233017555645
exploratory_post_outcome_not_confirmatory,mean_effect,additive_head,160,candidate_pool_02,0.5,target_loss,mask_a0046e43df20ac57,5,n_heads_05,0.10047393345180022,0.10047393345180022
exploratory_post_outcome_not_confirmatory,mean_effect,additive_head,160,candidate_pool_02,0.5,cost_aware,mask_a0046e43df20ac57,5,n_heads_05,0.10047393345180022,0.20047393345180023
exploratory_post_outcome_not_confirmatory,mean_effect,additive_head,160,candidate_pool_02,1.0,target_loss,mask_4069015a4c8c7628,4,n_heads_04,0.032496059457379545,0.032496059457379545
exploratory_post_outcome_not_confirmatory,mean_effect,additive_head,160,candidate_pool_02,1.0,cost_aware,mask_4069015a4c8c7628,4,n_heads_04,0.032496059457379545,0.11249605945737955
exploratory_post_outcome_not_confirmatory,mean_effect,additive_head,160,candidate_pool_02,1.5,target_loss,mask_3c9ed4cc352cbb27,5,n_heads_05,0.06405384869735009,0.06405384869735009
exploratory_post_outcome_not_confirmatory,mean_effect,additive_head,160,candidate_pool_02,1.5,cost_aware,mask_3c9ed4cc352cbb27,5,n_heads_05,0.06405384869735009,0.1640538486973501
exploratory_post_outcome_not_confirmatory,mean_effect,additive_head,160,candidate_pool_03,0.5,target_loss,mask_db4ced2a93ad8780,7,n_heads_07,0.0012906522467436843,0.0012906522467436843
exploratory_post_outcome_not_confirmatory,mean_effect,additive_head,160,candidate_pool_03,0.5,cost_aware,mask_db4ced2a93ad8780,7,n_heads_07,0.0012906522467436843,0.1412906522467437
exploratory_post_outcome_not_confirmatory,mean_effect,additive_head,160,candidate_pool_03,1.0,target_loss,mask_30716df5e75daa97,7,n_heads_07,0.03978342784339395,0.03978342784339395
exploratory_post_outcome_not_confirmatory,mean_effect,additive_head,160,candidate_pool_03,1.0,cost_aware,mask_30716df5e75daa97,7,n_heads_07,0.03978342784339395,0.17978342784339396
exploratory_post_outcome_not_confirmatory,mean_effect,additive_head,160,candidate_pool_03,1.5,target_loss,mask_dc2e11f8d6ea9e67,6,n_heads_06,0.07673971419767556,0.07673971419767556
exploratory_post_outcome_not_confirmatory,mean_effect,additive_head,160,candidate_pool_03,1.5,cost_aware,mask_dc2e11f8d6ea9e67,6,n_heads_06,0.07673971419767556,0.19673971419767555
exploratory_post_outcome_not_confirmatory,mean_effect,additive_head,160,candidate_pool_04,0.5,target_loss,mask_8f5eca4cbcfcb5db,6,n_heads_06,0.061579734863313196,0.061579734863313196
exploratory_post_outcome_not_confirmatory,mean_effect,additive_head,160,candidate_pool_04,0.5,cost_aware,mask_8f5eca4cbcfcb5db,6,n_heads_06,0.061579734863313196,0.1815797348633132
exploratory_post_outcome_not_confirmatory,mean_effect,additive_head,160,candidate_pool_04,1.0,target_loss,mask_5d6868f3c7cf99b3,6,n_heads_06,0.021052520198803215,0.021052520198803215
exploratory_post_outcome_not_confirmatory,mean_effect,additive_head,160,candidate_pool_04,1.0,cost_aware,mask_5d6868f3c7cf99b3,6,n_heads_06,0.021052520198803215,0.1410525201988032
exploratory_post_outcome_not_confirmatory,mean_effect,additive_head,160,candidate_pool_04,1.5,target_loss,mask_8b7737474604b389,8,n_heads_08,0.21794688058830847,0.21794688058830847
exploratory_post_outcome_not_confirmatory,mean_effect,additive_head,160,candidate_pool_04,1.5,cost_aware,mask_8b7737474604b389,8,n_heads_08,0.21794688058830847,0.3779468805883085
exploratory_post_outcome_not_confirmatory,mean_effect,additive_head,160,candidate_pool_05,0.5,target_loss,mask_ae737f6731edb34d,7,n_heads_07,0.10834821110788806,0.10834821110788806
exploratory_post_outcome_not_confirmatory,mean_effect,additive_head,160,candidate_pool_05,0.5,cost_aware,mask_ae737f6731edb34d,7,n_heads_07,0.10834821110788806,0.24834821110788807
exploratory_post_outcome_not_confirmatory,mean_effect,additive_head,160,candidate_pool_05,1.0,target_loss,mask_62191f28479b805a,7,n_heads_07,0.1488092395153463,0.1488092395153463
exploratory_post_outcome_not_confirmatory,mean_effect,additive_head,160,candidate_pool_05,1.0,cost_aware,mask_62191f28479b805a,7,n_heads_07,0.1488092395153463,0.2888092395153463
exploratory_post_outcome_not_confirmatory,mean_effect,additive_head,160,candidate_pool_05,1.5,target_loss,mask_de24099fc59a002a,4,n_heads_04,0.035650913117896366,0.035650913117896366
exploratory_post_outcome_not_confirmatory,mean_effect,additive_head,160,candidate_pool_05,1.5,cost_aware,mask_de24099fc59a002a,4,n_heads_04,0.035650913117896366,0.11565091311789637
exploratory_post_outcome_not_confirmatory,mean_effect,additive_head,160,candidate_pool_06,0.5,target_loss,mask_8da4b6178fa2b73e,7,n_heads_07,0.013670707355020295,0.013670707355020295
exploratory_post_outcome_not_confirmatory,mean_effect,additive_head,160,candidate_pool_06,0.5,cost_aware,mask_8da4b6178fa2b73e,7,n_heads_07,0.013670707355020295,0.1536707073550203
exploratory_post_outcome_not_confirmatory,mean_effect,additive_head,160,candidate_pool_06,1.0,target_loss,mask_ba28cb4fde59866a,9,n_heads_09,0.00810636984181945,0.00810636984181945
exploratory_post_outcome_not_confirmatory,mean_effect,additive_head,160,candidate_pool_06,1.0,cost_aware,mask_f16ce08b0ff70796,6,n_heads_06,0.05407440596362423,0.17407440596362422
exploratory_post_outcome_not_confirmatory,mean_effect,additive_head,160,candidate_pool_06,1.5,target_loss,mask_8a4903df460893e2,6,n_heads_06,0.0015547562330879838,0.0015547562330879838
exploratory_post_outcome_not_confirmatory,mean_effect,additive_head,160,candidate_pool_06,1.5,cost_aware,mask_8a4903df460893e2,6,n_heads_06,0.0015547562330879838,0.12155475623308798
exploratory_post_outcome_not_confirmatory,mean_effect,additive_head,160,candidate_pool_07,0.5,target_loss,mask_9401c6bc69ed4d22,10,n_heads_10,0.020439373554537288,0.020439373554537288
exploratory_post_outcome_not_confirmatory,mean_effect,additive_head,160,candidate_pool_07,0.5,cost_aware,mask_9401c6bc69ed4d22,10,n_heads_10,0.020439373554537288,0.2204393735545373
exploratory_post_outcome_not_confirmatory,mean_effect,additive_head,160,candidate_pool_07,1.0,target_loss,mask_c4774bd021c06295,7,n_heads_07,0.0676954590877128,0.0676954590877128
exploratory_post_outcome_not_confirmatory,mean_effect,additive_head,160,candidate_pool_07,1.0,cost_aware,mask_c4774bd021c06295,7,n_heads_07,0.0676954590877128,0.2076954590877128
exploratory_post_outcome_not_confirmatory,mean_effect,additive_head,160,candidate_pool_07,1.5,target_loss,mask_83fe021aaca96bf0,5,n_heads_05,0.10139944430531278,0.10139944430531278
exploratory_post_outcome_not_confirmatory,mean_effect,additive_head,160,candidate_pool_07,1.5,cost_aware,mask_83fe021aaca96bf0,5,n_heads_05,0.10139944430531278,0.20139944430531279
exploratory_post_outcome_not_confirmatory,mean_effect,additive_head,160,candidate_pool_08,0.5,target_loss,mask_bda88699e1e7badf,7,n_heads_07,0.008086399656114573,0.008086399656114573
exploratory_post_outcome_not_confirmatory,mean_effect,additive_head,160,candidate_pool_08,0.5,cost_aware,mask_bda88699e1e7badf,7,n_heads_07,0.008086399656114573,0.1480863996561146
exploratory_post_outcome_not_confirmatory,mean_effect,additive_head,160,candidate_pool_08,1.0,target_loss,mask_03ced2f511e0a2f2,10,n_heads_10,0.00241332527098459,0.00241332527098459
exploratory_post_outcome_not_confirmatory,mean_effect,additive_head,160,candidate_pool_08,1.0,cost_aware,mask_a842b06af7760b08,4,n_heads_04,0.07106545066591208,0.1510654506659121
exploratory_post_outcome_not_confirmatory,mean_effect,additive_head,160,candidate_pool_08,1.5,target_loss,mask_a9f1de05a2b5cc89,7,n_heads_07,0.0885672082943354,0.0885672082943354
exploratory_post_outcome_not_confirmatory,mean_effect,additive_head,160,candidate_pool_08,1.5,cost_aware,mask_a9f1de05a2b5cc89,7,n_heads_07,0.0885672082943354,0.2285672082943354
exploratory_post_outcome_not_confirmatory,mean_effect,additive_head,160,candidate_pool_09,0.5,target_loss,mask_2d90e84a12b72772,4,n_heads_04,0.049015303043008496,0.049015303043008496
exploratory_post_outcome_not_confirmatory,mean_effect,additive_head,160,candidate_pool_09,0.5,cost_aware,mask_2d90e84a12b72772,4,n_heads_04,0.049015303043008496,0.1290153030430085
exploratory_post_outcome_not_confirmatory,mean_effect,additive_head,160,candidate_pool_09,1.0,target_loss,mask_6000c95aa8146da6,7,n_heads_07,0.05659571204079161,0.05659571204079161
exploratory_post_outcome_not_confirmatory,mean_effect,additive_head,160,candidate_pool_09,1.0,cost_aware,mask_6000c95aa8146da6,7,n_heads_07,0.05659571204079161,0.19659571204079163
exploratory_post_outcome_not_confirmatory,mean_effect,additive_head,160,candidate_pool_09,1.5,target_loss,mask_ea7ded36b0b6aa15,8,n_heads_08,0.0003660944334473726,0.0003660944334473726
exploratory_post_outcome_not_confirmatory,mean_effect,additive_head,160,candidate_pool_09,1.5,cost_aware,mask_ea7ded36b0b6aa15,8,n_heads_08,0.0003660944334473726,0.16036609443344738
exploratory_post_outcome_not_confirmatory,mean_effect,count_additive,20,candidate_pool_00,0.5,target_loss,mask_5b752f5ac0d1c4e3,9,n_heads_09,0.05701158359442199,0.05701158359442199
exploratory_post_outcome_not_confirmatory,mean_effect,count_additive,20,candidate_pool_00,0.5,cost_aware,mask_b55f4fdddb0ed7df,7,n_heads_07,0.058878969285370175,0.1988789692853702
exploratory_post_outcome_not_confirmatory,mean_effect,count_additive,20,candidate_pool_00,1.0,target_loss,mask_502a955fb93e65d9,8,n_heads_08,0.10344100996947803,0.10344100996947803
exploratory_post_outcome_not_confirmatory,mean_effect,count_additive,20,candidate_pool_00,1.0,cost_aware,mask_502a955fb93e65d9,8,n_heads_08,0.10344100996947803,0.26344100996947806
exploratory_post_outcome_not_confirmatory,mean_effect,count_additive,20,candidate_pool_00,1.5,target_loss,mask_af608dfaba891fc2,9,n_heads_09,0.059517320803727625,0.059517320803727625
exploratory_post_outcome_not_confirmatory,mean_effect,count_additive,20,candidate_pool_00,1.5,cost_aware,mask_af608dfaba891fc2,9,n_heads_09,0.059517320803727625,0.23951732080372762
exploratory_post_outcome_not_confirmatory,mean_effect,count_additive,20,candidate_pool_01,0.5,target_loss,mask_42c60001461509c6,9,n_heads_09,0.03843788342488086,0.03843788342488086
exploratory_post_outcome_not_confirmatory,mean_effect,count_additive,20,candidate_pool_01,0.5,cost_aware,mask_42c60001461509c6,9,n_heads_09,0.03843788342488086,0.21843788342488085
exploratory_post_outcome_not_confirmatory,mean_effect,count_additive,20,candidate_pool_01,1.0,target_loss,mask_b0df0f5b22e4ad68,10,n_heads_10,0.25370427494080816,0.25370427494080816
exploratory_post_outcome_not_confirmatory,mean_effect,count_additive,20,candidate_pool_01,1.0,cost_aware,mask_b0df0f5b22e4ad68,10,n_heads_10,0.25370427494080816,0.45370427494080817
exploratory_post_outcome_not_confirmatory,mean_effect,count_additive,20,candidate_pool_01,1.5,target_loss,mask_392b59cd4fb2c2ba,8,n_heads_08,0.0622712958643159,0.0622712958643159
exploratory_post_outcome_not_confirmatory,mean_effect,count_additive,20,candidate_pool_01,1.5,cost_aware,mask_392b59cd4fb2c2ba,8,n_heads_08,0.0622712958643159,0.2222712958643159
exploratory_post_outcome_not_confirmatory,mean_effect,count_additive,20,candidate_pool_02,0.5,target_loss,mask_267196af5474f7ae,8,n_heads_08,0.03372574632889935,0.03372574632889935
exploratory_post_outcome_not_confirmatory,mean_effect,count_additive,20,candidate_pool_02,0.5,cost_aware,mask_267196af5474f7ae,8,n_heads_08,0.03372574632889935,0.19372574632889936
exploratory_post_outcome_not_confirmatory,mean_effect,count_additive,20,candidate_pool_02,1.0,target_loss,mask_d0336d7c13e3ff56,10,n_heads_10,0.03870547489154608,0.03870547489154608
exploratory_post_outcome_not_confirmatory,mean_effect,count_additive,20,candidate_pool_02,1.0,cost_aware,mask_d0336d7c13e3ff56,10,n_heads_10,0.03870547489154608,0.2387054748915461
exploratory_post_outcome_not_confirmatory,mean_effect,count_additive,20,candidate_pool_02,1.5,target_loss,mask_1d9e3422b50673a4,10,n_heads_10,0.37326746351934315,0.37326746351934315
exploratory_post_outcome_not_confirmatory,mean_effect,count_additive,20,candidate_pool_02,1.5,cost_aware,mask_1d9e3422b50673a4,10,n_heads_10,0.37326746351934315,0.5732674635193431
exploratory_post_outcome_not_confirmatory,mean_effect,count_additive,20,candidate_pool_03,0.5,target_loss,mask_0fb6d9bf1421fa6c,10,n_heads_10,0.06448338499664796,0.06448338499664796
exploratory_post_outcome_not_confirmatory,mean_effect,count_additive,20,candidate_pool_03,0.5,cost_aware,mask_0fb6d9bf1421fa6c,10,n_heads_10,0.06448338499664796,0.264483384996648
exploratory_post_outcome_not_confirmatory,mean_effect,count_additive,20,candidate_pool_03,1.0,target_loss,mask_384a80f180c950e1,8,n_heads_08,0.0546277380261484,0.0546277380261484
exploratory_post_outcome_not_confirmatory,mean_effect,count_additive,20,candidate_pool_03,1.0,cost_aware,mask_384a80f180c950e1,8,n_heads_08,0.0546277380261484,0.2146277380261484
exploratory_post_outcome_not_confirmatory,mean_effect,count_additive,20,candidate_pool_03,1.5,target_loss,mask_f22d93db3ad45aa7,10,n_heads_10,0.2854864286925447,0.2854864286925447
exploratory_post_outcome_not_confirmatory,mean_effect,count_additive,20,candidate_pool_03,1.5,cost_aware,mask_dc6c2cd7cadbb670,7,n_heads_07,0.2983829027760003,0.43838290277600034
exploratory_post_outcome_not_confirmatory,mean_effect,count_additive,20,candidate_pool_04,0.5,target_loss,mask_e9f121c635b9e306,10,n_heads_10,0.07048762864328251,0.07048762864328251
exploratory_post_outcome_not_confirmatory,mean_effect,count_additive,20,candidate_pool_04,0.5,cost_aware,mask_e9f121c635b9e306,10,n_heads_10,0.07048762864328251,0.2704876286432825
exploratory_post_outcome_not_confirmatory,mean_effect,count_additive,20,candidate_pool_04,1.0,target_loss,mask_e9f121c635b9e306,10,n_heads_10,0.4295123713567175,0.4295123713567175
exploratory_post_outcome_not_confirmatory,mean_effect,count_additive,20,candidate_pool_04,1.0,cost_aware,mask_e9f121c635b9e306,10,n_heads_10,0.4295123713567175,0.6295123713567174
exploratory_post_outcome_not_confirmatory,mean_effect,count_additive,20,candidate_pool_04,1.5,target_loss,mask_93f84412f1b2de39,7,n_heads_07,0.5784358387049369,0.5784358387049369
exploratory_post_outcome_not_confirmatory,mean_effect,count_additive,20,candidate_pool_04,1.5,cost_aware,mask_93f84412f1b2de39,7,n_heads_07,0.5784358387049369,0.7184358387049369
exploratory_post_outcome_not_confirmatory,mean_effect,count_additive,20,candidate_pool_05,0.5,target_loss,mask_c2c23ea606b0481a,10,n_heads_10,0.03311757918505742,0.03311757918505742
exploratory_post_outcome_not_confirmatory,mean_effect,count_additive,20,candidate_pool_05,0.5,cost_aware,mask_c2c23ea606b0481a,10,n_heads_10,0.03311757918505742,0.23311757918505743
exploratory_post_outcome_not_confirmatory,mean_effect,count_additive,20,candidate_pool_05,1.0,target_loss,mask_3895d99325d254e9,9,n_heads_09,0.08278949369952382,0.08278949369952382
exploratory_post_outcome_not_confirmatory,mean_effect,count_additive,20,candidate_pool_05,1.0,cost_aware,mask_3895d99325d254e9,9,n_heads_09,0.08278949369952382,0.2627894936995238
exploratory_post_outcome_not_confirmatory,mean_effect,count_additive,20,candidate_pool_05,1.5,target_loss,mask_3895d99325d254e9,9,n_heads_09,0.5827894936995238,0.5827894936995238
exploratory_post_outcome_not_confirmatory,mean_effect,count_additive,20,candidate_pool_05,1.5,cost_aware,mask_3895d99325d254e9,9,n_heads_09,0.5827894936995238,0.7627894936995239
exploratory_post_outcome_not_confirmatory,mean_effect,count_additive,20,candidate_pool_06,0.5,target_loss,mask_5209887ff03654c4,9,n_heads_09,0.0303636041244692,0.0303636041244692
exploratory_post_outcome_not_confirmatory,mean_effect,count_additive,20,candidate_pool_06,0.5,cost_aware,mask_5209887ff03654c4,9,n_heads_09,0.0303636041244692,0.2103636041244692
exploratory_post_outcome_not_confirmatory,mean_effect,count_additive,20,candidate_pool_06,1.0,target_loss,mask_ba28cb4fde59866a,9,n_heads_09,0.20224294568698942,0.20224294568698942
exploratory_post_outcome_not_confirmatory,mean_effect,count_additive,20,candidate_pool_06,1.0,cost_aware,mask_ba28cb4fde59866a,9,n_heads_09,0.20224294568698942,0.3822429456869894
exploratory_post_outcome_not_confirmatory,mean_effect,count_additive,20,candidate_pool_06,1.5,target_loss,mask_f2b097d9ab973b9b,7,n_heads_07,0.46963992026182244,0.46963992026182244
exploratory_post_outcome_not_confirmatory,mean_effect,count_additive,20,candidate_pool_06,1.5,cost_aware,mask_f2b097d9ab973b9b,7,n_heads_07,0.46963992026182244,0.6096399202618225
exploratory_post_outcome_not_confirmatory,mean_effect,count_additive,20,candidate_pool_07,0.5,target_loss,mask_8b4aadeb70824cb3,10,n_heads_10,0.024961838376020395,0.024961838376020395
exploratory_post_outcome_not_confirmatory,mean_effect,count_additive,20,candidate_pool_07,0.5,cost_aware,mask_8b4aadeb70824cb3,10,n_heads_10,0.024961838376020395,0.2249618383760204
exploratory_post_outcome_not_confirmatory,mean_effect,count_additive,20,candidate_pool_07,1.0,target_loss,mask_57d082e10f160b56,8,n_heads_08,0.02080793368218037,0.02080793368218037
exploratory_post_outcome_not_confirmatory,mean_effect,count_additive,20,candidate_pool_07,1.0,cost_aware,mask_57d082e10f160b56,8,n_heads_08,0.02080793368218037,0.18080793368218037
exploratory_post_outcome_not_confirmatory,mean_effect,count_additive,20,candidate_pool_07,1.5,target_loss,mask_57d082e10f160b56,8,n_heads_08,0.5208079336821804,0.5208079336821804
exploratory_post_outcome_not_confirmatory,mean_effect,count_additive,20,candidate_pool_07,1.5,cost_aware,mask_57d082e10f160b56,8,n_heads_08,0.5208079336821804,0.6808079336821804
exploratory_post_outcome_not_confirmatory,mean_effect,count_additive,20,candidate_pool_08,0.5,target_loss,mask_aebcbcf7f67000e0,9,n_heads_09,0.0010006303488883095,0.0010006303488883095
exploratory_post_outcome_not_confirmatory,mean_effect,count_additive,20,candidate_pool_08,0.5,cost_aware,mask_aebcbcf7f67000e0,9,n_heads_09,0.0010006303488883095,0.1810006303488883
exploratory_post_outcome_not_confirmatory,mean_effect,count_additive,20,candidate_pool_08,1.0,target_loss,mask_fc5299efb847cbc8,5,n_heads_05,0.10526885299555278,0.10526885299555278
exploratory_post_outcome_not_confirmatory,mean_effect,count_additive,20,candidate_pool_08,1.0,cost_aware,mask_fc5299efb847cbc8,5,n_heads_05,0.10526885299555278,0.20526885299555278
exploratory_post_outcome_not_confirmatory,mean_effect,count_additive,20,candidate_pool_08,1.5,target_loss,mask_03ced2f511e0a2f2,10,n_heads_10,0.5786785501327465,0.5786785501327465
exploratory_post_outcome_not_confirmatory,mean_effect,count_additive,20,candidate_pool_08,1.5,cost_aware,mask_fc5299efb847cbc8,5,n_heads_05,0.6052688529955528,0.7052688529955528
exploratory_post_outcome_not_confirmatory,mean_effect,count_additive,20,candidate_pool_09,0.5,target_loss,mask_51d102684cbc70d7,10,n_heads_10,0.09928710527563789,0.09928710527563789
exploratory_post_outcome_not_confirmatory,mean_effect,count_additive,20,candidate_pool_09,0.5,cost_aware,mask_51d102684cbc70d7,10,n_heads_10,0.09928710527563789,0.2992871052756379
exploratory_post_outcome_not_confirmatory,mean_effect,count_additive,20,candidate_pool_09,1.0,target_loss,mask_51d102684cbc70d7,10,n_heads_10,0.4007128947243621,0.4007128947243621
exploratory_post_outcome_not_confirmatory,mean_effect,count_additive,20,candidate_pool_09,1.0,cost_aware,mask_51d102684cbc70d7,10,n_heads_10,0.4007128947243621,0.6007128947243621
exploratory_post_outcome_not_confirmatory,mean_effect,count_additive,20,candidate_pool_09,1.5,target_loss,mask_6c66643ec3bf086c,6,n_heads_06,0.16600423862831648,0.16600423862831648
exploratory_post_outcome_not_confirmatory,mean_effect,count_additive,20,candidate_pool_09,1.5,cost_aware,mask_6c66643ec3bf086c,6,n_heads_06,0.16600423862831648,0.2860042386283165
exploratory_post_outcome_not_confirmatory,mean_effect,count_additive,40,candidate_pool_00,0.5,target_loss,mask_b4970ee8a8f769c1,7,n_heads_07,0.1651498146836632,0.1651498146836632
exploratory_post_outcome_not_confirmatory,mean_effect,count_additive,40,candidate_pool_00,0.5,cost_aware,mask_b4970ee8a8f769c1,7,n_heads_07,0.1651498146836632,0.3051498146836632
exploratory_post_outcome_not_confirmatory,mean_effect,count_additive,40,candidate_pool_00,1.0,target_loss,mask_7c8b926f287bec49,4,n_heads_04,0.03940131610580244,0.03940131610580244
exploratory_post_outcome_not_confirmatory,mean_effect,count_additive,40,candidate_pool_00,1.0,cost_aware,mask_7c8b926f287bec49,4,n_heads_04,0.03940131610580244,0.11940131610580244
exploratory_post_outcome_not_confirmatory,mean_effect,count_additive,40,candidate_pool_00,1.5,target_loss,mask_a096a397a7d70275,7,n_heads_07,0.14296738682710997,0.14296738682710997
exploratory_post_outcome_not_confirmatory,mean_effect,count_additive,40,candidate_pool_00,1.5,cost_aware,mask_a096a397a7d70275,7,n_heads_07,0.14296738682710997,0.28296738682711
exploratory_post_outcome_not_confirmatory,mean_effect,count_additive,40,candidate_pool_01,0.5,target_loss,mask_74077575feeaaa77,6,n_heads_06,0.02095162888260349,0.02095162888260349
exploratory_post_outcome_not_confirmatory,mean_effect,count_additive,40,candidate_pool_01,0.5,cost_aware,mask_74077575feeaaa77,6,n_heads_06,0.02095162888260349,0.14095162888260349
exploratory_post_outcome_not_confirmatory,mean_effect,count_additive,40,candidate_pool_01,1.0,target_loss,mask_d34cab07e9bf4ded,4,n_heads_04,0.1134520953710445,0.1134520953710445
exploratory_post_outcome_not_confirmatory,mean_effect,count_additive,40,candidate_pool_01,1.0,cost_aware,mask_d34cab07e9bf4ded,4,n_heads_04,0.1134520953710445,0.19345209537104452
exploratory_post_outcome_not_confirmatory,mean_effect,count_additive,40,candidate_pool_01,1.5,target_loss,mask_625dbe9e05728352,8,n_heads_08,0.022157996095715893,0.022157996095715893
exploratory_post_outcome_not_confirmatory,mean_effect,count_additive,40,candidate_pool_01,1.5,cost_aware,mask_625dbe9e05728352,8,n_heads_08,0.022157996095715893,0.1821579960957159
exploratory_post_outcome_not_confirmatory,mean_effect,count_additive,40,candidate_pool_02,0.5,target_loss,mask_d2f4c8c3a0e382c0,6,n_heads_06,0.12446037758920281,0.12446037758920281
exploratory_post_outcome_not_confirmatory,mean_effect,count_additive,40,candidate_pool_02,0.5,cost_aware,mask_d2f4c8c3a0e382c0,6,n_heads_06,0.12446037758920281,0.2444603775892028
exploratory_post_outcome_not_confirmatory,mean_effect,count_additive,40,candidate_pool_02,1.0,target_loss,mask_a0046e43df20ac57,5,n_heads_05,0.004783531516137307,0.004783531516137307
exploratory_post_outcome_not_confirmatory,mean_effect,count_additive,40,candidate_pool_02,1.0,cost_aware,mask_4069015a4c8c7628,4,n_heads_04,0.01232730112187097,0.09232730112187097
exploratory_post_outcome_not_confirmatory,mean_effect,count_additive,40,candidate_pool_02,1.5,target_loss,mask_8539d49577e1ed9d,9,n_heads_09,0.14607817508829113,0.14607817508829113
exploratory_post_outcome_not_confirmatory,mean_effect,count_additive,40,candidate_pool_02,1.5,cost_aware,mask_8539d49577e1ed9d,9,n_heads_09,0.14607817508829113,0.3260781750882911
exploratory_post_outcome_not_confirmatory,mean_effect,count_additive,40,candidate_pool_03,0.5,target_loss,mask_384a80f180c950e1,8,n_heads_08,0.04427933100345938,0.04427933100345938
exploratory_post_outcome_not_confirmatory,mean_effect,count_additive,40,candidate_pool_03,0.5,cost_aware,mask_30716df5e75daa97,7,n_heads_07,0.05677054809371951,0.19677054809371952
exploratory_post_outcome_not_confirmatory,mean_effect,count_additive,40,candidate_pool_03,1.0,target_loss,mask_0f1c886d2bd569f0,7,n_heads_07,0.06350298967080992,0.06350298967080992
exploratory_post_outcome_not_confirmatory,mean_effect,count_additive,40,candidate_pool_03,1.0,cost_aware,mask_48512872c4f2d5bd,4,n_heads_04,0.12289202664266208,0.2028920266426621
exploratory_post_outcome_not_confirmatory,mean_effect,count_additive,40,candidate_pool_03,1.5,target_loss,mask_5b90a18db67578c0,5,n_heads_05,0.03556034852391843,0.03556034852391843
exploratory_post_outcome_not_confirmatory,mean_effect,count_additive,40,candidate_pool_03,1.5,cost_aware,mask_5b90a18db67578c0,5,n_heads_05,0.03556034852391843,0.13556034852391843
exploratory_post_outcome_not_confirmatory,mean_effect,count_additive,40,candidate_pool_04,0.5,target_loss,mask_cafa56ef6c77bde9,10,n_heads_10,0.04419649407702542,0.04419649407702542
exploratory_post_outcome_not_confirmatory,mean_effect,count_additive,40,candidate_pool_04,0.5,cost_aware,mask_76eefe00ea7f7098,6,n_heads_06,0.08992092889775405,0.20992092889775404
exploratory_post_outcome_not_confirmatory,mean_effect,count_additive,40,candidate_pool_04,1.0,target_loss,mask_23526c3b8294fcb7,9,n_heads_09,0.02440887044887985,0.02440887044887985
exploratory_post_outcome_not_confirmatory,mean_effect,count_additive,40,candidate_pool_04,1.0,cost_aware,mask_8eaaf64cc1220873,7,n_heads_07,0.0510043365327395,0.19100433653273952
exploratory_post_outcome_not_confirmatory,mean_effect,count_additive,40,candidate_pool_04,1.5,target_loss,mask_93f84412f1b2de39,7,n_heads_07,0.2649376626754685,0.2649376626754685
exploratory_post_outcome_not_confirmatory,mean_effect,count_additive,40,candidate_pool_04,1.5,cost_aware,mask_93f84412f1b2de39,7,n_heads_07,0.2649376626754685,0.4049376626754685
exploratory_post_outcome_not_confirmatory,mean_effect,count_additive,40,candidate_pool_05,0.5,target_loss,mask_62191f28479b805a,7,n_heads_07,0.07992262531952948,0.07992262531952948
exploratory_post_outcome_not_confirmatory,mean_effect,count_additive,40,candidate_pool_05,0.5,cost_aware,mask_62191f28479b805a,7,n_heads_07,0.07992262531952948,0.2199226253195295
exploratory_post_outcome_not_confirmatory,mean_effect,count_additive,40,candidate_pool_05,1.0,target_loss,mask_290a3cb1caf906c3,10,n_heads_10,0.15023903330308797,0.15023903330308797
exploratory_post_outcome_not_confirmatory,mean_effect,count_additive,40,candidate_pool_05,1.0,cost_aware,mask_ae737f6731edb34d,7,n_heads_07,0.1610359426812874,0.3010359426812874
exploratory_post_outcome_not_confirmatory,mean_effect,count_additive,40,candidate_pool_05,1.5,target_loss,mask_f5d21a1898de9318,7,n_heads_07,0.21503550380837888,0.21503550380837888
exploratory_post_outcome_not_confirmatory,mean_effect,count_additive,40,candidate_pool_05,1.5,cost_aware,mask_de24099fc59a002a,4,n_heads_04,0.2714816570820071,0.3514816570820071
exploratory_post_outcome_not_confirmatory,mean_effect,count_additive,40,candidate_pool_06,0.5,target_loss,mask_c9523b88300a64c5,4,n_heads_04,0.022962242719328785,0.022962242719328785
exploratory_post_outcome_not_confirmatory,mean_effect,count_additive,40,candidate_pool_06,0.5,cost_aware,mask_c9523b88300a64c5,4,n_heads_04,0.022962242719328785,0.10296224271932879
exploratory_post_outcome_not_confirmatory,mean_effect,count_additive,40,candidate_pool_06,1.0,target_loss,mask_8da4b6178fa2b73e,7,n_heads_07,0.013978708871989154,0.013978708871989154
exploratory_post_outcome_not_confirmatory,mean_effect,count_additive,40,candidate_pool_06,1.0,cost_aware,mask_8da4b6178fa2b73e,7,n_heads_07,0.013978708871989154,0.15397870887198917
exploratory_post_outcome_not_confirmatory,mean_effect,count_additive,40,candidate_pool_06,1.5,target_loss,mask_a63bdf91a6b6b869,8,n_heads_08,0.017322093993395127,0.017322093993395127
exploratory_post_outcome_not_confirmatory,mean_effect,count_additive,40,candidate_pool_06,1.5,cost_aware,mask_a63bdf91a6b6b869,8,n_heads_08,0.017322093993395127,0.17732209399339513
exploratory_post_outcome_not_confirmatory,mean_effect,count_additive,40,candidate_pool_07,0.5,target_loss,mask_c4774bd021c06295,7,n_heads_07,0.10715046566364439,0.10715046566364439
exploratory_post_outcome_not_confirmatory,mean_effect,count_additive,40,candidate_pool_07,0.5,cost_aware,mask_c4774bd021c06295,7,n_heads_07,0.10715046566364439,0.2471504656636444
exploratory_post_outcome_not_confirmatory,mean_effect,count_additive,40,candidate_pool_07,1.0,target_loss,mask_aea069a826f0a096,6,n_heads_06,0.002967881682037765,0.002967881682037765
exploratory_post_outcome_not_confirmatory,mean_effect,count_additive,40,candidate_pool_07,1.0,cost_aware,mask_73324c4014b4a4c2,4,n_heads_04,0.04094456791712431,0.12094456791712431
exploratory_post_outcome_not_confirmatory,mean_effect,count_additive,40,candidate_pool_07,1.5,target_loss,mask_d43daec0a2f27dc1,8,n_heads_08,0.03665039628522648,0.03665039628522648
exploratory_post_outcome_not_confirmatory,mean_effect,count_additive,40,candidate_pool_07,1.5,cost_aware,mask_d43daec0a2f27dc1,8,n_heads_08,0.03665039628522648,0.1966503962852265
exploratory_post_outcome_not_confirmatory,mean_effect,count_additive,40,candidate_pool_08,0.5,target_loss,mask_248e15522b401ece,8,n_heads_08,0.0007860883019524256,0.0007860883019524256
exploratory_post_outcome_not_confirmatory,mean_effect,count_additive,40,candidate_pool_08,0.5,cost_aware,mask_0483c7c3a82ced7e,6,n_heads_06,0.004733294567135893,0.12473329456713589
exploratory_post_outcome_not_confirmatory,mean_effect,count_additive,40,candidate_pool_08,1.0,target_loss,mask_77740b198a0b3a94,6,n_heads_06,0.0992182556763912,0.0992182556763912
exploratory_post_outcome_not_confirmatory,mean_effect,count_additive,40,candidate_pool_08,1.0,cost_aware,mask_77740b198a0b3a94,6,n_heads_06,0.0992182556763912,0.2192182556763912
exploratory_post_outcome_not_confirmatory,mean_effect,count_additive,40,candidate_pool_08,1.5,target_loss,mask_7653a500a201847f,6,n_heads_06,0.059497333265761565,0.059497333265761565
exploratory_post_outcome_not_confirmatory,mean_effect,count_additive,40,candidate_pool_08,1.5,cost_aware,mask_7653a500a201847f,6,n_heads_06,0.059497333265761565,0.17949733326576156
exploratory_post_outcome_not_confirmatory,mean_effect,count_additive,40,candidate_pool_09,0.5,target_loss,mask_be69d0111bfe63f7,7,n_heads_07,0.04488443009897458,0.04488443009897458
exploratory_post_outcome_not_confirmatory,mean_effect,count_additive,40,candidate_pool_09,0.5,cost_aware,mask_2d90e84a12b72772,4,n_heads_04,0.09317456595192519,0.1731745659519252
exploratory_post_outcome_not_confirmatory,mean_effect,count_additive,40,candidate_pool_09,1.0,target_loss,mask_6000c95aa8146da6,7,n_heads_07,0.01699102001319064,0.01699102001319064
exploratory_post_outcome_not_confirmatory,mean_effect,count_additive,40,candidate_pool_09,1.0,cost_aware,mask_6000c95aa8146da6,7,n_heads_07,0.01699102001319064,0.15699102001319065
exploratory_post_outcome_not_confirmatory,mean_effect,count_additive,40,candidate_pool_09,1.5,target_loss,mask_c5654b277c578f3e,9,n_heads_09,0.015935009591175664,0.015935009591175664
exploratory_post_outcome_not_confirmatory,mean_effect,count_additive,40,candidate_pool_09,1.5,cost_aware,mask_c5654b277c578f3e,9,n_heads_09,0.015935009591175664,0.19593500959117566
exploratory_post_outcome_not_confirmatory,mean_effect,count_additive,80,candidate_pool_00,0.5,target_loss,mask_ffe0389c017216d1,4,n_heads_04,0.011631087804657714,0.011631087804657714
exploratory_post_outcome_not_confirmatory,mean_effect,count_additive,80,candidate_pool_00,0.5,cost_aware,mask_ffe0389c017216d1,4,n_heads_04,0.011631087804657714,0.09163108780465772
exploratory_post_outcome_not_confirmatory,mean_effect,count_additive,80,candidate_pool_00,1.0,target_loss,mask_b611eb15c1cbe033,4,n_heads_04,0.010907137783741527,0.010907137783741527
exploratory_post_outcome_not_confirmatory,mean_effect,count_additive,80,candidate_pool_00,1.0,cost_aware,mask_b611eb15c1cbe033,4,n_heads_04,0.010907137783741527,0.09090713778374153
exploratory_post_outcome_not_confirmatory,mean_effect,count_additive,80,candidate_pool_00,1.5,target_loss,mask_a096a397a7d70275,7,n_heads_07,0.028541269054443097,0.028541269054443097
exploratory_post_outcome_not_confirmatory,mean_effect,count_additive,80,candidate_pool_00,1.5,cost_aware,mask_a096a397a7d70275,7,n_heads_07,0.028541269054443097,0.1685412690544431
exploratory_post_outcome_not_confirmatory,mean_effect,count_additive,80,candidate_pool_01,0.5,target_loss,mask_28f76a93a72310a5,4,n_heads_04,0.005538195323782025,0.005538195323782025
exploratory_post_outcome_not_confirmatory,mean_effect,count_additive,80,candidate_pool_01,0.5,cost_aware,mask_28f76a93a72310a5,4,n_heads_04,0.005538195323782025,0.08553819532378203
exploratory_post_outcome_not_confirmatory,mean_effect,count_additive,80,candidate_pool_01,1.0,target_loss,mask_f78efa18c25e46d0,5,n_heads_05,0.01733299964623558,0.01733299964623558
exploratory_post_outcome_not_confirmatory,mean_effect,count_additive,80,candidate_pool_01,1.0,cost_aware,mask_f78efa18c25e46d0,5,n_heads_05,0.01733299964623558,0.11733299964623559
exploratory_post_outcome_not_confirmatory,mean_effect,count_additive,80,candidate_pool_01,1.5,target_loss,mask_69b8a0bd055bae3b,8,n_heads_08,0.042829353144257176,0.042829353144257176
exploratory_post_outcome_not_confirmatory,mean_effect,count_additive,80,candidate_pool_01,1.5,cost_aware,mask_69b8a0bd055bae3b,8,n_heads_08,0.042829353144257176,0.20282935314425718
exploratory_post_outcome_not_confirmatory,mean_effect,count_additive,80,candidate_pool_02,0.5,target_loss,mask_318be3c54bb72e0d,6,n_heads_06,0.009672234667998825,0.009672234667998825
exploratory_post_outcome_not_confirmatory,mean_effect,count_additive,80,candidate_pool_02,0.5,cost_aware,mask_318be3c54bb72e0d,6,n_heads_06,0.009672234667998825,0.12967223466799882
exploratory_post_outcome_not_confirmatory,mean_effect,count_additive,80,candidate_pool_02,1.0,target_loss,mask_4069015a4c8c7628,4,n_heads_04,0.05099231738267396,0.05099231738267396
exploratory_post_outcome_not_confirmatory,mean_effect,count_additive,80,candidate_pool_02,1.0,cost_aware,mask_4069015a4c8c7628,4,n_heads_04,0.05099231738267396,0.13099231738267397
exploratory_post_outcome_not_confirmatory,mean_effect,count_additive,80,candidate_pool_02,1.5,target_loss,mask_053a16108482e172,6,n_heads_06,0.1939481623752144,0.1939481623752144
exploratory_post_outcome_not_confirmatory,mean_effect,count_additive,80,candidate_pool_02,1.5,cost_aware,mask_053a16108482e172,6,n_heads_06,0.1939481623752144,0.3139481623752144
exploratory_post_outcome_not_confirmatory,mean_effect,count_additive,80,candidate_pool_03,0.5,target_loss,mask_384a80f180c950e1,8,n_heads_08,0.07047759406593862,0.07047759406593862
exploratory_post_outcome_not_confirmatory,mean_effect,count_additive,80,candidate_pool_03,0.5,cost_aware,mask_aedb2c503c8eced2,5,n_heads_05,0.10831976316691072,0.20831976316691073
exploratory_post_outcome_not_confirmatory,mean_effect,count_additive,80,candidate_pool_03,1.0,target_loss,mask_30716df5e75daa97,7,n_heads_07,0.001957907692305194,0.001957907692305194
exploratory_post_outcome_not_confirmatory,mean_effect,count_additive,80,candidate_pool_03,1.0,cost_aware,mask_30716df5e75daa97,7,n_heads_07,0.001957907692305194,0.1419579076923052
exploratory_post_outcome_not_confirmatory,mean_effect,count_additive,80,candidate_pool_03,1.5,target_loss,mask_e3bfff07ca1cabef,9,n_heads_09,0.16321852453921637,0.16321852453921637
exploratory_post_outcome_not_confirmatory,mean_effect,count_additive,80,candidate_pool_03,1.5,cost_aware,mask_0f1c886d2bd569f0,7,n_heads_07,0.1640227511818355,0.3040227511818355
exploratory_post_outcome_not_confirmatory,mean_effect,count_additive,80,candidate_pool_04,0.5,target_loss,mask_8f5eca4cbcfcb5db,6,n_heads_06,0.024206093198073597,0.024206093198073597
exploratory_post_outcome_not_confirmatory,mean_effect,count_additive,80,candidate_pool_04,0.5,cost_aware,mask_8f5eca4cbcfcb5db,6,n_heads_06,0.024206093198073597,0.1442060931980736
exploratory_post_outcome_not_confirmatory,mean_effect,count_additive,80,candidate_pool_04,1.0,target_loss,mask_ee5fb6904843b482,6,n_heads_06,0.02086866580788338,0.02086866580788338
exploratory_post_outcome_not_confirmatory,mean_effect,count_additive,80,candidate_pool_04,1.0,cost_aware,mask_ee5fb6904843b482,6,n_heads_06,0.02086866580788338,0.14086866580788338
exploratory_post_outcome_not_confirmatory,mean_effect,count_additive,80,candidate_pool_04,1.5,target_loss,mask_8b7737474604b389,8,n_heads_08,0.17577715059784893,0.17577715059784893
exploratory_post_outcome_not_confirmatory,mean_effect,count_additive,80,candidate_pool_04,1.5,cost_aware,mask_8b7737474604b389,8,n_heads_08,0.17577715059784893,0.33577715059784896
exploratory_post_outcome_not_confirmatory,mean_effect,count_additive,80,candidate_pool_05,0.5,target_loss,mask_ae737f6731edb34d,7,n_heads_07,0.09987742395936494,0.09987742395936494
exploratory_post_outcome_not_confirmatory,mean_effect,count_additive,80,candidate_pool_05,0.5,cost_aware,mask_ae737f6731edb34d,7,n_heads_07,0.09987742395936494,0.23987742395936495
exploratory_post_outcome_not_confirmatory,mean_effect,count_additive,80,candidate_pool_05,1.0,target_loss,mask_62191f28479b805a,7,n_heads_07,0.14616070942126203,0.14616070942126203
exploratory_post_outcome_not_confirmatory,mean_effect,count_additive,80,candidate_pool_05,1.0,cost_aware,mask_62191f28479b805a,7,n_heads_07,0.14616070942126203,0.28616070942126204
exploratory_post_outcome_not_confirmatory,mean_effect,count_additive,80,candidate_pool_05,1.5,target_loss,mask_de24099fc59a002a,4,n_heads_04,0.03629947057927607,0.03629947057927607
exploratory_post_outcome_not_confirmatory,mean_effect,count_additive,80,candidate_pool_05,1.5,cost_aware,mask_de24099fc59a002a,4,n_heads_04,0.03629947057927607,0.11629947057927607
exploratory_post_outcome_not_confirmatory,mean_effect,count_additive,80,candidate_pool_06,0.5,target_loss,mask_0cbfd8c3e3987d54,5,n_heads_05,0.011487315066326387,0.011487315066326387
exploratory_post_outcome_not_confirmatory,mean_effect,count_additive,80,candidate_pool_06,0.5,cost_aware,mask_0cbfd8c3e3987d54,5,n_heads_05,0.011487315066326387,0.11148731506632639
exploratory_post_outcome_not_confirmatory,mean_effect,count_additive,80,candidate_pool_06,1.0,target_loss,mask_25276dd47f8ef77c,4,n_heads_04,0.12335874146714032,0.12335874146714032
exploratory_post_outcome_not_confirmatory,mean_effect,count_additive,80,candidate_pool_06,1.0,cost_aware,mask_25276dd47f8ef77c,4,n_heads_04,0.12335874146714032,0.20335874146714034
exploratory_post_outcome_not_confirmatory,mean_effect,count_additive,80,candidate_pool_06,1.5,target_loss,mask_5bf7af84e459f7ba,10,n_heads_10,0.21261810733397324,0.21261810733397324
exploratory_post_outcome_not_confirmatory,mean_effect,count_additive,80,candidate_pool_06,1.5,cost_aware,mask_8a4903df460893e2,6,n_heads_06,0.22600719162281058,0.3460071916228106
exploratory_post_outcome_not_confirmatory,mean_effect,count_additive,80,candidate_pool_07,0.5,target_loss,mask_9401c6bc69ed4d22,10,n_heads_10,0.07550069981608432,0.07550069981608432
exploratory_post_outcome_not_confirmatory,mean_effect,count_additive,80,candidate_pool_07,0.5,cost_aware,mask_9401c6bc69ed4d22,10,n_heads_10,0.07550069981608432,0.2755006998160843
exploratory_post_outcome_not_confirmatory,mean_effect,count_additive,80,candidate_pool_07,1.0,target_loss,mask_6c3e3315afb6fb8c,4,n_heads_04,0.021244771201760382,0.021244771201760382
exploratory_post_outcome_not_confirmatory,mean_effect,count_additive,80,candidate_pool_07,1.0,cost_aware,mask_6c3e3315afb6fb8c,4,n_heads_04,0.021244771201760382,0.10124477120176038
exploratory_post_outcome_not_confirmatory,mean_effect,count_additive,80,candidate_pool_07,1.5,target_loss,mask_83fe021aaca96bf0,5,n_heads_05,0.1018378902173871,0.1018378902173871
exploratory_post_outcome_not_confirmatory,mean_effect,count_additive,80,candidate_pool_07,1.5,cost_aware,mask_83fe021aaca96bf0,5,n_heads_05,0.1018378902173871,0.2018378902173871
exploratory_post_outcome_not_confirmatory,mean_effect,count_additive,80,candidate_pool_08,0.5,target_loss,mask_bda88699e1e7badf,7,n_heads_07,0.0008909781170459707,0.0008909781170459707
exploratory_post_outcome_not_confirmatory,mean_effect,count_additive,80,candidate_pool_08,0.5,cost_aware,mask_bda88699e1e7badf,7,n_heads_07,0.0008909781170459707,0.14089097811704598
exploratory_post_outcome_not_confirmatory,mean_effect,count_additive,80,candidate_pool_08,1.0,target_loss,mask_fc5299efb847cbc8,5,n_heads_05,0.009411274780775192,0.009411274780775192
exploratory_post_outcome_not_confirmatory,mean_effect,count_additive,80,candidate_pool_08,1.0,cost_aware,mask_a842b06af7760b08,4,n_heads_04,0.02566910230486663,0.10566910230486663
exploratory_post_outcome_not_confirmatory,mean_effect,count_additive,80,candidate_pool_08,1.5,target_loss,mask_03ced2f511e0a2f2,10,n_heads_10,0.07812432042135731,0.07812432042135731
exploratory_post_outcome_not_confirmatory,mean_effect,count_additive,80,candidate_pool_08,1.5,cost_aware,mask_1ee94a6fab0d1183,8,n_heads_08,0.09069380836958763,0.25069380836958766
exploratory_post_outcome_not_confirmatory,mean_effect,count_additive,80,candidate_pool_09,0.5,target_loss,mask_c5654b277c578f3e,9,n_heads_09,0.06012156089570048,0.06012156089570048
exploratory_post_outcome_not_confirmatory,mean_effect,count_additive,80,candidate_pool_09,0.5,cost_aware,mask_2d90e84a12b72772,4,n_heads_04,0.07615213310412239,0.1561521331041224
exploratory_post_outcome_not_confirmatory,mean_effect,count_additive,80,candidate_pool_09,1.0,target_loss,mask_6000c95aa8146da6,7,n_heads_07,0.020971865112103583,0.020971865112103583
exploratory_post_outcome_not_confirmatory,mean_effect,count_additive,80,candidate_pool_09,1.0,cost_aware,mask_6000c95aa8146da6,7,n_heads_07,0.020971865112103583,0.1609718651121036
exploratory_post_outcome_not_confirmatory,mean_effect,count_additive,80,candidate_pool_09,1.5,target_loss,mask_ea7ded36b0b6aa15,8,n_heads_08,0.018085162025990087,0.018085162025990087
exploratory_post_outcome_not_confirmatory,mean_effect,count_additive,80,candidate_pool_09,1.5,cost_aware,mask_ea7ded36b0b6aa15,8,n_heads_08,0.018085162025990087,0.1780851620259901
exploratory_post_outcome_not_confirmatory,mean_effect,count_additive,160,candidate_pool_00,0.5,target_loss,mask_ffe0389c017216d1,4,n_heads_04,0.08304601905051678,0.08304601905051678
exploratory_post_outcome_not_confirmatory,mean_effect,count_additive,160,candidate_pool_00,0.5,cost_aware,mask_ffe0389c017216d1,4,n_heads_04,0.08304601905051678,0.1630460190505168
exploratory_post_outcome_not_confirmatory,mean_effect,count_additive,160,candidate_pool_00,1.0,target_loss,mask_b611eb15c1cbe033,4,n_heads_04,0.1023882851666108,0.1023882851666108
exploratory_post_outcome_not_confirmatory,mean_effect,count_additive,160,candidate_pool_00,1.0,cost_aware,mask_b611eb15c1cbe033,4,n_heads_04,0.1023882851666108,0.18238828516661082
exploratory_post_outcome_not_confirmatory,mean_effect,count_additive,160,candidate_pool_00,1.5,target_loss,mask_a096a397a7d70275,7,n_heads_07,0.06853212276111553,0.06853212276111553
exploratory_post_outcome_not_confirmatory,mean_effect,count_additive,160,candidate_pool_00,1.5,cost_aware,mask_a096a397a7d70275,7,n_heads_07,0.06853212276111553,0.20853212276111555
exploratory_post_outcome_not_confirmatory,mean_effect,count_additive,160,candidate_pool_01,0.5,target_loss,mask_d4041af54a719d70,7,n_heads_07,0.004924219710782829,0.004924219710782829
exploratory_post_outcome_not_confirmatory,mean_effect,count_additive,160,candidate_pool_01,0.5,cost_aware,mask_d4041af54a719d70,7,n_heads_07,0.004924219710782829,0.14492421971078284
exploratory_post_outcome_not_confirmatory,mean_effect,count_additive,160,candidate_pool_01,1.0,target_loss,mask_76f706be2ab175f0,7,n_heads_07,0.065585634700282,0.065585634700282
exploratory_post_outcome_not_confirmatory,mean_effect,count_additive,160,candidate_pool_01,1.0,cost_aware,mask_76f706be2ab175f0,7,n_heads_07,0.065585634700282,0.20558563470028202
exploratory_post_outcome_not_confirmatory,mean_effect,count_additive,160,candidate_pool_01,1.5,target_loss,mask_69b8a0bd055bae3b,8,n_heads_08,0.042222341853479506,0.042222341853479506
exploratory_post_outcome_not_confirmatory,mean_effect,count_additive,160,candidate_pool_01,1.5,cost_aware,mask_69b8a0bd055bae3b,8,n_heads_08,0.042222341853479506,0.2022223418534795
exploratory_post_outcome_not_confirmatory,mean_effect,count_additive,160,candidate_pool_02,0.5,target_loss,mask_c36034d7c9cf0b25,7,n_heads_07,0.030399679405232916,0.030399679405232916
exploratory_post_outcome_not_confirmatory,mean_effect,count_additive,160,candidate_pool_02,0.5,cost_aware,mask_c36034d7c9cf0b25,7,n_heads_07,0.030399679405232916,0.17039967940523293
exploratory_post_outcome_not_confirmatory,mean_effect,count_additive,160,candidate_pool_02,1.0,target_loss,mask_ab59149b00e47e01,7,n_heads_07,0.003678399117721165,0.003678399117721165
exploratory_post_outcome_not_confirmatory,mean_effect,count_additive,160,candidate_pool_02,1.0,cost_aware,mask_ab59149b00e47e01,7,n_heads_07,0.003678399117721165,0.14367839911772118
exploratory_post_outcome_not_confirmatory,mean_effect,count_additive,160,candidate_pool_02,1.5,target_loss,mask_267196af5474f7ae,8,n_heads_08,0.09886721740657278,0.09886721740657278
exploratory_post_outcome_not_confirmatory,mean_effect,count_additive,160,candidate_pool_02,1.5,cost_aware,mask_267196af5474f7ae,8,n_heads_08,0.09886721740657278,0.2588672174065728
exploratory_post_outcome_not_confirmatory,mean_effect,count_additive,160,candidate_pool_03,0.5,target_loss,mask_2b83958421bb5cda,9,n_heads_09,0.10968144311670791,0.10968144311670791
exploratory_post_outcome_not_confirmatory,mean_effect,count_additive,160,candidate_pool_03,0.5,cost_aware,mask_8e19964bc0ea5bd6,8,n_heads_08,0.11140690162631939,0.2714069016263194
exploratory_post_outcome_not_confirmatory,mean_effect,count_additive,160,candidate_pool_03,1.0,target_loss,mask_30716df5e75daa97,7,n_heads_07,0.06005336701140962,0.06005336701140962
exploratory_post_outcome_not_confirmatory,mean_effect,count_additive,160,candidate_pool_03,1.0,cost_aware,mask_30716df5e75daa97,7,n_heads_07,0.06005336701140962,0.20005336701140963
exploratory_post_outcome_not_confirmatory,mean_effect,count_additive,160,candidate_pool_03,1.5,target_loss,mask_0f1c886d2bd569f0,7,n_heads_07,0.17134605099282152,0.17134605099282152
exploratory_post_outcome_not_confirmatory,mean_effect,count_additive,160,candidate_pool_03,1.5,cost_aware,mask_0f1c886d2bd569f0,7,n_heads_07,0.17134605099282152,0.31134605099282153
exploratory_post_outcome_not_confirmatory,mean_effect,count_additive,160,candidate_pool_04,0.5,target_loss,mask_8f5eca4cbcfcb5db,6,n_heads_06,0.044291412838572075,0.044291412838572075
exploratory_post_outcome_not_confirmatory,mean_effect,count_additive,160,candidate_pool_04,0.5,cost_aware,mask_8f5eca4cbcfcb5db,6,n_heads_06,0.044291412838572075,0.16429141283857207
exploratory_post_outcome_not_confirmatory,mean_effect,count_additive,160,candidate_pool_04,1.0,target_loss,mask_5d6868f3c7cf99b3,6,n_heads_06,0.004186030631603277,0.004186030631603277
exploratory_post_outcome_not_confirmatory,mean_effect,count_additive,160,candidate_pool_04,1.0,cost_aware,mask_5d6868f3c7cf99b3,6,n_heads_06,0.004186030631603277,0.12418603063160327
exploratory_post_outcome_not_confirmatory,mean_effect,count_additive,160,candidate_pool_04,1.5,target_loss,mask_8b7737474604b389,8,n_heads_08,0.2474841572700901,0.2474841572700901
exploratory_post_outcome_not_confirmatory,mean_effect,count_additive,160,candidate_pool_04,1.5,cost_aware,mask_8b7737474604b389,8,n_heads_08,0.2474841572700901,0.40748415727009013
exploratory_post_outcome_not_confirmatory,mean_effect,count_additive,160,candidate_pool_05,0.5,target_loss,mask_ae737f6731edb34d,7,n_heads_07,0.10470958522800344,0.10470958522800344
exploratory_post_outcome_not_confirmatory,mean_effect,count_additive,160,candidate_pool_05,0.5,cost_aware,mask_ae737f6731edb34d,7,n_heads_07,0.10470958522800344,0.24470958522800346
exploratory_post_outcome_not_confirmatory,mean_effect,count_additive,160,candidate_pool_05,1.0,target_loss,mask_62191f28479b805a,7,n_heads_07,0.09079392033452605,0.09079392033452605
exploratory_post_outcome_not_confirmatory,mean_effect,count_additive,160,candidate_pool_05,1.0,cost_aware,mask_62191f28479b805a,7,n_heads_07,0.09079392033452605,0.23079392033452606
exploratory_post_outcome_not_confirmatory,mean_effect,count_additive,160,candidate_pool_05,1.5,target_loss,mask_290a3cb1caf906c3,10,n_heads_10,0.050565901031478955,0.050565901031478955
exploratory_post_outcome_not_confirmatory,mean_effect,count_additive,160,candidate_pool_05,1.5,cost_aware,mask_290a3cb1caf906c3,10,n_heads_10,0.050565901031478955,0.25056590103147897
exploratory_post_outcome_not_confirmatory,mean_effect,count_additive,160,candidate_pool_06,0.5,target_loss,mask_8da4b6178fa2b73e,7,n_heads_07,0.0023662943364798905,0.0023662943364798905
exploratory_post_outcome_not_confirmatory,mean_effect,count_additive,160,candidate_pool_06,0.5,cost_aware,mask_8da4b6178fa2b73e,7,n_heads_07,0.0023662943364798905,0.1423662943364799
exploratory_post_outcome_not_confirmatory,mean_effect,count_additive,160,candidate_pool_06,1.0,target_loss,mask_382e0bf880e4af69,5,n_heads_05,0.04062901359749094,0.04062901359749094
exploratory_post_outcome_not_confirmatory,mean_effect,count_additive,160,candidate_pool_06,1.0,cost_aware,mask_382e0bf880e4af69,5,n_heads_05,0.04062901359749094,0.14062901359749094
exploratory_post_outcome_not_confirmatory,mean_effect,count_additive,160,candidate_pool_06,1.5,target_loss,mask_c22a533faf194bc5,7,n_heads_07,0.15216247543259298,0.15216247543259298
exploratory_post_outcome_not_confirmatory,mean_effect,count_additive,160,candidate_pool_06,1.5,cost_aware,mask_c22a533faf194bc5,7,n_heads_07,0.15216247543259298,0.292162475432593
exploratory_post_outcome_not_confirmatory,mean_effect,count_additive,160,candidate_pool_07,0.5,target_loss,mask_9401c6bc69ed4d22,10,n_heads_10,0.10595097375181711,0.10595097375181711
exploratory_post_outcome_not_confirmatory,mean_effect,count_additive,160,candidate_pool_07,0.5,cost_aware,mask_9401c6bc69ed4d22,10,n_heads_10,0.10595097375181711,0.3059509737518171
exploratory_post_outcome_not_confirmatory,mean_effect,count_additive,160,candidate_pool_07,1.0,target_loss,mask_21e5e4333c6fc40a,6,n_heads_06,0.0047043950175631455,0.0047043950175631455
exploratory_post_outcome_not_confirmatory,mean_effect,count_additive,160,candidate_pool_07,1.0,cost_aware,mask_21e5e4333c6fc40a,6,n_heads_06,0.0047043950175631455,0.12470439501756314
exploratory_post_outcome_not_confirmatory,mean_effect,count_additive,160,candidate_pool_07,1.5,target_loss,mask_83fe021aaca96bf0,5,n_heads_05,0.0777574581032523,0.0777574581032523
exploratory_post_outcome_not_confirmatory,mean_effect,count_additive,160,candidate_pool_07,1.5,cost_aware,mask_83fe021aaca96bf0,5,n_heads_05,0.0777574581032523,0.1777574581032523
exploratory_post_outcome_not_confirmatory,mean_effect,count_additive,160,candidate_pool_08,0.5,target_loss,mask_bda88699e1e7badf,7,n_heads_07,0.03128050339651911,0.03128050339651911
exploratory_post_outcome_not_confirmatory,mean_effect,count_additive,160,candidate_pool_08,0.5,cost_aware,mask_bda88699e1e7badf,7,n_heads_07,0.03128050339651911,0.17128050339651912
exploratory_post_outcome_not_confirmatory,mean_effect,count_additive,160,candidate_pool_08,1.0,target_loss,mask_aebcbcf7f67000e0,9,n_heads_09,0.04986058619498723,0.04986058619498723
exploratory_post_outcome_not_confirmatory,mean_effect,count_additive,160,candidate_pool_08,1.0,cost_aware,mask_77740b198a0b3a94,6,n_heads_06,0.0933146759668646,0.2133146759668646
exploratory_post_outcome_not_confirmatory,mean_effect,count_additive,160,candidate_pool_08,1.5,target_loss,mask_1ee94a6fab0d1183,8,n_heads_08,0.1305566682148962,0.1305566682148962
exploratory_post_outcome_not_confirmatory,mean_effect,count_additive,160,candidate_pool_08,1.5,cost_aware,mask_1ee94a6fab0d1183,8,n_heads_08,0.1305566682148962,0.29055666821489623
exploratory_post_outcome_not_confirmatory,mean_effect,count_additive,160,candidate_pool_09,0.5,target_loss,mask_a3021efcfb81527e,5,n_heads_05,0.03305826277646018,0.03305826277646018
exploratory_post_outcome_not_confirmatory,mean_effect,count_additive,160,candidate_pool_09,0.5,cost_aware,mask_a3021efcfb81527e,5,n_heads_05,0.03305826277646018,0.13305826277646018
exploratory_post_outcome_not_confirmatory,mean_effect,count_additive,160,candidate_pool_09,1.0,target_loss,mask_6000c95aa8146da6,7,n_heads_07,0.06476062535211924,0.06476062535211924
exploratory_post_outcome_not_confirmatory,mean_effect,count_additive,160,candidate_pool_09,1.0,cost_aware,mask_6000c95aa8146da6,7,n_heads_07,0.06476062535211924,0.20476062535211925
exploratory_post_outcome_not_confirmatory,mean_effect,count_additive,160,candidate_pool_09,1.5,target_loss,mask_527fb4485b283af0,10,n_heads_10,0.01342413324011349,0.01342413324011349
exploratory_post_outcome_not_confirmatory,mean_effect,count_additive,160,candidate_pool_09,1.5,cost_aware,mask_ea7ded36b0b6aa15,8,n_heads_08,0.05129266640245511,0.21129266640245511
exploratory_post_outcome_not_confirmatory,mean_effect,count_plus_PE_bin4,20,candidate_pool_00,0.5,target_loss,mask_818493500a9903d5,10,n_heads_10,0.18840614441279713,0.18840614441279713
exploratory_post_outcome_not_confirmatory,mean_effect,count_plus_PE_bin4,20,candidate_pool_00,0.5,cost_aware,mask_818493500a9903d5,10,n_heads_10,0.18840614441279713,0.38840614441279714
exploratory_post_outcome_not_confirmatory,mean_effect,count_plus_PE_bin4,20,candidate_pool_00,1.0,target_loss,mask_502a955fb93e65d9,8,n_heads_08,0.046401553285083996,0.046401553285083996
exploratory_post_outcome_not_confirmatory,mean_effect,count_plus_PE_bin4,20,candidate_pool_00,1.0,cost_aware,mask_502a955fb93e65d9,8,n_heads_08,0.046401553285083996,0.206401553285084
exploratory_post_outcome_not_confirmatory,mean_effect,count_plus_PE_bin4,20,candidate_pool_00,1.5,target_loss,mask_af608dfaba891fc2,9,n_heads_09,0.26327516950899565,0.26327516950899565
exploratory_post_outcome_not_confirmatory,mean_effect,count_plus_PE_bin4,20,candidate_pool_00,1.5,cost_aware,mask_af608dfaba891fc2,9,n_heads_09,0.26327516950899565,0.44327516950899565
exploratory_post_outcome_not_confirmatory,mean_effect,count_plus_PE_bin4,20,candidate_pool_01,0.5,target_loss,mask_261f2ebd1f8a4eaa,5,n_heads_05,0.08183853675807218,0.08183853675807218
exploratory_post_outcome_not_confirmatory,mean_effect,count_plus_PE_bin4,20,candidate_pool_01,0.5,cost_aware,mask_261f2ebd1f8a4eaa,5,n_heads_05,0.08183853675807218,0.18183853675807218
exploratory_post_outcome_not_confirmatory,mean_effect,count_plus_PE_bin4,20,candidate_pool_01,1.0,target_loss,mask_625dbe9e05728352,8,n_heads_08,0.2630150726617828,0.2630150726617828
exploratory_post_outcome_not_confirmatory,mean_effect,count_plus_PE_bin4,20,candidate_pool_01,1.0,cost_aware,mask_625dbe9e05728352,8,n_heads_08,0.2630150726617828,0.42301507266178284
exploratory_post_outcome_not_confirmatory,mean_effect,count_plus_PE_bin4,20,candidate_pool_01,1.5,target_loss,mask_392b59cd4fb2c2ba,8,n_heads_08,0.1911075364886361,0.1911075364886361
exploratory_post_outcome_not_confirmatory,mean_effect,count_plus_PE_bin4,20,candidate_pool_01,1.5,cost_aware,mask_392b59cd4fb2c2ba,8,n_heads_08,0.1911075364886361,0.35110753648863613
exploratory_post_outcome_not_confirmatory,mean_effect,count_plus_PE_bin4,20,candidate_pool_02,0.5,target_loss,mask_d0336d7c13e3ff56,10,n_heads_10,0.07167640625026178,0.07167640625026178
exploratory_post_outcome_not_confirmatory,mean_effect,count_plus_PE_bin4,20,candidate_pool_02,0.5,cost_aware,mask_d0336d7c13e3ff56,10,n_heads_10,0.07167640625026178,0.2716764062502618
exploratory_post_outcome_not_confirmatory,mean_effect,count_plus_PE_bin4,20,candidate_pool_02,1.0,target_loss,mask_267196af5474f7ae,8,n_heads_08,0.09279168189700682,0.09279168189700682
exploratory_post_outcome_not_confirmatory,mean_effect,count_plus_PE_bin4,20,candidate_pool_02,1.0,cost_aware,mask_267196af5474f7ae,8,n_heads_08,0.09279168189700682,0.25279168189700685
exploratory_post_outcome_not_confirmatory,mean_effect,count_plus_PE_bin4,20,candidate_pool_02,1.5,target_loss,mask_1d9e3422b50673a4,10,n_heads_10,0.37326730536749264,0.37326730536749264
exploratory_post_outcome_not_confirmatory,mean_effect,count_plus_PE_bin4,20,candidate_pool_02,1.5,cost_aware,mask_1d9e3422b50673a4,10,n_heads_10,0.37326730536749264,0.5732673053674926
exploratory_post_outcome_not_confirmatory,mean_effect,count_plus_PE_bin4,20,candidate_pool_03,0.5,target_loss,mask_f22d93db3ad45aa7,10,n_heads_10,0.10413145482326835,0.10413145482326835
exploratory_post_outcome_not_confirmatory,mean_effect,count_plus_PE_bin4,20,candidate_pool_03,0.5,cost_aware,mask_b0a4335ce26e22f0,4,n_heads_04,0.1526678746592055,0.23266787465920552
exploratory_post_outcome_not_confirmatory,mean_effect,count_plus_PE_bin4,20,candidate_pool_03,1.0,target_loss,mask_510a1a5f1a6a36a9,9,n_heads_09,0.05235307868122441,0.05235307868122441
exploratory_post_outcome_not_confirmatory,mean_effect,count_plus_PE_bin4,20,candidate_pool_03,1.0,cost_aware,mask_510a1a5f1a6a36a9,9,n_heads_09,0.05235307868122441,0.2323530786812244
exploratory_post_outcome_not_confirmatory,mean_effect,count_plus_PE_bin4,20,candidate_pool_03,1.5,target_loss,mask_dc6c2cd7cadbb670,7,n_heads_07,0.2444677754771447,0.2444677754771447
exploratory_post_outcome_not_confirmatory,mean_effect,count_plus_PE_bin4,20,candidate_pool_03,1.5,cost_aware,mask_dc6c2cd7cadbb670,7,n_heads_07,0.2444677754771447,0.3844677754771447
exploratory_post_outcome_not_confirmatory,mean_effect,count_plus_PE_bin4,20,candidate_pool_04,0.5,target_loss,mask_e3d966acffab63d3,9,n_heads_09,0.2538137753410709,0.2538137753410709
exploratory_post_outcome_not_confirmatory,mean_effect,count_plus_PE_bin4,20,candidate_pool_04,0.5,cost_aware,mask_e3d966acffab63d3,9,n_heads_09,0.2538137753410709,0.4338137753410709
exploratory_post_outcome_not_confirmatory,mean_effect,count_plus_PE_bin4,20,candidate_pool_04,1.0,target_loss,mask_e3d966acffab63d3,9,n_heads_09,0.753813775341071,0.753813775341071
exploratory_post_outcome_not_confirmatory,mean_effect,count_plus_PE_bin4,20,candidate_pool_04,1.0,cost_aware,mask_e3d966acffab63d3,9,n_heads_09,0.753813775341071,0.9338137753410709
exploratory_post_outcome_not_confirmatory,mean_effect,count_plus_PE_bin4,20,candidate_pool_04,1.5,target_loss,mask_93f84412f1b2de39,7,n_heads_07,0.6323503954322764,0.6323503954322764
exploratory_post_outcome_not_confirmatory,mean_effect,count_plus_PE_bin4,20,candidate_pool_04,1.5,cost_aware,mask_93f84412f1b2de39,7,n_heads_07,0.6323503954322764,0.7723503954322765
exploratory_post_outcome_not_confirmatory,mean_effect,count_plus_PE_bin4,20,candidate_pool_05,0.5,target_loss,mask_de24099fc59a002a,4,n_heads_04,0.05404122870315198,0.05404122870315198
exploratory_post_outcome_not_confirmatory,mean_effect,count_plus_PE_bin4,20,candidate_pool_05,0.5,cost_aware,mask_de24099fc59a002a,4,n_heads_04,0.05404122870315198,0.134041228703152
exploratory_post_outcome_not_confirmatory,mean_effect,count_plus_PE_bin4,20,candidate_pool_05,1.0,target_loss,mask_111b2c86496d6209,10,n_heads_10,0.13578599451367268,0.13578599451367268
exploratory_post_outcome_not_confirmatory,mean_effect,count_plus_PE_bin4,20,candidate_pool_05,1.0,cost_aware,mask_111b2c86496d6209,10,n_heads_10,0.13578599451367268,0.3357859945136727
exploratory_post_outcome_not_confirmatory,mean_effect,count_plus_PE_bin4,20,candidate_pool_05,1.5,target_loss,mask_111b2c86496d6209,10,n_heads_10,0.6357859945136727,0.6357859945136727
exploratory_post_outcome_not_confirmatory,mean_effect,count_plus_PE_bin4,20,candidate_pool_05,1.5,cost_aware,mask_111b2c86496d6209,10,n_heads_10,0.6357859945136727,0.8357859945136727
exploratory_post_outcome_not_confirmatory,mean_effect,count_plus_PE_bin4,20,candidate_pool_06,0.5,target_loss,mask_a63bdf91a6b6b869,8,n_heads_08,0.015383557559883188,0.015383557559883188
exploratory_post_outcome_not_confirmatory,mean_effect,count_plus_PE_bin4,20,candidate_pool_06,0.5,cost_aware,mask_a63bdf91a6b6b869,8,n_heads_08,0.015383557559883188,0.1753835575598832
exploratory_post_outcome_not_confirmatory,mean_effect,count_plus_PE_bin4,20,candidate_pool_06,1.0,target_loss,mask_a63bdf91a6b6b869,8,n_heads_08,0.4846164424401168,0.4846164424401168
exploratory_post_outcome_not_confirmatory,mean_effect,count_plus_PE_bin4,20,candidate_pool_06,1.0,cost_aware,mask_a63bdf91a6b6b869,8,n_heads_08,0.4846164424401168,0.6446164424401168
exploratory_post_outcome_not_confirmatory,mean_effect,count_plus_PE_bin4,20,candidate_pool_06,1.5,target_loss,mask_5bf7af84e459f7ba,10,n_heads_10,0.14373995565782338,0.14373995565782338
exploratory_post_outcome_not_confirmatory,mean_effect,count_plus_PE_bin4,20,candidate_pool_06,1.5,cost_aware,mask_5bf7af84e459f7ba,10,n_heads_10,0.14373995565782338,0.3437399556578234
exploratory_post_outcome_not_confirmatory,mean_effect,count_plus_PE_bin4,20,candidate_pool_07,0.5,target_loss,mask_83fe021aaca96bf0,5,n_heads_05,0.011559102621559514,0.011559102621559514
exploratory_post_outcome_not_confirmatory,mean_effect,count_plus_PE_bin4,20,candidate_pool_07,0.5,cost_aware,mask_73324c4014b4a4c2,4,n_heads_04,0.025132686395180792,0.1051326863951808
exploratory_post_outcome_not_confirmatory,mean_effect,count_plus_PE_bin4,20,candidate_pool_07,1.0,target_loss,mask_57d082e10f160b56,8,n_heads_08,0.17065036679064582,0.17065036679064582
exploratory_post_outcome_not_confirmatory,mean_effect,count_plus_PE_bin4,20,candidate_pool_07,1.0,cost_aware,mask_57d082e10f160b56,8,n_heads_08,0.17065036679064582,0.33065036679064586
exploratory_post_outcome_not_confirmatory,mean_effect,count_plus_PE_bin4,20,candidate_pool_07,1.5,target_loss,mask_d43daec0a2f27dc1,8,n_heads_08,0.5283400372157896,0.5283400372157896
exploratory_post_outcome_not_confirmatory,mean_effect,count_plus_PE_bin4,20,candidate_pool_07,1.5,cost_aware,mask_d43daec0a2f27dc1,8,n_heads_08,0.5283400372157896,0.6883400372157896
exploratory_post_outcome_not_confirmatory,mean_effect,count_plus_PE_bin4,20,candidate_pool_08,0.5,target_loss,mask_6fc70a100d0a8ba1,7,n_heads_07,0.23970908326829088,0.23970908326829088
exploratory_post_outcome_not_confirmatory,mean_effect,count_plus_PE_bin4,20,candidate_pool_08,0.5,cost_aware,mask_6fc70a100d0a8ba1,7,n_heads_07,0.23970908326829088,0.3797090832682909
exploratory_post_outcome_not_confirmatory,mean_effect,count_plus_PE_bin4,20,candidate_pool_08,1.0,target_loss,mask_fc5299efb847cbc8,5,n_heads_05,0.1932914384813771,0.1932914384813771
exploratory_post_outcome_not_confirmatory,mean_effect,count_plus_PE_bin4,20,candidate_pool_08,1.0,cost_aware,mask_fc5299efb847cbc8,5,n_heads_05,0.1932914384813771,0.29329143848137706
exploratory_post_outcome_not_confirmatory,mean_effect,count_plus_PE_bin4,20,candidate_pool_08,1.5,target_loss,mask_03ced2f511e0a2f2,10,n_heads_10,0.10662564861546087,0.10662564861546087
exploratory_post_outcome_not_confirmatory,mean_effect,count_plus_PE_bin4,20,candidate_pool_08,1.5,cost_aware,mask_03ced2f511e0a2f2,10,n_heads_10,0.10662564861546087,0.3066256486154609
exploratory_post_outcome_not_confirmatory,mean_effect,count_plus_PE_bin4,20,candidate_pool_09,0.5,target_loss,mask_3f221e71d8f4c4eb,9,n_heads_09,0.21837018567611172,0.21837018567611172
exploratory_post_outcome_not_confirmatory,mean_effect,count_plus_PE_bin4,20,candidate_pool_09,0.5,cost_aware,mask_3f221e71d8f4c4eb,9,n_heads_09,0.21837018567611172,0.3983701856761117
exploratory_post_outcome_not_confirmatory,mean_effect,count_plus_PE_bin4,20,candidate_pool_09,1.0,target_loss,mask_4be83a97da997236,8,n_heads_08,0.11455927193617166,0.11455927193617166
exploratory_post_outcome_not_confirmatory,mean_effect,count_plus_PE_bin4,20,candidate_pool_09,1.0,cost_aware,mask_4be83a97da997236,8,n_heads_08,0.11455927193617166,0.2745592719361717
exploratory_post_outcome_not_confirmatory,mean_effect,count_plus_PE_bin4,20,candidate_pool_09,1.5,target_loss,mask_527fb4485b283af0,10,n_heads_10,0.026983116257876194,0.026983116257876194
exploratory_post_outcome_not_confirmatory,mean_effect,count_plus_PE_bin4,20,candidate_pool_09,1.5,cost_aware,mask_527fb4485b283af0,10,n_heads_10,0.026983116257876194,0.2269831162578762
exploratory_post_outcome_not_confirmatory,mean_effect,count_plus_PE_bin4,40,candidate_pool_00,0.5,target_loss,mask_b611eb15c1cbe033,4,n_heads_04,0.036717169512983094,0.036717169512983094
exploratory_post_outcome_not_confirmatory,mean_effect,count_plus_PE_bin4,40,candidate_pool_00,0.5,cost_aware,mask_b611eb15c1cbe033,4,n_heads_04,0.036717169512983094,0.1167171695129831
exploratory_post_outcome_not_confirmatory,mean_effect,count_plus_PE_bin4,40,candidate_pool_00,1.0,target_loss,mask_b55f4fdddb0ed7df,7,n_heads_07,0.012883089867602893,0.012883089867602893
exploratory_post_outcome_not_confirmatory,mean_effect,count_plus_PE_bin4,40,candidate_pool_00,1.0,cost_aware,mask_b55f4fdddb0ed7df,7,n_heads_07,0.012883089867602893,0.1528830898676029
exploratory_post_outcome_not_confirmatory,mean_effect,count_plus_PE_bin4,40,candidate_pool_00,1.5,target_loss,mask_ffe0389c017216d1,4,n_heads_04,0.2738953641146975,0.2738953641146975
exploratory_post_outcome_not_confirmatory,mean_effect,count_plus_PE_bin4,40,candidate_pool_00,1.5,cost_aware,mask_ffe0389c017216d1,4,n_heads_04,0.2738953641146975,0.3538953641146975
exploratory_post_outcome_not_confirmatory,mean_effect,count_plus_PE_bin4,40,candidate_pool_01,0.5,target_loss,mask_261f2ebd1f8a4eaa,5,n_heads_05,0.007383693994698737,0.007383693994698737
exploratory_post_outcome_not_confirmatory,mean_effect,count_plus_PE_bin4,40,candidate_pool_01,0.5,cost_aware,mask_261f2ebd1f8a4eaa,5,n_heads_05,0.007383693994698737,0.10738369399469874
exploratory_post_outcome_not_confirmatory,mean_effect,count_plus_PE_bin4,40,candidate_pool_01,1.0,target_loss,mask_88feb37e4997bcb0,7,n_heads_07,0.011185516861103695,0.011185516861103695
exploratory_post_outcome_not_confirmatory,mean_effect,count_plus_PE_bin4,40,candidate_pool_01,1.0,cost_aware,mask_88feb37e4997bcb0,7,n_heads_07,0.011185516861103695,0.1511855168611037
exploratory_post_outcome_not_confirmatory,mean_effect,count_plus_PE_bin4,40,candidate_pool_01,1.5,target_loss,mask_304d12adafdb81c3,6,n_heads_06,0.07561168692797837,0.07561168692797837
exploratory_post_outcome_not_confirmatory,mean_effect,count_plus_PE_bin4,40,candidate_pool_01,1.5,cost_aware,mask_304d12adafdb81c3,6,n_heads_06,0.07561168692797837,0.19561168692797837
exploratory_post_outcome_not_confirmatory,mean_effect,count_plus_PE_bin4,40,candidate_pool_02,0.5,target_loss,mask_4069015a4c8c7628,4,n_heads_04,0.0269055682515838,0.0269055682515838
exploratory_post_outcome_not_confirmatory,mean_effect,count_plus_PE_bin4,40,candidate_pool_02,0.5,cost_aware,mask_4069015a4c8c7628,4,n_heads_04,0.0269055682515838,0.1069055682515838
exploratory_post_outcome_not_confirmatory,mean_effect,count_plus_PE_bin4,40,candidate_pool_02,1.0,target_loss,mask_3c9ed4cc352cbb27,5,n_heads_05,0.028857000044189562,0.028857000044189562
exploratory_post_outcome_not_confirmatory,mean_effect,count_plus_PE_bin4,40,candidate_pool_02,1.0,cost_aware,mask_3c9ed4cc352cbb27,5,n_heads_05,0.028857000044189562,0.12885700004418957
exploratory_post_outcome_not_confirmatory,mean_effect,count_plus_PE_bin4,40,candidate_pool_02,1.5,target_loss,mask_a0046e43df20ac57,5,n_heads_05,0.09191033315542718,0.09191033315542718
exploratory_post_outcome_not_confirmatory,mean_effect,count_plus_PE_bin4,40,candidate_pool_02,1.5,cost_aware,mask_a0046e43df20ac57,5,n_heads_05,0.09191033315542718,0.1919103331554272
exploratory_post_outcome_not_confirmatory,mean_effect,count_plus_PE_bin4,40,candidate_pool_03,0.5,target_loss,mask_2b83958421bb5cda,9,n_heads_09,0.039507801904179685,0.039507801904179685
exploratory_post_outcome_not_confirmatory,mean_effect,count_plus_PE_bin4,40,candidate_pool_03,0.5,cost_aware,mask_2b83958421bb5cda,9,n_heads_09,0.039507801904179685,0.21950780190417968
exploratory_post_outcome_not_confirmatory,mean_effect,count_plus_PE_bin4,40,candidate_pool_03,1.0,target_loss,mask_a1eb01e7a7c4e9be,6,n_heads_06,0.11251027057952911,0.11251027057952911
exploratory_post_outcome_not_confirmatory,mean_effect,count_plus_PE_bin4,40,candidate_pool_03,1.0,cost_aware,mask_a1eb01e7a7c4e9be,6,n_heads_06,0.11251027057952911,0.2325102705795291
exploratory_post_outcome_not_confirmatory,mean_effect,count_plus_PE_bin4,40,candidate_pool_03,1.5,target_loss,mask_5b90a18db67578c0,5,n_heads_05,0.03966594195416562,0.03966594195416562
exploratory_post_outcome_not_confirmatory,mean_effect,count_plus_PE_bin4,40,candidate_pool_03,1.5,cost_aware,mask_5b90a18db67578c0,5,n_heads_05,0.03966594195416562,0.13966594195416562
exploratory_post_outcome_not_confirmatory,mean_effect,count_plus_PE_bin4,40,candidate_pool_04,0.5,target_loss,mask_dc190fdfa9807171,10,n_heads_10,0.03812917700792873,0.03812917700792873
exploratory_post_outcome_not_confirmatory,mean_effect,count_plus_PE_bin4,40,candidate_pool_04,0.5,cost_aware,mask_8831b2c38466a549,7,n_heads_07,0.041210929183117306,0.18121092918311732
exploratory_post_outcome_not_confirmatory,mean_effect,count_plus_PE_bin4,40,candidate_pool_04,1.0,target_loss,mask_23526c3b8294fcb7,9,n_heads_09,0.00940824944757579,0.00940824944757579
exploratory_post_outcome_not_confirmatory,mean_effect,count_plus_PE_bin4,40,candidate_pool_04,1.0,cost_aware,mask_d1786933297085c0,4,n_heads_04,0.06037185546683399,0.140371855466834
exploratory_post_outcome_not_confirmatory,mean_effect,count_plus_PE_bin4,40,candidate_pool_04,1.5,target_loss,mask_6d2e3876c8f68db8,9,n_heads_09,0.24942913696454716,0.24942913696454716
exploratory_post_outcome_not_confirmatory,mean_effect,count_plus_PE_bin4,40,candidate_pool_04,1.5,cost_aware,mask_ee5fb6904843b482,6,n_heads_06,0.25583517709448156,0.37583517709448155
exploratory_post_outcome_not_confirmatory,mean_effect,count_plus_PE_bin4,40,candidate_pool_05,0.5,target_loss,mask_22c097f7c153bb13,9,n_heads_09,0.026788430502083127,0.026788430502083127
exploratory_post_outcome_not_confirmatory,mean_effect,count_plus_PE_bin4,40,candidate_pool_05,0.5,cost_aware,mask_f0bc7dbe5565770b,5,n_heads_05,0.04630535769413291,0.14630535769413291
exploratory_post_outcome_not_confirmatory,mean_effect,count_plus_PE_bin4,40,candidate_pool_05,1.0,target_loss,mask_f5d21a1898de9318,7,n_heads_07,0.01176299887933363,0.01176299887933363
exploratory_post_outcome_not_confirmatory,mean_effect,count_plus_PE_bin4,40,candidate_pool_05,1.0,cost_aware,mask_f5d21a1898de9318,7,n_heads_07,0.01176299887933363,0.15176299887933364
exploratory_post_outcome_not_confirmatory,mean_effect,count_plus_PE_bin4,40,candidate_pool_05,1.5,target_loss,mask_290a3cb1caf906c3,10,n_heads_10,0.09491892267874502,0.09491892267874502
exploratory_post_outcome_not_confirmatory,mean_effect,count_plus_PE_bin4,40,candidate_pool_05,1.5,cost_aware,mask_290a3cb1caf906c3,10,n_heads_10,0.09491892267874502,0.29491892267874503
exploratory_post_outcome_not_confirmatory,mean_effect,count_plus_PE_bin4,40,candidate_pool_06,0.5,target_loss,mask_c9523b88300a64c5,4,n_heads_04,0.08050837486349649,0.08050837486349649
exploratory_post_outcome_not_confirmatory,mean_effect,count_plus_PE_bin4,40,candidate_pool_06,0.5,cost_aware,mask_c9523b88300a64c5,4,n_heads_04,0.08050837486349649,0.1605083748634965
exploratory_post_outcome_not_confirmatory,mean_effect,count_plus_PE_bin4,40,candidate_pool_06,1.0,target_loss,mask_0cbfd8c3e3987d54,5,n_heads_05,0.023143843879987358,0.023143843879987358
exploratory_post_outcome_not_confirmatory,mean_effect,count_plus_PE_bin4,40,candidate_pool_06,1.0,cost_aware,mask_0cbfd8c3e3987d54,5,n_heads_05,0.023143843879987358,0.12314384387998736
exploratory_post_outcome_not_confirmatory,mean_effect,count_plus_PE_bin4,40,candidate_pool_06,1.5,target_loss,mask_bcf00f575657ab57,7,n_heads_07,0.18732383957243703,0.18732383957243703
exploratory_post_outcome_not_confirmatory,mean_effect,count_plus_PE_bin4,40,candidate_pool_06,1.5,cost_aware,mask_bcf00f575657ab57,7,n_heads_07,0.18732383957243703,0.32732383957243705
exploratory_post_outcome_not_confirmatory,mean_effect,count_plus_PE_bin4,40,candidate_pool_07,0.5,target_loss,mask_9401c6bc69ed4d22,10,n_heads_10,0.0025450450162011196,0.0025450450162011196
exploratory_post_outcome_not_confirmatory,mean_effect,count_plus_PE_bin4,40,candidate_pool_07,0.5,cost_aware,mask_dcead7d80876d41f,9,n_heads_09,0.014817040263791825,0.19481704026379182
exploratory_post_outcome_not_confirmatory,mean_effect,count_plus_PE_bin4,40,candidate_pool_07,1.0,target_loss,mask_c4774bd021c06295,7,n_heads_07,0.10982539281186599,0.10982539281186599
exploratory_post_outcome_not_confirmatory,mean_effect,count_plus_PE_bin4,40,candidate_pool_07,1.0,cost_aware,mask_6c3e3315afb6fb8c,4,n_heads_04,0.1521209146834075,0.2321209146834075
exploratory_post_outcome_not_confirmatory,mean_effect,count_plus_PE_bin4,40,candidate_pool_07,1.5,target_loss,mask_c9688ac3f4d96cac,5,n_heads_05,0.07452538707273337,0.07452538707273337
exploratory_post_outcome_not_confirmatory,mean_effect,count_plus_PE_bin4,40,candidate_pool_07,1.5,cost_aware,mask_c9688ac3f4d96cac,5,n_heads_05,0.07452538707273337,0.17452538707273338
exploratory_post_outcome_not_confirmatory,mean_effect,count_plus_PE_bin4,40,candidate_pool_08,0.5,target_loss,mask_b817da3d090a7941,10,n_heads_10,0.04269362538486299,0.04269362538486299
exploratory_post_outcome_not_confirmatory,mean_effect,count_plus_PE_bin4,40,candidate_pool_08,0.5,cost_aware,mask_d71fb8f090c52558,4,n_heads_04,0.08077855069035589,0.1607785506903559
exploratory_post_outcome_not_confirmatory,mean_effect,count_plus_PE_bin4,40,candidate_pool_08,1.0,target_loss,mask_7653a500a201847f,6,n_heads_06,0.035569010419474356,0.035569010419474356
exploratory_post_outcome_not_confirmatory,mean_effect,count_plus_PE_bin4,40,candidate_pool_08,1.0,cost_aware,mask_7653a500a201847f,6,n_heads_06,0.035569010419474356,0.15556901041947435
exploratory_post_outcome_not_confirmatory,mean_effect,count_plus_PE_bin4,40,candidate_pool_08,1.5,target_loss,mask_77740b198a0b3a94,6,n_heads_06,0.015588352840512298,0.015588352840512298
exploratory_post_outcome_not_confirmatory,mean_effect,count_plus_PE_bin4,40,candidate_pool_08,1.5,cost_aware,mask_77740b198a0b3a94,6,n_heads_06,0.015588352840512298,0.1355883528405123
exploratory_post_outcome_not_confirmatory,mean_effect,count_plus_PE_bin4,40,candidate_pool_09,0.5,target_loss,mask_4be83a97da997236,8,n_heads_08,0.16407652962564723,0.16407652962564723
exploratory_post_outcome_not_confirmatory,mean_effect,count_plus_PE_bin4,40,candidate_pool_09,0.5,cost_aware,mask_be69d0111bfe63f7,7,n_heads_07,0.16665873371473028,0.3066587337147303
exploratory_post_outcome_not_confirmatory,mean_effect,count_plus_PE_bin4,40,candidate_pool_09,1.0,target_loss,mask_c5654b277c578f3e,9,n_heads_09,0.14098452455716837,0.14098452455716837
exploratory_post_outcome_not_confirmatory,mean_effect,count_plus_PE_bin4,40,candidate_pool_09,1.0,cost_aware,mask_6c66643ec3bf086c,6,n_heads_06,0.19084541101529684,0.31084541101529684
exploratory_post_outcome_not_confirmatory,mean_effect,count_plus_PE_bin4,40,candidate_pool_09,1.5,target_loss,mask_ea7ded36b0b6aa15,8,n_heads_08,0.01077900605602422,0.01077900605602422
exploratory_post_outcome_not_confirmatory,mean_effect,count_plus_PE_bin4,40,candidate_pool_09,1.5,cost_aware,mask_ea7ded36b0b6aa15,8,n_heads_08,0.01077900605602422,0.17077900605602422
exploratory_post_outcome_not_confirmatory,mean_effect,count_plus_PE_bin4,80,candidate_pool_00,0.5,target_loss,mask_af608dfaba891fc2,9,n_heads_09,0.05392424551163427,0.05392424551163427
exploratory_post_outcome_not_confirmatory,mean_effect,count_plus_PE_bin4,80,candidate_pool_00,0.5,cost_aware,mask_af608dfaba891fc2,9,n_heads_09,0.05392424551163427,0.23392424551163427
exploratory_post_outcome_not_confirmatory,mean_effect,count_plus_PE_bin4,80,candidate_pool_00,1.0,target_loss,mask_a096a397a7d70275,7,n_heads_07,0.019802202752704945,0.019802202752704945
exploratory_post_outcome_not_confirmatory,mean_effect,count_plus_PE_bin4,80,candidate_pool_00,1.0,cost_aware,mask_a096a397a7d70275,7,n_heads_07,0.019802202752704945,0.15980220275270496
exploratory_post_outcome_not_confirmatory,mean_effect,count_plus_PE_bin4,80,candidate_pool_00,1.5,target_loss,mask_153f1c2a9e066490,6,n_heads_06,0.08497014456626717,0.08497014456626717
exploratory_post_outcome_not_confirmatory,mean_effect,count_plus_PE_bin4,80,candidate_pool_00,1.5,cost_aware,mask_153f1c2a9e066490,6,n_heads_06,0.08497014456626717,0.20497014456626717
exploratory_post_outcome_not_confirmatory,mean_effect,count_plus_PE_bin4,80,candidate_pool_01,0.5,target_loss,mask_f78efa18c25e46d0,5,n_heads_05,0.05219567614105591,0.05219567614105591
exploratory_post_outcome_not_confirmatory,mean_effect,count_plus_PE_bin4,80,candidate_pool_01,0.5,cost_aware,mask_f78efa18c25e46d0,5,n_heads_05,0.05219567614105591,0.15219567614105592
exploratory_post_outcome_not_confirmatory,mean_effect,count_plus_PE_bin4,80,candidate_pool_01,1.0,target_loss,mask_16dc2167f216f5a8,5,n_heads_05,0.023176887679718816,0.023176887679718816
exploratory_post_outcome_not_confirmatory,mean_effect,count_plus_PE_bin4,80,candidate_pool_01,1.0,cost_aware,mask_16dc2167f216f5a8,5,n_heads_05,0.023176887679718816,0.12317688767971882
exploratory_post_outcome_not_confirmatory,mean_effect,count_plus_PE_bin4,80,candidate_pool_01,1.5,target_loss,mask_261f2ebd1f8a4eaa,5,n_heads_05,0.10038191388849049,0.10038191388849049
exploratory_post_outcome_not_confirmatory,mean_effect,count_plus_PE_bin4,80,candidate_pool_01,1.5,cost_aware,mask_261f2ebd1f8a4eaa,5,n_heads_05,0.10038191388849049,0.2003819138884905
exploratory_post_outcome_not_confirmatory,mean_effect,count_plus_PE_bin4,80,candidate_pool_02,0.5,target_loss,mask_1d9e3422b50673a4,10,n_heads_10,0.012952564948681689,0.012952564948681689
exploratory_post_outcome_not_confirmatory,mean_effect,count_plus_PE_bin4,80,candidate_pool_02,0.5,cost_aware,mask_318be3c54bb72e0d,6,n_heads_06,0.026134028162556944,0.14613402816255694
exploratory_post_outcome_not_confirmatory,mean_effect,count_plus_PE_bin4,80,candidate_pool_02,1.0,target_loss,mask_d2f4c8c3a0e382c0,6,n_heads_06,0.006293884814405404,0.006293884814405404
exploratory_post_outcome_not_confirmatory,mean_effect,count_plus_PE_bin4,80,candidate_pool_02,1.0,cost_aware,mask_d2f4c8c3a0e382c0,6,n_heads_06,0.006293884814405404,0.1262938848144054
exploratory_post_outcome_not_confirmatory,mean_effect,count_plus_PE_bin4,80,candidate_pool_02,1.5,target_loss,mask_053a16108482e172,6,n_heads_06,0.07094795547504562,0.07094795547504562
exploratory_post_outcome_not_confirmatory,mean_effect,count_plus_PE_bin4,80,candidate_pool_02,1.5,cost_aware,mask_053a16108482e172,6,n_heads_06,0.07094795547504562,0.19094795547504562
exploratory_post_outcome_not_confirmatory,mean_effect,count_plus_PE_bin4,80,candidate_pool_03,0.5,target_loss,mask_a1eb01e7a7c4e9be,6,n_heads_06,0.009897801782394022,0.009897801782394022
exploratory_post_outcome_not_confirmatory,mean_effect,count_plus_PE_bin4,80,candidate_pool_03,0.5,cost_aware,mask_a1eb01e7a7c4e9be,6,n_heads_06,0.009897801782394022,0.12989780178239402
exploratory_post_outcome_not_confirmatory,mean_effect,count_plus_PE_bin4,80,candidate_pool_03,1.0,target_loss,mask_5b90a18db67578c0,5,n_heads_05,0.02181338362036478,0.02181338362036478
exploratory_post_outcome_not_confirmatory,mean_effect,count_plus_PE_bin4,80,candidate_pool_03,1.0,cost_aware,mask_5b90a18db67578c0,5,n_heads_05,0.02181338362036478,0.12181338362036478
exploratory_post_outcome_not_confirmatory,mean_effect,count_plus_PE_bin4,80,candidate_pool_03,1.5,target_loss,mask_0f1c886d2bd569f0,7,n_heads_07,0.267541402625032,0.267541402625032
exploratory_post_outcome_not_confirmatory,mean_effect,count_plus_PE_bin4,80,candidate_pool_03,1.5,cost_aware,mask_0f1c886d2bd569f0,7,n_heads_07,0.267541402625032,0.407541402625032
exploratory_post_outcome_not_confirmatory,mean_effect,count_plus_PE_bin4,80,candidate_pool_04,0.5,target_loss,mask_a70ae2b6886df911,7,n_heads_07,0.13213056363816822,0.13213056363816822
exploratory_post_outcome_not_confirmatory,mean_effect,count_plus_PE_bin4,80,candidate_pool_04,0.5,cost_aware,mask_d1786933297085c0,4,n_heads_04,0.1628118031032013,0.24281180310320133
exploratory_post_outcome_not_confirmatory,mean_effect,count_plus_PE_bin4,80,candidate_pool_04,1.0,target_loss,mask_cafa56ef6c77bde9,10,n_heads_10,0.020783676724708378,0.020783676724708378
exploratory_post_outcome_not_confirmatory,mean_effect,count_plus_PE_bin4,80,candidate_pool_04,1.0,cost_aware,mask_93f84412f1b2de39,7,n_heads_07,0.043487737777980984,0.183487737777981
exploratory_post_outcome_not_confirmatory,mean_effect,count_plus_PE_bin4,80,candidate_pool_04,1.5,target_loss,mask_5d6868f3c7cf99b3,6,n_heads_06,0.14577083954067294,0.14577083954067294
exploratory_post_outcome_not_confirmatory,mean_effect,count_plus_PE_bin4,80,candidate_pool_04,1.5,cost_aware,mask_5d6868f3c7cf99b3,6,n_heads_06,0.14577083954067294,0.26577083954067293
exploratory_post_outcome_not_confirmatory,mean_effect,count_plus_PE_bin4,80,candidate_pool_05,0.5,target_loss,mask_1abd41f1a83adf2a,8,n_heads_08,0.17526753520831428,0.17526753520831428
exploratory_post_outcome_not_confirmatory,mean_effect,count_plus_PE_bin4,80,candidate_pool_05,0.5,cost_aware,mask_8f9a3d833faba0f0,5,n_heads_05,0.1758820193799781,0.27588201937997814
exploratory_post_outcome_not_confirmatory,mean_effect,count_plus_PE_bin4,80,candidate_pool_05,1.0,target_loss,mask_de24099fc59a002a,4,n_heads_04,0.11492671490986073,0.11492671490986073
exploratory_post_outcome_not_confirmatory,mean_effect,count_plus_PE_bin4,80,candidate_pool_05,1.0,cost_aware,mask_de24099fc59a002a,4,n_heads_04,0.11492671490986073,0.19492671490986074
exploratory_post_outcome_not_confirmatory,mean_effect,count_plus_PE_bin4,80,candidate_pool_05,1.5,target_loss,mask_111b2c86496d6209,10,n_heads_10,0.0942747776406776,0.0942747776406776
exploratory_post_outcome_not_confirmatory,mean_effect,count_plus_PE_bin4,80,candidate_pool_05,1.5,cost_aware,mask_111b2c86496d6209,10,n_heads_10,0.0942747776406776,0.2942747776406776
exploratory_post_outcome_not_confirmatory,mean_effect,count_plus_PE_bin4,80,candidate_pool_06,0.5,target_loss,mask_e8682f72515acb06,9,n_heads_09,0.00876527639519531,0.00876527639519531
exploratory_post_outcome_not_confirmatory,mean_effect,count_plus_PE_bin4,80,candidate_pool_06,0.5,cost_aware,mask_382e0bf880e4af69,5,n_heads_05,0.05557440113569534,0.15557440113569534
exploratory_post_outcome_not_confirmatory,mean_effect,count_plus_PE_bin4,80,candidate_pool_06,1.0,target_loss,mask_2322491b9dd809d6,5,n_heads_05,0.006669088269369183,0.006669088269369183
exploratory_post_outcome_not_confirmatory,mean_effect,count_plus_PE_bin4,80,candidate_pool_06,1.0,cost_aware,mask_2322491b9dd809d6,5,n_heads_05,0.006669088269369183,0.10666908826936919
exploratory_post_outcome_not_confirmatory,mean_effect,count_plus_PE_bin4,80,candidate_pool_06,1.5,target_loss,mask_c22a533faf194bc5,7,n_heads_07,0.09705116217822551,0.09705116217822551
exploratory_post_outcome_not_confirmatory,mean_effect,count_plus_PE_bin4,80,candidate_pool_06,1.5,cost_aware,mask_c22a533faf194bc5,7,n_heads_07,0.09705116217822551,0.23705116217822553
exploratory_post_outcome_not_confirmatory,mean_effect,count_plus_PE_bin4,80,candidate_pool_07,0.5,target_loss,mask_db49e87b0dddbc80,7,n_heads_07,0.049455163343263886,0.049455163343263886
exploratory_post_outcome_not_confirmatory,mean_effect,count_plus_PE_bin4,80,candidate_pool_07,0.5,cost_aware,mask_db49e87b0dddbc80,7,n_heads_07,0.049455163343263886,0.1894551633432639
exploratory_post_outcome_not_confirmatory,mean_effect,count_plus_PE_bin4,80,candidate_pool_07,1.0,target_loss,mask_9401c6bc69ed4d22,10,n_heads_10,0.051927146678298786,0.051927146678298786
exploratory_post_outcome_not_confirmatory,mean_effect,count_plus_PE_bin4,80,candidate_pool_07,1.0,cost_aware,mask_9401c6bc69ed4d22,10,n_heads_10,0.051927146678298786,0.2519271466782988
exploratory_post_outcome_not_confirmatory,mean_effect,count_plus_PE_bin4,80,candidate_pool_07,1.5,target_loss,mask_83fe021aaca96bf0,5,n_heads_05,0.11481864527314856,0.11481864527314856
exploratory_post_outcome_not_confirmatory,mean_effect,count_plus_PE_bin4,80,candidate_pool_07,1.5,cost_aware,mask_83fe021aaca96bf0,5,n_heads_05,0.11481864527314856,0.21481864527314856
exploratory_post_outcome_not_confirmatory,mean_effect,count_plus_PE_bin4,80,candidate_pool_08,0.5,target_loss,mask_3fd358a395ddfdd8,7,n_heads_07,0.002363140710628986,0.002363140710628986
exploratory_post_outcome_not_confirmatory,mean_effect,count_plus_PE_bin4,80,candidate_pool_08,0.5,cost_aware,mask_fc5299efb847cbc8,5,n_heads_05,0.006354526463060783,0.10635452646306079
exploratory_post_outcome_not_confirmatory,mean_effect,count_plus_PE_bin4,80,candidate_pool_08,1.0,target_loss,mask_aebcbcf7f67000e0,9,n_heads_09,0.11000362111677453,0.11000362111677453
exploratory_post_outcome_not_confirmatory,mean_effect,count_plus_PE_bin4,80,candidate_pool_08,1.0,cost_aware,mask_a9f1de05a2b5cc89,7,n_heads_07,0.11892699386131778,0.2589269938613178
exploratory_post_outcome_not_confirmatory,mean_effect,count_plus_PE_bin4,80,candidate_pool_08,1.5,target_loss,mask_03ced2f511e0a2f2,10,n_heads_10,0.07975140697693872,0.07975140697693872
exploratory_post_outcome_not_confirmatory,mean_effect,count_plus_PE_bin4,80,candidate_pool_08,1.5,cost_aware,mask_331502b1b3b7fde3,6,n_heads_06,0.08125484203823619,0.20125484203823618
exploratory_post_outcome_not_confirmatory,mean_effect,count_plus_PE_bin4,80,candidate_pool_09,0.5,target_loss,mask_c5654b277c578f3e,9,n_heads_09,0.1832988059508857,0.1832988059508857
exploratory_post_outcome_not_confirmatory,mean_effect,count_plus_PE_bin4,80,candidate_pool_09,0.5,cost_aware,mask_99b322f566a2bc85,6,n_heads_06,0.21193381075981987,0.33193381075981987
exploratory_post_outcome_not_confirmatory,mean_effect,count_plus_PE_bin4,80,candidate_pool_09,1.0,target_loss,mask_6000c95aa8146da6,7,n_heads_07,0.0934304252687157,0.0934304252687157
exploratory_post_outcome_not_confirmatory,mean_effect,count_plus_PE_bin4,80,candidate_pool_09,1.0,cost_aware,mask_6000c95aa8146da6,7,n_heads_07,0.0934304252687157,0.2334304252687157
exploratory_post_outcome_not_confirmatory,mean_effect,count_plus_PE_bin4,80,candidate_pool_09,1.5,target_loss,mask_6c66643ec3bf086c,6,n_heads_06,0.0375860418335765,0.0375860418335765
exploratory_post_outcome_not_confirmatory,mean_effect,count_plus_PE_bin4,80,candidate_pool_09,1.5,cost_aware,mask_6c66643ec3bf086c,6,n_heads_06,0.0375860418335765,0.1575860418335765
exploratory_post_outcome_not_confirmatory,mean_effect,count_plus_PE_bin4,160,candidate_pool_00,0.5,target_loss,mask_ffe0389c017216d1,4,n_heads_04,0.037003811447477775,0.037003811447477775
exploratory_post_outcome_not_confirmatory,mean_effect,count_plus_PE_bin4,160,candidate_pool_00,0.5,cost_aware,mask_ffe0389c017216d1,4,n_heads_04,0.037003811447477775,0.11700381144747778
exploratory_post_outcome_not_confirmatory,mean_effect,count_plus_PE_bin4,160,candidate_pool_00,1.0,target_loss,mask_a096a397a7d70275,7,n_heads_07,0.013239703595636754,0.013239703595636754
exploratory_post_outcome_not_confirmatory,mean_effect,count_plus_PE_bin4,160,candidate_pool_00,1.0,cost_aware,mask_a096a397a7d70275,7,n_heads_07,0.013239703595636754,0.15323970359563677
exploratory_post_outcome_not_confirmatory,mean_effect,count_plus_PE_bin4,160,candidate_pool_00,1.5,target_loss,mask_153f1c2a9e066490,6,n_heads_06,0.0461938915936575,0.0461938915936575
exploratory_post_outcome_not_confirmatory,mean_effect,count_plus_PE_bin4,160,candidate_pool_00,1.5,cost_aware,mask_153f1c2a9e066490,6,n_heads_06,0.0461938915936575,0.1661938915936575
exploratory_post_outcome_not_confirmatory,mean_effect,count_plus_PE_bin4,160,candidate_pool_01,0.5,target_loss,mask_304d12adafdb81c3,6,n_heads_06,0.02358228291305242,0.02358228291305242
exploratory_post_outcome_not_confirmatory,mean_effect,count_plus_PE_bin4,160,candidate_pool_01,0.5,cost_aware,mask_28f76a93a72310a5,4,n_heads_04,0.06074333863540721,0.14074333863540722
exploratory_post_outcome_not_confirmatory,mean_effect,count_plus_PE_bin4,160,candidate_pool_01,1.0,target_loss,mask_76f706be2ab175f0,7,n_heads_07,0.007373201190067569,0.007373201190067569
exploratory_post_outcome_not_confirmatory,mean_effect,count_plus_PE_bin4,160,candidate_pool_01,1.0,cost_aware,mask_76f706be2ab175f0,7,n_heads_07,0.007373201190067569,0.14737320119006758
exploratory_post_outcome_not_confirmatory,mean_effect,count_plus_PE_bin4,160,candidate_pool_01,1.5,target_loss,mask_69b8a0bd055bae3b,8,n_heads_08,0.0158089937937671,0.0158089937937671
exploratory_post_outcome_not_confirmatory,mean_effect,count_plus_PE_bin4,160,candidate_pool_01,1.5,cost_aware,mask_88feb37e4997bcb0,7,n_heads_07,0.02994867176587168,0.1699486717658717
exploratory_post_outcome_not_confirmatory,mean_effect,count_plus_PE_bin4,160,candidate_pool_02,0.5,target_loss,mask_c36034d7c9cf0b25,7,n_heads_07,0.031738025275916515,0.031738025275916515
exploratory_post_outcome_not_confirmatory,mean_effect,count_plus_PE_bin4,160,candidate_pool_02,0.5,cost_aware,mask_c36034d7c9cf0b25,7,n_heads_07,0.031738025275916515,0.17173802527591653
exploratory_post_outcome_not_confirmatory,mean_effect,count_plus_PE_bin4,160,candidate_pool_02,1.0,target_loss,mask_267196af5474f7ae,8,n_heads_08,0.030446198232641386,0.030446198232641386
exploratory_post_outcome_not_confirmatory,mean_effect,count_plus_PE_bin4,160,candidate_pool_02,1.0,cost_aware,mask_ab59149b00e47e01,7,n_heads_07,0.045427659658597186,0.1854276596585972
exploratory_post_outcome_not_confirmatory,mean_effect,count_plus_PE_bin4,160,candidate_pool_02,1.5,target_loss,mask_053a16108482e172,6,n_heads_06,0.10870655724890699,0.10870655724890699
exploratory_post_outcome_not_confirmatory,mean_effect,count_plus_PE_bin4,160,candidate_pool_02,1.5,cost_aware,mask_053a16108482e172,6,n_heads_06,0.10870655724890699,0.22870655724890698
exploratory_post_outcome_not_confirmatory,mean_effect,count_plus_PE_bin4,160,candidate_pool_03,0.5,target_loss,mask_8e19964bc0ea5bd6,8,n_heads_08,0.06378480534579423,0.06378480534579423
exploratory_post_outcome_not_confirmatory,mean_effect,count_plus_PE_bin4,160,candidate_pool_03,0.5,cost_aware,mask_8e19964bc0ea5bd6,8,n_heads_08,0.06378480534579423,0.22378480534579423
exploratory_post_outcome_not_confirmatory,mean_effect,count_plus_PE_bin4,160,candidate_pool_03,1.0,target_loss,mask_db4ced2a93ad8780,7,n_heads_07,0.03983982852187318,0.03983982852187318
exploratory_post_outcome_not_confirmatory,mean_effect,count_plus_PE_bin4,160,candidate_pool_03,1.0,cost_aware,mask_db4ced2a93ad8780,7,n_heads_07,0.03983982852187318,0.1798398285218732
exploratory_post_outcome_not_confirmatory,mean_effect,count_plus_PE_bin4,160,candidate_pool_03,1.5,target_loss,mask_0f1c886d2bd569f0,7,n_heads_07,0.3500382612535162,0.3500382612535162
exploratory_post_outcome_not_confirmatory,mean_effect,count_plus_PE_bin4,160,candidate_pool_03,1.5,cost_aware,mask_0f1c886d2bd569f0,7,n_heads_07,0.3500382612535162,0.49003826125351624
exploratory_post_outcome_not_confirmatory,mean_effect,count_plus_PE_bin4,160,candidate_pool_04,0.5,target_loss,mask_8f5eca4cbcfcb5db,6,n_heads_06,0.004547821459670309,0.004547821459670309
exploratory_post_outcome_not_confirmatory,mean_effect,count_plus_PE_bin4,160,candidate_pool_04,0.5,cost_aware,mask_d1786933297085c0,4,n_heads_04,0.014490013864534301,0.0944900138645343
exploratory_post_outcome_not_confirmatory,mean_effect,count_plus_PE_bin4,160,candidate_pool_04,1.0,target_loss,mask_7fb6ffeb6bd8fc1f,7,n_heads_07,0.018625623935164093,0.018625623935164093
exploratory_post_outcome_not_confirmatory,mean_effect,count_plus_PE_bin4,160,candidate_pool_04,1.0,cost_aware,mask_5d6868f3c7cf99b3,6,n_heads_06,0.035084213859112756,0.15508421385911275
exploratory_post_outcome_not_confirmatory,mean_effect,count_plus_PE_bin4,160,candidate_pool_04,1.5,target_loss,mask_8b7737474604b389,8,n_heads_08,0.21012635055620765,0.21012635055620765
exploratory_post_outcome_not_confirmatory,mean_effect,count_plus_PE_bin4,160,candidate_pool_04,1.5,cost_aware,mask_8b7737474604b389,8,n_heads_08,0.21012635055620765,0.3701263505562077
exploratory_post_outcome_not_confirmatory,mean_effect,count_plus_PE_bin4,160,candidate_pool_05,0.5,target_loss,mask_1abd41f1a83adf2a,8,n_heads_08,0.037873069256775305,0.037873069256775305
exploratory_post_outcome_not_confirmatory,mean_effect,count_plus_PE_bin4,160,candidate_pool_05,0.5,cost_aware,mask_1abd41f1a83adf2a,8,n_heads_08,0.037873069256775305,0.1978730692567753
exploratory_post_outcome_not_confirmatory,mean_effect,count_plus_PE_bin4,160,candidate_pool_05,1.0,target_loss,mask_62191f28479b805a,7,n_heads_07,0.03771223221256803,0.03771223221256803
exploratory_post_outcome_not_confirmatory,mean_effect,count_plus_PE_bin4,160,candidate_pool_05,1.0,cost_aware,mask_62191f28479b805a,7,n_heads_07,0.03771223221256803,0.17771223221256804
exploratory_post_outcome_not_confirmatory,mean_effect,count_plus_PE_bin4,160,candidate_pool_05,1.5,target_loss,mask_290a3cb1caf906c3,10,n_heads_10,0.015784788348965684,0.015784788348965684
exploratory_post_outcome_not_confirmatory,mean_effect,count_plus_PE_bin4,160,candidate_pool_05,1.5,cost_aware,mask_290a3cb1caf906c3,10,n_heads_10,0.015784788348965684,0.2157847883489657
exploratory_post_outcome_not_confirmatory,mean_effect,count_plus_PE_bin4,160,candidate_pool_06,0.5,target_loss,mask_382e0bf880e4af69,5,n_heads_05,0.013545326629160304,0.013545326629160304
exploratory_post_outcome_not_confirmatory,mean_effect,count_plus_PE_bin4,160,candidate_pool_06,0.5,cost_aware,mask_382e0bf880e4af69,5,n_heads_05,0.013545326629160304,0.11354532662916031
exploratory_post_outcome_not_confirmatory,mean_effect,count_plus_PE_bin4,160,candidate_pool_06,1.0,target_loss,mask_5bf7af84e459f7ba,10,n_heads_10,0.08550651472474802,0.08550651472474802
exploratory_post_outcome_not_confirmatory,mean_effect,count_plus_PE_bin4,160,candidate_pool_06,1.0,cost_aware,mask_f16ce08b0ff70796,6,n_heads_06,0.08788507470777707,0.20788507470777706
exploratory_post_outcome_not_confirmatory,mean_effect,count_plus_PE_bin4,160,candidate_pool_06,1.5,target_loss,mask_c22a533faf194bc5,7,n_heads_07,0.1722381308291543,0.1722381308291543
exploratory_post_outcome_not_confirmatory,mean_effect,count_plus_PE_bin4,160,candidate_pool_06,1.5,cost_aware,mask_c22a533faf194bc5,7,n_heads_07,0.1722381308291543,0.3122381308291543
exploratory_post_outcome_not_confirmatory,mean_effect,count_plus_PE_bin4,160,candidate_pool_07,0.5,target_loss,mask_21e5e4333c6fc40a,6,n_heads_06,0.08275669569161848,0.08275669569161848
exploratory_post_outcome_not_confirmatory,mean_effect,count_plus_PE_bin4,160,candidate_pool_07,0.5,cost_aware,mask_6c3e3315afb6fb8c,4,n_heads_04,0.08466499562688834,0.16466499562688836
exploratory_post_outcome_not_confirmatory,mean_effect,count_plus_PE_bin4,160,candidate_pool_07,1.0,target_loss,mask_9401c6bc69ed4d22,10,n_heads_10,0.02361155089513922,0.02361155089513922
exploratory_post_outcome_not_confirmatory,mean_effect,count_plus_PE_bin4,160,candidate_pool_07,1.0,cost_aware,mask_2261c8e54842bff6,8,n_heads_08,0.047396125145260815,0.20739612514526082
exploratory_post_outcome_not_confirmatory,mean_effect,count_plus_PE_bin4,160,candidate_pool_07,1.5,target_loss,mask_83fe021aaca96bf0,5,n_heads_05,0.037740992675884044,0.037740992675884044
exploratory_post_outcome_not_confirmatory,mean_effect,count_plus_PE_bin4,160,candidate_pool_07,1.5,cost_aware,mask_83fe021aaca96bf0,5,n_heads_05,0.037740992675884044,0.13774099267588405
exploratory_post_outcome_not_confirmatory,mean_effect,count_plus_PE_bin4,160,candidate_pool_08,0.5,target_loss,mask_bda88699e1e7badf,7,n_heads_07,0.00017522287202742515,0.00017522287202742515
exploratory_post_outcome_not_confirmatory,mean_effect,count_plus_PE_bin4,160,candidate_pool_08,0.5,cost_aware,mask_bda88699e1e7badf,7,n_heads_07,0.00017522287202742515,0.14017522287202744
exploratory_post_outcome_not_confirmatory,mean_effect,count_plus_PE_bin4,160,candidate_pool_08,1.0,target_loss,mask_77740b198a0b3a94,6,n_heads_06,0.03119015088923005,0.03119015088923005
exploratory_post_outcome_not_confirmatory,mean_effect,count_plus_PE_bin4,160,candidate_pool_08,1.0,cost_aware,mask_77740b198a0b3a94,6,n_heads_06,0.03119015088923005,0.15119015088923005
exploratory_post_outcome_not_confirmatory,mean_effect,count_plus_PE_bin4,160,candidate_pool_08,1.5,target_loss,mask_1ee94a6fab0d1183,8,n_heads_08,0.09171970326731604,0.09171970326731604
exploratory_post_outcome_not_confirmatory,mean_effect,count_plus_PE_bin4,160,candidate_pool_08,1.5,cost_aware,mask_1ee94a6fab0d1183,8,n_heads_08,0.09171970326731604,0.2517197032673161
exploratory_post_outcome_not_confirmatory,mean_effect,count_plus_PE_bin4,160,candidate_pool_09,0.5,target_loss,mask_4be83a97da997236,8,n_heads_08,0.10821262197912762,0.10821262197912762
exploratory_post_outcome_not_confirmatory,mean_effect,count_plus_PE_bin4,160,candidate_pool_09,0.5,cost_aware,mask_99b322f566a2bc85,6,n_heads_06,0.11738783135523656,0.23738783135523656
exploratory_post_outcome_not_confirmatory,mean_effect,count_plus_PE_bin4,160,candidate_pool_09,1.0,target_loss,mask_6000c95aa8146da6,7,n_heads_07,0.05155720834601896,0.05155720834601896
exploratory_post_outcome_not_confirmatory,mean_effect,count_plus_PE_bin4,160,candidate_pool_09,1.0,cost_aware,mask_6000c95aa8146da6,7,n_heads_07,0.05155720834601896,0.19155720834601897
exploratory_post_outcome_not_confirmatory,mean_effect,count_plus_PE_bin4,160,candidate_pool_09,1.5,target_loss,mask_ea7ded36b0b6aa15,8,n_heads_08,0.009921509785451699,0.009921509785451699
exploratory_post_outcome_not_confirmatory,mean_effect,count_plus_PE_bin4,160,candidate_pool_09,1.5,cost_aware,mask_ea7ded36b0b6aa15,8,n_heads_08,0.009921509785451699,0.1699215097854517
exploratory_post_outcome_not_confirmatory,mean_effect,count_plus_all_bin4,20,candidate_pool_00,0.5,target_loss,mask_b611eb15c1cbe033,4,n_heads_04,0.07202251193818182,0.07202251193818182
exploratory_post_outcome_not_confirmatory,mean_effect,count_plus_all_bin4,20,candidate_pool_00,0.5,cost_aware,mask_b611eb15c1cbe033,4,n_heads_04,0.07202251193818182,0.15202251193818184
exploratory_post_outcome_not_confirmatory,mean_effect,count_plus_all_bin4,20,candidate_pool_00,1.0,target_loss,mask_1ac89476f4e553f7,10,n_heads_10,0.025431594038672456,0.025431594038672456
exploratory_post_outcome_not_confirmatory,mean_effect,count_plus_all_bin4,20,candidate_pool_00,1.0,cost_aware,mask_1ac89476f4e553f7,10,n_heads_10,0.025431594038672456,0.22543159403867247
exploratory_post_outcome_not_confirmatory,mean_effect,count_plus_all_bin4,20,candidate_pool_00,1.5,target_loss,mask_af608dfaba891fc2,9,n_heads_09,0.2463161499830031,0.2463161499830031
exploratory_post_outcome_not_confirmatory,mean_effect,count_plus_all_bin4,20,candidate_pool_00,1.5,cost_aware,mask_b55f4fdddb0ed7df,7,n_heads_07,0.2614264419993315,0.40142644199933153
exploratory_post_outcome_not_confirmatory,mean_effect,count_plus_all_bin4,20,candidate_pool_01,0.5,target_loss,mask_d34cab07e9bf4ded,4,n_heads_04,0.14979318369404182,0.14979318369404182
exploratory_post_outcome_not_confirmatory,mean_effect,count_plus_all_bin4,20,candidate_pool_01,0.5,cost_aware,mask_d34cab07e9bf4ded,4,n_heads_04,0.14979318369404182,0.22979318369404184
exploratory_post_outcome_not_confirmatory,mean_effect,count_plus_all_bin4,20,candidate_pool_01,1.0,target_loss,mask_261f2ebd1f8a4eaa,5,n_heads_05,0.07488792920197218,0.07488792920197218
exploratory_post_outcome_not_confirmatory,mean_effect,count_plus_all_bin4,20,candidate_pool_01,1.0,cost_aware,mask_261f2ebd1f8a4eaa,5,n_heads_05,0.07488792920197218,0.1748879292019722
exploratory_post_outcome_not_confirmatory,mean_effect,count_plus_all_bin4,20,candidate_pool_01,1.5,target_loss,mask_88feb37e4997bcb0,7,n_heads_07,0.10585421527079264,0.10585421527079264
exploratory_post_outcome_not_confirmatory,mean_effect,count_plus_all_bin4,20,candidate_pool_01,1.5,cost_aware,mask_88feb37e4997bcb0,7,n_heads_07,0.10585421527079264,0.24585421527079265
exploratory_post_outcome_not_confirmatory,mean_effect,count_plus_all_bin4,20,candidate_pool_02,0.5,target_loss,mask_3c9ed4cc352cbb27,5,n_heads_05,0.02064630244119342,0.02064630244119342
exploratory_post_outcome_not_confirmatory,mean_effect,count_plus_all_bin4,20,candidate_pool_02,0.5,cost_aware,mask_c7772d470875866f,4,n_heads_04,0.02954157456255957,0.10954157456255957
exploratory_post_outcome_not_confirmatory,mean_effect,count_plus_all_bin4,20,candidate_pool_02,1.0,target_loss,mask_8539d49577e1ed9d,9,n_heads_09,0.05378956843249161,0.05378956843249161
exploratory_post_outcome_not_confirmatory,mean_effect,count_plus_all_bin4,20,candidate_pool_02,1.0,cost_aware,mask_8539d49577e1ed9d,9,n_heads_09,0.05378956843249161,0.2337895684324916
exploratory_post_outcome_not_confirmatory,mean_effect,count_plus_all_bin4,20,candidate_pool_02,1.5,target_loss,mask_267196af5474f7ae,8,n_heads_08,0.34800435470659874,0.34800435470659874
exploratory_post_outcome_not_confirmatory,mean_effect,count_plus_all_bin4,20,candidate_pool_02,1.5,cost_aware,mask_267196af5474f7ae,8,n_heads_08,0.34800435470659874,0.5080043547065988
exploratory_post_outcome_not_confirmatory,mean_effect,count_plus_all_bin4,20,candidate_pool_03,0.5,target_loss,mask_b0a4335ce26e22f0,4,n_heads_04,0.03420994837788405,0.03420994837788405
exploratory_post_outcome_not_confirmatory,mean_effect,count_plus_all_bin4,20,candidate_pool_03,0.5,cost_aware,mask_b0a4335ce26e22f0,4,n_heads_04,0.03420994837788405,0.11420994837788405
exploratory_post_outcome_not_confirmatory,mean_effect,count_plus_all_bin4,20,candidate_pool_03,1.0,target_loss,mask_dc2e11f8d6ea9e67,6,n_heads_06,0.03903715028404997,0.03903715028404997
exploratory_post_outcome_not_confirmatory,mean_effect,count_plus_all_bin4,20,candidate_pool_03,1.0,cost_aware,mask_dc2e11f8d6ea9e67,6,n_heads_06,0.03903715028404997,0.15903715028404997
exploratory_post_outcome_not_confirmatory,mean_effect,count_plus_all_bin4,20,candidate_pool_03,1.5,target_loss,mask_0f1c886d2bd569f0,7,n_heads_07,0.07210533483761328,0.07210533483761328
exploratory_post_outcome_not_confirmatory,mean_effect,count_plus_all_bin4,20,candidate_pool_03,1.5,cost_aware,mask_0f1c886d2bd569f0,7,n_heads_07,0.07210533483761328,0.2121053348376133
exploratory_post_outcome_not_confirmatory,mean_effect,count_plus_all_bin4,20,candidate_pool_04,0.5,target_loss,mask_23526c3b8294fcb7,9,n_heads_09,0.060420865764571285,0.060420865764571285
exploratory_post_outcome_not_confirmatory,mean_effect,count_plus_all_bin4,20,candidate_pool_04,0.5,cost_aware,mask_23526c3b8294fcb7,9,n_heads_09,0.060420865764571285,0.24042086576457128
exploratory_post_outcome_not_confirmatory,mean_effect,count_plus_all_bin4,20,candidate_pool_04,1.0,target_loss,mask_cafa56ef6c77bde9,10,n_heads_10,0.22196660558696113,0.22196660558696113
exploratory_post_outcome_not_confirmatory,mean_effect,count_plus_all_bin4,20,candidate_pool_04,1.0,cost_aware,mask_cafa56ef6c77bde9,10,n_heads_10,0.22196660558696113,0.42196660558696114
exploratory_post_outcome_not_confirmatory,mean_effect,count_plus_all_bin4,20,candidate_pool_04,1.5,target_loss,mask_93f84412f1b2de39,7,n_heads_07,0.049142907065784946,0.049142907065784946
exploratory_post_outcome_not_confirmatory,mean_effect,count_plus_all_bin4,20,candidate_pool_04,1.5,cost_aware,mask_93f84412f1b2de39,7,n_heads_07,0.049142907065784946,0.18914290706578496
exploratory_post_outcome_not_confirmatory,mean_effect,count_plus_all_bin4,20,candidate_pool_05,0.5,target_loss,mask_439dcebfa10ec4e4,9,n_heads_09,0.05066990937351912,0.05066990937351912
exploratory_post_outcome_not_confirmatory,mean_effect,count_plus_all_bin4,20,candidate_pool_05,0.5,cost_aware,mask_439dcebfa10ec4e4,9,n_heads_09,0.05066990937351912,0.2306699093735191
exploratory_post_outcome_not_confirmatory,mean_effect,count_plus_all_bin4,20,candidate_pool_05,1.0,target_loss,mask_de24099fc59a002a,4,n_heads_04,0.09780037857337742,0.09780037857337742
exploratory_post_outcome_not_confirmatory,mean_effect,count_plus_all_bin4,20,candidate_pool_05,1.0,cost_aware,mask_de24099fc59a002a,4,n_heads_04,0.09780037857337742,0.17780037857337744
exploratory_post_outcome_not_confirmatory,mean_effect,count_plus_all_bin4,20,candidate_pool_05,1.5,target_loss,mask_f5d21a1898de9318,7,n_heads_07,0.1675555846944774,0.1675555846944774
exploratory_post_outcome_not_confirmatory,mean_effect,count_plus_all_bin4,20,candidate_pool_05,1.5,cost_aware,mask_f5d21a1898de9318,7,n_heads_07,0.1675555846944774,0.3075555846944774
exploratory_post_outcome_not_confirmatory,mean_effect,count_plus_all_bin4,20,candidate_pool_06,0.5,target_loss,mask_e8682f72515acb06,9,n_heads_09,0.041301491969507276,0.041301491969507276
exploratory_post_outcome_not_confirmatory,mean_effect,count_plus_all_bin4,20,candidate_pool_06,0.5,cost_aware,mask_382e0bf880e4af69,5,n_heads_05,0.04704127191690771,0.14704127191690772
exploratory_post_outcome_not_confirmatory,mean_effect,count_plus_all_bin4,20,candidate_pool_06,1.0,target_loss,mask_d278c50dbd98b217,10,n_heads_10,0.1456832031701547,0.1456832031701547
exploratory_post_outcome_not_confirmatory,mean_effect,count_plus_all_bin4,20,candidate_pool_06,1.0,cost_aware,mask_8a4903df460893e2,6,n_heads_06,0.17180539812631845,0.29180539812631845
exploratory_post_outcome_not_confirmatory,mean_effect,count_plus_all_bin4,20,candidate_pool_06,1.5,target_loss,mask_f2b097d9ab973b9b,7,n_heads_07,0.05965255250178969,0.05965255250178969
exploratory_post_outcome_not_confirmatory,mean_effect,count_plus_all_bin4,20,candidate_pool_06,1.5,cost_aware,mask_f2b097d9ab973b9b,7,n_heads_07,0.05965255250178969,0.1996525525017897
exploratory_post_outcome_not_confirmatory,mean_effect,count_plus_all_bin4,20,candidate_pool_07,0.5,target_loss,mask_83fe021aaca96bf0,5,n_heads_05,0.05973790066283313,0.05973790066283313
exploratory_post_outcome_not_confirmatory,mean_effect,count_plus_all_bin4,20,candidate_pool_07,0.5,cost_aware,mask_83fe021aaca96bf0,5,n_heads_05,0.05973790066283313,0.15973790066283314
exploratory_post_outcome_not_confirmatory,mean_effect,count_plus_all_bin4,20,candidate_pool_07,1.0,target_loss,mask_73324c4014b4a4c2,4,n_heads_04,0.06889133873982278,0.06889133873982278
exploratory_post_outcome_not_confirmatory,mean_effect,count_plus_all_bin4,20,candidate_pool_07,1.0,cost_aware,mask_73324c4014b4a4c2,4,n_heads_04,0.06889133873982278,0.1488913387398228
exploratory_post_outcome_not_confirmatory,mean_effect,count_plus_all_bin4,20,candidate_pool_07,1.5,target_loss,mask_73324c4014b4a4c2,4,n_heads_04,0.5688913387398228,0.5688913387398228
exploratory_post_outcome_not_confirmatory,mean_effect,count_plus_all_bin4,20,candidate_pool_07,1.5,cost_aware,mask_73324c4014b4a4c2,4,n_heads_04,0.5688913387398228,0.6488913387398227
exploratory_post_outcome_not_confirmatory,mean_effect,count_plus_all_bin4,20,candidate_pool_08,0.5,target_loss,mask_1f36ab0e18336a51,6,n_heads_06,0.021544643978710365,0.021544643978710365
exploratory_post_outcome_not_confirmatory,mean_effect,count_plus_all_bin4,20,candidate_pool_08,0.5,cost_aware,mask_1f36ab0e18336a51,6,n_heads_06,0.021544643978710365,0.14154464397871036
exploratory_post_outcome_not_confirmatory,mean_effect,count_plus_all_bin4,20,candidate_pool_08,1.0,target_loss,mask_a9f1de05a2b5cc89,7,n_heads_07,0.06587724922414562,0.06587724922414562
exploratory_post_outcome_not_confirmatory,mean_effect,count_plus_all_bin4,20,candidate_pool_08,1.0,cost_aware,mask_a9f1de05a2b5cc89,7,n_heads_07,0.06587724922414562,0.20587724922414563
exploratory_post_outcome_not_confirmatory,mean_effect,count_plus_all_bin4,20,candidate_pool_08,1.5,target_loss,mask_aebcbcf7f67000e0,9,n_heads_09,0.03168168986432707,0.03168168986432707
exploratory_post_outcome_not_confirmatory,mean_effect,count_plus_all_bin4,20,candidate_pool_08,1.5,cost_aware,mask_aebcbcf7f67000e0,9,n_heads_09,0.03168168986432707,0.21168168986432706
exploratory_post_outcome_not_confirmatory,mean_effect,count_plus_all_bin4,20,candidate_pool_09,0.5,target_loss,mask_ea7ded36b0b6aa15,8,n_heads_08,0.20092881818026942,0.20092881818026942
exploratory_post_outcome_not_confirmatory,mean_effect,count_plus_all_bin4,20,candidate_pool_09,0.5,cost_aware,mask_7014c21a00895564,4,n_heads_04,0.23919985158738588,0.3191998515873859
exploratory_post_outcome_not_confirmatory,mean_effect,count_plus_all_bin4,20,candidate_pool_09,1.0,target_loss,mask_c5654b277c578f3e,9,n_heads_09,0.031064587023808432,0.031064587023808432
exploratory_post_outcome_not_confirmatory,mean_effect,count_plus_all_bin4,20,candidate_pool_09,1.0,cost_aware,mask_c5654b277c578f3e,9,n_heads_09,0.031064587023808432,0.21106458702380843
exploratory_post_outcome_not_confirmatory,mean_effect,count_plus_all_bin4,20,candidate_pool_09,1.5,target_loss,mask_6c66643ec3bf086c,6,n_heads_06,0.20284309445665993,0.20284309445665993
exploratory_post_outcome_not_confirmatory,mean_effect,count_plus_all_bin4,20,candidate_pool_09,1.5,cost_aware,mask_6c66643ec3bf086c,6,n_heads_06,0.20284309445665993,0.32284309445665993
exploratory_post_outcome_not_confirmatory,mean_effect,count_plus_all_bin4,40,candidate_pool_00,0.5,target_loss,mask_7c8b926f287bec49,4,n_heads_04,0.06598825802583197,0.06598825802583197
exploratory_post_outcome_not_confirmatory,mean_effect,count_plus_all_bin4,40,candidate_pool_00,0.5,cost_aware,mask_7c8b926f287bec49,4,n_heads_04,0.06598825802583197,0.14598825802583199
exploratory_post_outcome_not_confirmatory,mean_effect,count_plus_all_bin4,40,candidate_pool_00,1.0,target_loss,mask_a096a397a7d70275,7,n_heads_07,0.06199951443631835,0.06199951443631835
exploratory_post_outcome_not_confirmatory,mean_effect,count_plus_all_bin4,40,candidate_pool_00,1.0,cost_aware,mask_a096a397a7d70275,7,n_heads_07,0.06199951443631835,0.20199951443631836
exploratory_post_outcome_not_confirmatory,mean_effect,count_plus_all_bin4,40,candidate_pool_00,1.5,target_loss,mask_153f1c2a9e066490,6,n_heads_06,0.02540145005109329,0.02540145005109329
exploratory_post_outcome_not_confirmatory,mean_effect,count_plus_all_bin4,40,candidate_pool_00,1.5,cost_aware,mask_153f1c2a9e066490,6,n_heads_06,0.02540145005109329,0.14540145005109328
exploratory_post_outcome_not_confirmatory,mean_effect,count_plus_all_bin4,40,candidate_pool_01,0.5,target_loss,mask_76f706be2ab175f0,7,n_heads_07,0.011801815595231968,0.011801815595231968
exploratory_post_outcome_not_confirmatory,mean_effect,count_plus_all_bin4,40,candidate_pool_01,0.5,cost_aware,mask_76f706be2ab175f0,7,n_heads_07,0.011801815595231968,0.15180181559523198
exploratory_post_outcome_not_confirmatory,mean_effect,count_plus_all_bin4,40,candidate_pool_01,1.0,target_loss,mask_28f76a93a72310a5,4,n_heads_04,0.16237319907760295,0.16237319907760295
exploratory_post_outcome_not_confirmatory,mean_effect,count_plus_all_bin4,40,candidate_pool_01,1.0,cost_aware,mask_28f76a93a72310a5,4,n_heads_04,0.16237319907760295,0.24237319907760296
exploratory_post_outcome_not_confirmatory,mean_effect,count_plus_all_bin4,40,candidate_pool_01,1.5,target_loss,mask_261f2ebd1f8a4eaa,5,n_heads_05,0.03965884458701541,0.03965884458701541
exploratory_post_outcome_not_confirmatory,mean_effect,count_plus_all_bin4,40,candidate_pool_01,1.5,cost_aware,mask_261f2ebd1f8a4eaa,5,n_heads_05,0.03965884458701541,0.1396588445870154
exploratory_post_outcome_not_confirmatory,mean_effect,count_plus_all_bin4,40,candidate_pool_02,0.5,target_loss,mask_c36034d7c9cf0b25,7,n_heads_07,0.0076010128903597485,0.0076010128903597485
exploratory_post_outcome_not_confirmatory,mean_effect,count_plus_all_bin4,40,candidate_pool_02,0.5,cost_aware,mask_c36034d7c9cf0b25,7,n_heads_07,0.0076010128903597485,0.14760101289035976
exploratory_post_outcome_not_confirmatory,mean_effect,count_plus_all_bin4,40,candidate_pool_02,1.0,target_loss,mask_c7772d470875866f,4,n_heads_04,0.10792708638951409,0.10792708638951409
exploratory_post_outcome_not_confirmatory,mean_effect,count_plus_all_bin4,40,candidate_pool_02,1.0,cost_aware,mask_c7772d470875866f,4,n_heads_04,0.10792708638951409,0.1879270863895141
exploratory_post_outcome_not_confirmatory,mean_effect,count_plus_all_bin4,40,candidate_pool_02,1.5,target_loss,mask_8539d49577e1ed9d,9,n_heads_09,0.04825262762642479,0.04825262762642479
exploratory_post_outcome_not_confirmatory,mean_effect,count_plus_all_bin4,40,candidate_pool_02,1.5,cost_aware,mask_8539d49577e1ed9d,9,n_heads_09,0.04825262762642479,0.2282526276264248
exploratory_post_outcome_not_confirmatory,mean_effect,count_plus_all_bin4,40,candidate_pool_03,0.5,target_loss,mask_0f1c886d2bd569f0,7,n_heads_07,0.006654828124066425,0.006654828124066425
exploratory_post_outcome_not_confirmatory,mean_effect,count_plus_all_bin4,40,candidate_pool_03,0.5,cost_aware,mask_0f1c886d2bd569f0,7,n_heads_07,0.006654828124066425,0.14665482812406644
exploratory_post_outcome_not_confirmatory,mean_effect,count_plus_all_bin4,40,candidate_pool_03,1.0,target_loss,mask_8e19964bc0ea5bd6,8,n_heads_08,0.020263457341863966,0.020263457341863966
exploratory_post_outcome_not_confirmatory,mean_effect,count_plus_all_bin4,40,candidate_pool_03,1.0,cost_aware,mask_8e19964bc0ea5bd6,8,n_heads_08,0.020263457341863966,0.18026345734186397
exploratory_post_outcome_not_confirmatory,mean_effect,count_plus_all_bin4,40,candidate_pool_03,1.5,target_loss,mask_30716df5e75daa97,7,n_heads_07,0.12778264971879993,0.12778264971879993
exploratory_post_outcome_not_confirmatory,mean_effect,count_plus_all_bin4,40,candidate_pool_03,1.5,cost_aware,mask_30716df5e75daa97,7,n_heads_07,0.12778264971879993,0.26778264971879995
exploratory_post_outcome_not_confirmatory,mean_effect,count_plus_all_bin4,40,candidate_pool_04,0.5,target_loss,mask_d1786933297085c0,4,n_heads_04,0.009977116021265275,0.009977116021265275
exploratory_post_outcome_not_confirmatory,mean_effect,count_plus_all_bin4,40,candidate_pool_04,0.5,cost_aware,mask_d1786933297085c0,4,n_heads_04,0.009977116021265275,0.08997711602126528
exploratory_post_outcome_not_confirmatory,mean_effect,count_plus_all_bin4,40,candidate_pool_04,1.0,target_loss,mask_23526c3b8294fcb7,9,n_heads_09,0.01408527190402975,0.01408527190402975
exploratory_post_outcome_not_confirmatory,mean_effect,count_plus_all_bin4,40,candidate_pool_04,1.0,cost_aware,mask_23526c3b8294fcb7,9,n_heads_09,0.01408527190402975,0.19408527190402974
exploratory_post_outcome_not_confirmatory,mean_effect,count_plus_all_bin4,40,candidate_pool_04,1.5,target_loss,mask_cafa56ef6c77bde9,10,n_heads_10,0.16013759785654358,0.16013759785654358
exploratory_post_outcome_not_confirmatory,mean_effect,count_plus_all_bin4,40,candidate_pool_04,1.5,cost_aware,mask_cafa56ef6c77bde9,10,n_heads_10,0.16013759785654358,0.3601375978565436
exploratory_post_outcome_not_confirmatory,mean_effect,count_plus_all_bin4,40,candidate_pool_05,0.5,target_loss,mask_733a12c308c35650,5,n_heads_05,0.0005586888958228897,0.0005586888958228897
exploratory_post_outcome_not_confirmatory,mean_effect,count_plus_all_bin4,40,candidate_pool_05,0.5,cost_aware,mask_733a12c308c35650,5,n_heads_05,0.0005586888958228897,0.1005586888958229
exploratory_post_outcome_not_confirmatory,mean_effect,count_plus_all_bin4,40,candidate_pool_05,1.0,target_loss,mask_111b2c86496d6209,10,n_heads_10,0.07493913456508117,0.07493913456508117
exploratory_post_outcome_not_confirmatory,mean_effect,count_plus_all_bin4,40,candidate_pool_05,1.0,cost_aware,mask_111b2c86496d6209,10,n_heads_10,0.07493913456508117,0.2749391345650812
exploratory_post_outcome_not_confirmatory,mean_effect,count_plus_all_bin4,40,candidate_pool_05,1.5,target_loss,mask_cf672502900b1ca1,10,n_heads_10,0.10479307552934403,0.10479307552934403
exploratory_post_outcome_not_confirmatory,mean_effect,count_plus_all_bin4,40,candidate_pool_05,1.5,cost_aware,mask_cf672502900b1ca1,10,n_heads_10,0.10479307552934403,0.30479307552934404
exploratory_post_outcome_not_confirmatory,mean_effect,count_plus_all_bin4,40,candidate_pool_06,0.5,target_loss,mask_25276dd47f8ef77c,4,n_heads_04,0.06087634466315517,0.06087634466315517
exploratory_post_outcome_not_confirmatory,mean_effect,count_plus_all_bin4,40,candidate_pool_06,0.5,cost_aware,mask_25276dd47f8ef77c,4,n_heads_04,0.06087634466315517,0.14087634466315518
exploratory_post_outcome_not_confirmatory,mean_effect,count_plus_all_bin4,40,candidate_pool_06,1.0,target_loss,mask_382e0bf880e4af69,5,n_heads_05,0.01835088732834711,0.01835088732834711
exploratory_post_outcome_not_confirmatory,mean_effect,count_plus_all_bin4,40,candidate_pool_06,1.0,cost_aware,mask_382e0bf880e4af69,5,n_heads_05,0.01835088732834711,0.11835088732834712
exploratory_post_outcome_not_confirmatory,mean_effect,count_plus_all_bin4,40,candidate_pool_06,1.5,target_loss,mask_a63bdf91a6b6b869,8,n_heads_08,0.04177433825560839,0.04177433825560839
exploratory_post_outcome_not_confirmatory,mean_effect,count_plus_all_bin4,40,candidate_pool_06,1.5,cost_aware,mask_a63bdf91a6b6b869,8,n_heads_08,0.04177433825560839,0.2017743382556084
exploratory_post_outcome_not_confirmatory,mean_effect,count_plus_all_bin4,40,candidate_pool_07,0.5,target_loss,mask_83fe021aaca96bf0,5,n_heads_05,0.021199454791221817,0.021199454791221817
exploratory_post_outcome_not_confirmatory,mean_effect,count_plus_all_bin4,40,candidate_pool_07,0.5,cost_aware,mask_83fe021aaca96bf0,5,n_heads_05,0.021199454791221817,0.12119945479122182
exploratory_post_outcome_not_confirmatory,mean_effect,count_plus_all_bin4,40,candidate_pool_07,1.0,target_loss,mask_c4774bd021c06295,7,n_heads_07,0.09559381962824398,0.09559381962824398
exploratory_post_outcome_not_confirmatory,mean_effect,count_plus_all_bin4,40,candidate_pool_07,1.0,cost_aware,mask_c4774bd021c06295,7,n_heads_07,0.09559381962824398,0.235593819628244
exploratory_post_outcome_not_confirmatory,mean_effect,count_plus_all_bin4,40,candidate_pool_07,1.5,target_loss,mask_9401c6bc69ed4d22,10,n_heads_10,0.04759831444662477,0.04759831444662477
exploratory_post_outcome_not_confirmatory,mean_effect,count_plus_all_bin4,40,candidate_pool_07,1.5,cost_aware,mask_73324c4014b4a4c2,4,n_heads_04,0.0814126539039457,0.1614126539039457
exploratory_post_outcome_not_confirmatory,mean_effect,count_plus_all_bin4,40,candidate_pool_08,0.5,target_loss,mask_7653a500a201847f,6,n_heads_06,0.03127616997723359,0.03127616997723359
exploratory_post_outcome_not_confirmatory,mean_effect,count_plus_all_bin4,40,candidate_pool_08,0.5,cost_aware,mask_7653a500a201847f,6,n_heads_06,0.03127616997723359,0.1512761699772336
exploratory_post_outcome_not_confirmatory,mean_effect,count_plus_all_bin4,40,candidate_pool_08,1.0,target_loss,mask_248e15522b401ece,8,n_heads_08,0.03649366229569062,0.03649366229569062
exploratory_post_outcome_not_confirmatory,mean_effect,count_plus_all_bin4,40,candidate_pool_08,1.0,cost_aware,mask_fc5299efb847cbc8,5,n_heads_05,0.0937695797832776,0.1937695797832776
exploratory_post_outcome_not_confirmatory,mean_effect,count_plus_all_bin4,40,candidate_pool_08,1.5,target_loss,mask_1ee94a6fab0d1183,8,n_heads_08,0.02234812416075327,0.02234812416075327
exploratory_post_outcome_not_confirmatory,mean_effect,count_plus_all_bin4,40,candidate_pool_08,1.5,cost_aware,mask_1ee94a6fab0d1183,8,n_heads_08,0.02234812416075327,0.18234812416075327
exploratory_post_outcome_not_confirmatory,mean_effect,count_plus_all_bin4,40,candidate_pool_09,0.5,target_loss,mask_7014c21a00895564,4,n_heads_04,0.07634436833734815,0.07634436833734815
exploratory_post_outcome_not_confirmatory,mean_effect,count_plus_all_bin4,40,candidate_pool_09,0.5,cost_aware,mask_7014c21a00895564,4,n_heads_04,0.07634436833734815,0.15634436833734816
exploratory_post_outcome_not_confirmatory,mean_effect,count_plus_all_bin4,40,candidate_pool_09,1.0,target_loss,mask_a80d553a0648023d,10,n_heads_10,0.09779969832608937,0.09779969832608937
exploratory_post_outcome_not_confirmatory,mean_effect,count_plus_all_bin4,40,candidate_pool_09,1.0,cost_aware,mask_a80d553a0648023d,10,n_heads_10,0.09779969832608937,0.2977996983260894
exploratory_post_outcome_not_confirmatory,mean_effect,count_plus_all_bin4,40,candidate_pool_09,1.5,target_loss,mask_ea7ded36b0b6aa15,8,n_heads_08,0.04942474767411964,0.04942474767411964
exploratory_post_outcome_not_confirmatory,mean_effect,count_plus_all_bin4,40,candidate_pool_09,1.5,cost_aware,mask_ea7ded36b0b6aa15,8,n_heads_08,0.04942474767411964,0.20942474767411964
exploratory_post_outcome_not_confirmatory,mean_effect,count_plus_all_bin4,80,candidate_pool_00,0.5,target_loss,mask_818493500a9903d5,10,n_heads_10,0.02659436293643419,0.02659436293643419
exploratory_post_outcome_not_confirmatory,mean_effect,count_plus_all_bin4,80,candidate_pool_00,0.5,cost_aware,mask_818493500a9903d5,10,n_heads_10,0.02659436293643419,0.2265943629364342
exploratory_post_outcome_not_confirmatory,mean_effect,count_plus_all_bin4,80,candidate_pool_00,1.0,target_loss,mask_a096a397a7d70275,7,n_heads_07,0.008931542678374038,0.008931542678374038
exploratory_post_outcome_not_confirmatory,mean_effect,count_plus_all_bin4,80,candidate_pool_00,1.0,cost_aware,mask_a096a397a7d70275,7,n_heads_07,0.008931542678374038,0.14893154267837405
exploratory_post_outcome_not_confirmatory,mean_effect,count_plus_all_bin4,80,candidate_pool_00,1.5,target_loss,mask_153f1c2a9e066490,6,n_heads_06,0.1292204004343791,0.1292204004343791
exploratory_post_outcome_not_confirmatory,mean_effect,count_plus_all_bin4,80,candidate_pool_00,1.5,cost_aware,mask_153f1c2a9e066490,6,n_heads_06,0.1292204004343791,0.2492204004343791
exploratory_post_outcome_not_confirmatory,mean_effect,count_plus_all_bin4,80,candidate_pool_01,0.5,target_loss,mask_d4041af54a719d70,7,n_heads_07,0.04073185776162458,0.04073185776162458
exploratory_post_outcome_not_confirmatory,mean_effect,count_plus_all_bin4,80,candidate_pool_01,0.5,cost_aware,mask_f78efa18c25e46d0,5,n_heads_05,0.049703957447498004,0.149703957447498
exploratory_post_outcome_not_confirmatory,mean_effect,count_plus_all_bin4,80,candidate_pool_01,1.0,target_loss,mask_625dbe9e05728352,8,n_heads_08,0.027409471375922312,0.027409471375922312
exploratory_post_outcome_not_confirmatory,mean_effect,count_plus_all_bin4,80,candidate_pool_01,1.0,cost_aware,mask_625dbe9e05728352,8,n_heads_08,0.027409471375922312,0.18740947137592232
exploratory_post_outcome_not_confirmatory,mean_effect,count_plus_all_bin4,80,candidate_pool_01,1.5,target_loss,mask_261f2ebd1f8a4eaa,5,n_heads_05,0.04755600926577208,0.04755600926577208
exploratory_post_outcome_not_confirmatory,mean_effect,count_plus_all_bin4,80,candidate_pool_01,1.5,cost_aware,mask_261f2ebd1f8a4eaa,5,n_heads_05,0.04755600926577208,0.1475560092657721
exploratory_post_outcome_not_confirmatory,mean_effect,count_plus_all_bin4,80,candidate_pool_02,0.5,target_loss,mask_90268cfdee9c04e6,7,n_heads_07,0.012297100292723184,0.012297100292723184
exploratory_post_outcome_not_confirmatory,mean_effect,count_plus_all_bin4,80,candidate_pool_02,0.5,cost_aware,mask_90268cfdee9c04e6,7,n_heads_07,0.012297100292723184,0.1522971002927232
exploratory_post_outcome_not_confirmatory,mean_effect,count_plus_all_bin4,80,candidate_pool_02,1.0,target_loss,mask_267196af5474f7ae,8,n_heads_08,0.00773522846066077,0.00773522846066077
exploratory_post_outcome_not_confirmatory,mean_effect,count_plus_all_bin4,80,candidate_pool_02,1.0,cost_aware,mask_267196af5474f7ae,8,n_heads_08,0.00773522846066077,0.16773522846066077
exploratory_post_outcome_not_confirmatory,mean_effect,count_plus_all_bin4,80,candidate_pool_02,1.5,target_loss,mask_053a16108482e172,6,n_heads_06,0.026416696420828334,0.026416696420828334
exploratory_post_outcome_not_confirmatory,mean_effect,count_plus_all_bin4,80,candidate_pool_02,1.5,cost_aware,mask_053a16108482e172,6,n_heads_06,0.026416696420828334,0.14641669642082833
exploratory_post_outcome_not_confirmatory,mean_effect,count_plus_all_bin4,80,candidate_pool_03,0.5,target_loss,mask_a1eb01e7a7c4e9be,6,n_heads_06,0.014836156812084722,0.014836156812084722
exploratory_post_outcome_not_confirmatory,mean_effect,count_plus_all_bin4,80,candidate_pool_03,0.5,cost_aware,mask_a1eb01e7a7c4e9be,6,n_heads_06,0.014836156812084722,0.13483615681208472
exploratory_post_outcome_not_confirmatory,mean_effect,count_plus_all_bin4,80,candidate_pool_03,1.0,target_loss,mask_5b90a18db67578c0,5,n_heads_05,0.03668827264543939,0.03668827264543939
exploratory_post_outcome_not_confirmatory,mean_effect,count_plus_all_bin4,80,candidate_pool_03,1.0,cost_aware,mask_5b90a18db67578c0,5,n_heads_05,0.03668827264543939,0.1366882726454394
exploratory_post_outcome_not_confirmatory,mean_effect,count_plus_all_bin4,80,candidate_pool_03,1.5,target_loss,mask_0f1c886d2bd569f0,7,n_heads_07,0.3009422735243563,0.3009422735243563
exploratory_post_outcome_not_confirmatory,mean_effect,count_plus_all_bin4,80,candidate_pool_03,1.5,cost_aware,mask_0f1c886d2bd569f0,7,n_heads_07,0.3009422735243563,0.44094227352435633
exploratory_post_outcome_not_confirmatory,mean_effect,count_plus_all_bin4,80,candidate_pool_04,0.5,target_loss,mask_d1786933297085c0,4,n_heads_04,0.06623425088623425,0.06623425088623425
exploratory_post_outcome_not_confirmatory,mean_effect,count_plus_all_bin4,80,candidate_pool_04,0.5,cost_aware,mask_d1786933297085c0,4,n_heads_04,0.06623425088623425,0.14623425088623426
exploratory_post_outcome_not_confirmatory,mean_effect,count_plus_all_bin4,80,candidate_pool_04,1.0,target_loss,mask_7fb6ffeb6bd8fc1f,7,n_heads_07,0.05226686848986928,0.05226686848986928
exploratory_post_outcome_not_confirmatory,mean_effect,count_plus_all_bin4,80,candidate_pool_04,1.0,cost_aware,mask_7fb6ffeb6bd8fc1f,7,n_heads_07,0.05226686848986928,0.1922668684898693
exploratory_post_outcome_not_confirmatory,mean_effect,count_plus_all_bin4,80,candidate_pool_04,1.5,target_loss,mask_8b7737474604b389,8,n_heads_08,0.19026896361668633,0.19026896361668633
exploratory_post_outcome_not_confirmatory,mean_effect,count_plus_all_bin4,80,candidate_pool_04,1.5,cost_aware,mask_5d6868f3c7cf99b3,6,n_heads_06,0.1907464399568024,0.3107464399568024
exploratory_post_outcome_not_confirmatory,mean_effect,count_plus_all_bin4,80,candidate_pool_05,0.5,target_loss,mask_22c097f7c153bb13,9,n_heads_09,0.0007678816603526872,0.0007678816603526872
exploratory_post_outcome_not_confirmatory,mean_effect,count_plus_all_bin4,80,candidate_pool_05,0.5,cost_aware,mask_8f9a3d833faba0f0,5,n_heads_05,0.052927732684458384,0.1529277326844584
exploratory_post_outcome_not_confirmatory,mean_effect,count_plus_all_bin4,80,candidate_pool_05,1.0,target_loss,mask_cf672502900b1ca1,10,n_heads_10,0.12348441615928007,0.12348441615928007
exploratory_post_outcome_not_confirmatory,mean_effect,count_plus_all_bin4,80,candidate_pool_05,1.0,cost_aware,mask_de24099fc59a002a,4,n_heads_04,0.15376270099765432,0.23376270099765434
exploratory_post_outcome_not_confirmatory,mean_effect,count_plus_all_bin4,80,candidate_pool_05,1.5,target_loss,mask_290a3cb1caf906c3,10,n_heads_10,0.12464157582676338,0.12464157582676338
exploratory_post_outcome_not_confirmatory,mean_effect,count_plus_all_bin4,80,candidate_pool_05,1.5,cost_aware,mask_290a3cb1caf906c3,10,n_heads_10,0.12464157582676338,0.3246415758267634
exploratory_post_outcome_not_confirmatory,mean_effect,count_plus_all_bin4,80,candidate_pool_06,0.5,target_loss,mask_8da4b6178fa2b73e,7,n_heads_07,0.01925407651353539,0.01925407651353539
exploratory_post_outcome_not_confirmatory,mean_effect,count_plus_all_bin4,80,candidate_pool_06,0.5,cost_aware,mask_8da4b6178fa2b73e,7,n_heads_07,0.01925407651353539,0.1592540765135354
exploratory_post_outcome_not_confirmatory,mean_effect,count_plus_all_bin4,80,candidate_pool_06,1.0,target_loss,mask_2322491b9dd809d6,5,n_heads_05,0.18345016970082728,0.18345016970082728
exploratory_post_outcome_not_confirmatory,mean_effect,count_plus_all_bin4,80,candidate_pool_06,1.0,cost_aware,mask_2322491b9dd809d6,5,n_heads_05,0.18345016970082728,0.28345016970082726
exploratory_post_outcome_not_confirmatory,mean_effect,count_plus_all_bin4,80,candidate_pool_06,1.5,target_loss,mask_c22a533faf194bc5,7,n_heads_07,0.16422387438755326,0.16422387438755326
exploratory_post_outcome_not_confirmatory,mean_effect,count_plus_all_bin4,80,candidate_pool_06,1.5,cost_aware,mask_c22a533faf194bc5,7,n_heads_07,0.16422387438755326,0.3042238743875533
exploratory_post_outcome_not_confirmatory,mean_effect,count_plus_all_bin4,80,candidate_pool_07,0.5,target_loss,mask_6c3e3315afb6fb8c,4,n_heads_04,0.09791639104316852,0.09791639104316852
exploratory_post_outcome_not_confirmatory,mean_effect,count_plus_all_bin4,80,candidate_pool_07,0.5,cost_aware,mask_6c3e3315afb6fb8c,4,n_heads_04,0.09791639104316852,0.17791639104316853
exploratory_post_outcome_not_confirmatory,mean_effect,count_plus_all_bin4,80,candidate_pool_07,1.0,target_loss,mask_2261c8e54842bff6,8,n_heads_08,0.0407760046846104,0.0407760046846104
exploratory_post_outcome_not_confirmatory,mean_effect,count_plus_all_bin4,80,candidate_pool_07,1.0,cost_aware,mask_2261c8e54842bff6,8,n_heads_08,0.0407760046846104,0.2007760046846104
exploratory_post_outcome_not_confirmatory,mean_effect,count_plus_all_bin4,80,candidate_pool_07,1.5,target_loss,mask_83fe021aaca96bf0,5,n_heads_05,0.08587772548368311,0.08587772548368311
exploratory_post_outcome_not_confirmatory,mean_effect,count_plus_all_bin4,80,candidate_pool_07,1.5,cost_aware,mask_83fe021aaca96bf0,5,n_heads_05,0.08587772548368311,0.18587772548368311
exploratory_post_outcome_not_confirmatory,mean_effect,count_plus_all_bin4,80,candidate_pool_08,0.5,target_loss,mask_a842b06af7760b08,4,n_heads_04,0.04482168184330848,0.04482168184330848
exploratory_post_outcome_not_confirmatory,mean_effect,count_plus_all_bin4,80,candidate_pool_08,0.5,cost_aware,mask_a842b06af7760b08,4,n_heads_04,0.04482168184330848,0.12482168184330848
exploratory_post_outcome_not_confirmatory,mean_effect,count_plus_all_bin4,80,candidate_pool_08,1.0,target_loss,mask_0483c7c3a82ced7e,6,n_heads_06,0.007857556002522026,0.007857556002522026
exploratory_post_outcome_not_confirmatory,mean_effect,count_plus_all_bin4,80,candidate_pool_08,1.0,cost_aware,mask_0483c7c3a82ced7e,6,n_heads_06,0.007857556002522026,0.12785755600252202
exploratory_post_outcome_not_confirmatory,mean_effect,count_plus_all_bin4,80,candidate_pool_08,1.5,target_loss,mask_331502b1b3b7fde3,6,n_heads_06,0.13632618679579567,0.13632618679579567
exploratory_post_outcome_not_confirmatory,mean_effect,count_plus_all_bin4,80,candidate_pool_08,1.5,cost_aware,mask_331502b1b3b7fde3,6,n_heads_06,0.13632618679579567,0.25632618679579566
exploratory_post_outcome_not_confirmatory,mean_effect,count_plus_all_bin4,80,candidate_pool_09,0.5,target_loss,mask_4be83a97da997236,8,n_heads_08,0.0602005700816865,0.0602005700816865
exploratory_post_outcome_not_confirmatory,mean_effect,count_plus_all_bin4,80,candidate_pool_09,0.5,cost_aware,mask_4be83a97da997236,8,n_heads_08,0.0602005700816865,0.2202005700816865
exploratory_post_outcome_not_confirmatory,mean_effect,count_plus_all_bin4,80,candidate_pool_09,1.0,target_loss,mask_6000c95aa8146da6,7,n_heads_07,0.04424916141560464,0.04424916141560464
exploratory_post_outcome_not_confirmatory,mean_effect,count_plus_all_bin4,80,candidate_pool_09,1.0,cost_aware,mask_6000c95aa8146da6,7,n_heads_07,0.04424916141560464,0.18424916141560466
exploratory_post_outcome_not_confirmatory,mean_effect,count_plus_all_bin4,80,candidate_pool_09,1.5,target_loss,mask_6c66643ec3bf086c,6,n_heads_06,0.01810784417682343,0.01810784417682343
exploratory_post_outcome_not_confirmatory,mean_effect,count_plus_all_bin4,80,candidate_pool_09,1.5,cost_aware,mask_6c66643ec3bf086c,6,n_heads_06,0.01810784417682343,0.13810784417682342
exploratory_post_outcome_not_confirmatory,mean_effect,count_plus_all_bin4,160,candidate_pool_00,0.5,target_loss,mask_b611eb15c1cbe033,4,n_heads_04,0.0516393003207305,0.0516393003207305
exploratory_post_outcome_not_confirmatory,mean_effect,count_plus_all_bin4,160,candidate_pool_00,0.5,cost_aware,mask_b611eb15c1cbe033,4,n_heads_04,0.0516393003207305,0.1316393003207305
exploratory_post_outcome_not_confirmatory,mean_effect,count_plus_all_bin4,160,candidate_pool_00,1.0,target_loss,mask_a096a397a7d70275,7,n_heads_07,0.018611785946027193,0.018611785946027193
exploratory_post_outcome_not_confirmatory,mean_effect,count_plus_all_bin4,160,candidate_pool_00,1.0,cost_aware,mask_a096a397a7d70275,7,n_heads_07,0.018611785946027193,0.1586117859460272
exploratory_post_outcome_not_confirmatory,mean_effect,count_plus_all_bin4,160,candidate_pool_00,1.5,target_loss,mask_153f1c2a9e066490,6,n_heads_06,0.06433537867438233,0.06433537867438233
exploratory_post_outcome_not_confirmatory,mean_effect,count_plus_all_bin4,160,candidate_pool_00,1.5,cost_aware,mask_153f1c2a9e066490,6,n_heads_06,0.06433537867438233,0.18433537867438232
exploratory_post_outcome_not_confirmatory,mean_effect,count_plus_all_bin4,160,candidate_pool_01,0.5,target_loss,mask_304d12adafdb81c3,6,n_heads_06,0.0054350805498877275,0.0054350805498877275
exploratory_post_outcome_not_confirmatory,mean_effect,count_plus_all_bin4,160,candidate_pool_01,0.5,cost_aware,mask_28f76a93a72310a5,4,n_heads_04,0.026271257327462383,0.10627125732746238
exploratory_post_outcome_not_confirmatory,mean_effect,count_plus_all_bin4,160,candidate_pool_01,1.0,target_loss,mask_76f706be2ab175f0,7,n_heads_07,0.0607314439786556,0.0607314439786556
exploratory_post_outcome_not_confirmatory,mean_effect,count_plus_all_bin4,160,candidate_pool_01,1.0,cost_aware,mask_76f706be2ab175f0,7,n_heads_07,0.0607314439786556,0.2007314439786556
exploratory_post_outcome_not_confirmatory,mean_effect,count_plus_all_bin4,160,candidate_pool_01,1.5,target_loss,mask_69b8a0bd055bae3b,8,n_heads_08,0.0122570305897165,0.0122570305897165
exploratory_post_outcome_not_confirmatory,mean_effect,count_plus_all_bin4,160,candidate_pool_01,1.5,cost_aware,mask_69b8a0bd055bae3b,8,n_heads_08,0.0122570305897165,0.1722570305897165
exploratory_post_outcome_not_confirmatory,mean_effect,count_plus_all_bin4,160,candidate_pool_02,0.5,target_loss,mask_c36034d7c9cf0b25,7,n_heads_07,0.002452857642872619,0.002452857642872619
exploratory_post_outcome_not_confirmatory,mean_effect,count_plus_all_bin4,160,candidate_pool_02,0.5,cost_aware,mask_c36034d7c9cf0b25,7,n_heads_07,0.002452857642872619,0.14245285764287263
exploratory_post_outcome_not_confirmatory,mean_effect,count_plus_all_bin4,160,candidate_pool_02,1.0,target_loss,mask_ab59149b00e47e01,7,n_heads_07,0.008087940741909438,0.008087940741909438
exploratory_post_outcome_not_confirmatory,mean_effect,count_plus_all_bin4,160,candidate_pool_02,1.0,cost_aware,mask_ab59149b00e47e01,7,n_heads_07,0.008087940741909438,0.14808794074190945
exploratory_post_outcome_not_confirmatory,mean_effect,count_plus_all_bin4,160,candidate_pool_02,1.5,target_loss,mask_053a16108482e172,6,n_heads_06,0.1823354859050239,0.1823354859050239
exploratory_post_outcome_not_confirmatory,mean_effect,count_plus_all_bin4,160,candidate_pool_02,1.5,cost_aware,mask_053a16108482e172,6,n_heads_06,0.1823354859050239,0.3023354859050239
exploratory_post_outcome_not_confirmatory,mean_effect,count_plus_all_bin4,160,candidate_pool_03,0.5,target_loss,mask_8e19964bc0ea5bd6,8,n_heads_08,0.0722724119177186,0.0722724119177186
exploratory_post_outcome_not_confirmatory,mean_effect,count_plus_all_bin4,160,candidate_pool_03,0.5,cost_aware,mask_dc2e11f8d6ea9e67,6,n_heads_06,0.10777235207486446,0.22777235207486446
exploratory_post_outcome_not_confirmatory,mean_effect,count_plus_all_bin4,160,candidate_pool_03,1.0,target_loss,mask_30716df5e75daa97,7,n_heads_07,0.06890541111297965,0.06890541111297965
exploratory_post_outcome_not_confirmatory,mean_effect,count_plus_all_bin4,160,candidate_pool_03,1.0,cost_aware,mask_30716df5e75daa97,7,n_heads_07,0.06890541111297965,0.20890541111297967
exploratory_post_outcome_not_confirmatory,mean_effect,count_plus_all_bin4,160,candidate_pool_03,1.5,target_loss,mask_0f1c886d2bd569f0,7,n_heads_07,0.36015187357219247,0.36015187357219247
exploratory_post_outcome_not_confirmatory,mean_effect,count_plus_all_bin4,160,candidate_pool_03,1.5,cost_aware,mask_0f1c886d2bd569f0,7,n_heads_07,0.36015187357219247,0.5001518735721925
exploratory_post_outcome_not_confirmatory,mean_effect,count_plus_all_bin4,160,candidate_pool_04,0.5,target_loss,mask_8f5eca4cbcfcb5db,6,n_heads_06,0.04880554554532679,0.04880554554532679
exploratory_post_outcome_not_confirmatory,mean_effect,count_plus_all_bin4,160,candidate_pool_04,0.5,cost_aware,mask_d1786933297085c0,4,n_heads_04,0.06380349613454872,0.14380349613454874
exploratory_post_outcome_not_confirmatory,mean_effect,count_plus_all_bin4,160,candidate_pool_04,1.0,target_loss,mask_7fb6ffeb6bd8fc1f,7,n_heads_07,0.00461822480081131,0.00461822480081131
exploratory_post_outcome_not_confirmatory,mean_effect,count_plus_all_bin4,160,candidate_pool_04,1.0,cost_aware,mask_ee5fb6904843b482,6,n_heads_06,0.02317943903016917,0.14317943903016916
exploratory_post_outcome_not_confirmatory,mean_effect,count_plus_all_bin4,160,candidate_pool_04,1.5,target_loss,mask_cafa56ef6c77bde9,10,n_heads_10,0.13361908995274985,0.13361908995274985
exploratory_post_outcome_not_confirmatory,mean_effect,count_plus_all_bin4,160,candidate_pool_04,1.5,cost_aware,mask_cafa56ef6c77bde9,10,n_heads_10,0.13361908995274985,0.33361908995274986
exploratory_post_outcome_not_confirmatory,mean_effect,count_plus_all_bin4,160,candidate_pool_05,0.5,target_loss,mask_22c097f7c153bb13,9,n_heads_09,0.010276418718855707,0.010276418718855707
exploratory_post_outcome_not_confirmatory,mean_effect,count_plus_all_bin4,160,candidate_pool_05,0.5,cost_aware,mask_22c097f7c153bb13,9,n_heads_09,0.010276418718855707,0.1902764187188557
exploratory_post_outcome_not_confirmatory,mean_effect,count_plus_all_bin4,160,candidate_pool_05,1.0,target_loss,mask_cf672502900b1ca1,10,n_heads_10,0.018313357309585387,0.018313357309585387
exploratory_post_outcome_not_confirmatory,mean_effect,count_plus_all_bin4,160,candidate_pool_05,1.0,cost_aware,mask_cf672502900b1ca1,10,n_heads_10,0.018313357309585387,0.2183133573095854
exploratory_post_outcome_not_confirmatory,mean_effect,count_plus_all_bin4,160,candidate_pool_05,1.5,target_loss,mask_290a3cb1caf906c3,10,n_heads_10,0.005392392274218505,0.005392392274218505
exploratory_post_outcome_not_confirmatory,mean_effect,count_plus_all_bin4,160,candidate_pool_05,1.5,cost_aware,mask_290a3cb1caf906c3,10,n_heads_10,0.005392392274218505,0.20539239227421852
exploratory_post_outcome_not_confirmatory,mean_effect,count_plus_all_bin4,160,candidate_pool_06,0.5,target_loss,mask_382e0bf880e4af69,5,n_heads_05,0.0011625955924844944,0.0011625955924844944
exploratory_post_outcome_not_confirmatory,mean_effect,count_plus_all_bin4,160,candidate_pool_06,0.5,cost_aware,mask_382e0bf880e4af69,5,n_heads_05,0.0011625955924844944,0.1011625955924845
exploratory_post_outcome_not_confirmatory,mean_effect,count_plus_all_bin4,160,candidate_pool_06,1.0,target_loss,mask_f16ce08b0ff70796,6,n_heads_06,0.03666726963203493,0.03666726963203493
exploratory_post_outcome_not_confirmatory,mean_effect,count_plus_all_bin4,160,candidate_pool_06,1.0,cost_aware,mask_f16ce08b0ff70796,6,n_heads_06,0.03666726963203493,0.15666726963203492
exploratory_post_outcome_not_confirmatory,mean_effect,count_plus_all_bin4,160,candidate_pool_06,1.5,target_loss,mask_c22a533faf194bc5,7,n_heads_07,0.17825428695774725,0.17825428695774725
exploratory_post_outcome_not_confirmatory,mean_effect,count_plus_all_bin4,160,candidate_pool_06,1.5,cost_aware,mask_c22a533faf194bc5,7,n_heads_07,0.17825428695774725,0.31825428695774727
exploratory_post_outcome_not_confirmatory,mean_effect,count_plus_all_bin4,160,candidate_pool_07,0.5,target_loss,mask_6c3e3315afb6fb8c,4,n_heads_04,0.012563135555639315,0.012563135555639315
exploratory_post_outcome_not_confirmatory,mean_effect,count_plus_all_bin4,160,candidate_pool_07,0.5,cost_aware,mask_6c3e3315afb6fb8c,4,n_heads_04,0.012563135555639315,0.09256313555563932
exploratory_post_outcome_not_confirmatory,mean_effect,count_plus_all_bin4,160,candidate_pool_07,1.0,target_loss,mask_2261c8e54842bff6,8,n_heads_08,0.05219686872098883,0.05219686872098883
exploratory_post_outcome_not_confirmatory,mean_effect,count_plus_all_bin4,160,candidate_pool_07,1.0,cost_aware,mask_2261c8e54842bff6,8,n_heads_08,0.05219686872098883,0.21219686872098883
exploratory_post_outcome_not_confirmatory,mean_effect,count_plus_all_bin4,160,candidate_pool_07,1.5,target_loss,mask_83fe021aaca96bf0,5,n_heads_05,0.04440835023668921,0.04440835023668921
exploratory_post_outcome_not_confirmatory,mean_effect,count_plus_all_bin4,160,candidate_pool_07,1.5,cost_aware,mask_83fe021aaca96bf0,5,n_heads_05,0.04440835023668921,0.14440835023668921
exploratory_post_outcome_not_confirmatory,mean_effect,count_plus_all_bin4,160,candidate_pool_08,0.5,target_loss,mask_bda88699e1e7badf,7,n_heads_07,0.016676049148423133,0.016676049148423133
exploratory_post_outcome_not_confirmatory,mean_effect,count_plus_all_bin4,160,candidate_pool_08,0.5,cost_aware,mask_bda88699e1e7badf,7,n_heads_07,0.016676049148423133,0.15667604914842315
exploratory_post_outcome_not_confirmatory,mean_effect,count_plus_all_bin4,160,candidate_pool_08,1.0,target_loss,mask_77740b198a0b3a94,6,n_heads_06,0.029616145064817245,0.029616145064817245
exploratory_post_outcome_not_confirmatory,mean_effect,count_plus_all_bin4,160,candidate_pool_08,1.0,cost_aware,mask_77740b198a0b3a94,6,n_heads_06,0.029616145064817245,0.14961614506481724
exploratory_post_outcome_not_confirmatory,mean_effect,count_plus_all_bin4,160,candidate_pool_08,1.5,target_loss,mask_1ee94a6fab0d1183,8,n_heads_08,0.0867738705483978,0.0867738705483978
exploratory_post_outcome_not_confirmatory,mean_effect,count_plus_all_bin4,160,candidate_pool_08,1.5,cost_aware,mask_1ee94a6fab0d1183,8,n_heads_08,0.0867738705483978,0.2467738705483978
exploratory_post_outcome_not_confirmatory,mean_effect,count_plus_all_bin4,160,candidate_pool_09,0.5,target_loss,mask_99b322f566a2bc85,6,n_heads_06,0.04754962329807777,0.04754962329807777
exploratory_post_outcome_not_confirmatory,mean_effect,count_plus_all_bin4,160,candidate_pool_09,0.5,cost_aware,mask_99b322f566a2bc85,6,n_heads_06,0.04754962329807777,0.16754962329807777
exploratory_post_outcome_not_confirmatory,mean_effect,count_plus_all_bin4,160,candidate_pool_09,1.0,target_loss,mask_6000c95aa8146da6,7,n_heads_07,0.05828243255880283,0.05828243255880283
exploratory_post_outcome_not_confirmatory,mean_effect,count_plus_all_bin4,160,candidate_pool_09,1.0,cost_aware,mask_6000c95aa8146da6,7,n_heads_07,0.05828243255880283,0.19828243255880285
exploratory_post_outcome_not_confirmatory,mean_effect,count_plus_all_bin4,160,candidate_pool_09,1.5,target_loss,mask_ea7ded36b0b6aa15,8,n_heads_08,0.005759129775448901,0.005759129775448901
exploratory_post_outcome_not_confirmatory,mean_effect,count_plus_all_bin4,160,candidate_pool_09,1.5,cost_aware,mask_ea7ded36b0b6aa15,8,n_heads_08,0.005759129775448901,0.1657591297754489
exploratory_post_outcome_not_confirmatory,mean_effect,head_pair_quadratic_screen,160,candidate_pool_00,0.5,target_loss,mask_714aefc72a94a0e9,5,n_heads_05,0.0052160920695109025,0.0052160920695109025
exploratory_post_outcome_not_confirmatory,mean_effect,head_pair_quadratic_screen,160,candidate_pool_00,0.5,cost_aware,mask_714aefc72a94a0e9,5,n_heads_05,0.0052160920695109025,0.10521609206951091
exploratory_post_outcome_not_confirmatory,mean_effect,head_pair_quadratic_screen,160,candidate_pool_00,1.0,target_loss,mask_b611eb15c1cbe033,4,n_heads_04,0.007607028856610354,0.007607028856610354
exploratory_post_outcome_not_confirmatory,mean_effect,head_pair_quadratic_screen,160,candidate_pool_00,1.0,cost_aware,mask_b611eb15c1cbe033,4,n_heads_04,0.007607028856610354,0.08760702885661036
exploratory_post_outcome_not_confirmatory,mean_effect,head_pair_quadratic_screen,160,candidate_pool_00,1.5,target_loss,mask_ff6985d2961f695d,9,n_heads_09,0.01904681855384216,0.01904681855384216
exploratory_post_outcome_not_confirmatory,mean_effect,head_pair_quadratic_screen,160,candidate_pool_00,1.5,cost_aware,mask_ff6985d2961f695d,9,n_heads_09,0.01904681855384216,0.19904681855384215
exploratory_post_outcome_not_confirmatory,mean_effect,head_pair_quadratic_screen,160,candidate_pool_01,0.5,target_loss,mask_16dc2167f216f5a8,5,n_heads_05,0.0001070386233993359,0.0001070386233993359
exploratory_post_outcome_not_confirmatory,mean_effect,head_pair_quadratic_screen,160,candidate_pool_01,0.5,cost_aware,mask_16dc2167f216f5a8,5,n_heads_05,0.0001070386233993359,0.10010703862339934
exploratory_post_outcome_not_confirmatory,mean_effect,head_pair_quadratic_screen,160,candidate_pool_01,1.0,target_loss,mask_d4041af54a719d70,7,n_heads_07,0.02068592513935852,0.02068592513935852
exploratory_post_outcome_not_confirmatory,mean_effect,head_pair_quadratic_screen,160,candidate_pool_01,1.0,cost_aware,mask_d4041af54a719d70,7,n_heads_07,0.02068592513935852,0.16068592513935853
exploratory_post_outcome_not_confirmatory,mean_effect,head_pair_quadratic_screen,160,candidate_pool_01,1.5,target_loss,mask_69b8a0bd055bae3b,8,n_heads_08,0.07725904279304907,0.07725904279304907
exploratory_post_outcome_not_confirmatory,mean_effect,head_pair_quadratic_screen,160,candidate_pool_01,1.5,cost_aware,mask_88feb37e4997bcb0,7,n_heads_07,0.08117106310436606,0.22117106310436607
exploratory_post_outcome_not_confirmatory,mean_effect,head_pair_quadratic_screen,160,candidate_pool_02,0.5,target_loss,mask_1d9e3422b50673a4,10,n_heads_10,0.02167315829976668,0.02167315829976668
exploratory_post_outcome_not_confirmatory,mean_effect,head_pair_quadratic_screen,160,candidate_pool_02,0.5,cost_aware,mask_c7772d470875866f,4,n_heads_04,0.11290216378213047,0.1929021637821305
exploratory_post_outcome_not_confirmatory,mean_effect,head_pair_quadratic_screen,160,candidate_pool_02,1.0,target_loss,mask_267196af5474f7ae,8,n_heads_08,0.04960486486379034,0.04960486486379034
exploratory_post_outcome_not_confirmatory,mean_effect,head_pair_quadratic_screen,160,candidate_pool_02,1.0,cost_aware,mask_053a16108482e172,6,n_heads_06,0.05626927032691276,0.17626927032691275
exploratory_post_outcome_not_confirmatory,mean_effect,head_pair_quadratic_screen,160,candidate_pool_02,1.5,target_loss,mask_6a56eb1c10f15cf8,7,n_heads_07,0.27262244447680395,0.27262244447680395
exploratory_post_outcome_not_confirmatory,mean_effect,head_pair_quadratic_screen,160,candidate_pool_02,1.5,cost_aware,mask_6a56eb1c10f15cf8,7,n_heads_07,0.27262244447680395,0.41262244447680396
exploratory_post_outcome_not_confirmatory,mean_effect,head_pair_quadratic_screen,160,candidate_pool_03,0.5,target_loss,mask_fdaa260e90039f39,8,n_heads_08,0.017612411031395325,0.017612411031395325
exploratory_post_outcome_not_confirmatory,mean_effect,head_pair_quadratic_screen,160,candidate_pool_03,0.5,cost_aware,mask_5b90a18db67578c0,5,n_heads_05,0.02691039240235482,0.12691039240235483
exploratory_post_outcome_not_confirmatory,mean_effect,head_pair_quadratic_screen,160,candidate_pool_03,1.0,target_loss,mask_aedb2c503c8eced2,5,n_heads_05,0.026381282638860637,0.026381282638860637
exploratory_post_outcome_not_confirmatory,mean_effect,head_pair_quadratic_screen,160,candidate_pool_03,1.0,cost_aware,mask_aedb2c503c8eced2,5,n_heads_05,0.026381282638860637,0.12638128263886064
exploratory_post_outcome_not_confirmatory,mean_effect,head_pair_quadratic_screen,160,candidate_pool_03,1.5,target_loss,mask_0f1c886d2bd569f0,7,n_heads_07,0.057045570971447024,0.057045570971447024
exploratory_post_outcome_not_confirmatory,mean_effect,head_pair_quadratic_screen,160,candidate_pool_03,1.5,cost_aware,mask_0f1c886d2bd569f0,7,n_heads_07,0.057045570971447024,0.19704557097144704
exploratory_post_outcome_not_confirmatory,mean_effect,head_pair_quadratic_screen,160,candidate_pool_04,0.5,target_loss,mask_93f84412f1b2de39,7,n_heads_07,0.019759914389433586,0.019759914389433586
exploratory_post_outcome_not_confirmatory,mean_effect,head_pair_quadratic_screen,160,candidate_pool_04,0.5,cost_aware,mask_d1786933297085c0,4,n_heads_04,0.07867307520233668,0.1586730752023367
exploratory_post_outcome_not_confirmatory,mean_effect,head_pair_quadratic_screen,160,candidate_pool_04,1.0,target_loss,mask_5d6868f3c7cf99b3,6,n_heads_06,0.0329612285072759,0.0329612285072759
exploratory_post_outcome_not_confirmatory,mean_effect,head_pair_quadratic_screen,160,candidate_pool_04,1.0,cost_aware,mask_5d6868f3c7cf99b3,6,n_heads_06,0.0329612285072759,0.1529612285072759
exploratory_post_outcome_not_confirmatory,mean_effect,head_pair_quadratic_screen,160,candidate_pool_04,1.5,target_loss,mask_cafa56ef6c77bde9,10,n_heads_10,0.15670320262068005,0.15670320262068005
exploratory_post_outcome_not_confirmatory,mean_effect,head_pair_quadratic_screen,160,candidate_pool_04,1.5,cost_aware,mask_cafa56ef6c77bde9,10,n_heads_10,0.15670320262068005,0.35670320262068006
exploratory_post_outcome_not_confirmatory,mean_effect,head_pair_quadratic_screen,160,candidate_pool_05,0.5,target_loss,mask_df9ab984d1b9e9f4,9,n_heads_09,0.015562036674326318,0.015562036674326318
exploratory_post_outcome_not_confirmatory,mean_effect,head_pair_quadratic_screen,160,candidate_pool_05,0.5,cost_aware,mask_0ea1a19911258943,4,n_heads_04,0.06661382638317298,0.146613826383173
exploratory_post_outcome_not_confirmatory,mean_effect,head_pair_quadratic_screen,160,candidate_pool_05,1.0,target_loss,mask_f0bc7dbe5565770b,5,n_heads_05,0.0701084692827143,0.0701084692827143
exploratory_post_outcome_not_confirmatory,mean_effect,head_pair_quadratic_screen,160,candidate_pool_05,1.0,cost_aware,mask_f0bc7dbe5565770b,5,n_heads_05,0.0701084692827143,0.1701084692827143
exploratory_post_outcome_not_confirmatory,mean_effect,head_pair_quadratic_screen,160,candidate_pool_05,1.5,target_loss,mask_f5d21a1898de9318,7,n_heads_07,0.051066622718077825,0.051066622718077825
exploratory_post_outcome_not_confirmatory,mean_effect,head_pair_quadratic_screen,160,candidate_pool_05,1.5,cost_aware,mask_f5d21a1898de9318,7,n_heads_07,0.051066622718077825,0.19106662271807784
exploratory_post_outcome_not_confirmatory,mean_effect,head_pair_quadratic_screen,160,candidate_pool_06,0.5,target_loss,mask_f2b097d9ab973b9b,7,n_heads_07,0.026043579015078033,0.026043579015078033
exploratory_post_outcome_not_confirmatory,mean_effect,head_pair_quadratic_screen,160,candidate_pool_06,0.5,cost_aware,mask_f2b097d9ab973b9b,7,n_heads_07,0.026043579015078033,0.16604357901507805
exploratory_post_outcome_not_confirmatory,mean_effect,head_pair_quadratic_screen,160,candidate_pool_06,1.0,target_loss,mask_8da4b6178fa2b73e,7,n_heads_07,0.019830226846897725,0.019830226846897725
exploratory_post_outcome_not_confirmatory,mean_effect,head_pair_quadratic_screen,160,candidate_pool_06,1.0,cost_aware,mask_8da4b6178fa2b73e,7,n_heads_07,0.019830226846897725,0.15983022684689774
exploratory_post_outcome_not_confirmatory,mean_effect,head_pair_quadratic_screen,160,candidate_pool_06,1.5,target_loss,mask_ba28cb4fde59866a,9,n_heads_09,0.003483965099858377,0.003483965099858377
exploratory_post_outcome_not_confirmatory,mean_effect,head_pair_quadratic_screen,160,candidate_pool_06,1.5,cost_aware,mask_ba28cb4fde59866a,9,n_heads_09,0.003483965099858377,0.18348396509985837
exploratory_post_outcome_not_confirmatory,mean_effect,head_pair_quadratic_screen,160,candidate_pool_07,0.5,target_loss,mask_21e5e4333c6fc40a,6,n_heads_06,0.016499724243182468,0.016499724243182468
exploratory_post_outcome_not_confirmatory,mean_effect,head_pair_quadratic_screen,160,candidate_pool_07,0.5,cost_aware,mask_21e5e4333c6fc40a,6,n_heads_06,0.016499724243182468,0.13649972424318246
exploratory_post_outcome_not_confirmatory,mean_effect,head_pair_quadratic_screen,160,candidate_pool_07,1.0,target_loss,mask_c4774bd021c06295,7,n_heads_07,0.021917087105845834,0.021917087105845834
exploratory_post_outcome_not_confirmatory,mean_effect,head_pair_quadratic_screen,160,candidate_pool_07,1.0,cost_aware,mask_c4774bd021c06295,7,n_heads_07,0.021917087105845834,0.16191708710584585
exploratory_post_outcome_not_confirmatory,mean_effect,head_pair_quadratic_screen,160,candidate_pool_07,1.5,target_loss,mask_9401c6bc69ed4d22,10,n_heads_10,0.00325325950683375,0.00325325950683375
exploratory_post_outcome_not_confirmatory,mean_effect,head_pair_quadratic_screen,160,candidate_pool_07,1.5,cost_aware,mask_2261c8e54842bff6,8,n_heads_08,0.038222969013208985,0.198222969013209
exploratory_post_outcome_not_confirmatory,mean_effect,head_pair_quadratic_screen,160,candidate_pool_08,0.5,target_loss,mask_0483c7c3a82ced7e,6,n_heads_06,0.018291026840263902,0.018291026840263902
exploratory_post_outcome_not_confirmatory,mean_effect,head_pair_quadratic_screen,160,candidate_pool_08,0.5,cost_aware,mask_0483c7c3a82ced7e,6,n_heads_06,0.018291026840263902,0.1382910268402639
exploratory_post_outcome_not_confirmatory,mean_effect,head_pair_quadratic_screen,160,candidate_pool_08,1.0,target_loss,mask_331502b1b3b7fde3,6,n_heads_06,0.047057871457267475,0.047057871457267475
exploratory_post_outcome_not_confirmatory,mean_effect,head_pair_quadratic_screen,160,candidate_pool_08,1.0,cost_aware,mask_331502b1b3b7fde3,6,n_heads_06,0.047057871457267475,0.16705787145726747
exploratory_post_outcome_not_confirmatory,mean_effect,head_pair_quadratic_screen,160,candidate_pool_08,1.5,target_loss,mask_1ee94a6fab0d1183,8,n_heads_08,0.08309237740603814,0.08309237740603814
exploratory_post_outcome_not_confirmatory,mean_effect,head_pair_quadratic_screen,160,candidate_pool_08,1.5,cost_aware,mask_1ee94a6fab0d1183,8,n_heads_08,0.08309237740603814,0.24309237740603815
exploratory_post_outcome_not_confirmatory,mean_effect,head_pair_quadratic_screen,160,candidate_pool_09,0.5,target_loss,mask_4be83a97da997236,8,n_heads_08,0.01605270037601675,0.01605270037601675
exploratory_post_outcome_not_confirmatory,mean_effect,head_pair_quadratic_screen,160,candidate_pool_09,0.5,cost_aware,mask_c3f11a7d9ebab23d,6,n_heads_06,0.030926681438621983,0.15092668143862198
exploratory_post_outcome_not_confirmatory,mean_effect,head_pair_quadratic_screen,160,candidate_pool_09,1.0,target_loss,mask_6000c95aa8146da6,7,n_heads_07,0.1302422179955034,0.1302422179955034
exploratory_post_outcome_not_confirmatory,mean_effect,head_pair_quadratic_screen,160,candidate_pool_09,1.0,cost_aware,mask_6000c95aa8146da6,7,n_heads_07,0.1302422179955034,0.2702422179955034
exploratory_post_outcome_not_confirmatory,mean_effect,head_pair_quadratic_screen,160,candidate_pool_09,1.5,target_loss,mask_99b322f566a2bc85,6,n_heads_06,0.08432742928425352,0.08432742928425352
exploratory_post_outcome_not_confirmatory,mean_effect,head_pair_quadratic_screen,160,candidate_pool_09,1.5,cost_aware,mask_99b322f566a2bc85,6,n_heads_06,0.08432742928425352,0.20432742928425351
