analysis_status,screen_status,selector_family,target,model,measurement_budget,mask_id,predicted_target_loss
exploratory_post_outcome_not_confirmatory,capacity_matched_posthoc_mean_effect_control,mean_effect,0.5,head_pair_quadratic_screen,160,mask_005e8f0c4b6641e0,2.446531242561206
exploratory_post_outcome_not_confirmatory,capacity_matched_posthoc_mean_effect_control,mean_effect,0.5,head_pair_quadratic_screen,160,mask_0279c47242fa6dc7,1.9449897411138368
exploratory_post_outcome_not_confirmatory,capacity_matched_posthoc_mean_effect_control,mean_effect,0.5,head_pair_quadratic_screen,160,mask_02e4a5b0e632441b,1.693404589785467
exploratory_post_outcome_not_confirmatory,capacity_matched_posthoc_mean_effect_control,mean_effect,0.5,head_pair_quadratic_screen,160,mask_03ced2f511e0a2f2,1.4238935431900257
exploratory_post_outcome_not_confirmatory,capacity_matched_posthoc_mean_effect_control,mean_effect,0.5,head_pair_quadratic_screen,160,mask_0483c7c3a82ced7e,0.018291026840263902
exploratory_post_outcome_not_confirmatory,capacity_matched_posthoc_mean_effect_control,mean_effect,0.5,head_pair_quadratic_screen,160,mask_053a16108482e172,0.5562692703269128
exploratory_post_outcome_not_confirmatory,capacity_matched_posthoc_mean_effect_control,mean_effect,0.5,head_pair_quadratic_screen,160,mask_05debd2dcf6608b1,2.911930880263325
exploratory_post_outcome_not_confirmatory,capacity_matched_posthoc_mean_effect_control,mean_effect,0.5,head_pair_quadratic_screen,160,mask_06701c9de64728ed,2.950079223536955
exploratory_post_outcome_not_confirmatory,capacity_matched_posthoc_mean_effect_control,mean_effect,0.5,head_pair_quadratic_screen,160,mask_08ecbaf1273b839d,2.4479471376016355
exploratory_post_outcome_not_confirmatory,capacity_matched_posthoc_mean_effect_control,mean_effect,0.5,head_pair_quadratic_screen,160,mask_0996d9ce9b8fc03f,2.6222204432202063
exploratory_post_outcome_not_confirmatory,capacity_matched_posthoc_mean_effect_control,mean_effect,0.5,head_pair_quadratic_screen,160,mask_0adfe596cdffa062,0.46876228405356274
exploratory_post_outcome_not_confirmatory,capacity_matched_posthoc_mean_effect_control,mean_effect,0.5,head_pair_quadratic_screen,160,mask_0cbfd8c3e3987d54,0.699762735889661
exploratory_post_outcome_not_confirmatory,capacity_matched_posthoc_mean_effect_control,mean_effect,0.5,head_pair_quadratic_screen,160,mask_0e613a7552299eed,2.799345226035224
exploratory_post_outcome_not_confirmatory,capacity_matched_posthoc_mean_effect_control,mean_effect,0.5,head_pair_quadratic_screen,160,mask_0e86e968e9d121f9,0.16868838754028503
exploratory_post_outcome_not_confirmatory,capacity_matched_posthoc_mean_effect_control,mean_effect,0.5,head_pair_quadratic_screen,160,mask_0ea1a19911258943,0.06661382638317298
exploratory_post_outcome_not_confirmatory,capacity_matched_posthoc_mean_effect_control,mean_effect,0.5,head_pair_quadratic_screen,160,mask_0f1c886d2bd569f0,1.057045570971447
exploratory_post_outcome_not_confirmatory,capacity_matched_posthoc_mean_effect_control,mean_effect,0.5,head_pair_quadratic_screen,160,mask_0fb6d9bf1421fa6c,2.3804424883396074
exploratory_post_outcome_not_confirmatory,capacity_matched_posthoc_mean_effect_control,mean_effect,0.5,head_pair_quadratic_screen,160,mask_1071d55a6118c541,2.9422755501979485
exploratory_post_outcome_not_confirmatory,capacity_matched_posthoc_mean_effect_control,mean_effect,0.5,head_pair_quadratic_screen,160,mask_111b2c86496d6209,0.8231022893860278
exploratory_post_outcome_not_confirmatory,capacity_matched_posthoc_mean_effect_control,mean_effect,0.5,head_pair_quadratic_screen,160,mask_13bde25a1f9e1093,1.848736450226065
exploratory_post_outcome_not_confirmatory,capacity_matched_posthoc_mean_effect_control,mean_effect,0.5,head_pair_quadratic_screen,160,mask_153f1c2a9e066490,0.1725879229012588
exploratory_post_outcome_not_confirmatory,capacity_matched_posthoc_mean_effect_control,mean_effect,0.5,head_pair_quadratic_screen,160,mask_16dc2167f216f5a8,0.0001070386233993359
exploratory_post_outcome_not_confirmatory,capacity_matched_posthoc_mean_effect_control,mean_effect,0.5,head_pair_quadratic_screen,160,mask_1abd41f1a83adf2a,0.19949166553758912
exploratory_post_outcome_not_confirmatory,capacity_matched_posthoc_mean_effect_control,mean_effect,0.5,head_pair_quadratic_screen,160,mask_1ac89476f4e553f7,0.30580759508138877
exploratory_post_outcome_not_confirmatory,capacity_matched_posthoc_mean_effect_control,mean_effect,0.5,head_pair_quadratic_screen,160,mask_1b0c2fea7e73598b,1.404597092902885
exploratory_post_outcome_not_confirmatory,capacity_matched_posthoc_mean_effect_control,mean_effect,0.5,head_pair_quadratic_screen,160,mask_1d6d3f9f5c61b0fa,0.2788594532768335
exploratory_post_outcome_not_confirmatory,capacity_matched_posthoc_mean_effect_control,mean_effect,0.5,head_pair_quadratic_screen,160,mask_1d9e3422b50673a4,0.02167315829976668
exploratory_post_outcome_not_confirmatory,capacity_matched_posthoc_mean_effect_control,mean_effect,0.5,head_pair_quadratic_screen,160,mask_1e1088beec645b87,0.9349300285813489
exploratory_post_outcome_not_confirmatory,capacity_matched_posthoc_mean_effect_control,mean_effect,0.5,head_pair_quadratic_screen,160,mask_1ee94a6fab0d1183,0.9169076225939619
exploratory_post_outcome_not_confirmatory,capacity_matched_posthoc_mean_effect_control,mean_effect,0.5,head_pair_quadratic_screen,160,mask_1f36ab0e18336a51,0.42080843434945936
exploratory_post_outcome_not_confirmatory,capacity_matched_posthoc_mean_effect_control,mean_effect,0.5,head_pair_quadratic_screen,160,mask_20c5557cea9da719,0.47700454091805766
exploratory_post_outcome_not_confirmatory,capacity_matched_posthoc_mean_effect_control,mean_effect,0.5,head_pair_quadratic_screen,160,mask_21e5e4333c6fc40a,0.016499724243182468
exploratory_post_outcome_not_confirmatory,capacity_matched_posthoc_mean_effect_control,mean_effect,0.5,head_pair_quadratic_screen,160,mask_2261c8e54842bff6,0.961777030986791
exploratory_post_outcome_not_confirmatory,capacity_matched_posthoc_mean_effect_control,mean_effect,0.5,head_pair_quadratic_screen,160,mask_22c097f7c153bb13,0.19603682185991655
exploratory_post_outcome_not_confirmatory,capacity_matched_posthoc_mean_effect_control,mean_effect,0.5,head_pair_quadratic_screen,160,mask_2322491b9dd809d6,0.10961870438343402
exploratory_post_outcome_not_confirmatory,capacity_matched_posthoc_mean_effect_control,mean_effect,0.5,head_pair_quadratic_screen,160,mask_23526c3b8294fcb7,0.6737767912067278
exploratory_post_outcome_not_confirmatory,capacity_matched_posthoc_mean_effect_control,mean_effect,0.5,head_pair_quadratic_screen,160,mask_236220af5313649a,2.684678228032661
exploratory_post_outcome_not_confirmatory,capacity_matched_posthoc_mean_effect_control,mean_effect,0.5,head_pair_quadratic_screen,160,mask_248e15522b401ece,0.7236243362753403
exploratory_post_outcome_not_confirmatory,capacity_matched_posthoc_mean_effect_control,mean_effect,0.5,head_pair_quadratic_screen,160,mask_24aa69bed4ef8bfe,0.4983431650653709
exploratory_post_outcome_not_confirmatory,capacity_matched_posthoc_mean_effect_control,mean_effect,0.5,head_pair_quadratic_screen,160,mask_25276dd47f8ef77c,0.7870272177461213
exploratory_post_outcome_not_confirmatory,capacity_matched_posthoc_mean_effect_control,mean_effect,0.5,head_pair_quadratic_screen,160,mask_25aa4cf6fe69b75c,0.5348551654223
exploratory_post_outcome_not_confirmatory,capacity_matched_posthoc_mean_effect_control,mean_effect,0.5,head_pair_quadratic_screen,160,mask_25aad795bfaf26cc,1.471154500167351
exploratory_post_outcome_not_confirmatory,capacity_matched_posthoc_mean_effect_control,mean_effect,0.5,head_pair_quadratic_screen,160,mask_25fa34fa11b9dfa9,2.183704286063136
exploratory_post_outcome_not_confirmatory,capacity_matched_posthoc_mean_effect_control,mean_effect,0.5,head_pair_quadratic_screen,160,mask_261f2ebd1f8a4eaa,0.30083967427622116
exploratory_post_outcome_not_confirmatory,capacity_matched_posthoc_mean_effect_control,mean_effect,0.5,head_pair_quadratic_screen,160,mask_267196af5474f7ae,0.5496048648637903
exploratory_post_outcome_not_confirmatory,capacity_matched_posthoc_mean_effect_control,mean_effect,0.5,head_pair_quadratic_screen,160,mask_28f76a93a72310a5,0.1878392522041289
exploratory_post_outcome_not_confirmatory,capacity_matched_posthoc_mean_effect_control,mean_effect,0.5,head_pair_quadratic_screen,160,mask_29035c0362b5b9f8,2.0324374128720164
exploratory_post_outcome_not_confirmatory,capacity_matched_posthoc_mean_effect_control,mean_effect,0.5,head_pair_quadratic_screen,160,mask_290a3cb1caf906c3,1.1946733676527672
exploratory_post_outcome_not_confirmatory,capacity_matched_posthoc_mean_effect_control,mean_effect,0.5,head_pair_quadratic_screen,160,mask_29da43b5474a3359,2.349624236265841
exploratory_post_outcome_not_confirmatory,capacity_matched_posthoc_mean_effect_control,mean_effect,0.5,head_pair_quadratic_screen,160,mask_2a1ac7c246d39381,3.377933507994901
exploratory_post_outcome_not_confirmatory,capacity_matched_posthoc_mean_effect_control,mean_effect,0.5,head_pair_quadratic_screen,160,mask_2b83958421bb5cda,0.27390297742791436
exploratory_post_outcome_not_confirmatory,capacity_matched_posthoc_mean_effect_control,mean_effect,0.5,head_pair_quadratic_screen,160,mask_2c9efa6ba7e1581f,0.2506289121614471
exploratory_post_outcome_not_confirmatory,capacity_matched_posthoc_mean_effect_control,mean_effect,0.5,head_pair_quadratic_screen,160,mask_2d90e84a12b72772,1.1146734839805514
exploratory_post_outcome_not_confirmatory,capacity_matched_posthoc_mean_effect_control,mean_effect,0.5,head_pair_quadratic_screen,160,mask_304d12adafdb81c3,0.4859206350027391
exploratory_post_outcome_not_confirmatory,capacity_matched_posthoc_mean_effect_control,mean_effect,0.5,head_pair_quadratic_screen,160,mask_30716df5e75daa97,0.051798378699578596
exploratory_post_outcome_not_confirmatory,capacity_matched_posthoc_mean_effect_control,mean_effect,0.5,head_pair_quadratic_screen,160,mask_30a6028bf95dd005,3.696023546469304
exploratory_post_outcome_not_confirmatory,capacity_matched_posthoc_mean_effect_control,mean_effect,0.5,head_pair_quadratic_screen,160,mask_317174e97dc0f0ba,0.9074970608718848
exploratory_post_outcome_not_confirmatory,capacity_matched_posthoc_mean_effect_control,mean_effect,0.5,head_pair_quadratic_screen,160,mask_318be3c54bb72e0d,0.9734421402217056
exploratory_post_outcome_not_confirmatory,capacity_matched_posthoc_mean_effect_control,mean_effect,0.5,head_pair_quadratic_screen,160,mask_331502b1b3b7fde3,0.4529421285427325
exploratory_post_outcome_not_confirmatory,capacity_matched_posthoc_mean_effect_control,mean_effect,0.5,head_pair_quadratic_screen,160,mask_3507ab216f864cbe,0.5722028922391666
exploratory_post_outcome_not_confirmatory,capacity_matched_posthoc_mean_effect_control,mean_effect,0.5,head_pair_quadratic_screen,160,mask_382e0bf880e4af69,0.11590748672185708
exploratory_post_outcome_not_confirmatory,capacity_matched_posthoc_mean_effect_control,mean_effect,0.5,head_pair_quadratic_screen,160,mask_384a80f180c950e1,1.2118970957433997
exploratory_post_outcome_not_confirmatory,capacity_matched_posthoc_mean_effect_control,mean_effect,0.5,head_pair_quadratic_screen,160,mask_3895d99325d254e9,2.0086436855066854
exploratory_post_outcome_not_confirmatory,capacity_matched_posthoc_mean_effect_control,mean_effect,0.5,head_pair_quadratic_screen,160,mask_392b59cd4fb2c2ba,0.25940245750094176
exploratory_post_outcome_not_confirmatory,capacity_matched_posthoc_mean_effect_control,mean_effect,0.5,head_pair_quadratic_screen,160,mask_3a1e9bb541f8aca6,1.815442418079808
exploratory_post_outcome_not_confirmatory,capacity_matched_posthoc_mean_effect_control,mean_effect,0.5,head_pair_quadratic_screen,160,mask_3b86851daac9b820,3.1611221094518767
exploratory_post_outcome_not_confirmatory,capacity_matched_posthoc_mean_effect_control,mean_effect,0.5,head_pair_quadratic_screen,160,mask_3c166d1eae5ed3e7,0.5557360184285074
exploratory_post_outcome_not_confirmatory,capacity_matched_posthoc_mean_effect_control,mean_effect,0.5,head_pair_quadratic_screen,160,mask_3c9ed4cc352cbb27,0.25797664711265644
exploratory_post_outcome_not_confirmatory,capacity_matched_posthoc_mean_effect_control,mean_effect,0.5,head_pair_quadratic_screen,160,mask_3cd13f0b09b38224,1.059019967826257
exploratory_post_outcome_not_confirmatory,capacity_matched_posthoc_mean_effect_control,mean_effect,0.5,head_pair_quadratic_screen,160,mask_3cd97f4a74d408b8,0.7882382670321348
exploratory_post_outcome_not_confirmatory,capacity_matched_posthoc_mean_effect_control,mean_effect,0.5,head_pair_quadratic_screen,160,mask_3f221e71d8f4c4eb,1.6128973392253587
exploratory_post_outcome_not_confirmatory,capacity_matched_posthoc_mean_effect_control,mean_effect,0.5,head_pair_quadratic_screen,160,mask_3f42ad7cb49d164c,1.7573769911834958
exploratory_post_outcome_not_confirmatory,capacity_matched_posthoc_mean_effect_control,mean_effect,0.5,head_pair_quadratic_screen,160,mask_3fd358a395ddfdd8,0.2507484357477119
exploratory_post_outcome_not_confirmatory,capacity_matched_posthoc_mean_effect_control,mean_effect,0.5,head_pair_quadratic_screen,160,mask_404aeacce5dd470d,0.36146633106709497
exploratory_post_outcome_not_confirmatory,capacity_matched_posthoc_mean_effect_control,mean_effect,0.5,head_pair_quadratic_screen,160,mask_4069015a4c8c7628,0.2529492851940368
exploratory_post_outcome_not_confirmatory,capacity_matched_posthoc_mean_effect_control,mean_effect,0.5,head_pair_quadratic_screen,160,mask_42c60001461509c6,2.317413093006225
exploratory_post_outcome_not_confirmatory,capacity_matched_posthoc_mean_effect_control,mean_effect,0.5,head_pair_quadratic_screen,160,mask_438eb8e7551c3dd4,0.2956068558167202
exploratory_post_outcome_not_confirmatory,capacity_matched_posthoc_mean_effect_control,mean_effect,0.5,head_pair_quadratic_screen,160,mask_439dcebfa10ec4e4,1.13917858379083
exploratory_post_outcome_not_confirmatory,capacity_matched_posthoc_mean_effect_control,mean_effect,0.5,head_pair_quadratic_screen,160,mask_441a862ab7ebf428,1.3631726504193795
exploratory_post_outcome_not_confirmatory,capacity_matched_posthoc_mean_effect_control,mean_effect,0.5,head_pair_quadratic_screen,160,mask_46bb144591a6ff63,4.356393854067299
exploratory_post_outcome_not_confirmatory,capacity_matched_posthoc_mean_effect_control,mean_effect,0.5,head_pair_quadratic_screen,160,mask_46ec7d95f82c114c,0.5993396057159843
exploratory_post_outcome_not_confirmatory,capacity_matched_posthoc_mean_effect_control,mean_effect,0.5,head_pair_quadratic_screen,160,mask_48512872c4f2d5bd,1.5202025257364913
exploratory_post_outcome_not_confirmatory,capacity_matched_posthoc_mean_effect_control,mean_effect,0.5,head_pair_quadratic_screen,160,mask_4887f05639551759,0.05735465539318463
exploratory_post_outcome_not_confirmatory,capacity_matched_posthoc_mean_effect_control,mean_effect,0.5,head_pair_quadratic_screen,160,mask_4be83a97da997236,0.01605270037601675
exploratory_post_outcome_not_confirmatory,capacity_matched_posthoc_mean_effect_control,mean_effect,0.5,head_pair_quadratic_screen,160,mask_4d3f046ece5f8214,1.2011718003979355
exploratory_post_outcome_not_confirmatory,capacity_matched_posthoc_mean_effect_control,mean_effect,0.5,head_pair_quadratic_screen,160,mask_4dc179e3bed83994,1.232309538773363
exploratory_post_outcome_not_confirmatory,capacity_matched_posthoc_mean_effect_control,mean_effect,0.5,head_pair_quadratic_screen,160,mask_4df006937804a6d1,0.703375385691818
exploratory_post_outcome_not_confirmatory,capacity_matched_posthoc_mean_effect_control,mean_effect,0.5,head_pair_quadratic_screen,160,mask_4e88ec3f5ad705c7,1.3842153949702625
exploratory_post_outcome_not_confirmatory,capacity_matched_posthoc_mean_effect_control,mean_effect,0.5,head_pair_quadratic_screen,160,mask_502a955fb93e65d9,0.1353554877068106
exploratory_post_outcome_not_confirmatory,capacity_matched_posthoc_mean_effect_control,mean_effect,0.5,head_pair_quadratic_screen,160,mask_510a1a5f1a6a36a9,0.7330526632389937
exploratory_post_outcome_not_confirmatory,capacity_matched_posthoc_mean_effect_control,mean_effect,0.5,head_pair_quadratic_screen,160,mask_5190866506d2856d,0.9983102438801759
exploratory_post_outcome_not_confirmatory,capacity_matched_posthoc_mean_effect_control,mean_effect,0.5,head_pair_quadratic_screen,160,mask_51d102684cbc70d7,2.0665515217095756
exploratory_post_outcome_not_confirmatory,capacity_matched_posthoc_mean_effect_control,mean_effect,0.5,head_pair_quadratic_screen,160,mask_5209887ff03654c4,0.31717075524511007
exploratory_post_outcome_not_confirmatory,capacity_matched_posthoc_mean_effect_control,mean_effect,0.5,head_pair_quadratic_screen,160,mask_52536938b0d3c559,1.3086344061706399
exploratory_post_outcome_not_confirmatory,capacity_matched_posthoc_mean_effect_control,mean_effect,0.5,head_pair_quadratic_screen,160,mask_527fb4485b283af0,1.1554832408002458
exploratory_post_outcome_not_confirmatory,capacity_matched_posthoc_mean_effect_control,mean_effect,0.5,head_pair_quadratic_screen,160,mask_56ee0c60e1cde4b8,0.9000437258000864
exploratory_post_outcome_not_confirmatory,capacity_matched_posthoc_mean_effect_control,mean_effect,0.5,head_pair_quadratic_screen,160,mask_57d082e10f160b56,0.034801139827905
exploratory_post_outcome_not_confirmatory,capacity_matched_posthoc_mean_effect_control,mean_effect,0.5,head_pair_quadratic_screen,160,mask_596039cbd449516b,3.4864204619769104
exploratory_post_outcome_not_confirmatory,capacity_matched_posthoc_mean_effect_control,mean_effect,0.5,head_pair_quadratic_screen,160,mask_59ac3ea373ffb409,2.7432507457970425
exploratory_post_outcome_not_confirmatory,capacity_matched_posthoc_mean_effect_control,mean_effect,0.5,head_pair_quadratic_screen,160,mask_5b752f5ac0d1c4e3,2.3818093555754873
exploratory_post_outcome_not_confirmatory,capacity_matched_posthoc_mean_effect_control,mean_effect,0.5,head_pair_quadratic_screen,160,mask_5b90a18db67578c0,0.02691039240235482
exploratory_post_outcome_not_confirmatory,capacity_matched_posthoc_mean_effect_control,mean_effect,0.5,head_pair_quadratic_screen,160,mask_5bc08165dcaa24e1,1.2762665864046936
exploratory_post_outcome_not_confirmatory,capacity_matched_posthoc_mean_effect_control,mean_effect,0.5,head_pair_quadratic_screen,160,mask_5bf7af84e459f7ba,0.8140689828761252
exploratory_post_outcome_not_confirmatory,capacity_matched_posthoc_mean_effect_control,mean_effect,0.5,head_pair_quadratic_screen,160,mask_5d6868f3c7cf99b3,0.4670387714927241
exploratory_post_outcome_not_confirmatory,capacity_matched_posthoc_mean_effect_control,mean_effect,0.5,head_pair_quadratic_screen,160,mask_5d9ff63fcd689a2f,0.6594007073065236
exploratory_post_outcome_not_confirmatory,capacity_matched_posthoc_mean_effect_control,mean_effect,0.5,head_pair_quadratic_screen,160,mask_5e55c5762af6b0d5,0.6591034038015848
exploratory_post_outcome_not_confirmatory,capacity_matched_posthoc_mean_effect_control,mean_effect,0.5,head_pair_quadratic_screen,160,mask_6000c95aa8146da6,0.3697577820044966
exploratory_post_outcome_not_confirmatory,capacity_matched_posthoc_mean_effect_control,mean_effect,0.5,head_pair_quadratic_screen,160,mask_62191f28479b805a,0.8955692532195254
exploratory_post_outcome_not_confirmatory,capacity_matched_posthoc_mean_effect_control,mean_effect,0.5,head_pair_quadratic_screen,160,mask_622d100078295a52,0.9341404902718529
exploratory_post_outcome_not_confirmatory,capacity_matched_posthoc_mean_effect_control,mean_effect,0.5,head_pair_quadratic_screen,160,mask_625dbe9e05728352,0.34922506515572205
exploratory_post_outcome_not_confirmatory,capacity_matched_posthoc_mean_effect_control,mean_effect,0.5,head_pair_quadratic_screen,160,mask_6377c5f877751766,0.6752329086657746
exploratory_post_outcome_not_confirmatory,capacity_matched_posthoc_mean_effect_control,mean_effect,0.5,head_pair_quadratic_screen,160,mask_638cefc8ffcf604a,1.9678665890148481
exploratory_post_outcome_not_confirmatory,capacity_matched_posthoc_mean_effect_control,mean_effect,0.5,head_pair_quadratic_screen,160,mask_64bfd680054dd7d1,0.3044589856614275
exploratory_post_outcome_not_confirmatory,capacity_matched_posthoc_mean_effect_control,mean_effect,0.5,head_pair_quadratic_screen,160,mask_655b102e6639bbfc,3.1425340431148228
exploratory_post_outcome_not_confirmatory,capacity_matched_posthoc_mean_effect_control,mean_effect,0.5,head_pair_quadratic_screen,160,mask_6643e693560431f7,3.7213377621455788
exploratory_post_outcome_not_confirmatory,capacity_matched_posthoc_mean_effect_control,mean_effect,0.5,head_pair_quadratic_screen,160,mask_66a1456a9ed6a190,0.6231028674011518
exploratory_post_outcome_not_confirmatory,capacity_matched_posthoc_mean_effect_control,mean_effect,0.5,head_pair_quadratic_screen,160,mask_66e7ba4230023a63,0.1874831280077235
exploratory_post_outcome_not_confirmatory,capacity_matched_posthoc_mean_effect_control,mean_effect,0.5,head_pair_quadratic_screen,160,mask_68aec8aa3f42d376,1.3574067246696169
exploratory_post_outcome_not_confirmatory,capacity_matched_posthoc_mean_effect_control,mean_effect,0.5,head_pair_quadratic_screen,160,mask_69b31d9c3a76ba45,1.202545010183543
exploratory_post_outcome_not_confirmatory,capacity_matched_posthoc_mean_effect_control,mean_effect,0.5,head_pair_quadratic_screen,160,mask_69b8a0bd055bae3b,0.9227409572069509
exploratory_post_outcome_not_confirmatory,capacity_matched_posthoc_mean_effect_control,mean_effect,0.5,head_pair_quadratic_screen,160,mask_6a56eb1c10f15cf8,0.727377555523196
exploratory_post_outcome_not_confirmatory,capacity_matched_posthoc_mean_effect_control,mean_effect,0.5,head_pair_quadratic_screen,160,mask_6adee7a0cff1394b,3.6820364010427964
exploratory_post_outcome_not_confirmatory,capacity_matched_posthoc_mean_effect_control,mean_effect,0.5,head_pair_quadratic_screen,160,mask_6b607c9d9ebed276,2.2735341916034475
exploratory_post_outcome_not_confirmatory,capacity_matched_posthoc_mean_effect_control,mean_effect,0.5,head_pair_quadratic_screen,160,mask_6c3e3315afb6fb8c,0.33266630682105625
exploratory_post_outcome_not_confirmatory,capacity_matched_posthoc_mean_effect_control,mean_effect,0.5,head_pair_quadratic_screen,160,mask_6c66643ec3bf086c,0.14510094486164782
exploratory_post_outcome_not_confirmatory,capacity_matched_posthoc_mean_effect_control,mean_effect,0.5,head_pair_quadratic_screen,160,mask_6d2e3876c8f68db8,0.697553388259252
exploratory_post_outcome_not_confirmatory,capacity_matched_posthoc_mean_effect_control,mean_effect,0.5,head_pair_quadratic_screen,160,mask_6dc3d8bfeadef35d,1.3829984140955394
exploratory_post_outcome_not_confirmatory,capacity_matched_posthoc_mean_effect_control,mean_effect,0.5,head_pair_quadratic_screen,160,mask_6fc70a100d0a8ba1,0.7229190237103247
exploratory_post_outcome_not_confirmatory,capacity_matched_posthoc_mean_effect_control,mean_effect,0.5,head_pair_quadratic_screen,160,mask_70032bddd368aae7,1.8941021428629539
exploratory_post_outcome_not_confirmatory,capacity_matched_posthoc_mean_effect_control,mean_effect,0.5,head_pair_quadratic_screen,160,mask_7014c21a00895564,0.6759517191349276
exploratory_post_outcome_not_confirmatory,capacity_matched_posthoc_mean_effect_control,mean_effect,0.5,head_pair_quadratic_screen,160,mask_704e0264140b05ba,0.22524756959635073
exploratory_post_outcome_not_confirmatory,capacity_matched_posthoc_mean_effect_control,mean_effect,0.5,head_pair_quadratic_screen,160,mask_707fcddd05f279f6,2.682434964122358
exploratory_post_outcome_not_confirmatory,capacity_matched_posthoc_mean_effect_control,mean_effect,0.5,head_pair_quadratic_screen,160,mask_714aefc72a94a0e9,0.0052160920695109025
exploratory_post_outcome_not_confirmatory,capacity_matched_posthoc_mean_effect_control,mean_effect,0.5,head_pair_quadratic_screen,160,mask_71b87a0bd7ca6ee1,2.013876855620023
exploratory_post_outcome_not_confirmatory,capacity_matched_posthoc_mean_effect_control,mean_effect,0.5,head_pair_quadratic_screen,160,mask_72750b59b18d6c0c,0.16759782709530113
exploratory_post_outcome_not_confirmatory,capacity_matched_posthoc_mean_effect_control,mean_effect,0.5,head_pair_quadratic_screen,160,mask_73324c4014b4a4c2,0.386533030197759
exploratory_post_outcome_not_confirmatory,capacity_matched_posthoc_mean_effect_control,mean_effect,0.5,head_pair_quadratic_screen,160,mask_733a12c308c35650,0.5939672358525221
exploratory_post_outcome_not_confirmatory,capacity_matched_posthoc_mean_effect_control,mean_effect,0.5,head_pair_quadratic_screen,160,mask_7378976187b9a4fb,1.3383096242296335
exploratory_post_outcome_not_confirmatory,capacity_matched_posthoc_mean_effect_control,mean_effect,0.5,head_pair_quadratic_screen,160,mask_74077575feeaaa77,2.4586573215077014
exploratory_post_outcome_not_confirmatory,capacity_matched_posthoc_mean_effect_control,mean_effect,0.5,head_pair_quadratic_screen,160,mask_762a6523a5ece970,0.9553890913731216
exploratory_post_outcome_not_confirmatory,capacity_matched_posthoc_mean_effect_control,mean_effect,0.5,head_pair_quadratic_screen,160,mask_7653a500a201847f,0.9988492332343742
exploratory_post_outcome_not_confirmatory,capacity_matched_posthoc_mean_effect_control,mean_effect,0.5,head_pair_quadratic_screen,160,mask_769865f6aa1c3668,2.6668900391923986
exploratory_post_outcome_not_confirmatory,capacity_matched_posthoc_mean_effect_control,mean_effect,0.5,head_pair_quadratic_screen,160,mask_76eefe00ea7f7098,0.991338677951423
exploratory_post_outcome_not_confirmatory,capacity_matched_posthoc_mean_effect_control,mean_effect,0.5,head_pair_quadratic_screen,160,mask_76f706be2ab175f0,0.7351290417424798
exploratory_post_outcome_not_confirmatory,capacity_matched_posthoc_mean_effect_control,mean_effect,0.5,head_pair_quadratic_screen,160,mask_77740b198a0b3a94,0.6351119081695282
exploratory_post_outcome_not_confirmatory,capacity_matched_posthoc_mean_effect_control,mean_effect,0.5,head_pair_quadratic_screen,160,mask_7a2a9f846e50a9dd,1.7220714212355803
exploratory_post_outcome_not_confirmatory,capacity_matched_posthoc_mean_effect_control,mean_effect,0.5,head_pair_quadratic_screen,160,mask_7b086f967d1f6c45,2.8662320038533693
exploratory_post_outcome_not_confirmatory,capacity_matched_posthoc_mean_effect_control,mean_effect,0.5,head_pair_quadratic_screen,160,mask_7c8b926f287bec49,0.832370077363628
exploratory_post_outcome_not_confirmatory,capacity_matched_posthoc_mean_effect_control,mean_effect,0.5,head_pair_quadratic_screen,160,mask_7f24cc1e43cc6a20,1.677839949834574
exploratory_post_outcome_not_confirmatory,capacity_matched_posthoc_mean_effect_control,mean_effect,0.5,head_pair_quadratic_screen,160,mask_7f3e113298d36180,0.2719809750969411
exploratory_post_outcome_not_confirmatory,capacity_matched_posthoc_mean_effect_control,mean_effect,0.5,head_pair_quadratic_screen,160,mask_7fb6ffeb6bd8fc1f,0.6741113693771064
exploratory_post_outcome_not_confirmatory,capacity_matched_posthoc_mean_effect_control,mean_effect,0.5,head_pair_quadratic_screen,160,mask_7ffec6cebc7147bc,0.019610768423977687
exploratory_post_outcome_not_confirmatory,capacity_matched_posthoc_mean_effect_control,mean_effect,0.5,head_pair_quadratic_screen,160,mask_80a919744b6bf885,0.7764167641600584
exploratory_post_outcome_not_confirmatory,capacity_matched_posthoc_mean_effect_control,mean_effect,0.5,head_pair_quadratic_screen,160,mask_80c3a0633db3b3e5,0.8257735808567979
exploratory_post_outcome_not_confirmatory,capacity_matched_posthoc_mean_effect_control,mean_effect,0.5,head_pair_quadratic_screen,160,mask_818493500a9903d5,1.3544123030220978
exploratory_post_outcome_not_confirmatory,capacity_matched_posthoc_mean_effect_control,mean_effect,0.5,head_pair_quadratic_screen,160,mask_834a6ea68547fc89,3.8621694546520504
exploratory_post_outcome_not_confirmatory,capacity_matched_posthoc_mean_effect_control,mean_effect,0.5,head_pair_quadratic_screen,160,mask_83fe021aaca96bf0,0.42987237239965714
exploratory_post_outcome_not_confirmatory,capacity_matched_posthoc_mean_effect_control,mean_effect,0.5,head_pair_quadratic_screen,160,mask_84a81846a5ba1642,1.494012129022103
exploratory_post_outcome_not_confirmatory,capacity_matched_posthoc_mean_effect_control,mean_effect,0.5,head_pair_quadratic_screen,160,mask_8539d49577e1ed9d,1.6640904218468462
exploratory_post_outcome_not_confirmatory,capacity_matched_posthoc_mean_effect_control,mean_effect,0.5,head_pair_quadratic_screen,160,mask_857c4bc2555caab0,1.2747936866641014
exploratory_post_outcome_not_confirmatory,capacity_matched_posthoc_mean_effect_control,mean_effect,0.5,head_pair_quadratic_screen,160,mask_85b84477d6b21991,1.1441277164473966
exploratory_post_outcome_not_confirmatory,capacity_matched_posthoc_mean_effect_control,mean_effect,0.5,head_pair_quadratic_screen,160,mask_869d66d61d829aa3,2.4920293442369923
exploratory_post_outcome_not_confirmatory,capacity_matched_posthoc_mean_effect_control,mean_effect,0.5,head_pair_quadratic_screen,160,mask_86cee7aec23aade6,0.24887847261996532
exploratory_post_outcome_not_confirmatory,capacity_matched_posthoc_mean_effect_control,mean_effect,0.5,head_pair_quadratic_screen,160,mask_8831b2c38466a549,0.4285327863522982
exploratory_post_outcome_not_confirmatory,capacity_matched_posthoc_mean_effect_control,mean_effect,0.5,head_pair_quadratic_screen,160,mask_883cd27fbedf8582,1.025510147890663
exploratory_post_outcome_not_confirmatory,capacity_matched_posthoc_mean_effect_control,mean_effect,0.5,head_pair_quadratic_screen,160,mask_88feb37e4997bcb0,0.9188289368956339
exploratory_post_outcome_not_confirmatory,capacity_matched_posthoc_mean_effect_control,mean_effect,0.5,head_pair_quadratic_screen,160,mask_897eaef6989d8277,2.482369499986439
exploratory_post_outcome_not_confirmatory,capacity_matched_posthoc_mean_effect_control,mean_effect,0.5,head_pair_quadratic_screen,160,mask_89894a3de9800e4f,1.7211378755769053
exploratory_post_outcome_not_confirmatory,capacity_matched_posthoc_mean_effect_control,mean_effect,0.5,head_pair_quadratic_screen,160,mask_89f636ee152a5c54,0.9843424688718176
exploratory_post_outcome_not_confirmatory,capacity_matched_posthoc_mean_effect_control,mean_effect,0.5,head_pair_quadratic_screen,160,mask_8a4903df460893e2,0.2068755829035691
exploratory_post_outcome_not_confirmatory,capacity_matched_posthoc_mean_effect_control,mean_effect,0.5,head_pair_quadratic_screen,160,mask_8b4aadeb70824cb3,2.1854650451003046
exploratory_post_outcome_not_confirmatory,capacity_matched_posthoc_mean_effect_control,mean_effect,0.5,head_pair_quadratic_screen,160,mask_8b7737474604b389,0.6755157977165356
exploratory_post_outcome_not_confirmatory,capacity_matched_posthoc_mean_effect_control,mean_effect,0.5,head_pair_quadratic_screen,160,mask_8da4b6178fa2b73e,0.5198302268468977
exploratory_post_outcome_not_confirmatory,capacity_matched_posthoc_mean_effect_control,mean_effect,0.5,head_pair_quadratic_screen,160,mask_8dc1386ad4524dcb,0.8322814463358483
exploratory_post_outcome_not_confirmatory,capacity_matched_posthoc_mean_effect_control,mean_effect,0.5,head_pair_quadratic_screen,160,mask_8e19964bc0ea5bd6,0.043063360155108754
exploratory_post_outcome_not_confirmatory,capacity_matched_posthoc_mean_effect_control,mean_effect,0.5,head_pair_quadratic_screen,160,mask_8eaaf64cc1220873,0.5535762425266251
exploratory_post_outcome_not_confirmatory,capacity_matched_posthoc_mean_effect_control,mean_effect,0.5,head_pair_quadratic_screen,160,mask_8f32af7db1011793,2.394211777074963
exploratory_post_outcome_not_confirmatory,capacity_matched_posthoc_mean_effect_control,mean_effect,0.5,head_pair_quadratic_screen,160,mask_8f5eca4cbcfcb5db,0.43547447374308856
exploratory_post_outcome_not_confirmatory,capacity_matched_posthoc_mean_effect_control,mean_effect,0.5,head_pair_quadratic_screen,160,mask_8f9a3d833faba0f0,1.4449179470108708
exploratory_post_outcome_not_confirmatory,capacity_matched_posthoc_mean_effect_control,mean_effect,0.5,head_pair_quadratic_screen,160,mask_90268cfdee9c04e6,0.3745671149089458
exploratory_post_outcome_not_confirmatory,capacity_matched_posthoc_mean_effect_control,mean_effect,0.5,head_pair_quadratic_screen,160,mask_9074ffe6e76859ab,2.4626205775883987
exploratory_post_outcome_not_confirmatory,capacity_matched_posthoc_mean_effect_control,mean_effect,0.5,head_pair_quadratic_screen,160,mask_908579f4d41ade60,1.5692366816114443
exploratory_post_outcome_not_confirmatory,capacity_matched_posthoc_mean_effect_control,mean_effect,0.5,head_pair_quadratic_screen,160,mask_93f84412f1b2de39,0.019759914389433586
exploratory_post_outcome_not_confirmatory,capacity_matched_posthoc_mean_effect_control,mean_effect,0.5,head_pair_quadratic_screen,160,mask_9401c6bc69ed4d22,1.0032532595068337
exploratory_post_outcome_not_confirmatory,capacity_matched_posthoc_mean_effect_control,mean_effect,0.5,head_pair_quadratic_screen,160,mask_9781274f8ee1fcdf,1.3845980447817936
exploratory_post_outcome_not_confirmatory,capacity_matched_posthoc_mean_effect_control,mean_effect,0.5,head_pair_quadratic_screen,160,mask_99b322f566a2bc85,0.9156725707157465
exploratory_post_outcome_not_confirmatory,capacity_matched_posthoc_mean_effect_control,mean_effect,0.5,head_pair_quadratic_screen,160,mask_9ada32a4bff7daa9,0.43810995663574215
exploratory_post_outcome_not_confirmatory,capacity_matched_posthoc_mean_effect_control,mean_effect,0.5,head_pair_quadratic_screen,160,mask_9adcd6a8e2d813f5,1.6153679402056669
exploratory_post_outcome_not_confirmatory,capacity_matched_posthoc_mean_effect_control,mean_effect,0.5,head_pair_quadratic_screen,160,mask_9bc61d867f34c105,2.6591107510139183
exploratory_post_outcome_not_confirmatory,capacity_matched_posthoc_mean_effect_control,mean_effect,0.5,head_pair_quadratic_screen,160,mask_9cf21c6baa863a79,2.3210081977162984
exploratory_post_outcome_not_confirmatory,capacity_matched_posthoc_mean_effect_control,mean_effect,0.5,head_pair_quadratic_screen,160,mask_9d03b54ad45d1a11,0.036902643556364634
exploratory_post_outcome_not_confirmatory,capacity_matched_posthoc_mean_effect_control,mean_effect,0.5,head_pair_quadratic_screen,160,mask_a0046e43df20ac57,0.364570045219749
exploratory_post_outcome_not_confirmatory,capacity_matched_posthoc_mean_effect_control,mean_effect,0.5,head_pair_quadratic_screen,160,mask_a096a397a7d70275,0.5395408360630558
exploratory_post_outcome_not_confirmatory,capacity_matched_posthoc_mean_effect_control,mean_effect,0.5,head_pair_quadratic_screen,160,mask_a1583d68d1b5ac36,0.9969465653548959
exploratory_post_outcome_not_confirmatory,capacity_matched_posthoc_mean_effect_control,mean_effect,0.5,head_pair_quadratic_screen,160,mask_a1eb01e7a7c4e9be,0.3894270536579477
exploratory_post_outcome_not_confirmatory,capacity_matched_posthoc_mean_effect_control,mean_effect,0.5,head_pair_quadratic_screen,160,mask_a26e5c6ddb2404bd,2.329315652425559
exploratory_post_outcome_not_confirmatory,capacity_matched_posthoc_mean_effect_control,mean_effect,0.5,head_pair_quadratic_screen,160,mask_a3021efcfb81527e,0.8232051207206333
exploratory_post_outcome_not_confirmatory,capacity_matched_posthoc_mean_effect_control,mean_effect,0.5,head_pair_quadratic_screen,160,mask_a44ebad514cc6a03,3.1500438594179383
exploratory_post_outcome_not_confirmatory,capacity_matched_posthoc_mean_effect_control,mean_effect,0.5,head_pair_quadratic_screen,160,mask_a63bdf91a6b6b869,0.1201598642566542
exploratory_post_outcome_not_confirmatory,capacity_matched_posthoc_mean_effect_control,mean_effect,0.5,head_pair_quadratic_screen,160,mask_a702edc60d5a8139,1.2220331768327615
exploratory_post_outcome_not_confirmatory,capacity_matched_posthoc_mean_effect_control,mean_effect,0.5,head_pair_quadratic_screen,160,mask_a70ae2b6886df911,0.027554714093728006
exploratory_post_outcome_not_confirmatory,capacity_matched_posthoc_mean_effect_control,mean_effect,0.5,head_pair_quadratic_screen,160,mask_a80d553a0648023d,0.5711332515084855
exploratory_post_outcome_not_confirmatory,capacity_matched_posthoc_mean_effect_control,mean_effect,0.5,head_pair_quadratic_screen,160,mask_a842b06af7760b08,0.641276343596512
exploratory_post_outcome_not_confirmatory,capacity_matched_posthoc_mean_effect_control,mean_effect,0.5,head_pair_quadratic_screen,160,mask_a9f1de05a2b5cc89,0.7466976981446649
exploratory_post_outcome_not_confirmatory,capacity_matched_posthoc_mean_effect_control,mean_effect,0.5,head_pair_quadratic_screen,160,mask_ab59149b00e47e01,0.09026717384893074
exploratory_post_outcome_not_confirmatory,capacity_matched_posthoc_mean_effect_control,mean_effect,0.5,head_pair_quadratic_screen,160,mask_ad8e51343f6afbab,0.5612738119262872
exploratory_post_outcome_not_confirmatory,capacity_matched_posthoc_mean_effect_control,mean_effect,0.5,head_pair_quadratic_screen,160,mask_ae1e1d44660adb6e,0.7580956601847741
exploratory_post_outcome_not_confirmatory,capacity_matched_posthoc_mean_effect_control,mean_effect,0.5,head_pair_quadratic_screen,160,mask_ae737f6731edb34d,0.851953048105315
exploratory_post_outcome_not_confirmatory,capacity_matched_posthoc_mean_effect_control,mean_effect,0.5,head_pair_quadratic_screen,160,mask_aea069a826f0a096,0.682287023413357
exploratory_post_outcome_not_confirmatory,capacity_matched_posthoc_mean_effect_control,mean_effect,0.5,head_pair_quadratic_screen,160,mask_aebcbcf7f67000e0,0.05164646941019341
exploratory_post_outcome_not_confirmatory,capacity_matched_posthoc_mean_effect_control,mean_effect,0.5,head_pair_quadratic_screen,160,mask_aedb2c503c8eced2,0.47361871736113936
exploratory_post_outcome_not_confirmatory,capacity_matched_posthoc_mean_effect_control,mean_effect,0.5,head_pair_quadratic_screen,160,mask_af608dfaba891fc2,0.29389831262406707
exploratory_post_outcome_not_confirmatory,capacity_matched_posthoc_mean_effect_control,mean_effect,0.5,head_pair_quadratic_screen,160,mask_b0a4335ce26e22f0,0.43545081940691976
exploratory_post_outcome_not_confirmatory,capacity_matched_posthoc_mean_effect_control,mean_effect,0.5,head_pair_quadratic_screen,160,mask_b0df0f5b22e4ad68,0.16423374581338968
exploratory_post_outcome_not_confirmatory,capacity_matched_posthoc_mean_effect_control,mean_effect,0.5,head_pair_quadratic_screen,160,mask_b1fa83aa43509c12,3.250345074039509
exploratory_post_outcome_not_confirmatory,capacity_matched_posthoc_mean_effect_control,mean_effect,0.5,head_pair_quadratic_screen,160,mask_b33d0e102bf3c5b1,1.8927400056502002
exploratory_post_outcome_not_confirmatory,capacity_matched_posthoc_mean_effect_control,mean_effect,0.5,head_pair_quadratic_screen,160,mask_b42f1f770ee4852b,0.03103159602219807
exploratory_post_outcome_not_confirmatory,capacity_matched_posthoc_mean_effect_control,mean_effect,0.5,head_pair_quadratic_screen,160,mask_b44b28fb22bc4dc8,1.1157505541228592
exploratory_post_outcome_not_confirmatory,capacity_matched_posthoc_mean_effect_control,mean_effect,0.5,head_pair_quadratic_screen,160,mask_b4970ee8a8f769c1,1.3448561582409713
exploratory_post_outcome_not_confirmatory,capacity_matched_posthoc_mean_effect_control,mean_effect,0.5,head_pair_quadratic_screen,160,mask_b4f0ad9f99dd69af,1.0557723580736706
exploratory_post_outcome_not_confirmatory,capacity_matched_posthoc_mean_effect_control,mean_effect,0.5,head_pair_quadratic_screen,160,mask_b55f4fdddb0ed7df,0.7132276927299563
exploratory_post_outcome_not_confirmatory,capacity_matched_posthoc_mean_effect_control,mean_effect,0.5,head_pair_quadratic_screen,160,mask_b611eb15c1cbe033,0.49239297114338965
exploratory_post_outcome_not_confirmatory,capacity_matched_posthoc_mean_effect_control,mean_effect,0.5,head_pair_quadratic_screen,160,mask_b6d6b292842a5d66,0.4405211136048848
exploratory_post_outcome_not_confirmatory,capacity_matched_posthoc_mean_effect_control,mean_effect,0.5,head_pair_quadratic_screen,160,mask_b7f51d1564f006ed,0.33268098092806186
exploratory_post_outcome_not_confirmatory,capacity_matched_posthoc_mean_effect_control,mean_effect,0.5,head_pair_quadratic_screen,160,mask_b817da3d090a7941,0.2986509991551277
exploratory_post_outcome_not_confirmatory,capacity_matched_posthoc_mean_effect_control,mean_effect,0.5,head_pair_quadratic_screen,160,mask_ba28cb4fde59866a,0.9965160349001416
exploratory_post_outcome_not_confirmatory,capacity_matched_posthoc_mean_effect_control,mean_effect,0.5,head_pair_quadratic_screen,160,mask_bb34cb2eaf4b5d75,1.1267524888434082
exploratory_post_outcome_not_confirmatory,capacity_matched_posthoc_mean_effect_control,mean_effect,0.5,head_pair_quadratic_screen,160,mask_bcf00f575657ab57,0.8686923568786434
exploratory_post_outcome_not_confirmatory,capacity_matched_posthoc_mean_effect_control,mean_effect,0.5,head_pair_quadratic_screen,160,mask_bda88699e1e7badf,0.5538059462852749
exploratory_post_outcome_not_confirmatory,capacity_matched_posthoc_mean_effect_control,mean_effect,0.5,head_pair_quadratic_screen,160,mask_bdf060e535bbc3f1,2.9547906247730706
exploratory_post_outcome_not_confirmatory,capacity_matched_posthoc_mean_effect_control,mean_effect,0.5,head_pair_quadratic_screen,160,mask_be0515fb61fc8e18,1.1171200518173845
exploratory_post_outcome_not_confirmatory,capacity_matched_posthoc_mean_effect_control,mean_effect,0.5,head_pair_quadratic_screen,160,mask_be69d0111bfe63f7,0.9675370694220472
exploratory_post_outcome_not_confirmatory,capacity_matched_posthoc_mean_effect_control,mean_effect,0.5,head_pair_quadratic_screen,160,mask_beb9ec06fb38206b,3.6134037976400792
exploratory_post_outcome_not_confirmatory,capacity_matched_posthoc_mean_effect_control,mean_effect,0.5,head_pair_quadratic_screen,160,mask_bf6676c8cf2328fe,1.7345643592833033
exploratory_post_outcome_not_confirmatory,capacity_matched_posthoc_mean_effect_control,mean_effect,0.5,head_pair_quadratic_screen,160,mask_bfa108de38e6d58f,0.710105747551212
exploratory_post_outcome_not_confirmatory,capacity_matched_posthoc_mean_effect_control,mean_effect,0.5,head_pair_quadratic_screen,160,mask_bfb9e14f899fd7d3,0.40793988184839586
exploratory_post_outcome_not_confirmatory,capacity_matched_posthoc_mean_effect_control,mean_effect,0.5,head_pair_quadratic_screen,160,mask_c0d0984f7496e96b,1.3161494414102872
exploratory_post_outcome_not_confirmatory,capacity_matched_posthoc_mean_effect_control,mean_effect,0.5,head_pair_quadratic_screen,160,mask_c22a533faf194bc5,0.4611201048372736
exploratory_post_outcome_not_confirmatory,capacity_matched_posthoc_mean_effect_control,mean_effect,0.5,head_pair_quadratic_screen,160,mask_c2c23ea606b0481a,0.1330646630828194
exploratory_post_outcome_not_confirmatory,capacity_matched_posthoc_mean_effect_control,mean_effect,0.5,head_pair_quadratic_screen,160,mask_c321548a0a9a35ee,0.33653821116545307
exploratory_post_outcome_not_confirmatory,capacity_matched_posthoc_mean_effect_control,mean_effect,0.5,head_pair_quadratic_screen,160,mask_c36034d7c9cf0b25,0.4358522151380253
exploratory_post_outcome_not_confirmatory,capacity_matched_posthoc_mean_effect_control,mean_effect,0.5,head_pair_quadratic_screen,160,mask_c3f11a7d9ebab23d,0.030926681438621983
exploratory_post_outcome_not_confirmatory,capacity_matched_posthoc_mean_effect_control,mean_effect,0.5,head_pair_quadratic_screen,160,mask_c4774bd021c06295,0.5219170871058458
exploratory_post_outcome_not_confirmatory,capacity_matched_posthoc_mean_effect_control,mean_effect,0.5,head_pair_quadratic_screen,160,mask_c5621894f29d5b43,2.4569674790995872
exploratory_post_outcome_not_confirmatory,capacity_matched_posthoc_mean_effect_control,mean_effect,0.5,head_pair_quadratic_screen,160,mask_c5654b277c578f3e,0.473971944272889
exploratory_post_outcome_not_confirmatory,capacity_matched_posthoc_mean_effect_control,mean_effect,0.5,head_pair_quadratic_screen,160,mask_c6f04107d7ae9b56,0.6027264040668414
exploratory_post_outcome_not_confirmatory,capacity_matched_posthoc_mean_effect_control,mean_effect,0.5,head_pair_quadratic_screen,160,mask_c7772d470875866f,0.11290216378213047
exploratory_post_outcome_not_confirmatory,capacity_matched_posthoc_mean_effect_control,mean_effect,0.5,head_pair_quadratic_screen,160,mask_c8c6cee6a74a48ae,0.4025608883230454
exploratory_post_outcome_not_confirmatory,capacity_matched_posthoc_mean_effect_control,mean_effect,0.5,head_pair_quadratic_screen,160,mask_c939a4a80d3901d5,0.5010171547223251
exploratory_post_outcome_not_confirmatory,capacity_matched_posthoc_mean_effect_control,mean_effect,0.5,head_pair_quadratic_screen,160,mask_c9523b88300a64c5,0.29805173187640543
exploratory_post_outcome_not_confirmatory,capacity_matched_posthoc_mean_effect_control,mean_effect,0.5,head_pair_quadratic_screen,160,mask_c9688ac3f4d96cac,1.297533112532422
exploratory_post_outcome_not_confirmatory,capacity_matched_posthoc_mean_effect_control,mean_effect,0.5,head_pair_quadratic_screen,160,mask_ca31fbfa51703440,1.1836496428003982
exploratory_post_outcome_not_confirmatory,capacity_matched_posthoc_mean_effect_control,mean_effect,0.5,head_pair_quadratic_screen,160,mask_ca9141d1c988f73a,1.0924079327317253
exploratory_post_outcome_not_confirmatory,capacity_matched_posthoc_mean_effect_control,mean_effect,0.5,head_pair_quadratic_screen,160,mask_cafa56ef6c77bde9,1.15670320262068
exploratory_post_outcome_not_confirmatory,capacity_matched_posthoc_mean_effect_control,mean_effect,0.5,head_pair_quadratic_screen,160,mask_cf672502900b1ca1,0.3415307107482395
exploratory_post_outcome_not_confirmatory,capacity_matched_posthoc_mean_effect_control,mean_effect,0.5,head_pair_quadratic_screen,160,mask_d0336d7c13e3ff56,2.072787653383523
exploratory_post_outcome_not_confirmatory,capacity_matched_posthoc_mean_effect_control,mean_effect,0.5,head_pair_quadratic_screen,160,mask_d1688cbf27ef2af4,1.1225979547715168
exploratory_post_outcome_not_confirmatory,capacity_matched_posthoc_mean_effect_control,mean_effect,0.5,head_pair_quadratic_screen,160,mask_d1786933297085c0,0.07867307520233668
exploratory_post_outcome_not_confirmatory,capacity_matched_posthoc_mean_effect_control,mean_effect,0.5,head_pair_quadratic_screen,160,mask_d278c50dbd98b217,0.23445027239898586
exploratory_post_outcome_not_confirmatory,capacity_matched_posthoc_mean_effect_control,mean_effect,0.5,head_pair_quadratic_screen,160,mask_d27ab5b97e7881b1,1.219081384481579
exploratory_post_outcome_not_confirmatory,capacity_matched_posthoc_mean_effect_control,mean_effect,0.5,head_pair_quadratic_screen,160,mask_d2f4c8c3a0e382c0,0.3663319182193695
exploratory_post_outcome_not_confirmatory,capacity_matched_posthoc_mean_effect_control,mean_effect,0.5,head_pair_quadratic_screen,160,mask_d34cab07e9bf4ded,0.22263018591022254
exploratory_post_outcome_not_confirmatory,capacity_matched_posthoc_mean_effect_control,mean_effect,0.5,head_pair_quadratic_screen,160,mask_d4041af54a719d70,0.4793140748606415
exploratory_post_outcome_not_confirmatory,capacity_matched_posthoc_mean_effect_control,mean_effect,0.5,head_pair_quadratic_screen,160,mask_d413f8231adbea75,0.8622863052458738
exploratory_post_outcome_not_confirmatory,capacity_matched_posthoc_mean_effect_control,mean_effect,0.5,head_pair_quadratic_screen,160,mask_d43daec0a2f27dc1,1.1353641307531253
exploratory_post_outcome_not_confirmatory,capacity_matched_posthoc_mean_effect_control,mean_effect,0.5,head_pair_quadratic_screen,160,mask_d46389ced1402b06,0.6910866461989685
exploratory_post_outcome_not_confirmatory,capacity_matched_posthoc_mean_effect_control,mean_effect,0.5,head_pair_quadratic_screen,160,mask_d4de593b7cc70d8f,0.5731674035834904
exploratory_post_outcome_not_confirmatory,capacity_matched_posthoc_mean_effect_control,mean_effect,0.5,head_pair_quadratic_screen,160,mask_d661254b6d532a93,1.3332709423028217
exploratory_post_outcome_not_confirmatory,capacity_matched_posthoc_mean_effect_control,mean_effect,0.5,head_pair_quadratic_screen,160,mask_d71fb8f090c52558,0.76847136335267
exploratory_post_outcome_not_confirmatory,capacity_matched_posthoc_mean_effect_control,mean_effect,0.5,head_pair_quadratic_screen,160,mask_d93f53a48a81e992,0.9296837084339529
exploratory_post_outcome_not_confirmatory,capacity_matched_posthoc_mean_effect_control,mean_effect,0.5,head_pair_quadratic_screen,160,mask_d9a16613cc73af42,1.6962725924259658
exploratory_post_outcome_not_confirmatory,capacity_matched_posthoc_mean_effect_control,mean_effect,0.5,head_pair_quadratic_screen,160,mask_d9a88a957c928602,1.8556887834153253
exploratory_post_outcome_not_confirmatory,capacity_matched_posthoc_mean_effect_control,mean_effect,0.5,head_pair_quadratic_screen,160,mask_db49e87b0dddbc80,0.3867984331240991
exploratory_post_outcome_not_confirmatory,capacity_matched_posthoc_mean_effect_control,mean_effect,0.5,head_pair_quadratic_screen,160,mask_db4ced2a93ad8780,0.30877130073388326
exploratory_post_outcome_not_confirmatory,capacity_matched_posthoc_mean_effect_control,mean_effect,0.5,head_pair_quadratic_screen,160,mask_dc190fdfa9807171,0.42367777287586605
exploratory_post_outcome_not_confirmatory,capacity_matched_posthoc_mean_effect_control,mean_effect,0.5,head_pair_quadratic_screen,160,mask_dc2e11f8d6ea9e67,0.0735942856366073
exploratory_post_outcome_not_confirmatory,capacity_matched_posthoc_mean_effect_control,mean_effect,0.5,head_pair_quadratic_screen,160,mask_dc6c2cd7cadbb670,0.6986352403101825
exploratory_post_outcome_not_confirmatory,capacity_matched_posthoc_mean_effect_control,mean_effect,0.5,head_pair_quadratic_screen,160,mask_dcead7d80876d41f,1.2339484914354446
exploratory_post_outcome_not_confirmatory,capacity_matched_posthoc_mean_effect_control,mean_effect,0.5,head_pair_quadratic_screen,160,mask_de24099fc59a002a,0.2897723052088631
exploratory_post_outcome_not_confirmatory,capacity_matched_posthoc_mean_effect_control,mean_effect,0.5,head_pair_quadratic_screen,160,mask_dee58ca790a88f95,1.137950708750183
exploratory_post_outcome_not_confirmatory,capacity_matched_posthoc_mean_effect_control,mean_effect,0.5,head_pair_quadratic_screen,160,mask_df5a91df62629ec0,3.3172531969699666
exploratory_post_outcome_not_confirmatory,capacity_matched_posthoc_mean_effect_control,mean_effect,0.5,head_pair_quadratic_screen,160,mask_df9ab984d1b9e9f4,0.015562036674326318
exploratory_post_outcome_not_confirmatory,capacity_matched_posthoc_mean_effect_control,mean_effect,0.5,head_pair_quadratic_screen,160,mask_e086f0d0e52f4d73,1.1081077788071838
exploratory_post_outcome_not_confirmatory,capacity_matched_posthoc_mean_effect_control,mean_effect,0.5,head_pair_quadratic_screen,160,mask_e17f356a7bd86a02,0.8593058008553628
exploratory_post_outcome_not_confirmatory,capacity_matched_posthoc_mean_effect_control,mean_effect,0.5,head_pair_quadratic_screen,160,mask_e28119cc1bd5501f,0.2482014201739684
exploratory_post_outcome_not_confirmatory,capacity_matched_posthoc_mean_effect_control,mean_effect,0.5,head_pair_quadratic_screen,160,mask_e3bfff07ca1cabef,0.023756596413356146
exploratory_post_outcome_not_confirmatory,capacity_matched_posthoc_mean_effect_control,mean_effect,0.5,head_pair_quadratic_screen,160,mask_e3d966acffab63d3,2.866440625239249
exploratory_post_outcome_not_confirmatory,capacity_matched_posthoc_mean_effect_control,mean_effect,0.5,head_pair_quadratic_screen,160,mask_e6f352bcc8504201,2.5238553793833263
exploratory_post_outcome_not_confirmatory,capacity_matched_posthoc_mean_effect_control,mean_effect,0.5,head_pair_quadratic_screen,160,mask_e8682f72515acb06,0.12541655425972675
exploratory_post_outcome_not_confirmatory,capacity_matched_posthoc_mean_effect_control,mean_effect,0.5,head_pair_quadratic_screen,160,mask_e8bbbcf2c845fe1c,1.099177994854239
exploratory_post_outcome_not_confirmatory,capacity_matched_posthoc_mean_effect_control,mean_effect,0.5,head_pair_quadratic_screen,160,mask_e8e5e157d6e5049e,2.094420719608589
exploratory_post_outcome_not_confirmatory,capacity_matched_posthoc_mean_effect_control,mean_effect,0.5,head_pair_quadratic_screen,160,mask_e9f121c635b9e306,2.1951549094028104
exploratory_post_outcome_not_confirmatory,capacity_matched_posthoc_mean_effect_control,mean_effect,0.5,head_pair_quadratic_screen,160,mask_ea7ded36b0b6aa15,0.6775110893797505
exploratory_post_outcome_not_confirmatory,capacity_matched_posthoc_mean_effect_control,mean_effect,0.5,head_pair_quadratic_screen,160,mask_ec49c3298816f83b,1.2134469980384401
exploratory_post_outcome_not_confirmatory,capacity_matched_posthoc_mean_effect_control,mean_effect,0.5,head_pair_quadratic_screen,160,mask_ee5fb6904843b482,0.39856967493850926
exploratory_post_outcome_not_confirmatory,capacity_matched_posthoc_mean_effect_control,mean_effect,0.5,head_pair_quadratic_screen,160,mask_ee8067c85af66520,3.3600417412268393
exploratory_post_outcome_not_confirmatory,capacity_matched_posthoc_mean_effect_control,mean_effect,0.5,head_pair_quadratic_screen,160,mask_ef5c55a63fd9a61d,0.02438924343048232
exploratory_post_outcome_not_confirmatory,capacity_matched_posthoc_mean_effect_control,mean_effect,0.5,head_pair_quadratic_screen,160,mask_f0bc7dbe5565770b,0.5701084692827143
exploratory_post_outcome_not_confirmatory,capacity_matched_posthoc_mean_effect_control,mean_effect,0.5,head_pair_quadratic_screen,160,mask_f0c07bdf1eb92157,1.7281012832573668
exploratory_post_outcome_not_confirmatory,capacity_matched_posthoc_mean_effect_control,mean_effect,0.5,head_pair_quadratic_screen,160,mask_f0c601118b39fe23,0.6049966313717605
exploratory_post_outcome_not_confirmatory,capacity_matched_posthoc_mean_effect_control,mean_effect,0.5,head_pair_quadratic_screen,160,mask_f16ce08b0ff70796,0.40587545069767295
exploratory_post_outcome_not_confirmatory,capacity_matched_posthoc_mean_effect_control,mean_effect,0.5,head_pair_quadratic_screen,160,mask_f22d93db3ad45aa7,0.3005820017570222
exploratory_post_outcome_not_confirmatory,capacity_matched_posthoc_mean_effect_control,mean_effect,0.5,head_pair_quadratic_screen,160,mask_f26d93b694924f1e,2.8527886778462754
exploratory_post_outcome_not_confirmatory,capacity_matched_posthoc_mean_effect_control,mean_effect,0.5,head_pair_quadratic_screen,160,mask_f2b097d9ab973b9b,0.026043579015078033
exploratory_post_outcome_not_confirmatory,capacity_matched_posthoc_mean_effect_control,mean_effect,0.5,head_pair_quadratic_screen,160,mask_f2e0ea8fb5aced9f,1.5447242397465362
exploratory_post_outcome_not_confirmatory,capacity_matched_posthoc_mean_effect_control,mean_effect,0.5,head_pair_quadratic_screen,160,mask_f395e84fb1153ac4,2.011443123698548
exploratory_post_outcome_not_confirmatory,capacity_matched_posthoc_mean_effect_control,mean_effect,0.5,head_pair_quadratic_screen,160,mask_f5d21a1898de9318,0.9489333772819222
exploratory_post_outcome_not_confirmatory,capacity_matched_posthoc_mean_effect_control,mean_effect,0.5,head_pair_quadratic_screen,160,mask_f5ffaba1b0f7246e,1.2575251860951773
exploratory_post_outcome_not_confirmatory,capacity_matched_posthoc_mean_effect_control,mean_effect,0.5,head_pair_quadratic_screen,160,mask_f7629d353a5a8c8c,1.334353301854915
exploratory_post_outcome_not_confirmatory,capacity_matched_posthoc_mean_effect_control,mean_effect,0.5,head_pair_quadratic_screen,160,mask_f78efa18c25e46d0,0.47868530555544625
exploratory_post_outcome_not_confirmatory,capacity_matched_posthoc_mean_effect_control,mean_effect,0.5,head_pair_quadratic_screen,160,mask_f826a41b1906d197,2.25418286683506
exploratory_post_outcome_not_confirmatory,capacity_matched_posthoc_mean_effect_control,mean_effect,0.5,head_pair_quadratic_screen,160,mask_f87b6c1f9dbae6a0,3.4904095040463137
exploratory_post_outcome_not_confirmatory,capacity_matched_posthoc_mean_effect_control,mean_effect,0.5,head_pair_quadratic_screen,160,mask_f9b9a5353aeba653,1.3024338463009844
exploratory_post_outcome_not_confirmatory,capacity_matched_posthoc_mean_effect_control,mean_effect,0.5,head_pair_quadratic_screen,160,mask_f9eb5b3f143d0f35,2.6868807885664476
exploratory_post_outcome_not_confirmatory,capacity_matched_posthoc_mean_effect_control,mean_effect,0.5,head_pair_quadratic_screen,160,mask_fc5299efb847cbc8,0.4566242671051258
exploratory_post_outcome_not_confirmatory,capacity_matched_posthoc_mean_effect_control,mean_effect,0.5,head_pair_quadratic_screen,160,mask_fdaa260e90039f39,0.017612411031395325
exploratory_post_outcome_not_confirmatory,capacity_matched_posthoc_mean_effect_control,mean_effect,0.5,head_pair_quadratic_screen,160,mask_fdeec4fb4b923420,3.560405855928739
exploratory_post_outcome_not_confirmatory,capacity_matched_posthoc_mean_effect_control,mean_effect,0.5,head_pair_quadratic_screen,160,mask_ff0a498847885133,0.7207296376515004
exploratory_post_outcome_not_confirmatory,capacity_matched_posthoc_mean_effect_control,mean_effect,0.5,head_pair_quadratic_screen,160,mask_ff6985d2961f695d,1.0190468185538422
exploratory_post_outcome_not_confirmatory,capacity_matched_posthoc_mean_effect_control,mean_effect,0.5,head_pair_quadratic_screen,160,mask_ffe0389c017216d1,0.2107972847940176
exploratory_post_outcome_not_confirmatory,capacity_matched_posthoc_mean_effect_control,mean_effect,1.0,head_pair_quadratic_screen,160,mask_005e8f0c4b6641e0,2.946531242561206
exploratory_post_outcome_not_confirmatory,capacity_matched_posthoc_mean_effect_control,mean_effect,1.0,head_pair_quadratic_screen,160,mask_0279c47242fa6dc7,2.4449897411138366
exploratory_post_outcome_not_confirmatory,capacity_matched_posthoc_mean_effect_control,mean_effect,1.0,head_pair_quadratic_screen,160,mask_02e4a5b0e632441b,2.193404589785467
exploratory_post_outcome_not_confirmatory,capacity_matched_posthoc_mean_effect_control,mean_effect,1.0,head_pair_quadratic_screen,160,mask_03ced2f511e0a2f2,0.9238935431900257
exploratory_post_outcome_not_confirmatory,capacity_matched_posthoc_mean_effect_control,mean_effect,1.0,head_pair_quadratic_screen,160,mask_0483c7c3a82ced7e,0.5182910268402638
exploratory_post_outcome_not_confirmatory,capacity_matched_posthoc_mean_effect_control,mean_effect,1.0,head_pair_quadratic_screen,160,mask_053a16108482e172,0.05626927032691276
exploratory_post_outcome_not_confirmatory,capacity_matched_posthoc_mean_effect_control,mean_effect,1.0,head_pair_quadratic_screen,160,mask_05debd2dcf6608b1,3.411930880263325
exploratory_post_outcome_not_confirmatory,capacity_matched_posthoc_mean_effect_control,mean_effect,1.0,head_pair_quadratic_screen,160,mask_06701c9de64728ed,3.450079223536955
exploratory_post_outcome_not_confirmatory,capacity_matched_posthoc_mean_effect_control,mean_effect,1.0,head_pair_quadratic_screen,160,mask_08ecbaf1273b839d,2.9479471376016355
exploratory_post_outcome_not_confirmatory,capacity_matched_posthoc_mean_effect_control,mean_effect,1.0,head_pair_quadratic_screen,160,mask_0996d9ce9b8fc03f,3.1222204432202063
exploratory_post_outcome_not_confirmatory,capacity_matched_posthoc_mean_effect_control,mean_effect,1.0,head_pair_quadratic_screen,160,mask_0adfe596cdffa062,0.9687622840535628
exploratory_post_outcome_not_confirmatory,capacity_matched_posthoc_mean_effect_control,mean_effect,1.0,head_pair_quadratic_screen,160,mask_0cbfd8c3e3987d54,0.19976273588966098
exploratory_post_outcome_not_confirmatory,capacity_matched_posthoc_mean_effect_control,mean_effect,1.0,head_pair_quadratic_screen,160,mask_0e613a7552299eed,3.299345226035224
exploratory_post_outcome_not_confirmatory,capacity_matched_posthoc_mean_effect_control,mean_effect,1.0,head_pair_quadratic_screen,160,mask_0e86e968e9d121f9,0.668688387540285
exploratory_post_outcome_not_confirmatory,capacity_matched_posthoc_mean_effect_control,mean_effect,1.0,head_pair_quadratic_screen,160,mask_0ea1a19911258943,0.566613826383173
exploratory_post_outcome_not_confirmatory,capacity_matched_posthoc_mean_effect_control,mean_effect,1.0,head_pair_quadratic_screen,160,mask_0f1c886d2bd569f0,0.557045570971447
exploratory_post_outcome_not_confirmatory,capacity_matched_posthoc_mean_effect_control,mean_effect,1.0,head_pair_quadratic_screen,160,mask_0fb6d9bf1421fa6c,2.8804424883396074
exploratory_post_outcome_not_confirmatory,capacity_matched_posthoc_mean_effect_control,mean_effect,1.0,head_pair_quadratic_screen,160,mask_1071d55a6118c541,3.4422755501979485
exploratory_post_outcome_not_confirmatory,capacity_matched_posthoc_mean_effect_control,mean_effect,1.0,head_pair_quadratic_screen,160,mask_111b2c86496d6209,0.3231022893860278
exploratory_post_outcome_not_confirmatory,capacity_matched_posthoc_mean_effect_control,mean_effect,1.0,head_pair_quadratic_screen,160,mask_13bde25a1f9e1093,2.348736450226065
exploratory_post_outcome_not_confirmatory,capacity_matched_posthoc_mean_effect_control,mean_effect,1.0,head_pair_quadratic_screen,160,mask_153f1c2a9e066490,0.3274120770987412
exploratory_post_outcome_not_confirmatory,capacity_matched_posthoc_mean_effect_control,mean_effect,1.0,head_pair_quadratic_screen,160,mask_16dc2167f216f5a8,0.49989296137660066
exploratory_post_outcome_not_confirmatory,capacity_matched_posthoc_mean_effect_control,mean_effect,1.0,head_pair_quadratic_screen,160,mask_1abd41f1a83adf2a,0.6994916655375891
exploratory_post_outcome_not_confirmatory,capacity_matched_posthoc_mean_effect_control,mean_effect,1.0,head_pair_quadratic_screen,160,mask_1ac89476f4e553f7,0.8058075950813888
exploratory_post_outcome_not_confirmatory,capacity_matched_posthoc_mean_effect_control,mean_effect,1.0,head_pair_quadratic_screen,160,mask_1b0c2fea7e73598b,1.904597092902885
exploratory_post_outcome_not_confirmatory,capacity_matched_posthoc_mean_effect_control,mean_effect,1.0,head_pair_quadratic_screen,160,mask_1d6d3f9f5c61b0fa,0.22114054672316652
exploratory_post_outcome_not_confirmatory,capacity_matched_posthoc_mean_effect_control,mean_effect,1.0,head_pair_quadratic_screen,160,mask_1d9e3422b50673a4,0.4783268417002333
exploratory_post_outcome_not_confirmatory,capacity_matched_posthoc_mean_effect_control,mean_effect,1.0,head_pair_quadratic_screen,160,mask_1e1088beec645b87,1.4349300285813489
exploratory_post_outcome_not_confirmatory,capacity_matched_posthoc_mean_effect_control,mean_effect,1.0,head_pair_quadratic_screen,160,mask_1ee94a6fab0d1183,0.41690762259396186
exploratory_post_outcome_not_confirmatory,capacity_matched_posthoc_mean_effect_control,mean_effect,1.0,head_pair_quadratic_screen,160,mask_1f36ab0e18336a51,0.9208084343494594
exploratory_post_outcome_not_confirmatory,capacity_matched_posthoc_mean_effect_control,mean_effect,1.0,head_pair_quadratic_screen,160,mask_20c5557cea9da719,0.9770045409180577
exploratory_post_outcome_not_confirmatory,capacity_matched_posthoc_mean_effect_control,mean_effect,1.0,head_pair_quadratic_screen,160,mask_21e5e4333c6fc40a,0.5164997242431825
exploratory_post_outcome_not_confirmatory,capacity_matched_posthoc_mean_effect_control,mean_effect,1.0,head_pair_quadratic_screen,160,mask_2261c8e54842bff6,0.461777030986791
exploratory_post_outcome_not_confirmatory,capacity_matched_posthoc_mean_effect_control,mean_effect,1.0,head_pair_quadratic_screen,160,mask_22c097f7c153bb13,0.30396317814008345
exploratory_post_outcome_not_confirmatory,capacity_matched_posthoc_mean_effect_control,mean_effect,1.0,head_pair_quadratic_screen,160,mask_2322491b9dd809d6,0.390381295616566
exploratory_post_outcome_not_confirmatory,capacity_matched_posthoc_mean_effect_control,mean_effect,1.0,head_pair_quadratic_screen,160,mask_23526c3b8294fcb7,0.17377679120672784
exploratory_post_outcome_not_confirmatory,capacity_matched_posthoc_mean_effect_control,mean_effect,1.0,head_pair_quadratic_screen,160,mask_236220af5313649a,3.184678228032661
exploratory_post_outcome_not_confirmatory,capacity_matched_posthoc_mean_effect_control,mean_effect,1.0,head_pair_quadratic_screen,160,mask_248e15522b401ece,0.22362433627534029
exploratory_post_outcome_not_confirmatory,capacity_matched_posthoc_mean_effect_control,mean_effect,1.0,head_pair_quadratic_screen,160,mask_24aa69bed4ef8bfe,0.9983431650653709
exploratory_post_outcome_not_confirmatory,capacity_matched_posthoc_mean_effect_control,mean_effect,1.0,head_pair_quadratic_screen,160,mask_25276dd47f8ef77c,1.2870272177461213
exploratory_post_outcome_not_confirmatory,capacity_matched_posthoc_mean_effect_control,mean_effect,1.0,head_pair_quadratic_screen,160,mask_25aa4cf6fe69b75c,1.0348551654223
exploratory_post_outcome_not_confirmatory,capacity_matched_posthoc_mean_effect_control,mean_effect,1.0,head_pair_quadratic_screen,160,mask_25aad795bfaf26cc,1.971154500167351
exploratory_post_outcome_not_confirmatory,capacity_matched_posthoc_mean_effect_control,mean_effect,1.0,head_pair_quadratic_screen,160,mask_25fa34fa11b9dfa9,2.683704286063136
exploratory_post_outcome_not_confirmatory,capacity_matched_posthoc_mean_effect_control,mean_effect,1.0,head_pair_quadratic_screen,160,mask_261f2ebd1f8a4eaa,0.19916032572377884
exploratory_post_outcome_not_confirmatory,capacity_matched_posthoc_mean_effect_control,mean_effect,1.0,head_pair_quadratic_screen,160,mask_267196af5474f7ae,0.04960486486379034
exploratory_post_outcome_not_confirmatory,capacity_matched_posthoc_mean_effect_control,mean_effect,1.0,head_pair_quadratic_screen,160,mask_28f76a93a72310a5,0.6878392522041289
exploratory_post_outcome_not_confirmatory,capacity_matched_posthoc_mean_effect_control,mean_effect,1.0,head_pair_quadratic_screen,160,mask_29035c0362b5b9f8,2.5324374128720164
exploratory_post_outcome_not_confirmatory,capacity_matched_posthoc_mean_effect_control,mean_effect,1.0,head_pair_quadratic_screen,160,mask_290a3cb1caf906c3,0.6946733676527672
exploratory_post_outcome_not_confirmatory,capacity_matched_posthoc_mean_effect_control,mean_effect,1.0,head_pair_quadratic_screen,160,mask_29da43b5474a3359,2.849624236265841
exploratory_post_outcome_not_confirmatory,capacity_matched_posthoc_mean_effect_control,mean_effect,1.0,head_pair_quadratic_screen,160,mask_2a1ac7c246d39381,3.877933507994901
exploratory_post_outcome_not_confirmatory,capacity_matched_posthoc_mean_effect_control,mean_effect,1.0,head_pair_quadratic_screen,160,mask_2b83958421bb5cda,0.7739029774279144
exploratory_post_outcome_not_confirmatory,capacity_matched_posthoc_mean_effect_control,mean_effect,1.0,head_pair_quadratic_screen,160,mask_2c9efa6ba7e1581f,0.24937108783855289
exploratory_post_outcome_not_confirmatory,capacity_matched_posthoc_mean_effect_control,mean_effect,1.0,head_pair_quadratic_screen,160,mask_2d90e84a12b72772,1.6146734839805514
exploratory_post_outcome_not_confirmatory,capacity_matched_posthoc_mean_effect_control,mean_effect,1.0,head_pair_quadratic_screen,160,mask_304d12adafdb81c3,0.9859206350027391
exploratory_post_outcome_not_confirmatory,capacity_matched_posthoc_mean_effect_control,mean_effect,1.0,head_pair_quadratic_screen,160,mask_30716df5e75daa97,0.4482016213004214
exploratory_post_outcome_not_confirmatory,capacity_matched_posthoc_mean_effect_control,mean_effect,1.0,head_pair_quadratic_screen,160,mask_30a6028bf95dd005,4.196023546469304
exploratory_post_outcome_not_confirmatory,capacity_matched_posthoc_mean_effect_control,mean_effect,1.0,head_pair_quadratic_screen,160,mask_317174e97dc0f0ba,1.4074970608718846
exploratory_post_outcome_not_confirmatory,capacity_matched_posthoc_mean_effect_control,mean_effect,1.0,head_pair_quadratic_screen,160,mask_318be3c54bb72e0d,1.4734421402217057
exploratory_post_outcome_not_confirmatory,capacity_matched_posthoc_mean_effect_control,mean_effect,1.0,head_pair_quadratic_screen,160,mask_331502b1b3b7fde3,0.047057871457267475
exploratory_post_outcome_not_confirmatory,capacity_matched_posthoc_mean_effect_control,mean_effect,1.0,head_pair_quadratic_screen,160,mask_3507ab216f864cbe,1.0722028922391666
exploratory_post_outcome_not_confirmatory,capacity_matched_posthoc_mean_effect_control,mean_effect,1.0,head_pair_quadratic_screen,160,mask_382e0bf880e4af69,0.615907486721857
exploratory_post_outcome_not_confirmatory,capacity_matched_posthoc_mean_effect_control,mean_effect,1.0,head_pair_quadratic_screen,160,mask_384a80f180c950e1,1.7118970957433997
exploratory_post_outcome_not_confirmatory,capacity_matched_posthoc_mean_effect_control,mean_effect,1.0,head_pair_quadratic_screen,160,mask_3895d99325d254e9,2.5086436855066854
exploratory_post_outcome_not_confirmatory,capacity_matched_posthoc_mean_effect_control,mean_effect,1.0,head_pair_quadratic_screen,160,mask_392b59cd4fb2c2ba,0.7594024575009417
exploratory_post_outcome_not_confirmatory,capacity_matched_posthoc_mean_effect_control,mean_effect,1.0,head_pair_quadratic_screen,160,mask_3a1e9bb541f8aca6,2.315442418079808
exploratory_post_outcome_not_confirmatory,capacity_matched_posthoc_mean_effect_control,mean_effect,1.0,head_pair_quadratic_screen,160,mask_3b86851daac9b820,3.6611221094518767
exploratory_post_outcome_not_confirmatory,capacity_matched_posthoc_mean_effect_control,mean_effect,1.0,head_pair_quadratic_screen,160,mask_3c166d1eae5ed3e7,1.0557360184285074
exploratory_post_outcome_not_confirmatory,capacity_matched_posthoc_mean_effect_control,mean_effect,1.0,head_pair_quadratic_screen,160,mask_3c9ed4cc352cbb27,0.7579766471126564
exploratory_post_outcome_not_confirmatory,capacity_matched_posthoc_mean_effect_control,mean_effect,1.0,head_pair_quadratic_screen,160,mask_3cd13f0b09b38224,1.559019967826257
exploratory_post_outcome_not_confirmatory,capacity_matched_posthoc_mean_effect_control,mean_effect,1.0,head_pair_quadratic_screen,160,mask_3cd97f4a74d408b8,0.28823826703213484
exploratory_post_outcome_not_confirmatory,capacity_matched_posthoc_mean_effect_control,mean_effect,1.0,head_pair_quadratic_screen,160,mask_3f221e71d8f4c4eb,2.1128973392253587
exploratory_post_outcome_not_confirmatory,capacity_matched_posthoc_mean_effect_control,mean_effect,1.0,head_pair_quadratic_screen,160,mask_3f42ad7cb49d164c,2.257376991183496
exploratory_post_outcome_not_confirmatory,capacity_matched_posthoc_mean_effect_control,mean_effect,1.0,head_pair_quadratic_screen,160,mask_3fd358a395ddfdd8,0.24925156425228812
exploratory_post_outcome_not_confirmatory,capacity_matched_posthoc_mean_effect_control,mean_effect,1.0,head_pair_quadratic_screen,160,mask_404aeacce5dd470d,0.8614663310670949
exploratory_post_outcome_not_confirmatory,capacity_matched_posthoc_mean_effect_control,mean_effect,1.0,head_pair_quadratic_screen,160,mask_4069015a4c8c7628,0.2470507148059632
exploratory_post_outcome_not_confirmatory,capacity_matched_posthoc_mean_effect_control,mean_effect,1.0,head_pair_quadratic_screen,160,mask_42c60001461509c6,2.817413093006225
exploratory_post_outcome_not_confirmatory,capacity_matched_posthoc_mean_effect_control,mean_effect,1.0,head_pair_quadratic_screen,160,mask_438eb8e7551c3dd4,0.7956068558167202
exploratory_post_outcome_not_confirmatory,capacity_matched_posthoc_mean_effect_control,mean_effect,1.0,head_pair_quadratic_screen,160,mask_439dcebfa10ec4e4,1.63917858379083
exploratory_post_outcome_not_confirmatory,capacity_matched_posthoc_mean_effect_control,mean_effect,1.0,head_pair_quadratic_screen,160,mask_441a862ab7ebf428,1.8631726504193795
exploratory_post_outcome_not_confirmatory,capacity_matched_posthoc_mean_effect_control,mean_effect,1.0,head_pair_quadratic_screen,160,mask_46bb144591a6ff63,4.856393854067299
exploratory_post_outcome_not_confirmatory,capacity_matched_posthoc_mean_effect_control,mean_effect,1.0,head_pair_quadratic_screen,160,mask_46ec7d95f82c114c,1.0993396057159843
exploratory_post_outcome_not_confirmatory,capacity_matched_posthoc_mean_effect_control,mean_effect,1.0,head_pair_quadratic_screen,160,mask_48512872c4f2d5bd,2.020202525736491
exploratory_post_outcome_not_confirmatory,capacity_matched_posthoc_mean_effect_control,mean_effect,1.0,head_pair_quadratic_screen,160,mask_4887f05639551759,0.44264534460681537
exploratory_post_outcome_not_confirmatory,capacity_matched_posthoc_mean_effect_control,mean_effect,1.0,head_pair_quadratic_screen,160,mask_4be83a97da997236,0.5160527003760167
exploratory_post_outcome_not_confirmatory,capacity_matched_posthoc_mean_effect_control,mean_effect,1.0,head_pair_quadratic_screen,160,mask_4d3f046ece5f8214,0.7011718003979355
exploratory_post_outcome_not_confirmatory,capacity_matched_posthoc_mean_effect_control,mean_effect,1.0,head_pair_quadratic_screen,160,mask_4dc179e3bed83994,1.732309538773363
exploratory_post_outcome_not_confirmatory,capacity_matched_posthoc_mean_effect_control,mean_effect,1.0,head_pair_quadratic_screen,160,mask_4df006937804a6d1,1.2033753856918181
exploratory_post_outcome_not_confirmatory,capacity_matched_posthoc_mean_effect_control,mean_effect,1.0,head_pair_quadratic_screen,160,mask_4e88ec3f5ad705c7,1.8842153949702625
exploratory_post_outcome_not_confirmatory,capacity_matched_posthoc_mean_effect_control,mean_effect,1.0,head_pair_quadratic_screen,160,mask_502a955fb93e65d9,0.3646445122931894
exploratory_post_outcome_not_confirmatory,capacity_matched_posthoc_mean_effect_control,mean_effect,1.0,head_pair_quadratic_screen,160,mask_510a1a5f1a6a36a9,1.2330526632389938
exploratory_post_outcome_not_confirmatory,capacity_matched_posthoc_mean_effect_control,mean_effect,1.0,head_pair_quadratic_screen,160,mask_5190866506d2856d,1.4983102438801759
exploratory_post_outcome_not_confirmatory,capacity_matched_posthoc_mean_effect_control,mean_effect,1.0,head_pair_quadratic_screen,160,mask_51d102684cbc70d7,2.5665515217095756
exploratory_post_outcome_not_confirmatory,capacity_matched_posthoc_mean_effect_control,mean_effect,1.0,head_pair_quadratic_screen,160,mask_5209887ff03654c4,0.8171707552451101
exploratory_post_outcome_not_confirmatory,capacity_matched_posthoc_mean_effect_control,mean_effect,1.0,head_pair_quadratic_screen,160,mask_52536938b0d3c559,1.8086344061706399
exploratory_post_outcome_not_confirmatory,capacity_matched_posthoc_mean_effect_control,mean_effect,1.0,head_pair_quadratic_screen,160,mask_527fb4485b283af0,0.6554832408002458
exploratory_post_outcome_not_confirmatory,capacity_matched_posthoc_mean_effect_control,mean_effect,1.0,head_pair_quadratic_screen,160,mask_56ee0c60e1cde4b8,1.4000437258000864
exploratory_post_outcome_not_confirmatory,capacity_matched_posthoc_mean_effect_control,mean_effect,1.0,head_pair_quadratic_screen,160,mask_57d082e10f160b56,0.534801139827905
exploratory_post_outcome_not_confirmatory,capacity_matched_posthoc_mean_effect_control,mean_effect,1.0,head_pair_quadratic_screen,160,mask_596039cbd449516b,3.9864204619769104
exploratory_post_outcome_not_confirmatory,capacity_matched_posthoc_mean_effect_control,mean_effect,1.0,head_pair_quadratic_screen,160,mask_59ac3ea373ffb409,3.2432507457970425
exploratory_post_outcome_not_confirmatory,capacity_matched_posthoc_mean_effect_control,mean_effect,1.0,head_pair_quadratic_screen,160,mask_5b752f5ac0d1c4e3,2.8818093555754873
exploratory_post_outcome_not_confirmatory,capacity_matched_posthoc_mean_effect_control,mean_effect,1.0,head_pair_quadratic_screen,160,mask_5b90a18db67578c0,0.4730896075976452
exploratory_post_outcome_not_confirmatory,capacity_matched_posthoc_mean_effect_control,mean_effect,1.0,head_pair_quadratic_screen,160,mask_5bc08165dcaa24e1,1.7762665864046936
exploratory_post_outcome_not_confirmatory,capacity_matched_posthoc_mean_effect_control,mean_effect,1.0,head_pair_quadratic_screen,160,mask_5bf7af84e459f7ba,0.31406898287612517
exploratory_post_outcome_not_confirmatory,capacity_matched_posthoc_mean_effect_control,mean_effect,1.0,head_pair_quadratic_screen,160,mask_5d6868f3c7cf99b3,0.0329612285072759
exploratory_post_outcome_not_confirmatory,capacity_matched_posthoc_mean_effect_control,mean_effect,1.0,head_pair_quadratic_screen,160,mask_5d9ff63fcd689a2f,1.1594007073065236
exploratory_post_outcome_not_confirmatory,capacity_matched_posthoc_mean_effect_control,mean_effect,1.0,head_pair_quadratic_screen,160,mask_5e55c5762af6b0d5,1.1591034038015848
exploratory_post_outcome_not_confirmatory,capacity_matched_posthoc_mean_effect_control,mean_effect,1.0,head_pair_quadratic_screen,160,mask_6000c95aa8146da6,0.1302422179955034
exploratory_post_outcome_not_confirmatory,capacity_matched_posthoc_mean_effect_control,mean_effect,1.0,head_pair_quadratic_screen,160,mask_62191f28479b805a,0.3955692532195254
exploratory_post_outcome_not_confirmatory,capacity_matched_posthoc_mean_effect_control,mean_effect,1.0,head_pair_quadratic_screen,160,mask_622d100078295a52,1.4341404902718529
exploratory_post_outcome_not_confirmatory,capacity_matched_posthoc_mean_effect_control,mean_effect,1.0,head_pair_quadratic_screen,160,mask_625dbe9e05728352,0.15077493484427795
exploratory_post_outcome_not_confirmatory,capacity_matched_posthoc_mean_effect_control,mean_effect,1.0,head_pair_quadratic_screen,160,mask_6377c5f877751766,1.1752329086657745
exploratory_post_outcome_not_confirmatory,capacity_matched_posthoc_mean_effect_control,mean_effect,1.0,head_pair_quadratic_screen,160,mask_638cefc8ffcf604a,2.4678665890148483
exploratory_post_outcome_not_confirmatory,capacity_matched_posthoc_mean_effect_control,mean_effect,1.0,head_pair_quadratic_screen,160,mask_64bfd680054dd7d1,0.8044589856614275
exploratory_post_outcome_not_confirmatory,capacity_matched_posthoc_mean_effect_control,mean_effect,1.0,head_pair_quadratic_screen,160,mask_655b102e6639bbfc,3.6425340431148228
exploratory_post_outcome_not_confirmatory,capacity_matched_posthoc_mean_effect_control,mean_effect,1.0,head_pair_quadratic_screen,160,mask_6643e693560431f7,4.221337762145579
exploratory_post_outcome_not_confirmatory,capacity_matched_posthoc_mean_effect_control,mean_effect,1.0,head_pair_quadratic_screen,160,mask_66a1456a9ed6a190,0.12310286740115184
exploratory_post_outcome_not_confirmatory,capacity_matched_posthoc_mean_effect_control,mean_effect,1.0,head_pair_quadratic_screen,160,mask_66e7ba4230023a63,0.3125168719922765
exploratory_post_outcome_not_confirmatory,capacity_matched_posthoc_mean_effect_control,mean_effect,1.0,head_pair_quadratic_screen,160,mask_68aec8aa3f42d376,1.8574067246696169
exploratory_post_outcome_not_confirmatory,capacity_matched_posthoc_mean_effect_control,mean_effect,1.0,head_pair_quadratic_screen,160,mask_69b31d9c3a76ba45,1.702545010183543
exploratory_post_outcome_not_confirmatory,capacity_matched_posthoc_mean_effect_control,mean_effect,1.0,head_pair_quadratic_screen,160,mask_69b8a0bd055bae3b,0.42274095720695093
exploratory_post_outcome_not_confirmatory,capacity_matched_posthoc_mean_effect_control,mean_effect,1.0,head_pair_quadratic_screen,160,mask_6a56eb1c10f15cf8,0.22737755552319605
exploratory_post_outcome_not_confirmatory,capacity_matched_posthoc_mean_effect_control,mean_effect,1.0,head_pair_quadratic_screen,160,mask_6adee7a0cff1394b,4.182036401042796
exploratory_post_outcome_not_confirmatory,capacity_matched_posthoc_mean_effect_control,mean_effect,1.0,head_pair_quadratic_screen,160,mask_6b607c9d9ebed276,2.7735341916034475
exploratory_post_outcome_not_confirmatory,capacity_matched_posthoc_mean_effect_control,mean_effect,1.0,head_pair_quadratic_screen,160,mask_6c3e3315afb6fb8c,0.16733369317894375
exploratory_post_outcome_not_confirmatory,capacity_matched_posthoc_mean_effect_control,mean_effect,1.0,head_pair_quadratic_screen,160,mask_6c66643ec3bf086c,0.3548990551383522
exploratory_post_outcome_not_confirmatory,capacity_matched_posthoc_mean_effect_control,mean_effect,1.0,head_pair_quadratic_screen,160,mask_6d2e3876c8f68db8,0.19755338825925195
exploratory_post_outcome_not_confirmatory,capacity_matched_posthoc_mean_effect_control,mean_effect,1.0,head_pair_quadratic_screen,160,mask_6dc3d8bfeadef35d,1.8829984140955394
exploratory_post_outcome_not_confirmatory,capacity_matched_posthoc_mean_effect_control,mean_effect,1.0,head_pair_quadratic_screen,160,mask_6fc70a100d0a8ba1,1.2229190237103247
exploratory_post_outcome_not_confirmatory,capacity_matched_posthoc_mean_effect_control,mean_effect,1.0,head_pair_quadratic_screen,160,mask_70032bddd368aae7,2.3941021428629536
exploratory_post_outcome_not_confirmatory,capacity_matched_posthoc_mean_effect_control,mean_effect,1.0,head_pair_quadratic_screen,160,mask_7014c21a00895564,1.1759517191349276
exploratory_post_outcome_not_confirmatory,capacity_matched_posthoc_mean_effect_control,mean_effect,1.0,head_pair_quadratic_screen,160,mask_704e0264140b05ba,0.2747524304036493
exploratory_post_outcome_not_confirmatory,capacity_matched_posthoc_mean_effect_control,mean_effect,1.0,head_pair_quadratic_screen,160,mask_707fcddd05f279f6,3.182434964122358
exploratory_post_outcome_not_confirmatory,capacity_matched_posthoc_mean_effect_control,mean_effect,1.0,head_pair_quadratic_screen,160,mask_714aefc72a94a0e9,0.5052160920695109
exploratory_post_outcome_not_confirmatory,capacity_matched_posthoc_mean_effect_control,mean_effect,1.0,head_pair_quadratic_screen,160,mask_71b87a0bd7ca6ee1,2.513876855620023
exploratory_post_outcome_not_confirmatory,capacity_matched_posthoc_mean_effect_control,mean_effect,1.0,head_pair_quadratic_screen,160,mask_72750b59b18d6c0c,0.6675978270953011
exploratory_post_outcome_not_confirmatory,capacity_matched_posthoc_mean_effect_control,mean_effect,1.0,head_pair_quadratic_screen,160,mask_73324c4014b4a4c2,0.11346696980224102
exploratory_post_outcome_not_confirmatory,capacity_matched_posthoc_mean_effect_control,mean_effect,1.0,head_pair_quadratic_screen,160,mask_733a12c308c35650,1.093967235852522
exploratory_post_outcome_not_confirmatory,capacity_matched_posthoc_mean_effect_control,mean_effect,1.0,head_pair_quadratic_screen,160,mask_7378976187b9a4fb,0.8383096242296335
exploratory_post_outcome_not_confirmatory,capacity_matched_posthoc_mean_effect_control,mean_effect,1.0,head_pair_quadratic_screen,160,mask_74077575feeaaa77,2.9586573215077014
exploratory_post_outcome_not_confirmatory,capacity_matched_posthoc_mean_effect_control,mean_effect,1.0,head_pair_quadratic_screen,160,mask_762a6523a5ece970,1.4553890913731216
exploratory_post_outcome_not_confirmatory,capacity_matched_posthoc_mean_effect_control,mean_effect,1.0,head_pair_quadratic_screen,160,mask_7653a500a201847f,1.4988492332343744
exploratory_post_outcome_not_confirmatory,capacity_matched_posthoc_mean_effect_control,mean_effect,1.0,head_pair_quadratic_screen,160,mask_769865f6aa1c3668,3.1668900391923986
exploratory_post_outcome_not_confirmatory,capacity_matched_posthoc_mean_effect_control,mean_effect,1.0,head_pair_quadratic_screen,160,mask_76eefe00ea7f7098,1.491338677951423
exploratory_post_outcome_not_confirmatory,capacity_matched_posthoc_mean_effect_control,mean_effect,1.0,head_pair_quadratic_screen,160,mask_76f706be2ab175f0,0.23512904174247984
exploratory_post_outcome_not_confirmatory,capacity_matched_posthoc_mean_effect_control,mean_effect,1.0,head_pair_quadratic_screen,160,mask_77740b198a0b3a94,0.13511190816952823
exploratory_post_outcome_not_confirmatory,capacity_matched_posthoc_mean_effect_control,mean_effect,1.0,head_pair_quadratic_screen,160,mask_7a2a9f846e50a9dd,2.2220714212355803
exploratory_post_outcome_not_confirmatory,capacity_matched_posthoc_mean_effect_control,mean_effect,1.0,head_pair_quadratic_screen,160,mask_7b086f967d1f6c45,3.3662320038533693
exploratory_post_outcome_not_confirmatory,capacity_matched_posthoc_mean_effect_control,mean_effect,1.0,head_pair_quadratic_screen,160,mask_7c8b926f287bec49,1.332370077363628
exploratory_post_outcome_not_confirmatory,capacity_matched_posthoc_mean_effect_control,mean_effect,1.0,head_pair_quadratic_screen,160,mask_7f24cc1e43cc6a20,2.177839949834574
exploratory_post_outcome_not_confirmatory,capacity_matched_posthoc_mean_effect_control,mean_effect,1.0,head_pair_quadratic_screen,160,mask_7f3e113298d36180,0.7719809750969411
exploratory_post_outcome_not_confirmatory,capacity_matched_posthoc_mean_effect_control,mean_effect,1.0,head_pair_quadratic_screen,160,mask_7fb6ffeb6bd8fc1f,0.17411136937710636
exploratory_post_outcome_not_confirmatory,capacity_matched_posthoc_mean_effect_control,mean_effect,1.0,head_pair_quadratic_screen,160,mask_7ffec6cebc7147bc,0.4803892315760223
exploratory_post_outcome_not_confirmatory,capacity_matched_posthoc_mean_effect_control,mean_effect,1.0,head_pair_quadratic_screen,160,mask_80a919744b6bf885,1.2764167641600586
exploratory_post_outcome_not_confirmatory,capacity_matched_posthoc_mean_effect_control,mean_effect,1.0,head_pair_quadratic_screen,160,mask_80c3a0633db3b3e5,1.3257735808567979
exploratory_post_outcome_not_confirmatory,capacity_matched_posthoc_mean_effect_control,mean_effect,1.0,head_pair_quadratic_screen,160,mask_818493500a9903d5,1.8544123030220978
exploratory_post_outcome_not_confirmatory,capacity_matched_posthoc_mean_effect_control,mean_effect,1.0,head_pair_quadratic_screen,160,mask_834a6ea68547fc89,4.362169454652051
exploratory_post_outcome_not_confirmatory,capacity_matched_posthoc_mean_effect_control,mean_effect,1.0,head_pair_quadratic_screen,160,mask_83fe021aaca96bf0,0.07012762760034286
exploratory_post_outcome_not_confirmatory,capacity_matched_posthoc_mean_effect_control,mean_effect,1.0,head_pair_quadratic_screen,160,mask_84a81846a5ba1642,1.994012129022103
exploratory_post_outcome_not_confirmatory,capacity_matched_posthoc_mean_effect_control,mean_effect,1.0,head_pair_quadratic_screen,160,mask_8539d49577e1ed9d,1.1640904218468462
exploratory_post_outcome_not_confirmatory,capacity_matched_posthoc_mean_effect_control,mean_effect,1.0,head_pair_quadratic_screen,160,mask_857c4bc2555caab0,1.7747936866641014
exploratory_post_outcome_not_confirmatory,capacity_matched_posthoc_mean_effect_control,mean_effect,1.0,head_pair_quadratic_screen,160,mask_85b84477d6b21991,1.6441277164473966
exploratory_post_outcome_not_confirmatory,capacity_matched_posthoc_mean_effect_control,mean_effect,1.0,head_pair_quadratic_screen,160,mask_869d66d61d829aa3,2.9920293442369923
exploratory_post_outcome_not_confirmatory,capacity_matched_posthoc_mean_effect_control,mean_effect,1.0,head_pair_quadratic_screen,160,mask_86cee7aec23aade6,0.7488784726199653
exploratory_post_outcome_not_confirmatory,capacity_matched_posthoc_mean_effect_control,mean_effect,1.0,head_pair_quadratic_screen,160,mask_8831b2c38466a549,0.07146721364770181
exploratory_post_outcome_not_confirmatory,capacity_matched_posthoc_mean_effect_control,mean_effect,1.0,head_pair_quadratic_screen,160,mask_883cd27fbedf8582,1.525510147890663
exploratory_post_outcome_not_confirmatory,capacity_matched_posthoc_mean_effect_control,mean_effect,1.0,head_pair_quadratic_screen,160,mask_88feb37e4997bcb0,0.41882893689563394
exploratory_post_outcome_not_confirmatory,capacity_matched_posthoc_mean_effect_control,mean_effect,1.0,head_pair_quadratic_screen,160,mask_897eaef6989d8277,2.982369499986439
exploratory_post_outcome_not_confirmatory,capacity_matched_posthoc_mean_effect_control,mean_effect,1.0,head_pair_quadratic_screen,160,mask_89894a3de9800e4f,2.2211378755769053
exploratory_post_outcome_not_confirmatory,capacity_matched_posthoc_mean_effect_control,mean_effect,1.0,head_pair_quadratic_screen,160,mask_89f636ee152a5c54,1.4843424688718176
exploratory_post_outcome_not_confirmatory,capacity_matched_posthoc_mean_effect_control,mean_effect,1.0,head_pair_quadratic_screen,160,mask_8a4903df460893e2,0.7068755829035691
exploratory_post_outcome_not_confirmatory,capacity_matched_posthoc_mean_effect_control,mean_effect,1.0,head_pair_quadratic_screen,160,mask_8b4aadeb70824cb3,2.6854650451003046
exploratory_post_outcome_not_confirmatory,capacity_matched_posthoc_mean_effect_control,mean_effect,1.0,head_pair_quadratic_screen,160,mask_8b7737474604b389,0.17551579771653558
exploratory_post_outcome_not_confirmatory,capacity_matched_posthoc_mean_effect_control,mean_effect,1.0,head_pair_quadratic_screen,160,mask_8da4b6178fa2b73e,0.019830226846897725
exploratory_post_outcome_not_confirmatory,capacity_matched_posthoc_mean_effect_control,mean_effect,1.0,head_pair_quadratic_screen,160,mask_8dc1386ad4524dcb,1.3322814463358483
exploratory_post_outcome_not_confirmatory,capacity_matched_posthoc_mean_effect_control,mean_effect,1.0,head_pair_quadratic_screen,160,mask_8e19964bc0ea5bd6,0.5430633601551087
exploratory_post_outcome_not_confirmatory,capacity_matched_posthoc_mean_effect_control,mean_effect,1.0,head_pair_quadratic_screen,160,mask_8eaaf64cc1220873,0.05357624252662507
exploratory_post_outcome_not_confirmatory,capacity_matched_posthoc_mean_effect_control,mean_effect,1.0,head_pair_quadratic_screen,160,mask_8f32af7db1011793,2.894211777074963
exploratory_post_outcome_not_confirmatory,capacity_matched_posthoc_mean_effect_control,mean_effect,1.0,head_pair_quadratic_screen,160,mask_8f5eca4cbcfcb5db,0.06452552625691144
exploratory_post_outcome_not_confirmatory,capacity_matched_posthoc_mean_effect_control,mean_effect,1.0,head_pair_quadratic_screen,160,mask_8f9a3d833faba0f0,1.9449179470108708
exploratory_post_outcome_not_confirmatory,capacity_matched_posthoc_mean_effect_control,mean_effect,1.0,head_pair_quadratic_screen,160,mask_90268cfdee9c04e6,0.1254328850910542
exploratory_post_outcome_not_confirmatory,capacity_matched_posthoc_mean_effect_control,mean_effect,1.0,head_pair_quadratic_screen,160,mask_9074ffe6e76859ab,2.9626205775883987
exploratory_post_outcome_not_confirmatory,capacity_matched_posthoc_mean_effect_control,mean_effect,1.0,head_pair_quadratic_screen,160,mask_908579f4d41ade60,2.0692366816114443
exploratory_post_outcome_not_confirmatory,capacity_matched_posthoc_mean_effect_control,mean_effect,1.0,head_pair_quadratic_screen,160,mask_93f84412f1b2de39,0.4802400856105664
exploratory_post_outcome_not_confirmatory,capacity_matched_posthoc_mean_effect_control,mean_effect,1.0,head_pair_quadratic_screen,160,mask_9401c6bc69ed4d22,0.5032532595068337
exploratory_post_outcome_not_confirmatory,capacity_matched_posthoc_mean_effect_control,mean_effect,1.0,head_pair_quadratic_screen,160,mask_9781274f8ee1fcdf,1.8845980447817936
exploratory_post_outcome_not_confirmatory,capacity_matched_posthoc_mean_effect_control,mean_effect,1.0,head_pair_quadratic_screen,160,mask_99b322f566a2bc85,0.4156725707157465
exploratory_post_outcome_not_confirmatory,capacity_matched_posthoc_mean_effect_control,mean_effect,1.0,head_pair_quadratic_screen,160,mask_9ada32a4bff7daa9,0.9381099566357421
exploratory_post_outcome_not_confirmatory,capacity_matched_posthoc_mean_effect_control,mean_effect,1.0,head_pair_quadratic_screen,160,mask_9adcd6a8e2d813f5,2.115367940205667
exploratory_post_outcome_not_confirmatory,capacity_matched_posthoc_mean_effect_control,mean_effect,1.0,head_pair_quadratic_screen,160,mask_9bc61d867f34c105,3.1591107510139183
exploratory_post_outcome_not_confirmatory,capacity_matched_posthoc_mean_effect_control,mean_effect,1.0,head_pair_quadratic_screen,160,mask_9cf21c6baa863a79,2.8210081977162984
exploratory_post_outcome_not_confirmatory,capacity_matched_posthoc_mean_effect_control,mean_effect,1.0,head_pair_quadratic_screen,160,mask_9d03b54ad45d1a11,0.46309735644363537
exploratory_post_outcome_not_confirmatory,capacity_matched_posthoc_mean_effect_control,mean_effect,1.0,head_pair_quadratic_screen,160,mask_a0046e43df20ac57,0.135429954780251
exploratory_post_outcome_not_confirmatory,capacity_matched_posthoc_mean_effect_control,mean_effect,1.0,head_pair_quadratic_screen,160,mask_a096a397a7d70275,0.039540836063055806
exploratory_post_outcome_not_confirmatory,capacity_matched_posthoc_mean_effect_control,mean_effect,1.0,head_pair_quadratic_screen,160,mask_a1583d68d1b5ac36,1.496946565354896
exploratory_post_outcome_not_confirmatory,capacity_matched_posthoc_mean_effect_control,mean_effect,1.0,head_pair_quadratic_screen,160,mask_a1eb01e7a7c4e9be,0.11057294634205228
exploratory_post_outcome_not_confirmatory,capacity_matched_posthoc_mean_effect_control,mean_effect,1.0,head_pair_quadratic_screen,160,mask_a26e5c6ddb2404bd,2.829315652425559
exploratory_post_outcome_not_confirmatory,capacity_matched_posthoc_mean_effect_control,mean_effect,1.0,head_pair_quadratic_screen,160,mask_a3021efcfb81527e,1.3232051207206332
exploratory_post_outcome_not_confirmatory,capacity_matched_posthoc_mean_effect_control,mean_effect,1.0,head_pair_quadratic_screen,160,mask_a44ebad514cc6a03,3.6500438594179383
exploratory_post_outcome_not_confirmatory,capacity_matched_posthoc_mean_effect_control,mean_effect,1.0,head_pair_quadratic_screen,160,mask_a63bdf91a6b6b869,0.6201598642566541
exploratory_post_outcome_not_confirmatory,capacity_matched_posthoc_mean_effect_control,mean_effect,1.0,head_pair_quadratic_screen,160,mask_a702edc60d5a8139,1.7220331768327615
exploratory_post_outcome_not_confirmatory,capacity_matched_posthoc_mean_effect_control,mean_effect,1.0,head_pair_quadratic_screen,160,mask_a70ae2b6886df911,0.472445285906272
exploratory_post_outcome_not_confirmatory,capacity_matched_posthoc_mean_effect_control,mean_effect,1.0,head_pair_quadratic_screen,160,mask_a80d553a0648023d,1.0711332515084855
exploratory_post_outcome_not_confirmatory,capacity_matched_posthoc_mean_effect_control,mean_effect,1.0,head_pair_quadratic_screen,160,mask_a842b06af7760b08,1.141276343596512
exploratory_post_outcome_not_confirmatory,capacity_matched_posthoc_mean_effect_control,mean_effect,1.0,head_pair_quadratic_screen,160,mask_a9f1de05a2b5cc89,0.2466976981446649
exploratory_post_outcome_not_confirmatory,capacity_matched_posthoc_mean_effect_control,mean_effect,1.0,head_pair_quadratic_screen,160,mask_ab59149b00e47e01,0.5902671738489307
exploratory_post_outcome_not_confirmatory,capacity_matched_posthoc_mean_effect_control,mean_effect,1.0,head_pair_quadratic_screen,160,mask_ad8e51343f6afbab,1.0612738119262872
exploratory_post_outcome_not_confirmatory,capacity_matched_posthoc_mean_effect_control,mean_effect,1.0,head_pair_quadratic_screen,160,mask_ae1e1d44660adb6e,1.2580956601847741
exploratory_post_outcome_not_confirmatory,capacity_matched_posthoc_mean_effect_control,mean_effect,1.0,head_pair_quadratic_screen,160,mask_ae737f6731edb34d,0.351953048105315
exploratory_post_outcome_not_confirmatory,capacity_matched_posthoc_mean_effect_control,mean_effect,1.0,head_pair_quadratic_screen,160,mask_aea069a826f0a096,1.1822870234133571
exploratory_post_outcome_not_confirmatory,capacity_matched_posthoc_mean_effect_control,mean_effect,1.0,head_pair_quadratic_screen,160,mask_aebcbcf7f67000e0,0.5516464694101935
exploratory_post_outcome_not_confirmatory,capacity_matched_posthoc_mean_effect_control,mean_effect,1.0,head_pair_quadratic_screen,160,mask_aedb2c503c8eced2,0.026381282638860637
exploratory_post_outcome_not_confirmatory,capacity_matched_posthoc_mean_effect_control,mean_effect,1.0,head_pair_quadratic_screen,160,mask_af608dfaba891fc2,0.7938983126240671
exploratory_post_outcome_not_confirmatory,capacity_matched_posthoc_mean_effect_control,mean_effect,1.0,head_pair_quadratic_screen,160,mask_b0a4335ce26e22f0,0.9354508194069198
exploratory_post_outcome_not_confirmatory,capacity_matched_posthoc_mean_effect_control,mean_effect,1.0,head_pair_quadratic_screen,160,mask_b0df0f5b22e4ad68,0.3357662541866103
exploratory_post_outcome_not_confirmatory,capacity_matched_posthoc_mean_effect_control,mean_effect,1.0,head_pair_quadratic_screen,160,mask_b1fa83aa43509c12,3.750345074039509
exploratory_post_outcome_not_confirmatory,capacity_matched_posthoc_mean_effect_control,mean_effect,1.0,head_pair_quadratic_screen,160,mask_b33d0e102bf3c5b1,2.3927400056502
exploratory_post_outcome_not_confirmatory,capacity_matched_posthoc_mean_effect_control,mean_effect,1.0,head_pair_quadratic_screen,160,mask_b42f1f770ee4852b,0.46896840397780193
exploratory_post_outcome_not_confirmatory,capacity_matched_posthoc_mean_effect_control,mean_effect,1.0,head_pair_quadratic_screen,160,mask_b44b28fb22bc4dc8,1.6157505541228592
exploratory_post_outcome_not_confirmatory,capacity_matched_posthoc_mean_effect_control,mean_effect,1.0,head_pair_quadratic_screen,160,mask_b4970ee8a8f769c1,1.8448561582409713
exploratory_post_outcome_not_confirmatory,capacity_matched_posthoc_mean_effect_control,mean_effect,1.0,head_pair_quadratic_screen,160,mask_b4f0ad9f99dd69af,1.5557723580736706
exploratory_post_outcome_not_confirmatory,capacity_matched_posthoc_mean_effect_control,mean_effect,1.0,head_pair_quadratic_screen,160,mask_b55f4fdddb0ed7df,0.21322769272995634
exploratory_post_outcome_not_confirmatory,capacity_matched_posthoc_mean_effect_control,mean_effect,1.0,head_pair_quadratic_screen,160,mask_b611eb15c1cbe033,0.007607028856610354
exploratory_post_outcome_not_confirmatory,capacity_matched_posthoc_mean_effect_control,mean_effect,1.0,head_pair_quadratic_screen,160,mask_b6d6b292842a5d66,0.9405211136048848
exploratory_post_outcome_not_confirmatory,capacity_matched_posthoc_mean_effect_control,mean_effect,1.0,head_pair_quadratic_screen,160,mask_b7f51d1564f006ed,0.8326809809280619
exploratory_post_outcome_not_confirmatory,capacity_matched_posthoc_mean_effect_control,mean_effect,1.0,head_pair_quadratic_screen,160,mask_b817da3d090a7941,0.7986509991551277
exploratory_post_outcome_not_confirmatory,capacity_matched_posthoc_mean_effect_control,mean_effect,1.0,head_pair_quadratic_screen,160,mask_ba28cb4fde59866a,0.4965160349001416
exploratory_post_outcome_not_confirmatory,capacity_matched_posthoc_mean_effect_control,mean_effect,1.0,head_pair_quadratic_screen,160,mask_bb34cb2eaf4b5d75,1.6267524888434082
exploratory_post_outcome_not_confirmatory,capacity_matched_posthoc_mean_effect_control,mean_effect,1.0,head_pair_quadratic_screen,160,mask_bcf00f575657ab57,1.3686923568786433
exploratory_post_outcome_not_confirmatory,capacity_matched_posthoc_mean_effect_control,mean_effect,1.0,head_pair_quadratic_screen,160,mask_bda88699e1e7badf,1.053805946285275
exploratory_post_outcome_not_confirmatory,capacity_matched_posthoc_mean_effect_control,mean_effect,1.0,head_pair_quadratic_screen,160,mask_bdf060e535bbc3f1,3.4547906247730706
exploratory_post_outcome_not_confirmatory,capacity_matched_posthoc_mean_effect_control,mean_effect,1.0,head_pair_quadratic_screen,160,mask_be0515fb61fc8e18,1.6171200518173845
exploratory_post_outcome_not_confirmatory,capacity_matched_posthoc_mean_effect_control,mean_effect,1.0,head_pair_quadratic_screen,160,mask_be69d0111bfe63f7,1.4675370694220473
exploratory_post_outcome_not_confirmatory,capacity_matched_posthoc_mean_effect_control,mean_effect,1.0,head_pair_quadratic_screen,160,mask_beb9ec06fb38206b,4.113403797640079
exploratory_post_outcome_not_confirmatory,capacity_matched_posthoc_mean_effect_control,mean_effect,1.0,head_pair_quadratic_screen,160,mask_bf6676c8cf2328fe,2.2345643592833033
exploratory_post_outcome_not_confirmatory,capacity_matched_posthoc_mean_effect_control,mean_effect,1.0,head_pair_quadratic_screen,160,mask_bfa108de38e6d58f,1.210105747551212
exploratory_post_outcome_not_confirmatory,capacity_matched_posthoc_mean_effect_control,mean_effect,1.0,head_pair_quadratic_screen,160,mask_bfb9e14f899fd7d3,0.9079398818483959
exploratory_post_outcome_not_confirmatory,capacity_matched_posthoc_mean_effect_control,mean_effect,1.0,head_pair_quadratic_screen,160,mask_c0d0984f7496e96b,1.8161494414102872
exploratory_post_outcome_not_confirmatory,capacity_matched_posthoc_mean_effect_control,mean_effect,1.0,head_pair_quadratic_screen,160,mask_c22a533faf194bc5,0.038879895162726386
exploratory_post_outcome_not_confirmatory,capacity_matched_posthoc_mean_effect_control,mean_effect,1.0,head_pair_quadratic_screen,160,mask_c2c23ea606b0481a,0.6330646630828194
exploratory_post_outcome_not_confirmatory,capacity_matched_posthoc_mean_effect_control,mean_effect,1.0,head_pair_quadratic_screen,160,mask_c321548a0a9a35ee,0.8365382111654531
exploratory_post_outcome_not_confirmatory,capacity_matched_posthoc_mean_effect_control,mean_effect,1.0,head_pair_quadratic_screen,160,mask_c36034d7c9cf0b25,0.9358522151380253
exploratory_post_outcome_not_confirmatory,capacity_matched_posthoc_mean_effect_control,mean_effect,1.0,head_pair_quadratic_screen,160,mask_c3f11a7d9ebab23d,0.530926681438622
exploratory_post_outcome_not_confirmatory,capacity_matched_posthoc_mean_effect_control,mean_effect,1.0,head_pair_quadratic_screen,160,mask_c4774bd021c06295,0.021917087105845834
exploratory_post_outcome_not_confirmatory,capacity_matched_posthoc_mean_effect_control,mean_effect,1.0,head_pair_quadratic_screen,160,mask_c5621894f29d5b43,2.9569674790995872
exploratory_post_outcome_not_confirmatory,capacity_matched_posthoc_mean_effect_control,mean_effect,1.0,head_pair_quadratic_screen,160,mask_c5654b277c578f3e,0.973971944272889
exploratory_post_outcome_not_confirmatory,capacity_matched_posthoc_mean_effect_control,mean_effect,1.0,head_pair_quadratic_screen,160,mask_c6f04107d7ae9b56,0.10272640406684141
exploratory_post_outcome_not_confirmatory,capacity_matched_posthoc_mean_effect_control,mean_effect,1.0,head_pair_quadratic_screen,160,mask_c7772d470875866f,0.6129021637821305
exploratory_post_outcome_not_confirmatory,capacity_matched_posthoc_mean_effect_control,mean_effect,1.0,head_pair_quadratic_screen,160,mask_c8c6cee6a74a48ae,0.9025608883230454
exploratory_post_outcome_not_confirmatory,capacity_matched_posthoc_mean_effect_control,mean_effect,1.0,head_pair_quadratic_screen,160,mask_c939a4a80d3901d5,1.0010171547223252
exploratory_post_outcome_not_confirmatory,capacity_matched_posthoc_mean_effect_control,mean_effect,1.0,head_pair_quadratic_screen,160,mask_c9523b88300a64c5,0.7980517318764054
exploratory_post_outcome_not_confirmatory,capacity_matched_posthoc_mean_effect_control,mean_effect,1.0,head_pair_quadratic_screen,160,mask_c9688ac3f4d96cac,1.797533112532422
exploratory_post_outcome_not_confirmatory,capacity_matched_posthoc_mean_effect_control,mean_effect,1.0,head_pair_quadratic_screen,160,mask_ca31fbfa51703440,1.6836496428003982
exploratory_post_outcome_not_confirmatory,capacity_matched_posthoc_mean_effect_control,mean_effect,1.0,head_pair_quadratic_screen,160,mask_ca9141d1c988f73a,1.5924079327317253
exploratory_post_outcome_not_confirmatory,capacity_matched_posthoc_mean_effect_control,mean_effect,1.0,head_pair_quadratic_screen,160,mask_cafa56ef6c77bde9,0.65670320262068
exploratory_post_outcome_not_confirmatory,capacity_matched_posthoc_mean_effect_control,mean_effect,1.0,head_pair_quadratic_screen,160,mask_cf672502900b1ca1,0.15846928925176051
exploratory_post_outcome_not_confirmatory,capacity_matched_posthoc_mean_effect_control,mean_effect,1.0,head_pair_quadratic_screen,160,mask_d0336d7c13e3ff56,2.572787653383523
exploratory_post_outcome_not_confirmatory,capacity_matched_posthoc_mean_effect_control,mean_effect,1.0,head_pair_quadratic_screen,160,mask_d1688cbf27ef2af4,1.6225979547715168
exploratory_post_outcome_not_confirmatory,capacity_matched_posthoc_mean_effect_control,mean_effect,1.0,head_pair_quadratic_screen,160,mask_d1786933297085c0,0.5786730752023367
exploratory_post_outcome_not_confirmatory,capacity_matched_posthoc_mean_effect_control,mean_effect,1.0,head_pair_quadratic_screen,160,mask_d278c50dbd98b217,0.7344502723989859
exploratory_post_outcome_not_confirmatory,capacity_matched_posthoc_mean_effect_control,mean_effect,1.0,head_pair_quadratic_screen,160,mask_d27ab5b97e7881b1,1.719081384481579
exploratory_post_outcome_not_confirmatory,capacity_matched_posthoc_mean_effect_control,mean_effect,1.0,head_pair_quadratic_screen,160,mask_d2f4c8c3a0e382c0,0.1336680817806305
exploratory_post_outcome_not_confirmatory,capacity_matched_posthoc_mean_effect_control,mean_effect,1.0,head_pair_quadratic_screen,160,mask_d34cab07e9bf4ded,0.7226301859102225
exploratory_post_outcome_not_confirmatory,capacity_matched_posthoc_mean_effect_control,mean_effect,1.0,head_pair_quadratic_screen,160,mask_d4041af54a719d70,0.02068592513935852
exploratory_post_outcome_not_confirmatory,capacity_matched_posthoc_mean_effect_control,mean_effect,1.0,head_pair_quadratic_screen,160,mask_d413f8231adbea75,1.3622863052458738
exploratory_post_outcome_not_confirmatory,capacity_matched_posthoc_mean_effect_control,mean_effect,1.0,head_pair_quadratic_screen,160,mask_d43daec0a2f27dc1,0.6353641307531253
exploratory_post_outcome_not_confirmatory,capacity_matched_posthoc_mean_effect_control,mean_effect,1.0,head_pair_quadratic_screen,160,mask_d46389ced1402b06,1.1910866461989684
exploratory_post_outcome_not_confirmatory,capacity_matched_posthoc_mean_effect_control,mean_effect,1.0,head_pair_quadratic_screen,160,mask_d4de593b7cc70d8f,1.0731674035834904
exploratory_post_outcome_not_confirmatory,capacity_matched_posthoc_mean_effect_control,mean_effect,1.0,head_pair_quadratic_screen,160,mask_d661254b6d532a93,0.8332709423028217
exploratory_post_outcome_not_confirmatory,capacity_matched_posthoc_mean_effect_control,mean_effect,1.0,head_pair_quadratic_screen,160,mask_d71fb8f090c52558,1.26847136335267
exploratory_post_outcome_not_confirmatory,capacity_matched_posthoc_mean_effect_control,mean_effect,1.0,head_pair_quadratic_screen,160,mask_d93f53a48a81e992,1.4296837084339529
exploratory_post_outcome_not_confirmatory,capacity_matched_posthoc_mean_effect_control,mean_effect,1.0,head_pair_quadratic_screen,160,mask_d9a16613cc73af42,2.1962725924259656
exploratory_post_outcome_not_confirmatory,capacity_matched_posthoc_mean_effect_control,mean_effect,1.0,head_pair_quadratic_screen,160,mask_d9a88a957c928602,2.3556887834153253
exploratory_post_outcome_not_confirmatory,capacity_matched_posthoc_mean_effect_control,mean_effect,1.0,head_pair_quadratic_screen,160,mask_db49e87b0dddbc80,0.11320156687590088
exploratory_post_outcome_not_confirmatory,capacity_matched_posthoc_mean_effect_control,mean_effect,1.0,head_pair_quadratic_screen,160,mask_db4ced2a93ad8780,0.19122869926611674
exploratory_post_outcome_not_confirmatory,capacity_matched_posthoc_mean_effect_control,mean_effect,1.0,head_pair_quadratic_screen,160,mask_dc190fdfa9807171,0.07632222712413395
exploratory_post_outcome_not_confirmatory,capacity_matched_posthoc_mean_effect_control,mean_effect,1.0,head_pair_quadratic_screen,160,mask_dc2e11f8d6ea9e67,0.4264057143633927
exploratory_post_outcome_not_confirmatory,capacity_matched_posthoc_mean_effect_control,mean_effect,1.0,head_pair_quadratic_screen,160,mask_dc6c2cd7cadbb670,1.1986352403101825
exploratory_post_outcome_not_confirmatory,capacity_matched_posthoc_mean_effect_control,mean_effect,1.0,head_pair_quadratic_screen,160,mask_dcead7d80876d41f,0.7339484914354446
exploratory_post_outcome_not_confirmatory,capacity_matched_posthoc_mean_effect_control,mean_effect,1.0,head_pair_quadratic_screen,160,mask_de24099fc59a002a,0.2102276947911369
exploratory_post_outcome_not_confirmatory,capacity_matched_posthoc_mean_effect_control,mean_effect,1.0,head_pair_quadratic_screen,160,mask_dee58ca790a88f95,1.637950708750183
exploratory_post_outcome_not_confirmatory,capacity_matched_posthoc_mean_effect_control,mean_effect,1.0,head_pair_quadratic_screen,160,mask_df5a91df62629ec0,3.8172531969699666
exploratory_post_outcome_not_confirmatory,capacity_matched_posthoc_mean_effect_control,mean_effect,1.0,head_pair_quadratic_screen,160,mask_df9ab984d1b9e9f4,0.5155620366743263
exploratory_post_outcome_not_confirmatory,capacity_matched_posthoc_mean_effect_control,mean_effect,1.0,head_pair_quadratic_screen,160,mask_e086f0d0e52f4d73,1.6081077788071838
exploratory_post_outcome_not_confirmatory,capacity_matched_posthoc_mean_effect_control,mean_effect,1.0,head_pair_quadratic_screen,160,mask_e17f356a7bd86a02,1.359305800855363
exploratory_post_outcome_not_confirmatory,capacity_matched_posthoc_mean_effect_control,mean_effect,1.0,head_pair_quadratic_screen,160,mask_e28119cc1bd5501f,0.2517985798260316
exploratory_post_outcome_not_confirmatory,capacity_matched_posthoc_mean_effect_control,mean_effect,1.0,head_pair_quadratic_screen,160,mask_e3bfff07ca1cabef,0.5237565964133561
exploratory_post_outcome_not_confirmatory,capacity_matched_posthoc_mean_effect_control,mean_effect,1.0,head_pair_quadratic_screen,160,mask_e3d966acffab63d3,3.366440625239249
exploratory_post_outcome_not_confirmatory,capacity_matched_posthoc_mean_effect_control,mean_effect,1.0,head_pair_quadratic_screen,160,mask_e6f352bcc8504201,3.0238553793833263
exploratory_post_outcome_not_confirmatory,capacity_matched_posthoc_mean_effect_control,mean_effect,1.0,head_pair_quadratic_screen,160,mask_e8682f72515acb06,0.37458344574027325
exploratory_post_outcome_not_confirmatory,capacity_matched_posthoc_mean_effect_control,mean_effect,1.0,head_pair_quadratic_screen,160,mask_e8bbbcf2c845fe1c,1.599177994854239
exploratory_post_outcome_not_confirmatory,capacity_matched_posthoc_mean_effect_control,mean_effect,1.0,head_pair_quadratic_screen,160,mask_e8e5e157d6e5049e,2.594420719608589
exploratory_post_outcome_not_confirmatory,capacity_matched_posthoc_mean_effect_control,mean_effect,1.0,head_pair_quadratic_screen,160,mask_e9f121c635b9e306,2.6951549094028104
exploratory_post_outcome_not_confirmatory,capacity_matched_posthoc_mean_effect_control,mean_effect,1.0,head_pair_quadratic_screen,160,mask_ea7ded36b0b6aa15,0.17751108937975046
exploratory_post_outcome_not_confirmatory,capacity_matched_posthoc_mean_effect_control,mean_effect,1.0,head_pair_quadratic_screen,160,mask_ec49c3298816f83b,1.7134469980384401
exploratory_post_outcome_not_confirmatory,capacity_matched_posthoc_mean_effect_control,mean_effect,1.0,head_pair_quadratic_screen,160,mask_ee5fb6904843b482,0.10143032506149074
exploratory_post_outcome_not_confirmatory,capacity_matched_posthoc_mean_effect_control,mean_effect,1.0,head_pair_quadratic_screen,160,mask_ee8067c85af66520,3.8600417412268393
exploratory_post_outcome_not_confirmatory,capacity_matched_posthoc_mean_effect_control,mean_effect,1.0,head_pair_quadratic_screen,160,mask_ef5c55a63fd9a61d,0.5243892434304823
exploratory_post_outcome_not_confirmatory,capacity_matched_posthoc_mean_effect_control,mean_effect,1.0,head_pair_quadratic_screen,160,mask_f0bc7dbe5565770b,0.0701084692827143
exploratory_post_outcome_not_confirmatory,capacity_matched_posthoc_mean_effect_control,mean_effect,1.0,head_pair_quadratic_screen,160,mask_f0c07bdf1eb92157,2.2281012832573666
exploratory_post_outcome_not_confirmatory,capacity_matched_posthoc_mean_effect_control,mean_effect,1.0,head_pair_quadratic_screen,160,mask_f0c601118b39fe23,1.1049966313717605
exploratory_post_outcome_not_confirmatory,capacity_matched_posthoc_mean_effect_control,mean_effect,1.0,head_pair_quadratic_screen,160,mask_f16ce08b0ff70796,0.09412454930232705
exploratory_post_outcome_not_confirmatory,capacity_matched_posthoc_mean_effect_control,mean_effect,1.0,head_pair_quadratic_screen,160,mask_f22d93db3ad45aa7,0.1994179982429778
exploratory_post_outcome_not_confirmatory,capacity_matched_posthoc_mean_effect_control,mean_effect,1.0,head_pair_quadratic_screen,160,mask_f26d93b694924f1e,3.3527886778462754
exploratory_post_outcome_not_confirmatory,capacity_matched_posthoc_mean_effect_control,mean_effect,1.0,head_pair_quadratic_screen,160,mask_f2b097d9ab973b9b,0.526043579015078
exploratory_post_outcome_not_confirmatory,capacity_matched_posthoc_mean_effect_control,mean_effect,1.0,head_pair_quadratic_screen,160,mask_f2e0ea8fb5aced9f,2.044724239746536
exploratory_post_outcome_not_confirmatory,capacity_matched_posthoc_mean_effect_control,mean_effect,1.0,head_pair_quadratic_screen,160,mask_f395e84fb1153ac4,2.511443123698548
exploratory_post_outcome_not_confirmatory,capacity_matched_posthoc_mean_effect_control,mean_effect,1.0,head_pair_quadratic_screen,160,mask_f5d21a1898de9318,0.4489333772819222
exploratory_post_outcome_not_confirmatory,capacity_matched_posthoc_mean_effect_control,mean_effect,1.0,head_pair_quadratic_screen,160,mask_f5ffaba1b0f7246e,1.7575251860951773
exploratory_post_outcome_not_confirmatory,capacity_matched_posthoc_mean_effect_control,mean_effect,1.0,head_pair_quadratic_screen,160,mask_f7629d353a5a8c8c,1.834353301854915
exploratory_post_outcome_not_confirmatory,capacity_matched_posthoc_mean_effect_control,mean_effect,1.0,head_pair_quadratic_screen,160,mask_f78efa18c25e46d0,0.9786853055554463
exploratory_post_outcome_not_confirmatory,capacity_matched_posthoc_mean_effect_control,mean_effect,1.0,head_pair_quadratic_screen,160,mask_f826a41b1906d197,2.75418286683506
exploratory_post_outcome_not_confirmatory,capacity_matched_posthoc_mean_effect_control,mean_effect,1.0,head_pair_quadratic_screen,160,mask_f87b6c1f9dbae6a0,3.9904095040463137
exploratory_post_outcome_not_confirmatory,capacity_matched_posthoc_mean_effect_control,mean_effect,1.0,head_pair_quadratic_screen,160,mask_f9b9a5353aeba653,1.8024338463009844
exploratory_post_outcome_not_confirmatory,capacity_matched_posthoc_mean_effect_control,mean_effect,1.0,head_pair_quadratic_screen,160,mask_f9eb5b3f143d0f35,3.1868807885664476
exploratory_post_outcome_not_confirmatory,capacity_matched_posthoc_mean_effect_control,mean_effect,1.0,head_pair_quadratic_screen,160,mask_fc5299efb847cbc8,0.9566242671051258
exploratory_post_outcome_not_confirmatory,capacity_matched_posthoc_mean_effect_control,mean_effect,1.0,head_pair_quadratic_screen,160,mask_fdaa260e90039f39,0.4823875889686047
exploratory_post_outcome_not_confirmatory,capacity_matched_posthoc_mean_effect_control,mean_effect,1.0,head_pair_quadratic_screen,160,mask_fdeec4fb4b923420,4.060405855928739
exploratory_post_outcome_not_confirmatory,capacity_matched_posthoc_mean_effect_control,mean_effect,1.0,head_pair_quadratic_screen,160,mask_ff0a498847885133,0.22072963765150044
exploratory_post_outcome_not_confirmatory,capacity_matched_posthoc_mean_effect_control,mean_effect,1.0,head_pair_quadratic_screen,160,mask_ff6985d2961f695d,0.5190468185538422
exploratory_post_outcome_not_confirmatory,capacity_matched_posthoc_mean_effect_control,mean_effect,1.0,head_pair_quadratic_screen,160,mask_ffe0389c017216d1,0.7107972847940176
exploratory_post_outcome_not_confirmatory,capacity_matched_posthoc_mean_effect_control,mean_effect,1.5,head_pair_quadratic_screen,160,mask_005e8f0c4b6641e0,3.446531242561206
exploratory_post_outcome_not_confirmatory,capacity_matched_posthoc_mean_effect_control,mean_effect,1.5,head_pair_quadratic_screen,160,mask_0279c47242fa6dc7,2.9449897411138366
exploratory_post_outcome_not_confirmatory,capacity_matched_posthoc_mean_effect_control,mean_effect,1.5,head_pair_quadratic_screen,160,mask_02e4a5b0e632441b,2.693404589785467
exploratory_post_outcome_not_confirmatory,capacity_matched_posthoc_mean_effect_control,mean_effect,1.5,head_pair_quadratic_screen,160,mask_03ced2f511e0a2f2,0.4238935431900257
exploratory_post_outcome_not_confirmatory,capacity_matched_posthoc_mean_effect_control,mean_effect,1.5,head_pair_quadratic_screen,160,mask_0483c7c3a82ced7e,1.0182910268402638
exploratory_post_outcome_not_confirmatory,capacity_matched_posthoc_mean_effect_control,mean_effect,1.5,head_pair_quadratic_screen,160,mask_053a16108482e172,0.44373072967308724
exploratory_post_outcome_not_confirmatory,capacity_matched_posthoc_mean_effect_control,mean_effect,1.5,head_pair_quadratic_screen,160,mask_05debd2dcf6608b1,3.911930880263325
exploratory_post_outcome_not_confirmatory,capacity_matched_posthoc_mean_effect_control,mean_effect,1.5,head_pair_quadratic_screen,160,mask_06701c9de64728ed,3.950079223536955
exploratory_post_outcome_not_confirmatory,capacity_matched_posthoc_mean_effect_control,mean_effect,1.5,head_pair_quadratic_screen,160,mask_08ecbaf1273b839d,3.4479471376016355
exploratory_post_outcome_not_confirmatory,capacity_matched_posthoc_mean_effect_control,mean_effect,1.5,head_pair_quadratic_screen,160,mask_0996d9ce9b8fc03f,3.6222204432202063
exploratory_post_outcome_not_confirmatory,capacity_matched_posthoc_mean_effect_control,mean_effect,1.5,head_pair_quadratic_screen,160,mask_0adfe596cdffa062,1.4687622840535628
exploratory_post_outcome_not_confirmatory,capacity_matched_posthoc_mean_effect_control,mean_effect,1.5,head_pair_quadratic_screen,160,mask_0cbfd8c3e3987d54,0.300237264110339
exploratory_post_outcome_not_confirmatory,capacity_matched_posthoc_mean_effect_control,mean_effect,1.5,head_pair_quadratic_screen,160,mask_0e613a7552299eed,3.799345226035224
exploratory_post_outcome_not_confirmatory,capacity_matched_posthoc_mean_effect_control,mean_effect,1.5,head_pair_quadratic_screen,160,mask_0e86e968e9d121f9,1.1686883875402851
exploratory_post_outcome_not_confirmatory,capacity_matched_posthoc_mean_effect_control,mean_effect,1.5,head_pair_quadratic_screen,160,mask_0ea1a19911258943,1.066613826383173
exploratory_post_outcome_not_confirmatory,capacity_matched_posthoc_mean_effect_control,mean_effect,1.5,head_pair_quadratic_screen,160,mask_0f1c886d2bd569f0,0.057045570971447024
exploratory_post_outcome_not_confirmatory,capacity_matched_posthoc_mean_effect_control,mean_effect,1.5,head_pair_quadratic_screen,160,mask_0fb6d9bf1421fa6c,3.3804424883396074
exploratory_post_outcome_not_confirmatory,capacity_matched_posthoc_mean_effect_control,mean_effect,1.5,head_pair_quadratic_screen,160,mask_1071d55a6118c541,3.9422755501979485
exploratory_post_outcome_not_confirmatory,capacity_matched_posthoc_mean_effect_control,mean_effect,1.5,head_pair_quadratic_screen,160,mask_111b2c86496d6209,0.1768977106139722
exploratory_post_outcome_not_confirmatory,capacity_matched_posthoc_mean_effect_control,mean_effect,1.5,head_pair_quadratic_screen,160,mask_13bde25a1f9e1093,2.848736450226065
exploratory_post_outcome_not_confirmatory,capacity_matched_posthoc_mean_effect_control,mean_effect,1.5,head_pair_quadratic_screen,160,mask_153f1c2a9e066490,0.8274120770987412
exploratory_post_outcome_not_confirmatory,capacity_matched_posthoc_mean_effect_control,mean_effect,1.5,head_pair_quadratic_screen,160,mask_16dc2167f216f5a8,0.9998929613766007
exploratory_post_outcome_not_confirmatory,capacity_matched_posthoc_mean_effect_control,mean_effect,1.5,head_pair_quadratic_screen,160,mask_1abd41f1a83adf2a,1.1994916655375891
exploratory_post_outcome_not_confirmatory,capacity_matched_posthoc_mean_effect_control,mean_effect,1.5,head_pair_quadratic_screen,160,mask_1ac89476f4e553f7,1.3058075950813888
exploratory_post_outcome_not_confirmatory,capacity_matched_posthoc_mean_effect_control,mean_effect,1.5,head_pair_quadratic_screen,160,mask_1b0c2fea7e73598b,2.4045970929028853
exploratory_post_outcome_not_confirmatory,capacity_matched_posthoc_mean_effect_control,mean_effect,1.5,head_pair_quadratic_screen,160,mask_1d6d3f9f5c61b0fa,0.7211405467231665
exploratory_post_outcome_not_confirmatory,capacity_matched_posthoc_mean_effect_control,mean_effect,1.5,head_pair_quadratic_screen,160,mask_1d9e3422b50673a4,0.9783268417002333
exploratory_post_outcome_not_confirmatory,capacity_matched_posthoc_mean_effect_control,mean_effect,1.5,head_pair_quadratic_screen,160,mask_1e1088beec645b87,1.9349300285813489
exploratory_post_outcome_not_confirmatory,capacity_matched_posthoc_mean_effect_control,mean_effect,1.5,head_pair_quadratic_screen,160,mask_1ee94a6fab0d1183,0.08309237740603814
exploratory_post_outcome_not_confirmatory,capacity_matched_posthoc_mean_effect_control,mean_effect,1.5,head_pair_quadratic_screen,160,mask_1f36ab0e18336a51,1.4208084343494594
exploratory_post_outcome_not_confirmatory,capacity_matched_posthoc_mean_effect_control,mean_effect,1.5,head_pair_quadratic_screen,160,mask_20c5557cea9da719,1.4770045409180577
exploratory_post_outcome_not_confirmatory,capacity_matched_posthoc_mean_effect_control,mean_effect,1.5,head_pair_quadratic_screen,160,mask_21e5e4333c6fc40a,1.0164997242431824
exploratory_post_outcome_not_confirmatory,capacity_matched_posthoc_mean_effect_control,mean_effect,1.5,head_pair_quadratic_screen,160,mask_2261c8e54842bff6,0.038222969013208985
exploratory_post_outcome_not_confirmatory,capacity_matched_posthoc_mean_effect_control,mean_effect,1.5,head_pair_quadratic_screen,160,mask_22c097f7c153bb13,0.8039631781400834
exploratory_post_outcome_not_confirmatory,capacity_matched_posthoc_mean_effect_control,mean_effect,1.5,head_pair_quadratic_screen,160,mask_2322491b9dd809d6,0.890381295616566
exploratory_post_outcome_not_confirmatory,capacity_matched_posthoc_mean_effect_control,mean_effect,1.5,head_pair_quadratic_screen,160,mask_23526c3b8294fcb7,0.32622320879327216
exploratory_post_outcome_not_confirmatory,capacity_matched_posthoc_mean_effect_control,mean_effect,1.5,head_pair_quadratic_screen,160,mask_236220af5313649a,3.684678228032661
exploratory_post_outcome_not_confirmatory,capacity_matched_posthoc_mean_effect_control,mean_effect,1.5,head_pair_quadratic_screen,160,mask_248e15522b401ece,0.2763756637246597
exploratory_post_outcome_not_confirmatory,capacity_matched_posthoc_mean_effect_control,mean_effect,1.5,head_pair_quadratic_screen,160,mask_24aa69bed4ef8bfe,1.498343165065371
exploratory_post_outcome_not_confirmatory,capacity_matched_posthoc_mean_effect_control,mean_effect,1.5,head_pair_quadratic_screen,160,mask_25276dd47f8ef77c,1.7870272177461213
exploratory_post_outcome_not_confirmatory,capacity_matched_posthoc_mean_effect_control,mean_effect,1.5,head_pair_quadratic_screen,160,mask_25aa4cf6fe69b75c,1.5348551654223
exploratory_post_outcome_not_confirmatory,capacity_matched_posthoc_mean_effect_control,mean_effect,1.5,head_pair_quadratic_screen,160,mask_25aad795bfaf26cc,2.471154500167351
exploratory_post_outcome_not_confirmatory,capacity_matched_posthoc_mean_effect_control,mean_effect,1.5,head_pair_quadratic_screen,160,mask_25fa34fa11b9dfa9,3.183704286063136
exploratory_post_outcome_not_confirmatory,capacity_matched_posthoc_mean_effect_control,mean_effect,1.5,head_pair_quadratic_screen,160,mask_261f2ebd1f8a4eaa,0.6991603257237788
exploratory_post_outcome_not_confirmatory,capacity_matched_posthoc_mean_effect_control,mean_effect,1.5,head_pair_quadratic_screen,160,mask_267196af5474f7ae,0.45039513513620966
exploratory_post_outcome_not_confirmatory,capacity_matched_posthoc_mean_effect_control,mean_effect,1.5,head_pair_quadratic_screen,160,mask_28f76a93a72310a5,1.187839252204129
exploratory_post_outcome_not_confirmatory,capacity_matched_posthoc_mean_effect_control,mean_effect,1.5,head_pair_quadratic_screen,160,mask_29035c0362b5b9f8,3.0324374128720164
exploratory_post_outcome_not_confirmatory,capacity_matched_posthoc_mean_effect_control,mean_effect,1.5,head_pair_quadratic_screen,160,mask_290a3cb1caf906c3,0.19467336765276722
exploratory_post_outcome_not_confirmatory,capacity_matched_posthoc_mean_effect_control,mean_effect,1.5,head_pair_quadratic_screen,160,mask_29da43b5474a3359,3.349624236265841
exploratory_post_outcome_not_confirmatory,capacity_matched_posthoc_mean_effect_control,mean_effect,1.5,head_pair_quadratic_screen,160,mask_2a1ac7c246d39381,4.377933507994901
exploratory_post_outcome_not_confirmatory,capacity_matched_posthoc_mean_effect_control,mean_effect,1.5,head_pair_quadratic_screen,160,mask_2b83958421bb5cda,1.2739029774279143
exploratory_post_outcome_not_confirmatory,capacity_matched_posthoc_mean_effect_control,mean_effect,1.5,head_pair_quadratic_screen,160,mask_2c9efa6ba7e1581f,0.7493710878385529
exploratory_post_outcome_not_confirmatory,capacity_matched_posthoc_mean_effect_control,mean_effect,1.5,head_pair_quadratic_screen,160,mask_2d90e84a12b72772,2.1146734839805514
exploratory_post_outcome_not_confirmatory,capacity_matched_posthoc_mean_effect_control,mean_effect,1.5,head_pair_quadratic_screen,160,mask_304d12adafdb81c3,1.485920635002739
exploratory_post_outcome_not_confirmatory,capacity_matched_posthoc_mean_effect_control,mean_effect,1.5,head_pair_quadratic_screen,160,mask_30716df5e75daa97,0.9482016213004214
exploratory_post_outcome_not_confirmatory,capacity_matched_posthoc_mean_effect_control,mean_effect,1.5,head_pair_quadratic_screen,160,mask_30a6028bf95dd005,4.696023546469304
exploratory_post_outcome_not_confirmatory,capacity_matched_posthoc_mean_effect_control,mean_effect,1.5,head_pair_quadratic_screen,160,mask_317174e97dc0f0ba,1.9074970608718846
exploratory_post_outcome_not_confirmatory,capacity_matched_posthoc_mean_effect_control,mean_effect,1.5,head_pair_quadratic_screen,160,mask_318be3c54bb72e0d,1.9734421402217057
exploratory_post_outcome_not_confirmatory,capacity_matched_posthoc_mean_effect_control,mean_effect,1.5,head_pair_quadratic_screen,160,mask_331502b1b3b7fde3,0.5470578714572675
exploratory_post_outcome_not_confirmatory,capacity_matched_posthoc_mean_effect_control,mean_effect,1.5,head_pair_quadratic_screen,160,mask_3507ab216f864cbe,1.5722028922391666
exploratory_post_outcome_not_confirmatory,capacity_matched_posthoc_mean_effect_control,mean_effect,1.5,head_pair_quadratic_screen,160,mask_382e0bf880e4af69,1.115907486721857
exploratory_post_outcome_not_confirmatory,capacity_matched_posthoc_mean_effect_control,mean_effect,1.5,head_pair_quadratic_screen,160,mask_384a80f180c950e1,2.2118970957433994
exploratory_post_outcome_not_confirmatory,capacity_matched_posthoc_mean_effect_control,mean_effect,1.5,head_pair_quadratic_screen,160,mask_3895d99325d254e9,3.0086436855066854
exploratory_post_outcome_not_confirmatory,capacity_matched_posthoc_mean_effect_control,mean_effect,1.5,head_pair_quadratic_screen,160,mask_392b59cd4fb2c2ba,1.2594024575009417
exploratory_post_outcome_not_confirmatory,capacity_matched_posthoc_mean_effect_control,mean_effect,1.5,head_pair_quadratic_screen,160,mask_3a1e9bb541f8aca6,2.815442418079808
exploratory_post_outcome_not_confirmatory,capacity_matched_posthoc_mean_effect_control,mean_effect,1.5,head_pair_quadratic_screen,160,mask_3b86851daac9b820,4.161122109451877
exploratory_post_outcome_not_confirmatory,capacity_matched_posthoc_mean_effect_control,mean_effect,1.5,head_pair_quadratic_screen,160,mask_3c166d1eae5ed3e7,1.5557360184285074
exploratory_post_outcome_not_confirmatory,capacity_matched_posthoc_mean_effect_control,mean_effect,1.5,head_pair_quadratic_screen,160,mask_3c9ed4cc352cbb27,1.2579766471126566
exploratory_post_outcome_not_confirmatory,capacity_matched_posthoc_mean_effect_control,mean_effect,1.5,head_pair_quadratic_screen,160,mask_3cd13f0b09b38224,2.059019967826257
exploratory_post_outcome_not_confirmatory,capacity_matched_posthoc_mean_effect_control,mean_effect,1.5,head_pair_quadratic_screen,160,mask_3cd97f4a74d408b8,0.21176173296786516
exploratory_post_outcome_not_confirmatory,capacity_matched_posthoc_mean_effect_control,mean_effect,1.5,head_pair_quadratic_screen,160,mask_3f221e71d8f4c4eb,2.6128973392253587
exploratory_post_outcome_not_confirmatory,capacity_matched_posthoc_mean_effect_control,mean_effect,1.5,head_pair_quadratic_screen,160,mask_3f42ad7cb49d164c,2.757376991183496
exploratory_post_outcome_not_confirmatory,capacity_matched_posthoc_mean_effect_control,mean_effect,1.5,head_pair_quadratic_screen,160,mask_3fd358a395ddfdd8,0.7492515642522881
exploratory_post_outcome_not_confirmatory,capacity_matched_posthoc_mean_effect_control,mean_effect,1.5,head_pair_quadratic_screen,160,mask_404aeacce5dd470d,1.361466331067095
exploratory_post_outcome_not_confirmatory,capacity_matched_posthoc_mean_effect_control,mean_effect,1.5,head_pair_quadratic_screen,160,mask_4069015a4c8c7628,0.7470507148059632
exploratory_post_outcome_not_confirmatory,capacity_matched_posthoc_mean_effect_control,mean_effect,1.5,head_pair_quadratic_screen,160,mask_42c60001461509c6,3.317413093006225
exploratory_post_outcome_not_confirmatory,capacity_matched_posthoc_mean_effect_control,mean_effect,1.5,head_pair_quadratic_screen,160,mask_438eb8e7551c3dd4,1.2956068558167202
exploratory_post_outcome_not_confirmatory,capacity_matched_posthoc_mean_effect_control,mean_effect,1.5,head_pair_quadratic_screen,160,mask_439dcebfa10ec4e4,2.13917858379083
exploratory_post_outcome_not_confirmatory,capacity_matched_posthoc_mean_effect_control,mean_effect,1.5,head_pair_quadratic_screen,160,mask_441a862ab7ebf428,2.3631726504193793
exploratory_post_outcome_not_confirmatory,capacity_matched_posthoc_mean_effect_control,mean_effect,1.5,head_pair_quadratic_screen,160,mask_46bb144591a6ff63,5.356393854067299
exploratory_post_outcome_not_confirmatory,capacity_matched_posthoc_mean_effect_control,mean_effect,1.5,head_pair_quadratic_screen,160,mask_46ec7d95f82c114c,1.5993396057159843
exploratory_post_outcome_not_confirmatory,capacity_matched_posthoc_mean_effect_control,mean_effect,1.5,head_pair_quadratic_screen,160,mask_48512872c4f2d5bd,2.520202525736491
exploratory_post_outcome_not_confirmatory,capacity_matched_posthoc_mean_effect_control,mean_effect,1.5,head_pair_quadratic_screen,160,mask_4887f05639551759,0.9426453446068154
exploratory_post_outcome_not_confirmatory,capacity_matched_posthoc_mean_effect_control,mean_effect,1.5,head_pair_quadratic_screen,160,mask_4be83a97da997236,1.0160527003760167
exploratory_post_outcome_not_confirmatory,capacity_matched_posthoc_mean_effect_control,mean_effect,1.5,head_pair_quadratic_screen,160,mask_4d3f046ece5f8214,0.20117180039793547
exploratory_post_outcome_not_confirmatory,capacity_matched_posthoc_mean_effect_control,mean_effect,1.5,head_pair_quadratic_screen,160,mask_4dc179e3bed83994,2.2323095387733627
exploratory_post_outcome_not_confirmatory,capacity_matched_posthoc_mean_effect_control,mean_effect,1.5,head_pair_quadratic_screen,160,mask_4df006937804a6d1,1.7033753856918181
exploratory_post_outcome_not_confirmatory,capacity_matched_posthoc_mean_effect_control,mean_effect,1.5,head_pair_quadratic_screen,160,mask_4e88ec3f5ad705c7,2.3842153949702625
exploratory_post_outcome_not_confirmatory,capacity_matched_posthoc_mean_effect_control,mean_effect,1.5,head_pair_quadratic_screen,160,mask_502a955fb93e65d9,0.8646445122931894
exploratory_post_outcome_not_confirmatory,capacity_matched_posthoc_mean_effect_control,mean_effect,1.5,head_pair_quadratic_screen,160,mask_510a1a5f1a6a36a9,1.7330526632389938
exploratory_post_outcome_not_confirmatory,capacity_matched_posthoc_mean_effect_control,mean_effect,1.5,head_pair_quadratic_screen,160,mask_5190866506d2856d,1.9983102438801759
exploratory_post_outcome_not_confirmatory,capacity_matched_posthoc_mean_effect_control,mean_effect,1.5,head_pair_quadratic_screen,160,mask_51d102684cbc70d7,3.0665515217095756
exploratory_post_outcome_not_confirmatory,capacity_matched_posthoc_mean_effect_control,mean_effect,1.5,head_pair_quadratic_screen,160,mask_5209887ff03654c4,1.31717075524511
exploratory_post_outcome_not_confirmatory,capacity_matched_posthoc_mean_effect_control,mean_effect,1.5,head_pair_quadratic_screen,160,mask_52536938b0d3c559,2.30863440617064
exploratory_post_outcome_not_confirmatory,capacity_matched_posthoc_mean_effect_control,mean_effect,1.5,head_pair_quadratic_screen,160,mask_527fb4485b283af0,0.15548324080024578
exploratory_post_outcome_not_confirmatory,capacity_matched_posthoc_mean_effect_control,mean_effect,1.5,head_pair_quadratic_screen,160,mask_56ee0c60e1cde4b8,1.9000437258000864
exploratory_post_outcome_not_confirmatory,capacity_matched_posthoc_mean_effect_control,mean_effect,1.5,head_pair_quadratic_screen,160,mask_57d082e10f160b56,1.0348011398279051
exploratory_post_outcome_not_confirmatory,capacity_matched_posthoc_mean_effect_control,mean_effect,1.5,head_pair_quadratic_screen,160,mask_596039cbd449516b,4.486420461976911
exploratory_post_outcome_not_confirmatory,capacity_matched_posthoc_mean_effect_control,mean_effect,1.5,head_pair_quadratic_screen,160,mask_59ac3ea373ffb409,3.7432507457970425
exploratory_post_outcome_not_confirmatory,capacity_matched_posthoc_mean_effect_control,mean_effect,1.5,head_pair_quadratic_screen,160,mask_5b752f5ac0d1c4e3,3.3818093555754873
exploratory_post_outcome_not_confirmatory,capacity_matched_posthoc_mean_effect_control,mean_effect,1.5,head_pair_quadratic_screen,160,mask_5b90a18db67578c0,0.9730896075976452
exploratory_post_outcome_not_confirmatory,capacity_matched_posthoc_mean_effect_control,mean_effect,1.5,head_pair_quadratic_screen,160,mask_5bc08165dcaa24e1,2.2762665864046934
exploratory_post_outcome_not_confirmatory,capacity_matched_posthoc_mean_effect_control,mean_effect,1.5,head_pair_quadratic_screen,160,mask_5bf7af84e459f7ba,0.18593101712387483
exploratory_post_outcome_not_confirmatory,capacity_matched_posthoc_mean_effect_control,mean_effect,1.5,head_pair_quadratic_screen,160,mask_5d6868f3c7cf99b3,0.5329612285072759
exploratory_post_outcome_not_confirmatory,capacity_matched_posthoc_mean_effect_control,mean_effect,1.5,head_pair_quadratic_screen,160,mask_5d9ff63fcd689a2f,1.6594007073065236
exploratory_post_outcome_not_confirmatory,capacity_matched_posthoc_mean_effect_control,mean_effect,1.5,head_pair_quadratic_screen,160,mask_5e55c5762af6b0d5,1.6591034038015848
exploratory_post_outcome_not_confirmatory,capacity_matched_posthoc_mean_effect_control,mean_effect,1.5,head_pair_quadratic_screen,160,mask_6000c95aa8146da6,0.6302422179955034
exploratory_post_outcome_not_confirmatory,capacity_matched_posthoc_mean_effect_control,mean_effect,1.5,head_pair_quadratic_screen,160,mask_62191f28479b805a,0.10443074678047459
exploratory_post_outcome_not_confirmatory,capacity_matched_posthoc_mean_effect_control,mean_effect,1.5,head_pair_quadratic_screen,160,mask_622d100078295a52,1.9341404902718529
exploratory_post_outcome_not_confirmatory,capacity_matched_posthoc_mean_effect_control,mean_effect,1.5,head_pair_quadratic_screen,160,mask_625dbe9e05728352,0.650774934844278
exploratory_post_outcome_not_confirmatory,capacity_matched_posthoc_mean_effect_control,mean_effect,1.5,head_pair_quadratic_screen,160,mask_6377c5f877751766,1.6752329086657745
exploratory_post_outcome_not_confirmatory,capacity_matched_posthoc_mean_effect_control,mean_effect,1.5,head_pair_quadratic_screen,160,mask_638cefc8ffcf604a,2.9678665890148483
exploratory_post_outcome_not_confirmatory,capacity_matched_posthoc_mean_effect_control,mean_effect,1.5,head_pair_quadratic_screen,160,mask_64bfd680054dd7d1,1.3044589856614275
exploratory_post_outcome_not_confirmatory,capacity_matched_posthoc_mean_effect_control,mean_effect,1.5,head_pair_quadratic_screen,160,mask_655b102e6639bbfc,4.142534043114823
exploratory_post_outcome_not_confirmatory,capacity_matched_posthoc_mean_effect_control,mean_effect,1.5,head_pair_quadratic_screen,160,mask_6643e693560431f7,4.721337762145579
exploratory_post_outcome_not_confirmatory,capacity_matched_posthoc_mean_effect_control,mean_effect,1.5,head_pair_quadratic_screen,160,mask_66a1456a9ed6a190,0.37689713259884816
exploratory_post_outcome_not_confirmatory,capacity_matched_posthoc_mean_effect_control,mean_effect,1.5,head_pair_quadratic_screen,160,mask_66e7ba4230023a63,0.8125168719922765
exploratory_post_outcome_not_confirmatory,capacity_matched_posthoc_mean_effect_control,mean_effect,1.5,head_pair_quadratic_screen,160,mask_68aec8aa3f42d376,2.357406724669617
exploratory_post_outcome_not_confirmatory,capacity_matched_posthoc_mean_effect_control,mean_effect,1.5,head_pair_quadratic_screen,160,mask_69b31d9c3a76ba45,2.202545010183543
exploratory_post_outcome_not_confirmatory,capacity_matched_posthoc_mean_effect_control,mean_effect,1.5,head_pair_quadratic_screen,160,mask_69b8a0bd055bae3b,0.07725904279304907
exploratory_post_outcome_not_confirmatory,capacity_matched_posthoc_mean_effect_control,mean_effect,1.5,head_pair_quadratic_screen,160,mask_6a56eb1c10f15cf8,0.27262244447680395
exploratory_post_outcome_not_confirmatory,capacity_matched_posthoc_mean_effect_control,mean_effect,1.5,head_pair_quadratic_screen,160,mask_6adee7a0cff1394b,4.682036401042796
exploratory_post_outcome_not_confirmatory,capacity_matched_posthoc_mean_effect_control,mean_effect,1.5,head_pair_quadratic_screen,160,mask_6b607c9d9ebed276,3.2735341916034475
exploratory_post_outcome_not_confirmatory,capacity_matched_posthoc_mean_effect_control,mean_effect,1.5,head_pair_quadratic_screen,160,mask_6c3e3315afb6fb8c,0.6673336931789438
exploratory_post_outcome_not_confirmatory,capacity_matched_posthoc_mean_effect_control,mean_effect,1.5,head_pair_quadratic_screen,160,mask_6c66643ec3bf086c,0.8548990551383522
exploratory_post_outcome_not_confirmatory,capacity_matched_posthoc_mean_effect_control,mean_effect,1.5,head_pair_quadratic_screen,160,mask_6d2e3876c8f68db8,0.30244661174074805
exploratory_post_outcome_not_confirmatory,capacity_matched_posthoc_mean_effect_control,mean_effect,1.5,head_pair_quadratic_screen,160,mask_6dc3d8bfeadef35d,2.3829984140955394
exploratory_post_outcome_not_confirmatory,capacity_matched_posthoc_mean_effect_control,mean_effect,1.5,head_pair_quadratic_screen,160,mask_6fc70a100d0a8ba1,1.7229190237103247
exploratory_post_outcome_not_confirmatory,capacity_matched_posthoc_mean_effect_control,mean_effect,1.5,head_pair_quadratic_screen,160,mask_70032bddd368aae7,2.8941021428629536
exploratory_post_outcome_not_confirmatory,capacity_matched_posthoc_mean_effect_control,mean_effect,1.5,head_pair_quadratic_screen,160,mask_7014c21a00895564,1.6759517191349276
exploratory_post_outcome_not_confirmatory,capacity_matched_posthoc_mean_effect_control,mean_effect,1.5,head_pair_quadratic_screen,160,mask_704e0264140b05ba,0.7747524304036493
exploratory_post_outcome_not_confirmatory,capacity_matched_posthoc_mean_effect_control,mean_effect,1.5,head_pair_quadratic_screen,160,mask_707fcddd05f279f6,3.682434964122358
exploratory_post_outcome_not_confirmatory,capacity_matched_posthoc_mean_effect_control,mean_effect,1.5,head_pair_quadratic_screen,160,mask_714aefc72a94a0e9,1.005216092069511
exploratory_post_outcome_not_confirmatory,capacity_matched_posthoc_mean_effect_control,mean_effect,1.5,head_pair_quadratic_screen,160,mask_71b87a0bd7ca6ee1,3.013876855620023
exploratory_post_outcome_not_confirmatory,capacity_matched_posthoc_mean_effect_control,mean_effect,1.5,head_pair_quadratic_screen,160,mask_72750b59b18d6c0c,1.1675978270953011
exploratory_post_outcome_not_confirmatory,capacity_matched_posthoc_mean_effect_control,mean_effect,1.5,head_pair_quadratic_screen,160,mask_73324c4014b4a4c2,0.613466969802241
exploratory_post_outcome_not_confirmatory,capacity_matched_posthoc_mean_effect_control,mean_effect,1.5,head_pair_quadratic_screen,160,mask_733a12c308c35650,1.593967235852522
exploratory_post_outcome_not_confirmatory,capacity_matched_posthoc_mean_effect_control,mean_effect,1.5,head_pair_quadratic_screen,160,mask_7378976187b9a4fb,0.3383096242296335
exploratory_post_outcome_not_confirmatory,capacity_matched_posthoc_mean_effect_control,mean_effect,1.5,head_pair_quadratic_screen,160,mask_74077575feeaaa77,3.4586573215077014
exploratory_post_outcome_not_confirmatory,capacity_matched_posthoc_mean_effect_control,mean_effect,1.5,head_pair_quadratic_screen,160,mask_762a6523a5ece970,1.9553890913731216
exploratory_post_outcome_not_confirmatory,capacity_matched_posthoc_mean_effect_control,mean_effect,1.5,head_pair_quadratic_screen,160,mask_7653a500a201847f,1.9988492332343744
exploratory_post_outcome_not_confirmatory,capacity_matched_posthoc_mean_effect_control,mean_effect,1.5,head_pair_quadratic_screen,160,mask_769865f6aa1c3668,3.6668900391923986
exploratory_post_outcome_not_confirmatory,capacity_matched_posthoc_mean_effect_control,mean_effect,1.5,head_pair_quadratic_screen,160,mask_76eefe00ea7f7098,1.991338677951423
exploratory_post_outcome_not_confirmatory,capacity_matched_posthoc_mean_effect_control,mean_effect,1.5,head_pair_quadratic_screen,160,mask_76f706be2ab175f0,0.26487095825752016
exploratory_post_outcome_not_confirmatory,capacity_matched_posthoc_mean_effect_control,mean_effect,1.5,head_pair_quadratic_screen,160,mask_77740b198a0b3a94,0.3648880918304718
exploratory_post_outcome_not_confirmatory,capacity_matched_posthoc_mean_effect_control,mean_effect,1.5,head_pair_quadratic_screen,160,mask_7a2a9f846e50a9dd,2.7220714212355803
exploratory_post_outcome_not_confirmatory,capacity_matched_posthoc_mean_effect_control,mean_effect,1.5,head_pair_quadratic_screen,160,mask_7b086f967d1f6c45,3.8662320038533693
exploratory_post_outcome_not_confirmatory,capacity_matched_posthoc_mean_effect_control,mean_effect,1.5,head_pair_quadratic_screen,160,mask_7c8b926f287bec49,1.832370077363628
exploratory_post_outcome_not_confirmatory,capacity_matched_posthoc_mean_effect_control,mean_effect,1.5,head_pair_quadratic_screen,160,mask_7f24cc1e43cc6a20,2.677839949834574
exploratory_post_outcome_not_confirmatory,capacity_matched_posthoc_mean_effect_control,mean_effect,1.5,head_pair_quadratic_screen,160,mask_7f3e113298d36180,1.271980975096941
exploratory_post_outcome_not_confirmatory,capacity_matched_posthoc_mean_effect_control,mean_effect,1.5,head_pair_quadratic_screen,160,mask_7fb6ffeb6bd8fc1f,0.32588863062289364
exploratory_post_outcome_not_confirmatory,capacity_matched_posthoc_mean_effect_control,mean_effect,1.5,head_pair_quadratic_screen,160,mask_7ffec6cebc7147bc,0.9803892315760223
exploratory_post_outcome_not_confirmatory,capacity_matched_posthoc_mean_effect_control,mean_effect,1.5,head_pair_quadratic_screen,160,mask_80a919744b6bf885,1.7764167641600586
exploratory_post_outcome_not_confirmatory,capacity_matched_posthoc_mean_effect_control,mean_effect,1.5,head_pair_quadratic_screen,160,mask_80c3a0633db3b3e5,1.8257735808567979
exploratory_post_outcome_not_confirmatory,capacity_matched_posthoc_mean_effect_control,mean_effect,1.5,head_pair_quadratic_screen,160,mask_818493500a9903d5,2.354412303022098
exploratory_post_outcome_not_confirmatory,capacity_matched_posthoc_mean_effect_control,mean_effect,1.5,head_pair_quadratic_screen,160,mask_834a6ea68547fc89,4.862169454652051
exploratory_post_outcome_not_confirmatory,capacity_matched_posthoc_mean_effect_control,mean_effect,1.5,head_pair_quadratic_screen,160,mask_83fe021aaca96bf0,0.5701276276003429
exploratory_post_outcome_not_confirmatory,capacity_matched_posthoc_mean_effect_control,mean_effect,1.5,head_pair_quadratic_screen,160,mask_84a81846a5ba1642,2.494012129022103
exploratory_post_outcome_not_confirmatory,capacity_matched_posthoc_mean_effect_control,mean_effect,1.5,head_pair_quadratic_screen,160,mask_8539d49577e1ed9d,0.6640904218468462
exploratory_post_outcome_not_confirmatory,capacity_matched_posthoc_mean_effect_control,mean_effect,1.5,head_pair_quadratic_screen,160,mask_857c4bc2555caab0,2.2747936866641014
exploratory_post_outcome_not_confirmatory,capacity_matched_posthoc_mean_effect_control,mean_effect,1.5,head_pair_quadratic_screen,160,mask_85b84477d6b21991,2.1441277164473966
exploratory_post_outcome_not_confirmatory,capacity_matched_posthoc_mean_effect_control,mean_effect,1.5,head_pair_quadratic_screen,160,mask_869d66d61d829aa3,3.4920293442369923
exploratory_post_outcome_not_confirmatory,capacity_matched_posthoc_mean_effect_control,mean_effect,1.5,head_pair_quadratic_screen,160,mask_86cee7aec23aade6,1.2488784726199653
exploratory_post_outcome_not_confirmatory,capacity_matched_posthoc_mean_effect_control,mean_effect,1.5,head_pair_quadratic_screen,160,mask_8831b2c38466a549,0.5714672136477018
exploratory_post_outcome_not_confirmatory,capacity_matched_posthoc_mean_effect_control,mean_effect,1.5,head_pair_quadratic_screen,160,mask_883cd27fbedf8582,2.025510147890663
exploratory_post_outcome_not_confirmatory,capacity_matched_posthoc_mean_effect_control,mean_effect,1.5,head_pair_quadratic_screen,160,mask_88feb37e4997bcb0,0.08117106310436606
exploratory_post_outcome_not_confirmatory,capacity_matched_posthoc_mean_effect_control,mean_effect,1.5,head_pair_quadratic_screen,160,mask_897eaef6989d8277,3.482369499986439
exploratory_post_outcome_not_confirmatory,capacity_matched_posthoc_mean_effect_control,mean_effect,1.5,head_pair_quadratic_screen,160,mask_89894a3de9800e4f,2.7211378755769053
exploratory_post_outcome_not_confirmatory,capacity_matched_posthoc_mean_effect_control,mean_effect,1.5,head_pair_quadratic_screen,160,mask_89f636ee152a5c54,1.9843424688718176
exploratory_post_outcome_not_confirmatory,capacity_matched_posthoc_mean_effect_control,mean_effect,1.5,head_pair_quadratic_screen,160,mask_8a4903df460893e2,1.206875582903569
exploratory_post_outcome_not_confirmatory,capacity_matched_posthoc_mean_effect_control,mean_effect,1.5,head_pair_quadratic_screen,160,mask_8b4aadeb70824cb3,3.1854650451003046
exploratory_post_outcome_not_confirmatory,capacity_matched_posthoc_mean_effect_control,mean_effect,1.5,head_pair_quadratic_screen,160,mask_8b7737474604b389,0.3244842022834644
exploratory_post_outcome_not_confirmatory,capacity_matched_posthoc_mean_effect_control,mean_effect,1.5,head_pair_quadratic_screen,160,mask_8da4b6178fa2b73e,0.4801697731531023
exploratory_post_outcome_not_confirmatory,capacity_matched_posthoc_mean_effect_control,mean_effect,1.5,head_pair_quadratic_screen,160,mask_8dc1386ad4524dcb,1.8322814463358483
exploratory_post_outcome_not_confirmatory,capacity_matched_posthoc_mean_effect_control,mean_effect,1.5,head_pair_quadratic_screen,160,mask_8e19964bc0ea5bd6,1.0430633601551087
exploratory_post_outcome_not_confirmatory,capacity_matched_posthoc_mean_effect_control,mean_effect,1.5,head_pair_quadratic_screen,160,mask_8eaaf64cc1220873,0.4464237574733749
exploratory_post_outcome_not_confirmatory,capacity_matched_posthoc_mean_effect_control,mean_effect,1.5,head_pair_quadratic_screen,160,mask_8f32af7db1011793,3.394211777074963
exploratory_post_outcome_not_confirmatory,capacity_matched_posthoc_mean_effect_control,mean_effect,1.5,head_pair_quadratic_screen,160,mask_8f5eca4cbcfcb5db,0.5645255262569114
exploratory_post_outcome_not_confirmatory,capacity_matched_posthoc_mean_effect_control,mean_effect,1.5,head_pair_quadratic_screen,160,mask_8f9a3d833faba0f0,2.444917947010871
exploratory_post_outcome_not_confirmatory,capacity_matched_posthoc_mean_effect_control,mean_effect,1.5,head_pair_quadratic_screen,160,mask_90268cfdee9c04e6,0.6254328850910542
exploratory_post_outcome_not_confirmatory,capacity_matched_posthoc_mean_effect_control,mean_effect,1.5,head_pair_quadratic_screen,160,mask_9074ffe6e76859ab,3.4626205775883987
exploratory_post_outcome_not_confirmatory,capacity_matched_posthoc_mean_effect_control,mean_effect,1.5,head_pair_quadratic_screen,160,mask_908579f4d41ade60,2.5692366816114443
exploratory_post_outcome_not_confirmatory,capacity_matched_posthoc_mean_effect_control,mean_effect,1.5,head_pair_quadratic_screen,160,mask_93f84412f1b2de39,0.9802400856105664
exploratory_post_outcome_not_confirmatory,capacity_matched_posthoc_mean_effect_control,mean_effect,1.5,head_pair_quadratic_screen,160,mask_9401c6bc69ed4d22,0.00325325950683375
exploratory_post_outcome_not_confirmatory,capacity_matched_posthoc_mean_effect_control,mean_effect,1.5,head_pair_quadratic_screen,160,mask_9781274f8ee1fcdf,2.384598044781794
exploratory_post_outcome_not_confirmatory,capacity_matched_posthoc_mean_effect_control,mean_effect,1.5,head_pair_quadratic_screen,160,mask_99b322f566a2bc85,0.08432742928425352
exploratory_post_outcome_not_confirmatory,capacity_matched_posthoc_mean_effect_control,mean_effect,1.5,head_pair_quadratic_screen,160,mask_9ada32a4bff7daa9,1.438109956635742
exploratory_post_outcome_not_confirmatory,capacity_matched_posthoc_mean_effect_control,mean_effect,1.5,head_pair_quadratic_screen,160,mask_9adcd6a8e2d813f5,2.615367940205667
exploratory_post_outcome_not_confirmatory,capacity_matched_posthoc_mean_effect_control,mean_effect,1.5,head_pair_quadratic_screen,160,mask_9bc61d867f34c105,3.6591107510139183
exploratory_post_outcome_not_confirmatory,capacity_matched_posthoc_mean_effect_control,mean_effect,1.5,head_pair_quadratic_screen,160,mask_9cf21c6baa863a79,3.3210081977162984
exploratory_post_outcome_not_confirmatory,capacity_matched_posthoc_mean_effect_control,mean_effect,1.5,head_pair_quadratic_screen,160,mask_9d03b54ad45d1a11,0.9630973564436354
exploratory_post_outcome_not_confirmatory,capacity_matched_posthoc_mean_effect_control,mean_effect,1.5,head_pair_quadratic_screen,160,mask_a0046e43df20ac57,0.635429954780251
exploratory_post_outcome_not_confirmatory,capacity_matched_posthoc_mean_effect_control,mean_effect,1.5,head_pair_quadratic_screen,160,mask_a096a397a7d70275,0.4604591639369442
exploratory_post_outcome_not_confirmatory,capacity_matched_posthoc_mean_effect_control,mean_effect,1.5,head_pair_quadratic_screen,160,mask_a1583d68d1b5ac36,1.996946565354896
exploratory_post_outcome_not_confirmatory,capacity_matched_posthoc_mean_effect_control,mean_effect,1.5,head_pair_quadratic_screen,160,mask_a1eb01e7a7c4e9be,0.6105729463420523
exploratory_post_outcome_not_confirmatory,capacity_matched_posthoc_mean_effect_control,mean_effect,1.5,head_pair_quadratic_screen,160,mask_a26e5c6ddb2404bd,3.329315652425559
exploratory_post_outcome_not_confirmatory,capacity_matched_posthoc_mean_effect_control,mean_effect,1.5,head_pair_quadratic_screen,160,mask_a3021efcfb81527e,1.8232051207206332
exploratory_post_outcome_not_confirmatory,capacity_matched_posthoc_mean_effect_control,mean_effect,1.5,head_pair_quadratic_screen,160,mask_a44ebad514cc6a03,4.150043859417938
exploratory_post_outcome_not_confirmatory,capacity_matched_posthoc_mean_effect_control,mean_effect,1.5,head_pair_quadratic_screen,160,mask_a63bdf91a6b6b869,1.1201598642566541
exploratory_post_outcome_not_confirmatory,capacity_matched_posthoc_mean_effect_control,mean_effect,1.5,head_pair_quadratic_screen,160,mask_a702edc60d5a8139,2.2220331768327615
exploratory_post_outcome_not_confirmatory,capacity_matched_posthoc_mean_effect_control,mean_effect,1.5,head_pair_quadratic_screen,160,mask_a70ae2b6886df911,0.972445285906272
exploratory_post_outcome_not_confirmatory,capacity_matched_posthoc_mean_effect_control,mean_effect,1.5,head_pair_quadratic_screen,160,mask_a80d553a0648023d,1.5711332515084855
exploratory_post_outcome_not_confirmatory,capacity_matched_posthoc_mean_effect_control,mean_effect,1.5,head_pair_quadratic_screen,160,mask_a842b06af7760b08,1.641276343596512
exploratory_post_outcome_not_confirmatory,capacity_matched_posthoc_mean_effect_control,mean_effect,1.5,head_pair_quadratic_screen,160,mask_a9f1de05a2b5cc89,0.2533023018553351
exploratory_post_outcome_not_confirmatory,capacity_matched_posthoc_mean_effect_control,mean_effect,1.5,head_pair_quadratic_screen,160,mask_ab59149b00e47e01,1.0902671738489307
exploratory_post_outcome_not_confirmatory,capacity_matched_posthoc_mean_effect_control,mean_effect,1.5,head_pair_quadratic_screen,160,mask_ad8e51343f6afbab,1.5612738119262872
exploratory_post_outcome_not_confirmatory,capacity_matched_posthoc_mean_effect_control,mean_effect,1.5,head_pair_quadratic_screen,160,mask_ae1e1d44660adb6e,1.7580956601847741
exploratory_post_outcome_not_confirmatory,capacity_matched_posthoc_mean_effect_control,mean_effect,1.5,head_pair_quadratic_screen,160,mask_ae737f6731edb34d,0.14804695189468497
exploratory_post_outcome_not_confirmatory,capacity_matched_posthoc_mean_effect_control,mean_effect,1.5,head_pair_quadratic_screen,160,mask_aea069a826f0a096,1.6822870234133571
exploratory_post_outcome_not_confirmatory,capacity_matched_posthoc_mean_effect_control,mean_effect,1.5,head_pair_quadratic_screen,160,mask_aebcbcf7f67000e0,1.0516464694101935
exploratory_post_outcome_not_confirmatory,capacity_matched_posthoc_mean_effect_control,mean_effect,1.5,head_pair_quadratic_screen,160,mask_aedb2c503c8eced2,0.5263812826388606
exploratory_post_outcome_not_confirmatory,capacity_matched_posthoc_mean_effect_control,mean_effect,1.5,head_pair_quadratic_screen,160,mask_af608dfaba891fc2,1.293898312624067
exploratory_post_outcome_not_confirmatory,capacity_matched_posthoc_mean_effect_control,mean_effect,1.5,head_pair_quadratic_screen,160,mask_b0a4335ce26e22f0,1.4354508194069198
exploratory_post_outcome_not_confirmatory,capacity_matched_posthoc_mean_effect_control,mean_effect,1.5,head_pair_quadratic_screen,160,mask_b0df0f5b22e4ad68,0.8357662541866103
exploratory_post_outcome_not_confirmatory,capacity_matched_posthoc_mean_effect_control,mean_effect,1.5,head_pair_quadratic_screen,160,mask_b1fa83aa43509c12,4.250345074039509
exploratory_post_outcome_not_confirmatory,capacity_matched_posthoc_mean_effect_control,mean_effect,1.5,head_pair_quadratic_screen,160,mask_b33d0e102bf3c5b1,2.8927400056502
exploratory_post_outcome_not_confirmatory,capacity_matched_posthoc_mean_effect_control,mean_effect,1.5,head_pair_quadratic_screen,160,mask_b42f1f770ee4852b,0.9689684039778019
exploratory_post_outcome_not_confirmatory,capacity_matched_posthoc_mean_effect_control,mean_effect,1.5,head_pair_quadratic_screen,160,mask_b44b28fb22bc4dc8,2.115750554122859
exploratory_post_outcome_not_confirmatory,capacity_matched_posthoc_mean_effect_control,mean_effect,1.5,head_pair_quadratic_screen,160,mask_b4970ee8a8f769c1,2.3448561582409715
exploratory_post_outcome_not_confirmatory,capacity_matched_posthoc_mean_effect_control,mean_effect,1.5,head_pair_quadratic_screen,160,mask_b4f0ad9f99dd69af,2.0557723580736704
exploratory_post_outcome_not_confirmatory,capacity_matched_posthoc_mean_effect_control,mean_effect,1.5,head_pair_quadratic_screen,160,mask_b55f4fdddb0ed7df,0.28677230727004366
exploratory_post_outcome_not_confirmatory,capacity_matched_posthoc_mean_effect_control,mean_effect,1.5,head_pair_quadratic_screen,160,mask_b611eb15c1cbe033,0.5076070288566104
exploratory_post_outcome_not_confirmatory,capacity_matched_posthoc_mean_effect_control,mean_effect,1.5,head_pair_quadratic_screen,160,mask_b6d6b292842a5d66,1.4405211136048848
exploratory_post_outcome_not_confirmatory,capacity_matched_posthoc_mean_effect_control,mean_effect,1.5,head_pair_quadratic_screen,160,mask_b7f51d1564f006ed,1.332680980928062
exploratory_post_outcome_not_confirmatory,capacity_matched_posthoc_mean_effect_control,mean_effect,1.5,head_pair_quadratic_screen,160,mask_b817da3d090a7941,1.2986509991551276
exploratory_post_outcome_not_confirmatory,capacity_matched_posthoc_mean_effect_control,mean_effect,1.5,head_pair_quadratic_screen,160,mask_ba28cb4fde59866a,0.003483965099858377
exploratory_post_outcome_not_confirmatory,capacity_matched_posthoc_mean_effect_control,mean_effect,1.5,head_pair_quadratic_screen,160,mask_bb34cb2eaf4b5d75,2.126752488843408
exploratory_post_outcome_not_confirmatory,capacity_matched_posthoc_mean_effect_control,mean_effect,1.5,head_pair_quadratic_screen,160,mask_bcf00f575657ab57,1.8686923568786433
exploratory_post_outcome_not_confirmatory,capacity_matched_posthoc_mean_effect_control,mean_effect,1.5,head_pair_quadratic_screen,160,mask_bda88699e1e7badf,1.553805946285275
exploratory_post_outcome_not_confirmatory,capacity_matched_posthoc_mean_effect_control,mean_effect,1.5,head_pair_quadratic_screen,160,mask_bdf060e535bbc3f1,3.9547906247730706
exploratory_post_outcome_not_confirmatory,capacity_matched_posthoc_mean_effect_control,mean_effect,1.5,head_pair_quadratic_screen,160,mask_be0515fb61fc8e18,2.1171200518173845
exploratory_post_outcome_not_confirmatory,capacity_matched_posthoc_mean_effect_control,mean_effect,1.5,head_pair_quadratic_screen,160,mask_be69d0111bfe63f7,1.9675370694220473
exploratory_post_outcome_not_confirmatory,capacity_matched_posthoc_mean_effect_control,mean_effect,1.5,head_pair_quadratic_screen,160,mask_beb9ec06fb38206b,4.613403797640079
exploratory_post_outcome_not_confirmatory,capacity_matched_posthoc_mean_effect_control,mean_effect,1.5,head_pair_quadratic_screen,160,mask_bf6676c8cf2328fe,2.7345643592833033
exploratory_post_outcome_not_confirmatory,capacity_matched_posthoc_mean_effect_control,mean_effect,1.5,head_pair_quadratic_screen,160,mask_bfa108de38e6d58f,1.710105747551212
exploratory_post_outcome_not_confirmatory,capacity_matched_posthoc_mean_effect_control,mean_effect,1.5,head_pair_quadratic_screen,160,mask_bfb9e14f899fd7d3,1.407939881848396
exploratory_post_outcome_not_confirmatory,capacity_matched_posthoc_mean_effect_control,mean_effect,1.5,head_pair_quadratic_screen,160,mask_c0d0984f7496e96b,2.3161494414102872
exploratory_post_outcome_not_confirmatory,capacity_matched_posthoc_mean_effect_control,mean_effect,1.5,head_pair_quadratic_screen,160,mask_c22a533faf194bc5,0.5388798951627264
exploratory_post_outcome_not_confirmatory,capacity_matched_posthoc_mean_effect_control,mean_effect,1.5,head_pair_quadratic_screen,160,mask_c2c23ea606b0481a,1.1330646630828194
exploratory_post_outcome_not_confirmatory,capacity_matched_posthoc_mean_effect_control,mean_effect,1.5,head_pair_quadratic_screen,160,mask_c321548a0a9a35ee,1.3365382111654531
exploratory_post_outcome_not_confirmatory,capacity_matched_posthoc_mean_effect_control,mean_effect,1.5,head_pair_quadratic_screen,160,mask_c36034d7c9cf0b25,1.4358522151380253
exploratory_post_outcome_not_confirmatory,capacity_matched_posthoc_mean_effect_control,mean_effect,1.5,head_pair_quadratic_screen,160,mask_c3f11a7d9ebab23d,1.030926681438622
exploratory_post_outcome_not_confirmatory,capacity_matched_posthoc_mean_effect_control,mean_effect,1.5,head_pair_quadratic_screen,160,mask_c4774bd021c06295,0.47808291289415417
exploratory_post_outcome_not_confirmatory,capacity_matched_posthoc_mean_effect_control,mean_effect,1.5,head_pair_quadratic_screen,160,mask_c5621894f29d5b43,3.4569674790995872
exploratory_post_outcome_not_confirmatory,capacity_matched_posthoc_mean_effect_control,mean_effect,1.5,head_pair_quadratic_screen,160,mask_c5654b277c578f3e,1.473971944272889
exploratory_post_outcome_not_confirmatory,capacity_matched_posthoc_mean_effect_control,mean_effect,1.5,head_pair_quadratic_screen,160,mask_c6f04107d7ae9b56,0.3972735959331586
exploratory_post_outcome_not_confirmatory,capacity_matched_posthoc_mean_effect_control,mean_effect,1.5,head_pair_quadratic_screen,160,mask_c7772d470875866f,1.1129021637821306
exploratory_post_outcome_not_confirmatory,capacity_matched_posthoc_mean_effect_control,mean_effect,1.5,head_pair_quadratic_screen,160,mask_c8c6cee6a74a48ae,1.4025608883230454
exploratory_post_outcome_not_confirmatory,capacity_matched_posthoc_mean_effect_control,mean_effect,1.5,head_pair_quadratic_screen,160,mask_c939a4a80d3901d5,1.5010171547223252
exploratory_post_outcome_not_confirmatory,capacity_matched_posthoc_mean_effect_control,mean_effect,1.5,head_pair_quadratic_screen,160,mask_c9523b88300a64c5,1.2980517318764053
exploratory_post_outcome_not_confirmatory,capacity_matched_posthoc_mean_effect_control,mean_effect,1.5,head_pair_quadratic_screen,160,mask_c9688ac3f4d96cac,2.297533112532422
exploratory_post_outcome_not_confirmatory,capacity_matched_posthoc_mean_effect_control,mean_effect,1.5,head_pair_quadratic_screen,160,mask_ca31fbfa51703440,2.183649642800398
exploratory_post_outcome_not_confirmatory,capacity_matched_posthoc_mean_effect_control,mean_effect,1.5,head_pair_quadratic_screen,160,mask_ca9141d1c988f73a,2.0924079327317253
exploratory_post_outcome_not_confirmatory,capacity_matched_posthoc_mean_effect_control,mean_effect,1.5,head_pair_quadratic_screen,160,mask_cafa56ef6c77bde9,0.15670320262068005
exploratory_post_outcome_not_confirmatory,capacity_matched_posthoc_mean_effect_control,mean_effect,1.5,head_pair_quadratic_screen,160,mask_cf672502900b1ca1,0.6584692892517605
exploratory_post_outcome_not_confirmatory,capacity_matched_posthoc_mean_effect_control,mean_effect,1.5,head_pair_quadratic_screen,160,mask_d0336d7c13e3ff56,3.072787653383523
exploratory_post_outcome_not_confirmatory,capacity_matched_posthoc_mean_effect_control,mean_effect,1.5,head_pair_quadratic_screen,160,mask_d1688cbf27ef2af4,2.122597954771517
exploratory_post_outcome_not_confirmatory,capacity_matched_posthoc_mean_effect_control,mean_effect,1.5,head_pair_quadratic_screen,160,mask_d1786933297085c0,1.0786730752023366
exploratory_post_outcome_not_confirmatory,capacity_matched_posthoc_mean_effect_control,mean_effect,1.5,head_pair_quadratic_screen,160,mask_d278c50dbd98b217,1.2344502723989859
exploratory_post_outcome_not_confirmatory,capacity_matched_posthoc_mean_effect_control,mean_effect,1.5,head_pair_quadratic_screen,160,mask_d27ab5b97e7881b1,2.219081384481579
exploratory_post_outcome_not_confirmatory,capacity_matched_posthoc_mean_effect_control,mean_effect,1.5,head_pair_quadratic_screen,160,mask_d2f4c8c3a0e382c0,0.6336680817806305
exploratory_post_outcome_not_confirmatory,capacity_matched_posthoc_mean_effect_control,mean_effect,1.5,head_pair_quadratic_screen,160,mask_d34cab07e9bf4ded,1.2226301859102224
exploratory_post_outcome_not_confirmatory,capacity_matched_posthoc_mean_effect_control,mean_effect,1.5,head_pair_quadratic_screen,160,mask_d4041af54a719d70,0.5206859251393585
exploratory_post_outcome_not_confirmatory,capacity_matched_posthoc_mean_effect_control,mean_effect,1.5,head_pair_quadratic_screen,160,mask_d413f8231adbea75,1.8622863052458738
exploratory_post_outcome_not_confirmatory,capacity_matched_posthoc_mean_effect_control,mean_effect,1.5,head_pair_quadratic_screen,160,mask_d43daec0a2f27dc1,0.13536413075312526
exploratory_post_outcome_not_confirmatory,capacity_matched_posthoc_mean_effect_control,mean_effect,1.5,head_pair_quadratic_screen,160,mask_d46389ced1402b06,1.6910866461989684
exploratory_post_outcome_not_confirmatory,capacity_matched_posthoc_mean_effect_control,mean_effect,1.5,head_pair_quadratic_screen,160,mask_d4de593b7cc70d8f,1.5731674035834904
exploratory_post_outcome_not_confirmatory,capacity_matched_posthoc_mean_effect_control,mean_effect,1.5,head_pair_quadratic_screen,160,mask_d661254b6d532a93,0.3332709423028217
exploratory_post_outcome_not_confirmatory,capacity_matched_posthoc_mean_effect_control,mean_effect,1.5,head_pair_quadratic_screen,160,mask_d71fb8f090c52558,1.76847136335267
exploratory_post_outcome_not_confirmatory,capacity_matched_posthoc_mean_effect_control,mean_effect,1.5,head_pair_quadratic_screen,160,mask_d93f53a48a81e992,1.9296837084339529
exploratory_post_outcome_not_confirmatory,capacity_matched_posthoc_mean_effect_control,mean_effect,1.5,head_pair_quadratic_screen,160,mask_d9a16613cc73af42,2.6962725924259656
exploratory_post_outcome_not_confirmatory,capacity_matched_posthoc_mean_effect_control,mean_effect,1.5,head_pair_quadratic_screen,160,mask_d9a88a957c928602,2.8556887834153253
exploratory_post_outcome_not_confirmatory,capacity_matched_posthoc_mean_effect_control,mean_effect,1.5,head_pair_quadratic_screen,160,mask_db49e87b0dddbc80,0.6132015668759009
exploratory_post_outcome_not_confirmatory,capacity_matched_posthoc_mean_effect_control,mean_effect,1.5,head_pair_quadratic_screen,160,mask_db4ced2a93ad8780,0.6912286992661167
exploratory_post_outcome_not_confirmatory,capacity_matched_posthoc_mean_effect_control,mean_effect,1.5,head_pair_quadratic_screen,160,mask_dc190fdfa9807171,0.576322227124134
exploratory_post_outcome_not_confirmatory,capacity_matched_posthoc_mean_effect_control,mean_effect,1.5,head_pair_quadratic_screen,160,mask_dc2e11f8d6ea9e67,0.9264057143633927
exploratory_post_outcome_not_confirmatory,capacity_matched_posthoc_mean_effect_control,mean_effect,1.5,head_pair_quadratic_screen,160,mask_dc6c2cd7cadbb670,1.6986352403101825
exploratory_post_outcome_not_confirmatory,capacity_matched_posthoc_mean_effect_control,mean_effect,1.5,head_pair_quadratic_screen,160,mask_dcead7d80876d41f,0.2339484914354446
exploratory_post_outcome_not_confirmatory,capacity_matched_posthoc_mean_effect_control,mean_effect,1.5,head_pair_quadratic_screen,160,mask_de24099fc59a002a,0.7102276947911369
exploratory_post_outcome_not_confirmatory,capacity_matched_posthoc_mean_effect_control,mean_effect,1.5,head_pair_quadratic_screen,160,mask_dee58ca790a88f95,2.137950708750183
exploratory_post_outcome_not_confirmatory,capacity_matched_posthoc_mean_effect_control,mean_effect,1.5,head_pair_quadratic_screen,160,mask_df5a91df62629ec0,4.317253196969967
exploratory_post_outcome_not_confirmatory,capacity_matched_posthoc_mean_effect_control,mean_effect,1.5,head_pair_quadratic_screen,160,mask_df9ab984d1b9e9f4,1.0155620366743263
exploratory_post_outcome_not_confirmatory,capacity_matched_posthoc_mean_effect_control,mean_effect,1.5,head_pair_quadratic_screen,160,mask_e086f0d0e52f4d73,2.1081077788071836
exploratory_post_outcome_not_confirmatory,capacity_matched_posthoc_mean_effect_control,mean_effect,1.5,head_pair_quadratic_screen,160,mask_e17f356a7bd86a02,1.859305800855363
exploratory_post_outcome_not_confirmatory,capacity_matched_posthoc_mean_effect_control,mean_effect,1.5,head_pair_quadratic_screen,160,mask_e28119cc1bd5501f,0.7517985798260316
exploratory_post_outcome_not_confirmatory,capacity_matched_posthoc_mean_effect_control,mean_effect,1.5,head_pair_quadratic_screen,160,mask_e3bfff07ca1cabef,1.0237565964133561
exploratory_post_outcome_not_confirmatory,capacity_matched_posthoc_mean_effect_control,mean_effect,1.5,head_pair_quadratic_screen,160,mask_e3d966acffab63d3,3.866440625239249
exploratory_post_outcome_not_confirmatory,capacity_matched_posthoc_mean_effect_control,mean_effect,1.5,head_pair_quadratic_screen,160,mask_e6f352bcc8504201,3.5238553793833263
exploratory_post_outcome_not_confirmatory,capacity_matched_posthoc_mean_effect_control,mean_effect,1.5,head_pair_quadratic_screen,160,mask_e8682f72515acb06,0.8745834457402732
exploratory_post_outcome_not_confirmatory,capacity_matched_posthoc_mean_effect_control,mean_effect,1.5,head_pair_quadratic_screen,160,mask_e8bbbcf2c845fe1c,2.099177994854239
exploratory_post_outcome_not_confirmatory,capacity_matched_posthoc_mean_effect_control,mean_effect,1.5,head_pair_quadratic_screen,160,mask_e8e5e157d6e5049e,3.094420719608589
exploratory_post_outcome_not_confirmatory,capacity_matched_posthoc_mean_effect_control,mean_effect,1.5,head_pair_quadratic_screen,160,mask_e9f121c635b9e306,3.1951549094028104
exploratory_post_outcome_not_confirmatory,capacity_matched_posthoc_mean_effect_control,mean_effect,1.5,head_pair_quadratic_screen,160,mask_ea7ded36b0b6aa15,0.32248891062024954
exploratory_post_outcome_not_confirmatory,capacity_matched_posthoc_mean_effect_control,mean_effect,1.5,head_pair_quadratic_screen,160,mask_ec49c3298816f83b,2.21344699803844
exploratory_post_outcome_not_confirmatory,capacity_matched_posthoc_mean_effect_control,mean_effect,1.5,head_pair_quadratic_screen,160,mask_ee5fb6904843b482,0.6014303250614907
exploratory_post_outcome_not_confirmatory,capacity_matched_posthoc_mean_effect_control,mean_effect,1.5,head_pair_quadratic_screen,160,mask_ee8067c85af66520,4.360041741226839
exploratory_post_outcome_not_confirmatory,capacity_matched_posthoc_mean_effect_control,mean_effect,1.5,head_pair_quadratic_screen,160,mask_ef5c55a63fd9a61d,1.0243892434304822
exploratory_post_outcome_not_confirmatory,capacity_matched_posthoc_mean_effect_control,mean_effect,1.5,head_pair_quadratic_screen,160,mask_f0bc7dbe5565770b,0.4298915307172857
exploratory_post_outcome_not_confirmatory,capacity_matched_posthoc_mean_effect_control,mean_effect,1.5,head_pair_quadratic_screen,160,mask_f0c07bdf1eb92157,2.7281012832573666
exploratory_post_outcome_not_confirmatory,capacity_matched_posthoc_mean_effect_control,mean_effect,1.5,head_pair_quadratic_screen,160,mask_f0c601118b39fe23,1.6049966313717605
exploratory_post_outcome_not_confirmatory,capacity_matched_posthoc_mean_effect_control,mean_effect,1.5,head_pair_quadratic_screen,160,mask_f16ce08b0ff70796,0.594124549302327
exploratory_post_outcome_not_confirmatory,capacity_matched_posthoc_mean_effect_control,mean_effect,1.5,head_pair_quadratic_screen,160,mask_f22d93db3ad45aa7,0.6994179982429778
exploratory_post_outcome_not_confirmatory,capacity_matched_posthoc_mean_effect_control,mean_effect,1.5,head_pair_quadratic_screen,160,mask_f26d93b694924f1e,3.8527886778462754
exploratory_post_outcome_not_confirmatory,capacity_matched_posthoc_mean_effect_control,mean_effect,1.5,head_pair_quadratic_screen,160,mask_f2b097d9ab973b9b,1.0260435790150781
exploratory_post_outcome_not_confirmatory,capacity_matched_posthoc_mean_effect_control,mean_effect,1.5,head_pair_quadratic_screen,160,mask_f2e0ea8fb5aced9f,2.544724239746536
exploratory_post_outcome_not_confirmatory,capacity_matched_posthoc_mean_effect_control,mean_effect,1.5,head_pair_quadratic_screen,160,mask_f395e84fb1153ac4,3.011443123698548
exploratory_post_outcome_not_confirmatory,capacity_matched_posthoc_mean_effect_control,mean_effect,1.5,head_pair_quadratic_screen,160,mask_f5d21a1898de9318,0.051066622718077825
exploratory_post_outcome_not_confirmatory,capacity_matched_posthoc_mean_effect_control,mean_effect,1.5,head_pair_quadratic_screen,160,mask_f5ffaba1b0f7246e,2.2575251860951773
exploratory_post_outcome_not_confirmatory,capacity_matched_posthoc_mean_effect_control,mean_effect,1.5,head_pair_quadratic_screen,160,mask_f7629d353a5a8c8c,2.334353301854915
exploratory_post_outcome_not_confirmatory,capacity_matched_posthoc_mean_effect_control,mean_effect,1.5,head_pair_quadratic_screen,160,mask_f78efa18c25e46d0,1.4786853055554463
exploratory_post_outcome_not_confirmatory,capacity_matched_posthoc_mean_effect_control,mean_effect,1.5,head_pair_quadratic_screen,160,mask_f826a41b1906d197,3.25418286683506
exploratory_post_outcome_not_confirmatory,capacity_matched_posthoc_mean_effect_control,mean_effect,1.5,head_pair_quadratic_screen,160,mask_f87b6c1f9dbae6a0,4.490409504046314
exploratory_post_outcome_not_confirmatory,capacity_matched_posthoc_mean_effect_control,mean_effect,1.5,head_pair_quadratic_screen,160,mask_f9b9a5353aeba653,2.3024338463009846
exploratory_post_outcome_not_confirmatory,capacity_matched_posthoc_mean_effect_control,mean_effect,1.5,head_pair_quadratic_screen,160,mask_f9eb5b3f143d0f35,3.6868807885664476
exploratory_post_outcome_not_confirmatory,capacity_matched_posthoc_mean_effect_control,mean_effect,1.5,head_pair_quadratic_screen,160,mask_fc5299efb847cbc8,1.4566242671051257
exploratory_post_outcome_not_confirmatory,capacity_matched_posthoc_mean_effect_control,mean_effect,1.5,head_pair_quadratic_screen,160,mask_fdaa260e90039f39,0.9823875889686047
exploratory_post_outcome_not_confirmatory,capacity_matched_posthoc_mean_effect_control,mean_effect,1.5,head_pair_quadratic_screen,160,mask_fdeec4fb4b923420,4.560405855928739
exploratory_post_outcome_not_confirmatory,capacity_matched_posthoc_mean_effect_control,mean_effect,1.5,head_pair_quadratic_screen,160,mask_ff0a498847885133,0.27927036234849956
exploratory_post_outcome_not_confirmatory,capacity_matched_posthoc_mean_effect_control,mean_effect,1.5,head_pair_quadratic_screen,160,mask_ff6985d2961f695d,0.01904681855384216
exploratory_post_outcome_not_confirmatory,capacity_matched_posthoc_mean_effect_control,mean_effect,1.5,head_pair_quadratic_screen,160,mask_ffe0389c017216d1,1.2107972847940176
