observer,estimator,direction_provider,support_mode,estimator_calibration,controller_mode,step,target_mse,target_mae,observer_error_mae,collateral_abs_delta,collateral_rms_delta,mean_observer_estimate,mean_true_target,mean_target_ref,mean_residual_off_support_l2,mean_residual_off_support_normalized,mean_nearest_clean_residual_l2,mean_residual_delta_from_initial_l2,mean_abs_residual_norm_z,mean_convex_hull_extrapolation_mass,fraction_outside_clean_convex_hull,next_clip_fraction
est-first_order__dir-first_order__support-unprojected__cal-none__controller-base,first_order,first_order,unprojected,none,base,0,0.7202504190983096,0.8354653248886267,0.238400672389672,0.0,0.0,0.3484228955894159,0.3491007089614868,1.0,3.3531702825645343e-15,6.712613534418339e-16,3.814683412573602e-05,0.0,0.9804293513298035,4.412471779438228e-06,0.0,0.0
est-first_order__dir-first_order__support-unprojected__cal-none__controller-base,first_order,first_order,unprojected,none,base,1,0.38989066170847686,0.6220864580122201,0.33260252846810695,0.023725181191776794,0.026732312635614045,0.30343599456441644,0.5429449238630975,1.0,0.2865765433769377,0.057368920204303196,0.39095915239631335,0.39096524132439847,1.4422164467759608,0.17203647696019508,1.0,0.0
est-first_order__dir-first_order__support-unprojected__cal-none__controller-base,first_order,first_order,unprojected,none,base,2,0.16457797970422855,0.39397524759512703,0.4948296568983085,0.049088422362717744,0.055310306917447975,0.2553430585818752,0.7501727154801835,1.0,0.5929392187491778,0.11869876831364183,0.8089178437071256,0.8089239336105002,3.3836795996547893,0.35595026206780184,1.0,0.0
est-first_order__dir-first_order__support-unprojected__cal-none__controller-base,first_order,first_order,unprojected,none,base,3,0.06982979705533379,0.22697424311422384,0.7677785181821996,0.07620282024635891,0.08586141442187267,0.20392963736987615,0.971708155552076,1.0,0.9204541219413204,0.18426301905637096,1.2557336980752396,1.2557397883032242,6.358991388549342,0.5525620244243995,1.0,0.0
est-first_order__dir-first_order__support-unprojected__cal-none__controller-base,first_order,first_order,unprojected,none,base,4,0.13553450440091633,0.3203871373682388,1.059572614088895,0.10518928012494579,0.11852186499590833,0.1489664743456428,1.2085390884345377,1.0,1.2705816682640796,0.2543540287029592,1.7333991028670686,1.7334051932569965,10.172649796676156,0.7627484717010393,1.0,0.0
est-first_order__dir-first_order__support-unprojected__cal-none__controller-base,first_order,first_order,unprojected,none,base,5,0.396625969250788,0.46172156231670897,1.39075598802078,0.13617705495581706,0.15343729421707608,0.09020848434198579,1.461721562316709,1.0,1.6448831046236847,0.3292843387061271,2.2440440064667238,2.24405009695353,14.872512319850085,0.9874468421812788,1.0,0.0
est-first_order__dir-first_order__support-unprojected__cal-none__controller-base,first_order,first_order,unprojected,none,base,6,0.8938578636653808,0.7323845382249682,1.7578400740740068,0.16930432172074336,0.19076339279415824,0.02739366075281833,1.732384538224968,1.0,2.0450274712474785,0.4093880693483372,2.7899454155623715,2.7899515061135234,20.49524620357223,1.2276590839821155,1.0,0.0
est-first_order__dir-first_order__support-unprojected__cal-none__controller-base,first_order,first_order,unprojected,none,base,7,1.6746923054029117,1.021734924151005,2.1502687821763278,0.20471879756820896,0.23066660080459842,-0.039758092775385064,2.021734924151005,1.0,2.4727990440686107,0.4950224096110223,3.3735375484559578,3.373543639052867,27.070006064567796,1.4844563228212735,1.0,0.0
est-first_order__dir-first_order__support-unprojected__cal-none__controller-base,first_order,first_order,unprojected,none,base,8,2.794319397915604,1.3462294983945433,2.5697919835186114,0.24257839849606444,0.2733248498642011,-0.11154621131577104,2.331062956751682,1.0,2.9301052909560155,0.5865692099089989,3.9974226894269655,3.997428780058017,34.62228246418927,1.75898363825298,1.0,0.0
est-first_order__dir-first_order__support-unprojected__cal-none__controller-base,first_order,first_order,unprojected,none,base,9,4.316826641480451,1.7102393377189533,3.0182803658175668,0.28305194351167,0.31892835653852625,-0.18829080386619573,2.6617479546181237,1.0,3.4189853772671497,0.6844366847921972,4.664382792523604,4.664388883181051,43.17712595877678,2.052465169669849,1.0,0.0
est-first_order__dir-first_order__support-unprojected__cal-none__controller-base,first_order,first_order,unprojected,none,base,10,6.3165399168475,2.099381543578291,3.4977337748628132,0.32631990740943534,0.36768047053386305,-0.2703340807410074,3.0152644687683168,1.0,3.941619258650421,0.7890612332071918,5.377391886518243,5.37739797719667,52.761442967688986,2.3662095748389484,1.0,0.0
est-first_order__dir-first_order__support-unprojected__cal-none__controller-base,first_order,first_order,unprojected,none,base,11,8.879560863047653,2.515391332385436,4.010290131990203,0.37257522552245187,0.4197985814499354,-0.3580418795143785,3.3931888577887666,1.0,4.500337401642868,0.9009093844352228,6.139629336340378,6.139635427035842,63.40542346372471,2.7168151440849537,1.0,0.0
est-first_order__dir-first_order__support-unprojected__cal-none__controller-base,first_order,first_order,unprojected,none,base,12,12.105529038390754,2.960123725267855,4.5582349672451095,0.4220241540366692,0.4755150881376213,-0.45180529631949057,3.797206316944295,1.0,5.097631175407993,1.020479878383808,6.954494020120354,6.9545001108299,75.14333411544965,3.1068605284601643,1.0,0.0
est-first_order__dir-first_order__support-unprojected__cal-none__controller-base,first_order,first_order,unprojected,none,base,13,16.109641332173453,3.435561819756088,5.144011610744831,0.4748871897038288,0.5350784349841325,-0.5520424297776656,4.229118392599343,1.0,5.736163960951359,1.1483058895081253,7.825619485060297,7.825625575781657,88.01394214375212,3.5480937212164907,1.0,0.0
est-first_order__dir-first_order__support-unprojected__cal-none__controller-base,first_order,first_order,unprojected,none,base,14,21.02496575731977,3.9438256325752383,5.770232087684211,0.5314000530542226,0.59875421974653,-0.6592002453337663,4.690851015458198,1.0,6.418783027350832,1.2849574042788172,8.756890149713412,8.7568962404448,102.06079430086007,4.024036374721768,1.0,0.426
est-first_order__dir-first_order__support-unprojected__cal-none__controller-base,first_order,first_order,unprojected,none,base,15,26.9015559152178,4.480256232326111,6.431156232878858,0.5910447265802478,0.6657370167678197,-0.7721493562677888,5.177537767800947,1.0,7.13923123939056,1.4291818250942936,9.739769647666302,9.739775738406218,117.1141102185802,4.526280758816822,1.0,
est-first_order__dir-lifted_interaction__support-unprojected__cal-none__controller-base,first_order,lifted_interaction,unprojected,none,base,0,0.7202504190983096,0.8354653248886267,0.238400672389672,0.0,0.0,0.3484228955894159,0.3491007089614868,1.0,3.3531702825645343e-15,6.712613534418339e-16,3.814683412573602e-05,0.0,0.9804293513298035,4.412471779438228e-06,0.0,0.0
est-first_order__dir-lifted_interaction__support-unprojected__cal-none__controller-base,first_order,lifted_interaction,unprojected,none,base,1,0.38989066170847686,0.6220864580122198,0.32886500924637,0.018335411730841297,0.02065939790847377,0.3129117759436243,0.5429449238630975,1.0,0.26130445078606873,0.05230977388982504,0.39113134100915115,0.3911386088569627,0.8066887451960593,0.17309606082810663,1.0,0.0
est-first_order__dir-lifted_interaction__support-unprojected__cal-none__controller-base,first_order,lifted_interaction,unprojected,none,base,2,0.16675659746467006,0.3970783823296114,0.4718883793690956,0.03767010811321705,0.04244473831242778,0.27546529115077384,0.7473536705198692,1.0,0.5368500612952618,0.10747044390026539,0.8035871036118051,0.8035943724193118,1.539420926006991,0.355625286964987,1.0,0.0
est-first_order__dir-lifted_interaction__support-unprojected__cal-none__controller-base,first_order,lifted_interaction,unprojected,none,base,3,0.07071419741424106,0.22350113787522377,0.7269247830895533,0.05805855041745225,0.06541738536723311,0.2359779633129608,0.9629027464025139,1.0,0.8274129783924695,0.16563738460257532,1.238521811969902,1.238529081097003,3.535315936210887,0.5481024028363661,1.0,0.0
est-first_order__dir-lifted_interaction__support-unprojected__cal-none__controller-base,first_order,lifted_interaction,unprojected,none,base,4,0.12428220577282782,0.3131534011311841,0.9958607363571707,0.07955816806710106,0.08964204759049917,0.19433856595973767,1.1901993023169082,1.0,1.1338116491461891,0.2269744385220737,1.697160573889242,1.6971678431759143,6.329474663442584,0.7510695709893832,1.0,0.0
est-first_order__dir-lifted_interaction__support-unprojected__cal-none__controller-base,first_order,lifted_interaction,unprojected,none,base,5,0.35295251686161616,0.430799106387676,1.289419384371871,0.10222952040406062,0.11518696013067495,0.15042981074943237,1.4298835789438862,1.0,1.4569091262004914,0.29165437764381696,2.180795266276122,2.180802535658358,9.961619837425703,0.9650985019693332,1.0,0.0
est-first_order__dir-lifted_interaction__support-unprojected__cal-none__controller-base,first_order,lifted_interaction,unprojected,none,base,6,0.7855476993077133,0.6826307102459304,1.6186050197217043,0.12613646726992556,0.14212407696933685,0.10412801709560882,1.6826307102459301,1.0,1.7976154987903534,0.35985939007044937,2.690788173729489,2.690795443175284,14.453582143654295,1.190792064693158,1.0,0.0
est-first_order__dir-lifted_interaction__support-unprojected__cal-none__controller-base,first_order,lifted_interaction,unprojected,none,base,7,1.4546198942121675,0.9491526251599866,1.9657313567988617,0.15134634888406914,0.17052927359854894,0.055302763788083784,1.9491526251599869,1.0,2.156890456247953,0.43178159320303183,3.22857582572907,3.2285830952201375,19.813479385097498,1.4287859845887112,1.0,0.0
est-first_order__dir-lifted_interaction__support-unprojected__cal-none__controller-base,first_order,lifted_interaction,unprojected,none,base,8,2.3968957930845485,1.235202116899454,2.331776168458246,0.17793017552512688,0.20048256074419288,0.0038165216272010812,2.230200052933032,1.0,2.53574599122071,0.5076235748903573,3.7956730429880334,3.7956803125129435,26.040948613141197,1.6797506342830462,1.0,0.0
est-first_order__dir-lifted_interaction__support-unprojected__cal-none__controller-base,first_order,lifted_interaction,unprojected,none,base,9,3.6537729322402357,1.561432897238194,2.7177705164266377,0.20596282755016973,0.23206830973727371,-0.05047573396342161,2.5265646377489395,1.0,2.9352492502154126,0.5875989640710425,4.393677204341143,4.393684473892279,33.13195248979262,1.944392921883675,1.0,0.0
est-first_order__dir-lifted_interaction__support-unprojected__cal-none__controller-base,first_order,lifted_interaction,unprojected,none,base,10,5.271873130916039,1.9054433389467564,3.1248016555599145,0.23552326631497328,0.2653754901680198,-0.10772693143685137,2.8390811686030575,1.0,3.3565255394977243,0.6719330325157625,5.024272746181922,5.024280015753948,41.08237193811212,2.223458282171646,1.0,0.0
est-first_order__dir-lifted_interaction__support-unprojected__cal-none__controller-base,first_order,lifted_interaction,unprojected,none,base,11,7.303659557273567,2.2682024381391708,3.554016096383018,0.26669475658949604,0.30049792049219204,-0.16809833388614948,3.1686299307055203,1.0,3.800761494813992,0.7608633293645879,5.689235907121191,5.689243176710227,49.890254834457096,2.518504063002327,1.0,0.0
est-first_order__dir-lifted_interaction__support-unprojected__cal-none__controller-base,first_order,lifted_interaction,unprojected,none,base,12,9.808124637170412,2.6507320014667153,4.006622834539159,0.29956510109505774,0.33753453229550145,-0.23175999328439395,3.5161391850366495,1.0,4.269208423863705,0.8546403502467744,6.3904397312311145,6.390447000834259,59.55696912332564,2.856273373608799,1.0,0.0
est-first_order__dir-lifted_interaction__support-unprojected__cal-none__controller-base,first_order,lifted_interaction,unprojected,none,base,13,12.851556833362672,3.0541095243057668,4.483896756244808,0.33422688782385623,0.37658964896050623,-0.29889122948089863,3.882587783038757,1.0,4.763185830937559,0.9535282428677486,7.129859343967526,7.129866613582538,70.08762434884223,3.2148683834190583,1.0,0.0
est-first_order__dir-lifted_interaction__support-unprojected__cal-none__controller-base,first_order,lifted_interaction,unprojected,none,base,14,16.508395226862227,3.479471225807632,4.987182229342886,0.3707777508374587,0.4177732795209247,-0.36968113530285107,4.269007923809324,1.0,5.2840851336492065,1.0578055510507687,7.909577515631429,7.909584785256552,81.4910919833067,3.6158021146623955,1.0,0.0
est-first_order__dir-lifted_interaction__support-unprojected__cal-none__controller-base,first_order,lifted_interaction,unprojected,none,base,15,20.86218183774403,3.92801524935937,5.5178968900692515,0.40932064527887974,0.4612014285310851,-0.44432910918511637,4.676488061561922,1.0,5.83337358222984,1.1677659993290483,8.664061765807219,8.73179779767449,93.77987019306876,4.038586837298525,1.0,
est-lifted_interaction__dir-first_order__support-unprojected__cal-none__controller-base,lifted_interaction,first_order,unprojected,none,base,0,0.7202504190983096,0.8354653248886267,0.0029755609212274076,0.0,0.0,0.35043333267231036,0.3491007089614868,1.0,3.3531702825645343e-15,6.712613534418339e-16,3.814683412573602e-05,0.0,0.9804293513298035,4.412471779438228e-06,0.0,0.0
est-lifted_interaction__dir-first_order__support-unprojected__cal-none__controller-base,lifted_interaction,first_order,unprojected,none,base,1,0.35617883714778237,0.5874792692884732,0.14332786146038415,0.02757308709803946,0.028004928470796997,0.43050986314348383,0.5423468188309366,1.0,0.3330554117549234,0.06667338895021786,0.45436846601698955,0.4543745552122514,1.5596653608165019,0.18404483822189588,1.0,0.0
est-lifted_interaction__dir-first_order__support-unprojected__cal-none__controller-base,lifted_interaction,first_order,unprojected,none,base,2,0.1413683934630185,0.3700641478906881,0.2706513842317888,0.05174705096478082,0.05255749766758668,0.5007148114432988,0.7117701345457502,1.0,0.6250528025715155,0.12512749275168725,0.8527291580838634,0.8527352480361106,3.6171657687176637,0.34540069824044356,1.0,0.0
est-lifted_interaction__dir-first_order__support-unprojected__cal-none__controller-base,lifted_interaction,first_order,unprojected,none,base,3,0.03326975760850036,0.17945127708425132,0.38227886460488786,0.07294092479373146,0.07408330355535256,0.5622651150938044,0.8603074781413687,1.0,0.8810536758028967,0.17637555895969406,1.2019812005953197,1.2019872907984432,5.719586547730909,0.4868651166389434,1.0,0.0
est-lifted_interaction__dir-first_order__support-unprojected__cal-none__controller-base,lifted_interaction,first_order,unprojected,none,base,4,0.00016595017699789935,0.0123365599317324,0.48014526119225215,0.09152208468763956,0.0929554759705457,0.6162276913966976,0.9905336064009617,1.0,1.105495568629241,0.22130592516597974,1.508178552697164,1.5081846430246477,7.775439895841246,0.610890247616681,1.0,0.0
est-lifted_interaction__dir-first_order__support-unprojected__cal-none__controller-base,lifted_interaction,first_order,unprojected,none,base,5,0.018544373770355258,0.13417678185265292,0.5659469970101951,0.10781261778175277,0.10950114647996899,0.6635379314530304,1.104705868210444,1.0,1.3022689726400256,0.26069741750516845,1.7766288607985208,1.7766349511997688,9.729320159488125,0.7196259515356254,1.0,0.0
est-lifted_interaction__dir-first_order__support-unprojected__cal-none__controller-base,lifted_interaction,first_order,unprojected,none,base,6,0.07109186228755587,0.26262842086202165,0.6411713653949063,0.12209490532492187,0.12400711890241295,0.7050159142984825,1.2048033336031674,1.0,1.4747847718894542,0.2952328508818784,2.0119854614370363,2.011991551886761,11.55058034760435,0.8149570607514716,1.0,0.0
est-lifted_interaction__dir-first_order__support-unprojected__cal-none__controller-base,lifted_interaction,first_order,unprojected,none,base,7,0.14516675624905478,0.3752449468605549,0.7071223108499668,0.13461651749607143,0.13672484078626534,0.7413806222111692,1.2925610990993688,1.0,1.6260333674010614,0.32551086493240516,2.218328042506691,2.2183341329904542,13.225050664330492,0.8985360514305419,1.0,0.0
est-lifted_interaction__dir-first_order__support-unprojected__cal-none__controller-base,lifted_interaction,first_order,unprojected,none,base,8,0.23163601781313217,0.4739784626474049,0.7649430317122827,0.14559450480313088,0.14787476201903788,0.7732624036011247,1.3695003639915462,1.0,1.758636512989824,0.3520563008863707,2.3992333608464516,2.3992394513552404,14.74922052306289,0.9718116876881234,1.0,0.0
est-lifted_interaction__dir-first_order__support-unprojected__cal-none__controller-base,lifted_interaction,first_order,unprojected,none,base,9,0.3239915080209575,0.5605404219442062,0.8156357964326303,0.15521916045183645,0.1576501561212535,0.8012138995140694,1.4369547989202116,1.0,1.8748927609275794,0.3753292992015897,2.5578372419924977,2.5578433325203145,16.126251667371868,1.036054134567755,1.0,0.0
est-lifted_interaction__dir-first_order__support-unprojected__cal-none__controller-base,lifted_interaction,first_order,unprojected,none,base,10,0.4176795925593069,0.6364312958545122,0.8600793169676242,0.16365731890157273,0.1662204704632743,0.8257196231502503,1.496093663814776,1.0,1.9768173052101101,0.39573327567119726,2.6968889367979307,2.6968950273405885,17.363291889156326,1.0923769751716164,1.0,0.0
est-lifted_interaction__dir-first_order__support-unprojected__cal-none__controller-base,lifted_interaction,first_order,unprojected,none,base,11,0.509593627201603,0.7029665821356633,0.8990439804347088,0.17105524778564998,0.17373426347796203,0.8472043584504011,1.5479420759275766,1.0,2.066176913071907,0.4136219142614406,2.8187987771403233,2.818804867694789,18.469689532762807,1.1417565135885093,1.0,0.0
est-lifted_interaction__dir-first_order__support-unprojected__cal-none__controller-base,lifted_interaction,first_order,unprojected,none,base,12,0.5976906806076951,0.7612996081296294,0.9332052030567489,0.1775411833247692,0.1803217797830242,0.8660405233305127,1.5933987792885818,1.0,2.144520550253935,0.42930529789447913,2.925679956784117,2.9256860473481248,19.455823032542785,1.185048698217745,1.0,0.0
est-lifted_interaction__dir-first_order__support-unprojected__cal-none__controller-base,lifted_interaction,first_order,unprojected,none,base,13,0.6807029105431799,0.8124415226204477,0.9631551378744443,0.18322755318271056,0.1860972078503974,0.882554625200237,1.6332517235977548,1.0,2.213206230884962,0.44305528344761197,3.019385161630143,3.01939125220196,20.332346869101002,1.2230039588390291,1.0,0.0
est-lifted_interaction__dir-first_order__support-unprojected__cal-none__controller-base,lifted_interaction,first_order,unprojected,none,base,14,0.7579209576693263,0.8572788231585112,0.9894129391688703,0.18821292529538103,0.19116065935726803,0.8970329206653384,1.668191722600684,1.0,2.2734245573941836,0.4551102141395504,3.1015386843035317,3.1015447748818077,21.109717893816093,1.2562802146151517,1.0,0.0
est-lifted_interaction__dir-first_order__support-unprojected__cal-none__controller-base,lifted_interaction,first_order,unprojected,none,base,15,0.8290320488810036,0.896588722671593,1.0124337615183794,0.19258371645436317,0.19559990452894088,0.9097263775198761,1.6988244287027456,1.0,2.3262193584976516,0.4656790509885701,3.173564579756523,3.173570670340186,21.797909489034208,1.2854542785091299,1.0,
est-lifted_interaction__dir-lifted_interaction__support-unprojected__cal-none__controller-base,lifted_interaction,lifted_interaction,unprojected,none,base,0,0.7202504190983096,0.8354653248886267,0.0029755609212274076,0.0,0.0,0.35043333267231036,0.3491007089614868,1.0,3.3531702825645343e-15,6.712613534418339e-16,3.814683412573602e-05,0.0,0.9804293513298035,4.412471779438228e-06,0.0,0.0
est-lifted_interaction__dir-lifted_interaction__support-unprojected__cal-none__controller-base,lifted_interaction,lifted_interaction,unprojected,none,base,1,0.35617883714778237,0.5874792692884732,0.13057770227862484,0.02130916938194477,0.02164290716493231,0.4404455761269109,0.5423468188309366,1.0,0.3036845249943508,0.06079371701670359,0.45456877251386246,0.4545760406313396,0.9359194640610806,0.18444790025958185,1.0,0.0
est-lifted_interaction__dir-lifted_interaction__support-unprojected__cal-none__controller-base,lifted_interaction,lifted_interaction,unprojected,none,base,2,0.1442802377058407,0.3738573202472614,0.24469651763092032,0.03966546842940344,0.04028669703092779,0.5179845749104716,0.7088142599331805,1.0,0.5652866483321579,0.11316308110419959,0.8461529575327903,0.8461602263907686,2.121420324850835,0.34333584461506295,1.0,0.0
est-lifted_interaction__dir-lifted_interaction__support-unprojected__cal-none__controller-base,lifted_interaction,lifted_interaction,unprojected,none,base,3,0.037228951999304705,0.18983755347850242,0.34300157420076366,0.05547808452345134,0.05634696554839355,0.5847787809163404,0.8522138488973151,1.0,0.7906378444002563,0.15827547806744463,1.183474243125702,1.1834815122286904,3.608280856969805,0.4802062485875617,1.0,0.0
est-lifted_interaction__dir-lifted_interaction__support-unprojected__cal-none__controller-base,lifted_interaction,lifted_interaction,unprojected,none,base,4,0.0010254368174763408,0.03131791299392083,0.4276842281291872,0.0690995028219487,0.07018171839140575,0.6423171296949726,0.9757421615747041,1.0,0.984761504106742,0.19713652584280456,1.4740519885247754,1.4740592577489182,5.111020844587086,0.5981101434336202,1.0,0.0
est-lifted_interaction__dir-lifted_interaction__support-unprojected__cal-none__controller-base,lifted_interaction,lifted_interaction,unprojected,none,base,5,0.01140385654677458,0.10523522399020374,0.500632173296852,0.0808333636428965,0.08209935140103329,0.69188223089373,1.0821528154904494,1.0,1.1519849132358944,0.2306124911174765,1.7243635748740174,1.7243708441697896,6.561900132306218,0.6996757705991804,1.0,0.0
est-lifted_interaction__dir-lifted_interaction__support-unprojected__cal-none__controller-base,lifted_interaction,lifted_interaction,unprojected,none,base,6,0.05118778955728974,0.22286581640893166,0.5634715206404353,0.09094123102852424,0.09236552515663475,0.7345789594059562,1.1738178517995648,1.0,1.2960357136538174,0.259449599616172,1.9399887947983299,1.939996064140985,7.921904273192163,0.78716716886895,1.0,0.0
est-lifted_interaction__dir-lifted_interaction__support-unprojected__cal-none__controller-base,lifted_interaction,lifted_interaction,unprojected,none,base,7,0.10834651840260741,0.3241960134178041,0.6176030464221629,0.09964842337079585,0.1012090869188622,0.7713590845657221,1.252780611376293,1.0,1.4201249976189472,0.2842906705081503,2.125734233690044,2.125741503065461,9.171233181346038,0.8625346429330014,1.0,0.0
est-lifted_interaction__dir-lifted_interaction__support-unprojected__cal-none__controller-base,lifted_interaction,lifted_interaction,unprojected,none,base,8,0.17456862857139116,0.4114846057366009,0.6642334174767257,0.10714903607106863,0.10882717195270034,0.8030424864071696,1.3208012837179905,1.0,1.5270188874849182,0.30568944573862156,2.285740415159402,2.285747684558771,10.302535267552768,0.9274582383849914,1.0,0.0
est-lifted_interaction__dir-lifted_interaction__support-unprojected__cal-none__controller-base,lifted_interaction,lifted_interaction,unprojected,none,base,9,0.24421727048859956,0.4866773772292879,0.704402089489665,0.11361026819596005,0.1153895979461128,0.8303354319283213,1.3793961440118576,1.0,1.6191001964067215,0.3241229337052011,2.4235740990493113,2.4235813684667775,11.316248360474988,0.9833851922700512,1.0,0.0
est-lifted_interaction__dir-lifted_interaction__support-unprojected__cal-none__controller-base,lifted_interaction,lifted_interaction,unprojected,none,base,10,0.3135667343595012,0.5514504791267502,0.7390044779071862,0.11917614957658516,0.12104265048198322,0.8538463187626409,1.4298713530131824,1.0,1.6984215445528492,0.3400020424370957,2.542307789461165,2.542315058892648,12.217463386849314,1.0315621940070332,1.0,0.0
est-lifted_interaction__dir-lifted_interaction__support-unprojected__cal-none__controller-base,lifted_interaction,lifted_interaction,unprojected,none,base,11,0.3802461358495082,0.60724779376393,0.7688119179891314,0.12397075143338046,0.12591234394677664,0.8740992372066329,1.4733520731812966,1.0,1.7667511148575277,0.35368073930534366,2.6445882251348594,2.644595494577408,13.013851345854535,1.0730631758258404,1.0,0.0
est-lifted_interaction__dir-lifted_interaction__support-unprojected__cal-none__controller-base,lifted_interaction,lifted_interaction,unprojected,none,base,12,0.4428353776510433,0.6553131207209272,0.7944888589423996,0.12810095209579606,0.13010723056609938,0.891545652919894,1.510807550112323,1.0,1.8256120682722476,0.3654639414467582,2.7326953789282706,2.7327026483796866,13.714317400799079,1.1088132522072613,1.0,0.0
est-lifted_interaction__dir-lifted_interaction__support-unprojected__cal-none__controller-base,lifted_interaction,lifted_interaction,unprojected,none,base,13,0.5005728919692477,0.6967179028418152,0.8166076754159078,0.13165881946858773,0.13372082018445947,0.9065744707212228,1.5430727183686546,1.0,1.8763164971372512,0.3756143127900789,2.8085932815763273,2.808600551034936,14.328145533507705,1.1396093419686435,1.0,0.0
est-lifted_interaction__dir-lifted_interaction__support-unprojected__cal-none__controller-base,lifted_interaction,lifted_interaction,unprojected,none,base,14,0.5531452829233942,0.7323851101826078,0.8356614265258683,0.13472366335318775,0.13683366472947545,0.919520703816761,1.5708668133290908,1.0,1.9199946735407498,0.3843581191994747,2.8739738026617516,2.8739810721262513,14.864470908870073,1.166137932690311,1.0,0.0
est-lifted_interaction__dir-lifted_interaction__support-unprojected__cal-none__controller-base,lifted_interaction,lifted_interaction,unprojected,none,base,15,0.6005368406680271,0.7631098142947279,0.8520748468277708,0.13736380337324702,0.1395151538261354,0.9306729417092977,1.5948094039436045,1.0,1.957620244652386,0.3918902722546731,2.9302943647360333,2.9303016342053985,15.331969219506252,1.1889903834764581,1.0,
est-first_order__dir-first_order__support-projected__cal-none__controller-base,first_order,first_order,projected,none,base,0,0.7202504190983096,0.8354653248886267,0.238400672389672,0.0,0.0,0.3484228955894159,0.3491007089614868,1.0,3.3531702825645343e-15,6.712613534418339e-16,3.814683412573602e-05,0.0,0.9804293513298035,4.412471779438228e-06,0.0,0.0
est-first_order__dir-first_order__support-projected__cal-none__controller-base,first_order,first_order,projected,none,base,1,0.3898906617084768,0.6220864580122198,0.35759986072040467,0.05714838789359461,0.06439186109661492,0.2400599310759432,0.5429449238630976,1.0,3.4597353625141196e-15,6.92594305176658e-16,0.6406009624871298,0.6406042363132542,1.0682124504876478,0.5308372838835878,1.0,0.0
est-first_order__dir-first_order__support-projected__cal-none__controller-base,first_order,first_order,projected,none,base,2,0.1506355397075996,0.37322081520842054,0.655351835441763,0.12380105193102,0.13949265120828636,0.1136752589262414,0.7690270943680043,1.0,3.430655038524623e-15,6.867728001546145e-16,1.3877432788625423,1.3877465533185687,2.9490588365119015,1.1499567657210201,1.0,0.0
est-first_order__dir-first_order__support-projected__cal-none__controller-base,first_order,first_order,projected,none,base,3,0.07025355116054179,0.25103460461547783,1.0664369931111506,0.20153863626249027,0.22708335878132488,-0.03372828827370301,1.0327087048374475,1.0,3.3656155840504233e-15,6.737527419534307e-16,2.2591418898664974,2.2591451645308425,7.075523077083887,1.8720412258945762,1.0,0.0
est-first_order__dir-first_order__support-projected__cal-none__controller-base,first_order,first_order,projected,none,base,4,0.24674033660098205,0.372334876316161,1.5827048998322901,0.29220465996859835,0.32924116619902916,-0.205646333061522,1.3402428705988743,1.0,3.4284704612573577e-15,6.863354760196763e-16,3.275461702388065,3.2754649771553486,15.489369387565795,2.7323239827973134,1.0,0.0
est-first_order__dir-first_order__support-projected__cal-none__controller-base,first_order,first_order,projected,none,base,5,0.8201753409923803,0.6989226546846772,2.198246606071193,0.3979492354576611,0.4483887094208988,-0.40615585053992964,1.6989226546846772,1.0,3.4321829175766603e-15,6.870786617941796e-16,4.460804378162092,4.460807652990178,27.882298369506145,3.8458072300113115,1.0,0.0
est-first_order__dir-first_order__support-projected__cal-none__controller-base,first_order,first_order,projected,none,base,6,1.9890108951869334,1.1172540202203063,2.9161582753094346,0.5212800576144593,0.5873515299301713,-0.6400118523868774,2.1172540202203063,1.0,3.871535587292982e-15,7.75031387978578e-16,5.843279895870004,5.843283170737843,44.69937058284271,5.177559673611899,1.0,0.426
est-first_order__dir-first_order__support-projected__cal-none__controller-base,first_order,first_order,projected,none,base,7,4.0167179011419,1.6452884204355036,3.7493216723097817,0.664410098740597,0.7484180872472667,-0.9112744960618386,2.602499946136798,1.0,4.489774325382513e-15,8.987947930874752e-16,7.447694544595209,7.447697819490706,66.25832778733168,6.722977505896244,1.0,0.426
est-first_order__dir-first_order__support-projected__cal-none__controller-base,first_order,first_order,projected,none,base,8,6.829174261554336,2.2083603194648034,4.627162565269911,0.815215335221163,0.9135093732683343,-1.1939860249983154,3.1082261153118975,1.0,4.991812645197194e-15,9.992963762581122e-16,9.138144212684857,9.138147487599378,90.11478276831767,8.378664154670627,1.0,0.426
est-first_order__dir-first_order__support-projected__cal-none__controller-base,first_order,first_order,projected,none,base,9,10.503562308577068,2.8048556009538324,5.557111212061796,0.9749722190926022,1.0835658212965853,-1.4900504888305186,3.637838571110905,1.0,5.565878582164415e-15,1.1142169574815485e-15,10.924501470340386,10.928940550367809,116.13036336195063,10.133108250964494,1.0,0.426
est-first_order__dir-first_order__support-projected__cal-none__controller-base,first_order,first_order,projected,none,base,10,15.147570688464626,3.4403328653857654,6.547833587350784,1.1451694875158558,1.2598687768226908,-1.8016885972802308,4.1953098116652985,1.0,5.3490731325131446e-15,1.0708153085038022e-15,12.663492555313763,12.83676499090816,144.88620314953397,12.00220826604178,1.0,0.426
est-first_order__dir-first_order__support-projected__cal-none__controller-base,first_order,first_order,projected,none,base,11,20.91083398475876,4.121275157062979,7.609436893093339,1.327543467647045,1.444077298048366,-2.131490383495655,4.785272996248788,1.0,5.948816993020412e-15,1.1908762781526915e-15,14.564847563690996,14.881084149707103,177.90847284363716,14.005032480807824,1.0,0.426
est-first_order__dir-first_order__support-projected__cal-none__controller-base,first_order,first_order,projected,none,base,12,28.000568424626362,4.855243707189938,8.753709247225817,1.5241192530165697,1.6382984468086546,-2.4824766257635593,5.413131818996673,1.0,7.74656064107747e-15,1.5507613220501057e-15,16.54946797666344,17.084598290802177,214.48883176620888,16.16382039785929,1.0,0.648
est-first_order__dir-first_order__support-projected__cal-none__controller-base,first_order,first_order,projected,none,base,13,36.56081727882673,5.636168205603108,9.971186908965402,1.7332710573592995,1.8419768158971481,-2.8498471986487908,6.070299615413829,1.0,7.194456017748876e-15,1.4402371119841607e-15,18.654057244041827,19.42908318062933,254.27032198834917,18.460717697257543,1.0,0.8773333333333333
est-first_order__dir-first_order__support-projected__cal-none__controller-base,first_order,first_order,projected,none,base,14,46.670569133192764,6.454070800262576,11.246314197839238,1.9523265535016687,2.053405120527225,-3.2263836332660465,6.7438636874210305,1.0,7.962361915905437e-15,1.593961948206408e-15,20.877058924663995,21.884583396624603,296.6392527958486,20.866376987130526,1.0,0.8773333333333333
est-first_order__dir-first_order__support-projected__cal-none__controller-base,first_order,first_order,projected,none,base,15,58.217775061134674,7.283975773537114,12.54015344655206,2.174596597463766,2.2681427583665013,-3.596210486659383,7.405425380813159,1.0,7.594415900077803e-15,1.5203039112548548e-15,23.14214418388747,24.376117051655527,340.1851064832311,23.307338346897616,1.0,
est-first_order__dir-lifted_interaction__support-projected__cal-none__controller-base,first_order,lifted_interaction,projected,none,base,0,0.7202504190983096,0.8354653248886267,0.238400672389672,0.0,0.0,0.3484228955894159,0.3491007089614868,1.0,3.3531702825645343e-15,6.712613534418339e-16,3.814683412573602e-05,0.0,0.9804293513298035,4.412471779438228e-06,0.0,0.0
est-first_order__dir-lifted_interaction__support-projected__cal-none__controller-base,first_order,lifted_interaction,projected,none,base,1,0.38989066170847686,0.6220864580122201,0.3448687437487222,0.0392851423100737,0.04426447569266512,0.27233729848991456,0.5429449238630976,1.0,3.114500590564959e-15,6.234827657243467e-16,0.6235921351079574,0.6235971720207053,2.071512348461458,0.46531337146840407,1.0,0.0
est-first_order__dir-lifted_interaction__support-projected__cal-none__controller-base,first_order,lifted_interaction,projected,none,base,2,0.1575997432492414,0.38379102741063464,0.5720575009489584,0.08315766727918782,0.09369777797634343,0.1873670766133896,0.7594245775623479,1.0,3.1728414071654396e-15,6.351618431979156e-16,1.3200076465868924,1.320012684129766,2.562959859108739,0.9849614048422941,1.0,0.0
est-first_order__dir-lifted_interaction__support-projected__cal-none__controller-base,first_order,lifted_interaction,projected,none,base,3,0.06860510483033806,0.2385999144841556,0.9087081127438204,0.1321532501887087,0.14890347817792624,0.09247475952604407,1.0011828722698644,1.0,3.4335890308176173e-15,6.873601474920951e-16,2.097744601044364,2.0977496387964267,2.0926844383975816,1.565289487642721,1.0,0.0
est-first_order__dir-lifted_interaction__support-projected__cal-none__controller-base,first_order,lifted_interaction,projected,none,base,4,0.18176411385572594,0.34509120382340164,1.295161174397476,0.18687011789426486,0.21055562751760917,-0.013498270122982227,1.2711716313108663,1.0,3.1957722430485485e-15,6.397523001784291e-16,2.9662990201582335,2.9663040580142552,6.103911608041412,2.2133833166527572,1.0,0.0
est-first_order__dir-lifted_interaction__support-projected__cal-none__controller-base,first_order,lifted_interaction,projected,none,base,5,0.5732192546593438,0.5726873666724533,1.7573363728915428,0.24797635306318155,0.2794069871475628,-0.1318459231016343,1.5726873666724532,1.0,3.452675196844921e-15,6.911809512568548e-16,3.9362757900264342,3.9362808279443295,14.2795204335402,2.976437983818374,1.0,0.0
est-first_order__dir-lifted_interaction__support-projected__cal-none__controller-base,first_order,lifted_interaction,projected,none,base,6,1.3409902221461611,0.9094115287951895,2.27348043509179,0.3162180513382418,0.35629821922407257,-0.2640132020021501,1.9094115287951894,1.0,3.80074238537465e-15,7.608595039018063e-16,5.0195181446227,5.019523182581428,25.78642386096102,3.9039219487574424,1.0,0.0
est-first_order__dir-lifted_interaction__support-projected__cal-none__controller-base,first_order,lifted_interaction,projected,none,base,7,2.610738400450383,1.2960258937996745,2.8498953829570444,0.392428431025211,0.44216815123441416,-0.41161384445103477,2.2854554563908294,1.0,3.840317500878959e-15,7.687819305480672e-16,6.228866546178889,6.229257307414456,40.559209019808186,4.95356364363875,1.0,0.0
est-first_order__dir-lifted_interaction__support-projected__cal-none__controller-base,first_order,lifted_interaction,projected,none,base,8,4.5429978726490745,1.7583020668239921,3.4936191346285335,0.4775380065316954,0.5380652389039626,-0.5764500265420803,2.7054105751150117,1.0,4.51442739809273e-15,9.037300196221991e-16,7.174684246377673,7.580253828664603,58.6599941752432,6.125773511273488,1.0,0.0
est-first_order__dir-lifted_interaction__support-projected__cal-none__controller-base,first_order,lifted_interaction,projected,none,base,9,7.342240322989395,2.274558894495843,4.212511436087175,0.5725859497731144,0.64516036764348,-0.7605343670676444,3.174404458011281,1.0,4.2155750954221525e-15,8.4390365106198585e-16,8.358268063448698,9.089008159854448,80.19480373430898,7.456422981609372,1.0,0.426
est-first_order__dir-lifted_interaction__support-projected__cal-none__controller-base,first_order,lifted_interaction,projected,none,base,10,10.983006455336067,2.8216365745293865,4.974322053197225,0.6733083140950973,0.7570926198406162,-0.9545499283285132,3.6687002311240273,1.0,4.8111087945027845e-15,9.63121800806337e-16,9.716015309157735,10.687836059080905,103.8422253883024,8.869037432472272,1.0,0.426
est-first_order__dir-lifted_interaction__support-projected__cal-none__controller-base,first_order,lifted_interaction,projected,none,base,11,15.440795326012188,3.3903143647266596,5.76621101905743,0.7780074704608954,0.8711399323086358,-1.154624530357781,4.17843269509535,1.0,5.2653184523239854e-15,1.0540487039942738e-15,11.109597507308587,12.349790018858801,128.90402007637223,10.337425736533305,1.0,0.426
est-first_order__dir-lifted_interaction__support-projected__cal-none__controller-base,first_order,lifted_interaction,projected,none,base,12,20.775412017323706,3.983114541067123,6.591690625780165,0.8871477946061594,0.9876576507909697,-1.361465696074214,4.705404414553851,1.0,5.935067355293933e-15,1.1881237783832637e-15,12.571447642350776,14.082241360213814,155.3073243553533,11.868100686974431,1.0,0.426
est-first_order__dir-lifted_interaction__support-projected__cal-none__controller-base,first_order,lifted_interaction,projected,none,base,13,27.06261305707038,4.602853909329784,7.45468330088733,1.0012478880901412,1.1070870896655014,-1.575863566867013,5.251628442196462,1.0,6.956844666809939e-15,1.392670390468775e-15,14.064933230692052,15.893422163946413,183.03776256022556,13.468335585219327,1.0,0.426
est-first_order__dir-lifted_interaction__support-projected__cal-none__controller-base,first_order,lifted_interaction,projected,none,base,14,34.39818576835415,5.252678197762155,8.359569499412936,1.1208869103232275,1.2299618888983768,-1.798700550073617,5.819352897783397,1.0,7.755460910617082e-15,1.5525430409828483e-15,15.663575392825884,17.792525782790726,213.31523402937108,15.146253046576359,1.0,0.426
est-first_order__dir-lifted_interaction__support-projected__cal-none__controller-base,first_order,lifted_interaction,projected,none,base,15,42.90305188561336,5.936100465830732,9.311241188435508,1.2467116499944537,1.3569191312961215,-2.0309620930073957,6.411088417257768,1.0,7.702257833658239e-15,1.5418924725842318e-15,17.366395032272937,19.789819090522947,247.16213233146576,16.910924175844325,1.0,
est-lifted_interaction__dir-first_order__support-projected__cal-none__controller-base,lifted_interaction,first_order,projected,none,base,0,0.7202504190983096,0.8354653248886267,0.0029755609212274076,0.0,0.0,0.35043333267231036,0.3491007089614868,1.0,3.3531702825645343e-15,6.712613534418339e-16,3.814683412573602e-05,0.0,0.9804293513298035,4.412471779438228e-06,0.0,0.0
est-lifted_interaction__dir-first_order__support-projected__cal-none__controller-base,lifted_interaction,first_order,projected,none,base,1,0.35617883714778226,0.587479269288473,0.0026785082293033385,0.06641708925910288,0.06745729367648383,0.5433190446978853,0.5423468188309365,1.0,3.375673407781146e-15,6.757661882747435e-16,0.7444983700845933,0.7445016440742972,1.2898296695656284,0.5619491927478325,1.0,0.0
est-lifted_interaction__dir-first_order__support-projected__cal-none__controller-base,lifted_interaction,first_order,projected,none,base,2,0.1761740379245523,0.4131314818357787,0.002469664582194456,0.11311194183830937,0.11488346695136785,0.6789282679887881,0.6782094030333158,1.0,3.424831277301954e-15,6.856069584254369e-16,1.2679238148795502,1.2679270892847174,1.9337197892917168,0.9570298533797252,1.0,0.0
est-lifted_interaction__dir-first_order__support-projected__cal-none__controller-base,lifted_interaction,first_order,projected,none,base,3,0.08716551777299866,0.29055543516720866,0.002322836056243689,0.14594098149838428,0.14822666512777827,0.7742689816603303,0.7737282433066509,1.0,3.4466254823204692e-15,6.89969876596932e-16,1.63592057993091,1.635923854469007,2.7386603923313055,1.2347932033081217,1.0,0.0
est-lifted_interaction__dir-first_order__support-projected__cal-none__controller-base,lifted_interaction,first_order,projected,none,base,4,0.04314548019225123,0.20437775871707187,0.002219607558124036,0.1690215950022955,0.17166876023816235,0.8412987268562001,0.8408832212627031,1.0,3.200877112067912e-15,6.407742289796291e-16,1.8946424674366353,1.8946457420372755,3.83467043127083,1.4300760562831243,1.0,0.0
est-lifted_interaction__dir-first_order__support-projected__cal-none__controller-base,lifted_interaction,first_order,projected,none,base,5,0.021369857549029814,0.14379013070827343,0.002147032268308817,0.18524853082597076,0.1881498374358821,0.8884243101248754,0.8880968500229833,1.0,3.4641104376961405e-15,6.93470138683642e-16,2.076538129102625,2.0765414037379055,4.697006599875186,1.567370600994971,1.0,0.0
est-lifted_interaction__dir-first_order__support-projected__cal-none__controller-base,lifted_interaction,first_order,projected,none,base,6,0.010594426064792698,0.1011937087699709,0.0020960078633458007,0.19665695574418426,0.19973693766383388,0.9215561770583293,0.9212906177608329,1.0,3.2820617349950913e-15,6.570263412413078e-16,2.2044207448761513,2.204424019532365,5.347111118829065,1.6638961879600798,1.0,0.0
est-lifted_interaction__dir-first_order__support-projected__cal-none__controller-base,lifted_interaction,first_order,projected,none,base,7,0.005259812246249613,0.0712460903934535,0.002060134911154228,0.20467770350141776,0.2078833039529971,0.9448496947265926,0.9446276550859799,1.0,3.955676876109403e-15,7.918753865386672e-16,2.2943292301424263,2.2943325048119587,5.825282042861732,1.732820987490996,1.0,0.0
est-lifted_interaction__dir-first_order__support-projected__cal-none__controller-base,lifted_interaction,first_order,projected,none,base,8,0.002617033302208571,0.05019127391791568,0.002034914260372266,0.21031672861192707,0.2136106457737854,0.9612263138423061,0.9610348709048186,1.0,3.778794947637332e-15,7.564659105204213e-16,2.3575398211514784,2.3575430958297674,6.171700343161126,1.786677772925239,1.0,0.0
est-lifted_interaction__dir-first_order__support-projected__cal-none__controller-base,lifted_interaction,first_order,projected,none,base,9,0.001306558706126887,0.03538858439365697,0.002017182761094636,0.21428127221302423,0.21763728086086553,0.9727399743156044,0.9725700425367328,1.0,3.672651248434564e-15,7.352173137650904e-16,2.4019803297849704,2.401983604469138,6.420242409417817,1.824542043767208,1.0,0.0
est-lifted_interaction__dir-first_order__support-projected__cal-none__controller-base,lifted_interaction,first_order,projected,none,base,10,0.0006558665174217529,0.024981482654908564,0.0020047165456370947,0.21706856357225363,0.22046822593658177,0.9808347084336616,0.9806799001778402,1.0,3.903078575386979e-15,7.813458865263174e-16,2.433224442141338,2.433227716829512,6.597423777554748,1.8511627006600055,1.0,0.0
est-lifted_interaction__dir-first_order__support-projected__cal-none__controller-base,lifted_interaction,first_order,projected,none,base,11,0.00033216943770174605,0.017664719952889568,0.0019959521131767493,0.2190281821066758,0.22245853542537466,0.9865257500093618,0.9863815744188259,1.0,3.723559017144709e-15,7.454083911173984e-16,2.45519076491651,2.455194039607439,6.723190881285432,1.8698784809363966,1.0,0.0
est-lifted_interaction__dir-first_order__support-projected__cal-none__controller-base,lifted_interaction,first_order,projected,none,base,12,0.00017071585869178274,0.012520634905817337,0.0019897902369753672,0.22040590129908674,0.22385783204019066,0.9905268640353432,0.990390163791041,1.0,3.4688668744700824e-15,6.944223158525254e-16,2.4706342933086445,2.470637568001481,6.8122016847976425,1.8830366998625765,1.0,0.0
est-lifted_interaction__dir-first_order__support-projected__cal-none__controller-base,lifted_interaction,first_order,projected,none,base,13,8.988892259209853e-05,0.008904061285873207,0.0019854581004115474,0.22137451337322012,0.224841614224449,0.9933398664068706,0.9932084217405264,1.0,3.836558523556532e-15,7.680294318699865e-16,2.481491939881519,2.481495214575683,6.875071577020125,1.8922876486743492,1.0,0.0
est-lifted_interaction__dir-first_order__support-projected__cal-none__controller-base,lifted_interaction,first_order,projected,none,base,14,4.921829202694136e-05,0.00636141188781975,0.0019824123710602526,0.22205550072922497,0.22553326699900506,0.9953175611915819,0.9951898114844822,1.0,3.726151625010415e-15,7.459273977046652e-16,2.489125460286187,2.4891287349812763,6.9194157483572125,1.89879157252591,1.0,0.0
est-lifted_interaction__dir-first_order__support-projected__cal-none__controller-base,lifted_interaction,first_order,projected,none,base,15,2.860986752634771e-05,0.004693852974396655,0.001980271056458069,0.22253427215013008,0.2260195367934838,0.9967079889782995,0.9965828370299866,1.0,3.7856370737331835e-15,7.57835615735633e-16,2.494492243352605,2.494495518048342,6.950662783826493,1.903364187327655,1.0,
est-lifted_interaction__dir-lifted_interaction__support-projected__cal-none__controller-base,lifted_interaction,lifted_interaction,projected,none,base,0,0.7202504190983096,0.8354653248886267,0.0029755609212274076,0.0,0.0,0.35043333267231036,0.3491007089614868,1.0,3.3531702825645343e-15,6.712613534418339e-16,3.814683412573602e-05,0.0,0.9804293513298035,4.412471779438228e-06,0.0,0.0
est-lifted_interaction__dir-lifted_interaction__support-projected__cal-none__controller-base,lifted_interaction,lifted_interaction,projected,none,base,1,0.35617883714778237,0.5874792692884732,0.002656434255490904,0.045656665035291005,0.046371725950823124,0.5432922654196908,0.5423468188309366,1.0,3.4160653335307083e-15,6.838521297754646e-16,0.7247312251713887,0.7247362622536115,2.5435893805515475,0.4914090767003328,1.0,0.0
est-lifted_interaction__dir-lifted_interaction__support-projected__cal-none__controller-base,lifted_interaction,lifted_interaction,projected,none,base,2,0.17616532147119127,0.4131212582697455,0.0024320582390167703,0.0777576842309705,0.07897550162593085,0.6788906122852917,0.6782173698685783,1.0,3.4364067338841483e-15,6.879242152293858e-16,1.2342904018897858,1.234295439395117,3.3456752668806033,0.8369164300204412,1.0,0.0
est-lifted_interaction__dir-lifted_interaction__support-projected__cal-none__controller-base,lifted_interaction,lifted_interaction,projected,none,base,3,0.08715076601942466,0.2905308357256032,0.002274300356212125,0.10032778287056374,0.10189908634218788,0.77422926946208,0.773747412713704,1.0,3.2586559726366906e-15,6.523408101184979e-16,1.5925594280643776,1.592564465705087,3.403766617045004,1.0798412729235352,1.0,0.0
est-lifted_interaction__dir-lifted_interaction__support-projected__cal-none__controller-base,lifted_interaction,lifted_interaction,projected,none,base,4,0.04312870660479884,0.20433799828874377,0.002163381417646029,0.11619672925808316,0.11801656738118958,0.8412614992965796,0.8409142050487353,1.0,3.195597222980069e-15,6.397172634227181e-16,1.8444569523140333,1.8444619900184391,3.1937321096401035,1.2506407616534274,1.0,0.0
est-lifted_interaction__dir-lifted_interaction__support-projected__cal-none__controller-base,lifted_interaction,lifted_interaction,projected,none,base,5,0.021353835648565477,0.14373615785751614,0.0020853947540707737,0.12735412220842712,0.1293487040543144,0.8883915928980991,0.8881389090080031,1.0,3.367556395055796e-15,6.741412672332278e-16,2.021565097542467,2.021570135282153,2.9238272627704367,1.3707292013608061,1.0,0.0
est-lifted_interaction__dir-lifted_interaction__support-projected__cal-none__controller-base,lifted_interaction,lifted_interaction,projected,none,base,6,0.010580538150883625,0.10112724541345953,0.0020305626417713215,0.1351988407176718,0.1373162841785057,0.9215285738455051,0.9213424101208184,1.0,3.506425621091314e-15,7.019410915083997e-16,2.146089128490714,2.1460941662517192,2.819672400879587,1.4551629046382144,1.0,0.0
est-lifted_interaction__dir-lifted_interaction__support-projected__cal-none__controller-base,lifted_interaction,lifted_interaction,projected,none,base,7,0.005248480783521699,0.07116908891612328,0.001992010402177976,0.14071443103192963,0.14291825800449753,0.9448270530633222,0.9446876594017807,1.0,3.2240378060552902e-15,6.454107005818793e-16,2.2336414782904255,2.2336465160649968,2.7246211224466923,1.5145279048539617,1.0,0.0
est-lifted_interaction__dir-lifted_interaction__support-projected__cal-none__controller-base,lifted_interaction,lifted_interaction,projected,none,base,8,0.0026081509185439476,0.05010562849813605,0.001964904476192012,0.14459242059635877,0.14685698347169618,0.9612081209320149,0.9611016111154423,1.0,3.593838408136497e-15,7.194400017323074e-16,2.2951991864454837,2.2952042242289736,2.6470738094012267,1.556267199872646,1.0,0.0
est-lifted_interaction__dir-lifted_interaction__support-projected__cal-none__controller-base,lifted_interaction,lifted_interaction,projected,none,base,9,0.0012997843826138152,0.0352959934386633,0.0019458464076772186,0.14731901960117352,0.1496262856476507,0.9727255844544204,0.9726421951381681,1.0,3.762515202605467e-15,7.5320691596813135e-16,2.338480165676292,2.3384852034657713,2.6212264200541053,1.5856139318245575,1.0,0.0
est-lifted_interaction__dir-lifted_interaction__support-projected__cal-none__controller-base,lifted_interaction,lifted_interaction,projected,none,base,10,0.0006507968150382783,0.024883398060580778,0.0019324467556715546,0.14923608049304599,0.1515733709689337,0.9808234671476149,0.9807563337629778,1.0,3.3926438575323144e-15,6.791634529850142e-16,2.3689108496526186,2.3689158874461786,2.6236868431292315,1.6062475020818376,1.0,0.0
est-lifted_interaction__dir-lifted_interaction__support-projected__cal-none__controller-base,lifted_interaction,lifted_interaction,projected,none,base,11,0.0003284237868008081,0.017562343755578125,0.0019230255137580015,0.15058395836458383,0.1529423588971107,0.986517056190478,0.9864613522865623,1.0,3.6091386358004094e-15,7.225029095670359e-16,2.390306542257619,2.3903115800539854,2.624731434610077,1.620754883082889,1.0,0.0
est-lifted_interaction__dir-lifted_interaction__support-projected__cal-none__controller-base,lifted_interaction,lifted_interaction,projected,none,base,12,0.0001679708739128753,0.012414939655961101,0.001916401476122408,0.15153164592332738,0.15390488885253104,0.9905201959514743,0.990472528069895,1.0,3.6483960561569306e-15,7.303617377506734e-16,2.405349768443511,2.405354806241821,2.6251277452417927,1.6309549648373018,1.0,0.0
est-lifted_interaction__dir-lifted_interaction__support-projected__cal-none__controller-base,lifted_interaction,lifted_interaction,projected,none,base,13,8.78857471783624e-05,0.008795820351430058,0.0019117441416646565,0.15219796126833174,0.154581639827476,0.9933347875606381,0.9932927697743313,1.0,3.469506671549191e-15,6.945503949588817e-16,2.415926600811482,2.4159316386111436,2.625239464895401,1.6381266016605966,1.0,0.0
est-lifted_interaction__dir-lifted_interaction__support-projected__cal-none__controller-base,lifted_interaction,lifted_interaction,projected,none,base,14,4.775743892809799e-05,0.006251231994474903,0.0019084695883720272,0.15266644493142503,0.1550574607403834,0.9953137157018835,0.9952756704750418,1.0,3.600659892650309e-15,7.20805574769571e-16,2.4233631294894225,2.4233681672900276,2.625235578283125,1.643168950924412,1.0,0.0
est-lifted_interaction__dir-lifted_interaction__support-projected__cal-none__controller-base,lifted_interaction,lifted_interaction,projected,none,base,15,2.7541488297903447e-05,0.004622136983628953,0.0019061672630044217,0.15299583392753754,0.15539200852759344,0.9967050921898487,0.9966698400537312,1.0,3.5923915519650775e-15,7.1915035982628385e-16,2.428591723160367,2.428596760961632,2.625192122632659,1.6467142065926477,1.0,
est-first_order__dir-first_order__support-unprojected__cal-response_gain__controller-base,first_order,first_order,unprojected,response_gain,base,0,0.7202504190983096,0.8354653248886267,0.238400672389672,0.0,0.0,0.3484228955894159,0.3491007089614868,1.0,3.3531702825645343e-15,6.712613534418339e-16,3.814683412573602e-05,0.0,0.9804293513298035,4.412471779438228e-06,0.0,0.0
est-first_order__dir-first_order__support-unprojected__cal-response_gain__controller-base,first_order,first_order,unprojected,response_gain,base,1,0.38989066170847686,0.6220864580122201,0.23840071519716996,0.023725181191776794,0.026732312635614045,0.5422670841515649,0.5429449238630975,1.0,0.2865765433769377,0.057368920204303196,0.39095915239631335,0.39096524132439847,1.4422164467759608,0.17203647696019508,1.0,0.0
est-first_order__dir-first_order__support-unprojected__cal-response_gain__controller-base,first_order,first_order,unprojected,response_gain,base,2,0.22694670777716028,0.4721878002189013,0.2384007151971698,0.040392120979,0.045511762262132924,0.6784426266164747,0.679120466328007,1.0,0.4878965650992362,0.09767058664782617,0.665612233647828,0.665618323354788,2.5632030493821882,0.2928916926548172,1.0,0.0
est-first_order__dir-first_order__support-unprojected__cal-response_gain__controller-base,first_order,first_order,unprojected,response_gain,base,3,0.1465965298639829,0.366883993119095,0.2384007151971695,0.05210064617952434,0.058704325624762486,0.7741059451980736,0.7747837849096059,1.0,0.6293238803591509,0.12598250732440106,0.8585560235250177,0.8585621134811369,3.683543309376106,0.3777924816802891,1.0,0.0
est-first_order__dir-first_order__support-unprojected__cal-response_gain__controller-base,first_order,first_order,unprojected,response_gain,base,4,0.10698795130574444,0.29290806863148106,0.23840071519716988,0.060325885132892686,0.06797210138700975,0.8413094265016464,0.841987266213179,1.0,0.728676569329241,0.14587163159969488,0.9940990359715812,0.9941051260448969,4.542313889491821,0.43743528597068326,1.0,0.0
est-first_order__dir-first_order__support-unprojected__cal-response_gain__controller-base,first_order,first_order,unprojected,response_gain,base,5,0.08747229757608276,0.2409399816789324,0.2384007151971698,0.06610411549763393,0.0744827138599884,0.8885198721174067,0.889197711828939,1.0,0.7984718333307295,0.15984374140308882,1.0893180022327331,1.0893240923709382,5.179734388728039,0.47933435598468527,1.0,0.0
est-first_order__dir-first_order__support-unprojected__cal-response_gain__controller-base,first_order,first_order,unprojected,response_gain,base,6,0.07786327819572646,0.20751112196464844,0.23840071519716996,0.07016332232886469,0.07905641912225593,0.9216852101624783,0.9223630498740106,1.0,0.8475030062917749,0.16965914853997308,1.1562093260375839,1.1562154162149825,5.643918963337982,0.5087684526695214,1.0,0.0
est-first_order__dir-first_order__support-unprojected__cal-response_gain__controller-base,first_order,first_order,unprojected,response_gain,base,7,0.07313667666506697,0.2167007759513236,0.2384007151971701,0.07301491512780424,0.08226944706899886,0.9449838601391408,0.9456616998506735,1.0,0.8819474052969093,0.17655447205363425,1.2032004810130974,1.2032065712154234,5.97794334046995,0.529445905590619,1.0,0.0
est-first_order__dir-first_order__support-unprojected__cal-response_gain__controller-base,first_order,first_order,unprojected,response_gain,base,8,0.07081496475534399,0.2231565078769629,0.23840071519716988,0.07501815906905927,0.08452659920158573,0.9613511617477464,0.9620290014592789,1.0,0.9061445955980163,0.1813984368219812,1.2362117673845288,1.2362178576032332,6.216456567344403,0.5439718162676901,1.0,0.0
est-first_order__dir-first_order__support-unprojected__cal-response_gain__controller-base,first_order,first_order,unprojected,response_gain,base,9,0.06967683949675545,0.2276916595547244,0.23840071519716996,0.07642543793779093,0.08611224857472802,0.972849191127792,0.9735270308393243,1.0,0.9231431217845438,0.18480132207174496,1.259402196060973,1.2594082862906695,6.385898574977432,0.5541762685183323,1.0,0.0
est-first_order__dir-first_order__support-unprojected__cal-response_gain__controller-base,first_order,first_order,unprojected,response_gain,base,10,0.0691205445592496,0.23087760360835213,0.23840071519717027,0.07741405134307495,0.08722616725936054,0.9809265567672737,0.9816043964788064,1.0,0.9350845864305795,0.18719184895970398,1.2756934722064137,1.2756995624435934,6.505855970933374,0.5613448962244085,1.0,0.0
est-first_order__dir-first_order__support-unprojected__cal-response_gain__controller-base,first_order,first_order,unprojected,response_gain,base,11,0.06884978686684746,0.23311572930602537,0.23840071519717018,0.07810855226028701,0.08800869513531484,0.9866009061290099,0.9872787458405425,1.0,0.9434734653444196,0.18887119409849523,1.2871380936986996,1.2871441839410227,6.590579943740544,0.5663808571879272,1.0,0.0
est-first_order__dir-first_order__support-unprojected__cal-response_gain__controller-base,first_order,first_order,unprojected,response_gain,base,12,0.06871881983202202,0.2346880126086409,0.23840071519717004,0.07859643915462848,0.08855842096817279,0.9905871365556295,0.991264976267162,1.0,0.9493666527813925,0.19005093405849616,1.2951779402970844,1.2951840305429667,6.650321744894537,0.569918619764799,1.0,0.0
est-first_order__dir-first_order__support-unprojected__cal-response_gain__controller-base,first_order,first_order,unprojected,response_gain,base,13,0.06865605092076567,0.23579254162872848,0.2384007151971701,0.07893917969790329,0.08894460336575541,0.9933874634303297,0.9940653031418623,1.0,0.9535066169558656,0.19087970138039667,1.3008259325324765,1.3008320227808325,6.692400240831469,0.5724038979750515,1.0,0.0
est-first_order__dir-first_order__support-unprojected__cal-response_gain__controller-base,first_order,first_order,unprojected,response_gain,base,14,0.06862638362838411,0.23656847326533975,0.23840071519716977,0.07917995492955388,0.08921589650005726,0.995354693059807,0.9960325327713392,1.0,0.9564149417884331,0.19146191042403182,1.3047936470778516,1.3047997373279332,6.722014515654412,0.5741498059177539,1.0,0.0
est-first_order__dir-first_order__support-unprojected__cal-response_gain__controller-base,first_order,first_order,unprojected,response_gain,base,15,0.06861266259840772,0.23711356524005914,0.23840071519716957,0.07934909952978844,0.08940647992690433,0.9967366718745145,0.9974145115860463,1.0,0.9584580399833117,0.1918709122771855,1.3075809665459839,1.307587056797271,6.742845224859768,0.5753763062475022,1.0,
est-first_order__dir-lifted_interaction__support-unprojected__cal-response_gain__controller-base,first_order,lifted_interaction,unprojected,response_gain,base,0,0.7202504190983096,0.8354653248886267,0.238400672389672,0.0,0.0,0.3484228955894159,0.3491007089614868,1.0,3.3531702825645343e-15,6.712613534418339e-16,3.814683412573602e-05,0.0,0.9804293513298035,4.412471779438228e-06,0.0,0.0
est-first_order__dir-lifted_interaction__support-unprojected__cal-response_gain__controller-base,first_order,lifted_interaction,unprojected,response_gain,base,1,0.38989066170847686,0.6220864580122198,0.2384007151971702,0.018335411730841297,0.02065939790847377,0.5422670841515648,0.5429449238630975,1.0,0.26130445078606873,0.05230977388982504,0.39113134100915115,0.3911386088569627,0.8066887451960593,0.17309606082810663,1.0,0.0
est-first_order__dir-lifted_interaction__support-unprojected__cal-response_gain__controller-base,first_order,lifted_interaction,unprojected,response_gain,base,2,0.22694670777716022,0.4721878002189012,0.23840071519717007,0.031216038471757353,0.03517262493917665,0.6784426266164741,0.679120466328007,1.0,0.44487082746328194,0.08905739004742712,0.6659062129596373,0.665913481578979,1.1640641462582135,0.29469563418993655,1.0,0.0
est-first_order__dir-lifted_interaction__support-unprojected__cal-response_gain__controller-base,first_order,lifted_interaction,unprojected,response_gain,base,3,0.14659652986398275,0.3668839931190947,0.23840071519716996,0.040264678757250864,0.0453681669282454,0.7741059451980733,0.7747837849096062,1.0,0.5738262070790244,0.11487259039814263,0.8589355608000447,0.8589428296661955,1.7560557438962772,0.38011933447662205,1.0,0.0
est-first_order__dir-lifted_interaction__support-unprojected__cal-response_gain__controller-base,first_order,lifted_interaction,unprojected,response_gain,base,4,0.10698795130574437,0.2929080686314808,0.2384007151971704,0.046621348557810034,0.05253053517556616,0.8413094265016459,0.8419872662131793,1.0,0.6644173612590831,0.1330077686445202,0.9945386777152233,0.9945459466974651,2.333497906926003,0.44012948392801854,1.0,0.0
est-first_order__dir-lifted_interaction__support-unprojected__cal-response_gain__controller-base,first_order,lifted_interaction,unprojected,response_gain,base,5,0.08747229757608264,0.24093998167893171,0.23840071519717,0.05108690909270285,0.05756209886930901,0.8885198721174068,0.8891977118289397,1.0,0.7280576470705749,0.14574773136260052,1.089799867365413,1.0898071364119324,2.7781780394744784,0.48228661391762484,1.0,0.0
est-first_order__dir-lifted_interaction__support-unprojected__cal-response_gain__controller-base,first_order,lifted_interaction,unprojected,response_gain,base,6,0.0778632781957264,0.20751112196464858,0.23840071519717007,0.054223965368465105,0.0610967723641634,0.9216852101624783,0.922363049874011,1.0,0.7727649478531475,0.15469755517205191,1.1567208531010018,1.156728122186345,3.1094811997543577,0.5119019977353231,1.0,0.0
est-first_order__dir-lifted_interaction__support-unprojected__cal-response_gain__controller-base,first_order,lifted_interaction,unprojected,response_gain,base,7,0.07313667666506699,0.2167007759513237,0.23840071519716968,0.05642774740218808,0.06357988049429861,0.9449838601391415,0.9456616998506736,1.0,0.8041718266529048,0.1609848063981915,1.2037328455828344,1.2037401146928701,3.35143014730682,0.532706804867256,1.0,0.0
est-first_order__dir-lifted_interaction__support-unprojected__cal-response_gain__controller-base,first_order,lifted_interaction,unprojected,response_gain,base,8,0.07081496475534402,0.22315650787696306,0.23840071519716977,0.057975904280878426,0.06532426395571858,0.9613511617477467,0.9620290014592793,1.0,0.8262351590097344,0.16540160038455456,1.2367587703024447,1.2367660394287034,3.525898399877548,0.5473221818774388,1.0,0.0
est-first_order__dir-lifted_interaction__support-unprojected__cal-response_gain__controller-base,first_order,lifted_interaction,unprojected,response_gain,base,9,0.0696768394967554,0.2276916595547244,0.2384007151971699,0.05906348448815843,0.0665496933373661,0.9728491911277918,0.9735270308393247,1.0,0.8417346499904069,0.16850439815997462,1.2599594824184794,1.2599667515556272,3.6506666357751945,0.5575894842270923,1.0,0.0
est-first_order__dir-lifted_interaction__support-unprojected__cal-response_gain__controller-base,first_order,lifted_interaction,unprojected,response_gain,base,10,0.06912054455924942,0.23087760360835183,0.23840071519716985,0.05982750958377258,0.06741055747797345,0.9809265567672737,0.9816043964788066,1.0,0.8526230424043297,0.17068411359720717,1.2762579826802303,1.2762652518247908,3.739398507767895,0.5648022641277239,1.0,0.0
est-first_order__dir-lifted_interaction__support-unprojected__cal-response_gain__controller-base,first_order,lifted_interaction,unprojected,response_gain,base,11,0.06884978686684741,0.2331157293060254,0.2384007151971701,0.06036423721344159,0.06801531453675017,0.9866009061290099,0.9872787458405428,1.0,0.8602721380751103,0.1722153636918631,1.287707679114223,1.2877149482638781,3.8022647386413153,0.5698692420079178,1.0,0.0
est-first_order__dir-lifted_interaction__support-unprojected__cal-response_gain__controller-base,first_order,lifted_interaction,unprojected,response_gain,base,12,0.06871881983202197,0.23468801260864086,0.23840071519716985,0.06074128837328399,0.06844015637054075,0.9905871365556295,0.9912649762671624,1.0,0.8656456277838336,0.1732910668833589,1.2957510908591563,1.295758360012337,3.8466901669906037,0.5734287939687537,1.0,0.0
est-first_order__dir-lifted_interaction__support-unprojected__cal-response_gain__controller-base,first_order,lifted_interaction,unprojected,response_gain,base,13,0.06865605092076559,0.23579254162872826,0.23840071519716985,0.06100616681307331,0.06873860775877864,0.99338746343033,0.9940653031418624,1.0,0.8694205043042119,0.17404674837538464,1.301401587609998,1.3014088567656292,3.878028040382269,0.5759293792212411,1.0,0.0
est-first_order__dir-lifted_interaction__support-unprojected__cal-response_gain__controller-base,first_order,lifted_interaction,unprojected,response_gain,base,14,0.06862638362838405,0.2365684732653396,0.2384007151971701,0.06119224391702536,0.06894826985901585,0.9953546930598063,0.9960325327713392,1.0,0.8720723550597774,0.17457761462353277,1.3053710615774772,1.3053783307348172,3.900106480259361,0.5776860403611134,1.0,0.0
est-first_order__dir-lifted_interaction__support-unprojected__cal-response_gain__controller-base,first_order,lifted_interaction,unprojected,response_gain,base,15,0.06861266259840772,0.2371135652400592,0.23840071519717,0.06132296308255161,0.0690955574844324,0.996736671874514,0.9974145115860467,1.0,0.8739352802155625,0.1749505481628568,1.3081596170396372,1.3081668861981717,3.9156479343088866,0.5789200948118737,1.0,
est-lifted_interaction__dir-first_order__support-unprojected__cal-response_gain__controller-base,lifted_interaction,first_order,unprojected,response_gain,base,0,0.7202504190983096,0.8354653248886267,0.0029755609212274076,0.0,0.0,0.35043333267231036,0.3491007089614868,1.0,3.3531702825645343e-15,6.712613534418339e-16,3.814683412573602e-05,0.0,0.9804293513298035,4.412471779438228e-06,0.0,0.0
est-lifted_interaction__dir-first_order__support-unprojected__cal-response_gain__controller-base,lifted_interaction,first_order,unprojected,response_gain,base,1,0.35617883714778237,0.5874792692884732,0.00297555996809425,0.02757308709803946,0.028004928470796997,0.543679416202298,0.5423468188309366,1.0,0.3330554117549234,0.06667338895021786,0.45436846601698955,0.4543745552122514,1.5596653608165019,0.18404483822189588,1.0,0.0
est-lifted_interaction__dir-first_order__support-unprojected__cal-response_gain__controller-base,lifted_interaction,first_order,unprojected,response_gain,base,2,0.17629135711169563,0.41326906141672226,0.0029755599680942393,0.046943180784412224,0.047678390721531905,0.6794347898821143,0.6781021925107529,1.0,0.567026838512757,0.11351144468774589,0.7735665903849679,0.773572680248858,3.178576163887536,0.3133359277028627,1.0,0.0
est-lifted_interaction__dir-first_order__support-unprojected__cal-response_gain__controller-base,lifted_interaction,first_order,unprojected,response_gain,base,3,0.08736410585419842,0.2908863903868173,0.002975559968094334,0.06055067159908911,0.061498997952673225,0.7748029398921854,0.7734703425208239,1.0,0.7313917658101353,0.1464151788433594,0.9978032730092923,0.9978093630870741,4.457859947848988,0.404162918063242,1.0,0.0
est-lifted_interaction__dir-first_order__support-unprojected__cal-response_gain__controller-base,lifted_interaction,first_order,unprojected,response_gain,base,4,0.043371413530339076,0.20491256398830915,0.002975559968094139,0.07010993389639958,0.07120797453254994,0.8417990652742601,0.8404664679028988,1.0,0.8468581272365436,0.16953005208767782,1.1553295426025314,1.155335632780921,5.423387573661188,0.46796887879140847,1.0,0.0
est-lifted_interaction__dir-first_order__support-unprojected__cal-response_gain__controller-base,lifted_interaction,first_order,unprojected,response_gain,base,5,0.021585901946030134,0.14451595094335698,0.00297555996809431,0.0768253156602602,0.07802853057991337,0.8888638433551678,0.8875312459838065,1.0,0.9279732461385953,0.18576825054181154,1.2659917470067537,1.2659978372408487,6.13347069435755,0.5127925662029452,1.0,0.0
est-lifted_interaction__dir-first_order__support-unprojected__cal-response_gain__controller-base,lifted_interaction,first_order,unprojected,response_gain,base,6,0.010782038634595805,0.10208733027927823,0.0029755599680941595,0.08154287134937235,0.08281997120318624,0.9219268499570056,0.9205942525856439,1.0,0.9849566171672867,0.19717558495584048,1.343731945606207,1.3437380358739475,6.647578054751883,0.5442812066095498,1.0,0.0
est-lifted_interaction__dir-first_order__support-unprojected__cal-response_gain__controller-base,lifted_interaction,first_order,unprojected,response_gain,base,7,0.0054133290937030685,0.07228122426276275,0.002975559968094042,0.08485695422097349,0.08618595824103527,0.9451536120947962,0.9438210147234349,1.0,1.0249874353149422,0.2051892373816958,1.3983444351245597,1.3983505254136996,7.016129027917105,0.5664019764951896,1.0,0.0
est-lifted_interaction__dir-first_order__support-unprojected__cal-response_gain__controller-base,lifted_interaction,first_order,unprojected,response_gain,base,8,0.0027378902113685843,0.05134243478616078,0.0029755599680943044,0.08718509743827343,0.08855056413512438,0.9614704124965945,0.9601378151252329,1.0,1.0531090850636704,0.21081882821085915,1.4367097090121757,1.4367157993153754,7.278631982977693,0.5819418173398515,1.0,0.0
est-lifted_interaction__dir-first_order__support-unprojected__cal-response_gain__controller-base,lifted_interaction,first_order,unprojected,response_gain,base,9,0.0013993165148913176,0.036632935178847935,0.0029755599680943347,0.08882061804842656,0.09021169977572188,0.9729329647788575,0.9716003674074961,1.0,1.0728645440121516,0.2147736157683464,1.4636613139186665,1.4636674042313025,7.46479702510118,0.5928585555332266,1.0,0.0
est-lifted_interaction__dir-first_order__support-unprojected__cal-response_gain__controller-base,lifted_interaction,first_order,unprojected,response_gain,base,10,0.0007259169392912546,0.026299511704710416,0.0029755599680939848,0.0899695712770592,0.09137864756324168,0.9809854077571472,0.979652810385786,1.0,1.0867427539234598,0.2175518540274812,1.4825948163656815,1.4826009066847416,7.596438705225131,0.6005275641140727,1.0,0.0
est-lifted_interaction__dir-first_order__support-unprojected__cal-response_gain__controller-base,lifted_interaction,first_order,unprojected,response_gain,base,11,0.00038459446404749437,0.019040281714129102,0.0029755599680943282,0.09077671092017357,0.09219842838397431,0.9866422489493961,0.9853096515780345,1.0,1.0964921963861538,0.2195035664045234,1.4958956018348066,1.4959016921582822,7.6893396086065815,0.605915042642117,1.0,0.0
est-lifted_interaction__dir-first_order__support-unprojected__cal-response_gain__controller-base,lifted_interaction,first_order,unprojected,response_gain,base,12,0.00020983029715292189,0.013940672645745616,0.0029755599680942784,0.09134372651946135,0.09277432441053887,0.9906161798869507,0.9892835825155891,1.0,1.1033411797161967,0.22087464434939552,1.5052394036269139,1.5052454939534445,7.754810312148056,0.609699746308068,1.0,0.0
est-lifted_interaction__dir-first_order__support-unprojected__cal-response_gain__controller-base,lifted_interaction,first_order,unprojected,response_gain,base,13,0.00011914371556675263,0.010358197275206111,0.0029755599680940594,0.09174205497796108,0.09317889136920057,0.9934078663705829,0.9920752689992214,1.0,1.1081525905055514,0.2218378266056682,1.511803424385892,1.5118095147145465,7.800905781790335,0.6123585006333988,1.0,0.0
est-lifted_interaction__dir-first_order__support-unprojected__cal-response_gain__controller-base,lifted_interaction,first_order,unprojected,response_gain,base,14,7.127066126712126e-05,0.007841508327402233,0.0029755599680941548,0.09202188072005714,0.09346309965766043,0.9953690261253344,0.9940364287539729,1.0,1.1115326065850732,0.22251446214069975,1.5164146489690848,1.5164207392992202,7.833338245097901,0.6142262755469433,1.0,0.0
est-lifted_interaction__dir-first_order__support-unprojected__cal-response_gain__controller-base,lifted_interaction,first_order,unprojected,response_gain,base,15,4.545415146791515e-05,0.00607353434156993,0.002975559968094088,0.09221845830387966,0.09366275598030349,0.9967467408530474,0.995414143481686,1.0,1.1139070678809375,0.22298979860405946,1.5196540342387832,1.5196601245699533,7.85614689004469,0.6155383874237085,1.0,
est-lifted_interaction__dir-lifted_interaction__support-unprojected__cal-response_gain__controller-base,lifted_interaction,lifted_interaction,unprojected,response_gain,base,0,0.7202504190983096,0.8354653248886267,0.0029755609212274076,0.0,0.0,0.35043333267231036,0.3491007089614868,1.0,3.3531702825645343e-15,6.712613534418339e-16,3.814683412573602e-05,0.0,0.9804293513298035,4.412471779438228e-06,0.0,0.0
est-lifted_interaction__dir-lifted_interaction__support-unprojected__cal-response_gain__controller-base,lifted_interaction,lifted_interaction,unprojected,response_gain,base,1,0.35617883714778237,0.5874792692884732,0.0029755599680941678,0.02130916938194477,0.02164290716493231,0.543679416202298,0.5423468188309366,1.0,0.3036845249943508,0.06079371701670359,0.45456877251386246,0.4545760406313396,0.9359194640610806,0.18444790025958185,1.0,0.0
est-lifted_interaction__dir-lifted_interaction__support-unprojected__cal-response_gain__controller-base,lifted_interaction,lifted_interaction,unprojected,response_gain,base,2,0.17629135711169563,0.41326906141672226,0.0029755599680942857,0.036278860872760985,0.03684704944829726,0.6794347898821145,0.6781021925107529,1.0,0.5170229038028822,0.10350130322093787,0.7739084403971219,0.7739157091748556,1.8402477858839041,0.3140221408220232,1.0,0.0
est-lifted_interaction__dir-lifted_interaction__support-unprojected__cal-response_gain__controller-base,lifted_interaction,lifted_interaction,unprojected,response_gain,base,3,0.08736410585419845,0.2908863903868173,0.0029755599680942155,0.04679506914505929,0.04752795940236105,0.7748029398921852,0.7734703425208239,1.0,0.6668931149158753,0.1335033825294124,0.9982445573377285,0.9982518263266756,2.756694343881503,0.40504804481713813,1.0,0.0
est-lifted_interaction__dir-lifted_interaction__support-unprojected__cal-response_gain__controller-base,lifted_interaction,lifted_interaction,unprojected,response_gain,base,4,0.04337141353033905,0.20491256398830907,0.002975559968094121,0.054182705456349,0.055031298645091015,0.8417990652742601,0.8404664679028988,1.0,0.7721769382227534,0.1545798432436158,1.1558406795375342,1.1558479486258293,3.475889639179427,0.4689937423737064,1.0,0.0
est-lifted_interaction__dir-lifted_interaction__support-unprojected__cal-response_gain__controller-base,lifted_interaction,lifted_interaction,unprojected,response_gain,base,5,0.021585901946030144,0.14451595094335704,0.0029755599680942857,0.05937251996502996,0.06030239446310876,0.8888638433551678,0.8875312459838065,1.0,0.846138824095835,0.1693860568953437,1.2665519553976827,1.266559224540985,4.017435077190575,0.5139155949071957,1.0,0.0
est-lifted_interaction__dir-lifted_interaction__support-unprojected__cal-response_gain__controller-base,lifted_interaction,lifted_interaction,unprojected,response_gain,base,6,0.010782038634595826,0.10208733027927834,0.002975559968094348,0.06301836465737833,0.06400533927526622,0.9219268499570056,0.9205942525856439,1.0,0.8980970489216747,0.1797874219856825,1.3443266266948546,1.3443338958713815,4.415453901487464,0.5454731963119718,1.0,0.0
est-lifted_interaction__dir-lifted_interaction__support-unprojected__cal-response_gain__controller-base,lifted_interaction,lifted_interaction,unprojected,response_gain,base,7,0.005413329093703076,0.0722812242627628,0.002975559968094265,0.0655795705537531,0.06660665800580688,0.9451536120947964,0.9438210147234349,1.0,0.9345977018618274,0.18709438096164555,1.3989633332833273,1.3989706024809854,4.703617141946545,0.567642411298827,1.0,0.0
est-lifted_interaction__dir-lifted_interaction__support-unprojected__cal-response_gain__controller-base,lifted_interaction,lifted_interaction,unprojected,response_gain,base,8,0.002737890211368584,0.05134243478616075,0.002975559968094237,0.06737881769595634,0.06843408441401165,0.9614704124965944,0.9601378151252329,1.0,0.9602394105522845,0.19222751964225962,1.43734561966269,1.4373528888742317,4.910230048823524,0.5832162848270928,1.0,0.0
est-lifted_interaction__dir-lifted_interaction__support-unprojected__cal-response_gain__controller-base,lifted_interaction,lifted_interaction,unprojected,response_gain,base,9,0.001399316514891313,0.03663293517884789,0.0029755599680942654,0.06864278881335406,0.06971785146577543,0.9729329647788575,0.9716003674074961,1.0,0.9782527109073306,0.19583354956539098,1.4643091758446274,1.464316445065487,5.057422142761957,0.5941569309806998,1.0,0.0
est-lifted_interaction__dir-lifted_interaction__support-unprojected__cal-response_gain__controller-base,lifted_interaction,lifted_interaction,unprojected,response_gain,base,10,0.0007259169392912615,0.026299511704710548,0.002975559968094111,0.06953072852332602,0.07061969781963957,0.9809854077571472,0.9796528103857862,1.0,0.9909070544067505,0.1983667855863907,1.483251074062641,1.4832583432898445,5.161829134807394,0.6018427349036084,1.0,0.0
est-lifted_interaction__dir-lifted_interaction__support-unprojected__cal-response_gain__controller-base,lifted_interaction,lifted_interaction,unprojected,response_gain,base,11,0.0003845944640474911,0.019040281714129057,0.0029755599680940884,0.07015450616958135,0.07125324488322916,0.986642248949396,0.9853096515780347,1.0,0.9997967307150931,0.20014638389114306,1.4965577575608917,1.4965650267924553,5.235668898394257,0.6072420121594518,1.0,0.0
est-lifted_interaction__dir-lifted_interaction__support-unprojected__cal-response_gain__controller-base,lifted_interaction,lifted_interaction,unprojected,response_gain,base,12,0.0002098302971529187,0.013940672645745522,0.0029755599680941873,0.0705927099660756,0.07169831169540071,0.9906161798869507,0.9892835825155892,1.0,1.0060417283217036,0.2013965517002316,1.505905702718459,1.5059129719530393,5.287784389271165,0.6110350044316818,1.0,0.0
est-lifted_interaction__dir-lifted_interaction__support-unprojected__cal-response_gain__controller-base,lifted_interaction,lifted_interaction,unprojected,response_gain,base,13,0.00011914371556675512,0.010358197275206208,0.0029755599680941383,0.07090054813311297,0.07201097113095141,0.9934078663705829,0.9920752689992213,1.0,1.0104288391403473,0.20227479458611627,1.512472634191672,1.5124799034283496,5.324515241324724,0.6136995815029233,1.0,0.0
est-lifted_interaction__dir-lifted_interaction__support-unprojected__cal-response_gain__controller-base,lifted_interaction,lifted_interaction,unprojected,response_gain,base,14,7.12706612671209e-05,0.007841508327402215,0.002975559968094231,0.07111680444545664,0.07223061438442566,0.9953690261253344,0.9940364287539731,1.0,1.013510784490445,0.20289176021345023,1.517085903551615,1.517093172789755,5.350377667212535,0.6155714468954706,1.0,0.0
est-lifted_interaction__dir-lifted_interaction__support-unprojected__cal-response_gain__controller-base,lifted_interaction,lifted_interaction,unprojected,response_gain,base,15,4.5454151467916675e-05,0.006073534341570034,0.0029755599680943387,0.07126872450487808,0.07238491376999134,0.9967467408530474,0.9954141434816861,1.0,1.0156758510988881,0.2033251785666524,1.5203267252769805,1.520333994516143,5.3685751115865346,0.616886432333735,1.0,
est-first_order__dir-first_order__support-projected__cal-response_gain__controller-base,first_order,first_order,projected,response_gain,base,0,0.7202504190983096,0.8354653248886267,0.238400672389672,0.0,0.0,0.3484228955894159,0.3491007089614868,1.0,3.3531702825645343e-15,6.712613534418339e-16,3.814683412573602e-05,0.0,0.9804293513298035,4.412471779438228e-06,0.0,0.0
est-first_order__dir-first_order__support-projected__cal-response_gain__controller-base,first_order,first_order,projected,response_gain,base,1,0.3898906617084768,0.6220864580122198,0.23840071519716996,0.05714838789359461,0.06439186109661492,0.5422670841515648,0.5429449238630976,1.0,3.4597353625141196e-15,6.92594305176658e-16,0.6406009624871298,0.6406042363132542,1.0682124504876478,0.5308372838835878,1.0,0.0
est-first_order__dir-first_order__support-projected__cal-response_gain__controller-base,first_order,first_order,projected,response_gain,base,2,0.22694670777716017,0.4721878002189011,0.23840071519717015,0.09729513038884482,0.10962714351698688,0.6784426266164741,0.679120466328007,1.0,3.2379978396502287e-15,6.482053188849693e-16,1.0906254380144222,1.0906287123233154,2.0286224883130544,0.903750066441893,1.0,0.0
est-first_order__dir-first_order__support-projected__cal-response_gain__controller-base,first_order,first_order,projected,response_gain,base,3,0.14659652986398278,0.36688399311909475,0.23840071519717007,0.12549821699175814,0.1414049294172982,0.7741059451980733,0.7747837849096059,1.0,3.5618924389559666e-15,7.130448315792624e-16,1.406767632257054,1.4067709067203837,3.0153307110246454,1.1657212961891028,1.0,0.0
est-first_order__dir-first_order__support-projected__cal-response_gain__controller-base,first_order,first_order,projected,response_gain,base,4,0.10698795130574429,0.2929080686314807,0.2384007151971701,0.14531088533030473,0.16372882401226688,0.8413094265016464,0.8419872662131793,1.0,3.2801040249345946e-15,6.566344329890818e-16,1.628857523748352,1.6288607982843235,3.851177744840092,1.3497560850865171,1.0,0.0
est-first_order__dir-first_order__support-projected__cal-response_gain__controller-base,first_order,first_order,projected,response_gain,base,5,0.08747229757608273,0.24093998167893188,0.2384007151971703,0.1592292848381337,0.1794113599652324,0.8885198721174067,0.8891977118289394,1.0,3.840709605382615e-15,7.688604248020521e-16,1.784875672531799,1.7848789471079918,4.5041271969627035,1.479040524286951,1.0,0.0
est-first_order__dir-first_order__support-projected__cal-response_gain__controller-base,first_order,first_order,projected,response_gain,base,6,0.07786327819572646,0.20751112196464874,0.2384007151971702,0.16900696049238356,0.1904283414721907,0.921685210162478,0.922363049874011,1.0,3.585359405745388e-15,7.17742615038143e-16,1.8944784220561317,1.8944816966566183,4.993554364784532,1.569862842825256,1.0,0.0
est-first_order__dir-first_order__support-projected__cal-response_gain__controller-base,first_order,first_order,projected,response_gain,base,7,0.07313667666506699,0.21670077595132375,0.23840071519716988,0.1758757776394941,0.19816777098082894,0.9449838601391412,0.9456616998506736,1.0,3.624384994318316e-15,7.255550334949512e-16,1.9714743535985915,1.9714776282145285,5.351926626806044,1.633665521598415,1.0,0.0
est-first_order__dir-first_order__support-projected__cal-response_gain__controller-base,first_order,first_order,projected,response_gain,base,8,0.07081496475534405,0.22315650787696306,0.23840071519717004,0.18070112168533925,0.2036047202106472,0.9613511617477464,0.9620290014592793,1.0,3.565466519089837e-15,7.137603162298471e-16,2.0255639955078713,2.0255672701339607,5.610647419806223,1.678486903436559,1.0,0.0
est-first_order__dir-first_order__support-projected__cal-response_gain__controller-base,first_order,first_order,projected,response_gain,base,9,0.06967683949675552,0.22769165955472462,0.23840071519717018,0.1840909258775454,0.2074241770445945,0.9728491911277918,0.9735270308393247,1.0,3.911441219699543e-15,7.830199798369951e-16,2.063561968949459,2.0635652435823615,5.800044358047279,1.7099739241778553,1.0,0.0
est-first_order__dir-first_order__support-projected__cal-response_gain__controller-base,first_order,first_order,projected,response_gain,base,10,0.06912054455924954,0.23087760360835213,0.23840071519717027,0.18647226332257025,0.2101073454704426,0.9809265567672737,0.9816043964788066,1.0,3.806313446651651e-15,7.619747583678117e-16,2.0902555452923224,2.0902588199298626,5.955735467320652,1.7320935562486162,1.0,0.0
est-first_order__dir-first_order__support-projected__cal-response_gain__controller-base,first_order,first_order,projected,response_gain,base,11,0.06884978686684752,0.23311572930602562,0.23840071519717015,0.18814515287770026,0.2119922712896008,0.98660090612901,0.9872787458405428,1.0,3.563146766102421e-15,7.132959316627762e-16,2.1090077826732547,2.1090110573139835,6.066170205223085,1.747632597778326,1.0,0.0
est-first_order__dir-first_order__support-projected__cal-response_gain__controller-base,first_order,first_order,projected,response_gain,base,12,0.06871881983202208,0.234688012608641,0.23840071519717027,0.18932035779017914,0.2133164316775596,0.9905871365556294,0.9912649762671621,1.0,3.738362673634418e-15,7.483718918208493e-16,2.122181229433392,2.122184504076327,6.144271290349885,1.7585487744529462,1.0,0.0
est-first_order__dir-first_order__support-projected__cal-response_gain__controller-base,first_order,first_order,projected,response_gain,base,13,0.06865605092076567,0.2357925416287284,0.23840071519716996,0.1901459392411954,0.21424665435010043,0.9933874634303299,0.9940653031418624,1.0,3.633280620216335e-15,7.273358228306629e-16,2.1314355757824064,2.1314388504268744,6.203109753677856,1.7662173885668677,1.0,0.0
est-first_order__dir-first_order__support-projected__cal-response_gain__controller-base,first_order,first_order,projected,response_gain,base,14,0.06862638362838414,0.2365684732653399,0.2384007151971702,0.19072591021053437,0.21490013577756048,0.9953546930598063,0.9960325327713393,1.0,3.886832142208974e-15,7.780935605766402e-16,2.1379367540925958,2.1379400287381336,6.246405657441982,1.771604589981897,1.0,0.0
est-first_order__dir-first_order__support-projected__cal-response_gain__controller-base,first_order,first_order,projected,response_gain,base,15,0.0686126625984078,0.23711356524005933,0.23840071519717015,0.19113333981649505,0.21535920648035117,0.996736671874514,0.9974145115860468,1.0,4.1017064918008014e-15,8.211086282804583e-16,2.142503831855508,2.1425071065017924,6.276893443861819,1.7753890989759549,1.0,
est-first_order__dir-lifted_interaction__support-projected__cal-response_gain__controller-base,first_order,lifted_interaction,projected,response_gain,base,0,0.7202504190983096,0.8354653248886267,0.238400672389672,0.0,0.0,0.3484228955894159,0.3491007089614868,1.0,3.3531702825645343e-15,6.712613534418339e-16,3.814683412573602e-05,0.0,0.9804293513298035,4.412471779438228e-06,0.0,0.0
est-first_order__dir-lifted_interaction__support-projected__cal-response_gain__controller-base,first_order,lifted_interaction,projected,response_gain,base,1,0.38989066170847686,0.6220864580122201,0.23840071519717007,0.0392851423100737,0.04426447569266512,0.5422670841515648,0.5429449238630976,1.0,3.114500590564959e-15,6.234827657243467e-16,0.6235921351079574,0.6235971720207053,2.071512348461458,0.46531337146840407,1.0,0.0
est-first_order__dir-lifted_interaction__support-projected__cal-response_gain__controller-base,first_order,lifted_interaction,projected,response_gain,base,2,0.22694670777716044,0.47218780021890144,0.23840071519717027,0.06688295478290053,0.07536026986676239,0.6784426266164739,0.6791204663280069,1.0,3.605769753047296e-15,7.218285027800619e-16,1.0616691479596736,1.0616741853652507,2.61079274126562,0.7921956055550429,1.0,0.0
est-first_order__dir-lifted_interaction__support-projected__cal-response_gain__controller-base,first_order,lifted_interaction,projected,response_gain,base,3,0.1465965298639828,0.36688399311909486,0.23840071519717,0.0862704180450614,0.09720506527406575,0.7741059451980733,0.7747837849096059,1.0,3.573023972565866e-15,7.152732207415182e-16,1.369418249676562,1.3694232872397936,2.5230135111082928,1.021830375000907,1.0,0.0
est-first_order__dir-lifted_interaction__support-projected__cal-response_gain__controller-base,first_order,lifted_interaction,projected,response_gain,base,4,0.10698795130574441,0.2929080686314808,0.23840071519717015,0.09989011098672938,0.11255103404769634,0.8413094265016464,0.8419872662131793,1.0,3.2583363318421814e-15,6.522768221625466e-16,1.5856119936692727,1.5856170313066602,2.23325815235264,1.1831488005366264,1.0,0.0
est-first_order__dir-lifted_interaction__support-projected__cal-response_gain__controller-base,first_order,lifted_interaction,projected,response_gain,base,5,0.08747229757608269,0.24093998167893194,0.23840071519716996,0.10945794527825119,0.12333157711117188,0.8885198721174067,0.889197711828939,1.0,3.4263676256926504e-15,6.859145155171422e-16,1.737488098835188,1.7374931365136344,1.9193145755185566,1.2964749944754688,1.0,0.0
est-first_order__dir-lifted_interaction__support-projected__cal-response_gain__controller-base,first_order,lifted_interaction,projected,response_gain,base,6,0.07786327819572644,0.20751112196464852,0.23840071519717032,0.11617934886804519,0.13090490861326337,0.9216852101624777,0.922363049874011,1.0,3.6151619087021225e-15,7.237086909558241e-16,1.844181062718287,1.8441861004215334,1.6453542900616631,1.376086645717506,1.0,0.0
est-first_order__dir-lifted_interaction__support-projected__cal-response_gain__controller-base,first_order,lifted_interaction,projected,response_gain,base,7,0.07313667666506699,0.21670077595132375,0.2384007151971701,0.12090113488987553,0.13622517399348272,0.9449838601391407,0.9456616998506735,1.0,3.264712113436217e-15,6.535531712356359e-16,1.9191328698478136,1.9191379075668324,1.4930591222686116,1.4320138307150374,1.0,0.0
est-first_order__dir-lifted_interaction__support-projected__cal-response_gain__controller-base,first_order,lifted_interaction,projected,response_gain,base,8,0.07081496475534405,0.22315650787696314,0.23840071519717046,0.12421818957021132,0.13996266042308675,0.9613511617477462,0.9620290014592794,1.0,3.6429342028875396e-15,7.292683453163626e-16,1.9717865143570235,1.9717915520864053,1.6613809385257368,1.4713026781758025,1.0,0.0
est-first_order__dir-lifted_interaction__support-projected__cal-response_gain__controller-base,first_order,lifted_interaction,projected,response_gain,base,9,0.06967683949675554,0.2276916595547248,0.2384007151971705,0.12654842048314724,0.14258824463988362,0.9728491911277917,0.9735270308393248,1.0,3.317341371365003e-15,6.640888684806016e-16,2.0087756996250676,2.008780737361405,1.7838819127705505,1.4989030935169914,1.0,0.0
est-first_order__dir-lifted_interaction__support-projected__cal-response_gain__controller-base,first_order,lifted_interaction,projected,response_gain,base,10,0.0691205445592496,0.23087760360835236,0.23840071519717018,0.12818540769948478,0.14443271755218345,0.9809265567672737,0.9816043964788068,1.0,3.2540635330919577e-15,6.5142146307536465e-16,2.03476060227602,2.034765640017093,1.8720175771028182,1.5182923852941752,1.0,0.0
est-first_order__dir-lifted_interaction__support-projected__cal-response_gain__controller-base,first_order,lifted_interaction,projected,response_gain,base,11,0.06884978686684752,0.23311572930602567,0.2384007151971701,0.1293353912189618,0.14572845977307405,0.9866009061290101,0.9872787458405428,1.0,3.257630512539621e-15,6.521355262603416e-16,2.053014996388386,2.053020034132713,1.9349512816721335,1.5319133627676473,1.0,0.0
est-first_order__dir-lifted_interaction__support-projected__cal-response_gain__controller-base,first_order,lifted_interaction,projected,response_gain,base,12,0.06871881983202212,0.23468801260864117,0.23840071519717018,0.13014325464139442,0.1466387186832497,0.9905871365556295,0.9912649762671625,1.0,3.1715942635794524e-15,6.349121811703655e-16,2.065838708252357,2.065843745998936,1.9796621717727516,1.5414820994427616,1.0,0.0
est-first_order__dir-lifted_interaction__support-projected__cal-response_gain__controller-base,first_order,lifted_interaction,projected,response_gain,base,13,0.0686560509207657,0.23579254162872848,0.2384007151971702,0.1307107786956533,0.147278175567648,0.9933874634303296,0.9940653031418626,1.0,3.6171352589385706e-15,7.241037301691385e-16,2.0748473658368134,2.074852403584958,2.011317388454614,1.5482041369570287,1.0,0.0
est-first_order__dir-lifted_interaction__support-projected__cal-response_gain__controller-base,first_order,lifted_interaction,projected,response_gain,base,14,0.06862638362838412,0.2365684732653398,0.23840071519716988,0.13110946434377022,0.14772739402893792,0.9953546930598067,0.9960325327713393,1.0,3.6372622494580556e-15,7.281328935453829e-16,2.081175947789902,2.0811809855391386,2.0336761697139765,1.5529263683108019,1.0,0.0
est-first_order__dir-lifted_interaction__support-projected__cal-response_gain__controller-base,first_order,lifted_interaction,projected,response_gain,base,15,0.06861266259840779,0.2371135652400593,0.2384007151971701,0.13138954101157235,0.14804296999799404,0.9967366718745143,0.997414511586047,1.0,3.2688950856133212e-15,6.54390548203818e-16,2.085621776611951,2.08562681436195,2.0494428120739103,1.5562437358368273,1.0,
est-lifted_interaction__dir-first_order__support-projected__cal-response_gain__controller-base,lifted_interaction,first_order,projected,response_gain,base,0,0.7202504190983096,0.8354653248886267,0.0029755609212274076,0.0,0.0,0.35043333267231036,0.3491007089614868,1.0,3.3531702825645343e-15,6.712613534418339e-16,3.814683412573602e-05,0.0,0.9804293513298035,4.412471779438228e-06,0.0,0.0
est-lifted_interaction__dir-first_order__support-projected__cal-response_gain__controller-base,lifted_interaction,first_order,projected,response_gain,base,1,0.35617883714778226,0.587479269288473,0.002975559968094088,0.06641708925910288,0.06745729367648383,0.543679416202298,0.5423468188309365,1.0,3.375673407781146e-15,6.757661882747435e-16,0.7444983700845933,0.7445016440742972,1.2898296695656284,0.5619491927478325,1.0,0.0
est-lifted_interaction__dir-first_order__support-projected__cal-response_gain__controller-base,lifted_interaction,first_order,projected,response_gain,base,2,0.1762913571116956,0.41326906141672226,0.002975559968094137,0.1130750944636227,0.11484604248421378,0.6794347898821143,0.6781021925107529,1.0,3.3090078250620286e-15,6.624206002153748e-16,1.2675107746315168,1.2675140490364907,1.933152226533092,0.9567180912832699,1.0,0.0
est-lifted_interaction__dir-first_order__support-projected__cal-response_gain__controller-base,lifted_interaction,first_order,projected,response_gain,base,3,0.0873641058541984,0.2908863903868173,0.0029755599680941873,0.14585234311979786,0.14813663852164402,0.7748029398921852,0.7734703425208239,1.0,3.282655881138977e-15,6.571452816204354e-16,1.6349269889846134,1.634930263522432,2.7347542044583704,1.2340432425044146,1.0,0.0
est-lifted_interaction__dir-first_order__support-projected__cal-response_gain__controller-base,lifted_interaction,first_order,projected,response_gain,base,4,0.043371413530339034,0.20491256398830898,0.0029755599680941587,0.16887836030076098,0.17152328223793883,0.8417990652742603,0.8404664679028988,1.0,3.627372391537877e-15,7.261530718085131e-16,1.8930368795985009,1.8930401541988058,3.8273909804400854,1.428864161237269,1.0,0.0
est-lifted_interaction__dir-first_order__support-projected__cal-response_gain__controller-base,lifted_interaction,first_order,projected,response_gain,base,5,0.021585901946030116,0.1445159509433569,0.002975559968094166,0.18505413737038748,0.18795239944863593,0.8888638433551678,0.8875312459838065,1.0,3.5061980929454157e-15,7.018955433142157e-16,2.074359077764056,2.0743623523989574,4.686239196305182,1.565725856647099,1.0,0.0
est-lifted_interaction__dir-first_order__support-projected__cal-response_gain__controller-base,lifted_interaction,first_order,projected,response_gain,base,6,0.010782038634595788,0.10208733027927815,0.0029755599680941942,0.19641762076180014,0.19949385428915062,0.9219268499570056,0.9205942525856441,1.0,3.4060910132550802e-15,6.81855399766644e-16,2.2017379219787667,2.201741196634565,5.3331083257725345,1.6618711976725051,1.0,0.0
est-lifted_interaction__dir-first_order__support-projected__cal-response_gain__controller-base,lifted_interaction,first_order,projected,response_gain,base,7,0.005413329093703072,0.07228122426276276,0.0029755599680941908,0.2044004678442675,0.20760172631461216,0.9451536120947964,0.9438210147234349,1.0,3.62055437063726e-15,7.247881921418466e-16,2.2912215600409898,2.2912248347100794,5.808467511017622,1.7301731856087106,1.0,0.0
est-lifted_interaction__dir-first_order__support-projected__cal-response_gain__controller-base,lifted_interaction,first_order,projected,response_gain,base,8,0.002737890211368581,0.051342434786160726,0.002975559968094262,0.21000841791970085,0.21329750641249887,0.9614704124965945,0.9601378151252329,1.0,3.4486109990019076e-15,6.903673513752915e-16,2.3540838157803066,2.3540870904581275,6.152543931146531,1.7837331818881523,1.0,0.0
est-lifted_interaction__dir-first_order__support-projected__cal-response_gain__controller-base,lifted_interaction,first_order,projected,response_gain,base,9,0.0013993165148912983,0.0366329351788477,0.0029755599680940446,0.2139480028476928,0.2172987919312644,0.9729329647788575,0.9716003674074962,1.0,3.5260104043819332e-15,7.058617120050335e-16,2.39824455043745,2.398247825121132,6.399191873676284,1.8213590792744598,1.0,0.0
est-lifted_interaction__dir-first_order__support-projected__cal-response_gain__controller-base,lifted_interaction,first_order,projected,response_gain,base,10,0.0007259169392912588,0.026299511704710496,0.002975559968094191,0.21671556125960714,0.2201096950081972,0.9809854077571472,0.9796528103857862,1.0,4.2532920240375145e-15,8.514540927087055e-16,2.42926746653422,2.429270741221892,6.574873314941925,1.8477912721883416,1.0,0.0
est-lifted_interaction__dir-first_order__support-projected__cal-response_gain__controller-base,lifted_interaction,first_order,projected,response_gain,base,11,0.0003845944640474866,0.01904028171412894,0.0029755599680940967,0.21865977104397694,0.22208435441974236,0.986642248949396,0.9853096515780349,1.0,3.549248997807728e-15,7.105137780680647e-16,2.451061065092262,2.4510643397826763,6.699471202861305,1.8663598877103436,1.0,0.0
est-lifted_interaction__dir-first_order__support-projected__cal-response_gain__controller-base,lifted_interaction,first_order,projected,response_gain,base,12,0.00020983029715291397,0.01394067264574533,0.0029755599680941496,0.22002557841749668,0.22347155265635285,0.9906161798869507,0.9892835825155896,1.0,3.342906101682137e-15,6.692065970857621e-16,2.466371068079315,2.466374342771627,6.787581498614009,1.87940434011455,1.0,0.0
est-lifted_interaction__dir-first_order__support-projected__cal-response_gain__controller-base,lifted_interaction,first_order,projected,response_gain,base,13,0.00011914371556675398,0.010358197275206137,0.002975559968094262,0.22098505809739427,0.22444605941757173,0.9934078663705829,0.9920752689992214,1.0,3.514012734435202e-15,7.034599335422851e-16,2.4771263451777346,2.477129619871365,6.849764351006704,1.8885680679285044,1.0,0.0
est-lifted_interaction__dir-first_order__support-projected__cal-response_gain__controller-base,lifted_interaction,first_order,projected,response_gain,base,14,7.127066126712029e-05,0.007841508327402193,0.002975559968094241,0.22165909257252248,0.22513065041732805,0.9953690261253344,0.9940364287539731,1.0,3.5535326142303805e-15,7.113713027134568e-16,2.48468192733938,2.4846852020339307,6.893588288731199,1.8950055867178084,1.0,0.0
est-lifted_interaction__dir-first_order__support-projected__cal-response_gain__controller-base,lifted_interaction,first_order,projected,response_gain,base,15,4.54541514679146e-05,0.006073534341569908,0.002975559968094166,0.2221326017912999,0.22561157559465678,0.9967467408530474,0.9954141434816861,1.0,3.4891121747049735e-15,6.984751633047328e-16,2.48998972380794,2.489992998503134,6.924443814007344,1.899527943667293,1.0,
est-lifted_interaction__dir-lifted_interaction__support-projected__cal-response_gain__controller-base,lifted_interaction,lifted_interaction,projected,response_gain,base,0,0.7202504190983096,0.8354653248886267,0.0029755609212274076,0.0,0.0,0.35043333267231036,0.3491007089614868,1.0,3.3531702825645343e-15,6.712613534418339e-16,3.814683412573602e-05,0.0,0.9804293513298035,4.412471779438228e-06,0.0,0.0
est-lifted_interaction__dir-lifted_interaction__support-projected__cal-response_gain__controller-base,lifted_interaction,lifted_interaction,projected,response_gain,base,1,0.35617883714778237,0.5874792692884732,0.002975559968094263,0.045656665035291005,0.046371725950823124,0.543679416202298,0.5423468188309366,1.0,3.4160653335307083e-15,6.838521297754646e-16,0.7247312251713887,0.7247362622536115,2.5435893805515475,0.4914090767003328,1.0,0.0
est-lifted_interaction__dir-lifted_interaction__support-projected__cal-response_gain__controller-base,lifted_interaction,lifted_interaction,projected,response_gain,base,2,0.17629135711169575,0.4132690614167224,0.002975559968094231,0.07773047222258295,0.0789478634312764,0.6794347898821143,0.6781021925107528,1.0,3.457912961037765e-15,6.922294839542187e-16,1.2338584489816526,1.233863486486774,3.3453521043650203,0.8366235437124018,1.0,0.0
est-lifted_interaction__dir-lifted_interaction__support-projected__cal-response_gain__controller-base,lifted_interaction,lifted_interaction,projected,response_gain,base,3,0.08736410585419847,0.2908863903868174,0.0029755599680943118,0.10026232177165546,0.10183260001129471,0.7748029398921851,0.7734703425208237,1.0,3.1301259571523302e-15,6.266107621693831e-16,1.591520323870165,1.5915253615105702,3.404204706276893,1.0791367067883804,1.0,0.0
est-lifted_interaction__dir-lifted_interaction__support-projected__cal-response_gain__controller-base,lifted_interaction,lifted_interaction,projected,response_gain,base,4,0.04337141353033911,0.20491256398830918,0.002975559968094309,0.11609094607987892,0.11790912745875759,0.8417990652742601,0.8404664679028985,1.0,3.6556137077216336e-15,7.318066183113735e-16,1.8427777910107486,1.8427828287147872,3.195815295557623,1.2495022038492551,1.0,0.0
est-lifted_interaction__dir-lifted_interaction__support-projected__cal-response_gain__controller-base,lifted_interaction,lifted_interaction,projected,response_gain,base,5,0.021585901946030182,0.14451595094335715,0.002975559968094281,0.127210554656406,0.12920288799060037,0.8888638433551678,0.8875312459838062,1.0,3.4005240780882022e-15,6.807409712945587e-16,2.019286161686478,2.0192911994257496,2.926945908670002,1.369183965534519,1.0,0.0
est-lifted_interaction__dir-lifted_interaction__support-projected__cal-response_gain__controller-base,lifted_interaction,lifted_interaction,projected,response_gain,base,6,0.010782038634595814,0.10208733027927826,0.002975559968094288,0.13502207968141616,0.13713675476421985,0.9219268499570056,0.9205942525856439,1.0,3.314381422165513e-15,6.6349632490591355e-16,2.1432832920896487,2.143288329850201,2.822421425493434,1.4532604031184178,1.0,0.0
est-lifted_interaction__dir-lifted_interaction__support-projected__cal-response_gain__controller-base,lifted_interaction,lifted_interaction,projected,response_gain,base,7,0.005413329093703091,0.07228122426276291,0.0029755599680942133,0.14050967601148587,0.1427102961726876,0.9451536120947964,0.9438210147234348,1.0,3.608030967854867e-15,7.222811687600882e-16,2.230391276199291,2.2303963139733782,2.7284701541086553,1.5123241005211066,1.0,0.0
est-lifted_interaction__dir-lifted_interaction__support-projected__cal-response_gain__controller-base,lifted_interaction,lifted_interaction,projected,response_gain,base,8,0.002737890211368601,0.05134243478616092,0.002975559968094308,0.14436471243335977,0.1466257090121361,0.9614704124965944,0.9601378151252328,1.0,3.3495341066195337e-15,6.705334380124012e-16,2.29158463503693,2.2915896728199097,2.651870851325002,1.5538163479464953,1.0,0.0
est-lifted_interaction__dir-lifted_interaction__support-projected__cal-response_gain__controller-base,lifted_interaction,lifted_interaction,projected,response_gain,base,9,0.001399316514891322,0.03663293517884798,0.002975559968094411,0.1470728755197263,0.14937628653184876,0.9729329647788575,0.9716003674074959,1.0,3.556786970986399e-15,7.120227828759727e-16,2.3345729696206496,2.334578007409598,2.6208274621086285,1.582964651762831,1.0,0.0
est-lifted_interaction__dir-lifted_interaction__support-projected__cal-response_gain__controller-base,lifted_interaction,lifted_interaction,projected,response_gain,base,10,0.0007259169392912615,0.026299511704710548,0.0029755599680942857,0.1489753600878987,0.15130856723944683,0.9809854077571475,0.9796528103857862,1.0,3.3494637619320347e-15,6.705193559151145e-16,2.3647722746658433,2.3647773124588545,2.623419524007964,1.6034413351938064,1.0,0.0
est-lifted_interaction__dir-lifted_interaction__support-projected__cal-response_gain__controller-base,lifted_interaction,lifted_interaction,projected,response_gain,base,11,0.0003845944640474964,0.01904028171412918,0.002975559968094235,0.15031185549703985,0.15266599443653459,0.986642248949396,0.9853096515780347,1.0,3.664371448436604e-15,7.335598048154979e-16,2.385987286460153,2.3859923242559566,2.624566081430835,1.6178262053040668,1.0,0.0
est-lifted_interaction__dir-lifted_interaction__support-projected__cal-response_gain__controller-base,lifted_interaction,lifted_interaction,projected,response_gain,base,12,0.0002098302971529257,0.01394067264574574,0.002975559968094307,0.15125074352196147,0.15361958704248863,0.9906161798869507,0.9892835825155891,1.0,3.595919081475856e-15,7.198565256437565e-16,2.4008908322456852,2.400895870043421,2.6250393607532345,1.6279315765565252,1.0,0.0
est-lifted_interaction__dir-lifted_interaction__support-projected__cal-response_gain__controller-base,lifted_interaction,lifted_interaction,projected,response_gain,base,13,0.00011914371556675804,0.010358197275206331,0.002975559968094281,0.15191031235946897,0.1542894858481714,0.9934078663705829,0.9920752689992213,1.0,3.56011143202383e-15,7.126882970095832e-16,2.411360573160035,2.4113656109591153,2.625208131365452,1.6350305998613768,1.0,0.0
est-lifted_interaction__dir-lifted_interaction__support-projected__cal-response_gain__controller-base,lifted_interaction,lifted_interaction,projected,response_gain,base,14,7.127066126712397e-05,0.00784150832740241,0.0029755599680943603,0.15237365946781786,0.1547600897591634,0.9953690261253343,0.9940364287539728,1.0,3.474367791268196e-15,6.955235283004207e-16,2.418715566152374,2.41872060395239,2.6252459807073145,1.6400176637330344,1.0,0.0
est-lifted_interaction__dir-lifted_interaction__support-projected__cal-response_gain__controller-base,lifted_interaction,lifted_interaction,projected,response_gain,base,15,4.545415146791871e-05,0.006073534341570202,0.0029755599680943265,0.15269916081143312,0.15509068900663545,0.9967467408530474,0.9954141434816858,1.0,3.646994620471596e-15,7.300811884389397e-16,2.4238824487294948,2.4238874865301656,2.6252327657245282,1.6435210761028751,1.0,
