observer,estimator,direction_provider,support_mode,estimator_calibration,controller_mode,step,target_mse,target_mae,observer_error_mae,collateral_abs_delta,collateral_rms_delta,mean_observer_estimate,mean_true_target,mean_target_ref,mean_residual_off_support_l2,mean_residual_off_support_normalized,mean_nearest_clean_residual_l2,mean_residual_delta_from_initial_l2,mean_abs_residual_norm_z,mean_convex_hull_extrapolation_mass,fraction_outside_clean_convex_hull,next_clip_fraction
est-first_order__dir-first_order__support-unprojected__cal-none__controller-base,first_order,first_order,unprojected,none,base,0,0.67993970876371,0.7749194125533104,0.10263043830771498,0.0,0.0,0.2601307222153539,0.24769385159015656,1.0,2.922896635674888e-15,4.865914034515771e-16,4.907141179057107e-05,0.0,0.9547942876815796,2.7696978744292806e-06,0.0,0.0
est-first_order__dir-first_order__support-unprojected__cal-none__controller-base,first_order,first_order,unprojected,none,base,1,0.34626485976423454,0.562724876422949,0.2025553740086518,0.004075136432214387,0.004433857486163477,0.26524957201923577,0.4678049460278876,1.0,0.3843371969195749,0.06398282230208249,0.39303606527245466,0.3930320157935111,0.8231003943702863,0.014855890650352964,1.0,0.0
est-first_order__dir-first_order__support-unprojected__cal-none__controller-base,first_order,first_order,unprojected,none,base,2,0.12841865472298775,0.35199838314912,0.4160601917356271,0.008122078679383932,0.008837038944540736,0.2703330066165379,0.686393198352165,1.0,0.7660153235896496,0.12752297389566694,0.7833488534025291,0.7833448054786101,0.7759158067463939,0.029606527003181848,1.0,0.0
est-first_order__dir-first_order__support-unprojected__cal-none__controller-base,first_order,first_order,unprojected,none,base,3,0.02403442806215925,0.14272981940575813,0.6280878578533042,0.012141021805424587,0.013209756609892069,0.27538127103044047,0.9034691288837449,1.0,1.1450527770184982,0.19062351743646494,1.1709612296626835,1.1709571822571017,0.8480818229259949,0.04425510979835006,1.0,0.0
est-first_order__dir-first_order__support-unprojected__cal-none__controller-base,first_order,first_order,unprojected,none,base,4,0.03078340429351772,0.1387249142742966,0.8386485921632796,0.01613215952468565,0.01755222124861318,0.2803946085889093,1.1190432007521889,1.0,1.5214678269330968,0.2532874943909387,1.5558918763164393,1.5558878291700202,1.1716622819824682,0.05880234510225233,1.0,0.0
est-first_order__dir-first_order__support-unprojected__cal-none__controller-base,first_order,first_order,unprojected,none,base,5,0.14637420740550644,0.33312580469698816,1.0477525437605635,0.020095684211286862,0.02186464216889417,0.28537326093642457,1.3331258046969883,1.0,1.8952786166597295,0.31551792518290067,1.938159346989086,1.9381552999981608,1.774401243213684,0.07324893409630194,1.0,0.0
est-first_order__dir-first_order__support-unprojected__cal-none__controller-base,first_order,first_order,unprojected,none,base,6,0.3685523085699027,0.5457272595684017,1.255409791522773,0.02403178690839084,0.02614722723080815,0.2903174680456284,1.5457272595684017,1.0,2.266503163998504,0.37731780933909914,2.3177820670436424,2.317778020156374,2.5540348551941623,0.08759557311072755,1.0,0.0
est-first_order__dir-first_order__support-unprojected__cal-none__controller-base,first_order,first_order,unprojected,none,base,7,0.6950994817173036,0.7568578128248273,1.4616303445959367,0.027940657337411696,0.030400182856330473,0.29522746822889107,1.7568578128248276,1.0,2.635159362091813,0.4386901256337964,2.6947783343949117,2.694774287581682,3.4525022201392557,0.10184295365813693,1.0,0.0
est-first_order__dir-first_order__support-unprojected__cal-none__controller-base,first_order,first_order,unprojected,none,base,8,1.1238332668711852,0.9665276410267325,1.666424142876934,0.031822483907159284,0.034623714039287996,0.30010349814979814,1.9665276410267325,1.0,3.001264980286791,0.4996378322323463,3.069166320372943,3.069162273615238,4.457745190362375,0.11599176246684763,1.0,0.0
est-first_order__dir-first_order__support-unprojected__cal-none__controller-base,first_order,first_order,unprojected,none,base,9,1.6526064411318029,1.1747468503271674,1.8698010574926096,0.03567745372292088,0.03881802435524006,0.3049457928345578,2.1747468503271676,1.0,3.3648376649918026,0.5601638668337792,3.4409640705927176,3.4409600238781968,5.558094727184852,0.13004268151398793,1.0,0.0
est-first_order__dir-first_order__support-unprojected__cal-none__controller-base,first_order,first_order,unprojected,none,base,10,2.2793064972027346,1.3815254769588865,2.0717708912755572,0.03950575259547959,0.04298331597129082,0.30975458568332864,2.3815254769588865,1.0,3.725894940527008,0.6202711468123994,3.8101895058214943,3.810185459141518,6.74256247216529,0.14399638805836806,1.0,0.0
est-first_order__dir-first_order__support-unprojected__cal-none__controller-base,first_order,first_order,unprojected,none,base,11,3.001855129354325,1.5868734877180959,2.2723433792366254,0.04330756505007035,0.04711978965583371,0.31453010848147034,2.586873487718096,1.0,4.084454209969031,0.6799625693584045,4.176860422841464,4.176856376189749,8.001010689918386,0.15785355467312437,1.0,0.0
est-first_order__dir-first_order__support-unprojected__cal-none__controller-base,first_order,first_order,unprojected,none,base,12,3.818207726719797,1.7908007804448582,2.471528189034143,0.047083074335274526,0.05122764478822884,0.31927259141071546,2.7908007804448585,1.0,4.440532755989804,0.7392410116175296,4.5409944953070065,4.540990448678841,9.324227010755124,0.17161484927813778,1.0,0.0
est-first_order__dir-first_order__support-unprojected__cal-none__controller-base,first_order,first_order,unprojected,none,base,13,4.726352873821208,1.9933171845001707,2.6693349214399067,0.050832462431851945,0.055307079368412615,0.3239822630602639,2.9933171845001705,1.0,4.794147741689596,0.7981093308297283,4.902609274596267,4.902605227988024,10.703931501175367,0.1852809351722272,1.0,0.0
est-first_order__dir-first_order__support-unprojected__cal-none__controller-base,first_order,first_order,unprojected,none,base,14,5.724311858223899,2.194432461239742,2.86577311080194,0.05455591006151289,0.05935829002644178,0.32865935043780187,3.1944324612397423,1.0,5.145316211424268,0.8565703644668903,5.261722190656953,5.261718144065787,12.132739910806379,0.19885247106512155,1.0,0.0
est-first_order__dir-first_order__support-unprojected__cal-none__controller-base,first_order,first_order,unprojected,none,base,15,6.810138185219452,2.3941563044844965,3.0608522255040542,0.05825359669562899,0.0633814720319712,0.3333040789804426,3.394156304484497,1.0,5.494055091626838,0.914626930369611,5.6183505528463735,5.618346506270005,13.60410154226044,0.21233011110920905,1.0,
est-first_order__dir-lifted_interaction__support-unprojected__cal-none__controller-base,first_order,lifted_interaction,unprojected,none,base,0,0.67993970876371,0.7749194125533104,0.10263043830771498,0.0,0.0,0.2601307222153539,0.24769385159015656,1.0,2.922896635674888e-15,4.865914034515771e-16,4.907141179057107e-05,0.0,0.9547942876815796,2.7696978744292806e-06,0.0,0.0
est-first_order__dir-lifted_interaction__support-unprojected__cal-none__controller-base,first_order,lifted_interaction,unprojected,none,base,1,0.34626485976423466,0.562724876422949,0.203279852964299,0.003658893116644342,0.003980973620431679,0.2645250930635885,0.4678049460278876,1.0,0.38221046328965275,0.06362877273046205,0.3931670636546991,0.3931625174790053,0.8335280090571461,0.021233432471664513,1.0,0.0
est-first_order__dir-lifted_interaction__support-unprojected__cal-none__controller-base,first_order,lifted_interaction,unprojected,none,base,2,0.12825968122084241,0.35179060251509753,0.4177153668039512,0.0072960546467349,0.007938302693170194,0.26889336403751873,0.6866087308414699,1.0,0.7621508302687797,0.12687962947982953,0.7839944347678396,0.7839898901462116,0.7973439407617187,0.04233827637850604,1.0,0.0
est-first_order__dir-lifted_interaction__support-unprojected__cal-none__controller-base,first_order,lifted_interaction,unprojected,none,base,3,0.02389077247763971,0.1421091491418811,0.6308772648858783,0.010911613662600355,0.011872127652363009,0.2732356901544298,0.9041129550403078,1.0,1.1398345839205903,0.18975481483781623,1.172500531436737,1.1724959873331284,0.8685734817960208,0.06331777042476348,1.0,0.0
est-first_order__dir-lifted_interaction__support-unprojected__cal-none__controller-base,first_order,lifted_interaction,unprojected,none,base,4,0.031152687619807055,0.13907689195080666,0.8427731117084661,0.014505698469958271,0.01578258809806424,0.2775522255108989,1.120325337219365,1.0,1.5152751271476237,0.2522565600626462,1.5586991398405237,1.5586945959959222,1.1180570342984577,0.08417265911191803,1.0,0.0
est-first_order__dir-lifted_interaction__support-unprojected__cal-none__controller-base,first_order,lifted_interaction,unprojected,none,base,5,0.14806764982055934,0.3352535501298726,1.0534104268416087,0.018078436612469172,0.01966982280118948,0.281843123288264,1.3352535501298728,1.0,1.8884857832473756,0.3143870831602347,1.9426039648938749,1.9425994212046735,1.600766020763418,0.10490368251956746,1.0,0.0
est-first_order__dir-lifted_interaction__support-unprojected__cal-none__controller-base,first_order,lifted_interaction,unprojected,none,base,6,0.3726852003742162,0.5489052209516141,1.2627966851935544,0.021629954876261945,0.02353396970843972,0.2861085357580596,1.5489052209516139,1.0,2.259479796385109,0.3761485889628992,2.3242286302153365,2.3242240866297332,2.354676514187246,0.12551157633168966,1.0,0.0
est-first_order__dir-lifted_interaction__support-unprojected__cal-none__controller-base,first_order,lifted_interaction,unprojected,none,base,7,0.7030818520241504,0.7612879315635915,1.4709393172761709,0.025160379294433682,0.02737516594719708,0.29034861428742026,1.7612879315635916,1.0,2.6282703320638476,0.43754326920760145,2.7035866785367912,2.7035821350251825,3.231505376628469,0.14599707186274974,1.0,0.0
est-first_order__dir-lifted_interaction__support-unprojected__cal-none__controller-base,first_order,lifted_interaction,unprojected,none,base,8,1.1373607465339186,0.9724092188130838,1.677845709468631,0.02866983515152172,0.03119354783039082,0.29456350934445263,1.9724092188130835,1.0,2.9948704775915793,0.49857330261372734,3.0806915721655486,3.0806870287094332,4.2193561403917075,0.1663608960836524,1.0,0.0
est-first_order__dir-lifted_interaction__support-unprojected__cal-none__controller-base,first_order,lifted_interaction,unprojected,none,base,9,1.6736513164505171,1.182276574783109,1.8835232042795342,0.03215844698795017,0.03498925086133491,0.2987533705035748,2.182276574783109,1.0,3.3592932425456925,0.5592408549604023,3.4555566934559145,3.45555215004296,5.306610229619163,0.18660377164753975,1.0,0.0
est-first_order__dir-lifted_interaction__support-unprojected__cal-none__controller-base,first_order,lifted_interaction,unprojected,none,base,10,2.3101089510092896,1.3908974470582953,2.087979100607471,0.03562633860444917,0.038762409738536556,0.30291834645082427,2.390897447058295,1.0,3.7215515592346433,0.6195480791633484,3.82819534528163,3.8281908019032023,6.482247422225199,0.20672641691543653,1.0,0.0
est-first_order__dir-lifted_interaction__support-unprojected__cal-none__controller-base,first_order,lifted_interaction,unprojected,none,base,11,3.0449146661306337,1.5982792389891753,2.291220654000041,0.039073633066448024,0.04251315836047609,0.30705858498913435,2.5982792389891753,1.0,4.08165828315689,0.6794971153512861,4.198620751506829,4.198616208156649,7.736041251103147,0.22672954598174244,1.0,0.0
est-first_order__dir-lifted_interaction__support-unprojected__cal-none__controller-base,first_order,lifted_interaction,unprojected,none,base,12,3.8762747784592477,1.8044293099549074,2.4932550769113284,0.04250045270844292,0.046241629830358844,0.31117423304357955,2.8044293099549074,1.0,4.4396261934570935,0.7390900909418807,4.566846057454754,4.566841514128111,9.05865424645875,0.2466138686995733,1.0,0.0
est-first_order__dir-lifted_interaction__support-unprojected__cal-none__controller-base,first_order,lifted_interaction,unprojected,none,base,13,4.802420583397245,2.009354975624443,2.694089538957854,0.045906919138338026,0.04994795646083873,0.3152654366665893,3.009354975624443,1.0,4.7954679933796145,0.7983291207172373,4.932884330373941,4.932879787067213,10.441660456646348,0.2663800907059518,1.0,0.0
est-first_order__dir-lifted_interaction__support-unprojected__cal-none__controller-base,first_order,lifted_interaction,unprojected,none,base,14,5.821608037083006,2.2130635082161323,2.893731167173001,0.04929315324176066,0.05363226977871312,0.3193323410431307,3.2130635082161323,1.0,5.149196310719314,0.8572163068989501,5.296748559901772,5.296744016612112,11.877519745463864,0.28602891344684833,1.0,0.0
est-first_order__dir-lifted_interaction__support-unprojected__cal-none__controller-base,first_order,lifted_interaction,unprojected,none,base,15,6.932117442268344,2.4155621367558013,3.09218704625994,0.05265927518635178,0.05729470052959093,0.32337509049586144,3.4155621367558013,1.0,5.500823698269676,0.9157537392227025,5.658451658525328,5.6584471152504605,13.359523213172178,0.3055610342020736,1.0,
est-lifted_interaction__dir-first_order__support-unprojected__cal-none__controller-base,lifted_interaction,first_order,unprojected,none,base,0,0.67993970876371,0.7749194125533104,0.014772800627771513,0.0,0.0,0.262466667099221,0.24769385159015656,1.0,2.922896635674888e-15,4.865914034515771e-16,4.907141179057107e-05,0.0,0.9547942876815796,2.7696978744292806e-06,0.0,0.0
est-lifted_interaction__dir-first_order__support-unprojected__cal-none__controller-base,lifted_interaction,first_order,unprojected,none,base,1,0.3408448103043774,0.5487599658586366,0.2035623369106896,0.004187116127155023,0.004457600762874403,0.2701094464625559,0.46711000242493717,1.0,0.39489830641401696,0.06574099090379897,0.403835357908959,0.4038320481267987,0.8315048705639138,0.015563256398408413,1.0,0.0
est-lifted_interaction__dir-first_order__support-unprojected__cal-none__controller-base,lifted_interaction,first_order,unprojected,none,base,2,0.11940746444048261,0.32494408078476206,0.41958219011225895,0.008330842751353432,0.008869009092673963,0.27767302659001775,0.6842524421023269,1.0,0.7857044308313146,0.13080073274916068,0.8034826454786086,0.8034793372657729,0.7598622198410422,0.030962823310434186,1.0,0.0
est-lifted_interaction__dir-first_order__support-unprojected__cal-none__controller-base,lifted_interaction,first_order,unprojected,none,base,3,0.012055100241621848,0.10344751519289844,0.6333635111655578,0.012431629501626202,0.013234703664135834,0.28515822819337433,0.8991447166917965,1.0,1.1724607789883121,0.19518628506277075,1.1989885401834817,1.1989852324937347,0.8420865341554763,0.046202810326949874,1.0,0.0
est-lifted_interaction__dir-first_order__support-unprojected__cal-none__controller-base,lifted_interaction,first_order,unprojected,none,base,4,0.015300621095926286,0.11575376514874225,0.8449294971337472,0.016489921347668527,0.017555158191671656,0.2925658634796677,1.1118101438042676,1.0,1.5552093171867993,0.25890463421610593,1.5903959569398012,1.5903926495115839,1.23399371342784,0.061284871114139494,1.0,0.0
est-lifted_interaction__dir-first_order__support-unprojected__cal-none__controller-base,lifted_interaction,first_order,unprojected,none,base,5,0.12574058749022635,0.33268354541428125,1.0543031046975848,0.020506158648122504,0.02183084148076938,0.2998967362393449,1.3222717994190665,1.0,1.9339915768476312,0.3219626941835146,1.977747366572332,1.977744059301021,1.890039931484395,0.07621064220186892,1.0,0.0
est-lifted_interaction__dir-first_order__support-unprojected__cal-none__controller-base,lifted_interaction,first_order,unprojected,none,base,6,0.3400533703087152,0.547365364301064,1.2615070526464165,0.024480777198360285,0.026062217478863035,0.3071516419334759,1.5305525203878612,1.0,2.308848659017235,0.3843673072924397,2.3610847998997215,2.3610814927330046,2.672690552615926,0.09098174316126334,1.0,0.0
est-lifted_interaction__dir-first_order__support-unprojected__cal-none__controller-base,lifted_interaction,first_order,unprojected,none,base,7,0.6549973434695466,0.7598225165838065,1.4665638243433539,0.02841420827777099,0.030249745325674475,0.31433136778006837,1.7366749069126524,1.0,2.679821238827415,0.4461252449658697,2.7404498522204674,2.740446545128454,3.5695391841108934,0.10559977678044383,1.0,0.0
est-lifted_interaction__dir-first_order__support-unprojected__cal-none__controller-base,lifted_interaction,first_order,unprojected,none,base,8,1.067409115075213,0.9700780556422718,1.6694956701649095,0.032306878696558176,0.034393879403033914,0.321436692839487,1.940661324998082,1.0,3.0469495699089517,0.507243208457094,3.1158836878076785,3.1158803807716855,4.568284592668617,0.12006632923844375,1.0,0.0
est-lifted_interaction__dir-first_order__support-unprojected__cal-none__controller-base,lifted_interaction,first_order,unprojected,none,base,9,1.574201796269684,1.1781547959627563,1.8703246099153474,0.03615921084205283,0.03849506938418456,0.32846838809898843,2.142533908878334,1.0,3.4102734887594512,0.5677278295768453,3.4874270443695154,3.4874237373770858,5.6570903651994024,0.1343829702773221,1.0,0.0
est-lifted_interaction__dir-first_order__support-unprojected__cal-none__controller-base,lifted_interaction,first_order,unprojected,none,base,10,2.1723633070120565,1.3840753156136523,2.0690724352160186,0.039971622724545186,0.042553760282575355,0.3354272165563788,2.3423145634188853,1.0,3.7698324190659407,0.6275856714129064,3.855120237467079,3.855116930509496,6.824831771980452,0.14855125337249392,1.0,0.0
est-lifted_interaction__dir-first_order__support-unprojected__cal-none__controller-base,lifted_interaction,first_order,unprojected,none,base,11,2.8589547179928827,1.5878619586953562,2.26576071186993,0.04374452802264301,0.046570392500149146,0.3423139333028071,2.5400249664933625,1.0,4.1256653759826705,0.6868232290422607,4.2190031648878605,4.218999857958783,8.06124238055395,0.16257271590129516,1.0,0.0
est-lifted_interaction__dir-first_order__support-unprojected__cal-none__controller-base,lifted_interaction,first_order,unprojected,none,base,12,3.6311086279354585,1.789536837764792,2.460410782201819,0.047478336128158785,0.05054540187512976,0.3491292856046975,2.7356865713357776,1.0,4.477810970364583,0.7454469302358608,4.579115310974417,4.5791120040690885,9.3569803712884,0.17644887930980113,1.0,0.0
est-lifted_interaction__dir-first_order__support-unprojected__cal-none__controller-base,lifted_interaction,first_order,unprojected,none,base,13,4.486027575540058,1.9891218362348073,2.6530437673739735,0.05117345219053228,0.05447921972931406,0.3558740129848343,2.92932060886838,1.0,4.826307412956913,0.8034631361560984,4.935495750908444,4.935492444023208,10.703635886165259,0.19018124927791624,1.0,0.0
est-lifted_interaction__dir-first_order__support-unprojected__cal-none__controller-base,lifted_interaction,first_order,unprojected,none,base,14,5.4209824853445925,2.1866386107487092,2.8436805696780514,0.054830277160792584,0.058372272914874054,0.36254884730260667,3.120948090005392,1.0,5.171192518541375,0.8608781420470407,5.2881831549505955,5.288179848082576,12.09369856169216,0.20377131588275257,1.0,0.0
est-lifted_interaction__dir-first_order__support-unprojected__cal-none__controller-base,lifted_interaction,first_order,unprojected,none,base,15,6.433311146790203,2.3821085935301882,3.03234187480316,0.05844920783506476,0.0622249838606739,0.36915451283342143,3.310589807932866,1.0,5.512503710039387,0.9176981779175187,5.637215792636418,5.6372124857833175,13.520500682237985,0.21722055376031585,1.0,
est-lifted_interaction__dir-lifted_interaction__support-unprojected__cal-none__controller-base,lifted_interaction,lifted_interaction,unprojected,none,base,0,0.67993970876371,0.7749194125533104,0.014772800627771513,0.0,0.0,0.262466667099221,0.24769385159015656,1.0,2.922896635674888e-15,4.865914034515771e-16,4.907141179057107e-05,0.0,0.9547942876815796,2.7696978744292806e-06,0.0,0.0
est-lifted_interaction__dir-lifted_interaction__support-unprojected__cal-none__controller-base,lifted_interaction,lifted_interaction,unprojected,none,base,1,0.34084481030437763,0.5487599658586367,0.2024108549970529,0.0037594349615217505,0.004002291707118836,0.2712265950147639,0.46711000242493705,1.0,0.3927131327816409,0.06537721248906289,0.4039699211222724,0.40396613583675467,0.8476427958754796,0.02183909615116785,1.0,0.0
est-lifted_interaction__dir-lifted_interaction__support-unprojected__cal-none__controller-base,lifted_interaction,lifted_interaction,unprojected,none,base,2,0.11965962528348353,0.32528664665406914,0.41696226932028535,0.007474217867608287,0.007957046868718625,0.27988247836220065,0.6839200904080447,1.0,0.780761881485719,0.1299779181503315,0.8031380156669794,0.8031342319478575,0.791712473922538,0.04341639247208053,1.0,0.0
est-lifted_interaction__dir-lifted_interaction__support-unprojected__cal-none__controller-base,lifted_interaction,lifted_interaction,unprojected,none,base,3,0.012294601023075719,0.10446759415169873,0.6289653853635507,0.011144879065525632,0.01186483009211047,0.2884355529133614,0.89815505309529,1.0,1.1642016465483462,0.19381133981284143,1.1975650594388803,1.1975612762418648,0.8009844812453656,0.06473740809088568,1.0,0.0
est-lifted_interaction__dir-lifted_interaction__support-unprojected__cal-none__controller-base,lifted_interaction,lifted_interaction,unprojected,none,base,4,0.014772189918474316,0.113728717254088,0.8384504701103794,0.014771942603429958,0.015726199278577654,0.2968870397624047,1.1098454761035652,1.0,1.543087170396288,0.25688659076303016,1.58730736269903,1.587303579763049,1.0684836973682752,0.0858051869384492,1.0,0.0
est-lifted_interaction__dir-lifted_interaction__support-unprojected__cal-none__controller-base,lifted_interaction,lifted_interaction,unprojected,none,base,5,0.12322408846541955,0.32933343872883464,1.0454474310533035,0.0183559263051834,0.019541705703024638,0.3052381455001489,1.3190215817742497,1.0,1.9174725452623567,0.3192126760458106,1.9724205675101163,1.9724167847307423,1.6835363191690795,0.10662273679186077,1.0,0.0
est-lifted_interaction__dir-lifted_interaction__support-unprojected__cal-none__controller-base,lifted_interaction,lifted_interaction,unprojected,none,base,6,0.33388847565475216,0.5423773514453641,1.2499858204636505,0.021897341844282645,0.023311894092681293,0.3134900623863329,1.5257132334879553,1.0,2.287411220907983,0.38079849375019187,2.3529596551581697,2.3529558724831863,2.4248525085705097,0.12719302970384458,1.0,0.0
est-lifted_interaction__dir-lifted_interaction__support-unprojected__cal-none__controller-base,lifted_interaction,lifted_interaction,unprojected,none,base,7,0.6431073187397113,0.7528908709783045,1.4520948396106244,0.025396694816908507,0.02703730270487149,0.3216439685198318,1.7299499399280212,1.0,2.65295601225406,0.44165283627963,2.7289789539274727,2.7289751713270443,3.2797988402986498,0.1475190024270691,1.0,0.0
est-lifted_interaction__dir-lifted_interaction__support-unprojected__cal-none__controller-base,lifted_interaction,lifted_interaction,unprojected,none,base,8,1.0473237447592694,0.9609040516464196,1.6518033429302723,0.028854484814108308,0.030718463403858393,0.32970102800684953,1.9317608592933715,1.0,3.0141591069211553,0.5017843916072895,3.100532146838188,3.1005283642936665,4.235865751752433,0.16760355683341774,1.0,0.0
est-lifted_interaction__dir-lifted_interaction__support-unprojected__cal-none__controller-base,lifted_interaction,lifted_interaction,unprojected,none,base,9,1.5430794762394096,1.1664465908033657,1.8491398421449394,0.03227120549312091,0.03435590173677697,0.33766239112711455,2.131174803461333,1.0,3.3710720726801626,0.5612017445163978,3.467672279304292,3.467668496803244,5.281029534737304,0.18744956032827964,1.0,0.0
est-lifted_interaction__dir-lifted_interaction__support-unprojected__cal-none__controller-base,lifted_interaction,lifted_interaction,unprojected,none,base,10,2.127012329531796,1.3695478330774835,2.04413251033379,0.03564734464785448,0.037950137008664696,0.345529194498102,2.328220242101017,1.0,3.7237458648144712,0.6199133778258661,3.8304517667041984,3.8304479842379235,6.4040001911610345,0.20705984625991913,1.0,0.0
est-lifted_interaction__dir-lifted_interaction__support-unprojected__cal-none__controller-base,lifted_interaction,lifted_interaction,unprojected,none,base,11,2.795853774286004,1.570236774561235,2.2368091859549892,0.03898338427852724,0.04150168235660091,0.35330256123730425,2.5229253067378314,1.0,4.0722308333946655,0.677927673601352,4.188922401862813,4.188918619424982,7.594367980172025,0.22643721432398425,1.0,0.0
est-lifted_interaction__dir-lifted_interaction__support-unprojected__cal-none__controller-base,lifted_interaction,lifted_interaction,unprojected,none,base,12,3.546426552587218,1.7685420669508767,2.427197376820104,0.04227980066048101,0.04501104482296576,0.3609836011225747,2.7153177947697333,1.0,4.416576730466857,0.7352529143519411,4.543135362445247,4.543131580031112,8.842668906240135,0.2455844309632092,1.0,0.0
est-lifted_interaction__dir-lifted_interaction__support-unprojected__cal-none__controller-base,lifted_interaction,lifted_interaction,unprojected,none,base,13,4.375642356326345,1.9644920216369721,2.615324264021302,0.04553706441217748,0.04847872542782893,0.3685734107505676,2.9054251734357677,1.0,4.756832717155606,0.7918972842126123,4.893141218262989,4.893137435868899,10.140390745511224,0.26450422976237103,1.0,0.0
est-lifted_interaction__dir-lifted_interaction__support-unprojected__cal-none__controller-base,lifted_interaction,lifted_interaction,unprojected,none,base,14,5.280499561403535,2.15811461374631,2.8012167058119086,0.04875564056238672,0.05190521924047851,0.37607307369329496,3.093274583737474,1.0,5.093047370682499,0.84786887011266,5.238989938493403,5.238986156116489,11.479938973768927,0.2831993118385539,1.0,0.0
est-lifted_interaction__dir-lifted_interaction__support-unprojected__cal-none__controller-base,lifted_interaction,lifted_interaction,unprojected,none,base,15,6.258081017399481,2.349437486135826,2.9849012414408715,0.05193598861657806,0.05529101545010072,0.38348366065282447,3.278892844313718,1.0,5.42526869130136,0.9031756629302381,5.580730898813573,5.58072711645154,12.85457818989961,0.3016723462267788,1.0,
est-first_order__dir-first_order__support-projected__cal-none__controller-base,first_order,first_order,projected,none,base,0,0.67993970876371,0.7749194125533104,0.10263043830771498,0.0,0.0,0.2601307222153539,0.24769385159015656,1.0,2.922896635674888e-15,4.865914034515771e-16,4.907141179057107e-05,0.0,0.9547942876815796,2.7696978744292806e-06,0.0,0.0
est-first_order__dir-first_order__support-projected__cal-none__controller-base,first_order,first_order,projected,none,base,1,0.34626485976423454,0.5627248764229489,0.1234484171937734,0.11486120774372002,0.1249720676339506,0.4044088936739884,0.4678049460278876,1.0,2.744798050873398e-15,4.569423083472314e-16,2.317277774608597,2.317255823197231,9.412224408455799,0.17937794965933596,1.0,0.0
est-first_order__dir-first_order__support-projected__cal-none__controller-base,first_order,first_order,projected,none,base,2,0.16099413584889466,0.3919092899576541,0.1402067944690945,0.20732391142410755,0.22557396347806857,0.5205521075333888,0.6449933001598761,1.0,2.8061618014290944e-15,4.671578846147973e-16,4.182657241883145,4.182635290649789,13.939967278827346,0.3237748749241179,1.0,0.0
est-first_order__dir-first_order__support-projected__cal-none__controller-base,first_order,first_order,projected,none,base,3,0.06585522463297772,0.2544035883758623,0.17358222837761636,0.2817559302042215,0.30655799166166975,0.6140468197910766,0.7876290481686928,1.0,3.706946002289977e-15,6.171166081475228e-16,4.41322805770022,5.684256528477795,11.395145150631235,0.4400136850096452,1.0,0.0
est-first_order__dir-first_order__support-projected__cal-none__controller-base,first_order,first_order,projected,none,base,4,0.024263803433297076,0.14371217924416488,0.2131405189132858,0.34167333688998747,0.3717497334853479,0.6893096003675616,0.9024501192808475,1.0,3.944164410900274e-15,6.566077201360185e-16,4.217679109625018,6.893054192030652,7.738488291314854,0.5335853517561723,1.0,0.0
est-first_order__dir-first_order__support-projected__cal-none__controller-base,first_order,first_order,projected,none,base,5,0.01346022677526482,0.10463923353535995,0.24498474698429262,0.38990655268591096,0.424228762959776,0.7498957661872054,0.9948805131714978,1.0,3.724627735450258e-15,6.200601878995078e-16,4.0100575525805775,7.866130327744045,5.465839854163741,0.6089100803152545,1.0,0.0
est-first_order__dir-first_order__support-projected__cal-none__controller-base,first_order,first_order,projected,none,base,6,0.019458685125750694,0.12506549472794704,0.27061919295520515,0.4287340526512724,0.46647412191991333,0.7986673297755992,1.0692865227308044,1.0,4.756631793300345e-15,7.918638352635372e-16,3.920192329054587,8.649451800348388,3.77417384622689,0.6695461139542517,1.0,0.0
est-first_order__dir-first_order__support-projected__cal-none__controller-base,first_order,first_order,projected,none,base,7,0.03381020876246354,0.14150853387970666,0.2912547950734406,0.4599899979305328,0.5004814267718541,0.8379281970491229,1.1291829921225633,1.0,4.680017075654303e-15,7.791093428434434e-16,3.9357412562937824,9.280021708419548,6.332786747086109,0.7183578208903837,1.0,0.0
est-first_order__dir-first_order__support-projected__cal-none__controller-base,first_order,first_order,projected,none,base,8,0.051534047173627404,0.17739935350044936,0.30786635263412715,0.4851508791660399,0.5278571388443707,0.8695330008663222,1.1773993535004494,1.0,4.8443969474668676e-15,8.06474604942764e-16,4.03872746678172,9.787627363148882,8.976744318054253,0.7576510033601302,1.0,0.0
est-first_order__dir-first_order__support-projected__cal-none__controller-base,first_order,first_order,projected,none,base,9,0.0698005189919111,0.21621328574271872,0.3212385742446688,0.5054052640163796,0.5498944515552769,0.8949747114980497,1.2162132857427186,1.0,5.6669017601895005e-15,9.43401708790202e-16,4.170277147280375,10.196247402600743,11.133551717856024,0.7892818207503315,1.0,0.0
est-first_order__dir-first_order__support-projected__cal-none__controller-base,first_order,first_order,projected,none,base,10,0.08709627401098642,0.24745830907204874,0.3320031464497835,0.5217099435634035,0.567634379204714,0.9154551626222652,1.2474583090720488,1.0,5.811092359517923e-15,9.674059466532152e-16,4.30213863142966,10.525184511724705,12.886188390111133,0.8147444721795606,1.0,0.0
est-first_order__dir-first_order__support-projected__cal-none__controller-base,first_order,first_order,projected,none,base,11,0.10269850080457683,0.27261039819192484,0.3406685737911749,0.5348351298919668,0.5819149331513627,0.9319418244007499,1.272610398191925,1.0,5.1773507116093775e-15,8.619033318437345e-16,4.4225794472283315,10.789977256358497,14.306787810831091,0.8352417805421094,1.0,0.0
est-first_order__dir-first_order__support-projected__cal-none__controller-base,first_order,first_order,projected,none,base,12,0.11634638553311319,0.2928577054327018,0.34764419990785944,0.5454008399178931,0.5934107083908753,0.9452135055248424,1.292857705432702,1.0,5.53020521185057e-15,9.206450486704479e-16,4.52768018992349,11.00313410508691,15.456250753003687,0.8517420123140109,1.0,0.0
est-first_order__dir-first_order__support-projected__cal-none__controller-base,first_order,first_order,projected,none,base,13,0.12803801748028218,0.3091566875390612,0.3532595444030283,0.5539061841893885,0.6026647505555633,0.9558971431360328,1.309156687539061,1.0,5.9407547186612124e-15,9.88991584865771e-16,4.617066156641232,11.174724313204827,16.385176122203248,0.8650246172156335,1.0,0.0
est-first_order__dir-first_order__support-projected__cal-none__controller-base,first_order,first_order,projected,none,base,14,0.13790667402255055,0.3222772874560913,0.3577798689261567,0.5607529442272045,0.6101142086914078,0.9644974185299346,1.322277287456091,1.0,5.18586805427646e-15,8.633212628343379e-16,4.69189050895553,11.31285358138267,17.135199512335536,0.8757170484136639,1.0,0.0
est-first_order__dir-first_order__support-projected__cal-none__controller-base,first_order,first_order,projected,none,base,15,0.14614700552413923,0.33283930544343576,0.3614187077920495,0.5662645521667607,0.6161109856165721,0.9714205976513861,1.3328393054434358,1.0,5.1096523780010084e-15,8.506332011248549e-16,4.753875443055712,11.424046958537588,17.74036942142506,0.8843244026014438,1.0,
est-first_order__dir-lifted_interaction__support-projected__cal-none__controller-base,first_order,lifted_interaction,projected,none,base,0,0.67993970876371,0.7749194125533104,0.10263043830771498,0.0,0.0,0.2601307222153539,0.24769385159015656,1.0,2.922896635674888e-15,4.865914034515771e-16,4.907141179057107e-05,0.0,0.9547942876815796,2.7696978744292806e-06,0.0,0.0
est-first_order__dir-lifted_interaction__support-projected__cal-none__controller-base,first_order,lifted_interaction,projected,none,base,1,0.3462648597642347,0.5627248764229491,0.133500381505247,0.08964371164490416,0.09753475707517835,0.3677929635437722,0.4678049460278874,1.0,2.8657708083466086e-15,4.770813386228282e-16,2.2577512717463586,2.2577295755846754,8.6255656797469,0.2956215508595316,1.0,0.0
est-first_order__dir-lifted_interaction__support-projected__cal-none__controller-base,first_order,lifted_interaction,projected,none,base,2,0.15202940132595727,0.3814078376815326,0.19609782932138195,0.16624289879544482,0.1808767224377739,0.4597887100522333,0.6558865393736153,1.0,3.2869111096904378e-15,5.471909852588948e-16,4.186946829417823,4.1869251334456745,11.781113915966191,0.5482235390118393,1.0,0.0
est-first_order__dir-lifted_interaction__support-projected__cal-none__controller-base,first_order,lifted_interaction,projected,none,base,3,0.052417084474572315,0.226475187869446,0.2782017229392713,0.23169573831379928,0.25209116330777365,0.5383976751938044,0.8165993981330757,1.0,4.137735512663521e-15,6.888326140734321e-16,4.9962450408322026,5.835393373716121,8.915723392522171,0.7640680930807603,1.0,0.0
est-first_order__dir-lifted_interaction__support-projected__cal-none__controller-base,first_order,lifted_interaction,projected,none,base,4,0.01575146332802806,0.09408759680566355,0.3483582503478763,0.28762419343690604,0.31294281908961363,0.6055678394150426,0.9539260897629189,1.0,3.9559734891398825e-15,6.585736452679396e-16,5.052888913066468,7.243984394002999,4.022450053750528,0.9485039792033998,1.0,0.0
est-first_order__dir-lifted_interaction__support-projected__cal-none__controller-base,first_order,lifted_interaction,projected,none,base,5,0.019797895510886947,0.12560991351576048,0.4083059351792557,0.3354142070631324,0.36493963274361874,0.6629637223576879,1.0712696575369436,1.0,5.573227890476511e-15,9.278072812712626e-16,5.103973468154375,8.447603980939853,2.8941631277177486,1.1061016366313536,1.0,0.0
est-first_order__dir-lifted_interaction__support-projected__cal-none__controller-base,first_order,lifted_interaction,projected,none,base,6,0.049085565454860314,0.17153795013553141,0.4595303194152636,0.3762500463039576,0.409370118577271,0.7120076307202677,1.1715379501355314,1.0,5.86549623517711e-15,9.764628725421104e-16,5.190406770707653,9.476078597910638,7.91200076563658,1.2407664361393167,1.0,0.0
est-first_order__dir-lifted_interaction__support-projected__cal-none__controller-base,first_order,lifted_interaction,projected,none,base,7,0.09297109963250542,0.25721567999625183,0.5033007760682399,0.41114364938063447,0.44733529245408066,0.7539149039280122,1.2572156799962517,1.0,7.67664138512385e-15,1.2779746159307418e-15,5.418282762564652,10.354894503893979,12.390738474144227,1.355835457611352,1.0,0.0
est-first_order__dir-lifted_interaction__support-projected__cal-none__controller-base,first_order,lifted_interaction,projected,none,base,8,0.14424089706643314,0.33042599607766815,0.5407019650563415,0.4409597021007027,0.4797759556710625,0.7897240310213266,1.330425996077668,1.0,5.5681030121113706e-15,9.269541133125412e-16,5.708980925371899,11.105829319265569,16.323903623431878,1.4541601850153312,1.0,0.0
est-first_order__dir-lifted_interaction__support-projected__cal-none__controller-base,first_order,lifted_interaction,projected,none,base,9,0.19810444661145754,0.3929830968488236,0.57266071177023,0.46643706532548534,0.5074960086167564,0.8203223850785935,1.3929830968488235,1.0,6.795256716099774e-15,1.1312454439694136e-15,6.016566102024687,11.747491689163377,19.74736717620528,1.538177167999897,1.0,0.0
est-first_order__dir-lifted_interaction__support-projected__cal-none__controller-base,first_order,lifted_interaction,projected,none,base,10,0.25147111030391184,0.446437187287942,0.5999689743991907,0.48820708441492094,0.5311823719371533,0.8464682128887512,1.446437187287942,1.0,7.633878450995612e-15,1.2708556244894444e-15,6.316334876841739,12.295782417619131,22.71122407135638,1.6099684011535547,1.0,0.0
est-first_order__dir-lifted_interaction__support-projected__cal-none__controller-base,first_order,lifted_interaction,projected,none,base,11,0.3024321597377685,0.4921128939535384,0.6233034691617219,0.5068092343694884,0.5514220088687631,0.8688094247918164,1.4921128939535384,1.0,7.295801728765169e-15,1.2145740493093369e-15,6.595952304357638,12.764288499654787,25.26830026252411,1.6713129171625338,1.0,0.0
est-first_order__dir-lifted_interaction__support-projected__cal-none__controller-base,first_order,lifted_interaction,projected,none,base,12,0.3498912086748791,0.531142090077973,0.6432424397663605,0.52270448836585,0.5687164705631268,0.8878996503116123,1.5311420900779729,1.0,5.969761217163433e-15,9.938204633978209e-16,6.85006162887647,13.164619815711534,27.46924617258745,1.7237308723788964,1.0,0.0
est-first_order__dir-lifted_interaction__support-projected__cal-none__controller-base,first_order,lifted_interaction,projected,none,base,13,0.39330174185786304,0.5644919441102682,0.6602799866607126,0.5362867409670775,0.5834943248452206,0.9042119574495555,1.564491944110268,1.0,7.085531953681403e-15,1.1795692312419908e-15,7.07717724372003,13.506696831914553,29.3605253126148,1.7701739635216127,1.0,0.0
est-first_order__dir-lifted_interaction__support-projected__cal-none__controller-base,first_order,lifted_interaction,projected,none,base,14,0.4324817675875914,0.5929888867690256,0.6748383111566485,0.5478925690819207,0.5961217763983364,0.918150575612377,1.5929888867690254,1.0,9.486282431063607e-15,1.579235962479895e-15,7.27790685220316,13.798996435570283,30.983751107717676,1.8132001433509528,1.0,0.0
est-first_order__dir-lifted_interaction__support-projected__cal-none__controller-base,first_order,lifted_interaction,projected,none,base,15,0.46748386584164187,0.6173390905243432,0.6872781778489137,0.5578095725559331,0.6069117415504152,0.9300609126754297,1.6173390905243432,1.0,8.255152379436456e-15,1.374282666375961e-15,7.45393185551075,14.048761997856957,32.37566510128749,1.8499653591217544,1.0,
est-lifted_interaction__dir-first_order__support-projected__cal-none__controller-base,lifted_interaction,first_order,projected,none,base,0,0.67993970876371,0.7749194125533104,0.014772800627771513,0.0,0.0,0.262466667099221,0.24769385159015656,1.0,2.922896635674888e-15,4.865914034515771e-16,4.907141179057107e-05,0.0,0.9547942876815796,2.7696978744292806e-06,0.0,0.0
est-lifted_interaction__dir-first_order__support-projected__cal-none__controller-base,lifted_interaction,first_order,projected,none,base,1,0.3408448103043776,0.5487599658586367,0.010772905116876424,0.11801745127509783,0.1256412922069621,0.4778829075418135,0.46711000242493705,1.0,2.603942080277076e-15,4.334932052963557e-16,2.3809509532717823,2.380931139225881,9.03155431993278,0.17787662070830632,0.8866666666666667,0.0
est-lifted_interaction__dir-first_order__support-projected__cal-none__controller-base,lifted_interaction,first_order,projected,none,base,2,0.17088164072059248,0.3886563741703082,0.007941263901748728,0.2015647646917369,0.21458570089121828,0.6303811013329963,0.6224398374312475,1.0,2.973469460385034e-15,4.950105522684968e-16,4.066467781028033,4.066447967145323,13.051198879128389,0.30379839400819225,0.8866666666666667,0.0
est-lifted_interaction__dir-first_order__support-projected__cal-none__controller-base,lifted_interaction,first_order,projected,none,base,3,0.08568677270577343,0.2753152978346186,0.005936678871927314,0.26070986148651026,0.2775515276288201,0.7383381386566084,0.7324014597846811,1.0,3.110488547877672e-15,5.178209073350907e-16,4.987452529555144,5.259664742882612,13.056867766997447,0.39294136181675404,0.8866666666666667,0.0
est-lifted_interaction__dir-first_order__support-projected__cal-none__controller-base,lifted_interaction,first_order,projected,none,base,4,0.042978939242880605,0.19507849958751786,0.004517586255137889,0.30258005852586156,0.32212650873667126,0.814763449789478,0.81024586353434,1.0,4.226307685458088e-15,7.035777327823299e-16,4.818404444005794,6.104370799990541,11.644964629050824,0.45604775320145546,0.8866666666666667,0.0
est-lifted_interaction__dir-first_order__support-projected__cal-none__controller-base,lifted_interaction,first_order,projected,none,base,5,0.02156720941899663,0.13827699389263387,0.00351297740838547,0.3322209500810348,0.3536821801812062,0.8688667146303558,0.8653537372219704,1.0,4.142256748950493e-15,6.89585290265728e-16,4.6151068314551695,6.702357969986479,10.902870182645806,0.5007222433098797,0.8866666666666667,0.0
est-lifted_interaction__dir-first_order__support-projected__cal-none__controller-base,lifted_interaction,first_order,projected,none,base,6,0.010830611403531523,0.09806587979421555,0.0028017913145160812,0.35320443032020876,0.376021177878281,0.9071676809339556,0.9043658896194395,1.0,3.936750013414251e-15,6.553734027693222e-16,4.467952565855169,7.125687070649083,10.334473505930504,0.5323483595027869,0.8866666666666667,0.0
est-lifted_interaction__dir-first_order__support-projected__cal-none__controller-base,lifted_interaction,first_order,projected,none,base,7,0.005445664560907221,0.06959949184806555,0.0027989306312083853,0.36805912664836116,0.3918354767116002,0.9342818305902462,0.9319835045415878,1.0,3.809485465404149e-15,6.341869419584809e-16,4.316083330496966,7.425371639916727,9.917296288839044,0.554737226684478,0.8866666666666667,0.0
est-lifted_interaction__dir-first_order__support-projected__cal-none__controller-base,lifted_interaction,first_order,projected,none,base,8,0.0027439660752202606,0.0494474701777037,0.002858757288761289,0.37857511353359063,0.4030307886490856,0.9534765711551758,0.9515346599409896,1.0,4.341552260756492e-15,7.227631596462818e-16,4.217726247865803,7.637525354170146,9.618764924592924,0.5705868292920795,0.8866666666666667,0.0
est-lifted_interaction__dir-first_order__support-projected__cal-none__controller-base,lifted_interaction,first_order,projected,none,base,9,0.0013878693157077873,0.035181382812810205,0.002901109978598496,0.38601962655003924,0.4109562117550115,0.9670649768409688,0.9653753800223247,1.0,4.275299623274872e-15,7.117337022713356e-16,4.1531697889159425,7.78771392938279,9.406838083541846,0.5818071335969044,0.8866666666666667,0.0
est-lifted_interaction__dir-first_order__support-projected__cal-none__controller-base,lifted_interaction,first_order,projected,none,base,10,0.0007067491399236417,0.025082085976398986,0.00293109243808773,0.3912897713930223,0.4165668040956883,0.9766845269701865,0.9751735494121364,1.0,4.093323034915437e-15,6.814390136243312e-16,4.110197076401027,7.894035933707728,9.25678864831467,0.5897502493840786,0.8866666666666667,0.0
est-lifted_interaction__dir-first_order__support-projected__cal-none__controller-base,lifted_interaction,first_order,projected,none,base,11,0.0003643367207056492,0.017932557589173448,0.0029523177222544844,0.3950206301617094,0.4205386736088408,0.9834944314452414,0.9821099026385061,1.0,4.420826443999958e-15,7.359603885907151e-16,4.0812121702424955,7.969303766748074,9.150634429492666,0.5953733667875276,0.8866666666666667,0.0
est-lifted_interaction__dir-first_order__support-projected__cal-none__controller-base,lifted_interaction,first_order,projected,none,base,12,0.00019198070727538408,0.012979690716453305,0.0029673435972372105,0.39766179232453336,0.4233504529133423,0.9883153220624141,0.9870203092835467,1.0,4.494348508585546e-15,7.482000292795823e-16,4.061438204164823,8.022587625781384,9.075544831835357,0.599354103085496,0.8866666666666667,0.0
est-lifted_interaction__dir-first_order__support-projected__cal-none__controller-base,lifted_interaction,first_order,projected,none,base,13,0.000105069666589483,0.0095034990300216,0.0029779807654946276,0.3995315327791654,0.4253409772321909,0.9917281432595219,0.9904965009699784,1.0,4.290826233585777e-15,7.143185063351591e-16,4.047822270239137,8.060308515553244,9.022424899523216,0.6021721593943052,0.8866666666666667,0.0
est-lifted_interaction__dir-first_order__support-projected__cal-none__controller-base,lifted_interaction,first_order,projected,none,base,14,6.113577740452421e-05,0.0070426216497293005,0.0029855110656382506,0.4008551657680427,0.42675011594289425,0.9941441591885987,0.9929573783502708,1.0,4.952781927159631e-15,8.245180754979912e-16,4.038378190916499,8.087012015468506,8.9848416066441,0.6041671273512811,0.8866666666666667,0.0
est-lifted_interaction__dir-first_order__support-projected__cal-none__controller-base,lifted_interaction,first_order,projected,none,base,15,3.8850512717538845e-05,0.005300509008337465,0.0029908419411945426,0.40179219651201753,0.4277476781867714,0.9958545133596584,0.9946994909916627,1.0,5.390777229224663e-15,8.974336709849356e-16,4.031791373020031,8.105916047479344,8.958247202429112,0.6055794118173226,0.8866666666666667,
est-lifted_interaction__dir-lifted_interaction__support-projected__cal-none__controller-base,lifted_interaction,lifted_interaction,projected,none,base,0,0.67993970876371,0.7749194125533104,0.014772800627771513,0.0,0.0,0.262466667099221,0.24769385159015656,1.0,2.922896635674888e-15,4.865914034515771e-16,4.907141179057107e-05,0.0,0.9547942876815796,2.7696978744292806e-06,0.0,0.0
est-lifted_interaction__dir-lifted_interaction__support-projected__cal-none__controller-base,lifted_interaction,lifted_interaction,projected,none,base,1,0.3408448103043777,0.5487599658586367,0.009974986032219708,0.09210700965966306,0.09805705503658038,0.47708498845715674,0.46711000242493705,1.0,2.758254884521197e-15,4.591825447930832e-16,2.3197888750785465,2.3197691841567787,8.43935146830487,0.28892067376360026,1.0,0.0
est-lifted_interaction__dir-lifted_interaction__support-projected__cal-none__controller-base,lifted_interaction,lifted_interaction,projected,none,base,2,0.17066636263421892,0.3884116978071409,0.006573288568815634,0.15741136387769689,0.16758002271675274,0.6292505069277484,0.622677218358933,1.0,2.9045882413126965e-15,4.835434998073255e-16,3.9645174256036335,3.9644977348503194,11.412160245450465,0.49376522184203275,1.0,0.0
est-lifted_interaction__dir-lifted_interaction__support-projected__cal-none__controller-base,lifted_interaction,lifted_interaction,projected,none,base,3,0.08531862398264971,0.274723932524398,0.004161467178526683,0.2037124944386869,0.21687217240710555,0.7371366597264545,0.7329751925479276,1.0,3.984411091669356e-15,6.633078164174505e-16,5.130638617236111,5.130618926536797,10.774103309546181,0.6390010836594574,1.0,0.0
est-lifted_interaction__dir-lifted_interaction__support-projected__cal-none__controller-base,lifted_interaction,lifted_interaction,projected,none,base,4,0.04255639483581962,0.19411870908142811,0.0027732238505673136,0.2365402394933013,0.25182056575351186,0.8136285094089116,0.8111770362793074,1.0,4.543238608551525e-15,7.563390452362104e-16,5.418043761254376,5.957404983802528,8.88460799667793,0.7419740734496157,1.0,0.0
est-lifted_interaction__dir-lifted_interaction__support-projected__cal-none__controller-base,lifted_interaction,lifted_interaction,projected,none,base,5,0.02116035216758004,0.13696918177624728,0.0029767325710151494,0.25981528337049575,0.27659916042158283,0.8678616330866138,0.8666225547301561,1.0,3.442462104852828e-15,5.730864535147814e-16,5.318294229407805,6.543600646279432,7.548483977151469,0.8149824647218319,1.0,0.0
est-lifted_interaction__dir-lifted_interaction__support-projected__cal-none__controller-base,lifted_interaction,lifted_interaction,projected,none,base,6,0.010475734768982605,0.09644986638080741,0.003270563691136121,0.276317411877467,0.29416731434610915,0.906313202973483,0.9059337188868886,1.0,4.530599839613814e-15,7.542349967247988e-16,5.273234518560911,6.959216453642153,6.549483385443179,0.8667457980679756,1.0,0.0
est-lifted_interaction__dir-lifted_interaction__support-projected__cal-none__controller-base,lifted_interaction,lifted_interaction,projected,none,base,7,0.005154988037880514,0.06772145868378866,0.0036430799228088493,0.28801750776976365,0.30662322786543206,0.9335755682311325,0.9338055410022774,1.0,4.439471105164205e-15,7.390642725023318e-16,5.189922997069683,7.2538902466891475,6.165683722512741,0.9034462736217171,1.0,0.0
est-lifted_interaction__dir-lifted_interaction__support-projected__cal-none__controller-base,lifted_interaction,lifted_interaction,projected,none,base,8,0.002515963893660043,0.047352866550590816,0.003907195890041052,0.29631293728548397,0.31545453605338303,0.9529047285652417,0.9535668094535155,1.0,4.29449845675696e-15,7.149298424340288e-16,5.131318394813617,7.462815515580384,5.922677430213056,0.9294671037885818,1.0,0.0
est-lifted_interaction__dir-lifted_interaction__support-projected__cal-none__controller-base,lifted_interaction,lifted_interaction,projected,none,base,9,0.0012146356645342268,0.03291142761446677,0.004094455499733076,0.30219444043586335,0.32171598000043516,0.9666092048896818,0.9675776527053558,1.0,4.9020674292187974e-15,8.160753415240356e-16,5.094585835081559,7.610944629913645,5.747276735610092,0.9479160092143802,1.0,0.0
est-lifted_interaction__dir-lifted_interaction__support-projected__cal-none__controller-base,lifted_interaction,lifted_interaction,projected,none,base,10,0.0005783957487524726,0.02267237146458765,0.004227223547759486,0.306364457098939,0.326155376686372,0.9763257506723622,0.9775114142506756,1.0,4.421475810124109e-15,7.360684923018924e-16,5.07102841278861,7.715968950952473,5.621678149803089,0.9609963801797722,1.0,0.0
est-lifted_interaction__dir-lifted_interaction__support-projected__cal-none__controller-base,lifted_interaction,lifted_interaction,projected,none,base,11,0.0002712726209579794,0.015445496574352078,0.004321356792006414,0.30932102084220686,0.32930293228245544,0.9832148327293362,0.9845545034256478,1.0,4.987602292570854e-15,8.303148218718948e-16,5.055597081916492,7.790431746867471,5.532107040493157,0.9702704319808624,1.0,0.0
est-lifted_interaction__dir-lifted_interaction__support-projected__cal-none__controller-base,lifted_interaction,lifted_interaction,projected,none,base,12,0.00012589493618698819,0.01045190931132962,0.004388097757202269,0.3114172400840647,0.3315345657523411,0.9880992281358101,0.9895480906886703,1.0,4.794547483821339e-15,7.981758782000764e-16,5.045302232930023,7.843226260753722,5.468371755372106,0.9768457834779162,1.0,0.0
est-lifted_interaction__dir-lifted_interaction__support-projected__cal-none__controller-base,lifted_interaction,lifted_interaction,projected,none,base,13,5.92030821358875e-05,0.006911429681733093,0.0044354174525015,0.31290347055007106,0.33311680561813123,0.9915622901648992,0.9930885703182669,1.0,5.333723232091789e-15,8.879355641416887e-16,5.0383303090927996,7.880657848733137,5.423079064533291,0.9815077422675706,1.0,0.0
est-lifted_interaction__dir-lifted_interaction__support-projected__cal-none__controller-base,lifted_interaction,lifted_interaction,projected,none,base,14,3.02068619810782e-05,0.004401211005790603,0.004468967365311741,0.3139572157662098,0.3342386220036077,0.9940176193549608,0.9955987889942095,1.0,5.076895072809211e-15,8.451799042439379e-16,5.033552476953323,7.907197041454555,5.39091776000765,0.9848130955655925,1.0,0.0
est-lifted_interaction__dir-lifted_interaction__support-projected__cal-none__controller-base,lifted_interaction,lifted_interaction,projected,none,base,15,1.8841885211172208e-05,0.002744691611199323,0.004492754429925595,0.3147043266658531,0.3350339957202818,0.9957584606627194,0.9973785472361084,1.0,5.119178330701605e-15,8.522190412251244e-16,5.030248349856517,7.926013468657479,5.368092114192126,0.9871566084359737,1.0,
est-first_order__dir-first_order__support-unprojected__cal-response_gain__controller-base,first_order,first_order,unprojected,response_gain,base,0,0.67993970876371,0.7749194125533104,0.10263043830771498,0.0,0.0,0.2601307222153539,0.24769385159015656,1.0,2.922896635674888e-15,4.865914034515771e-16,4.907141179057107e-05,0.0,0.9547942876815796,2.7696978744292806e-06,0.0,0.0
est-first_order__dir-first_order__support-unprojected__cal-response_gain__controller-base,first_order,first_order,unprojected,response_gain,base,1,0.34626485976423454,0.562724876422949,0.10263042921537771,0.004075136432214387,0.004433857486163477,0.4802418323562861,0.4678049460278876,1.0,0.3843371969195749,0.06398282230208249,0.39303606527245466,0.3930320157935111,0.8231003943702863,0.014855890650352964,1.0,0.0
est-first_order__dir-first_order__support-unprojected__cal-response_gain__controller-base,first_order,first_order,unprojected,response_gain,base,2,0.18045387232314294,0.41365818405096694,0.10263042921537739,0.006937919775845015,0.0075486423701933494,0.6348698872302914,0.6224330009018924,1.0,0.6543340777555761,0.1089307549692954,0.6691410550796324,0.6691370068884526,0.7799913424491877,0.025290404779721845,1.0,0.0
est-first_order__dir-first_order__support-unprojected__cal-response_gain__controller-base,first_order,first_order,unprojected,response_gain,base,3,0.09782403214855048,0.30893883265964983,0.10263042921537786,0.008949025074745468,0.009736778751224265,0.7434960957792799,0.7310592094508808,1.0,0.8440068865428669,0.14050667766801245,0.8631048109118717,0.8631007631326489,0.7818451773154832,0.03262065095560348,1.0,0.0
est-first_order__dir-first_order__support-unprojected__cal-response_gain__controller-base,first_order,first_order,unprojected,response_gain,base,4,0.05648292979438366,0.23537348830724908,0.10263042921537796,0.0103618265472231,0.011273944558898564,0.8198060072849446,0.8073691209565451,1.0,0.9772520347159382,0.16268876336386115,0.9993643494796471,0.9993603018941967,0.7998033453552726,0.037770148894160346,1.0,0.0
est-first_order__dir-first_order__support-unprojected__cal-response_gain__controller-base,first_order,first_order,unprojected,response_gain,base,5,0.03568549864718123,0.18369383389968816,0.10263042921537806,0.011354319581638603,0.012353803538789697,0.8734137201176736,0.8609768337892743,1.0,1.0708567513075211,0.17827167856519485,1.0950866753523456,1.0950826278741836,0.8182703270958127,0.041387671195996525,1.0,0.0
est-first_order__dir-first_order__support-unprojected__cal-response_gain__controller-base,first_order,first_order,unprojected,response_gain,base,6,0.025144110917736127,0.14738887667837638,0.10263042921537709,0.012051545938315443,0.013112404472163205,0.9110731383826661,0.8986362520542661,1.0,1.1366140647131076,0.18921867649413177,1.162331609288484,1.1623275618751245,0.8421813328796823,0.04392898061303644,1.0,0.0
est-first_order__dir-first_order__support-unprojected__cal-response_gain__controller-base,first_order,first_order,unprojected,response_gain,base,7,0.019746768043846608,0.12188464423040511,0.10263042921537897,0.012541347453881009,0.013645321627858156,0.9375288797138225,0.9250919933854233,1.0,1.1828085773805321,0.19690894253920987,1.2095711753829295,1.2095671280107856,0.8752187608705468,0.04571425047850698,1.0,0.0
est-first_order__dir-first_order__support-unprojected__cal-response_gain__controller-base,first_order,first_order,unprojected,response_gain,base,8,0.016946086344810308,0.10396792093570517,0.10263042921537852,0.012885433018565751,0.014019695929733808,0.9561140379989607,0.9436771516705609,1.0,1.215260222529398,0.20231135443587736,1.2427569705661514,1.2427529232210872,0.8995037278155423,0.04696840255900005,1.0,0.0
est-first_order__dir-first_order__support-unprojected__cal-response_gain__controller-base,first_order,first_order,unprojected,response_gain,base,9,0.015467648293766656,0.09416687425790934,0.10263042921537802,0.013127153127756818,0.014282693876801466,0.9691701116942694,0.9567332253658701,1.0,1.2380575032464765,0.2061065487932862,1.2660699916832137,1.2660659443563242,0.9170928648392312,0.047849444395546406,1.0,0.0
est-first_order__dir-first_order__support-unprojected__cal-response_gain__controller-base,first_order,first_order,unprojected,response_gain,base,10,0.014670390275201905,0.09668478185775634,0.10263042921537696,0.013296961504463562,0.01446744993461652,0.9783420034652256,0.9659051171368248,1.0,1.2540725929502239,0.20877267282936593,1.2824473890183454,1.2824433417038283,0.9297095055888372,0.04846837628572024,1.0,0.0
est-first_order__dir-first_order__support-unprojected__cal-response_gain__controller-base,first_order,first_order,unprojected,response_gain,base,11,0.014229421641081425,0.09845361194664838,0.10263042921537696,0.013416251889100006,0.014597241065231551,0.9847852574343204,0.9723483711059201,1.0,1.265323193467106,0.21064562496471187,1.293952510646462,1.2939484633404494,0.9387008705316434,0.04890317593856732,1.0,0.0
est-first_order__dir-first_order__support-unprojected__cal-response_gain__controller-base,first_order,first_order,unprojected,response_gain,base,12,0.01397842029867393,0.09969621508409511,0.10263042921537786,0.013500053384307147,0.014688419334488646,0.9893116433476091,0.9768747570192099,1.0,1.273226740330216,0.2119613738397924,1.3020348585903039,1.3020308112901757,0.9450804642805221,0.049208622694692394,1.0,0.0
est-first_order__dir-first_order__support-unprojected__cal-response_gain__controller-base,first_order,first_order,unprojected,response_gain,base,13,0.013831099720233395,0.10056914378815185,0.1026304292153776,0.013558923934690147,0.014752472068641767,0.9924914294516965,0.9800545431232963,1.0,1.2787789820015512,0.21288568742453656,1.3077127080208968,1.3077086607248594,0.9495932653824884,0.04942319904087026,1.0,0.0
est-first_order__dir-first_order__support-unprojected__cal-response_gain__controller-base,first_order,first_order,unprojected,response_gain,base,14,0.013741922576358484,0.10118237620275147,0.10263042921537685,0.013600280496334197,0.014797469114384306,0.9947252291898163,0.9822883428614164,1.0,1.2826794317756633,0.21353501771781921,1.311701397245909,1.3116973499527236,0.9527788625939654,0.0495739389240602,1.0,0.0
est-first_order__dir-first_order__support-unprojected__cal-response_gain__controller-base,first_order,first_order,unprojected,response_gain,base,15,0.013686340452342346,0.10161317197400752,0.10263042921537563,0.013629333480889131,0.014829079539018419,0.9962944735058469,0.9838575871774462,1.0,1.2854194977419775,0.21399117224885034,1.3145034514264908,1.3144994041352986,0.9550243181010192,0.049679833692001185,1.0,
est-first_order__dir-lifted_interaction__support-unprojected__cal-response_gain__controller-base,first_order,lifted_interaction,unprojected,response_gain,base,0,0.67993970876371,0.7749194125533104,0.10263043830771498,0.0,0.0,0.2601307222153539,0.24769385159015656,1.0,2.922896635674888e-15,4.865914034515771e-16,4.907141179057107e-05,0.0,0.9547942876815796,2.7696978744292806e-06,0.0,0.0
est-first_order__dir-lifted_interaction__support-unprojected__cal-response_gain__controller-base,first_order,lifted_interaction,unprojected,response_gain,base,1,0.34626485976423466,0.562724876422949,0.10263042921537593,0.003658893116644342,0.003980973620431679,0.4802418323562869,0.4678049460278876,1.0,0.38221046328965275,0.06362877273046205,0.3931670636546991,0.3931625174790053,0.8335280090571461,0.021233432471664513,1.0,0.0
est-first_order__dir-lifted_interaction__support-unprojected__cal-response_gain__controller-base,first_order,lifted_interaction,unprojected,response_gain,base,2,0.18045387232314314,0.41365818405096705,0.10263042921537723,0.006229265531086979,0.006777607588784919,0.6348698872302899,0.6224330009018921,1.0,0.6507133137506331,0.10832798557361158,0.6693637308973664,0.6693591860080059,0.797673524692439,0.03614816973050474,1.0,0.0
est-first_order__dir-lifted_interaction__support-unprojected__cal-response_gain__controller-base,first_order,lifted_interaction,unprojected,response_gain,base,3,0.09782403214855015,0.30893883265964933,0.1026304292153779,0.008034952152232884,0.008742242951553037,0.7434960957792782,0.731059209450881,1.0,0.8393365661994729,0.13972918259592423,0.8633918901274907,0.86338734564963,0.8054079928226213,0.04662577265484006,1.0,0.0
est-first_order__dir-lifted_interaction__support-unprojected__cal-response_gain__controller-base,first_order,lifted_interaction,unprojected,response_gain,base,4,0.056482929794383525,0.23537348830724894,0.10263042921537763,0.00930344700358793,0.01012239929389768,0.8198060072849433,0.8073691209565454,1.0,0.9718444010447829,0.16178852350409895,0.9996966720821744,0.9996921277978712,0.827070037441759,0.05398628870918564,1.0,0.0
est-first_order__dir-lifted_interaction__support-unprojected__cal-response_gain__controller-base,first_order,lifted_interaction,unprojected,response_gain,base,5,0.03568549864718094,0.18369383389968746,0.10263042921537834,0.010194564636664825,0.011091959124394757,0.8734137201176733,0.860976833789275,1.0,1.0649311550236134,0.17728521049209167,1.0954507814341443,1.0954462372570104,0.8481440441497178,0.05915705123736339,1.0,0.0
est-first_order__dir-lifted_interaction__support-unprojected__cal-response_gain__controller-base,first_order,lifted_interaction,unprojected,response_gain,base,6,0.025144110917735916,0.1473888766783757,0.10263042921537893,0.010820574773901387,0.011773074905318993,0.9110731383826642,0.8986362520542671,1.0,1.130324599693741,0.1881716331011564,1.162718043264458,1.1627134991520551,0.8658091849192769,0.06278951191340824,1.0,0.0
est-first_order__dir-lifted_interaction__support-unprojected__cal-response_gain__controller-base,first_order,lifted_interaction,unprojected,response_gain,base,7,0.019746768043846386,0.12188464423040386,0.10263042921537856,0.011260346895309994,0.01225155874141821,0.9375288797138229,0.9250919933854248,1.0,1.1762634945745067,0.19581934498402462,1.2099732947045585,1.2099687506333248,0.8796190210578936,0.06534131553832981,1.0,0.0
est-first_order__dir-lifted_interaction__support-unprojected__cal-response_gain__controller-base,first_order,lifted_interaction,unprojected,response_gain,base,8,0.016946086344810183,0.10396792093570419,0.10263042921537885,0.011569286810599565,0.012587693636277934,0.95611403799896,0.9436771516705621,1.0,1.2085355682282437,0.20119186258173932,1.2431701088430998,1.2431655647989162,0.8900069932906466,0.06713395758483715,1.0,0.0
est-first_order__dir-lifted_interaction__support-unprojected__cal-response_gain__controller-base,first_order,lifted_interaction,unprojected,response_gain,base,9,0.015467648293766503,0.09416687425790965,0.10263042921537817,0.011786317101090498,0.012823828399916897,0.9691701116942698,0.9567332253658716,1.0,1.2312066999699942,0.20496605619413397,1.2664908707762736,1.2664863267502442,0.8976417677305945,0.0683932886225086,1.0,0.0
est-first_order__dir-lifted_interaction__support-unprojected__cal-response_gain__controller-base,first_order,lifted_interaction,unprojected,response_gain,base,10,0.01467039027520173,0.09668478185775652,0.102630429215379,0.011938780880160413,0.012989713071373282,0.9783420034652242,0.9659051171368265,1.0,1.2471331700185737,0.20761742720684126,1.2828737060347224,1.282869162021052,0.9031710457588606,0.06927796867647276,1.0,0.0
est-first_order__dir-lifted_interaction__support-unprojected__cal-response_gain__controller-base,first_order,lifted_interaction,unprojected,response_gain,base,11,0.014229421641081331,0.09845361194664923,0.10263042921537749,0.012045886684957001,0.01310624705307139,0.9847852574343205,0.9723483711059221,1.0,1.258321515227701,0.20948001534326802,1.2943826478039704,1.2943781037987947,0.9071370078766338,0.06989945641438262,1.0,0.0
est-first_order__dir-lifted_interaction__support-unprojected__cal-response_gain__controller-base,first_order,lifted_interaction,unprojected,response_gain,base,12,0.013978420298673858,0.09969621508409592,0.10263042921537789,0.012121128512826611,0.013188112175214317,0.9893116433476095,0.9768747570192116,1.0,1.2661813277371128,0.21078848350910787,1.302467679396956,1.3024631353976586,0.9099633167051818,0.07033605155026426,1.0,0.0
est-first_order__dir-lifted_interaction__support-unprojected__cal-response_gain__controller-base,first_order,lifted_interaction,unprojected,response_gain,base,13,0.013831099720233293,0.10056914378815222,0.1026304292153776,0.01217398589690498,0.013245622423519687,0.9924914294516961,0.9800545431232977,1.0,1.2717028460249746,0.21170768239561036,1.3081474140910725,1.308142870095861,0.9119686226351184,0.07064275963322113,1.0,0.0
est-first_order__dir-lifted_interaction__support-unprojected__cal-response_gain__controller-base,first_order,lifted_interaction,unprojected,response_gain,base,14,0.013741922576358376,0.1011823762027518,0.10263042921537671,0.012211118209220044,0.013286023372954217,0.9947252291898171,0.9822883428614181,1.0,1.2755817126221975,0.21235341961337834,1.3121374277137101,1.3121328837213475,0.9133871245562701,0.07085822206149828,1.0,0.0
est-first_order__dir-lifted_interaction__support-unprojected__cal-response_gain__controller-base,first_order,lifted_interaction,unprojected,response_gain,base,15,0.013686340452342256,0.10161317197400778,0.10263042921537717,0.012237203658621394,0.01331440503993198,0.9962944735058454,0.9838575871774476,1.0,1.2783066164067463,0.21280705000886033,1.314940412283623,1.3149358682932517,0.914388442885954,0.07100958441736296,1.0,
est-lifted_interaction__dir-first_order__support-unprojected__cal-response_gain__controller-base,lifted_interaction,first_order,unprojected,response_gain,base,0,0.67993970876371,0.7749194125533104,0.014772800627771513,0.0,0.0,0.262466667099221,0.24769385159015656,1.0,2.922896635674888e-15,4.865914034515771e-16,4.907141179057107e-05,0.0,0.9547942876815796,2.7696978744292806e-06,0.0,0.0
est-lifted_interaction__dir-first_order__support-unprojected__cal-response_gain__controller-base,lifted_interaction,first_order,unprojected,response_gain,base,1,0.3408448103043774,0.5487599658586366,0.014772831212266373,0.004187116127155023,0.004457600762874403,0.4818828336372036,0.46711000242493717,1.0,0.39489830641401696,0.06574099090379897,0.403835357908959,0.4038320481267987,0.8315048705639138,0.015563256398408413,1.0,0.0
est-lifted_interaction__dir-first_order__support-unprojected__cal-response_gain__controller-base,lifted_interaction,first_order,unprojected,response_gain,base,2,0.17196286356657073,0.3898829238152252,0.01477283121226559,0.00712856520648149,0.007589065298793721,0.6360226906301347,0.621249859417869,1.0,0.6723143666698636,0.1119240370137177,0.6875273704161582,0.6875240619358747,0.7754422643191695,0.026494730895514313,1.0,0.0
est-lifted_interaction__dir-first_order__support-unprojected__cal-response_gain__controller-base,lifted_interaction,first_order,unprojected,response_gain,base,3,0.087539203748944,0.27827180177972827,0.0147728312122662,0.009194933184708253,0.009788919135276982,0.7443059401676704,0.7295331089554041,1.0,0.8671991489995968,0.14436762690593577,0.8868210097005665,0.8868177016367514,0.7512926269372923,0.034174091729731314,1.0,0.0
est-lifted_interaction__dir-first_order__support-unprojected__cal-response_gain__controller-base,lifted_interaction,first_order,unprojected,response_gain,base,4,0.04511734705884945,0.1998649885497917,0.014772831212265174,0.010646556689412586,0.011334316455406501,0.8203749229677872,0.805602091755522,1.0,1.0041057085862342,0.16715924880521896,1.0268247913945385,1.0268214835266174,0.7548648213617402,0.03956884271576879,1.0,0.0
est-lifted_interaction__dir-first_order__support-unprojected__cal-response_gain__controller-base,lifted_interaction,first_order,unprojected,response_gain,base,5,0.02364922296782247,0.14478420225576125,0.01477283121226543,0.011666322201467367,0.012419958072797463,0.8738133833848709,0.8590405521726056,1.0,1.100282566695847,0.18317036318946536,1.125177448063706,1.1251741403042481,0.8021810320210331,0.04335865528346005,1.0,0.0
est-lifted_interaction__dir-first_order__support-unprojected__cal-response_gain__controller-base,lifted_interaction,first_order,unprojected,response_gain,base,6,0.012680366996927797,0.10608994988420475,0.014772831212265752,0.012382707473685865,0.013182621309014628,0.9113539018278722,0.8965810706156062,1.0,1.1678468095178502,0.19441817104439854,1.1942701893844803,1.1942668816905342,0.8394233684300803,0.046020998612263164,1.0,0.0
est-lifted_interaction__dir-first_order__support-unprojected__cal-response_gain__controller-base,lifted_interaction,first_order,unprojected,response_gain,base,7,0.007004290724212864,0.07890723759318649,0.014772831212267419,0.012885968127419435,0.013718392232457265,0.937726116034082,0.9229532848218144,1.0,1.2153106901003075,0.202319756062489,1.242807840166679,1.2428045325143995,0.8675487647535721,0.047891294800747365,1.0,0.0
est-lifted_interaction__dir-first_order__support-unprojected__cal-response_gain__controller-base,lifted_interaction,first_order,unprojected,response_gain,base,8,0.004018440307902061,0.059811382208746725,0.014772831212266472,0.01323950873666719,0.014094771306175638,0.9562525965139415,0.9414797653016752,1.0,1.2486540662094818,0.20787061953769737,1.2769055398430667,1.2769022322181638,0.8882707166124986,0.049205177873157445,1.0,0.0
est-lifted_interaction__dir-first_order__support-unprojected__cal-response_gain__controller-base,lifted_interaction,first_order,unprojected,response_gain,base,9,0.002415172877462378,0.0463965438011776,0.014772831212266732,0.01348787101466369,0.014359177605462762,0.9692674490510442,0.9544946178387775,1.0,1.272077787926178,0.21177010112903136,1.3008591738665882,1.3008558662600584,0.9033018469467261,0.05012818073152553,1.0,0.0
est-lifted_interaction__dir-first_order__support-unprojected__cal-response_gain__controller-base,lifted_interaction,first_order,unprojected,response_gain,base,10,0.0015328139392502512,0.03697261981985994,0.014772831212266885,0.01366234551495637,0.014544923030712063,0.9784103829583586,0.9636375517460917,1.0,1.2885329524321576,0.21450948694694352,1.317686601768512,1.3176832941744905,0.9140945062260124,0.05077659023952922,1.0,0.0
est-lifted_interaction__dir-first_order__support-unprojected__cal-response_gain__controller-base,lifted_interaction,first_order,unprojected,response_gain,base,11,0.0010333409387889598,0.030352313222984435,0.014772831212266354,0.013784913851411867,0.014675409191949608,0.9848332940282464,0.97006046281598,1.0,1.3000927054976077,0.21643390548402688,1.3295078698698026,1.3295045622843784,0.921791263211691,0.05123209791890178,1.0,0.0
est-lifted_interaction__dir-first_order__support-unprojected__cal-response_gain__controller-base,lifted_interaction,first_order,unprojected,response_gain,base,12,0.0007418714881835938,0.025701547838679163,0.01477283121226594,0.013871018107771898,0.014767075720219033,0.9893453890548427,0.9745725578425766,1.0,1.308213432026087,0.21778580950632795,1.3378123107110507,1.3378090031315755,0.9272548696528428,0.05155209206366099,1.0,0.0
est-lifted_interaction__dir-first_order__support-unprojected__cal-response_gain__controller-base,lifted_interaction,first_order,unprojected,response_gain,base,13,0.0005664335693978408,0.022434385156205012,0.01477283121226686,0.013931506347864797,0.01483147145632829,0.9925151358110279,0.977742304598761,1.0,1.313918242412343,0.21873552208199437,1.3436461804020707,1.3436428728267304,0.9311209761225934,0.05177688795035427,1.0,0.0
est-lifted_interaction__dir-first_order__support-unprojected__cal-response_gain__controller-base,lifted_interaction,first_order,unprojected,response_gain,base,14,0.0004576577239224601,0.020139203371767177,0.014772831212265183,0.01397399933653007,0.014876709460945057,0.9947418829072455,0.97996905169498,1.0,1.3179258717086875,0.21940269516639993,1.3477444738600333,1.3477411662875767,0.9338506867781653,0.0519348070607563,1.0,0.0
est-lifted_interaction__dir-first_order__support-unprojected__cal-response_gain__controller-base,lifted_interaction,first_order,unprojected,response_gain,base,15,0.00038838337874378537,0.018526838168198934,0.014772831212265558,0.014003850661067413,0.014908489159188309,0.9963061727423403,0.981533341530075,1.0,1.3207412312893705,0.21987138425819497,1.3506235250142633,1.350620217443822,0.9357751012849482,0.05204574523581376,1.0,
est-lifted_interaction__dir-lifted_interaction__support-unprojected__cal-response_gain__controller-base,lifted_interaction,lifted_interaction,unprojected,response_gain,base,0,0.67993970876371,0.7749194125533104,0.014772800627771513,0.0,0.0,0.262466667099221,0.24769385159015656,1.0,2.922896635674888e-15,4.865914034515771e-16,4.907141179057107e-05,0.0,0.9547942876815796,2.7696978744292806e-06,0.0,0.0
est-lifted_interaction__dir-lifted_interaction__support-unprojected__cal-response_gain__controller-base,lifted_interaction,lifted_interaction,unprojected,response_gain,base,1,0.34084481030437763,0.5487599658586367,0.014772831212266945,0.0037594349615217505,0.004002291707118836,0.481882833637204,0.46711000242493705,1.0,0.3927131327816409,0.06537721248906289,0.4039699211222724,0.40396613583675467,0.8476427958754796,0.02183909615116785,1.0,0.0
est-lifted_interaction__dir-lifted_interaction__support-unprojected__cal-response_gain__controller-base,lifted_interaction,lifted_interaction,unprojected,response_gain,base,2,0.17196286356657067,0.3898829238152251,0.014772831212265008,0.006400438021990865,0.0068139016313698945,0.6360226906301338,0.6212498594178689,1.0,0.6685941085607439,0.1113047042626296,0.6877561302471447,0.687752346262075,0.802733431909071,0.03717934807458735,1.0,0.0
est-lifted_interaction__dir-lifted_interaction__support-unprojected__cal-response_gain__controller-base,lifted_interaction,lifted_interaction,unprojected,response_gain,base,3,0.08753920374894397,0.27827180177972827,0.014772831212265157,0.008255742671970398,0.008789057603156236,0.7443059401676692,0.7295331089554041,1.0,0.8624004940455642,0.1435687672335603,0.887115942654921,0.8871121590858632,0.7863208733652288,0.04795587505078953,1.0,0.0
est-lifted_interaction__dir-lifted_interaction__support-unprojected__cal-response_gain__controller-base,lifted_interaction,lifted_interaction,unprojected,response_gain,base,4,0.045117347058849316,0.19986498854979157,0.014772831212265957,0.009559094188581075,0.010176604673336207,0.8203749229677885,0.8056020917555224,1.0,0.9985494798486506,0.16623427147063913,1.027166210967953,1.0271624275945745,0.7822398398093633,0.0555263852515716,1.0,0.0
est-lifted_interaction__dir-lifted_interaction__support-unprojected__cal-response_gain__controller-base,lifted_interaction,lifted_interaction,unprojected,response_gain,base,5,0.0236492229678225,0.14478420225576136,0.014772831212264255,0.010474698628999963,0.011151356490137506,0.8738133833848697,0.8590405521726053,1.0,1.094194142375318,0.18215678819718692,1.1255515244869776,1.1255477412219435,0.7830241334019565,0.06084466866762095,1.0,0.0
est-lifted_interaction__dir-lifted_interaction__support-unprojected__cal-response_gain__controller-base,lifted_interaction,lifted_interaction,unprojected,response_gain,base,6,0.01268036699692775,0.10608994988420482,0.01477283121226489,0.011117910748394327,0.011836119641440525,0.9113539018278716,0.8965810706156067,1.0,1.1613845178003026,0.19334235619758686,1.1946672072447648,1.1946634240451708,0.7994435980950617,0.06458076276739565,1.0,0.0
est-lifted_interaction__dir-lifted_interaction__support-unprojected__cal-response_gain__controller-base,lifted_interaction,lifted_interaction,unprojected,response_gain,base,7,0.007004290724212829,0.07890723759318663,0.014772831212265655,0.011569767262268769,0.012317165755230805,0.9377261160340807,0.9229532848218149,1.0,1.208585756536354,0.20120021771786772,1.243220974386461,1.2432171912284875,0.826025801381698,0.06720536887248732,1.0,0.0
est-lifted_interaction__dir-lifted_interaction__support-unprojected__cal-response_gain__controller-base,lifted_interaction,lifted_interaction,unprojected,response_gain,base,8,0.004018440307901966,0.05981138220874626,0.01477283121226643,0.011887196463265625,0.01265510065016853,0.9562525965139423,0.9414797653016758,1.0,1.24174462674843,0.206720365435865,1.277329995805395,1.2773262126747678,0.8456698733481733,0.06904915466131428,1.0,0.0
est-lifted_interaction__dir-lifted_interaction__support-unprojected__cal-response_gain__controller-base,lifted_interaction,lifted_interaction,unprojected,response_gain,base,9,0.002415172877462308,0.04639654380117705,0.014772831212265681,0.012110190476965902,0.01289249991386227,0.9692674490510437,0.9544946178387781,1.0,1.265038733072413,0.21059826920775812,1.3012915833530527,1.3012878002407793,0.8599469439380842,0.07034441417796519,1.0,0.0
est-lifted_interaction__dir-lifted_interaction__support-unprojected__cal-response_gain__controller-base,lifted_interaction,lifted_interaction,unprojected,response_gain,base,10,0.0015328139392501979,0.0369726198198595,0.014772831212266852,0.0122668437715904,0.013059272896607165,0.9784103829583591,0.9636375517460926,1.0,1.2814028427650115,0.21332249660751307,1.318124598605682,1.3181208155059028,0.8702114599735974,0.07125433398841247,1.0,0.0
est-lifted_interaction__dir-lifted_interaction__support-unprojected__cal-response_gain__controller-base,lifted_interaction,lifted_interaction,unprojected,response_gain,base,11,0.001033340938788933,0.030352313222984293,0.014772831212266397,0.012376892711064045,0.0131764309169854,0.9848332940282469,0.9700604628159806,1.0,1.2928986298240617,0.21523626635584078,1.3299497918208427,1.3299460087296515,0.8775379877303054,0.07189355265525169,1.0,0.0
est-lifted_interaction__dir-lifted_interaction__support-unprojected__cal-response_gain__controller-base,lifted_interaction,lifted_interaction,unprojected,response_gain,base,12,0.0007418714881835866,0.025701547838679253,0.01477283121226627,0.012454202091044256,0.013258734426301091,0.9893453890548434,0.9745725578425772,1.0,1.3009744202330444,0.21658068960404112,1.3382569900545838,1.3382532069693351,0.882741902067792,0.07234260376870624,1.0,0.0
est-lifted_interaction__dir-lifted_interaction__support-unprojected__cal-response_gain__controller-base,lifted_interaction,lifted_interaction,unprojected,response_gain,base,13,0.0005664335693978303,0.02243438515620489,0.01477283121226688,0.012508511930480476,0.013316552641595463,0.9925151358110282,0.9777423045987612,1.0,1.306647662995355,0.21752514693590183,1.344092796813831,1.344089013732713,0.8864257704006611,0.07265806217590808,1.0,0.0
est-lifted_interaction__dir-lifted_interaction__support-unprojected__cal-response_gain__controller-base,lifted_interaction,lifted_interaction,unprojected,response_gain,base,14,0.00045765772392244314,0.020139203371766615,0.014772831212266179,0.012546664592684317,0.013357169937839685,0.9947418829072464,0.9799690516949804,1.0,1.3106331160358784,0.21818862821153395,1.3481924510622239,1.348188667983986,0.8890275556778121,0.0728796717069674,1.0,0.0
est-lifted_interaction__dir-lifted_interaction__support-unprojected__cal-response_gain__controller-base,lifted_interaction,lifted_interaction,unprojected,response_gain,base,15,0.00038838337874379003,0.018526838168198695,0.014772831212264954,0.012573466837882559,0.013385703588451264,0.9963061727423393,0.9815333415300744,1.0,1.3134328967968458,0.21865472380766565,1.3510724581717302,1.3510686750955057,0.8908621505713609,0.07303535240253654,1.0,
est-first_order__dir-first_order__support-projected__cal-response_gain__controller-base,first_order,first_order,projected,response_gain,base,0,0.67993970876371,0.7749194125533104,0.10263043830771498,0.0,0.0,0.2601307222153539,0.24769385159015656,1.0,2.922896635674888e-15,4.865914034515771e-16,4.907141179057107e-05,0.0,0.9547942876815796,2.7696978744292806e-06,0.0,0.0
est-first_order__dir-first_order__support-projected__cal-response_gain__controller-base,first_order,first_order,projected,response_gain,base,1,0.34626485976423454,0.5627248764229489,0.10263042921537749,0.11486120774372002,0.1249720676339506,0.48024183235628615,0.4678049460278876,1.0,2.744798050873398e-15,4.569423083472314e-16,2.317277774608597,2.317255823197231,9.412224408455799,0.17937794965933596,1.0,0.0
est-first_order__dir-first_order__support-projected__cal-response_gain__controller-base,first_order,first_order,projected,response_gain,base,2,0.18045387232314294,0.41365818405096694,0.10263042921537745,0.19555120618368335,0.21276494514680092,0.634869887230291,0.6224330009018926,1.0,3.1347408622945845e-15,5.218583295158959e-16,3.9451499902399556,3.945128038993286,13.732278540138655,0.3053897058656619,1.0,0.0
est-first_order__dir-first_order__support-projected__cal-response_gain__controller-base,first_order,first_order,projected,response_gain,base,3,0.09782403214855036,0.30893883265964966,0.1026304292153775,0.25223593008775763,0.2744394415995782,0.7434960957792793,0.7310592094508807,1.0,3.574165004526401e-15,5.950117922382319e-16,4.495818857526462,5.088708270590016,13.090443111165186,0.3939129646006058,1.0,0.0
est-first_order__dir-first_order__support-projected__cal-response_gain__controller-base,first_order,first_order,projected,response_gain,base,4,0.056482929794383664,0.23537348830724908,0.10263042921537753,0.29205694863036974,0.31776577535765427,0.8198060072849436,0.8073691209565452,1.0,3.614268375178249e-15,6.016880308607164e-16,4.388837260134928,5.892073383286717,10.800539956908613,0.45610055386190407,1.0,0.0
est-first_order__dir-first_order__support-projected__cal-response_gain__controller-base,first_order,first_order,projected,response_gain,base,5,0.03568549864718106,0.18369383389968774,0.10263042921537735,0.3200312141565547,0.34820252482270264,0.873413720117673,0.8609768337892745,1.0,3.622118762296426e-15,6.029949299275008e-16,4.338358471489792,6.456437374956151,9.135243835633757,0.49978733531796593,1.0,0.0
est-first_order__dir-first_order__support-projected__cal-response_gain__controller-base,first_order,first_order,projected,response_gain,base,6,0.02514411091773594,0.14738887667837589,0.10263042921537738,0.3396831356886997,0.3695843413218992,0.9110731383826652,0.8986362520542668,1.0,4.6290813098098e-15,7.706297731297384e-16,4.230093184470542,6.852903079103926,7.869740951316422,0.5304772992908494,1.0,0.0
est-first_order__dir-first_order__support-projected__cal-response_gain__controller-base,first_order,first_order,projected,response_gain,base,7,0.019746768043846424,0.12188464423040447,0.10263042921537734,0.35348861056503167,0.3846050674125848,0.9375288797138224,0.9250919933854238,1.0,4.112973289266001e-15,6.847103044137209e-16,4.14933750142029,7.131420236267741,7.081938781574085,0.5520369989818,1.0,0.0
est-first_order__dir-first_order__support-projected__cal-response_gain__controller-base,first_order,first_order,projected,response_gain,base,8,0.016946086344810072,0.10396792093570432,0.10263042921537735,0.3631869566656547,0.39515712749129145,0.9561140379989601,0.9436771516705619,1.0,5.671640564446938e-15,9.441906047730995e-16,4.100815513795194,7.327078539175317,6.650464016210974,0.5671826880146928,1.0,0.0
est-first_order__dir-first_order__support-projected__cal-response_gain__controller-base,first_order,first_order,projected,response_gain,base,9,0.015467648293766364,0.09416687425790868,0.10263042921537743,0.37000004480134235,0.4025699496965828,0.9691701116942698,0.9567332253658711,1.0,4.1884704584645e-15,6.972787521201984e-16,4.071314591233508,7.464528496967893,6.347503783923334,0.5778225345603001,1.0,0.0
est-first_order__dir-first_order__support-projected__cal-response_gain__controller-base,first_order,first_order,projected,response_gain,base,10,0.014670390275201641,0.0966847818577556,0.10263042921537753,0.3747862392166632,0.4077774572958001,0.9783420034652244,0.9659051171368258,1.0,4.434363198065992e-15,7.382139298479651e-16,4.053049955536939,7.561087092317175,6.13493848949808,0.5852970267585892,1.0,0.0
est-first_order__dir-first_order__support-projected__cal-response_gain__controller-base,first_order,first_order,projected,response_gain,base,11,0.014229421641081205,0.09845361194664817,0.10263042921537745,0.3781485407934258,0.4114357313842501,0.9847852574343202,0.9723483711059216,1.0,4.515039577125295e-15,7.516445903895389e-16,4.041502815599933,7.628919505550049,5.985796735957789,0.5905478575278873,1.0,0.0
est-first_order__dir-first_order__support-projected__cal-response_gain__controller-base,first_order,first_order,projected,response_gain,base,12,0.013978420298673796,0.0996962150840952,0.10263042921537743,0.3805105576511017,0.4140056689313863,0.9893116433476098,0.9768747570192113,1.0,5.408102341582724e-15,9.003178820221554e-16,4.034048871045126,7.676571775846138,5.881132902337662,0.5942365661433191,1.0,0.0
est-first_order__dir-first_order__support-projected__cal-response_gain__controller-base,first_order,first_order,projected,response_gain,base,13,0.013831099720233246,0.10056914378815145,0.10263042921537723,0.382169874493619,0.4158110500582495,0.992491429451696,0.9800545431232973,1.0,4.724788182172091e-15,7.865626462851984e-16,4.029145598874499,7.710047495729144,5.807665293053596,0.5968278839456601,1.0,0.0
est-first_order__dir-first_order__support-projected__cal-response_gain__controller-base,first_order,first_order,projected,response_gain,base,14,0.013741922576358387,0.10118237620275122,0.10263042921537753,0.3833355445754872,0.4170793302998708,0.9947252291898163,0.9822883428614178,1.0,4.3853928652830176e-15,7.300615570731213e-16,4.02586835978793,7.733564188946954,5.756085011301282,0.5986482847018045,1.0,0.0
est-first_order__dir-first_order__support-projected__cal-response_gain__controller-base,first_order,first_order,projected,response_gain,base,15,0.01368634045234229,0.10161317197400772,0.10263042921537763,0.3841544278079999,0.4179702971696099,0.9962944735058459,0.9838575871774475,1.0,4.3147367266419715e-15,7.18299023549291e-16,4.0236496716758605,7.7500846659324685,5.71986559365935,0.5999271162329961,1.0,
est-first_order__dir-lifted_interaction__support-projected__cal-response_gain__controller-base,first_order,lifted_interaction,projected,response_gain,base,0,0.67993970876371,0.7749194125533104,0.10263043830771498,0.0,0.0,0.2601307222153539,0.24769385159015656,1.0,2.922896635674888e-15,4.865914034515771e-16,4.907141179057107e-05,0.0,0.9547942876815796,2.7696978744292806e-06,0.0,0.0
est-first_order__dir-lifted_interaction__support-projected__cal-response_gain__controller-base,first_order,lifted_interaction,projected,response_gain,base,1,0.3462648597642347,0.5627248764229491,0.10263042921537738,0.08964371164490416,0.09753475707517835,0.4802418323562861,0.4678049460278874,1.0,2.8657708083466086e-15,4.770813386228282e-16,2.2577512717463586,2.2577295755846754,8.6255656797469,0.2956215508595316,1.0,0.0
est-first_order__dir-lifted_interaction__support-projected__cal-response_gain__controller-base,first_order,lifted_interaction,projected,response_gain,base,2,0.18045387232314314,0.41365818405096705,0.10263042921537753,0.15261841907544926,0.16605292392049106,0.6348698872302909,0.6224330009018924,1.0,3.0989564603478056e-15,5.159010944387347e-16,3.84380629842486,3.84378460243291,11.717944179752802,0.5032939412858486,1.0,0.0
est-first_order__dir-lifted_interaction__support-projected__cal-response_gain__controller-base,first_order,lifted_interaction,projected,response_gain,base,3,0.09782403214855037,0.3089388326596497,0.10263042921537753,0.19685815104540727,0.21418693612932332,0.7434960957792793,0.7310592094508808,1.0,3.986833688630899e-15,6.637111200584779e-16,4.958009954731448,4.9579882587937965,11.023359592083061,0.6491837955603365,1.0,0.0
est-first_order__dir-lifted_interaction__support-projected__cal-response_gain__controller-base,first_order,lifted_interaction,projected,response_gain,base,4,0.056482929794383706,0.23537348830724925,0.10263042921537739,0.2279365627543027,0.24800107970602797,0.8198060072849436,0.8073691209565451,1.0,4.121263608004434e-15,6.860904414260116e-16,4.988706019555098,5.740716327387315,9.192499890906072,0.7516714181881641,1.0,0.0
est-first_order__dir-lifted_interaction__support-projected__cal-response_gain__controller-base,first_order,lifted_interaction,projected,response_gain,base,5,0.03568549864718113,0.18369383389968796,0.10263042921537753,0.2497691469798018,0.27175551556866295,0.8734137201176728,0.8609768337892744,1.0,4.260920438306683e-15,7.093399166995972e-16,5.046350101663506,6.290582795574266,7.456124511543771,0.8236689730842128,1.0,0.0
est-first_order__dir-lifted_interaction__support-projected__cal-response_gain__controller-base,first_order,lifted_interaction,projected,response_gain,base,6,0.025144110917735992,0.14738887667837605,0.10263042921537753,0.2651065373982149,0.288443006762164,0.9110731383826652,0.8986362520542668,1.0,4.118359586857599e-15,6.856069923336816e-16,5.086679883080023,6.676863989475598,6.076972326510186,0.8742472553986872,1.0,0.0
est-first_order__dir-lifted_interaction__support-projected__cal-response_gain__controller-base,first_order,lifted_interaction,projected,response_gain,base,7,0.019746768043846452,0.12188464423040453,0.10263042921537743,0.2758810541671501,0.3001659693255986,0.9375288797138224,0.9250919933854236,1.0,4.704322866146309e-15,7.831556674938442e-16,5.063928729049091,6.948226528191283,5.04527402329913,0.9097784987246056,1.0,0.0
est-first_order__dir-lifted_interaction__support-projected__cal-response_gain__controller-base,first_order,lifted_interaction,projected,response_gain,base,8,0.01694608634481013,0.10396792093570453,0.1026304292153776,0.28345015219732705,0.3084013505264113,0.9561140379989601,0.9436771516705615,1.0,4.577461317886353e-15,7.620362963678108e-16,5.05512185794563,7.138858711639053,4.345492750707523,0.9347391971610632,1.0,0.0
est-first_order__dir-lifted_interaction__support-projected__cal-response_gain__controller-base,first_order,lifted_interaction,projected,response_gain,base,9,0.015467648293766397,0.09416687425790869,0.10263042921537753,0.28876744356352646,0.3141867058199823,0.9691701116942695,0.9567332253658709,1.0,5.0259343419932314e-15,8.366961784679358e-16,5.052608525429454,7.272777820511111,3.9333231747021578,0.9522740878126745,1.0,0.0
est-first_order__dir-lifted_interaction__support-projected__cal-response_gain__controller-base,first_order,lifted_interaction,projected,response_gain,base,10,0.014670390275201674,0.09668478185775575,0.10263042921537753,0.2925028407482815,0.3182509179137159,0.9783420034652244,0.9659051171368258,1.0,4.589600859339159e-15,7.640572356103016e-16,5.052696532767656,7.366855994493732,3.6402680750766097,0.9645923484954317,1.0,0.0
est-first_order__dir-lifted_interaction__support-projected__cal-response_gain__controller-base,first_order,lifted_interaction,projected,response_gain,base,11,0.014229421641081236,0.09845361194664817,0.10263042921537753,0.29512695727057187,0.32110602690956375,0.9847852574343201,0.9723483711059216,1.0,5.824271603973468e-15,9.69599971230678e-16,5.053685824974206,7.432945911716522,3.4327727896657003,0.9732459266250685,1.0,0.0
est-first_order__dir-lifted_interaction__support-projected__cal-response_gain__controller-base,first_order,lifted_interaction,projected,response_gain,base,12,0.013978420298673808,0.09969621508409524,0.10263042921537764,0.29697039912748086,0.32311174097914686,0.9893116433476098,0.9768747570192113,1.0,4.445491140015074e-15,7.400664623065003e-16,5.0548425363549825,7.479374078565533,3.2862403240010027,0.9793250652611384,1.0,0.0
est-first_order__dir-lifted_interaction__support-projected__cal-response_gain__controller-base,first_order,lifted_interaction,projected,response_gain,base,13,0.013831099720233279,0.1005691437881516,0.10263042921537739,0.29826541703195947,0.3245207551130291,0.992491429451696,0.9800545431232973,1.0,4.505872572618011e-15,7.501185064582073e-16,5.0558842926210215,7.511989865776964,3.182934149380994,0.9835956601529773,1.0,0.0
est-first_order__dir-lifted_interaction__support-projected__cal-response_gain__controller-base,first_order,lifted_interaction,projected,response_gain,base,14,0.013741922576358447,0.10118237620275142,0.10263042921537757,0.29917516710985576,0.3255105875420813,0.9947252291898163,0.9822883428614178,1.0,5.790541477508574e-15,9.639847232007517e-16,5.0567296472919105,7.534902456292994,3.1101842203783567,0.9865957530644944,1.0,0.0
est-first_order__dir-lifted_interaction__support-projected__cal-response_gain__controller-base,first_order,lifted_interaction,projected,response_gain,base,15,0.013686340452342283,0.10161317197400768,0.10263042921537749,0.29981426653957777,0.3262059448234904,0.996294473505846,0.9838575871774476,1.0,4.782173923990503e-15,7.961159805730816e-16,5.0573796738082715,7.550998551130505,3.058991175904648,0.9887033183348352,1.0,
est-lifted_interaction__dir-first_order__support-projected__cal-response_gain__controller-base,lifted_interaction,first_order,projected,response_gain,base,0,0.67993970876371,0.7749194125533104,0.014772800627771513,0.0,0.0,0.262466667099221,0.24769385159015656,1.0,2.922896635674888e-15,4.865914034515771e-16,4.907141179057107e-05,0.0,0.9547942876815796,2.7696978744292806e-06,0.0,0.0
est-lifted_interaction__dir-first_order__support-projected__cal-response_gain__controller-base,lifted_interaction,first_order,projected,response_gain,base,1,0.3408448103043776,0.5487599658586367,0.014772831212265719,0.11801745127509783,0.1256412922069621,0.4818828336372028,0.46711000242493705,1.0,2.603942080277076e-15,4.334932052963557e-16,2.3809509532717823,2.380931139225881,9.03155431993278,0.17787662070830632,0.8866666666666667,0.0
est-lifted_interaction__dir-first_order__support-projected__cal-response_gain__controller-base,lifted_interaction,first_order,projected,response_gain,base,2,0.17196286356657056,0.3898829238152252,0.014772831212265606,0.200924710795854,0.2139042999823529,0.6360226906301348,0.6212498594178691,1.0,2.8144957529786156e-15,4.685452854319469e-16,4.053555078415507,4.053535264532063,13.035056682158812,0.3028337104261465,0.8866666666666667,0.0
est-lifted_interaction__dir-first_order__support-projected__cal-response_gain__controller-base,lifted_interaction,first_order,projected,response_gain,base,3,0.08753920374894411,0.2782718017797287,0.014772831212265608,0.2591670606091852,0.275909062944565,0.7443059401676698,0.7295331089554041,1.0,3.636888714017413e-15,6.054537686866646e-16,4.989422538062964,5.228539662559656,13.083502582931882,0.3906160659529293,0.8866666666666667,0.0
est-lifted_interaction__dir-first_order__support-projected__cal-response_gain__controller-base,lifted_interaction,first_order,projected,response_gain,base,4,0.04511734705884955,0.19986498854979232,0.014772831212265535,0.3000823113530505,0.31946740892551906,0.8203749229677878,0.8056020917555224,1.0,3.4542153386701517e-15,5.750430819047366e-16,4.836837979478006,6.05398025217404,11.75800614933779,0.45228317071049406,0.8866666666666667,0.0
est-lifted_interaction__dir-first_order__support-projected__cal-response_gain__controller-base,lifted_interaction,first_order,projected,response_gain,base,5,0.023649222967822632,0.14478420225576208,0.014772831212265582,0.32882527500061587,0.3500671469771392,0.8738133833848709,0.8590405521726052,1.0,3.988593570238956e-15,6.640040976653905e-16,4.636804753152029,6.633852266378143,10.990995481505616,0.4956043118026834,0.8866666666666667,0.0
est-lifted_interaction__dir-first_order__support-projected__cal-response_gain__controller-base,lifted_interaction,first_order,projected,response_gain,base,6,0.01268036699692792,0.10608994988420568,0.014772831212265535,0.3490172069630304,0.37156346295840237,0.9113539018278719,0.8965810706156062,1.0,4.482902362501184e-15,7.462945235496419e-16,4.513258126522513,7.041212356356528,10.450404921691645,0.5260374134199463,0.8866666666666667,0.0
est-lifted_interaction__dir-first_order__support-projected__cal-response_gain__controller-base,lifted_interaction,first_order,projected,response_gain,base,7,0.0070042907242129455,0.07890723759318742,0.014772831212265459,0.3632020391666268,0.38666462493523984,0.9377261160340801,0.9229532848218146,1.0,3.9686534695458635e-15,6.606845544893531e-16,4.364152599795549,7.327382819566342,10.054486290350312,0.5474166673060735,0.8866666666666667,0.0
est-lifted_interaction__dir-first_order__support-projected__cal-response_gain__controller-base,lifted_interaction,first_order,projected,response_gain,base,8,0.004018440307902058,0.05981138220874711,0.014772831212265587,0.373166883789653,0.39727319122396804,0.9562525965139411,0.9414797653016757,1.0,3.7340394308623294e-15,6.216270069322177e-16,4.267302879617408,7.5284175699712375,9.77248817397966,0.562435593161078,0.8866666666666667,0.0
est-lifted_interaction__dir-first_order__support-projected__cal-response_gain__controller-base,lifted_interaction,first_order,projected,response_gain,base,9,0.0024151728774623525,0.046396543801177755,0.014772831212265506,0.38016718713732917,0.40472570904179966,0.9692674490510437,0.9544946178387781,1.0,4.376682994629908e-15,7.286115748420528e-16,4.203553584075044,7.669644482130675,9.573462195371262,0.5729863885742188,0.8866666666666667,0.0
est-lifted_interaction__dir-first_order__support-projected__cal-response_gain__controller-base,lifted_interaction,first_order,projected,response_gain,base,10,0.001532813939250228,0.03697261981986024,0.014772831212265587,0.3850849002390716,0.40996110280882636,0.9784103829583582,0.9636375517460929,1.0,4.441160129477643e-15,7.393454540881288e-16,4.161032341367163,7.768856387922681,9.43345524036623,0.5803983223519501,0.8866666666666667,0.0
est-lifted_interaction__dir-first_order__support-projected__cal-response_gain__controller-base,lifted_interaction,first_order,projected,response_gain,base,11,0.0010333409387889444,0.030352313222984866,0.014772831212265629,0.3885395936930455,0.4136389669301626,0.9848332940282465,0.9700604628159811,1.0,4.444432110883597e-15,7.398901596397923e-16,4.1323312597247375,7.838552751741564,9.335082348245848,0.5856052058308062,0.8866666666666667,0.0
est-lifted_interaction__dir-first_order__support-projected__cal-response_gain__controller-base,lifted_interaction,first_order,projected,response_gain,base,12,0.0007418714881835847,0.025701547838679725,0.014772831212265556,0.3909665158444624,0.41622266647540135,0.9893453890548433,0.9745725578425778,1.0,4.232939879817693e-15,7.046818322985479e-16,4.1127653230247185,7.887514447324331,9.265989808565825,0.5892630414747027,0.8866666666666667,0.0
est-lifted_interaction__dir-first_order__support-projected__cal-response_gain__controller-base,lifted_interaction,first_order,projected,response_gain,base,13,0.0005664335693978335,0.02243438515620546,0.014772831212265608,0.3926714286558327,0.41803771540593154,0.9925151358110273,0.9777423045987618,1.0,3.888078239888205e-15,6.472707328700674e-16,4.099321427369005,7.921910038471224,9.217466799405713,0.5918326710145401,0.8866666666666667,0.0
est-lifted_interaction__dir-first_order__support-projected__cal-response_gain__controller-base,lifted_interaction,first_order,projected,response_gain,base,14,0.00045765772392243755,0.02013920337176717,0.014772831212265535,0.39386912990582035,0.41931278727962906,0.9947418829072467,0.9799690516949813,1.0,4.407119203846676e-15,7.336784655345844e-16,4.09002809623429,7.946072941251916,9.183388944657707,0.5936378357662758,0.8866666666666667,0.0
est-lifted_interaction__dir-first_order__support-projected__cal-response_gain__controller-base,lifted_interaction,first_order,projected,response_gain,base,15,0.00038838337874378494,0.018526838168199306,0.014772831212265464,0.39471051503393656,0.42020852527090147,0.9963061727423407,0.9815333415300753,1.0,4.20710222424376e-15,7.003804892629548e-16,4.0835748829641085,7.963047380455352,9.159454766131052,0.59490596400437,0.8866666666666667,
est-lifted_interaction__dir-lifted_interaction__support-projected__cal-response_gain__controller-base,lifted_interaction,lifted_interaction,projected,response_gain,base,0,0.67993970876371,0.7749194125533104,0.014772800627771513,0.0,0.0,0.262466667099221,0.24769385159015656,1.0,2.922896635674888e-15,4.865914034515771e-16,4.907141179057107e-05,0.0,0.9547942876815796,2.7696978744292806e-06,0.0,0.0
est-lifted_interaction__dir-lifted_interaction__support-projected__cal-response_gain__controller-base,lifted_interaction,lifted_interaction,projected,response_gain,base,1,0.3408448103043777,0.5487599658586367,0.014772831212265705,0.09210700965966306,0.09805705503658038,0.4818828336372027,0.46711000242493705,1.0,2.758254884521197e-15,4.591825447930832e-16,2.3197888750785465,2.3197691841567787,8.43935146830487,0.28892067376360026,1.0,0.0
est-lifted_interaction__dir-lifted_interaction__support-projected__cal-response_gain__controller-base,lifted_interaction,lifted_interaction,projected,response_gain,base,2,0.17196286356657067,0.3898829238152252,0.014772831212265702,0.15681218394557647,0.16694213619977813,0.6360226906301348,0.6212498594178691,1.0,3.0185444388345838e-15,5.025144430173571e-16,3.9494267267811387,3.949407036026916,11.403580058265138,0.4918857339597533,1.0,0.0
est-lifted_interaction__dir-lifted_interaction__support-projected__cal-response_gain__controller-base,lifted_interaction,lifted_interaction,projected,response_gain,base,3,0.08753920374894426,0.2782718017797289,0.014772831212265828,0.20226756888143052,0.21533390571692454,0.7443059401676698,0.7295331089554038,1.0,3.268322082213767e-15,5.440963630070255e-16,5.094247317666314,5.094227626965688,10.832419143874407,0.634468688747551,1.0,0.0
est-lifted_interaction__dir-lifted_interaction__support-projected__cal-response_gain__controller-base,lifted_interaction,lifted_interaction,projected,response_gain,base,4,0.04511734705884964,0.1998649885497925,0.014772831212265702,0.23419997679886803,0.24932912380271985,0.8203749229677878,0.8056020917555223,1.0,4.2465282680280074e-15,7.069439693885839e-16,5.430189488937356,5.898464092100175,9.051259932540537,0.7346332144859787,1.0,0.0
est-lifted_interaction__dir-lifted_interaction__support-projected__cal-response_gain__controller-base,lifted_interaction,lifted_interaction,projected,response_gain,base,5,0.02364922296782268,0.1447842022557622,0.014772831212265629,0.2566324933608679,0.2732107645079911,0.8738133833848709,0.8590405521726052,1.0,4.265875821638432e-15,7.101648678458696e-16,5.3295489306164185,6.463440208857151,7.729026277268004,0.8049987938172244,1.0,0.0
est-lifted_interaction__dir-lifted_interaction__support-projected__cal-response_gain__controller-base,lifted_interaction,lifted_interaction,projected,response_gain,base,6,0.012680366996927962,0.10608994988420589,0.014772831212265579,0.27239133624567285,0.2899876171034442,0.9113539018278716,0.8965810706156062,1.0,3.942559287413807e-15,6.563405060031409e-16,5.281863449890431,6.860335930878929,6.795914225145265,0.8544306132974243,1.0,0.0
est-lifted_interaction__dir-lifted_interaction__support-projected__cal-response_gain__controller-base,lifted_interaction,lifted_interaction,projected,response_gain,base,7,0.007004290724212988,0.07890723759318764,0.014772831212265684,0.28346192337224835,0.30177335605175,0.9377261160340801,0.9229532848218144,1.0,4.091317775723862e-15,6.811051866006847e-16,5.225392823919566,7.1391551755992255,6.296425154881082,0.8891564664822651,1.0,0.0
est-lifted_interaction__dir-lifted_interaction__support-projected__cal-response_gain__controller-base,lifted_interaction,lifted_interaction,projected,response_gain,base,8,0.004018440307902083,0.0598113822087473,0.0147728312122657,0.29123901082866754,0.31005283766293473,0.9562525965139411,0.9414797653016755,1.0,4.8392360358229784e-15,8.056154383170136e-16,5.166235073037831,7.335025695015237,6.072004574634384,0.9135513783446152,1.0,0.0
est-lifted_interaction__dir-lifted_interaction__support-projected__cal-response_gain__controller-base,lifted_interaction,lifted_interaction,projected,response_gain,base,9,0.0024151728774623703,0.04639654380117793,0.014772831212265681,0.29670241476680215,0.31586917349479204,0.9692674490510437,0.9544946178387779,1.0,4.944637665183175e-15,8.23162253394386e-16,5.128760738364534,7.472624734904984,5.911133727878778,0.9306888039279165,1.0,0.0
est-lifted_interaction__dir-lifted_interaction__support-projected__cal-response_gain__controller-base,lifted_interaction,lifted_interaction,projected,response_gain,base,10,0.0015328139392502462,0.03697261981986045,0.014772831212265752,0.30054045603334156,0.3199551494166718,0.9784103829583582,0.9636375517460926,1.0,5.007849772385294e-15,8.336855362170466e-16,5.104504210008478,7.569288060427532,5.796825075528047,0.9427278454001856,1.0,0.0
est-lifted_interaction__dir-lifted_interaction__support-projected__cal-response_gain__controller-base,lifted_interaction,lifted_interaction,projected,response_gain,base,11,0.0010333409387889476,0.030352313222984907,0.014772831212265676,0.30323668002308557,0.3228255475017924,0.9848332940282465,0.9700604628159811,1.0,4.7640008185481685e-15,7.930905992529455e-16,5.088502826907873,7.637194046607121,5.715972717674503,0.9511852720344547,1.0,0.0
est-lifted_interaction__dir-lifted_interaction__support-projected__cal-response_gain__controller-base,lifted_interaction,lifted_interaction,projected,response_gain,base,12,0.0007418714881835887,0.0257015478386798,0.014772831212265558,0.3051307773758807,0.3248420021565896,0.9893453890548433,0.9745725578425777,1.0,4.3092230492181975e-15,7.173811299765022e-16,5.077780384114502,7.684898001898281,5.6589308094866535,0.9571266142450289,1.0,0.0
est-lifted_interaction__dir-lifted_interaction__support-projected__cal-response_gain__controller-base,lifted_interaction,lifted_interaction,projected,response_gain,base,13,0.000566433569397838,0.022434385156205557,0.014772831212265676,0.30646138076621937,0.32625856155158456,0.9925151358110273,0.9777423045987618,1.0,3.9585396703829556e-15,6.590008522096213e-16,5.070505727069881,7.718410030490322,5.618748223605624,0.9613004071479573,1.0,0.0
est-lifted_interaction__dir-lifted_interaction__support-projected__cal-response_gain__controller-base,lifted_interaction,lifted_interaction,projected,response_gain,base,14,0.00045765772392244167,0.020139203371767264,0.01477283121226553,0.3073961296479323,0.32725369452656855,0.9947418829072467,0.9799690516949813,1.0,4.830831729401508e-15,8.04216325119938e-16,5.065523197675934,7.7419522305762305,5.5904684594551535,0.9642324966622641,1.0,0.0
est-lifted_interaction__dir-lifted_interaction__support-projected__cal-response_gain__controller-base,lifted_interaction,lifted_interaction,projected,response_gain,base,15,0.0003883833787437886,0.0185268381681994,0.014772831212265504,0.3080527907373355,0.32795277544149487,0.9963061727423407,0.9815333415300753,1.0,4.507935400969563e-15,7.504619173508166e-16,5.062086323722865,7.758490626136582,5.570577556843537,0.9662922895460649,1.0,
