observer,estimator,direction_provider,support_mode,estimator_calibration,controller_mode,step,target_mse,target_mae,observer_error_mae,collateral_abs_delta,collateral_rms_delta,mean_observer_estimate,mean_true_target,mean_target_ref,mean_residual_off_support_l2,mean_residual_off_support_normalized,mean_nearest_clean_residual_l2,mean_residual_delta_from_initial_l2,mean_abs_residual_norm_z,mean_convex_hull_extrapolation_mass,fraction_outside_clean_convex_hull,next_clip_fraction
est-first_order__dir-first_order__support-unprojected__cal-none__controller-base,first_order,first_order,unprojected,none,base,0,0.6952330725623717,0.8170037466684977,0.2072813620368455,0.0,0.0,0.33028512665704823,0.3306906819343567,1.0,4.9199873983198195e-15,9.813181960461756e-16,3.81772981933807e-05,0.0,0.9896690845489502,1.0367600033184427e-06,0.0,0.0
est-first_order__dir-first_order__support-unprojected__cal-none__controller-base,first_order,first_order,unprojected,none,base,1,0.3691925075036833,0.6045849082005547,0.29411823315960745,0.021487312894180738,0.024154910934146834,0.291457551431994,0.5299308654652859,1.0,0.30471512218767227,0.06077708534686754,0.3900024288183533,0.3900053009306229,1.365379444930244,0.1700408148830794,1.0,0.0
est-first_order__dir-first_order__support-unprojected__cal-none__controller-base,first_order,first_order,unprojected,none,base,2,0.14839997105578395,0.3798507976784553,0.490343345976401,0.04422038019966586,0.04971023368335251,0.25037889793786683,0.7407222439142678,1.0,0.6270964928041663,0.12507779984876002,0.8026187842570853,0.8026216573458972,2.801167150169983,0.34994466811619923,1.0,0.0
est-first_order__dir-first_order__support-unprojected__cal-none__controller-base,first_order,first_order,unprojected,none,base,3,0.053770271128354516,0.1939053432441017,0.7568158647410917,0.06827142611968283,0.07674715891137483,0.2069186570366606,0.9637345217777524,1.0,0.968168335167669,0.19310643040675662,1.2391571006552131,1.239159974069193,5.304306794430204,0.5402786770360499,1.0,0.0
est-first_order__dir-first_order__support-unprojected__cal-none__controller-base,first_order,first_order,unprojected,none,base,4,0.10919813089178512,0.2799667231006631,1.038737468152955,0.09371686214789524,0.10535158441441009,0.16093875315639067,1.1996762213093455,1.0,1.3290142532515046,0.26507910771596743,1.7010042837291603,1.701007157305466,8.509481161171479,0.7416475432412589,1.0,0.0
est-first_order__dir-first_order__support-unprojected__cal-none__controller-base,first_order,first_order,unprojected,none,base,5,0.34194185587595044,0.44929694224531946,1.3370038366279002,0.12063752983191366,0.13561438802310777,0.11229310561741951,1.4492969422453195,1.0,1.7107806743534648,0.34122449292462015,2.1896276472449383,2.1896305209184335,12.445095083980993,0.9546910266780357,1.0,0.0
est-first_order__dir-first_order__support-unprojected__cal-none__controller-base,first_order,first_order,unprojected,none,base,6,0.7830543751132962,0.713389743324137,1.658447638822178,0.14911895761133268,0.16763171632643029,0.06082716452611488,1.713389743324137,1.0,2.1146804913582886,0.42178450410308566,2.7065795744291803,2.7065824481672967,17.13018577575386,1.1800859781926512,1.0,0.0
est-first_order__dir-first_order__support-unprojected__cal-none__controller-base,first_order,first_order,unprojected,none,base,7,1.4678674344567535,0.992793661877618,2.0143839518840974,0.1792516325462796,0.20150529013464527,0.006377419761351229,1.9927936618776185,1.0,2.541996916164967,0.5070150848308723,3.253502449929475,3.2535053237136053,22.577545682097483,1.4185484899237466,1.0,0.0
est-first_order__dir-first_order__support-unprojected__cal-none__controller-base,first_order,first_order,unprojected,none,base,8,2.4365353837546935,1.288396379498616,2.3909561273418367,0.21113128779977422,0.23734272765192627,-0.05122911850612482,2.2883963794986157,1.0,2.994087556521412,0.5971870173434338,3.8321338777490093,3.8321367515675204,28.796819888951102,1.6708361703663819,1.0,0.0
est-first_order__dir-first_order__support-unprojected__cal-none__controller-base,first_order,first_order,unprojected,none,base,9,3.7346457739382597,1.6036205756930406,2.7893605556764802,0.24485920678724452,0.2752578863852968,-0.11217546941188153,2.6011370422541877,1.0,3.472388729218824,0.6925867828221998,4.444312201706036,4.444315075551176,35.79704073536941,1.9377505513358313,1.0,0.0
est-first_order__dir-first_order__support-unprojected__cal-none__controller-base,first_order,first_order,unprojected,none,base,10,5.4139048471786575,1.9563782197381145,3.210862989635434,0.2805425449594995,0.31537122487618324,-0.1766552628596468,2.9320092444042234,1.0,3.9784200233490186,0.7935174715610237,5.091982345951613,5.091985219817956,43.58841832306999,2.2201396344781767,1.0,0.0
est-first_order__dir-first_order__support-unprojected__cal-none__controller-base,first_order,first_order,unprojected,none,base,11,7.532906974186703,2.329587438782567,3.656802565598403,0.3182946702414816,0.35781018540381593,-0.24487335469414506,3.282064185104967,1.0,4.513789128122416,0.9002997459006895,5.777201994099734,5.777204867983334,52.18344998383261,2.5367538174308937,1.0,0.0
est-first_order__dir-first_order__support-unprojected__cal-none__controller-base,first_order,first_order,unprojected,none,base,12,10.157998179861224,2.724433939010278,4.128596058087227,0.3582355232083886,0.40270959887634805,-0.3170464775393661,3.6524140081264753,1.0,5.080196940584949,1.0132728589907778,6.502148126600822,6.502151000498719,61.597518680726196,2.8839031009487965,1.0,0.0
est-first_order__dir-first_order__support-unprojected__cal-none__controller-base,first_order,first_order,unprojected,none,base,13,13.364245115734501,3.1421721694356712,4.627742380936323,0.400491998143469,0.4502121131960564,-0.39340392937001295,4.044235335194438,1.0,5.679442969461388,1.132795732615552,7.269123937127985,7.269126811037903,71.84916111701399,3.277318889362552,1.0,0.0
est-first_order__dir-first_order__support-unprojected__cal-none__controller-base,first_order,first_order,unprojected,none,base,14,17.236522200559477,3.5841293073571143,5.155827349424258,0.44519834618812776,0.5004686464595597,-0.474188302003761,4.4587730041820155,1.0,6.313431052293377,1.2592480975081781,8.080566149949687,8.08056902386984,82.96015186563028,3.6935434606290936,1.0,0.0
est-first_order__dir-first_order__support-unprojected__cal-none__controller-base,first_order,first_order,unprojected,none,base,15,21.870731176337053,4.05170947487209,5.714528718495978,0.4924966018651743,0.5536388664328993,-0.5596562518287824,4.8973440240281345,1.0,6.984175404035855,1.3930316997761172,8.939052761536503,8.93905563546546,94.95550495922814,4.1338991830685154,1.0,
est-first_order__dir-lifted_interaction__support-unprojected__cal-none__controller-base,first_order,lifted_interaction,unprojected,none,base,0,0.6952330725623717,0.8170037466684977,0.2072813620368455,0.0,0.0,0.33028512665704823,0.3306906819343567,1.0,4.9199873983198195e-15,9.813181960461756e-16,3.81772981933807e-05,0.0,0.9896690845489502,1.0367600033184427e-06,0.0,0.0
est-first_order__dir-lifted_interaction__support-unprojected__cal-none__controller-base,first_order,lifted_interaction,unprojected,none,base,1,0.36919250750368315,0.6045849082005544,0.29123455987477664,0.01672980327010801,0.01880676797165731,0.29936329006703377,0.5299308654652861,1.0,0.2831381322826601,0.05647343757392325,0.3904488972935695,0.3904512396230695,0.7891237800114301,0.17167899518204158,1.0,0.0
est-first_order__dir-lifted_interaction__support-unprojected__cal-none__controller-base,first_order,lifted_interaction,unprojected,none,base,2,0.15015933130979492,0.3823583244240393,0.4713565452184829,0.03423204905790888,0.038481875335425,0.2670137414518604,0.7383702866703433,1.0,0.5793492175596954,0.11555434659255341,0.7989279115071375,0.798930254809383,1.2589793643396354,0.3512893441939995,1.0,0.0
est-first_order__dir-lifted_interaction__support-unprojected__cal-none__controller-base,first_order,lifted_interaction,unprojected,none,base,3,0.05460602984216928,0.19124231708547623,0.7232631375879837,0.05254240230419759,0.059065414748426734,0.23317056100043107,0.9564336985884149,1.0,0.8892368555603805,0.17736311829869486,1.2262670739647619,1.2262694175910345,2.957598602923094,0.539192598266137,1.0,0.0
est-first_order__dir-lifted_interaction__support-unprojected__cal-none__controller-base,first_order,lifted_interaction,unprojected,none,base,4,0.1008550847127251,0.2744549663559137,0.9868006714151759,0.07169817465871203,0.08059933001167024,0.19776478527561073,1.1845654566907866,1.0,1.2134325152056973,0.24202570259673334,1.6733371881969852,1.673339531985106,5.337069807168245,0.7357716544570888,1.0,0.0
est-first_order__dir-lifted_interaction__support-unprojected__cal-none__controller-base,first_order,lifted_interaction,unprojected,none,base,5,0.30926734707631226,0.4232304330712924,1.2625061663862844,0.09173840051139234,0.10312750154040416,0.16072426668500805,1.4232304330712924,1.0,1.5525968213747274,0.30967386470517827,2.141049264576491,2.14105160846159,8.421510066813694,0.9414270888121009,1.0,0.0
est-first_order__dir-lifted_interaction__support-unprojected__cal-none__controller-base,first_order,lifted_interaction,unprojected,none,base,6,0.7024488037199641,0.6729149637325025,1.5509414372692085,0.11270391653412715,0.12669583578077992,0.12197352646329421,1.6729149637325027,1.0,1.9074209010831666,0.38044545365927585,2.6303563763917697,2.63035872034141,12.22071579400598,1.1565779726308993,1.0,0.0
est-first_order__dir-lifted_interaction__support-unprojected__cal-none__controller-base,first_order,lifted_interaction,unprojected,none,base,7,1.305477532618279,0.9341278396096723,1.8718169469790424,0.1346374448950744,0.1513523587550298,0.08143360086647188,1.9341278396096722,1.0,2.2786277918171094,0.45448468321082736,3.1422556019117476,3.142257945907395,16.733762878070944,1.3816627264239945,1.0,0.0
est-first_order__dir-lifted_interaction__support-unprojected__cal-none__controller-base,first_order,lifted_interaction,unprojected,none,base,8,2.1461527856094045,1.207401343351897,2.2083830751572524,0.15758368031512313,0.17714731392577845,0.039021880264681265,2.207401343351897,1.0,2.6669739148919236,0.5319424256976163,3.677790056155634,3.6777924001857056,21.95319966807355,1.6171400132975517,1.0,0.0
est-first_order__dir-lifted_interaction__support-unprojected__cal-none__controller-base,first_order,lifted_interaction,unprojected,none,base,9,3.2552683203030033,1.4932923339731539,2.5604890147261097,0.18158938114389564,0.20413326457891073,-0.005348059194343001,2.493292333973154,1.0,3.0732506168385263,0.6129765194812671,4.238051016481173,4.238053360537946,27.86880222639279,1.8634896735873032,1.0,0.0
est-first_order__dir-lifted_interaction__support-unprojected__cal-none__controller-base,first_order,lifted_interaction,unprojected,none,base,10,4.666912305279602,1.8075168463850437,2.9288522643221047,0.20670346464087863,0.23236520093362542,-0.051766631694189734,2.792383381583472,1.0,3.4982857819579913,0.6977520905800185,4.824180146317299,4.82418249039537,34.47037322503051,2.1212137026460534,1.0,0.0
est-first_order__dir-lifted_interaction__support-unprojected__cal-none__controller-base,first_order,lifted_interaction,unprojected,none,base,11,6.418796343735224,2.1411141332213193,3.31422345067321,0.2329771066558401,0.2619006521979352,-0.10032842598992932,3.105283954512492,1.0,3.942945519330466,0.7864418891518071,5.437371821571093,5.437374165666528,41.749520323514524,2.3980325839574115,1.0,0.0
est-first_order__dir-lifted_interaction__support-unprojected__cal-none__controller-base,first_order,lifted_interaction,unprojected,none,base,12,8.552616402778321,2.4901141551632566,3.7173878581773216,0.2604638459116555,0.29279980379795445,-0.15113239815493895,3.432631661244496,1.0,4.40813592771605,0.8792266415133316,6.078875564449158,6.078877908559011,49.700602314241046,2.707145686683399,1.0,0.0
est-first_order__dir-lifted_interaction__support-unprojected__cal-none__controller-base,first_order,lifted_interaction,unprojected,none,base,13,11.114448700580809,2.8552280818099414,4.139167029103851,0.28921969310204326,0.32512562001985457,-0.2042820732271703,3.7750935496955913,1.0,4.8948049419440585,0.9762954184124131,6.749998589652712,6.750000933774713,58.32110314090898,3.0414697889186955,1.0,0.0
est-first_order__dir-lifted_interaction__support-unprojected__cal-none__controller-base,first_order,lifted_interaction,unprojected,none,base,14,14.155183893692593,3.237199918629879,4.580420437679247,0.3193032450265221,0.3589439723144015,-0.2598857561657525,4.133367466480673,1.0,5.4039442645530995,1.0778460203040967,7.452108468134767,7.452110812267138,67.61166453662705,3.404778553518338,1.0,0.0
est-first_order__dir-lifted_interaction__support-unprojected__cal-none__controller-base,first_order,lifted_interaction,unprojected,none,base,15,17.73100322442545,3.6368080230470654,5.042047241467813,0.3507758039951666,0.3943237735255235,-0.3180567525478117,4.508183478939984,1.0,5.936591386618173,1.1840853804155853,8.186635913847427,8.186638257988742,77.57594461355976,3.784861880992169,1.0,
est-lifted_interaction__dir-first_order__support-unprojected__cal-none__controller-base,lifted_interaction,first_order,unprojected,none,base,0,0.6952330725623717,0.8170037466684977,0.002954717582743669,0.0,0.0,0.3320333328399247,0.3306906819343567,1.0,4.9199873983198195e-15,9.813181960461756e-16,3.81772981933807e-05,0.0,0.9896690845489502,1.0367600033184427e-06,0.0,0.0
est-lifted_interaction__dir-first_order__support-unprojected__cal-none__controller-base,lifted_interaction,first_order,unprojected,none,base,1,0.343795587361,0.5744917003046827,0.15717942104155644,0.024531403170220737,0.02503263376809407,0.4004514910801099,0.5294107741258801,1.0,0.34788386762279955,0.069387325976842,0.4452541648038094,0.4452570371534648,1.2419549340186125,0.18052519285960306,1.0,0.0
est-lifted_interaction__dir-first_order__support-unprojected__cal-none__controller-base,lifted_interaction,first_order,unprojected,none,base,2,0.13265941113287666,0.3568195417041765,0.29990833318805327,0.04655011595262647,0.047501237349478774,0.4618617481672618,0.7077764555295477,1.0,0.6601348591240719,0.13166748136876438,0.8449046343717724,0.8449075075076592,3.007871854261819,0.34256363244901394,1.0,0.0
est-lifted_interaction__dir-first_order__support-unprojected__cal-none__controller-base,lifted_interaction,first_order,unprojected,none,base,3,0.027180862480738827,0.16144299892373828,0.42801787916436895,0.06631350695109238,0.06766843795546808,0.5169819059223276,0.8678725854497872,1.0,0.9404027610528988,0.18756843591681188,1.2036199044530416,1.203622777849987,4.900823395652162,0.4880048791755597,1.0,0.0
est-lifted_interaction__dir-first_order__support-unprojected__cal-none__controller-base,lifted_interaction,first_order,unprojected,none,base,4,0.0002050329996167873,0.013921612307473633,0.5430054841522952,0.08405258314588017,0.08576996254772981,0.5664562435176186,1.0115704684378948,1.0,1.1919635214332747,0.23774359523871946,1.5255928650024568,1.5255957385291732,6.831087084610839,0.6185489420718201,1.0,0.0
est-lifted_interaction__dir-first_order__support-unprojected__cal-none__controller-base,lifted_interaction,first_order,unprojected,none,base,5,0.03053289885132243,0.1713240641813079,0.6462151958103456,0.09997469004893703,0.10201739316370456,0.6108630482181702,1.1405497359914027,1.0,1.4177575411110017,0.2827794382459252,1.8145869389984577,1.8145898126024347,8.736888404203826,0.7357217024889815,1.0,0.0
est-lifted_interaction__dir-first_order__support-unprojected__cal-none__controller-base,lifted_interaction,first_order,unprojected,none,base,6,0.10169427192641332,0.3126041758409467,0.7388533943505836,0.11426593528902783,0.11660064002092017,0.650721374768067,1.2563179791464973,1.0,1.6204240430135108,0.32320237227902393,2.0739800714430623,2.07398294509805,10.577420161642035,0.8408927495605584,1.0,0.0
est-lifted_interaction__dir-first_order__support-unprojected__cal-none__controller-base,lifted_interaction,first_order,unprojected,none,base,7,0.2009663573813663,0.4394133183475636,0.822002893471494,0.12709336395509283,0.12969016130740543,0.686497112429698,1.3602283701529971,1.0,1.8023319210521913,0.3594848860888087,2.3068042128765733,2.3068070865675776,12.327148018841264,0.9352913888240899,1.0,0.0
est-lifted_interaction__dir-first_order__support-unprojected__cal-none__controller-base,lifted_interaction,first_order,unprojected,none,base,8,0.3185894520692553,0.5532337169469329,0.8966355969675069,0.13860691112461404,0.14143895560451158,0.7186084305913265,1.4534954792051624,1.0,1.965607429248675,0.39205107258282546,2.5157807587187255,2.515783632436379,13.971421856754045,1.0200210111196797,1.0,0.0
est-lifted_interaction__dir-first_order__support-unprojected__cal-none__controller-base,lifted_interaction,first_order,unprojected,none,base,9,0.44714081293082775,0.6553957762530537,0.9636238589535973,0.1489411543993778,0.1519843502308403,0.7474306665946736,1.5372094711042426,1.0,2.1121590347330237,0.4212815858907832,2.703352358651885,2.7033552323899506,15.50320604313408,1.096071989718126,1.0,0.0
est-lifted_interaction__dir-first_order__support-unprojected__cal-none__controller-base,lifted_interaction,first_order,unprojected,none,base,10,0.5810353659233198,0.7470936308564653,1.0237506804904426,0.15821688693337135,0.16144960641056527,0.7733007129145189,1.6123488477923271,1.0,2.243699725111367,0.44751809069013015,2.871711467850084,2.8717143416041995,16.920693563622567,1.164333256428415,1.0,0.0
est-lifted_interaction__dir-first_order__support-unprojected__cal-none__controller-base,lifted_interaction,first_order,unprojected,none,base,11,0.7161280754826974,0.8293991031225734,1.0777188617947189,0.16654252933936115,0.1699453600283711,0.7965209549704514,1.6797918857002578,1.0,2.3617670309455505,0.4710672557983171,3.0228259737775005,3.0228288475444995,18.225588262945948,1.2256026919934218,1.0,0.0
est-lifted_interaction__dir-first_order__support-unprojected__cal-none__controller-base,lifted_interaction,first_order,unprojected,none,base,12,0.8493977425524097,0.9032742313275368,1.1261592170113408,0.1740153969774032,0.17757091481145956,0.8173628055983918,1.7403269015965486,1.0,2.46774099738018,0.49220433871137553,3.1584621980981646,3.158465071875678,19.42187965705181,1.2805964522233169,1.0,0.0
est-lifted_interaction__dir-first_order__support-unprojected__cal-none__controller-base,lifted_interaction,first_order,unprojected,none,base,13,0.978695980003629,0.9695825145684684,1.169637947567091,0.18072283743815626,0.18441540305415213,0.8360698774950172,1.7946614669310268,1.0,2.5628603149807727,0.5111764029871566,3.280205542557574,3.2802084163437835,20.514975753147453,1.3299573388764083,1.0,0.0
est-lifted_interaction__dir-first_order__support-unprojected__cal-none__controller-base,lifted_interaction,first_order,unprojected,none,base,14,1.102548316381812,1.0290990058855587,1.208663260290043,0.1867432515166175,0.1905588274523678,0.8528608307166262,1.8434306783762593,1.0,2.648236798330421,0.5282052060800376,3.389479020158249,3.389481893951733,21.511093986671543,1.3742623131315566,1.0,0.0
est-lifted_interaction__dir-first_order__support-unprojected__cal-none__controller-base,lifted_interaction,first_order,unprojected,none,base,15,1.2199969541978208,1.082519371570893,1.2436913076515306,0.19214700961006861,0.19607299622559735,0.8679319285158023,1.887204581238063,1.0,2.7248683816199493,0.5434897913819274,3.4875598882332652,3.4875627620328897,22.41683742086538,1.4140292394743683,1.0,
est-lifted_interaction__dir-lifted_interaction__support-unprojected__cal-none__controller-base,lifted_interaction,lifted_interaction,unprojected,none,base,0,0.6952330725623717,0.8170037466684977,0.002954717582743669,0.0,0.0,0.3320333328399247,0.3306906819343567,1.0,4.9199873983198195e-15,9.813181960461756e-16,3.81772981933807e-05,0.0,0.9896690845489502,1.0367600033184427e-06,0.0,0.0
est-lifted_interaction__dir-lifted_interaction__support-unprojected__cal-none__controller-base,lifted_interaction,lifted_interaction,unprojected,none,base,1,0.3437955873609999,0.5744917003046827,0.14596670406281068,0.019099900997329607,0.019490154042774398,0.40963945483789593,0.5294107741258802,1.0,0.32325008297199814,0.06447398389723229,0.44576380905619134,0.4457661516205684,0.8198547598318584,0.1816767142468888,1.0,0.0
est-lifted_interaction__dir-lifted_interaction__support-unprojected__cal-none__controller-base,lifted_interaction,lifted_interaction,unprojected,none,base,2,0.13515053637344546,0.3601553250053535,0.27659832945070717,0.035980725325384814,0.03671589079234234,0.47822909372725597,0.7050430363116061,1.0,0.6089441221946345,0.1214572109857498,0.8397396774655632,0.8397420208123554,1.7217819878182388,0.34224968101680847,1.0,0.0
est-lifted_interaction__dir-lifted_interaction__support-unprojected__cal-none__controller-base,lifted_interaction,lifted_interaction,unprojected,none,base,3,0.03039194554195045,0.1707211128046754,0.39205282945935654,0.05090029114064737,0.05194029619797419,0.53884980819996,0.8602698809277475,1.0,0.8614454774825024,0.1718199770682246,1.1879423950237926,1.1879447386300674,3.067310024787211,0.48416685871613946,1.0,0.0
est-lifted_interaction__dir-lifted_interaction__support-unprojected__cal-none__controller-base,lifted_interaction,lifted_interaction,unprojected,none,base,4,1.8246691199439045e-05,0.0038799369207656725,0.4940935223824212,0.06408646260894552,0.06539589019228333,0.5924274488274155,0.9974620629882592,1.0,1.0846105620453115,0.21633146469489117,1.4956900063017098,1.4956923500367423,4.495593820867762,0.6095957259239191,1.0,0.0
est-lifted_interaction__dir-lifted_interaction__support-unprojected__cal-none__controller-base,lifted_interaction,lifted_interaction,unprojected,none,base,5,0.021770677135207032,0.14467747775952924,0.5842788595623424,0.0757406300387701,0.07728817793133091,0.6397802984296305,1.1187148969621032,1.0,1.281847740876084,0.25567149076681756,1.7676826917507236,1.7676850355622324,5.935553352693606,0.7204519378643642,1.0,0.0
est-lifted_interaction__dir-lifted_interaction__support-unprojected__cal-none__controller-base,lifted_interaction,lifted_interaction,unprojected,none,base,6,0.0789567628646558,0.2754588888458661,0.6639862273708728,0.08604078568356197,0.08779878844232847,0.6816315695791286,1.225880258179288,1.0,1.4561693861698992,0.2904408892717703,2.0080745525541968,2.0080768964160507,7.339914527990287,0.8184285839057199,1.0,0.0
est-lifted_interaction__dir-lifted_interaction__support-unprojected__cal-none__controller-base,lifted_interaction,lifted_interaction,unprojected,none,base,7,0.1591513439513812,0.3910457720570555,0.7344329838129926,0.09514424218920915,0.09708824861500515,0.7186204501120307,1.320594866229497,1.0,1.6102378848073453,0.32117068772655344,2.2205370555199653,2.220539399417241,8.678810276434179,0.9050220458460413,1.0,0.0
est-lifted_interaction__dir-lifted_interaction__support-unprojected__cal-none__controller-base,lifted_interaction,lifted_interaction,unprojected,none,base,8,0.253191278198141,0.4932034675544469,0.7966950510429212,0.10319003520517334,0.10529843490337097,0.7513118653426454,1.404305282321168,1.0,1.7464063005676969,0.3483302174761717,2.4083151068022657,2.4083174507256446,9.934765144210193,0.981554851915406,1.0,0.0
est-lifted_interaction__dir-lifted_interaction__support-unprojected__cal-none__controller-base,lifted_interaction,lifted_interaction,unprojected,none,base,9,0.3543984572998168,0.5834922136422679,0.8517233477527799,0.11030104685394441,0.11255474018232968,0.7802051060783265,1.4782900023817311,1.0,1.866754312099351,0.3723342817171326,2.5742766108364896,2.574278954779768,11.09892778378286,1.0491958755401198,1.0,0.0
est-lifted_interaction__dir-lifted_interaction__support-unprojected__cal-none__controller-base,lifted_interaction,lifted_interaction,unprojected,none,base,10,0.45798020273238693,0.6632909760401454,0.9003583124031778,0.1165858824902359,0.1189679888531979,0.8057414542088968,1.5436789833234295,1.0,1.9731199755224573,0.3935494907209733,2.72095627138823,2.7209586153470755,12.168316905695928,1.1089781873614357,1.0,0.0
est-lifted_interaction__dir-lifted_interaction__support-unprojected__cal-none__controller-base,lifted_interaction,lifted_interaction,unprojected,none,base,11,0.5605673679380098,0.7338185086081476,0.9433427391067153,0.12214052941336774,0.12463612944723547,0.8283109223350662,1.6014709006962822,1.0,2.0671277967689408,0.41229986101487587,2.8505943036819237,2.850596647653193,13.143844721888026,1.161814833159848,1.0,0.0
est-lifted_interaction__dir-lifted_interaction__support-unprojected__cal-none__controller-base,lifted_interaction,lifted_interaction,unprojected,none,base,12,0.6598592554321643,0.7961519671814714,0.981333122204828,0.1270498228660861,0.12964573057804982,0.8482582103691126,1.6525484013016,1.0,2.1502135424043227,0.4288717640347714,2.9651706488529173,2.965172992834265,14.028917378915134,1.208512778658695,1.0,0.0
est-lifted_interaction__dir-lifted_interaction__support-unprojected__cal-none__controller-base,lifted_interaction,lifted_interaction,unprojected,none,base,13,0.7543513059294362,0.8512433608009201,1.0149096828018922,0.1313887417097909,0.13407330309032237,0.865887970082052,1.6976915837167892,1.0,2.2236461678630857,0.4435182998309274,3.066435213274721,3.0664375572643463,14.828455098974576,1.2497852341838491,1.0,0.0
est-lifted_interaction__dir-lifted_interaction__support-unprojected__cal-none__controller-base,lifted_interaction,lifted_interaction,unprojected,none,base,14,0.8431268560007956,0.8999340915962091,1.044585230390258,0.135223553564811,0.13798646859782152,0.881469458001888,1.7375899126173784,1.0,2.288547198004056,0.4564631626249308,3.155934594601824,3.1559369385983254,15.548213861729057,1.2862625474120697,1.0,0.0
est-lifted_interaction__dir-lifted_interaction__support-unprojected__cal-none__controller-base,lifted_interaction,lifted_interaction,unprojected,none,base,15,0.9256984225984066,0.9429678053874387,1.0708129949084138,0.1386128269052743,0.14144499225760038,0.8952406477259206,1.7728527488618169,1.0,2.3459078559819546,0.46790405725610706,3.235035702710695,3.2350380467129556,16.194322002378,1.3185018305712402,1.0,
est-first_order__dir-first_order__support-projected__cal-none__controller-base,first_order,first_order,projected,none,base,0,0.6952330725623717,0.8170037466684977,0.2072813620368455,0.0,0.0,0.33028512665704823,0.3306906819343567,1.0,4.9199873983198195e-15,9.813181960461756e-16,3.81772981933807e-05,0.0,0.9896690845489502,1.0367600033184427e-06,0.0,0.0
est-first_order__dir-first_order__support-projected__cal-none__controller-base,first_order,first_order,projected,none,base,1,0.36919250750368304,0.6045849082005544,0.3246887220834698,0.06228089834935463,0.07001292157544443,0.21774350018837094,0.5299308654652861,1.0,4.730997645875193e-15,9.436231639402987e-16,0.7055468339924922,0.7055491364784832,0.809417344882749,0.6028228663781336,1.0,0.0
est-first_order__dir-first_order__support-projected__cal-none__controller-base,first_order,first_order,projected,none,base,2,0.13276037535283558,0.356470318819783,0.6763622556496751,0.13502773358791048,0.15179110084718841,0.0862899185095704,0.7626521741592457,1.0,4.898970767144791e-15,9.771263148639817e-16,1.5296593325063002,1.5296616355660535,2.377842032543773,1.3069517471752596,1.0,0.0
est-first_order__dir-first_order__support-projected__cal-none__controller-base,first_order,first_order,projected,none,base,3,0.05360284053017495,0.21971058647076463,1.1017345840859245,0.21999924455649675,0.24731161983874358,-0.06725366068327607,1.0344809234026482,1.0,5.709829157045405e-15,1.1388564226886304e-15,2.492259066393456,2.4922613696429337,5.966256049257723,2.1294053250078937,1.0,0.0
est-first_order__dir-first_order__support-projected__cal-none__controller-base,first_order,first_order,projected,none,base,4,0.22992343534424353,0.352952655660759,1.600903160630233,0.31924971576404537,0.35888379752317184,-0.24659933092112177,1.351988887455923,1.0,5.959265486105638e-15,1.1886078526506987e-15,3.6166179967500955,3.6166203000933033,14.424969569774152,3.186667690362371,1.0,0.0
est-first_order__dir-first_order__support-projected__cal-none__controller-base,first_order,first_order,projected,none,base,5,0.8025775908294793,0.7228521884049569,2.2196369856037825,0.4351786420904491,0.489205020278946,-0.45608298111442575,1.7228521884049568,1.0,6.615581397447829e-15,1.3195136241522003e-15,4.929918800476739,4.9299211038752935,27.23826683526894,4.507733973934989,1.0,0.0
est-first_order__dir-first_order__support-projected__cal-none__controller-base,first_order,first_order,projected,none,base,6,1.9717669596858132,1.1560368752864985,2.9423453731641347,0.5705887393492174,0.6414259543239618,-0.7007691206800652,2.1560368752864987,1.0,7.30203005823235e-15,1.4564295361135649e-15,6.46391204272625,6.4639143461609745,44.77883892126837,6.050797638996337,1.0,0.0
est-first_order__dir-first_order__support-projected__cal-none__controller-base,first_order,first_order,projected,none,base,7,4.020010036922106,1.6685260218120683,3.7865006340671763,0.7287537031823461,0.8192267167136809,-0.986573319911309,2.662015688688818,1.0,7.977001722282275e-15,1.5910562987703058e-15,8.255683783494655,8.255686086954608,67.49649941154856,7.85316403350714,1.0,0.426
est-first_order__dir-first_order__support-projected__cal-none__controller-base,first_order,first_order,projected,none,base,8,6.877952214526945,2.2378880456885,4.677469122476137,0.895689817037646,1.0020128973466733,-1.2860985738435107,3.1922858280929685,1.0,9.971700802528902e-15,1.9889098590763853e-15,10.14681949441404,10.146821797891267,92.81242547549266,9.753111493029738,1.0,0.426
est-first_order__dir-first_order__support-projected__cal-none__controller-base,first_order,first_order,projected,none,base,9,10.633217544767747,2.842079227764467,5.62294016134029,1.0728377892095518,1.1908968440009293,-1.6015866030893375,3.7508159655430586,1.0,1.1260827137045342e-14,2.2460331048585393e-15,12.035827981531984,12.153642542410884,120.61720957234222,11.794312626411207,1.0,0.426
est-first_order__dir-first_order__support-projected__cal-none__controller-base,first_order,first_order,projected,none,base,10,15.408831491690377,3.486952402236028,6.632072582155051,1.2619136621363647,1.3874528128965171,-1.9357198577006787,4.342355026694889,1.0,1.3797653950489734e-14,2.7520169846345253e-15,14.018535758337288,14.295588506711681,150.94914966137563,13.974092604403621,1.0,0.426
est-first_order__dir-first_order__support-projected__cal-none__controller-base,first_order,first_order,projected,none,base,11,21.376064946417067,4.179343937495798,7.715564303920187,1.4649218490463796,1.593719429031361,-2.291631557607434,4.972449966094703,1.0,1.5050818802835687e-14,3.00196751757137e-15,16.076647143068584,16.59536668539153,184.55325664695368,16.31449265548104,1.0,0.648
est-first_order__dir-first_order__support-projected__cal-none__controller-base,first_order,first_order,projected,none,base,12,28.761777810517273,4.925972617233275,8.883929242732565,1.6838322875046672,1.8119817271194516,-2.672266112873823,5.646313475209135,1.0,1.5480890301719567e-14,3.087747612780502e-15,18.29148430601516,19.075293515508804,222.24616358878455,18.838223401953865,1.0,0.648
est-first_order__dir-first_order__support-projected__cal-none__controller-base,first_order,first_order,projected,none,base,13,37.5695170177094,5.705509149258488,10.103790168597198,1.9123912601922615,2.0377622365741384,-3.0645819044896627,6.3408570797282735,1.0,1.895392665288979e-14,3.780463567316695e-15,20.633995475830247,21.66452376247123,262.2774676196262,21.473188248066858,1.0,0.8773333333333333
est-first_order__dir-first_order__support-projected__cal-none__controller-base,first_order,first_order,projected,none,base,14,47.76044630380717,6.500880225925616,11.348429846315009,2.1455928982427346,2.267660817621066,-3.457774341442609,7.03695266972781,1.0,2.2437276425529743e-14,4.47523658975416e-15,23.085244709670437,24.306348442470952,303.66688849827716,24.161676542786115,1.0,0.8773333333333333
est-first_order__dir-first_order__support-projected__cal-none__controller-base,first_order,first_order,projected,none,base,15,59.29815962891824,7.304592632002285,12.606122487426365,2.3812402018936893,2.499747269295323,-3.846255144411543,7.724706930317809,1.0,2.0891275601818928e-14,4.166878332591163e-15,25.60576443152739,26.97587884442182,345.9122700707358,26.878359960803696,1.0,
est-first_order__dir-lifted_interaction__support-projected__cal-none__controller-base,first_order,lifted_interaction,projected,none,base,0,0.6952330725623717,0.8170037466684977,0.2072813620368455,0.0,0.0,0.33028512665704823,0.3306906819343567,1.0,4.9199873983198195e-15,9.813181960461756e-16,3.81772981933807e-05,0.0,0.9896690845489502,1.0367600033184427e-06,0.0,0.0
est-first_order__dir-lifted_interaction__support-projected__cal-none__controller-base,first_order,lifted_interaction,projected,none,base,1,0.36919250750368315,0.6045849082005544,0.30877354238309856,0.04274493605082813,0.04805161670416129,0.2512792673850189,0.5299308654652861,1.0,4.756757094598697e-15,9.48761025830174e-16,0.6869369211093902,0.6869383885264958,2.3836611816724615,0.5287087824083196,1.0,0.0
est-first_order__dir-lifted_interaction__support-projected__cal-none__controller-base,first_order,lifted_interaction,projected,none,base,2,0.1397042178793178,0.36710712798604633,0.5897221488242729,0.0905324664005802,0.10177185362004432,0.16295313459397015,0.752675283418243,1.0,4.929155468150513e-15,9.831468173451959e-16,1.454913016018055,1.4549144840126318,3.0565045356924956,1.1197939923770936,1.0,0.0
est-first_order__dir-lifted_interaction__support-projected__cal-none__controller-base,first_order,lifted_interaction,projected,none,base,3,0.051892727358342,0.20775232185629186,0.9374895046326154,0.14395746285426464,0.16182943445163112,0.06420722124392146,1.0016967258765368,1.0,5.389993600340883e-15,1.0750634845921042e-15,2.3134867876361476,2.3134882558224206,1.3243498395181934,1.7806091677018205,1.0,0.0
est-first_order__dir-lifted_interaction__support-projected__cal-none__controller-base,first_order,lifted_interaction,projected,none,base,4,0.16463453860195626,0.30930006158578016,1.3262827654432645,0.20368497388457701,0.22897197183452492,-0.04618768788679443,1.2800950775564703,1.0,6.7011641994145605e-15,1.3365835786133131e-15,3.2733459888524448,3.2733474571339722,5.166541838227715,2.5400798369810196,1.0,0.0
est-first_order__dir-lifted_interaction__support-projected__cal-none__controller-base,first_order,lifted_interaction,projected,none,base,5,0.554286434237891,0.5913359147027917,1.7739954989178552,0.2704585033310177,0.3040352738155845,-0.16960581779741282,1.591335914702792,1.0,6.813299088471896e-15,1.3589494909896663e-15,4.346439200576943,4.346440668915153,13.63355288618404,3.4879727005605115,1.0,0.0
est-first_order__dir-lifted_interaction__support-projected__cal-none__controller-base,first_order,lifted_interaction,projected,none,base,6,1.3193797570479473,0.9392936454975218,2.29207297370682,0.3451092657321469,0.38795374821234235,-0.3075835099806494,1.9392936454975225,1.0,6.6829043606125495e-15,1.3329415546358936e-15,5.546124570641117,5.546126039016728,25.716791007296667,4.575283715323546,1.0,0.0
est-first_order__dir-lifted_interaction__support-projected__cal-none__controller-base,first_order,lifted_interaction,projected,none,base,7,2.5865261269257482,1.3282997397167655,2.8712677354105485,0.42856653350379836,0.4817720343684226,-0.461838347207559,2.328299739716765,1.0,7.91334024533966e-15,1.578358671590956e-15,6.712946973474285,6.887337567926518,41.24552438223449,5.790864154040835,1.0,0.0
est-first_order__dir-lifted_interaction__support-projected__cal-none__controller-base,first_order,lifted_interaction,projected,none,base,8,4.517841825927211,1.7763995651341926,3.5187897534671877,0.5218692047676591,0.5866580071001221,-0.634290534451717,2.7631966480110144,1.0,8.699443755444651e-15,1.7351512842519632e-15,7.822918163855419,8.386771011153577,60.270291783838495,7.149845883214384,1.0,0.0
est-first_order__dir-lifted_interaction__support-projected__cal-none__controller-base,first_order,lifted_interaction,projected,none,base,9,7.320275382612,2.294760646163258,4.2426995530565295,0.6261787358296032,0.7039173147107185,-0.8270868021081204,3.2493980820104,1.0,9.34632778031546e-15,1.86417581479326e-15,9.192455169490772,10.06309171240441,82.9023051594646,8.669145866501669,1.0,0.426
est-first_order__dir-lifted_interaction__support-projected__cal-none__controller-base,first_order,lifted_interaction,projected,none,base,10,11.00116352545665,2.8474832144859588,5.014596399302507,0.73740281112985,0.8274622669557894,-1.03200423019361,3.766167149159518,1.0,9.563263170126472e-15,1.9074447559821378e-15,10.6524283962062,11.850533550222313,107.95790219365837,10.300657579798616,1.0,0.426
est-first_order__dir-lifted_interaction__support-projected__cal-none__controller-base,first_order,lifted_interaction,projected,none,base,11,15.52668712388868,3.4226934121064843,5.817898024599239,0.8531520603920272,0.9536026993428607,-1.2441569360641505,4.3011824327797195,1.0,1.0897892070107503e-14,2.1736437354689014e-15,12.207057576439746,13.710697820131688,134.62653402694704,12.007640426246763,1.0,0.426
est-first_order__dir-lifted_interaction__support-projected__cal-none__controller-base,first_order,lifted_interaction,projected,none,base,12,20.964917806289172,4.023044091076329,6.6563092317709005,0.9739603156563782,1.0827735368206783,-1.4643984610717895,4.856596428012054,1.0,1.4345270363661097e-14,2.8612420511219144e-15,13.777293815822564,15.652163543540645,162.86006204117686,13.789229691243316,1.0,0.426
est-first_order__dir-lifted_interaction__support-projected__cal-none__controller-base,first_order,lifted_interaction,projected,none,base,13,27.40221387000695,4.651501058801865,7.533971876994081,1.1004243848066355,1.2155160386470611,-1.6936830383265553,5.434815558549811,1.0,1.500800441972989e-14,2.993427956431731e-15,15.496908838115056,17.684521803833274,192.6606369847079,15.65422664894127,1.0,0.426
est-first_order__dir-lifted_interaction__support-projected__cal-none__controller-base,first_order,lifted_interaction,projected,none,base,14,34.94794014236506,5.311379997198601,8.455516428717909,1.2332114807922563,1.3524850227944014,-1.9330774712423557,6.038530132436514,1.0,1.7191400331593476e-14,3.42891812419441e-15,17.373051146990967,19.81849513870994,224.07061281956197,17.61247085449172,1.0,0.426
est-first_order__dir-lifted_interaction__support-projected__cal-none__controller-base,first_order,lifted_interaction,projected,none,base,15,43.74038491913486,6.006387737175794,9.426119608958826,1.37306752727152,1.494462039905341,-2.183774413387758,6.670747831731312,1.0,1.7536860013278795e-14,3.4978219331256887e-15,19.407418074626907,22.06607101716984,257.17116684469045,19.674962629426375,1.0,
est-lifted_interaction__dir-first_order__support-projected__cal-none__controller-base,lifted_interaction,first_order,projected,none,base,0,0.6952330725623717,0.8170037466684977,0.002954717582743669,0.0,0.0,0.3320333328399247,0.3306906819343567,1.0,4.9199873983198195e-15,9.813181960461756e-16,3.81772981933807e-05,0.0,0.9896690845489502,1.0367600033184427e-06,0.0,0.0
est-lifted_interaction__dir-first_order__support-projected__cal-none__controller-base,lifted_interaction,first_order,projected,none,base,1,0.3437955873609999,0.5744917003046826,0.002637150340576589,0.07110418295371512,0.07255699802042309,0.5303431279152659,0.5294107741258803,1.0,4.838449436833527e-15,9.65055006977371e-16,0.8055014105972756,0.8055037132187042,1.0392416817767398,0.6335676085489402,1.0,0.0
est-lifted_interaction__dir-first_order__support-projected__cal-none__controller-base,lifted_interaction,first_order,projected,none,base,2,0.1700287512421764,0.4039780160451396,0.0024138554078305674,0.12109854614576297,0.12357285616647609,0.6697775677426793,0.6691336935710887,1.0,5.024969759188699e-15,1.0022574978459525e-15,1.3718625372011295,1.37186484020631,1.533111005253764,1.0790411396672346,1.0,0.0
est-lifted_interaction__dir-first_order__support-projected__cal-none__controller-base,lifted_interaction,first_order,projected,none,base,3,0.08410485916497941,0.28408741740574767,0.002256853562047376,0.15625029456829084,0.1594428322319911,0.7678159072134968,0.7673748671676416,1.0,5.000526228138782e-15,9.97382102879881e-16,1.7700791075283162,1.7700814106562832,1.9991096908792467,1.3922599206448507,1.0,0.0
est-lifted_interaction__dir-first_order__support-projected__cal-none__controller-base,lifted_interaction,first_order,projected,none,base,4,0.041613445721981494,0.19979063087785168,0.0021464633293796676,0.18096598926399263,0.1846635230073391,0.8367480592563636,0.8364496347716265,1.0,5.345742674170054e-15,1.0662373971394898e-15,2.050070846706575,2.0500731498923144,2.625490600828196,1.6124885041721888,1.0,0.0
est-lifted_interaction__dir-first_order__support-projected__cal-none__controller-base,lifted_interaction,first_order,projected,none,base,5,0.02059766456878463,0.14052036031808052,0.0020688463854027657,0.1983439460287166,0.20239654970420512,0.8852152365964627,0.8850170871428581,1.0,5.331622283055725e-15,1.0634210084754634e-15,2.2469370241714914,2.2469393273892306,3.4463730632701965,1.777363402050456,1.0,0.0
est-lifted_interaction__dir-first_order__support-projected__cal-none__controller-base,lifted_interaction,first_order,projected,none,base,6,0.010201549808942724,0.09884658938416792,0.0020142728072270466,0.2105626348025804,0.21486489320172478,0.9192931989072258,0.9191655542554106,1.0,5.062847491997636e-15,1.0098124172839735e-15,2.385356435910499,2.3853587391475757,4.075236733561962,1.9005315384561594,1.0,0.0
est-lifted_interaction__dir-first_order__support-projected__cal-none__controller-base,lifted_interaction,first_order,projected,none,base,7,0.005057420423988934,0.06954516782070753,0.001975901347565215,0.2191537688106709,0.2236315629998149,0.9432538993025628,0.9431758275805108,1.0,5.510554594101672e-15,1.0991100292948966e-15,2.4826810946848785,2.4826833979342595,4.542296255541396,1.9902889022498782,1.0,0.0
est-lifted_interaction__dir-first_order__support-projected__cal-none__controller-base,lifted_interaction,first_order,projected,none,base,8,0.002511080548833891,0.048942921218133886,0.0019489218280648963,0.22519431742525248,0.2297955333270707,0.9601010088274706,0.9600577925379983,1.0,5.304669798711044e-15,1.0580451891542358e-15,2.5511114476715053,2.551113750928976,4.882764572967249,2.0575875987474417,1.0,0.0
est-lifted_interaction__dir-first_order__support-projected__cal-none__controller-base,lifted_interaction,first_order,projected,none,base,9,0.0012499703842848095,0.034457188361999916,0.0019299521438549535,0.2294415131424608,0.23412950860734968,0.9719464513504893,0.971927742411826,1.0,5.4992119190009685e-15,1.0968476711693529e-15,2.5992258029523834,2.599228106215287,5.128037224028918,2.1049062702416452,1.0,0.0
est-lifted_interaction__dir-first_order__support-projected__cal-none__controller-base,lifted_interaction,first_order,projected,none,base,10,0.0006249147822525056,0.02427206338863557,0.0019166142888562708,0.23242777690941868,0.2371767883203964,0.9802751506065069,0.9802736731350554,1.0,5.367814748955501e-15,1.0706397922795359e-15,2.633055691051058,2.6330579943176624,5.303371679663426,2.138176701743353,1.0,0.0
est-lifted_interaction__dir-first_order__support-projected__cal-none__controller-base,lifted_interaction,first_order,projected,none,base,11,0.00031478056320563194,0.01711075703614946,0.001907236253144316,0.23452746147297981,0.23931937406420548,0.9861311776111872,0.9861418158296195,1.0,5.45150959740326e-15,1.0873331841620355e-15,2.6568419669366325,2.6568442702057835,5.428065218840263,2.1615696157317634,1.0,0.0
est-lifted_interaction__dir-first_order__support-projected__cal-none__controller-base,lifted_interaction,first_order,projected,none,base,12,0.00016066811935787193,0.012075540599603824,0.0019006424227406378,0.23600377957831187,0.24082585660006162,0.9902486335578363,0.9902677904902912,1.0,5.523435682252879e-15,1.101679232255044e-15,2.6735664361058484,2.673568739376762,5.516434167908467,2.1780175065516074,1.0,0.0
est-lifted_interaction__dir-first_order__support-projected__cal-none__controller-base,lifted_interaction,first_order,projected,none,base,13,8.392308909774123e-05,0.008535208247523952,0.0018960062067212332,0.2370417998533358,0.24188508591557317,0.9931436754452883,0.993168822006835,1.0,5.574452295491529e-15,1.1118547727226548e-15,2.6853256484490253,2.6853279517211655,5.578910042073588,2.1895822527202786,1.0,0.0
est-lifted_interaction__dir-first_order__support-projected__cal-none__controller-base,lifted_interaction,first_order,projected,none,base,14,4.559138077592395e-05,0.006045950174681063,0.0018927464172423687,0.23777164668476683,0.24262984512527846,0.9951792206068389,0.9952085785618616,1.0,5.399967216243448e-15,1.0770527764282795e-15,2.6935937180381297,2.693596021311125,5.623006558944631,2.1977135903738834,1.0,0.0
est-lifted_interaction__dir-first_order__support-projected__cal-none__controller-base,lifted_interaction,first_order,projected,none,base,15,2.6366222409152355e-05,0.004514110353006894,0.001890454412857254,0.2382848123812052,0.24315349592715702,0.9966104413856028,0.9966427604313273,1.0,5.655816732662094e-15,1.128083351424665e-15,2.699407115460952,2.6994094187345463,5.654094765557163,2.203430849626495,1.0,
est-lifted_interaction__dir-lifted_interaction__support-projected__cal-none__controller-base,lifted_interaction,lifted_interaction,projected,none,base,0,0.6952330725623717,0.8170037466684977,0.002954717582743669,0.0,0.0,0.3320333328399247,0.3306906819343567,1.0,4.9199873983198195e-15,9.813181960461756e-16,3.81772981933807e-05,0.0,0.9896690845489502,1.0367600033184427e-06,0.0,0.0
est-lifted_interaction__dir-lifted_interaction__support-projected__cal-none__controller-base,lifted_interaction,lifted_interaction,projected,none,base,1,0.3437955873609999,0.5744917003046826,0.002617945354057196,0.04880057664316653,0.049797679908629544,0.5303183165722464,0.5294107741258803,1.0,4.945749342536047e-15,9.864565556756218e-16,0.7842549280698846,0.7842563956244597,2.771651890878169,0.5545445634366882,1.0,0.0
est-lifted_interaction__dir-lifted_interaction__support-projected__cal-none__controller-base,lifted_interaction,lifted_interaction,projected,none,base,2,0.17002117085501262,0.40396900803575847,0.0023811346121761913,0.08311476942685331,0.08481298722886214,0.6697426764041469,0.669141074945637,1.0,4.876447974554286e-15,9.726340216108761e-16,1.3357058940861548,1.33570736203564,3.661926193914636,0.9444764651469706,1.0,0.0
est-lifted_interaction__dir-lifted_interaction__support-projected__cal-none__controller-base,lifted_interaction,lifted_interaction,projected,none,base,3,0.08409203100152264,0.2840657417425206,0.0022146208123583824,0.10724284141677519,0.10943404887229556,0.7677791073462774,0.7673926287154036,1.0,5.092624774080308e-15,1.0157516578492042e-15,1.7234594016805567,1.7234608697564,3.7408052915518395,1.2186576197188366,1.0,0.0
est-lifted_interaction__dir-lifted_interaction__support-projected__cal-none__controller-base,lifted_interaction,lifted_interaction,projected,none,base,4,0.041598861682055545,0.19975559465010861,0.0020975364043222095,0.12420852851950713,0.12674638232993948,0.8367135589977607,0.8364783442798859,1.0,4.915763758889227e-15,9.804757682326014e-16,1.9961088154542912,1.9961102835895883,3.5247432749497167,1.411448476770118,1.0,0.0
est-lifted_interaction__dir-lifted_interaction__support-projected__cal-none__controller-base,lifted_interaction,lifted_interaction,projected,none,base,5,0.02058373802530504,0.140472798422021,0.002015208341301701,0.1361379748087934,0.138919573481857,0.8851849137668433,0.8850560604780519,1.0,4.9231910277751236e-15,9.819571773327846e-16,2.1878226268593086,2.1878240950275383,3.239709519556491,1.5470096338474748,1.0,0.0
est-lifted_interaction__dir-lifted_interaction__support-projected__cal-none__controller-base,lifted_interaction,lifted_interaction,projected,none,base,6,0.010189483669880671,0.09878801847769482,0.001957319250222838,0.14452618142295692,0.14747916963240895,0.919267613735629,0.9192135486324162,1.0,5.6682148837942164e-15,1.1305562299746052e-15,2.3226264578080396,2.3226279259961697,2.974222147846311,1.642329648443725,1.0,0.0
est-lifted_interaction__dir-lifted_interaction__support-projected__cal-none__controller-base,lifted_interaction,lifted_interaction,projected,none,base,7,0.005047582281847947,0.0694773079585506,0.0019166144559768395,0.150424360474661,0.1534978614730447,0.9432329112334246,0.9432314335460666,1.0,5.174671075943768e-15,1.032116238165895e-15,2.4174139574935967,2.41741542569439,2.7878612052593272,1.7133828497824737,1.0,0.0
est-lifted_interaction__dir-lifted_interaction__support-projected__cal-none__controller-base,lifted_interaction,lifted_interaction,projected,none,base,8,0.002503376785943363,0.04886744142490185,0.001887992823753152,0.15457167321099977,0.1577299129431598,0.9600841432274821,0.9601196424541226,1.0,5.346838822562686e-15,1.0664560298871315e-15,2.484063918650921,2.484065386860041,2.7009750516477844,1.766742934549157,1.0,0.0
est-lifted_interaction__dir-lifted_interaction__support-projected__cal-none__controller-base,lifted_interaction,lifted_interaction,projected,none,base,9,0.0012441039372430409,0.034375585341871226,0.0018678674835734368,0.1574878618824894,0.16070568577219563,0.9719331102492206,0.9719946098439468,1.0,5.5106656592394214e-15,1.0991321818395664e-15,2.5309289307780003,2.5309303989927128,2.6343063775946685,1.804263151759423,1.0,0.0
est-lifted_interaction__dir-lifted_interaction__support-projected__cal-none__controller-base,lifted_interaction,lifted_interaction,projected,none,base,10,0.0006205341974855975,0.024185616746567953,0.0018537163228646719,0.1595383839695294,0.16279810454180643,0.9802647277553924,0.9803445095448039,1.0,5.501409595282718e-15,1.0972860096344141e-15,2.5638821287023448,2.563883596920867,2.584686637920504,1.8306455442473846,1.0,0.0
est-lifted_interaction__dir-lifted_interaction__support-projected__cal-none__controller-base,lifted_interaction,lifted_interaction,projected,none,base,11,0.0003115542684582476,0.017020526272418585,0.001843765914691707,0.160980211403586,0.16426939168600627,0.9861231160977516,0.9862157530375744,1.0,5.801653525517689e-15,1.1571712914732685e-15,2.587053215279579,2.587054683500722,2.548446239223204,1.849196359917994,1.0,0.0
est-lifted_interaction__dir-lifted_interaction__support-projected__cal-none__controller-base,lifted_interaction,lifted_interaction,projected,none,base,12,0.00015831432243934264,0.011982383021770212,0.001836769271459076,0.16199403435274476,0.1653039292709899,0.9902424499419257,0.9903441259984934,1.0,5.298697638737455e-15,1.0568540094260556e-15,2.6033459967693124,2.6033474649922694,2.5222980635310788,1.862240391546359,1.0,0.0
est-lifted_interaction__dir-lifted_interaction__support-projected__cal-none__controller-base,lifted_interaction,lifted_interaction,projected,none,base,13,8.221619086637708e-05,0.00843980564530406,0.0018318495721184208,0.1627069053579449,0.16603136580094477,0.9931389652167946,0.9932469971407706,1.0,5.481451709328337e-15,1.0933053009341565e-15,2.614802288548605,2.614803756772824,2.50358347287206,1.8714123203791888,1.0,0.0
est-lifted_interaction__dir-lifted_interaction__support-projected__cal-none__controller-base,lifted_interaction,lifted_interaction,projected,none,base,14,4.435749522274108e-05,0.005948837476299801,0.001828390278740976,0.16320816158860801,0.16654286380043126,0.9951756539278628,0.9952881549887743,1.0,6.033443768716934e-15,1.2034031138139246e-15,2.622857795916389,2.6228592641414896,2.4902621169192978,1.8778615747900398,1.0,0.0
est-lifted_interaction__dir-lifted_interaction__support-projected__cal-none__controller-base,lifted_interaction,lifted_interaction,projected,none,base,15,2.547470963277571e-05,0.004451693644393219,0.0018259578718304507,0.16356062059864726,0.16690252432434652,0.9966077544045225,0.9967233979452349,1.0,5.762113667578817e-15,1.1492848521547966e-15,2.6285220370340685,2.6285235052597855,2.4808150910211206,1.8823963769253333,1.0,
est-first_order__dir-first_order__support-unprojected__cal-response_gain__controller-base,first_order,first_order,unprojected,response_gain,base,0,0.6952330725623717,0.8170037466684977,0.2072813620368455,0.0,0.0,0.33028512665704823,0.3306906819343567,1.0,4.9199873983198195e-15,9.813181960461756e-16,3.81772981933807e-05,0.0,0.9896690845489502,1.0367600033184427e-06,0.0,0.0
est-first_order__dir-first_order__support-unprojected__cal-response_gain__controller-base,first_order,first_order,unprojected,response_gain,base,1,0.3691925075036833,0.6045849082005547,0.20728136155590737,0.021487312894180738,0.024154910934146834,0.5295253014765767,0.5299308654652859,1.0,0.30471512218767227,0.06077708534686754,0.3900024288183533,0.3900053009306229,1.365379444930244,0.1700408148830794,1.0,0.0
est-first_order__dir-first_order__support-unprojected__cal-response_gain__controller-base,first_order,first_order,unprojected,response_gain,base,2,0.20834614398191018,0.455360661848762,0.20728136155590743,0.03658215020234285,0.041123735865385105,0.6694915242872952,0.6698970882760045,1.0,0.518777495524512,0.10347298780304197,0.6639811519382983,0.6639840248343853,2.1232080836303795,0.2894976114153348,1.0,0.0
est-first_order__dir-first_order__support-unprojected__cal-response_gain__controller-base,first_order,first_order,unprojected,response_gain,base,3,0.12900729489351506,0.3505306287866279,0.2072813615559074,0.047186273411326585,0.05304433537957985,0.7678177958118247,0.768223359800534,1.0,0.669156312793642,0.13346685927850457,0.8564512052299502,0.8564540783767786,3.0800789139873936,0.37341601097924415,1.0,0.0
est-first_order__dir-first_order__support-unprojected__cal-response_gain__controller-base,first_order,first_order,unprojected,response_gain,base,4,0.08988106221164409,0.2768875305604786,0.20728136155590732,0.05463566996563776,0.061418556538301736,0.8368920015578067,0.837297565546516,1.0,0.7747974319252056,0.15453755399001698,0.9916614177255404,0.9916642909903098,3.8183002779119937,0.4323686866728904,1.0,0.0
est-first_order__dir-first_order__support-unprojected__cal-response_gain__controller-base,first_order,first_order,unprojected,response_gain,base,5,0.07059168145495522,0.22515325405660874,0.2072813615559072,0.05986887104504129,0.06730144690230384,0.8854166310943592,0.8858221950830686,1.0,0.8490103181151293,0.16933971702485445,1.0866465920212443,1.0866494653513152,4.3684036392872425,0.4737829413476772,1.0,0.0
est-first_order__dir-first_order__support-unprojected__cal-response_gain__controller-base,first_order,first_order,unprojected,response_gain,base,6,0.06108606236946456,0.18880992481264006,0.20728136155590696,0.06354519480332231,0.07143417738301529,0.9195051833437874,0.9199107473324966,1.0,0.9011448706635508,0.1797382365568278,1.1533736769704084,1.1533765503399225,4.77001361957041,0.5028764552567148,1.0,0.0
est-first_order__dir-first_order__support-unprojected__cal-response_gain__controller-base,first_order,first_order,unprojected,response_gain,base,7,0.05640468208144255,0.1866552270402304,0.2072813615559076,0.06612781224351465,0.07433742054571507,0.9434523912990107,0.94385795528772,1.0,0.9377693938288166,0.18704319652803905,1.2002494541498185,1.2002523275444181,5.059492188588131,0.5233146487778138,1.0,0.0
est-first_order__dir-first_order__support-unprojected__cal-response_gain__controller-base,first_order,first_order,unprojected,response_gain,base,8,0.0541012074045798,0.1927915020586443,0.20728136155590687,0.06794210099524989,0.07637694886751176,0.9602753048875551,0.9606808688762641,1.0,0.9634981213524162,0.19217493090781504,1.233179687619495,1.2331825610305769,5.266429751655503,0.5376724797263854,1.0,0.0
est-first_order__dir-first_order__support-unprojected__cal-response_gain__controller-base,first_order,first_order,unprojected,response_gain,base,9,0.05296921632194803,0.19710223525908002,0.20728136155590737,0.06921663884334382,0.07780971751357386,0.9720934016835072,0.9724989656722167,1.0,0.9815725524377444,0.1957799743096076,1.256313176632459,1.256316050054603,5.413553158089009,0.5477588559677574,1.0,0.0
est-first_order__dir-first_order__support-unprojected__cal-response_gain__controller-base,first_order,first_order,unprojected,response_gain,base,10,0.05241393526487445,0.20013052533238618,0.20728136155590737,0.07011200168162986,0.07881623748743255,0.980395614682664,0.9808011786713733,1.0,0.9942698402751878,0.1983125172993669,1.2725644526643067,1.2725673260939818,5.517765166124152,0.5548445352773211,1.0,0.0
est-first_order__dir-first_order__support-unprojected__cal-response_gain__controller-base,first_order,first_order,unprojected,response_gain,base,11,0.05214226353374961,0.20225789910888367,0.20728136155590732,0.07074099407552575,0.07952331776906822,0.9862279193145714,0.9866334833032809,1.0,1.003189684980992,0.20009162874967282,1.2839809740767945,1.2839838475116454,5.59139545801327,0.5598222249922897,1.0,0.0
est-first_order__dir-first_order__support-unprojected__cal-response_gain__controller-base,first_order,first_order,unprojected,response_gain,base,12,0.05200985180257709,0.20375237918687322,0.20728136155590687,0.07118286123223763,0.08002004166691727,0.9903251133184867,0.9907306773071957,1.0,1.009455875886819,0.2013414545435127,1.292001080369121,1.2920039538075534,5.64332799277825,0.5633190520170549,1.0,0.0
est-first_order__dir-first_order__support-unprojected__cal-response_gain__controller-base,first_order,first_order,unprojected,response_gain,base,13,0.051945671911845445,0.20480225144166078,0.20728136155590687,0.07149327290982775,0.08036899020515628,0.9932033921062366,0.9936089560949461,1.0,1.0138578749981628,0.2022194571636852,1.297635205039507,1.2976380784804293,5.679912641587051,0.5657755730019525,1.0,0.0
est-first_order__dir-first_order__support-unprojected__cal-response_gain__controller-base,first_order,first_order,unprojected,response_gain,base,14,0.051914817938283175,0.20553978670064893,0.20728136155590687,0.0717113371133348,0.08061412655326916,0.9952253829546314,0.9956309469433405,1.0,1.0169502793738816,0.20283625400435637,1.301593177620466,1.3015960510631241,5.705663633641023,0.5675012789938431,1.0,0.0
est-first_order__dir-first_order__support-unprojected__cal-response_gain__controller-base,first_order,first_order,unprojected,response_gain,base,15,0.05190016680004872,0.20605790522008818,0.2072813615559068,0.07186452721629848,0.08078633483781847,0.9966458315256287,0.9970513955143377,1.0,1.019122693447824,0.20326955378492792,1.3043736533585961,1.3043765268024674,5.723778488547903,0.5687135874531463,1.0,
est-first_order__dir-lifted_interaction__support-unprojected__cal-response_gain__controller-base,first_order,lifted_interaction,unprojected,response_gain,base,0,0.6952330725623717,0.8170037466684977,0.2072813620368455,0.0,0.0,0.33028512665704823,0.3306906819343567,1.0,4.9199873983198195e-15,9.813181960461756e-16,3.81772981933807e-05,0.0,0.9896690845489502,1.0367600033184427e-06,0.0,0.0
est-first_order__dir-lifted_interaction__support-unprojected__cal-response_gain__controller-base,first_order,lifted_interaction,unprojected,response_gain,base,1,0.36919250750368315,0.6045849082005544,0.2072813615559076,0.01672980327010801,0.01880676797165731,0.5295253014765763,0.5299308654652861,1.0,0.2831381322826601,0.05647343757392325,0.3904488972935695,0.3904512396230695,0.7891237800114301,0.17167899518204158,1.0,0.0
est-first_order__dir-lifted_interaction__support-unprojected__cal-response_gain__controller-base,first_order,lifted_interaction,unprojected,response_gain,base,2,0.20834614398191018,0.455360661848762,0.20728136155590726,0.028482490067358895,0.03201852247174655,0.6694915242872952,0.6698970882760045,1.0,0.4820426702112288,0.09614602746960436,0.6647408923437248,0.6647432354582758,0.9726661342790721,0.29228661337431766,1.0,0.0
est-first_order__dir-lifted_interaction__support-unprojected__cal-response_gain__controller-base,first_order,lifted_interaction,unprojected,response_gain,base,3,0.129007294893515,0.3505306287866278,0.20728136155590696,0.03673875254242766,0.041299780008059284,0.7678177958118247,0.7682233598005341,1.0,0.6217731081060485,0.1240160218713203,0.8574310191668213,0.8574333625325083,1.4565385328002685,0.3770134651543917,1.0,0.0
est-first_order__dir-lifted_interaction__support-unprojected__cal-response_gain__controller-base,first_order,lifted_interaction,unprojected,response_gain,base,4,0.08988106221164405,0.27688753056047866,0.20728136155590732,0.042538776931163445,0.04781986342731892,0.8368920015578072,0.8372975655465161,1.0,0.7199337407271591,0.14359469293852575,0.9927958333183429,0.9927981768021567,1.9567385659437238,0.43653407852989373,1.0,0.0
est-first_order__dir-lifted_interaction__support-unprojected__cal-response_gain__controller-base,first_order,lifted_interaction,unprojected,response_gain,base,5,0.07059168145495516,0.2251532540566087,0.2072813615559071,0.04661329406425035,0.05240022202934888,0.8854166310943596,0.8858221950830685,1.0,0.7888915851434891,0.1573487093632376,1.087889615277366,1.0878919588265845,2.343566661296112,0.478347309426184,1.0,0.0
est-first_order__dir-lifted_interaction__support-unprojected__cal-response_gain__controller-base,first_order,lifted_interaction,unprojected,response_gain,base,6,0.061086062369464574,0.18880992481264008,0.2072813615559068,0.049475642350243924,0.05561792394727489,0.9195051833437877,0.9199107473324966,1.0,0.8373344708459611,0.16701090590159767,1.154692997110022,1.1546953406987448,2.6325062610361116,0.5077211041308276,1.0,0.0
est-first_order__dir-lifted_interaction__support-unprojected__cal-response_gain__controller-base,first_order,lifted_interaction,unprojected,response_gain,base,7,0.05640468208144261,0.1866552270402303,0.2072813615559069,0.05148644202115436,0.0578783595446179,0.9434523912990107,0.9438579552877201,1.0,0.8713655980519476,0.17379859896979555,1.2016223728500894,1.2016247164639375,2.8438624879557755,0.5283561949108398,1.0,0.0
est-first_order__dir-lifted_interaction__support-unprojected__cal-response_gain__controller-base,first_order,lifted_interaction,unprojected,response_gain,base,8,0.05410120740457974,0.19279150205864395,0.20728136155590687,0.05289902878996896,0.05946631555175137,0.9602753048875553,0.9606808688762641,1.0,0.8952724649141535,0.17856695335020462,1.234590259308629,1.2345926029389858,2.9964349185084465,0.5428523461837985,1.0,0.0
est-first_order__dir-lifted_interaction__support-unprojected__cal-response_gain__controller-base,first_order,lifted_interaction,unprojected,response_gain,base,9,0.052969216321947975,0.19710223525907974,0.20728136155590696,0.05389137099506123,0.06058185464676265,0.9720934016835077,0.9724989656722165,1.0,0.9120670388848529,0.181916722302442,1.2577501995462705,1.2577525431877064,3.105623974565104,0.553035892453052,1.0,0.0
est-first_order__dir-lifted_interaction__support-unprojected__cal-response_gain__controller-base,first_order,lifted_interaction,unprojected,response_gain,base,10,0.05241393526487444,0.2001305253323858,0.2072813615559068,0.05458849139413854,0.06136552086100809,0.9803956146826643,0.980801178671373,1.0,0.923865227099269,0.18426993499138872,1.2740200575634548,1.274022401212433,3.183314851893453,0.5601898337072024,1.0,0.0
est-first_order__dir-lifted_interaction__support-unprojected__cal-response_gain__controller-base,first_order,lifted_interaction,unprojected,response_gain,base,11,0.052142263533749574,0.20225789910888328,0.20728136155590718,0.05507821847449031,0.061916046376515446,0.986227919314571,0.9866334833032804,1.0,0.9321534543198965,0.18592306690537386,1.2854496328206402,1.2854519764748036,3.238377373259785,0.5652154774382432,1.0,0.0
est-first_order__dir-lifted_interaction__support-unprojected__cal-response_gain__controller-base,first_order,lifted_interaction,unprojected,response_gain,base,12,0.05200985180257705,0.20375237918687283,0.20728136155590696,0.055422251748437436,0.06230279055115941,0.9903251133184864,0.9907306773071957,1.0,0.9379759339423872,0.18708439207494837,1.2934789094388686,1.2934812530966187,3.2772973929749187,0.5687459921592992,1.0,0.0
est-first_order__dir-lifted_interaction__support-unprojected__cal-response_gain__controller-base,first_order,lifted_interaction,unprojected,response_gain,base,13,0.05194567191184539,0.20480225144166056,0.20728136155590687,0.05566393512338537,0.06257447833384683,0.9932033921062366,0.9936089560949458,1.0,0.9420662258771874,0.18790022300657447,1.2991194762632003,1.299121819923444,3.3047562497347283,0.5712261787508415,1.0,0.0
est-first_order__dir-lifted_interaction__support-unprojected__cal-response_gain__controller-base,first_order,lifted_interaction,unprojected,response_gain,base,14,0.051914817938283106,0.20553978670064874,0.20728136155590687,0.05583371769428625,0.06276533900118472,0.9952253829546314,0.9956309469433405,1.0,0.9449396559613842,0.18847334423604184,1.3030819744573066,1.3030843181192888,3.3241040328108085,0.5729685098313996,1.0,0.0
est-first_order__dir-lifted_interaction__support-unprojected__cal-response_gain__controller-base,first_order,lifted_interaction,unprojected,response_gain,base,15,0.05190016680004872,0.2060579052200881,0.20728136155590665,0.05595298995034409,0.06289941861998956,0.9966458315256287,0.9970513955143375,1.0,0.9469582405955325,0.18887596189974268,1.3058656294386721,1.3058679731018699,3.337724417299103,0.5741924974154915,1.0,
est-lifted_interaction__dir-first_order__support-unprojected__cal-response_gain__controller-base,lifted_interaction,first_order,unprojected,response_gain,base,0,0.6952330725623717,0.8170037466684977,0.002954717582743669,0.0,0.0,0.3320333328399247,0.3306906819343567,1.0,4.9199873983198195e-15,9.813181960461756e-16,3.81772981933807e-05,0.0,0.9896690845489502,1.0367600033184427e-06,0.0,0.0
est-lifted_interaction__dir-first_order__support-unprojected__cal-response_gain__controller-base,lifted_interaction,first_order,unprojected,response_gain,base,1,0.343795587361,0.5744917003046827,0.002954730218324369,0.024531403170220737,0.02503263376809407,0.5307534163200471,0.5294107741258801,1.0,0.34788386762279955,0.069387325976842,0.4452541648038094,0.4452570371534648,1.2419549340186125,0.18052519285960306,1.0,0.0
est-lifted_interaction__dir-first_order__support-unprojected__cal-response_gain__controller-base,lifted_interaction,first_order,unprojected,response_gain,base,2,0.17015412748178294,0.4041269754060404,0.0029547302183244896,0.04176471389730084,0.042618058990180174,0.670354274964833,0.669011632770666,1.0,0.5922722846278163,0.11813192247557353,0.758047232718253,0.7580501057537737,2.5925111317988643,0.3073472649203664,1.0,0.0
est-lifted_interaction__dir-first_order__support-unprojected__cal-response_gain__controller-base,lifted_interaction,first_order,unprojected,response_gain,base,3,0.08431707420240078,0.2844457561647438,0.0029547302183241656,0.05387111468307456,0.05497182020869562,0.7684238781627952,0.7670812359686283,1.0,0.7639551475738406,0.15237500151593242,0.9777843631905635,0.9777872364454906,3.6762137199951903,0.39643977054305257,1.0,0.0
est-lifted_interaction__dir-first_order__support-unprojected__cal-response_gain__controller-base,lifted_interaction,first_order,unprojected,response_gain,base,4,0.04185485685961321,0.2003696996477331,0.002954730218324312,0.06237586123508065,0.06365033746470275,0.8373177744093638,0.8359751322151968,1.0,0.8845623587934225,0.17643076454178455,1.132149697398293,1.1321525707564222,4.5014160582665514,0.4590272557429897,1.0,0.0
est-lifted_interaction__dir-first_order__support-unprojected__cal-response_gain__controller-base,lifted_interaction,first_order,unprojected,response_gain,base,5,0.020828467926938894,0.14130626994453313,0.002954730218324362,0.06835044568786489,0.06974699583704774,0.8857157365225781,0.884373094328411,1.0,0.9692889246751789,0.19332993806744567,1.2405913446945809,1.2405942181098515,5.111666583271758,0.5029949640959455,1.0,0.0
est-lifted_interaction__dir-first_order__support-unprojected__cal-response_gain__controller-base,lifted_interaction,first_order,unprojected,response_gain,base,6,0.010401922525915248,0.09981421057803518,0.002954730218324439,0.07254759126594584,0.07402989834362012,0.9197153049071111,0.9183726627129438,1.0,1.0288093372071128,0.20520160746922256,1.316771601925851,1.316774475375635,5.555088320209788,0.533882279213897,1.0,0.0
est-lifted_interaction__dir-first_order__support-unprojected__cal-response_gain__controller-base,lifted_interaction,first_order,unprojected,response_gain,base,7,0.005221308743509118,0.07066603887307023,0.0029547302183241526,0.0754960860345477,0.0770386373544872,0.9436000016972454,0.9422573595030784,1.0,1.070622427010796,0.21354145522397083,1.3702882326331134,1.3702911061048484,5.873732118198078,0.5555806180842578,1.0,0.0
est-lifted_interaction__dir-first_order__support-unprojected__cal-response_gain__controller-base,lifted_interaction,first_order,unprojected,response_gain,base,8,0.0026400219191383117,0.050189448250332516,0.002954730218324364,0.07756740360949049,0.07915227650962131,0.9603790011923149,0.9590363589981479,1.0,1.099996122597884,0.21940019827168158,1.4078836657059635,1.407886539192121,6.101059365739129,0.5708237011406863,1.0,0.0
est-lifted_interaction__dir-first_order__support-unprojected__cal-response_gain__controller-base,lifted_interaction,first_order,unprojected,response_gain,base,9,0.0013488441036667844,0.035804643337859196,0.0029547302183246266,0.07902250420588781,0.08063710801610303,0.9721662483376016,0.9708236061434342,1.0,1.120631143747813,0.22351596526269837,1.4342944574400929,1.4342973309359295,6.262458921646309,0.5815319669878272,1.0,0.0
est-lifted_interaction__dir-first_order__support-unprojected__cal-response_gain__controller-base,lifted_interaction,first_order,unprojected,response_gain,base,10,0.00069948889606242,0.025699317886846644,0.002954730218324317,0.0800447123748569,0.08168020214940641,0.9804467894571647,0.979104147262998,1.0,1.135127246105638,0.2264072915738876,1.4528480386335287,1.4528509121359552,6.3766768405251275,0.5890545237454439,1.0,0.0
est-lifted_interaction__dir-first_order__support-unprojected__cal-response_gain__controller-base,lifted_interaction,first_order,unprojected,response_gain,base,11,0.0003704920453596278,0.01860032675751033,0.0029547302183244354,0.08076281361355775,0.0824129757780521,0.9862638695936583,0.9849212273994914,1.0,1.1453107580120103,0.228438448307498,1.4658819294220176,1.4658848029289735,6.4573250324889715,0.5943391198676693,1.0,0.0
est-lifted_interaction__dir-first_order__support-unprojected__cal-response_gain__controller-base,lifted_interaction,first_order,unprojected,response_gain,base,12,0.00020213350521828806,0.01361328548915157,0.0029547302183243977,0.08126727973374506,0.08292774925217566,0.9903503683895449,0.9890077261953781,1.0,1.1524646751262368,0.22986533591285938,1.4750382377009787,1.4750411112110682,6.514182137020374,0.5980515486435329,1.0,0.0
est-lifted_interaction__dir-first_order__support-unprojected__cal-response_gain__controller-base,lifted_interaction,first_order,unprojected,response_gain,base,13,0.00011483494541000555,0.010109888998129644,0.0029547302183244653,0.08162166718317664,0.08328937761774743,0.9932211337936554,0.9918784915994885,1.0,1.1574903018989813,0.23086772445562573,1.4814705442669716,1.4814734177792404,6.554223595861234,0.6006595298585771,1.0,0.0
est-lifted_interaction__dir-first_order__support-unprojected__cal-response_gain__controller-base,lifted_interaction,first_order,unprojected,response_gain,base,14,6.879323150323747e-05,0.0076487529631866676,0.0029547302183243395,0.08187062436640231,0.08354342154456164,0.9952378464900429,0.9938952042958759,1.0,1.1610208047068338,0.23157190240691905,1.4859892396295933,1.4859921131433809,6.5824016700889745,0.6024916366621457,1.0,0.0
est-lifted_interaction__dir-first_order__support-unprojected__cal-response_gain__controller-base,lifted_interaction,first_order,unprojected,response_gain,base,15,4.399242928920829e-05,0.005919804898639406,0.0029547302183244076,0.08204551678761837,0.08372188740314862,0.9966545871592553,0.9953119449650879,1.0,1.1635009829293503,0.23206658741770275,1.4891636231218408,1.4891664966366898,6.602220897373679,0.6037786916916525,1.0,
est-lifted_interaction__dir-lifted_interaction__support-unprojected__cal-response_gain__controller-base,lifted_interaction,lifted_interaction,unprojected,response_gain,base,0,0.6952330725623717,0.8170037466684977,0.002954717582743669,0.0,0.0,0.3320333328399247,0.3306906819343567,1.0,4.9199873983198195e-15,9.813181960461756e-16,3.81772981933807e-05,0.0,0.9896690845489502,1.0367600033184427e-06,0.0,0.0
est-lifted_interaction__dir-lifted_interaction__support-unprojected__cal-response_gain__controller-base,lifted_interaction,lifted_interaction,unprojected,response_gain,base,1,0.3437955873609999,0.5744917003046827,0.002954730218324271,0.019099900997329607,0.019490154042774398,0.5307534163200471,0.5294107741258802,1.0,0.32325008297199814,0.06447398389723229,0.44576380905619134,0.4457661516205684,0.8198547598318584,0.1816767142468888,1.0,0.0
est-lifted_interaction__dir-lifted_interaction__support-unprojected__cal-response_gain__controller-base,lifted_interaction,lifted_interaction,unprojected,response_gain,base,2,0.17015412748178277,0.4041269754060401,0.002954730218324342,0.03251758144795363,0.0331819872578234,0.6703542749648334,0.6690116327706663,1.0,0.5503332662598269,0.10976695758503797,0.7589145298815068,0.7589168731340175,1.4519188242627314,0.30930773008222023,1.0,0.0
est-lifted_interaction__dir-lifted_interaction__support-unprojected__cal-response_gain__controller-base,lifted_interaction,lifted_interaction,unprojected,response_gain,base,3,0.08431707420240078,0.28444575616474377,0.002954730218324195,0.041943501964517085,0.04280050009139538,0.7684238781627952,0.7670812359686282,1.0,0.7098592025195266,0.14158527160072143,0.9789029115245724,0.9789052549972154,2.224235152761384,0.39896851870654065,1.0,0.0
est-lifted_interaction__dir-lifted_interaction__support-unprojected__cal-response_gain__controller-base,lifted_interaction,lifted_interaction,unprojected,response_gain,base,4,0.041854856859613224,0.2003696996477331,0.0029547302183242662,0.048565211127402884,0.0495575053569797,0.8373177744093636,0.8359751322151968,1.0,0.8219261727419658,0.16393763719673912,1.1334447496799256,1.1334470932561123,2.8374276886008203,0.4619552227151255,1.0,0.0
est-lifted_interaction__dir-lifted_interaction__support-unprojected__cal-response_gain__controller-base,lifted_interaction,lifted_interaction,unprojected,response_gain,base,5,0.02082846792693891,0.14130626994453313,0.002954730218324296,0.053216961814330145,0.05430430155605265,0.8857157365225777,0.884373094328411,1.0,0.9006532193232292,0.17964017402794152,1.2420103909994702,1.242012734632987,3.3023233577362405,0.5062033822811567,1.0,0.0
est-lifted_interaction__dir-lifted_interaction__support-unprojected__cal-response_gain__controller-base,lifted_interaction,lifted_interaction,unprojected,response_gain,base,6,0.010401922525915238,0.09981421057803508,0.0029547302183242125,0.05648481667189659,0.057638925885901436,0.9197153049071111,0.918372662712944,1.0,0.9559589695465669,0.19067120615186128,1.3182777540320973,1.318280097700242,3.645477455851502,0.5372877143762935,1.0,0.0
est-lifted_interaction__dir-lifted_interaction__support-unprojected__cal-response_gain__controller-base,lifted_interaction,lifted_interaction,unprojected,response_gain,base,7,0.0052213087435091145,0.07066603887307019,0.0029547302183244146,0.05878048470933694,0.059981499477620145,0.9436000016972454,0.9422573595030784,1.0,0.9948112590784615,0.19842050621891477,1.3718555765648204,1.371857920254988,3.8946167605385282,0.5591244576731271,1.0,0.0
est-lifted_interaction__dir-lifted_interaction__support-unprojected__cal-response_gain__controller-base,lifted_interaction,lifted_interaction,unprojected,response_gain,base,8,0.0026400219191383013,0.0501894482503324,0.002954730218324412,0.06039319150563885,0.061627157425802596,0.960379001192315,0.959036358998148,1.0,1.0221049924746173,0.20386438951601993,1.409493996895059,1.4094963405996979,4.073585178337588,0.5744647698391525,1.0,0.0
est-lifted_interaction__dir-lifted_interaction__support-unprojected__cal-response_gain__controller-base,lifted_interaction,lifted_interaction,unprojected,response_gain,base,9,0.0013488441036667853,0.035804643337859196,0.002954730218324414,0.06152611803004089,0.06278323213440071,0.9721662483376012,0.9708236061434342,1.0,1.0412788401854172,0.2076887175322363,1.4359349871775058,1.4359373308918557,4.201246032665207,0.5852413391357856,1.0,0.0
est-lifted_interaction__dir-lifted_interaction__support-unprojected__cal-response_gain__controller-base,lifted_interaction,lifted_interaction,unprojected,response_gain,base,10,0.00069948889606242,0.025699317886846644,0.002954730218324315,0.062321998913433374,0.06359537461719095,0.9804467894571647,0.979104147262998,1.0,1.0547484682022534,0.21037530796362833,1.4545097828511355,1.4545121265720966,4.2918784669646985,0.5928118790666703,1.0,0.0
est-lifted_interaction__dir-lifted_interaction__support-unprojected__cal-response_gain__controller-base,lifted_interaction,lifted_interaction,unprojected,response_gain,base,11,0.000370492045359633,0.01860032675751048,0.0029547302183244345,0.06288110523401658,0.06416590471135106,0.9862638695936583,0.9849212273994913,1.0,1.0642108818840812,0.21226263774168114,1.4675585768119606,1.4675609205374658,4.3560153397317265,0.5981301833681169,1.0,0.0
est-lifted_interaction__dir-lifted_interaction__support-unprojected__cal-response_gain__controller-base,lifted_interaction,lifted_interaction,unprojected,response_gain,base,12,0.0002021335052182914,0.013613285489151692,0.0029547302183242684,0.06327387742422626,0.06456670210249853,0.9903503683895449,0.9890077261953779,1.0,1.0708582274955654,0.21358848691076324,1.476725354569488,1.4767276982981383,4.401301698693083,0.601866292139883,1.0,0.0
est-lifted_interaction__dir-lifted_interaction__support-unprojected__cal-response_gain__controller-base,lifted_interaction,lifted_interaction,unprojected,response_gain,base,13,0.0001148349454100068,0.010109888998129715,0.0029547302183243643,0.06354979988784852,0.06484826226977956,0.9932211337936553,0.9918784915994884,1.0,1.075527987787633,0.2145198959520435,1.4831650159441745,1.4831673596750106,4.433228781809976,0.6044909085520486,1.0,0.0
est-lifted_interaction__dir-lifted_interaction__support-unprojected__cal-response_gain__controller-base,lifted_interaction,lifted_interaction,unprojected,response_gain,base,14,6.879323150323804e-05,0.007648752963186746,0.0029547302183244866,0.06374363541854326,0.06504605828729464,0.995237846490043,0.9938952042958759,1.0,1.07880849439281,0.21517421080354288,1.4876888780599031,1.4876912217922633,4.455713462384549,0.606334701581595,1.0,0.0
est-lifted_interaction__dir-lifted_interaction__support-unprojected__cal-response_gain__controller-base,lifted_interaction,lifted_interaction,unprojected,response_gain,base,15,4.399242928920513e-05,0.005919804898639212,0.0029547302183244224,0.06387980487885625,0.06518500998959888,0.9966545871592549,0.9953119449650882,1.0,1.0811130502829474,0.21563386698672116,1.490866891196208,1.4908692349296329,4.471536516594013,0.6076299661848515,1.0,
est-first_order__dir-first_order__support-projected__cal-response_gain__controller-base,first_order,first_order,projected,response_gain,base,0,0.6952330725623717,0.8170037466684977,0.2072813620368455,0.0,0.0,0.33028512665704823,0.3306906819343567,1.0,4.9199873983198195e-15,9.813181960461756e-16,3.81772981933807e-05,0.0,0.9896690845489502,1.0367600033184427e-06,0.0,0.0
est-first_order__dir-first_order__support-projected__cal-response_gain__controller-base,first_order,first_order,projected,response_gain,base,1,0.36919250750368304,0.6045849082005544,0.20728136155590748,0.06228089834935463,0.07001292157544443,0.5295253014765764,0.5299308654652861,1.0,4.730997645875193e-15,9.436231639402987e-16,0.7055468339924922,0.7055491364784832,0.809417344882749,0.6028228663781336,1.0,0.0
est-first_order__dir-first_order__support-projected__cal-response_gain__controller-base,first_order,first_order,projected,response_gain,base,2,0.2083461439819101,0.4553606618487619,0.20728136155590726,0.10603322943977629,0.11919699898219417,0.6694915242872952,0.6698970882760045,1.0,4.904038275453415e-15,9.781370569064446e-16,1.2011951019291862,1.2011974048546177,1.5649053801250492,1.0263090540856645,1.0,0.0
est-first_order__dir-first_order__support-projected__cal-response_gain__controller-base,first_order,first_order,projected,response_gain,base,3,0.12900729489351498,0.3505306287866278,0.20728136155590748,0.1367692420307974,0.15374881336043575,0.7678177958118246,0.7682233598005341,1.0,4.970902074556296e-15,9.914734046253105e-16,1.549388010322844,1.5493903133888518,2.433965495714844,1.3238081009502052,1.0,0.0
est-first_order__dir-first_order__support-projected__cal-response_gain__controller-base,first_order,first_order,projected,response_gain,base,4,0.08988106221164396,0.27688753056047827,0.2072813615559074,0.1583612908759898,0.17802146296115054,0.8368920015578067,0.8372975655465165,1.0,5.141032682644318e-15,1.0254068780074153e-15,1.7939935285020205,1.7939958316341513,3.1950144447108686,1.5328011813725444,1.0,0.0
est-first_order__dir-first_order__support-projected__cal-response_gain__controller-base,first_order,first_order,projected,response_gain,base,5,0.07059168145495513,0.22515325405660844,0.20728136155590726,0.17352970518973748,0.19507299930565267,0.8854166310943596,0.8858221950830687,1.0,5.071074898759675e-15,1.011453418227313e-15,1.9658289050327324,1.9658312082014746,3.7987140671931385,1.6796188203692382,1.0,0.0
est-first_order__dir-first_order__support-projected__cal-response_gain__controller-base,first_order,first_order,projected,response_gain,base,6,0.06108606236946455,0.18880992481263978,0.20728136155590748,0.18418551624514512,0.20705170358766536,0.9195051833437873,0.9199107473324969,1.0,5.585534818249196e-15,1.1140652420510743e-15,2.0865432570491635,2.0865455602400194,4.254924258753564,1.7827582117644154,1.0,0.0
est-first_order__dir-first_order__support-projected__cal-response_gain__controller-base,first_order,first_order,projected,response_gain,base,7,0.056404682081442656,0.18665522704023063,0.2072813615559074,0.19167122351156907,0.21546674334577934,0.9434523912990107,0.94385795528772,1.0,6.046657278266805e-15,1.2060386200266734e-15,2.171345089342177,2.1713473925470965,4.5905513463369925,1.8552136342195276,1.0,0.0
est-first_order__dir-first_order__support-projected__cal-response_gain__controller-base,first_order,first_order,projected,response_gain,base,8,0.054101207404579854,0.1927915020586444,0.2072813615559074,0.19692993286623187,0.22137830877585435,0.9602753048875551,0.9606808688762646,1.0,5.488637749205211e-15,1.0947385955989148e-15,2.2309183765286584,2.2309206797428187,4.833551937806814,1.9061135684942432,1.0,0.0
est-first_order__dir-first_order__support-projected__cal-response_gain__controller-base,first_order,first_order,projected,response_gain,base,9,0.05296921632194811,0.19710223525908022,0.20728136155590718,0.20062417618788259,0.2255311834904821,0.9720934016835074,0.9724989656722167,1.0,5.876531430671369e-15,1.1721060961506585e-15,2.2727686107774505,2.272770913997813,5.0077374857268016,1.9418707723222317,1.0,0.0
est-first_order__dir-first_order__support-projected__cal-response_gain__controller-base,first_order,first_order,projected,response_gain,base,10,0.05241393526487455,0.20013052533238623,0.20728136155590732,0.20321938212134205,0.22844857797750806,0.980395614682664,0.9808011786713733,1.0,5.894494061739114e-15,1.1756888404320078e-15,2.3021684003373624,2.3021707035619468,5.1317889364132965,1.966990208011393,1.0,0.0
est-first_order__dir-first_order__support-projected__cal-response_gain__controller-base,first_order,first_order,projected,response_gain,base,11,0.05214226353374968,0.20225789910888367,0.2072813615559074,0.2050425142895974,0.2304980476046438,0.9862279193145714,0.9866334833032809,1.0,5.7737137428472315e-15,1.1515985501411547e-15,2.3228217525032644,2.322824055730751,5.21975673355172,1.9846366115830294,1.0,0.0
est-first_order__dir-first_order__support-projected__cal-response_gain__controller-base,first_order,first_order,projected,response_gain,base,12,0.05200985180257718,0.20375237918687344,0.20728136155590754,0.2063232646377968,0.23193780001770667,0.9903251133184864,0.990730677307196,1.0,5.641934608278105e-15,1.1253144863534993e-15,2.3373307323998413,2.3373330356293356,5.281955979953143,1.9970332100921036,1.0,0.0
est-first_order__dir-first_order__support-projected__cal-response_gain__controller-base,first_order,first_order,projected,response_gain,base,13,0.051945671911845535,0.204802251441661,0.20728136155590754,0.20722299175740694,0.2329492260878834,0.9932033921062366,0.9936089560949465,1.0,5.328304096348987e-15,1.0627591781231519e-15,2.3475232907772017,2.3475255940080917,5.325848020111288,2.0057418205447286,1.0,0.0
est-first_order__dir-first_order__support-projected__cal-response_gain__controller-base,first_order,first_order,projected,response_gain,base,14,0.05191481793828334,0.2055397867006494,0.2072813615559074,0.20785505005893304,0.23365975290218252,0.9952253829546314,0.9956309469433409,1.0,5.4050187899720694e-15,1.0780603402322554e-15,2.3546835630373035,2.3546858662691674,5.356778998352767,2.0118596193876974,1.0,0.0
est-first_order__dir-first_order__support-projected__cal-response_gain__controller-base,first_order,first_order,projected,response_gain,base,15,0.051900166800048886,0.2060579052200887,0.2072813615559074,0.208299071015755,0.23415889798922757,0.9966458315256287,0.9970513955143379,1.0,5.925313231653414e-15,1.1818358911814206e-15,2.35971365430003,2.3597159575325724,5.378555641082922,2.0161573730748827,1.0,
est-first_order__dir-lifted_interaction__support-projected__cal-response_gain__controller-base,first_order,lifted_interaction,projected,response_gain,base,0,0.6952330725623717,0.8170037466684977,0.2072813620368455,0.0,0.0,0.33028512665704823,0.3306906819343567,1.0,4.9199873983198195e-15,9.813181960461756e-16,3.81772981933807e-05,0.0,0.9896690845489502,1.0367600033184427e-06,0.0,0.0
est-first_order__dir-lifted_interaction__support-projected__cal-response_gain__controller-base,first_order,lifted_interaction,projected,response_gain,base,1,0.36919250750368315,0.6045849082005544,0.2072813615559074,0.04274493605082813,0.04805161670416129,0.5295253014765764,0.5299308654652861,1.0,4.756757094598697e-15,9.48761025830174e-16,0.6869369211093902,0.6869383885264958,2.3836611816724615,0.5287087824083196,1.0,0.0
est-first_order__dir-lifted_interaction__support-projected__cal-response_gain__controller-base,first_order,lifted_interaction,projected,response_gain,base,2,0.20834614398191,0.4553606618487619,0.20728136155590718,0.07277325362653506,0.0818078774388347,0.6694915242872952,0.6698970882760045,1.0,5.245991680652941e-15,1.0463415199578828e-15,1.1695111385978347,1.169512606466359,3.0611145763950294,0.9001298261270564,1.0,0.0
est-first_order__dir-lifted_interaction__support-projected__cal-response_gain__controller-base,first_order,lifted_interaction,projected,response_gain,base,3,0.12900729489351495,0.3505306287866277,0.20728136155590737,0.09386814672346905,0.10552165060494267,0.7678177958118247,0.7682233598005341,1.0,4.933888253822373e-15,9.84090797140626e-16,1.50851952655618,1.5085209945691127,3.0220213279098873,1.1610531093394685,1.0,0.0
est-first_order__dir-lifted_interaction__support-projected__cal-response_gain__controller-base,first_order,lifted_interaction,projected,response_gain,base,4,0.08988106221164394,0.27688753056047827,0.20728136155590732,0.1086873091240652,0.12218057625413349,0.8368920015578069,0.8372975655465165,1.0,5.183753570407383e-15,1.0339277909933832e-15,1.7466729191304393,1.7466743872112978,2.7415895268523025,1.3443517157961884,1.0,0.0
est-first_order__dir-lifted_interaction__support-projected__cal-response_gain__controller-base,first_order,lifted_interaction,projected,response_gain,base,5,0.07059168145495512,0.2251532540566084,0.20728136155590748,0.11909777071048397,0.13388347152269012,0.8854166310943591,0.8858221950830687,1.0,5.296977176444616e-15,1.0565108538817647e-15,1.913975677423965,1.9139771455424321,2.4220672166806168,1.473118986832034,1.0,0.0
est-first_order__dir-lifted_interaction__support-projected__cal-response_gain__controller-base,first_order,lifted_interaction,projected,response_gain,base,6,0.06108606236946453,0.18880992481263978,0.20728136155590748,0.12641111997494325,0.14210475544885118,0.9195051833437874,0.9199107473324969,1.0,5.545959783062354e-15,1.1061717864395257e-15,2.0315058651288713,2.031507333270054,2.138366955987548,1.5635779947347157,1.0,0.0
est-first_order__dir-lifted_interaction__support-projected__cal-response_gain__controller-base,first_order,lifted_interaction,projected,response_gain,base,7,0.05640468208144261,0.18665522704023063,0.2072813615559074,0.1315487478332258,0.1478802074069792,0.9434523912990107,0.9438579552877203,1.0,5.229282802892506e-15,1.043008843580007e-15,2.1140708219930784,2.1140722901487092,1.9103509212979826,1.6271254477863493,1.0,0.0
est-first_order__dir-lifted_interaction__support-projected__cal-response_gain__controller-base,first_order,lifted_interaction,projected,response_gain,base,8,0.054101207404579826,0.1927915020586444,0.20728136155590726,0.13515793140366933,0.1519374624075642,0.9602753048875553,0.9606808688762644,1.0,5.733342427637911e-15,1.1435462721563068e-15,2.17207270419084,2.1720741723559636,1.7361966142773833,1.6717675335551219,1.0,0.0
est-first_order__dir-lifted_interaction__support-projected__cal-response_gain__controller-base,first_order,lifted_interaction,projected,response_gain,base,9,0.052969216321948065,0.19710223525908016,0.20728136155590754,0.13769338286190586,0.15478768404547513,0.9720934016835072,0.9724989656722167,1.0,5.582093321980583e-15,1.1133788169372274e-15,2.212819026435065,2.21282049460656,1.607030675213504,1.7031285988076852,1.0,0.0
est-first_order__dir-lifted_interaction__support-projected__cal-response_gain__controller-base,first_order,lifted_interaction,projected,response_gain,base,10,0.052413935264874596,0.2001305253323864,0.20728136155590754,0.13947453751131705,0.1567899647461076,0.9803956146826637,0.9808011786713733,1.0,5.07229501310996e-15,1.0116967766581906e-15,2.2414433178117723,2.241444785987604,1.512951004931705,1.7251597471476101,1.0,0.0
est-first_order__dir-lifted_interaction__support-projected__cal-response_gain__controller-base,first_order,lifted_interaction,projected,response_gain,base,11,0.05214226353374971,0.2022578991088839,0.2072813615559072,0.14072579865252846,0.15819656693830197,0.9862279193145714,0.9866334833032809,1.0,6.016505783972616e-15,1.200024740804346e-15,2.261551882503975,2.261553350682788,1.4452207948903149,1.740636628856408,1.0,0.0
est-first_order__dir-lifted_interaction__support-projected__cal-response_gain__controller-base,first_order,lifted_interaction,projected,response_gain,base,12,0.052009851802577126,0.20375237918687328,0.2072813615559074,0.14160480960422947,0.15918470497831844,0.9903251133184864,0.990730677307196,1.0,5.733296426592728e-15,1.143537096998116e-15,2.2756781492002784,2.275679617381154,1.3968346447775524,1.7515091382568384,1.0,0.0
est-first_order__dir-lifted_interaction__support-projected__cal-response_gain__controller-base,first_order,lifted_interaction,projected,response_gain,base,13,0.0519456719118455,0.204802251441661,0.2072813615559073,0.14222231479779945,0.1598788719514301,0.9932033921062369,0.9936089560949461,1.0,5.499783522243387e-15,1.0969616805391526e-15,2.2856018515544476,2.2856033197367562,1.3624469231807945,1.7591470761106403,1.0,0.0
est-first_order__dir-lifted_interaction__support-projected__cal-response_gain__controller-base,first_order,lifted_interaction,projected,response_gain,base,14,0.051914817938283266,0.20553978670064924,0.2072813615559074,0.14265611219628221,0.16036652425004086,0.9952253829546311,0.9956309469433408,1.0,5.763499738097621e-15,1.1495613114444223e-15,2.292573252458258,2.292574720641567,1.3380943012423792,1.7645127274529362,1.0,0.0
est-first_order__dir-lifted_interaction__support-projected__cal-response_gain__controller-base,first_order,lifted_interaction,projected,response_gain,base,15,0.051900166800048796,0.2060579052200885,0.20728136155590762,0.14296085486871649,0.160709099989815,0.9966458315256284,0.9970513955143379,1.0,5.442555178931565e-15,1.0855471767864301e-15,2.297470661593189,2.2974721297771965,1.3208903690805058,1.7682820975208997,1.0,
est-lifted_interaction__dir-first_order__support-projected__cal-response_gain__controller-base,lifted_interaction,first_order,projected,response_gain,base,0,0.6952330725623717,0.8170037466684977,0.002954717582743669,0.0,0.0,0.3320333328399247,0.3306906819343567,1.0,4.9199873983198195e-15,9.813181960461756e-16,3.81772981933807e-05,0.0,0.9896690845489502,1.0367600033184427e-06,0.0,0.0
est-lifted_interaction__dir-first_order__support-projected__cal-response_gain__controller-base,lifted_interaction,first_order,projected,response_gain,base,1,0.3437955873609999,0.5744917003046826,0.0029547302183242346,0.07110418295371512,0.07255699802042309,0.5307534163200471,0.5294107741258803,1.0,4.838449436833527e-15,9.65055006977371e-16,0.8055014105972756,0.8055037132187042,1.0392416817767398,0.6335676085489402,1.0,0.0
est-lifted_interaction__dir-first_order__support-projected__cal-response_gain__controller-base,lifted_interaction,first_order,projected,response_gain,base,2,0.1701541274817827,0.4041269754060401,0.0029547302183242485,0.1210548714787001,0.12352828912977044,0.6703542749648331,0.6690116327706663,1.0,5.279914824583737e-15,1.0531076751756281e-15,1.37136776874986,1.3713700717548443,1.532590456463871,1.0786519776314627,1.0,0.0
est-lifted_interaction__dir-first_order__support-projected__cal-response_gain__controller-base,lifted_interaction,first_order,projected,response_gain,base,3,0.08431707420240067,0.2844457561647436,0.002954730218324176,0.15614523016750195,0.15933562113408684,0.7684238781627953,0.7670812359686285,1.0,5.3273798552508075e-15,1.062574833218633e-15,1.7688888854987996,1.768891188626482,1.9975821260821351,1.3913237469119346,1.0,0.0
est-lifted_interaction__dir-first_order__support-projected__cal-response_gain__controller-base,lifted_interaction,first_order,projected,response_gain,base,4,0.04185485685961312,0.20036969964773288,0.0029547302183240754,0.1807962071463853,0.18449027186711917,0.8373177744093636,0.8359751322151968,1.0,4.82975395482756e-15,9.633206458855596e-16,2.048147470043412,2.048149773228808,2.6179047016372468,1.610975664831467,1.0,0.0
est-lifted_interaction__dir-first_order__support-projected__cal-response_gain__controller-base,lifted_interaction,first_order,projected,response_gain,base,5,0.020828467926938803,0.14130626994453283,0.002954730218324129,0.19811351847405087,0.20216141400707438,0.8857157365225778,0.8843730943284113,1.0,5.42172670501215e-15,1.0813928245903302e-15,2.2443266256945904,2.2443289289119424,3.43491893410834,1.7750406215123817,1.0,0.0
est-lifted_interaction__dir-first_order__support-projected__cal-response_gain__controller-base,lifted_interaction,first_order,projected,response_gain,base,6,0.010401922525915187,0.09981421057803487,0.002954730218324146,0.21027892968173592,0.2145753913603929,0.9197153049071112,0.9183726627129442,1.0,5.47493250618917e-15,1.0920050104768332e-15,2.382142482542691,2.382144785779343,4.060160691051465,1.897671703684206,1.0,0.0
est-lifted_interaction__dir-first_order__support-projected__cal-response_gain__controller-base,lifted_interaction,first_order,projected,response_gain,base,7,0.005221308743509103,0.07066603887307016,0.0029547302183243027,0.2188251310551346,0.22329621045109913,0.9436000016972456,0.9422573595030787,1.0,5.526382688616948e-15,1.1022670286729604e-15,2.478958121979765,2.478960425228693,4.524057138751736,1.9866274976360516,1.0,0.0
est-lifted_interaction__dir-first_order__support-projected__cal-response_gain__controller-base,lifted_interaction,first_order,projected,response_gain,base,8,0.002640021919138287,0.05018944825033229,0.002954730218324274,0.2248288375199473,0.22942258586232034,0.9603790011923149,0.9590363589981481,1.0,5.7811566368275636e-15,1.1530830757512482e-15,2.546971108684868,2.546973411941861,4.861884423472713,2.053515729983118,1.0,0.0
est-lifted_interaction__dir-first_order__support-projected__cal-response_gain__controller-base,lifted_interaction,first_order,projected,response_gain,base,9,0.0013488441036667608,0.03580464333785891,0.00295473021832415,0.22904644131147808,0.2337263645887031,0.9721662483376016,0.9708236061434345,1.0,5.289886285239352e-15,1.0550965371360984e-15,2.594750231845455,2.5947525351078617,5.105018676999573,2.1005047132069317,1.0,0.0
est-lifted_interaction__dir-first_order__support-projected__cal-response_gain__controller-base,lifted_interaction,first_order,projected,response_gain,base,10,0.0006994888960624079,0.025699317886846453,0.0029547302183241964,0.2320093079750286,0.23674976914398715,0.980446789457165,0.979104147262998,1.0,5.5314866825196676e-15,1.1032850479652372e-15,2.628315065865885,2.628317369131977,5.278659340432549,2.133514473921661,1.0,0.0
est-lifted_interaction__dir-first_order__support-projected__cal-response_gain__controller-base,lifted_interaction,first_order,projected,response_gain,base,11,0.00037049204535962306,0.018600326757510242,0.0029547302183243716,0.23409072180617269,0.2388737108440741,0.9862638695936583,0.9849212273994913,1.0,5.320563552606427e-15,1.0612152846521115e-15,2.6518943617652933,2.6518966650339175,5.4020328739624235,2.156703830823758,1.0,0.0
est-lifted_interaction__dir-first_order__support-projected__cal-response_gain__controller-base,lifted_interaction,first_order,projected,response_gain,base,12,0.00020213350521828204,0.013613285489151352,0.0029547302183242277,0.2355529150225516,0.24036577988838526,0.9903503683895449,0.9890077261953782,1.0,5.240255115453782e-15,1.0451973308864509e-15,2.6684588171346544,2.668461120405032,5.489385742046081,2.172994354047482,1.0,0.0
est-lifted_interaction__dir-first_order__support-projected__cal-response_gain__controller-base,lifted_interaction,first_order,projected,response_gain,base,13,0.00011483494541000039,0.010109888998129427,0.0029547302183242485,0.23658010575705762,0.24141395839201377,0.9932211337936554,0.9918784915994885,1.0,5.408419231030972e-15,1.0787385766616463e-15,2.6800953470316435,2.6800976503032397,5.55108696366986,2.184438446612148,1.0,0.0
est-lifted_interaction__dir-first_order__support-projected__cal-response_gain__controller-base,lifted_interaction,first_order,projected,response_gain,base,14,6.879323150323355e-05,0.007648752963186451,0.002954730218324173,0.23730170724804817,0.2421503037908128,0.9952378464900429,0.993895204295876,1.0,5.648106904625076e-15,1.1265455843678433e-15,2.688270009284284,2.68827231255673,5.594597385377822,2.192477921638825,1.0,0.0
est-lifted_interaction__dir-first_order__support-projected__cal-response_gain__controller-base,lifted_interaction,first_order,projected,response_gain,base,15,4.399242928920227e-05,0.005919804898638972,0.00295473021832415,0.23780863229546906,0.2426675864334692,0.9966545871592553,0.9953119449650883,1.0,5.617046812982868e-15,1.1203504804718931e-15,2.6940127095167683,2.694015012789807,5.625244893533049,2.198125652845066,1.0,
est-lifted_interaction__dir-lifted_interaction__support-projected__cal-response_gain__controller-base,lifted_interaction,lifted_interaction,projected,response_gain,base,0,0.6952330725623717,0.8170037466684977,0.002954717582743669,0.0,0.0,0.3320333328399247,0.3306906819343567,1.0,4.9199873983198195e-15,9.813181960461756e-16,3.81772981933807e-05,0.0,0.9896690845489502,1.0367600033184427e-06,0.0,0.0
est-lifted_interaction__dir-lifted_interaction__support-projected__cal-response_gain__controller-base,lifted_interaction,lifted_interaction,projected,response_gain,base,1,0.3437955873609999,0.5744917003046826,0.002954730218324246,0.04880057664316653,0.049797679908629544,0.5307534163200471,0.5294107741258803,1.0,4.945749342536047e-15,9.864565556756218e-16,0.7842549280698846,0.7842563956244597,2.771651890878169,0.5545445634366882,1.0,0.0
est-lifted_interaction__dir-lifted_interaction__support-projected__cal-response_gain__controller-base,lifted_interaction,lifted_interaction,projected,response_gain,base,2,0.17015412748178274,0.4041269754060401,0.002954730218324271,0.08308298173499097,0.0847805500444418,0.6703542749648331,0.6690116327706664,1.0,5.314167640719399e-15,1.0599395853043472e-15,1.3351950456013726,1.3351965135506427,3.661522768555151,0.9441152433278537,1.0,0.0
est-lifted_interaction__dir-lifted_interaction__support-projected__cal-response_gain__controller-base,lifted_interaction,lifted_interaction,projected,response_gain,base,3,0.0843170742024007,0.28444575616474366,0.002954730218324271,0.10716637131199769,0.10935601631484988,0.7684238781627953,0.7670812359686285,1.0,5.152829387161954e-15,1.0277597947649847e-15,1.7222304783182536,1.7222319463937863,3.7412727187419894,1.2177886459513978,1.0,0.0
est-lifted_interaction__dir-lifted_interaction__support-projected__cal-response_gain__controller-base,lifted_interaction,lifted_interaction,projected,response_gain,base,4,0.04185485685961315,0.20036969964773296,0.002954730218324296,0.12408495248984498,0.1266202813698117,0.8373177744093638,0.8359751322151968,1.0,5.366989245466974e-15,1.0704751411272857e-15,1.9941228698311722,1.994124337966095,3.5271232488637083,1.410044211294437,1.0,0.0
est-lifted_interaction__dir-lifted_interaction__support-projected__cal-response_gain__controller-base,lifted_interaction,lifted_interaction,projected,response_gain,base,5,0.020828467926938862,0.14130626994453302,0.002954730218324375,0.1359702557672826,0.13874842757092226,0.8857157365225782,0.8843730943284112,1.0,5.1629285798772745e-15,1.0297741335781906e-15,2.185127274877835,2.185128743045641,3.2444723939635565,1.5451037459479224,1.0,0.0
est-lifted_interaction__dir-lifted_interaction__support-projected__cal-response_gain__controller-base,lifted_interaction,lifted_interaction,projected,response_gain,base,6,0.010401922525915186,0.0998142105780349,0.0029547302183242,0.14431968131968256,0.1472684502772024,0.9197153049071112,0.9183726627129444,1.0,5.299751623716552e-15,1.0570642324519723e-15,2.3193078694263556,2.319309337614023,2.9813978493332005,1.639983069041996,1.0,0.0
est-lifted_interaction__dir-lifted_interaction__support-projected__cal-response_gain__controller-base,lifted_interaction,lifted_interaction,projected,response_gain,base,7,0.005221308743509098,0.0706660388730701,0.0029547302183242224,0.15018515277024355,0.15325376622836429,0.9436000016972456,0.9422573595030787,1.0,5.050908982299786e-15,1.0074312167133835e-15,2.4135697370980114,2.413571205298311,2.792587472698606,1.7103051596741958,1.0,0.0
est-lifted_interaction__dir-lifted_interaction__support-projected__cal-response_gain__controller-base,lifted_interaction,lifted_interaction,projected,response_gain,base,8,0.002640021919138293,0.050189448250332364,0.002954730218324245,0.1543056464642626,0.15745845068405542,0.9603790011923149,0.9590363589981481,1.0,5.300001184326068e-15,1.057114008670346e-15,2.4797886991379237,2.479790167346523,2.7068282474349354,1.7633201857335872,1.0,0.0
est-lifted_interaction__dir-lifted_interaction__support-projected__cal-response_gain__controller-base,lifted_interaction,lifted_interaction,projected,response_gain,base,9,0.001348844103666769,0.035804643337859,0.0029547302183242224,0.15720029328431098,0.16041224151417846,0.9721662483376012,0.9708236061434342,1.0,5.010493302016581e-15,9.993700898737015e-16,2.526307519971222,2.5263089881853924,2.641084421166933,1.80056324154031,1.0,0.0
est-lifted_interaction__dir-lifted_interaction__support-projected__cal-response_gain__controller-base,lifted_interaction,lifted_interaction,projected,response_gain,base,10,0.0006994888960624096,0.025699317886846502,0.002954730218324145,0.15923378267539504,0.16248727957233997,0.980446789457165,0.979104147262998,1.0,5.4114053924958464e-15,1.0793341827769817e-15,2.558986991606736,2.5589884598246977,2.59220031610048,1.8267264882445324,1.0,0.0
est-lifted_interaction__dir-lifted_interaction__support-projected__cal-response_gain__controller-base,lifted_interaction,lifted_interaction,projected,response_gain,base,11,0.0003704920453596222,0.018600326757510242,0.0029547302183242207,0.1606623089726315,0.16394499380819835,0.9862638695936583,0.9849212273994914,1.0,5.254998823893306e-15,1.04813804357483e-15,2.5819443204307415,2.5819457886513093,2.5565323497388883,1.845106169054249,1.0,0.0
est-lifted_interaction__dir-lifted_interaction__support-projected__cal-response_gain__controller-base,lifted_interaction,lifted_interaction,projected,response_gain,base,12,0.00020213350521828432,0.013613285489151451,0.002954730218324226,0.16166584869644016,0.16496903805888888,0.9903503683895449,0.9890077261953779,1.0,5.801078485270145e-15,1.1570565965741381e-15,2.598071843929633,2.5980733121520045,2.5308226013138326,1.8580178948230743,1.0,0.0
est-lifted_interaction__dir-lifted_interaction__support-projected__cal-response_gain__controller-base,lifted_interaction,lifted_interaction,projected,response_gain,base,13,0.00011483494540999998,0.010109888998129455,0.0029547302183240997,0.16237083535241575,0.16568842914499898,0.9932211337936554,0.9918784915994885,1.0,5.462699606492566e-15,1.0895650922228181e-15,2.6094014291876175,2.6094028974112433,2.5124398854599366,1.8670883821756745,1.0,0.0
est-lifted_interaction__dir-lifted_interaction__support-projected__cal-response_gain__controller-base,lifted_interaction,lifted_interaction,projected,response_gain,base,14,6.879323150323411e-05,0.007648752963186529,0.002954730218324194,0.16286608847823864,0.16619380138299142,0.995237846490043,0.993895204295876,1.0,5.067659326336016e-15,1.0107721637650768e-15,2.617360462831358,2.617361931055858,2.49936753286816,1.8734603995408758,1.0,0.0
est-lifted_interaction__dir-lifted_interaction__support-projected__cal-response_gain__controller-base,lifted_interaction,lifted_interaction,projected,response_gain,base,15,4.3992429289202346e-05,0.005919804898639024,0.0029547302183241518,0.16321400379912912,0.16654882538018095,0.9966545871592549,0.9953119449650883,1.0,5.533505961535606e-15,1.1036878041271556e-15,2.6229516839660896,2.6229531521912,2.490106065893879,1.8779367417399302,1.0,
