prompt_id,split,template_id,structure,unordered_name_pair_id,pair_orientation,io_name,s_name,prompt,answer,counterfactual_answer,answer_token_id,counterfactual_token_id
phase6_prompt_000c06badce789c0,reference,p6_abba_kitchen,ABBA,phase6_reference_pair_7edf97b8b6e20823,not_applicable,Julie,Nora,"In the kitchen, Julie worked with Nora. After dinner, Nora passed the recipe card to",Julie,Nora,21946,32561
phase6_prompt_047be49f91add342,reference,p6_abba_kitchen,ABBA,phase6_reference_pair_e8e7a56fa2f8011b,not_applicable,Julie,Kathleen,"In the kitchen, Julie worked with Kathleen. After dinner, Kathleen passed the recipe card to",Julie,Kathleen,21946,31275
phase6_prompt_081d03092eebc58f,reference,p6_abba_kitchen,ABBA,phase6_reference_pair_02a81f0210e3f662,not_applicable,Shirley,Charles,"In the kitchen, Shirley worked with Charles. After dinner, Charles passed the recipe card to",Shirley,Charles,40902,7516
phase6_prompt_11e7599a136a9cfa,reference,p6_abba_kitchen,ABBA,phase6_reference_pair_b2f85da6656e2ebe,not_applicable,Charles,Shirley,"In the kitchen, Charles worked with Shirley. After dinner, Shirley passed the recipe card to",Charles,Shirley,7516,40902
phase6_prompt_19071d99a62ad4ef,reference,p6_abba_kitchen,ABBA,phase6_reference_pair_0898372a6eee3026,not_applicable,Nora,Sylvia,"In the kitchen, Nora worked with Sylvia. After dinner, Sylvia passed the recipe card to",Nora,Sylvia,32561,45425
phase6_prompt_1a140f89f6128df9,reference,p6_abba_kitchen,ABBA,phase6_reference_pair_5a04b8d0d29e90ad,not_applicable,Ruby,Emma,"In the kitchen, Ruby worked with Emma. After dinner, Emma passed the recipe card to",Ruby,Emma,10888,18966
phase6_prompt_1c911d95d683cb96,reference,p6_abba_kitchen,ABBA,phase6_reference_pair_e1e1989c660ba37e,not_applicable,Nora,Emma,"In the kitchen, Nora worked with Emma. After dinner, Emma passed the recipe card to",Nora,Emma,32561,18966
phase6_prompt_1cc940faa7071051,reference,p6_abba_kitchen,ABBA,phase6_reference_pair_70babdf6d0e91d0f,not_applicable,Stephanie,Nora,"In the kitchen, Stephanie worked with Nora. After dinner, Nora passed the recipe card to",Stephanie,Nora,26085,32561
phase6_prompt_1da9b2fd4ff44d7b,reference,p6_abba_kitchen,ABBA,phase6_reference_pair_5f9f76c639037920,not_applicable,Emma,Joyce,"In the kitchen, Emma worked with Joyce. After dinner, Joyce passed the recipe card to",Emma,Joyce,18966,25936
phase6_prompt_20bbbd643a1c08b3,reference,p6_abba_kitchen,ABBA,phase6_reference_pair_7368d74cd3944cfb,not_applicable,Kenneth,Kathleen,"In the kitchen, Kenneth worked with Kathleen. After dinner, Kathleen passed the recipe card to",Kenneth,Kathleen,23632,31275
phase6_prompt_21f130a2abead731,reference,p6_abba_kitchen,ABBA,phase6_reference_pair_e1119975f80f85c1,not_applicable,Julie,Sylvia,"In the kitchen, Julie worked with Sylvia. After dinner, Sylvia passed the recipe card to",Julie,Sylvia,21946,45425
phase6_prompt_23dd25ccba2f8ae2,reference,p6_abba_kitchen,ABBA,phase6_reference_pair_996e614a88919012,not_applicable,Ruby,Kenneth,"In the kitchen, Ruby worked with Kenneth. After dinner, Kenneth passed the recipe card to",Ruby,Kenneth,10888,23632
phase6_prompt_27f9905b07ecca04,reference,p6_abba_kitchen,ABBA,phase6_reference_pair_1d6adcebf3339e51,not_applicable,Diane,Kenneth,"In the kitchen, Diane worked with Kenneth. After dinner, Kenneth passed the recipe card to",Diane,Kenneth,26542,23632
phase6_prompt_2b5a2241075a5201,reference,p6_abba_kitchen,ABBA,phase6_reference_pair_3c459c1476d9803c,not_applicable,Emma,Nora,"In the kitchen, Emma worked with Nora. After dinner, Nora passed the recipe card to",Emma,Nora,18966,32561
phase6_prompt_2e9f2f5594be26de,reference,p6_abba_kitchen,ABBA,phase6_reference_pair_ea4240ad52a4d67e,not_applicable,Shirley,Joyce,"In the kitchen, Shirley worked with Joyce. After dinner, Joyce passed the recipe card to",Shirley,Joyce,40902,25936
phase6_prompt_35ab2812c33204c3,reference,p6_abba_kitchen,ABBA,phase6_reference_pair_90464d9a22d671b2,not_applicable,Joyce,Kathleen,"In the kitchen, Joyce worked with Kathleen. After dinner, Kathleen passed the recipe card to",Joyce,Kathleen,25936,31275
phase6_prompt_42d8148a7b1b410b,reference,p6_abba_kitchen,ABBA,phase6_reference_pair_d2d17f5091175e3a,not_applicable,Stephanie,Dawn,"In the kitchen, Stephanie worked with Dawn. After dinner, Dawn passed the recipe card to",Stephanie,Dawn,26085,12258
phase6_prompt_4a12045f1c67e1d0,reference,p6_abba_kitchen,ABBA,phase6_reference_pair_bc1b1061085fd319,not_applicable,Sylvia,Catherine,"In the kitchen, Sylvia worked with Catherine. After dinner, Catherine passed the recipe card to",Sylvia,Catherine,45425,22578
phase6_prompt_4e8acbe2f35e8ef3,reference,p6_abba_kitchen,ABBA,phase6_reference_pair_f290ace24f95ce6d,not_applicable,Stephanie,Ruby,"In the kitchen, Stephanie worked with Ruby. After dinner, Ruby passed the recipe card to",Stephanie,Ruby,26085,10888
phase6_prompt_530e49a632d3d6be,reference,p6_abba_kitchen,ABBA,phase6_reference_pair_972d881e517b896c,not_applicable,Sylvia,Emma,"In the kitchen, Sylvia worked with Emma. After dinner, Emma passed the recipe card to",Sylvia,Emma,45425,18966
phase6_prompt_54e4b4bc7482fd24,reference,p6_abba_kitchen,ABBA,phase6_reference_pair_c10be8c337c0690a,not_applicable,Kenneth,Catherine,"In the kitchen, Kenneth worked with Catherine. After dinner, Catherine passed the recipe card to",Kenneth,Catherine,23632,22578
phase6_prompt_57d73f0a1978b9fa,reference,p6_abba_kitchen,ABBA,phase6_reference_pair_c132a379b83adcf8,not_applicable,Shirley,Nora,"In the kitchen, Shirley worked with Nora. After dinner, Nora passed the recipe card to",Shirley,Nora,40902,32561
phase6_prompt_592bb0f0f5a3c410,reference,p6_abba_kitchen,ABBA,phase6_reference_pair_fafe5dac0cf40538,not_applicable,Shirley,Julie,"In the kitchen, Shirley worked with Julie. After dinner, Julie passed the recipe card to",Shirley,Julie,40902,21946
phase6_prompt_5bd5bf6b962575f2,reference,p6_abba_kitchen,ABBA,phase6_reference_pair_d30c865a00f8d797,not_applicable,Joyce,Catherine,"In the kitchen, Joyce worked with Catherine. After dinner, Catherine passed the recipe card to",Joyce,Catherine,25936,22578
phase6_prompt_5bed6eb34b39dd87,reference,p6_abba_kitchen,ABBA,phase6_reference_pair_2bd1a5b7216336d3,not_applicable,Diane,Joyce,"In the kitchen, Diane worked with Joyce. After dinner, Joyce passed the recipe card to",Diane,Joyce,26542,25936
phase6_prompt_5cad03a6c2c636af,reference,p6_abba_kitchen,ABBA,phase6_reference_pair_544f5d851a96d6f3,not_applicable,Julie,Kenneth,"In the kitchen, Julie worked with Kenneth. After dinner, Kenneth passed the recipe card to",Julie,Kenneth,21946,23632
phase6_prompt_5e06781a890ff578,reference,p6_abba_kitchen,ABBA,phase6_reference_pair_4165665d02790ae7,not_applicable,Shirley,Dawn,"In the kitchen, Shirley worked with Dawn. After dinner, Dawn passed the recipe card to",Shirley,Dawn,40902,12258
phase6_prompt_611135a7ed9ea68a,reference,p6_abba_kitchen,ABBA,phase6_reference_pair_b5c1b6109e065720,not_applicable,Kathleen,Shirley,"In the kitchen, Kathleen worked with Shirley. After dinner, Shirley passed the recipe card to",Kathleen,Shirley,31275,40902
phase6_prompt_657d5d849d70df8f,reference,p6_abba_kitchen,ABBA,phase6_reference_pair_40e5c291bc2ac2b2,not_applicable,Kathleen,Rebecca,"In the kitchen, Kathleen worked with Rebecca. After dinner, Rebecca passed the recipe card to",Kathleen,Rebecca,31275,23489
phase6_prompt_662ce0b8385b4889,reference,p6_abba_kitchen,ABBA,phase6_reference_pair_42e710e7910660ea,not_applicable,Ruby,Nora,"In the kitchen, Ruby worked with Nora. After dinner, Nora passed the recipe card to",Ruby,Nora,10888,32561
phase6_prompt_66d72b5e874a7b85,reference,p6_abba_kitchen,ABBA,phase6_reference_pair_b56579bdc1f33a77,not_applicable,Dawn,Donald,"In the kitchen, Dawn worked with Donald. After dinner, Donald passed the recipe card to",Dawn,Donald,12258,3759
phase6_prompt_6a4a38cff9b9a38a,reference,p6_abba_kitchen,ABBA,phase6_reference_pair_ce76e0c6877440fb,not_applicable,Julie,Ruby,"In the kitchen, Julie worked with Ruby. After dinner, Ruby passed the recipe card to",Julie,Ruby,21946,10888
phase6_prompt_6ccd288075052a0f,reference,p6_abba_kitchen,ABBA,phase6_reference_pair_dbe271a35c981a90,not_applicable,Ruby,Diane,"In the kitchen, Ruby worked with Diane. After dinner, Diane passed the recipe card to",Ruby,Diane,10888,26542
phase6_prompt_6ddecc2caffd6113,reference,p6_abba_kitchen,ABBA,phase6_reference_pair_d23bcbf7f0e09081,not_applicable,Kenneth,Dawn,"In the kitchen, Kenneth worked with Dawn. After dinner, Dawn passed the recipe card to",Kenneth,Dawn,23632,12258
phase6_prompt_71ecef18a8f2b70c,reference,p6_abba_kitchen,ABBA,phase6_reference_pair_31988da60c0d013c,not_applicable,Catherine,Emma,"In the kitchen, Catherine worked with Emma. After dinner, Emma passed the recipe card to",Catherine,Emma,22578,18966
phase6_prompt_7240dabd94326320,reference,p6_abba_kitchen,ABBA,phase6_reference_pair_451ac58611a79733,not_applicable,Charles,Nora,"In the kitchen, Charles worked with Nora. After dinner, Nora passed the recipe card to",Charles,Nora,7516,32561
phase6_prompt_759a74668caf9b2c,reference,p6_abba_kitchen,ABBA,phase6_reference_pair_0751090bedaa7b4c,not_applicable,Joyce,Shirley,"In the kitchen, Joyce worked with Shirley. After dinner, Shirley passed the recipe card to",Joyce,Shirley,25936,40902
phase6_prompt_7cf29d50e45fca7f,reference,p6_abba_kitchen,ABBA,phase6_reference_pair_cdf29d77c8edda2d,not_applicable,Catherine,Kathleen,"In the kitchen, Catherine worked with Kathleen. After dinner, Kathleen passed the recipe card to",Catherine,Kathleen,22578,31275
phase6_prompt_7d36adf098d5cb7b,reference,p6_abba_kitchen,ABBA,phase6_reference_pair_0f4a57fb2bce7ddd,not_applicable,Diane,Dawn,"In the kitchen, Diane worked with Dawn. After dinner, Dawn passed the recipe card to",Diane,Dawn,26542,12258
phase6_prompt_7dc37008680c0fd8,reference,p6_abba_kitchen,ABBA,phase6_reference_pair_9ca2953e9f859a9a,not_applicable,Dawn,Joyce,"In the kitchen, Dawn worked with Joyce. After dinner, Joyce passed the recipe card to",Dawn,Joyce,12258,25936
phase6_prompt_809280c1da2faa69,reference,p6_abba_kitchen,ABBA,phase6_reference_pair_240d2f79925ed062,not_applicable,Julie,Dawn,"In the kitchen, Julie worked with Dawn. After dinner, Dawn passed the recipe card to",Julie,Dawn,21946,12258
phase6_prompt_845f22817631035d,reference,p6_abba_kitchen,ABBA,phase6_reference_pair_f6a219ae351c8269,not_applicable,Shirley,Catherine,"In the kitchen, Shirley worked with Catherine. After dinner, Catherine passed the recipe card to",Shirley,Catherine,40902,22578
phase6_prompt_87e747339a8684e3,reference,p6_abba_kitchen,ABBA,phase6_reference_pair_1d31edd508f6cbf7,not_applicable,Donald,Stephanie,"In the kitchen, Donald worked with Stephanie. After dinner, Stephanie passed the recipe card to",Donald,Stephanie,3759,26085
phase6_prompt_88e3186e6c3340b2,reference,p6_abba_kitchen,ABBA,phase6_reference_pair_96ebc20ff37f7f7f,not_applicable,Donald,Joyce,"In the kitchen, Donald worked with Joyce. After dinner, Joyce passed the recipe card to",Donald,Joyce,3759,25936
phase6_prompt_8e7603996263e041,reference,p6_abba_kitchen,ABBA,phase6_reference_pair_eab90eca456cb7c8,not_applicable,Nora,Ruby,"In the kitchen, Nora worked with Ruby. After dinner, Ruby passed the recipe card to",Nora,Ruby,32561,10888
phase6_prompt_929b993f14a824cb,reference,p6_abba_kitchen,ABBA,phase6_reference_pair_0a05ca80ba70dc5a,not_applicable,Emma,Ruby,"In the kitchen, Emma worked with Ruby. After dinner, Ruby passed the recipe card to",Emma,Ruby,18966,10888
phase6_prompt_937f0316e0f71f69,reference,p6_abba_kitchen,ABBA,phase6_reference_pair_72bd28e9d76bd1d8,not_applicable,Stephanie,Emma,"In the kitchen, Stephanie worked with Emma. After dinner, Emma passed the recipe card to",Stephanie,Emma,26085,18966
phase6_prompt_94503b1d2cc71833,reference,p6_abba_kitchen,ABBA,phase6_reference_pair_898dc60f3a41063e,not_applicable,Kenneth,Nora,"In the kitchen, Kenneth worked with Nora. After dinner, Nora passed the recipe card to",Kenneth,Nora,23632,32561
phase6_prompt_98bba6635dcf868a,reference,p6_abba_kitchen,ABBA,phase6_reference_pair_113f7b11720180a4,not_applicable,Ruby,Sylvia,"In the kitchen, Ruby worked with Sylvia. After dinner, Sylvia passed the recipe card to",Ruby,Sylvia,10888,45425
phase6_prompt_a14ee5a38ee5d338,reference,p6_abba_kitchen,ABBA,phase6_reference_pair_8456f1a2df568575,not_applicable,Dawn,Rebecca,"In the kitchen, Dawn worked with Rebecca. After dinner, Rebecca passed the recipe card to",Dawn,Rebecca,12258,23489
phase6_prompt_a3f1755fd9544838,reference,p6_abba_kitchen,ABBA,phase6_reference_pair_395f54c71d57a95b,not_applicable,Donald,Charles,"In the kitchen, Donald worked with Charles. After dinner, Charles passed the recipe card to",Donald,Charles,3759,7516
phase6_prompt_a4502b9eb83db9c5,reference,p6_abba_kitchen,ABBA,phase6_reference_pair_d4a54b63086cf460,not_applicable,Emma,Kathleen,"In the kitchen, Emma worked with Kathleen. After dinner, Kathleen passed the recipe card to",Emma,Kathleen,18966,31275
phase6_prompt_a6798be70758bc75,reference,p6_abba_kitchen,ABBA,phase6_reference_pair_cee430783fe9db42,not_applicable,Emma,Rebecca,"In the kitchen, Emma worked with Rebecca. After dinner, Rebecca passed the recipe card to",Emma,Rebecca,18966,23489
phase6_prompt_acad63d387714cb9,reference,p6_abba_kitchen,ABBA,phase6_reference_pair_01b4b09b715d0933,not_applicable,Catherine,Nora,"In the kitchen, Catherine worked with Nora. After dinner, Nora passed the recipe card to",Catherine,Nora,22578,32561
phase6_prompt_ad96108232cc635e,reference,p6_abba_kitchen,ABBA,phase6_reference_pair_6a65ebcf0387aeeb,not_applicable,Charles,Kathleen,"In the kitchen, Charles worked with Kathleen. After dinner, Kathleen passed the recipe card to",Charles,Kathleen,7516,31275
phase6_prompt_b379ee54dd0bb158,reference,p6_abba_kitchen,ABBA,phase6_reference_pair_24d3615f4f491a57,not_applicable,Stephanie,Rebecca,"In the kitchen, Stephanie worked with Rebecca. After dinner, Rebecca passed the recipe card to",Stephanie,Rebecca,26085,23489
phase6_prompt_c1d937e45f2a0813,reference,p6_abba_kitchen,ABBA,phase6_reference_pair_e12b9c609b76f71c,not_applicable,Ruby,Shirley,"In the kitchen, Ruby worked with Shirley. After dinner, Shirley passed the recipe card to",Ruby,Shirley,10888,40902
phase6_prompt_c2d1f844d0a39161,reference,p6_abba_kitchen,ABBA,phase6_reference_pair_41ac475a58842921,not_applicable,Nora,Kenneth,"In the kitchen, Nora worked with Kenneth. After dinner, Kenneth passed the recipe card to",Nora,Kenneth,32561,23632
phase6_prompt_d72af7e4810dcdd6,reference,p6_abba_kitchen,ABBA,phase6_reference_pair_c072061ff19a76c1,not_applicable,Stephanie,Donald,"In the kitchen, Stephanie worked with Donald. After dinner, Donald passed the recipe card to",Stephanie,Donald,26085,3759
phase6_prompt_d9b193de309f7f67,reference,p6_abba_kitchen,ABBA,phase6_reference_pair_8050332d8dd0048a,not_applicable,Joyce,Nora,"In the kitchen, Joyce worked with Nora. After dinner, Nora passed the recipe card to",Joyce,Nora,25936,32561
phase6_prompt_e0c969fd567cd3d8,reference,p6_abba_kitchen,ABBA,phase6_reference_pair_2dfdfda7573e0d2f,not_applicable,Charles,Ruby,"In the kitchen, Charles worked with Ruby. After dinner, Ruby passed the recipe card to",Charles,Ruby,7516,10888
phase6_prompt_ee15602cc11881f6,reference,p6_abba_kitchen,ABBA,phase6_reference_pair_4f79135a6b03c5a9,not_applicable,Catherine,Shirley,"In the kitchen, Catherine worked with Shirley. After dinner, Shirley passed the recipe card to",Catherine,Shirley,22578,40902
phase6_prompt_f8651bea4497fe63,reference,p6_abba_kitchen,ABBA,phase6_reference_pair_0ce672f3ee9b8a8d,not_applicable,Diane,Stephanie,"In the kitchen, Diane worked with Stephanie. After dinner, Stephanie passed the recipe card to",Diane,Stephanie,26542,26085
phase6_prompt_f94dbe69347cf1dc,reference,p6_abba_kitchen,ABBA,phase6_reference_pair_9376ce7fc5a5a227,not_applicable,Kathleen,Catherine,"In the kitchen, Kathleen worked with Catherine. After dinner, Catherine passed the recipe card to",Kathleen,Catherine,31275,22578
phase6_prompt_02974f884353fbb0,reference,p6_abba_library,ABBA,phase6_reference_pair_97dd2a87a4fb1452,not_applicable,Kathleen,Emma,"At the library, Kathleen met Emma. When the doors closed, Emma handed the borrowed novel to",Kathleen,Emma,31275,18966
phase6_prompt_040711528116873c,reference,p6_abba_library,ABBA,phase6_reference_pair_4a8c03c8bebed9ce,not_applicable,Diane,Catherine,"At the library, Diane met Catherine. When the doors closed, Catherine handed the borrowed novel to",Diane,Catherine,26542,22578
phase6_prompt_04bde6ec4be2261b,reference,p6_abba_library,ABBA,phase6_reference_pair_78f019741955f881,not_applicable,Kenneth,Stephanie,"At the library, Kenneth met Stephanie. When the doors closed, Stephanie handed the borrowed novel to",Kenneth,Stephanie,23632,26085
phase6_prompt_08c3c2f9d16be64c,reference,p6_abba_library,ABBA,phase6_reference_pair_9a4d9f7938b84dd2,not_applicable,Rebecca,Nora,"At the library, Rebecca met Nora. When the doors closed, Nora handed the borrowed novel to",Rebecca,Nora,23489,32561
phase6_prompt_13c853ef550d82d0,reference,p6_abba_library,ABBA,phase6_reference_pair_3fae44758c03c3e9,not_applicable,Nora,Dawn,"At the library, Nora met Dawn. When the doors closed, Dawn handed the borrowed novel to",Nora,Dawn,32561,12258
phase6_prompt_17f53c2a1a0c13db,reference,p6_abba_library,ABBA,phase6_reference_pair_ddda7b1be1bfe52d,not_applicable,Kenneth,Diane,"At the library, Kenneth met Diane. When the doors closed, Diane handed the borrowed novel to",Kenneth,Diane,23632,26542
phase6_prompt_1c5dad7f2826037c,reference,p6_abba_library,ABBA,phase6_reference_pair_90464d9a22d671b2,not_applicable,Joyce,Kathleen,"At the library, Joyce met Kathleen. When the doors closed, Kathleen handed the borrowed novel to",Joyce,Kathleen,25936,31275
phase6_prompt_23d3e5fb5ce79368,reference,p6_abba_library,ABBA,phase6_reference_pair_f947878ee6adbd83,not_applicable,Rebecca,Ruby,"At the library, Rebecca met Ruby. When the doors closed, Ruby handed the borrowed novel to",Rebecca,Ruby,23489,10888
phase6_prompt_3400d67f4dc45cfc,reference,p6_abba_library,ABBA,phase6_reference_pair_898dc60f3a41063e,not_applicable,Kenneth,Nora,"At the library, Kenneth met Nora. When the doors closed, Nora handed the borrowed novel to",Kenneth,Nora,23632,32561
phase6_prompt_3456f87c9d84b997,reference,p6_abba_library,ABBA,phase6_reference_pair_7a05591b3de122f9,not_applicable,Kathleen,Sylvia,"At the library, Kathleen met Sylvia. When the doors closed, Sylvia handed the borrowed novel to",Kathleen,Sylvia,31275,45425
phase6_prompt_34a511f235a4792a,reference,p6_abba_library,ABBA,phase6_reference_pair_e4a1d47c595ee8ac,not_applicable,Julie,Catherine,"At the library, Julie met Catherine. When the doors closed, Catherine handed the borrowed novel to",Julie,Catherine,21946,22578
phase6_prompt_3c963a1502d102ad,reference,p6_abba_library,ABBA,phase6_reference_pair_15b63b7744e74a53,not_applicable,Emma,Stephanie,"At the library, Emma met Stephanie. When the doors closed, Stephanie handed the borrowed novel to",Emma,Stephanie,18966,26085
phase6_prompt_41ce7ba10e8b1f1a,reference,p6_abba_library,ABBA,phase6_reference_pair_cee430783fe9db42,not_applicable,Emma,Rebecca,"At the library, Emma met Rebecca. When the doors closed, Rebecca handed the borrowed novel to",Emma,Rebecca,18966,23489
phase6_prompt_468006d8403f2d02,reference,p6_abba_library,ABBA,phase6_reference_pair_996e614a88919012,not_applicable,Ruby,Kenneth,"At the library, Ruby met Kenneth. When the doors closed, Kenneth handed the borrowed novel to",Ruby,Kenneth,10888,23632
phase6_prompt_47836d7e6973972e,reference,p6_abba_library,ABBA,phase6_reference_pair_9b38a376295f0b00,not_applicable,Joyce,Dawn,"At the library, Joyce met Dawn. When the doors closed, Dawn handed the borrowed novel to",Joyce,Dawn,25936,12258
phase6_prompt_4bc2cb6e64fd140c,reference,p6_abba_library,ABBA,phase6_reference_pair_17b1e9a6528ada1d,not_applicable,Kenneth,Charles,"At the library, Kenneth met Charles. When the doors closed, Charles handed the borrowed novel to",Kenneth,Charles,23632,7516
phase6_prompt_4d3b558698990d2b,reference,p6_abba_library,ABBA,phase6_reference_pair_54e34830438b70bd,not_applicable,Diane,Ruby,"At the library, Diane met Ruby. When the doors closed, Ruby handed the borrowed novel to",Diane,Ruby,26542,10888
phase6_prompt_4fa6913b71491801,reference,p6_abba_library,ABBA,phase6_reference_pair_2f40bbef0037f083,not_applicable,Rebecca,Emma,"At the library, Rebecca met Emma. When the doors closed, Emma handed the borrowed novel to",Rebecca,Emma,23489,18966
phase6_prompt_53acfd82b05f01cf,reference,p6_abba_library,ABBA,phase6_reference_pair_82326e683b23d474,not_applicable,Donald,Kenneth,"At the library, Donald met Kenneth. When the doors closed, Kenneth handed the borrowed novel to",Donald,Kenneth,3759,23632
phase6_prompt_55a43fb7f622470a,reference,p6_abba_library,ABBA,phase6_reference_pair_33876ce317a9c1eb,not_applicable,Charles,Diane,"At the library, Charles met Diane. When the doors closed, Diane handed the borrowed novel to",Charles,Diane,7516,26542
phase6_prompt_594a97ceb1f78d78,reference,p6_abba_library,ABBA,phase6_reference_pair_09745c0f2764a5ff,not_applicable,Sylvia,Julie,"At the library, Sylvia met Julie. When the doors closed, Julie handed the borrowed novel to",Sylvia,Julie,45425,21946
phase6_prompt_69c649a35526ff6c,reference,p6_abba_library,ABBA,phase6_reference_pair_273bda1a4f6b3dd8,not_applicable,Joyce,Ruby,"At the library, Joyce met Ruby. When the doors closed, Ruby handed the borrowed novel to",Joyce,Ruby,25936,10888
phase6_prompt_75829a587275e139,reference,p6_abba_library,ABBA,phase6_reference_pair_477fd51b57bd096f,not_applicable,Donald,Shirley,"At the library, Donald met Shirley. When the doors closed, Shirley handed the borrowed novel to",Donald,Shirley,3759,40902
phase6_prompt_779863da1acafc11,reference,p6_abba_library,ABBA,phase6_reference_pair_43342b87afaed967,not_applicable,Joyce,Donald,"At the library, Joyce met Donald. When the doors closed, Donald handed the borrowed novel to",Joyce,Donald,25936,3759
phase6_prompt_795b4a02daebd6bb,reference,p6_abba_library,ABBA,phase6_reference_pair_a98e7db9f710902d,not_applicable,Shirley,Stephanie,"At the library, Shirley met Stephanie. When the doors closed, Stephanie handed the borrowed novel to",Shirley,Stephanie,40902,26085
phase6_prompt_7a85e5719b260dea,reference,p6_abba_library,ABBA,phase6_reference_pair_3c459c1476d9803c,not_applicable,Emma,Nora,"At the library, Emma met Nora. When the doors closed, Nora handed the borrowed novel to",Emma,Nora,18966,32561
phase6_prompt_7a90aec3172309a2,reference,p6_abba_library,ABBA,phase6_reference_pair_972d881e517b896c,not_applicable,Sylvia,Emma,"At the library, Sylvia met Emma. When the doors closed, Emma handed the borrowed novel to",Sylvia,Emma,45425,18966
phase6_prompt_7cebab75736f5e21,reference,p6_abba_library,ABBA,phase6_reference_pair_9dd6358821319371,not_applicable,Nora,Kathleen,"At the library, Nora met Kathleen. When the doors closed, Kathleen handed the borrowed novel to",Nora,Kathleen,32561,31275
phase6_prompt_7ed8ea5de8c8aa8b,reference,p6_abba_library,ABBA,phase6_reference_pair_ca2168c536c69b28,not_applicable,Julie,Stephanie,"At the library, Julie met Stephanie. When the doors closed, Stephanie handed the borrowed novel to",Julie,Stephanie,21946,26085
phase6_prompt_8032926a9b58a9fd,reference,p6_abba_library,ABBA,phase6_reference_pair_6d3bc091b8acb30c,not_applicable,Donald,Kathleen,"At the library, Donald met Kathleen. When the doors closed, Kathleen handed the borrowed novel to",Donald,Kathleen,3759,31275
phase6_prompt_81bcb655cafbbf5e,reference,p6_abba_library,ABBA,phase6_reference_pair_395f54c71d57a95b,not_applicable,Donald,Charles,"At the library, Donald met Charles. When the doors closed, Charles handed the borrowed novel to",Donald,Charles,3759,7516
phase6_prompt_824a1220fca9692f,reference,p6_abba_library,ABBA,phase6_reference_pair_69e266209b866d2e,not_applicable,Charles,Joyce,"At the library, Charles met Joyce. When the doors closed, Joyce handed the borrowed novel to",Charles,Joyce,7516,25936
phase6_prompt_841147e7e66a7809,reference,p6_abba_library,ABBA,phase6_reference_pair_24d3615f4f491a57,not_applicable,Stephanie,Rebecca,"At the library, Stephanie met Rebecca. When the doors closed, Rebecca handed the borrowed novel to",Stephanie,Rebecca,26085,23489
phase6_prompt_84da541012de731a,reference,p6_abba_library,ABBA,phase6_reference_pair_63c21f6121302d91,not_applicable,Donald,Julie,"At the library, Donald met Julie. When the doors closed, Julie handed the borrowed novel to",Donald,Julie,3759,21946
phase6_prompt_84f0832140359e47,reference,p6_abba_library,ABBA,phase6_reference_pair_c072061ff19a76c1,not_applicable,Stephanie,Donald,"At the library, Stephanie met Donald. When the doors closed, Donald handed the borrowed novel to",Stephanie,Donald,26085,3759
phase6_prompt_872a8bf302fa13d1,reference,p6_abba_library,ABBA,phase6_reference_pair_9101701757d22b0d,not_applicable,Diane,Emma,"At the library, Diane met Emma. When the doors closed, Emma handed the borrowed novel to",Diane,Emma,26542,18966
phase6_prompt_89b0ee062548ddc0,reference,p6_abba_library,ABBA,phase6_reference_pair_c108d76a3032cfa3,not_applicable,Joyce,Kenneth,"At the library, Joyce met Kenneth. When the doors closed, Kenneth handed the borrowed novel to",Joyce,Kenneth,25936,23632
phase6_prompt_8ec2aff1b31ad18a,reference,p6_abba_library,ABBA,phase6_reference_pair_1d31edd508f6cbf7,not_applicable,Donald,Stephanie,"At the library, Donald met Stephanie. When the doors closed, Stephanie handed the borrowed novel to",Donald,Stephanie,3759,26085
phase6_prompt_93c635a14ac09636,reference,p6_abba_library,ABBA,phase6_reference_pair_114d35002a069a97,not_applicable,Charles,Dawn,"At the library, Charles met Dawn. When the doors closed, Dawn handed the borrowed novel to",Charles,Dawn,7516,12258
phase6_prompt_947a49e0d275633d,reference,p6_abba_library,ABBA,phase6_reference_pair_e1e1989c660ba37e,not_applicable,Nora,Emma,"At the library, Nora met Emma. When the doors closed, Emma handed the borrowed novel to",Nora,Emma,32561,18966
phase6_prompt_99fac8a38a19b1c7,reference,p6_abba_library,ABBA,phase6_reference_pair_67b4e97047a0014c,not_applicable,Catherine,Charles,"At the library, Catherine met Charles. When the doors closed, Charles handed the borrowed novel to",Catherine,Charles,22578,7516
phase6_prompt_a11ed4dbf088b2ad,reference,p6_abba_library,ABBA,phase6_reference_pair_fefbd0705df2f5a2,not_applicable,Dawn,Julie,"At the library, Dawn met Julie. When the doors closed, Julie handed the borrowed novel to",Dawn,Julie,12258,21946
phase6_prompt_a242410cdc8c5707,reference,p6_abba_library,ABBA,phase6_reference_pair_8ceb8527c558b038,not_applicable,Kenneth,Ruby,"At the library, Kenneth met Ruby. When the doors closed, Ruby handed the borrowed novel to",Kenneth,Ruby,23632,10888
phase6_prompt_a456ede024181c06,reference,p6_abba_library,ABBA,phase6_reference_pair_366b1cfd6d6ccc2f,not_applicable,Diane,Donald,"At the library, Diane met Donald. When the doors closed, Donald handed the borrowed novel to",Diane,Donald,26542,3759
phase6_prompt_a609e2f1427feda9,reference,p6_abba_library,ABBA,phase6_reference_pair_0f4a57fb2bce7ddd,not_applicable,Diane,Dawn,"At the library, Diane met Dawn. When the doors closed, Dawn handed the borrowed novel to",Diane,Dawn,26542,12258
phase6_prompt_aefed949257e96ec,reference,p6_abba_library,ABBA,phase6_reference_pair_41ac475a58842921,not_applicable,Nora,Kenneth,"At the library, Nora met Kenneth. When the doors closed, Kenneth handed the borrowed novel to",Nora,Kenneth,32561,23632
phase6_prompt_b45cc83bdfaf6e82,reference,p6_abba_library,ABBA,phase6_reference_pair_8050332d8dd0048a,not_applicable,Joyce,Nora,"At the library, Joyce met Nora. When the doors closed, Nora handed the borrowed novel to",Joyce,Nora,25936,32561
phase6_prompt_bbc7e5799fd0cfa1,reference,p6_abba_library,ABBA,phase6_reference_pair_de84b3525552cc8c,not_applicable,Emma,Julie,"At the library, Emma met Julie. When the doors closed, Julie handed the borrowed novel to",Emma,Julie,18966,21946
phase6_prompt_c2a764163a6c424a,reference,p6_abba_library,ABBA,phase6_reference_pair_7eba1ca2d4341526,not_applicable,Kathleen,Kenneth,"At the library, Kathleen met Kenneth. When the doors closed, Kenneth handed the borrowed novel to",Kathleen,Kenneth,31275,23632
phase6_prompt_c5894bb143f80af5,reference,p6_abba_library,ABBA,phase6_reference_pair_be77f42f789a41e4,not_applicable,Emma,Catherine,"At the library, Emma met Catherine. When the doors closed, Catherine handed the borrowed novel to",Emma,Catherine,18966,22578
phase6_prompt_c9c1a2eb934ba20e,reference,p6_abba_library,ABBA,phase6_reference_pair_7edf97b8b6e20823,not_applicable,Julie,Nora,"At the library, Julie met Nora. When the doors closed, Nora handed the borrowed novel to",Julie,Nora,21946,32561
phase6_prompt_cc8ae0d592998d9e,reference,p6_abba_library,ABBA,phase6_reference_pair_235001203e1def34,not_applicable,Ruby,Stephanie,"At the library, Ruby met Stephanie. When the doors closed, Stephanie handed the borrowed novel to",Ruby,Stephanie,10888,26085
phase6_prompt_d3a6e5995809c6fe,reference,p6_abba_library,ABBA,phase6_reference_pair_70b6d8614d7943e6,not_applicable,Donald,Dawn,"At the library, Donald met Dawn. When the doors closed, Dawn handed the borrowed novel to",Donald,Dawn,3759,12258
phase6_prompt_d4585d21299a569c,reference,p6_abba_library,ABBA,phase6_reference_pair_5f9f76c639037920,not_applicable,Emma,Joyce,"At the library, Emma met Joyce. When the doors closed, Joyce handed the borrowed novel to",Emma,Joyce,18966,25936
phase6_prompt_d8cb8ba3e396892e,reference,p6_abba_library,ABBA,phase6_reference_pair_358751c1544616f1,not_applicable,Shirley,Kenneth,"At the library, Shirley met Kenneth. When the doors closed, Kenneth handed the borrowed novel to",Shirley,Kenneth,40902,23632
phase6_prompt_d97afa62bac13056,reference,p6_abba_library,ABBA,phase6_reference_pair_6a65ebcf0387aeeb,not_applicable,Charles,Kathleen,"At the library, Charles met Kathleen. When the doors closed, Kathleen handed the borrowed novel to",Charles,Kathleen,7516,31275
phase6_prompt_dabf04bf15ae600e,reference,p6_abba_library,ABBA,phase6_reference_pair_7368d74cd3944cfb,not_applicable,Kenneth,Kathleen,"At the library, Kenneth met Kathleen. When the doors closed, Kathleen handed the borrowed novel to",Kenneth,Kathleen,23632,31275
phase6_prompt_dcc6f255ba9a7c76,reference,p6_abba_library,ABBA,phase6_reference_pair_8093253b62f65c2a,not_applicable,Charles,Rebecca,"At the library, Charles met Rebecca. When the doors closed, Rebecca handed the borrowed novel to",Charles,Rebecca,7516,23489
phase6_prompt_e4a80874c491319f,reference,p6_abba_library,ABBA,phase6_reference_pair_abfee6988eab9180,not_applicable,Dawn,Catherine,"At the library, Dawn met Catherine. When the doors closed, Catherine handed the borrowed novel to",Dawn,Catherine,12258,22578
phase6_prompt_ea0681ee26c1e4e8,reference,p6_abba_library,ABBA,phase6_reference_pair_6e2ee14cfd353c30,not_applicable,Kathleen,Diane,"At the library, Kathleen met Diane. When the doors closed, Diane handed the borrowed novel to",Kathleen,Diane,31275,26542
phase6_prompt_eba01e380d86536e,reference,p6_abba_library,ABBA,phase6_reference_pair_e04bec3bd284942b,not_applicable,Kenneth,Sylvia,"At the library, Kenneth met Sylvia. When the doors closed, Sylvia handed the borrowed novel to",Kenneth,Sylvia,23632,45425
phase6_prompt_f695a64ce5a03f83,reference,p6_abba_library,ABBA,phase6_reference_pair_033b5e1c62cfa583,not_applicable,Nora,Stephanie,"At the library, Nora met Stephanie. When the doors closed, Stephanie handed the borrowed novel to",Nora,Stephanie,32561,26085
phase6_prompt_f8a5193517fff149,reference,p6_abba_library,ABBA,phase6_reference_pair_6e7d22a25b68b23b,not_applicable,Kathleen,Ruby,"At the library, Kathleen met Ruby. When the doors closed, Ruby handed the borrowed novel to",Kathleen,Ruby,31275,10888
phase6_prompt_fd060878cf6e85da,reference,p6_abba_library,ABBA,phase6_reference_pair_d2d17f5091175e3a,not_applicable,Stephanie,Dawn,"At the library, Stephanie met Dawn. When the doors closed, Dawn handed the borrowed novel to",Stephanie,Dawn,26085,12258
phase6_prompt_022377570abe00aa,reference,p6_abba_museum,ABBA,phase6_reference_pair_d30c865a00f8d797,not_applicable,Joyce,Catherine,"At the museum, Joyce spoke with Catherine. Later, Catherine offered the exhibit guide to",Joyce,Catherine,25936,22578
phase6_prompt_0d3812116f700301,reference,p6_abba_museum,ABBA,phase6_reference_pair_c10be8c337c0690a,not_applicable,Kenneth,Catherine,"At the museum, Kenneth spoke with Catherine. Later, Catherine offered the exhibit guide to",Kenneth,Catherine,23632,22578
phase6_prompt_11dbaa26107f46e3,reference,p6_abba_museum,ABBA,phase6_reference_pair_bf5e680a6aaef55f,not_applicable,Stephanie,Kenneth,"At the museum, Stephanie spoke with Kenneth. Later, Kenneth offered the exhibit guide to",Stephanie,Kenneth,26085,23632
phase6_prompt_11f29e04ff027a5f,reference,p6_abba_museum,ABBA,phase6_reference_pair_07b0c10d88b978bd,not_applicable,Ruby,Donald,"At the museum, Ruby spoke with Donald. Later, Donald offered the exhibit guide to",Ruby,Donald,10888,3759
phase6_prompt_120fbf11f5ed9ff2,reference,p6_abba_museum,ABBA,phase6_reference_pair_033b5e1c62cfa583,not_applicable,Nora,Stephanie,"At the museum, Nora spoke with Stephanie. Later, Stephanie offered the exhibit guide to",Nora,Stephanie,32561,26085
phase6_prompt_166c7d1185b06707,reference,p6_abba_museum,ABBA,phase6_reference_pair_8456f1a2df568575,not_applicable,Dawn,Rebecca,"At the museum, Dawn spoke with Rebecca. Later, Rebecca offered the exhibit guide to",Dawn,Rebecca,12258,23489
phase6_prompt_1a466a497dfe8e7d,reference,p6_abba_museum,ABBA,phase6_reference_pair_2e2c7749ebd49927,not_applicable,Diane,Rebecca,"At the museum, Diane spoke with Rebecca. Later, Rebecca offered the exhibit guide to",Diane,Rebecca,26542,23489
phase6_prompt_1d95cf4b44328392,reference,p6_abba_museum,ABBA,phase6_reference_pair_c108d76a3032cfa3,not_applicable,Joyce,Kenneth,"At the museum, Joyce spoke with Kenneth. Later, Kenneth offered the exhibit guide to",Joyce,Kenneth,25936,23632
phase6_prompt_1dff518334e67131,reference,p6_abba_museum,ABBA,phase6_reference_pair_761388a5316ceef4,not_applicable,Nora,Diane,"At the museum, Nora spoke with Diane. Later, Diane offered the exhibit guide to",Nora,Diane,32561,26542
phase6_prompt_23eba2c95896b81d,reference,p6_abba_museum,ABBA,phase6_reference_pair_0fb128b2e2d2d00f,not_applicable,Charles,Donald,"At the museum, Charles spoke with Donald. Later, Donald offered the exhibit guide to",Charles,Donald,7516,3759
phase6_prompt_2e5b5b4ef490a073,reference,p6_abba_museum,ABBA,phase6_reference_pair_616e55897b800a82,not_applicable,Joyce,Charles,"At the museum, Joyce spoke with Charles. Later, Charles offered the exhibit guide to",Joyce,Charles,25936,7516
phase6_prompt_380dafe3d63327cb,reference,p6_abba_museum,ABBA,phase6_reference_pair_d4a54b63086cf460,not_applicable,Emma,Kathleen,"At the museum, Emma spoke with Kathleen. Later, Kathleen offered the exhibit guide to",Emma,Kathleen,18966,31275
phase6_prompt_3a1bc8dbbb42ce9e,reference,p6_abba_museum,ABBA,phase6_reference_pair_2f40bbef0037f083,not_applicable,Rebecca,Emma,"At the museum, Rebecca spoke with Emma. Later, Emma offered the exhibit guide to",Rebecca,Emma,23489,18966
phase6_prompt_3bba78e744ddfa3b,reference,p6_abba_museum,ABBA,phase6_reference_pair_98b18765e51b6911,not_applicable,Joyce,Rebecca,"At the museum, Joyce spoke with Rebecca. Later, Rebecca offered the exhibit guide to",Joyce,Rebecca,25936,23489
phase6_prompt_441311a1d29125e0,reference,p6_abba_museum,ABBA,phase6_reference_pair_395f54c71d57a95b,not_applicable,Donald,Charles,"At the museum, Donald spoke with Charles. Later, Charles offered the exhibit guide to",Donald,Charles,3759,7516
phase6_prompt_4a2772cd7715fe62,reference,p6_abba_museum,ABBA,phase6_reference_pair_35f01ec6aa40a74c,not_applicable,Joyce,Diane,"At the museum, Joyce spoke with Diane. Later, Diane offered the exhibit guide to",Joyce,Diane,25936,26542
phase6_prompt_50317b5d097ccc18,reference,p6_abba_museum,ABBA,phase6_reference_pair_e51d82276011418c,not_applicable,Ruby,Catherine,"At the museum, Ruby spoke with Catherine. Later, Catherine offered the exhibit guide to",Ruby,Catherine,10888,22578
phase6_prompt_55062eee971050ee,reference,p6_abba_museum,ABBA,phase6_reference_pair_70babdf6d0e91d0f,not_applicable,Stephanie,Nora,"At the museum, Stephanie spoke with Nora. Later, Nora offered the exhibit guide to",Stephanie,Nora,26085,32561
phase6_prompt_561332e77a29f1dc,reference,p6_abba_museum,ABBA,phase6_reference_pair_7edf97b8b6e20823,not_applicable,Julie,Nora,"At the museum, Julie spoke with Nora. Later, Nora offered the exhibit guide to",Julie,Nora,21946,32561
phase6_prompt_587bb6556737d578,reference,p6_abba_museum,ABBA,phase6_reference_pair_477fd51b57bd096f,not_applicable,Donald,Shirley,"At the museum, Donald spoke with Shirley. Later, Shirley offered the exhibit guide to",Donald,Shirley,3759,40902
phase6_prompt_588db48287560d79,reference,p6_abba_museum,ABBA,phase6_reference_pair_9efc691728f89001,not_applicable,Shirley,Diane,"At the museum, Shirley spoke with Diane. Later, Diane offered the exhibit guide to",Shirley,Diane,40902,26542
phase6_prompt_5ce7617e86b19382,reference,p6_abba_museum,ABBA,phase6_reference_pair_175c260eed36f77a,not_applicable,Rebecca,Catherine,"At the museum, Rebecca spoke with Catherine. Later, Catherine offered the exhibit guide to",Rebecca,Catherine,23489,22578
phase6_prompt_5d5bf621bddf8542,reference,p6_abba_museum,ABBA,phase6_reference_pair_02a81f0210e3f662,not_applicable,Shirley,Charles,"At the museum, Shirley spoke with Charles. Later, Charles offered the exhibit guide to",Shirley,Charles,40902,7516
phase6_prompt_5f0b04b276c61a9b,reference,p6_abba_museum,ABBA,phase6_reference_pair_fafe5dac0cf40538,not_applicable,Shirley,Julie,"At the museum, Shirley spoke with Julie. Later, Julie offered the exhibit guide to",Shirley,Julie,40902,21946
phase6_prompt_6660f94ef4efa352,reference,p6_abba_museum,ABBA,phase6_reference_pair_72bd28e9d76bd1d8,not_applicable,Stephanie,Emma,"At the museum, Stephanie spoke with Emma. Later, Emma offered the exhibit guide to",Stephanie,Emma,26085,18966
phase6_prompt_685164a2621b49c3,reference,p6_abba_museum,ABBA,phase6_reference_pair_bc1b1061085fd319,not_applicable,Sylvia,Catherine,"At the museum, Sylvia spoke with Catherine. Later, Catherine offered the exhibit guide to",Sylvia,Catherine,45425,22578
phase6_prompt_6e3ebf3d5786cb20,reference,p6_abba_museum,ABBA,phase6_reference_pair_d2d17f5091175e3a,not_applicable,Stephanie,Dawn,"At the museum, Stephanie spoke with Dawn. Later, Dawn offered the exhibit guide to",Stephanie,Dawn,26085,12258
phase6_prompt_70124739deb30de1,reference,p6_abba_museum,ABBA,phase6_reference_pair_8ceb8527c558b038,not_applicable,Kenneth,Ruby,"At the museum, Kenneth spoke with Ruby. Later, Ruby offered the exhibit guide to",Kenneth,Ruby,23632,10888
phase6_prompt_713612d884020f3b,reference,p6_abba_museum,ABBA,phase6_reference_pair_e12b9c609b76f71c,not_applicable,Ruby,Shirley,"At the museum, Ruby spoke with Shirley. Later, Shirley offered the exhibit guide to",Ruby,Shirley,10888,40902
phase6_prompt_71be74f64e71afa1,reference,p6_abba_museum,ABBA,phase6_reference_pair_09745c0f2764a5ff,not_applicable,Sylvia,Julie,"At the museum, Sylvia spoke with Julie. Later, Julie offered the exhibit guide to",Sylvia,Julie,45425,21946
phase6_prompt_727a447d2064e563,reference,p6_abba_museum,ABBA,phase6_reference_pair_f56d8f48137c350a,not_applicable,Donald,Ruby,"At the museum, Donald spoke with Ruby. Later, Ruby offered the exhibit guide to",Donald,Ruby,3759,10888
phase6_prompt_72a9f1313df38cf6,reference,p6_abba_museum,ABBA,phase6_reference_pair_7eba1ca2d4341526,not_applicable,Kathleen,Kenneth,"At the museum, Kathleen spoke with Kenneth. Later, Kenneth offered the exhibit guide to",Kathleen,Kenneth,31275,23632
phase6_prompt_72c90d573d8de388,reference,p6_abba_museum,ABBA,phase6_reference_pair_fbb9becb1d064d02,not_applicable,Kenneth,Rebecca,"At the museum, Kenneth spoke with Rebecca. Later, Rebecca offered the exhibit guide to",Kenneth,Rebecca,23632,23489
phase6_prompt_734fe8b1d9a83372,reference,p6_abba_museum,ABBA,phase6_reference_pair_6ba764c8831e705a,not_applicable,Ruby,Joyce,"At the museum, Ruby spoke with Joyce. Later, Joyce offered the exhibit guide to",Ruby,Joyce,10888,25936
phase6_prompt_7485955a78e75530,reference,p6_abba_museum,ABBA,phase6_reference_pair_61879897a94e582d,not_applicable,Catherine,Dawn,"At the museum, Catherine spoke with Dawn. Later, Dawn offered the exhibit guide to",Catherine,Dawn,22578,12258
phase6_prompt_766e704dabc93f82,reference,p6_abba_museum,ABBA,phase6_reference_pair_1b69a74d02329d93,not_applicable,Dawn,Diane,"At the museum, Dawn spoke with Diane. Later, Diane offered the exhibit guide to",Dawn,Diane,12258,26542
phase6_prompt_80b80c28b2a9734c,reference,p6_abba_museum,ABBA,phase6_reference_pair_21b408bebea44609,not_applicable,Diane,Sylvia,"At the museum, Diane spoke with Sylvia. Later, Sylvia offered the exhibit guide to",Diane,Sylvia,26542,45425
phase6_prompt_89f29fd1217cbf76,reference,p6_abba_museum,ABBA,phase6_reference_pair_898be4cee9f168ab,not_applicable,Dawn,Kenneth,"At the museum, Dawn spoke with Kenneth. Later, Kenneth offered the exhibit guide to",Dawn,Kenneth,12258,23632
phase6_prompt_8c5c32a61a9254c5,reference,p6_abba_museum,ABBA,phase6_reference_pair_69e266209b866d2e,not_applicable,Charles,Joyce,"At the museum, Charles spoke with Joyce. Later, Joyce offered the exhibit guide to",Charles,Joyce,7516,25936
phase6_prompt_98eb29ede5b65378,reference,p6_abba_museum,ABBA,phase6_reference_pair_140f099b0b172155,not_applicable,Catherine,Julie,"At the museum, Catherine spoke with Julie. Later, Julie offered the exhibit guide to",Catherine,Julie,22578,21946
phase6_prompt_9f8e845ccab38400,reference,p6_abba_museum,ABBA,phase6_reference_pair_1235d42870e6bfed,not_applicable,Nora,Charles,"At the museum, Nora spoke with Charles. Later, Charles offered the exhibit guide to",Nora,Charles,32561,7516
phase6_prompt_a3b4b75390da2c5d,reference,p6_abba_museum,ABBA,phase6_reference_pair_623679f323c374af,not_applicable,Catherine,Rebecca,"At the museum, Catherine spoke with Rebecca. Later, Rebecca offered the exhibit guide to",Catherine,Rebecca,22578,23489
phase6_prompt_a41d5247b26c697c,reference,p6_abba_museum,ABBA,phase6_reference_pair_915340d8b54d338b,not_applicable,Donald,Nora,"At the museum, Donald spoke with Nora. Later, Nora offered the exhibit guide to",Donald,Nora,3759,32561
phase6_prompt_a56b90591c5373f7,reference,p6_abba_museum,ABBA,phase6_reference_pair_2cc4b6b56736b75e,not_applicable,Catherine,Diane,"At the museum, Catherine spoke with Diane. Later, Diane offered the exhibit guide to",Catherine,Diane,22578,26542
phase6_prompt_aa05f2f7b9003ea1,reference,p6_abba_museum,ABBA,phase6_reference_pair_78f019741955f881,not_applicable,Kenneth,Stephanie,"At the museum, Kenneth spoke with Stephanie. Later, Stephanie offered the exhibit guide to",Kenneth,Stephanie,23632,26085
phase6_prompt_aa9e5da504cf5721,reference,p6_abba_museum,ABBA,phase6_reference_pair_f6a219ae351c8269,not_applicable,Shirley,Catherine,"At the museum, Shirley spoke with Catherine. Later, Catherine offered the exhibit guide to",Shirley,Catherine,40902,22578
phase6_prompt_aaccba17a351eeaa,reference,p6_abba_museum,ABBA,phase6_reference_pair_52f0c62183988f8a,not_applicable,Joyce,Stephanie,"At the museum, Joyce spoke with Stephanie. Later, Stephanie offered the exhibit guide to",Joyce,Stephanie,25936,26085
phase6_prompt_b9ebabb8d69f9227,reference,p6_abba_museum,ABBA,phase6_reference_pair_329873a3be0b5c2b,not_applicable,Rebecca,Kathleen,"At the museum, Rebecca spoke with Kathleen. Later, Kathleen offered the exhibit guide to",Rebecca,Kathleen,23489,31275
phase6_prompt_bbcc7097f67fa1fe,reference,p6_abba_museum,ABBA,phase6_reference_pair_90464d9a22d671b2,not_applicable,Joyce,Kathleen,"At the museum, Joyce spoke with Kathleen. Later, Kathleen offered the exhibit guide to",Joyce,Kathleen,25936,31275
phase6_prompt_bc548c6f6ba98ca3,reference,p6_abba_museum,ABBA,phase6_reference_pair_9ae1d15eb5b140da,not_applicable,Julie,Joyce,"At the museum, Julie spoke with Joyce. Later, Joyce offered the exhibit guide to",Julie,Joyce,21946,25936
phase6_prompt_bd45c6fd0e528fa3,reference,p6_abba_museum,ABBA,phase6_reference_pair_7e47069429704841,not_applicable,Ruby,Dawn,"At the museum, Ruby spoke with Dawn. Later, Dawn offered the exhibit guide to",Ruby,Dawn,10888,12258
phase6_prompt_bdeaa81939f58e5e,reference,p6_abba_museum,ABBA,phase6_reference_pair_52528b4cb48c9281,not_applicable,Stephanie,Sylvia,"At the museum, Stephanie spoke with Sylvia. Later, Sylvia offered the exhibit guide to",Stephanie,Sylvia,26085,45425
phase6_prompt_bfe3d07ae52ed024,reference,p6_abba_museum,ABBA,phase6_reference_pair_3c459c1476d9803c,not_applicable,Emma,Nora,"At the museum, Emma spoke with Nora. Later, Nora offered the exhibit guide to",Emma,Nora,18966,32561
phase6_prompt_ccfd471452d4ca49,reference,p6_abba_museum,ABBA,phase6_reference_pair_1d31edd508f6cbf7,not_applicable,Donald,Stephanie,"At the museum, Donald spoke with Stephanie. Later, Stephanie offered the exhibit guide to",Donald,Stephanie,3759,26085
phase6_prompt_cfe503ea6ad52487,reference,p6_abba_museum,ABBA,phase6_reference_pair_ec5dd296297d497c,not_applicable,Joyce,Sylvia,"At the museum, Joyce spoke with Sylvia. Later, Sylvia offered the exhibit guide to",Joyce,Sylvia,25936,45425
phase6_prompt_d139ccf550bac669,reference,p6_abba_museum,ABBA,phase6_reference_pair_5a15420ae5a7541f,not_applicable,Sylvia,Donald,"At the museum, Sylvia spoke with Donald. Later, Donald offered the exhibit guide to",Sylvia,Donald,45425,3759
phase6_prompt_d6a107c04c579cd4,reference,p6_abba_museum,ABBA,phase6_reference_pair_43342b87afaed967,not_applicable,Joyce,Donald,"At the museum, Joyce spoke with Donald. Later, Donald offered the exhibit guide to",Joyce,Donald,25936,3759
phase6_prompt_ddda01d458ae33f9,reference,p6_abba_museum,ABBA,phase6_reference_pair_97dd2a87a4fb1452,not_applicable,Kathleen,Emma,"At the museum, Kathleen spoke with Emma. Later, Emma offered the exhibit guide to",Kathleen,Emma,31275,18966
phase6_prompt_e1fc5ea79c8d6267,reference,p6_abba_museum,ABBA,phase6_reference_pair_42e710e7910660ea,not_applicable,Ruby,Nora,"At the museum, Ruby spoke with Nora. Later, Nora offered the exhibit guide to",Ruby,Nora,10888,32561
phase6_prompt_e4060500f9da4e28,reference,p6_abba_museum,ABBA,phase6_reference_pair_eb6a49abc297a914,not_applicable,Kathleen,Stephanie,"At the museum, Kathleen spoke with Stephanie. Later, Stephanie offered the exhibit guide to",Kathleen,Stephanie,31275,26085
phase6_prompt_e923dbc654a14605,reference,p6_abba_museum,ABBA,phase6_reference_pair_9ca2953e9f859a9a,not_applicable,Dawn,Joyce,"At the museum, Dawn spoke with Joyce. Later, Joyce offered the exhibit guide to",Dawn,Joyce,12258,25936
phase6_prompt_f75a275ade4b4cbe,reference,p6_abba_museum,ABBA,phase6_reference_pair_38f62932be016245,not_applicable,Rebecca,Charles,"At the museum, Rebecca spoke with Charles. Later, Charles offered the exhibit guide to",Rebecca,Charles,23489,7516
phase6_prompt_fe69c3eae0ac9d82,reference,p6_abba_museum,ABBA,phase6_reference_pair_cee430783fe9db42,not_applicable,Emma,Rebecca,"At the museum, Emma spoke with Rebecca. Later, Rebecca offered the exhibit guide to",Emma,Rebecca,18966,23489
phase6_prompt_ff606e37d133fbb4,reference,p6_abba_museum,ABBA,phase6_reference_pair_0abe9cbd70cb76de,not_applicable,Sylvia,Dawn,"At the museum, Sylvia spoke with Dawn. Later, Dawn offered the exhibit guide to",Sylvia,Dawn,45425,12258
phase6_prompt_006a00d1e08b7214,reference,p6_abba_train,ABBA,phase6_reference_pair_63c21f6121302d91,not_applicable,Donald,Julie,"During the train ride, Donald sat beside Julie. Before leaving, Julie returned the travel journal to",Donald,Julie,3759,21946
phase6_prompt_084907985b0a307b,reference,p6_abba_train,ABBA,phase6_reference_pair_ea00f5048da885eb,not_applicable,Catherine,Donald,"During the train ride, Catherine sat beside Donald. Before leaving, Donald returned the travel journal to",Catherine,Donald,22578,3759
phase6_prompt_0a61719be9f1454b,reference,p6_abba_train,ABBA,phase6_reference_pair_dbe271a35c981a90,not_applicable,Ruby,Diane,"During the train ride, Ruby sat beside Diane. Before leaving, Diane returned the travel journal to",Ruby,Diane,10888,26542
phase6_prompt_0c319cc0eacce559,reference,p6_abba_train,ABBA,phase6_reference_pair_2f40bbef0037f083,not_applicable,Rebecca,Emma,"During the train ride, Rebecca sat beside Emma. Before leaving, Emma returned the travel journal to",Rebecca,Emma,23489,18966
phase6_prompt_1018b4ac46fb49e1,reference,p6_abba_train,ABBA,phase6_reference_pair_8572c485efdb93d0,not_applicable,Stephanie,Shirley,"During the train ride, Stephanie sat beside Shirley. Before leaving, Shirley returned the travel journal to",Stephanie,Shirley,26085,40902
phase6_prompt_15142837c2e0e69a,reference,p6_abba_train,ABBA,phase6_reference_pair_43a790f5292107a0,not_applicable,Nora,Joyce,"During the train ride, Nora sat beside Joyce. Before leaving, Joyce returned the travel journal to",Nora,Joyce,32561,25936
phase6_prompt_1a0c510df90821be,reference,p6_abba_train,ABBA,phase6_reference_pair_64168ec40f60b2ee,not_applicable,Stephanie,Diane,"During the train ride, Stephanie sat beside Diane. Before leaving, Diane returned the travel journal to",Stephanie,Diane,26085,26542
phase6_prompt_1e222b69a42a31cf,reference,p6_abba_train,ABBA,phase6_reference_pair_aefe52387cd42635,not_applicable,Dawn,Nora,"During the train ride, Dawn sat beside Nora. Before leaving, Nora returned the travel journal to",Dawn,Nora,12258,32561
phase6_prompt_204f687979fe4ad2,reference,p6_abba_train,ABBA,phase6_reference_pair_29ffe2f57d073520,not_applicable,Donald,Emma,"During the train ride, Donald sat beside Emma. Before leaving, Emma returned the travel journal to",Donald,Emma,3759,18966
phase6_prompt_2171371cb7105314,reference,p6_abba_train,ABBA,phase6_reference_pair_24d3615f4f491a57,not_applicable,Stephanie,Rebecca,"During the train ride, Stephanie sat beside Rebecca. Before leaving, Rebecca returned the travel journal to",Stephanie,Rebecca,26085,23489
phase6_prompt_23cad0bc9d92f7fb,reference,p6_abba_train,ABBA,phase6_reference_pair_544f5d851a96d6f3,not_applicable,Julie,Kenneth,"During the train ride, Julie sat beside Kenneth. Before leaving, Kenneth returned the travel journal to",Julie,Kenneth,21946,23632
phase6_prompt_2445a2e5fa0966ac,reference,p6_abba_train,ABBA,phase6_reference_pair_40e5c291bc2ac2b2,not_applicable,Kathleen,Rebecca,"During the train ride, Kathleen sat beside Rebecca. Before leaving, Rebecca returned the travel journal to",Kathleen,Rebecca,31275,23489
phase6_prompt_282fbfedb2d48890,reference,p6_abba_train,ABBA,phase6_reference_pair_0626574bb49e21b8,not_applicable,Rebecca,Stephanie,"During the train ride, Rebecca sat beside Stephanie. Before leaving, Stephanie returned the travel journal to",Rebecca,Stephanie,23489,26085
phase6_prompt_297a7377022c73e5,reference,p6_abba_train,ABBA,phase6_reference_pair_1b69a74d02329d93,not_applicable,Dawn,Diane,"During the train ride, Dawn sat beside Diane. Before leaving, Diane returned the travel journal to",Dawn,Diane,12258,26542
phase6_prompt_2f04003df27cb0ae,reference,p6_abba_train,ABBA,phase6_reference_pair_cdf29d77c8edda2d,not_applicable,Catherine,Kathleen,"During the train ride, Catherine sat beside Kathleen. Before leaving, Kathleen returned the travel journal to",Catherine,Kathleen,22578,31275
phase6_prompt_3e8befa0472e3882,reference,p6_abba_train,ABBA,phase6_reference_pair_2b365c0be455915c,not_applicable,Sylvia,Ruby,"During the train ride, Sylvia sat beside Ruby. Before leaving, Ruby returned the travel journal to",Sylvia,Ruby,45425,10888
phase6_prompt_46eac9d9782be317,reference,p6_abba_train,ABBA,phase6_reference_pair_8ceb8527c558b038,not_applicable,Kenneth,Ruby,"During the train ride, Kenneth sat beside Ruby. Before leaving, Ruby returned the travel journal to",Kenneth,Ruby,23632,10888
phase6_prompt_47d838879f427e08,reference,p6_abba_train,ABBA,phase6_reference_pair_c94ea7c644f8e6f5,not_applicable,Ruby,Rebecca,"During the train ride, Ruby sat beside Rebecca. Before leaving, Rebecca returned the travel journal to",Ruby,Rebecca,10888,23489
phase6_prompt_4b7bb72d7b05dbf6,reference,p6_abba_train,ABBA,phase6_reference_pair_e1119975f80f85c1,not_applicable,Julie,Sylvia,"During the train ride, Julie sat beside Sylvia. Before leaving, Sylvia returned the travel journal to",Julie,Sylvia,21946,45425
phase6_prompt_5233db0c6353ddf3,reference,p6_abba_train,ABBA,phase6_reference_pair_f8a092507433bb6f,not_applicable,Kenneth,Emma,"During the train ride, Kenneth sat beside Emma. Before leaving, Emma returned the travel journal to",Kenneth,Emma,23632,18966
phase6_prompt_5314cd434e5bd7ac,reference,p6_abba_train,ABBA,phase6_reference_pair_1235d42870e6bfed,not_applicable,Nora,Charles,"During the train ride, Nora sat beside Charles. Before leaving, Charles returned the travel journal to",Nora,Charles,32561,7516
phase6_prompt_53509c69bb303071,reference,p6_abba_train,ABBA,phase6_reference_pair_623679f323c374af,not_applicable,Catherine,Rebecca,"During the train ride, Catherine sat beside Rebecca. Before leaving, Rebecca returned the travel journal to",Catherine,Rebecca,22578,23489
phase6_prompt_58169ab6dfd2a8be,reference,p6_abba_train,ABBA,phase6_reference_pair_fa01a74ff94ca314,not_applicable,Julie,Emma,"During the train ride, Julie sat beside Emma. Before leaving, Emma returned the travel journal to",Julie,Emma,21946,18966
phase6_prompt_5b6d2fdc44f4376a,reference,p6_abba_train,ABBA,phase6_reference_pair_4be5214827d9b25a,not_applicable,Emma,Sylvia,"During the train ride, Emma sat beside Sylvia. Before leaving, Sylvia returned the travel journal to",Emma,Sylvia,18966,45425
phase6_prompt_5d461f50b2127966,reference,p6_abba_train,ABBA,phase6_reference_pair_9ae1d15eb5b140da,not_applicable,Julie,Joyce,"During the train ride, Julie sat beside Joyce. Before leaving, Joyce returned the travel journal to",Julie,Joyce,21946,25936
phase6_prompt_60a77a8a949070d6,reference,p6_abba_train,ABBA,phase6_reference_pair_90464d9a22d671b2,not_applicable,Joyce,Kathleen,"During the train ride, Joyce sat beside Kathleen. Before leaving, Kathleen returned the travel journal to",Joyce,Kathleen,25936,31275
phase6_prompt_696bb6df8957e684,reference,p6_abba_train,ABBA,phase6_reference_pair_52f0c62183988f8a,not_applicable,Joyce,Stephanie,"During the train ride, Joyce sat beside Stephanie. Before leaving, Stephanie returned the travel journal to",Joyce,Stephanie,25936,26085
phase6_prompt_701260496fc20fe9,reference,p6_abba_train,ABBA,phase6_reference_pair_0f4a57fb2bce7ddd,not_applicable,Diane,Dawn,"During the train ride, Diane sat beside Dawn. Before leaving, Dawn returned the travel journal to",Diane,Dawn,26542,12258
phase6_prompt_71059676f04a3b07,reference,p6_abba_train,ABBA,phase6_reference_pair_235001203e1def34,not_applicable,Ruby,Stephanie,"During the train ride, Ruby sat beside Stephanie. Before leaving, Stephanie returned the travel journal to",Ruby,Stephanie,10888,26085
phase6_prompt_72cd331abbcc32da,reference,p6_abba_train,ABBA,phase6_reference_pair_17b1e9a6528ada1d,not_applicable,Kenneth,Charles,"During the train ride, Kenneth sat beside Charles. Before leaving, Charles returned the travel journal to",Kenneth,Charles,23632,7516
phase6_prompt_753b440797fe2348,reference,p6_abba_train,ABBA,phase6_reference_pair_7edf97b8b6e20823,not_applicable,Julie,Nora,"During the train ride, Julie sat beside Nora. Before leaving, Nora returned the travel journal to",Julie,Nora,21946,32561
phase6_prompt_7604107cabcbccd2,reference,p6_abba_train,ABBA,phase6_reference_pair_42e710e7910660ea,not_applicable,Ruby,Nora,"During the train ride, Ruby sat beside Nora. Before leaving, Nora returned the travel journal to",Ruby,Nora,10888,32561
phase6_prompt_7b03de533ad14367,reference,p6_abba_train,ABBA,phase6_reference_pair_67b4e97047a0014c,not_applicable,Catherine,Charles,"During the train ride, Catherine sat beside Charles. Before leaving, Charles returned the travel journal to",Catherine,Charles,22578,7516
phase6_prompt_7d8b37bbe6dbd47a,reference,p6_abba_train,ABBA,phase6_reference_pair_33876ce317a9c1eb,not_applicable,Charles,Diane,"During the train ride, Charles sat beside Diane. Before leaving, Diane returned the travel journal to",Charles,Diane,7516,26542
phase6_prompt_80e62ae7040ebde6,reference,p6_abba_train,ABBA,phase6_reference_pair_1d6adcebf3339e51,not_applicable,Diane,Kenneth,"During the train ride, Diane sat beside Kenneth. Before leaving, Kenneth returned the travel journal to",Diane,Kenneth,26542,23632
phase6_prompt_847999ab65be83ad,reference,p6_abba_train,ABBA,phase6_reference_pair_8456f1a2df568575,not_applicable,Dawn,Rebecca,"During the train ride, Dawn sat beside Rebecca. Before leaving, Rebecca returned the travel journal to",Dawn,Rebecca,12258,23489
phase6_prompt_848c46e2b1477a80,reference,p6_abba_train,ABBA,phase6_reference_pair_eab90eca456cb7c8,not_applicable,Nora,Ruby,"During the train ride, Nora sat beside Ruby. Before leaving, Ruby returned the travel journal to",Nora,Ruby,32561,10888
phase6_prompt_854dcd2f075b191f,reference,p6_abba_train,ABBA,phase6_reference_pair_e8e7a56fa2f8011b,not_applicable,Julie,Kathleen,"During the train ride, Julie sat beside Kathleen. Before leaving, Kathleen returned the travel journal to",Julie,Kathleen,21946,31275
phase6_prompt_871dca50a0152dba,reference,p6_abba_train,ABBA,phase6_reference_pair_04a1b729867266d4,not_applicable,Nora,Donald,"During the train ride, Nora sat beside Donald. Before leaving, Donald returned the travel journal to",Nora,Donald,32561,3759
phase6_prompt_89a4b55898a46ad6,reference,p6_abba_train,ABBA,phase6_reference_pair_61879897a94e582d,not_applicable,Catherine,Dawn,"During the train ride, Catherine sat beside Dawn. Before leaving, Dawn returned the travel journal to",Catherine,Dawn,22578,12258
phase6_prompt_8c718e31910b9cf8,reference,p6_abba_train,ABBA,phase6_reference_pair_3f567cf1e04a55b7,not_applicable,Catherine,Ruby,"During the train ride, Catherine sat beside Ruby. Before leaving, Ruby returned the travel journal to",Catherine,Ruby,22578,10888
phase6_prompt_94e634debf2be450,reference,p6_abba_train,ABBA,phase6_reference_pair_5c8eb4aaf8592281,not_applicable,Rebecca,Donald,"During the train ride, Rebecca sat beside Donald. Before leaving, Donald returned the travel journal to",Rebecca,Donald,23489,3759
phase6_prompt_96d0db6ff8e84b97,reference,p6_abba_train,ABBA,phase6_reference_pair_9101701757d22b0d,not_applicable,Diane,Emma,"During the train ride, Diane sat beside Emma. Before leaving, Emma returned the travel journal to",Diane,Emma,26542,18966
phase6_prompt_97bfae9db0da0128,reference,p6_abba_train,ABBA,phase6_reference_pair_60d69f5ccf9983dc,not_applicable,Kathleen,Nora,"During the train ride, Kathleen sat beside Nora. Before leaving, Nora returned the travel journal to",Kathleen,Nora,31275,32561
phase6_prompt_98dbbc1429f1c527,reference,p6_abba_train,ABBA,phase6_reference_pair_39429e3d3d1dd958,not_applicable,Sylvia,Joyce,"During the train ride, Sylvia sat beside Joyce. Before leaving, Joyce returned the travel journal to",Sylvia,Joyce,45425,25936
phase6_prompt_a1b4ff221e2a70b4,reference,p6_abba_train,ABBA,phase6_reference_pair_113f7b11720180a4,not_applicable,Ruby,Sylvia,"During the train ride, Ruby sat beside Sylvia. Before leaving, Sylvia returned the travel journal to",Ruby,Sylvia,10888,45425
phase6_prompt_aa05670e53794774,reference,p6_abba_train,ABBA,phase6_reference_pair_1f30322d8f443fa3,not_applicable,Kathleen,Charles,"During the train ride, Kathleen sat beside Charles. Before leaving, Charles returned the travel journal to",Kathleen,Charles,31275,7516
phase6_prompt_ae9f662339488414,reference,p6_abba_train,ABBA,phase6_reference_pair_904204942b89c1a4,not_applicable,Kenneth,Joyce,"During the train ride, Kenneth sat beside Joyce. Before leaving, Joyce returned the travel journal to",Kenneth,Joyce,23632,25936
phase6_prompt_b368e52dccbd812a,reference,p6_abba_train,ABBA,phase6_reference_pair_35f01ec6aa40a74c,not_applicable,Joyce,Diane,"During the train ride, Joyce sat beside Diane. Before leaving, Diane returned the travel journal to",Joyce,Diane,25936,26542
phase6_prompt_b488c48e5a2a025b,reference,p6_abba_train,ABBA,phase6_reference_pair_3fae44758c03c3e9,not_applicable,Nora,Dawn,"During the train ride, Nora sat beside Dawn. Before leaving, Dawn returned the travel journal to",Nora,Dawn,32561,12258
phase6_prompt_b726b7b25fc98a16,reference,p6_abba_train,ABBA,phase6_reference_pair_d4f0a0b892d49d6b,not_applicable,Charles,Stephanie,"During the train ride, Charles sat beside Stephanie. Before leaving, Stephanie returned the travel journal to",Charles,Stephanie,7516,26085
phase6_prompt_bb463d66ad3b6ec7,reference,p6_abba_train,ABBA,phase6_reference_pair_f6a219ae351c8269,not_applicable,Shirley,Catherine,"During the train ride, Shirley sat beside Catherine. Before leaving, Catherine returned the travel journal to",Shirley,Catherine,40902,22578
phase6_prompt_bc33b24b18fdae17,reference,p6_abba_train,ABBA,phase6_reference_pair_ca2168c536c69b28,not_applicable,Julie,Stephanie,"During the train ride, Julie sat beside Stephanie. Before leaving, Stephanie returned the travel journal to",Julie,Stephanie,21946,26085
phase6_prompt_bd3b9475e985897a,reference,p6_abba_train,ABBA,phase6_reference_pair_42014cca977b791a,not_applicable,Charles,Catherine,"During the train ride, Charles sat beside Catherine. Before leaving, Catherine returned the travel journal to",Charles,Catherine,7516,22578
phase6_prompt_be6bd270fb7afe90,reference,p6_abba_train,ABBA,phase6_reference_pair_7a2a8d03e1f1f147,not_applicable,Dawn,Shirley,"During the train ride, Dawn sat beside Shirley. Before leaving, Shirley returned the travel journal to",Dawn,Shirley,12258,40902
phase6_prompt_c27736214ecf59ae,reference,p6_abba_train,ABBA,phase6_reference_pair_e375c771ecbdbfc1,not_applicable,Dawn,Emma,"During the train ride, Dawn sat beside Emma. Before leaving, Emma returned the travel journal to",Dawn,Emma,12258,18966
phase6_prompt_c320fa9a7a18074c,reference,p6_abba_train,ABBA,phase6_reference_pair_972d881e517b896c,not_applicable,Sylvia,Emma,"During the train ride, Sylvia sat beside Emma. Before leaving, Emma returned the travel journal to",Sylvia,Emma,45425,18966
phase6_prompt_c72e009ddc3900f3,reference,p6_abba_train,ABBA,phase6_reference_pair_9b38a376295f0b00,not_applicable,Joyce,Dawn,"During the train ride, Joyce sat beside Dawn. Before leaving, Dawn returned the travel journal to",Joyce,Dawn,25936,12258
phase6_prompt_c8f20f42d2f94883,reference,p6_abba_train,ABBA,phase6_reference_pair_777c9f2082a359cf,not_applicable,Catherine,Sylvia,"During the train ride, Catherine sat beside Sylvia. Before leaving, Sylvia returned the travel journal to",Catherine,Sylvia,22578,45425
phase6_prompt_c933538586a5f72e,reference,p6_abba_train,ABBA,phase6_reference_pair_f56d8f48137c350a,not_applicable,Donald,Ruby,"During the train ride, Donald sat beside Ruby. Before leaving, Ruby returned the travel journal to",Donald,Ruby,3759,10888
phase6_prompt_e031f09879aafbbb,reference,p6_abba_train,ABBA,phase6_reference_pair_4156b4ece2ba2e6e,not_applicable,Emma,Kenneth,"During the train ride, Emma sat beside Kenneth. Before leaving, Kenneth returned the travel journal to",Emma,Kenneth,18966,23632
phase6_prompt_e2fb4dadea84cd98,reference,p6_abba_train,ABBA,phase6_reference_pair_31988da60c0d013c,not_applicable,Catherine,Emma,"During the train ride, Catherine sat beside Emma. Before leaving, Emma returned the travel journal to",Catherine,Emma,22578,18966
phase6_prompt_e4df27c296b43525,reference,p6_abba_train,ABBA,phase6_reference_pair_5ae105771c1793ef,not_applicable,Charles,Emma,"During the train ride, Charles sat beside Emma. Before leaving, Emma returned the travel journal to",Charles,Emma,7516,18966
phase6_prompt_f1ce85af8aa5c483,reference,p6_abba_train,ABBA,phase6_reference_pair_c108d76a3032cfa3,not_applicable,Joyce,Kenneth,"During the train ride, Joyce sat beside Kenneth. Before leaving, Kenneth returned the travel journal to",Joyce,Kenneth,25936,23632
phase6_prompt_077fa1bc420e5fcf,reference,p6_baba_kitchen,BABA,phase6_reference_pair_6a65ebcf0387aeeb,not_applicable,Charles,Kathleen,"In the kitchen, Kathleen worked with Charles. After dinner, Kathleen passed the recipe card to",Charles,Kathleen,7516,31275
phase6_prompt_09f06ec098d07b4b,reference,p6_baba_kitchen,BABA,phase6_reference_pair_2e3ee7da59718745,not_applicable,Dawn,Stephanie,"In the kitchen, Stephanie worked with Dawn. After dinner, Stephanie passed the recipe card to",Dawn,Stephanie,12258,26085
phase6_prompt_0c64e09aeaf7528d,reference,p6_baba_kitchen,BABA,phase6_reference_pair_7a05591b3de122f9,not_applicable,Kathleen,Sylvia,"In the kitchen, Sylvia worked with Kathleen. After dinner, Sylvia passed the recipe card to",Kathleen,Sylvia,31275,45425
phase6_prompt_11c9175f83e50d9c,reference,p6_baba_kitchen,BABA,phase6_reference_pair_4a8c03c8bebed9ce,not_applicable,Diane,Catherine,"In the kitchen, Catherine worked with Diane. After dinner, Catherine passed the recipe card to",Diane,Catherine,26542,22578
phase6_prompt_12785b77d1251d89,reference,p6_baba_kitchen,BABA,phase6_reference_pair_5a04b8d0d29e90ad,not_applicable,Ruby,Emma,"In the kitchen, Emma worked with Ruby. After dinner, Emma passed the recipe card to",Ruby,Emma,10888,18966
phase6_prompt_1467ae29ed42ed24,reference,p6_baba_kitchen,BABA,phase6_reference_pair_24d3615f4f491a57,not_applicable,Stephanie,Rebecca,"In the kitchen, Rebecca worked with Stephanie. After dinner, Rebecca passed the recipe card to",Stephanie,Rebecca,26085,23489
phase6_prompt_1bcc0164330aae29,reference,p6_baba_kitchen,BABA,phase6_reference_pair_5c24b0b3551bcbb3,not_applicable,Sylvia,Rebecca,"In the kitchen, Rebecca worked with Sylvia. After dinner, Rebecca passed the recipe card to",Sylvia,Rebecca,45425,23489
phase6_prompt_21636c84881c83a1,reference,p6_baba_kitchen,BABA,phase6_reference_pair_52f0c62183988f8a,not_applicable,Joyce,Stephanie,"In the kitchen, Stephanie worked with Joyce. After dinner, Stephanie passed the recipe card to",Joyce,Stephanie,25936,26085
phase6_prompt_26438326c3b69c2c,reference,p6_baba_kitchen,BABA,phase6_reference_pair_8093253b62f65c2a,not_applicable,Charles,Rebecca,"In the kitchen, Rebecca worked with Charles. After dinner, Rebecca passed the recipe card to",Charles,Rebecca,7516,23489
phase6_prompt_2838ec7043dd9d45,reference,p6_baba_kitchen,BABA,phase6_reference_pair_43a790f5292107a0,not_applicable,Nora,Joyce,"In the kitchen, Joyce worked with Nora. After dinner, Joyce passed the recipe card to",Nora,Joyce,32561,25936
phase6_prompt_292a3dd3d20e1a3c,reference,p6_baba_kitchen,BABA,phase6_reference_pair_bf5e680a6aaef55f,not_applicable,Stephanie,Kenneth,"In the kitchen, Kenneth worked with Stephanie. After dinner, Kenneth passed the recipe card to",Stephanie,Kenneth,26085,23632
phase6_prompt_29cc8f60bcda58b5,reference,p6_baba_kitchen,BABA,phase6_reference_pair_ce0167d6e909d258,not_applicable,Rebecca,Diane,"In the kitchen, Diane worked with Rebecca. After dinner, Diane passed the recipe card to",Rebecca,Diane,23489,26542
phase6_prompt_2cff1112db02ccf9,reference,p6_baba_kitchen,BABA,phase6_reference_pair_395f54c71d57a95b,not_applicable,Donald,Charles,"In the kitchen, Charles worked with Donald. After dinner, Charles passed the recipe card to",Donald,Charles,3759,7516
phase6_prompt_30035302c985cf4b,reference,p6_baba_kitchen,BABA,phase6_reference_pair_544f5d851a96d6f3,not_applicable,Julie,Kenneth,"In the kitchen, Kenneth worked with Julie. After dinner, Kenneth passed the recipe card to",Julie,Kenneth,21946,23632
phase6_prompt_31aff93de118f838,reference,p6_baba_kitchen,BABA,phase6_reference_pair_fa01a74ff94ca314,not_applicable,Julie,Emma,"In the kitchen, Emma worked with Julie. After dinner, Emma passed the recipe card to",Julie,Emma,21946,18966
phase6_prompt_46f3ba67dd4ec0a2,reference,p6_baba_kitchen,BABA,phase6_reference_pair_d8417f4b570d5b13,not_applicable,Rebecca,Kenneth,"In the kitchen, Kenneth worked with Rebecca. After dinner, Kenneth passed the recipe card to",Rebecca,Kenneth,23489,23632
phase6_prompt_4e6fb23c5a593214,reference,p6_baba_kitchen,BABA,phase6_reference_pair_6456112304daeae3,not_applicable,Stephanie,Joyce,"In the kitchen, Joyce worked with Stephanie. After dinner, Joyce passed the recipe card to",Stephanie,Joyce,26085,25936
phase6_prompt_4f3936c38aa3749a,reference,p6_baba_kitchen,BABA,phase6_reference_pair_67b4e97047a0014c,not_applicable,Catherine,Charles,"In the kitchen, Charles worked with Catherine. After dinner, Charles passed the recipe card to",Catherine,Charles,22578,7516
phase6_prompt_5520123178bd8c02,reference,p6_baba_kitchen,BABA,phase6_reference_pair_25932f941a0c5eee,not_applicable,Dawn,Kathleen,"In the kitchen, Kathleen worked with Dawn. After dinner, Kathleen passed the recipe card to",Dawn,Kathleen,12258,31275
phase6_prompt_55ba2c677d88a3d0,reference,p6_baba_kitchen,BABA,phase6_reference_pair_40953a89475229a2,not_applicable,Donald,Diane,"In the kitchen, Diane worked with Donald. After dinner, Diane passed the recipe card to",Donald,Diane,3759,26542
phase6_prompt_5a033d894622e2ef,reference,p6_baba_kitchen,BABA,phase6_reference_pair_8ceb8527c558b038,not_applicable,Kenneth,Ruby,"In the kitchen, Ruby worked with Kenneth. After dinner, Ruby passed the recipe card to",Kenneth,Ruby,23632,10888
phase6_prompt_610fe928ea87045a,reference,p6_baba_kitchen,BABA,phase6_reference_pair_7e47069429704841,not_applicable,Ruby,Dawn,"In the kitchen, Dawn worked with Ruby. After dinner, Dawn passed the recipe card to",Ruby,Dawn,10888,12258
phase6_prompt_64711d39058e7adb,reference,p6_baba_kitchen,BABA,phase6_reference_pair_60d69f5ccf9983dc,not_applicable,Kathleen,Nora,"In the kitchen, Nora worked with Kathleen. After dinner, Nora passed the recipe card to",Kathleen,Nora,31275,32561
phase6_prompt_66a334db2c0e269e,reference,p6_baba_kitchen,BABA,phase6_reference_pair_eab90eca456cb7c8,not_applicable,Nora,Ruby,"In the kitchen, Ruby worked with Nora. After dinner, Ruby passed the recipe card to",Nora,Ruby,32561,10888
phase6_prompt_6dae0f934d294712,reference,p6_baba_kitchen,BABA,phase6_reference_pair_0c38b1c89c281ce4,not_applicable,Sylvia,Kathleen,"In the kitchen, Kathleen worked with Sylvia. After dinner, Kathleen passed the recipe card to",Sylvia,Kathleen,45425,31275
phase6_prompt_6fde502bab906c9a,reference,p6_baba_kitchen,BABA,phase6_reference_pair_c10be8c337c0690a,not_applicable,Kenneth,Catherine,"In the kitchen, Catherine worked with Kenneth. After dinner, Catherine passed the recipe card to",Kenneth,Catherine,23632,22578
phase6_prompt_7299b46eb3e6307b,reference,p6_baba_kitchen,BABA,phase6_reference_pair_140f099b0b172155,not_applicable,Catherine,Julie,"In the kitchen, Julie worked with Catherine. After dinner, Julie passed the recipe card to",Catherine,Julie,22578,21946
phase6_prompt_74252e0abb189f1c,reference,p6_baba_kitchen,BABA,phase6_reference_pair_f8a092507433bb6f,not_applicable,Kenneth,Emma,"In the kitchen, Emma worked with Kenneth. After dinner, Emma passed the recipe card to",Kenneth,Emma,23632,18966
phase6_prompt_75b9d3e75e09b8b8,reference,p6_baba_kitchen,BABA,phase6_reference_pair_aefe52387cd42635,not_applicable,Dawn,Nora,"In the kitchen, Nora worked with Dawn. After dinner, Nora passed the recipe card to",Dawn,Nora,12258,32561
phase6_prompt_79734ccf062fa0fc,reference,p6_baba_kitchen,BABA,phase6_reference_pair_d4f0a0b892d49d6b,not_applicable,Charles,Stephanie,"In the kitchen, Stephanie worked with Charles. After dinner, Stephanie passed the recipe card to",Charles,Stephanie,7516,26085
phase6_prompt_7a561705f1954ade,reference,p6_baba_kitchen,BABA,phase6_reference_pair_033b5e1c62cfa583,not_applicable,Nora,Stephanie,"In the kitchen, Stephanie worked with Nora. After dinner, Stephanie passed the recipe card to",Nora,Stephanie,32561,26085
phase6_prompt_7f7eb10ff084a480,reference,p6_baba_kitchen,BABA,phase6_reference_pair_c481cd77e96d35d7,not_applicable,Stephanie,Catherine,"In the kitchen, Catherine worked with Stephanie. After dinner, Catherine passed the recipe card to",Stephanie,Catherine,26085,22578
phase6_prompt_9f7477f4c8821f85,reference,p6_baba_kitchen,BABA,phase6_reference_pair_21b408bebea44609,not_applicable,Diane,Sylvia,"In the kitchen, Sylvia worked with Diane. After dinner, Sylvia passed the recipe card to",Diane,Sylvia,26542,45425
phase6_prompt_a0a0f4fed520a6f9,reference,p6_baba_kitchen,BABA,phase6_reference_pair_33876ce317a9c1eb,not_applicable,Charles,Diane,"In the kitchen, Diane worked with Charles. After dinner, Diane passed the recipe card to",Charles,Diane,7516,26542
phase6_prompt_a0fe6d18ebe73b02,reference,p6_baba_kitchen,BABA,phase6_reference_pair_904204942b89c1a4,not_applicable,Kenneth,Joyce,"In the kitchen, Joyce worked with Kenneth. After dinner, Joyce passed the recipe card to",Kenneth,Joyce,23632,25936
phase6_prompt_a3dc309b38f95d1f,reference,p6_baba_kitchen,BABA,phase6_reference_pair_e4a1d47c595ee8ac,not_applicable,Julie,Catherine,"In the kitchen, Catherine worked with Julie. After dinner, Catherine passed the recipe card to",Julie,Catherine,21946,22578
phase6_prompt_a8b3280bd2351ace,reference,p6_baba_kitchen,BABA,phase6_reference_pair_fbb9becb1d064d02,not_applicable,Kenneth,Rebecca,"In the kitchen, Rebecca worked with Kenneth. After dinner, Rebecca passed the recipe card to",Kenneth,Rebecca,23632,23489
phase6_prompt_a956e45eb2a1ee03,reference,p6_baba_kitchen,BABA,phase6_reference_pair_bc1b1061085fd319,not_applicable,Sylvia,Catherine,"In the kitchen, Catherine worked with Sylvia. After dinner, Catherine passed the recipe card to",Sylvia,Catherine,45425,22578
phase6_prompt_a97a9c84662e624c,reference,p6_baba_kitchen,BABA,phase6_reference_pair_32bc48345439b6db,not_applicable,Rebecca,Dawn,"In the kitchen, Dawn worked with Rebecca. After dinner, Dawn passed the recipe card to",Rebecca,Dawn,23489,12258
phase6_prompt_aebb183df1832f22,reference,p6_baba_kitchen,BABA,phase6_reference_pair_0a05ca80ba70dc5a,not_applicable,Emma,Ruby,"In the kitchen, Ruby worked with Emma. After dinner, Ruby passed the recipe card to",Emma,Ruby,18966,10888
phase6_prompt_b0b0639c77051aa1,reference,p6_baba_kitchen,BABA,phase6_reference_pair_43342b87afaed967,not_applicable,Joyce,Donald,"In the kitchen, Donald worked with Joyce. After dinner, Donald passed the recipe card to",Joyce,Donald,25936,3759
phase6_prompt_b411a2b9a6689fda,reference,p6_baba_kitchen,BABA,phase6_reference_pair_ca2168c536c69b28,not_applicable,Julie,Stephanie,"In the kitchen, Stephanie worked with Julie. After dinner, Stephanie passed the recipe card to",Julie,Stephanie,21946,26085
phase6_prompt_c174c72e0c3e8be4,reference,p6_baba_kitchen,BABA,phase6_reference_pair_6e7d22a25b68b23b,not_applicable,Kathleen,Ruby,"In the kitchen, Ruby worked with Kathleen. After dinner, Ruby passed the recipe card to",Kathleen,Ruby,31275,10888
phase6_prompt_c501771e92cfd477,reference,p6_baba_kitchen,BABA,phase6_reference_pair_ea4240ad52a4d67e,not_applicable,Shirley,Joyce,"In the kitchen, Joyce worked with Shirley. After dinner, Joyce passed the recipe card to",Shirley,Joyce,40902,25936
phase6_prompt_c7b503246a59f906,reference,p6_baba_kitchen,BABA,phase6_reference_pair_f0db50368724fd64,not_applicable,Dawn,Charles,"In the kitchen, Charles worked with Dawn. After dinner, Charles passed the recipe card to",Dawn,Charles,12258,7516
phase6_prompt_c7cac8abdd214545,reference,p6_baba_kitchen,BABA,phase6_reference_pair_07b0c10d88b978bd,not_applicable,Ruby,Donald,"In the kitchen, Donald worked with Ruby. After dinner, Donald passed the recipe card to",Ruby,Donald,10888,3759
phase6_prompt_c8536e197d78444e,reference,p6_baba_kitchen,BABA,phase6_reference_pair_6fc048b2caa81005,not_applicable,Diane,Charles,"In the kitchen, Charles worked with Diane. After dinner, Charles passed the recipe card to",Diane,Charles,26542,7516
phase6_prompt_ccbad99622bd8811,reference,p6_baba_kitchen,BABA,phase6_reference_pair_9efc691728f89001,not_applicable,Shirley,Diane,"In the kitchen, Diane worked with Shirley. After dinner, Diane passed the recipe card to",Shirley,Diane,40902,26542
phase6_prompt_d22944a2e75b4ab1,reference,p6_baba_kitchen,BABA,phase6_reference_pair_dda7c0609e3ae22a,not_applicable,Rebecca,Joyce,"In the kitchen, Joyce worked with Rebecca. After dinner, Joyce passed the recipe card to",Rebecca,Joyce,23489,25936
phase6_prompt_d780a384d8edece4,reference,p6_baba_kitchen,BABA,phase6_reference_pair_f6a219ae351c8269,not_applicable,Shirley,Catherine,"In the kitchen, Catherine worked with Shirley. After dinner, Catherine passed the recipe card to",Shirley,Catherine,40902,22578
phase6_prompt_d7cf95ceaec70584,reference,p6_baba_kitchen,BABA,phase6_reference_pair_1cae5718f217f06b,not_applicable,Julie,Rebecca,"In the kitchen, Rebecca worked with Julie. After dinner, Rebecca passed the recipe card to",Julie,Rebecca,21946,23489
phase6_prompt_da618c358566229a,reference,p6_baba_kitchen,BABA,phase6_reference_pair_17b1e9a6528ada1d,not_applicable,Kenneth,Charles,"In the kitchen, Charles worked with Kenneth. After dinner, Charles passed the recipe card to",Kenneth,Charles,23632,7516
phase6_prompt_dae403606e9bfe1d,reference,p6_baba_kitchen,BABA,phase6_reference_pair_83c6005665d3ac52,not_applicable,Sylvia,Diane,"In the kitchen, Diane worked with Sylvia. After dinner, Diane passed the recipe card to",Sylvia,Diane,45425,26542
phase6_prompt_db641388ca18dd5e,reference,p6_baba_kitchen,BABA,phase6_reference_pair_d23bcbf7f0e09081,not_applicable,Kenneth,Dawn,"In the kitchen, Dawn worked with Kenneth. After dinner, Dawn passed the recipe card to",Kenneth,Dawn,23632,12258
phase6_prompt_de4c3b36c9dd7b9c,reference,p6_baba_kitchen,BABA,phase6_reference_pair_69e266209b866d2e,not_applicable,Charles,Joyce,"In the kitchen, Joyce worked with Charles. After dinner, Joyce passed the recipe card to",Charles,Joyce,7516,25936
phase6_prompt_df60e8cfe20802aa,reference,p6_baba_kitchen,BABA,phase6_reference_pair_78f019741955f881,not_applicable,Kenneth,Stephanie,"In the kitchen, Stephanie worked with Kenneth. After dinner, Stephanie passed the recipe card to",Kenneth,Stephanie,23632,26085
phase6_prompt_e4473759278f9cb6,reference,p6_baba_kitchen,BABA,phase6_reference_pair_70babdf6d0e91d0f,not_applicable,Stephanie,Nora,"In the kitchen, Nora worked with Stephanie. After dinner, Nora passed the recipe card to",Stephanie,Nora,26085,32561
phase6_prompt_e898423300a9c34d,reference,p6_baba_kitchen,BABA,phase6_reference_pair_0f4a57fb2bce7ddd,not_applicable,Diane,Dawn,"In the kitchen, Dawn worked with Diane. After dinner, Dawn passed the recipe card to",Diane,Dawn,26542,12258
phase6_prompt_ea1d8dc912e7901a,reference,p6_baba_kitchen,BABA,phase6_reference_pair_b3c4a6964735b0fa,not_applicable,Catherine,Stephanie,"In the kitchen, Stephanie worked with Catherine. After dinner, Stephanie passed the recipe card to",Catherine,Stephanie,22578,26085
phase6_prompt_f287c73ec3a42ea7,reference,p6_baba_kitchen,BABA,phase6_reference_pair_f290ace24f95ce6d,not_applicable,Stephanie,Ruby,"In the kitchen, Ruby worked with Stephanie. After dinner, Ruby passed the recipe card to",Stephanie,Ruby,26085,10888
phase6_prompt_f64fd7cdfd8d9bb8,reference,p6_baba_kitchen,BABA,phase6_reference_pair_777c9f2082a359cf,not_applicable,Catherine,Sylvia,"In the kitchen, Sylvia worked with Catherine. After dinner, Sylvia passed the recipe card to",Catherine,Sylvia,22578,45425
phase6_prompt_fb24e93f22620178,reference,p6_baba_kitchen,BABA,phase6_reference_pair_31988da60c0d013c,not_applicable,Catherine,Emma,"In the kitchen, Emma worked with Catherine. After dinner, Emma passed the recipe card to",Catherine,Emma,22578,18966
phase6_prompt_fc2bea5db68c5c85,reference,p6_baba_kitchen,BABA,phase6_reference_pair_c132a379b83adcf8,not_applicable,Shirley,Nora,"In the kitchen, Nora worked with Shirley. After dinner, Nora passed the recipe card to",Shirley,Nora,40902,32561
phase6_prompt_fc92dc5c21cfa68c,reference,p6_baba_kitchen,BABA,phase6_reference_pair_fb1d686d09429fb4,not_applicable,Sylvia,Charles,"In the kitchen, Charles worked with Sylvia. After dinner, Charles passed the recipe card to",Sylvia,Charles,45425,7516
phase6_prompt_03ea130915ab4d9e,reference,p6_baba_library,BABA,phase6_reference_pair_11adfabbdce3748e,not_applicable,Diane,Shirley,"At the library, Shirley met Diane. When the doors closed, Shirley handed the borrowed novel to",Diane,Shirley,26542,40902
phase6_prompt_07629cd91cdb5fe5,reference,p6_baba_library,BABA,phase6_reference_pair_477fd51b57bd096f,not_applicable,Donald,Shirley,"At the library, Shirley met Donald. When the doors closed, Shirley handed the borrowed novel to",Donald,Shirley,3759,40902
phase6_prompt_07678259cbd4fd18,reference,p6_baba_library,BABA,phase6_reference_pair_8845ac4ced4fa6a3,not_applicable,Shirley,Sylvia,"At the library, Sylvia met Shirley. When the doors closed, Sylvia handed the borrowed novel to",Shirley,Sylvia,40902,45425
phase6_prompt_0796522d9573e6a7,reference,p6_baba_library,BABA,phase6_reference_pair_0c38b1c89c281ce4,not_applicable,Sylvia,Kathleen,"At the library, Kathleen met Sylvia. When the doors closed, Kathleen handed the borrowed novel to",Sylvia,Kathleen,45425,31275
phase6_prompt_0ac94a42c024b80e,reference,p6_baba_library,BABA,phase6_reference_pair_82326e683b23d474,not_applicable,Donald,Kenneth,"At the library, Kenneth met Donald. When the doors closed, Kenneth handed the borrowed novel to",Donald,Kenneth,3759,23632
phase6_prompt_0ed9e1dda3c555a8,reference,p6_baba_library,BABA,phase6_reference_pair_0626574bb49e21b8,not_applicable,Rebecca,Stephanie,"At the library, Stephanie met Rebecca. When the doors closed, Stephanie handed the borrowed novel to",Rebecca,Stephanie,23489,26085
phase6_prompt_13fba1f785ab92a4,reference,p6_baba_library,BABA,phase6_reference_pair_42e710e7910660ea,not_applicable,Ruby,Nora,"At the library, Nora met Ruby. When the doors closed, Nora handed the borrowed novel to",Ruby,Nora,10888,32561
phase6_prompt_153021ccf63346b0,reference,p6_baba_library,BABA,phase6_reference_pair_9efc691728f89001,not_applicable,Shirley,Diane,"At the library, Diane met Shirley. When the doors closed, Diane handed the borrowed novel to",Shirley,Diane,40902,26542
phase6_prompt_157c2d02c4e68ad7,reference,p6_baba_library,BABA,phase6_reference_pair_52f0c62183988f8a,not_applicable,Joyce,Stephanie,"At the library, Stephanie met Joyce. When the doors closed, Stephanie handed the borrowed novel to",Joyce,Stephanie,25936,26085
phase6_prompt_1c6f0863ae70f288,reference,p6_baba_library,BABA,phase6_reference_pair_a90d12cb611006e6,not_applicable,Kathleen,Julie,"At the library, Julie met Kathleen. When the doors closed, Julie handed the borrowed novel to",Kathleen,Julie,31275,21946
phase6_prompt_2b507f4324c77844,reference,p6_baba_library,BABA,phase6_reference_pair_3f567cf1e04a55b7,not_applicable,Catherine,Ruby,"At the library, Ruby met Catherine. When the doors closed, Ruby handed the borrowed novel to",Catherine,Ruby,22578,10888
phase6_prompt_2f20e5a654e8ddb6,reference,p6_baba_library,BABA,phase6_reference_pair_e1e1989c660ba37e,not_applicable,Nora,Emma,"At the library, Emma met Nora. When the doors closed, Emma handed the borrowed novel to",Nora,Emma,32561,18966
phase6_prompt_2fd9d5baa5ee9e10,reference,p6_baba_library,BABA,phase6_reference_pair_2f40bbef0037f083,not_applicable,Rebecca,Emma,"At the library, Emma met Rebecca. When the doors closed, Emma handed the borrowed novel to",Rebecca,Emma,23489,18966
phase6_prompt_332129ef814c8fd7,reference,p6_baba_library,BABA,phase6_reference_pair_cee430783fe9db42,not_applicable,Emma,Rebecca,"At the library, Rebecca met Emma. When the doors closed, Rebecca handed the borrowed novel to",Emma,Rebecca,18966,23489
phase6_prompt_35299f92039c3457,reference,p6_baba_library,BABA,phase6_reference_pair_395f54c71d57a95b,not_applicable,Donald,Charles,"At the library, Charles met Donald. When the doors closed, Charles handed the borrowed novel to",Donald,Charles,3759,7516
phase6_prompt_37644847a3ae3bd2,reference,p6_baba_library,BABA,phase6_reference_pair_e12b9c609b76f71c,not_applicable,Ruby,Shirley,"At the library, Shirley met Ruby. When the doors closed, Shirley handed the borrowed novel to",Ruby,Shirley,10888,40902
phase6_prompt_3854247ce54c30df,reference,p6_baba_library,BABA,phase6_reference_pair_240d2f79925ed062,not_applicable,Julie,Dawn,"At the library, Dawn met Julie. When the doors closed, Dawn handed the borrowed novel to",Julie,Dawn,21946,12258
phase6_prompt_3946b047aa6c8e30,reference,p6_baba_library,BABA,phase6_reference_pair_c908c81ae84043ef,not_applicable,Kathleen,Donald,"At the library, Donald met Kathleen. When the doors closed, Donald handed the borrowed novel to",Kathleen,Donald,31275,3759
phase6_prompt_4057bf010b02a422,reference,p6_baba_library,BABA,phase6_reference_pair_5a87c74791a34cd3,not_applicable,Catherine,Joyce,"At the library, Joyce met Catherine. When the doors closed, Joyce handed the borrowed novel to",Catherine,Joyce,22578,25936
phase6_prompt_42660ef1dbc15436,reference,p6_baba_library,BABA,phase6_reference_pair_6d3bc091b8acb30c,not_applicable,Donald,Kathleen,"At the library, Kathleen met Donald. When the doors closed, Kathleen handed the borrowed novel to",Donald,Kathleen,3759,31275
phase6_prompt_456f16ba57f07aac,reference,p6_baba_library,BABA,phase6_reference_pair_a98e7db9f710902d,not_applicable,Shirley,Stephanie,"At the library, Stephanie met Shirley. When the doors closed, Stephanie handed the borrowed novel to",Shirley,Stephanie,40902,26085
phase6_prompt_46e663d445040d7e,reference,p6_baba_library,BABA,phase6_reference_pair_8d8c148aa567f7f6,not_applicable,Diane,Kathleen,"At the library, Kathleen met Diane. When the doors closed, Kathleen handed the borrowed novel to",Diane,Kathleen,26542,31275
phase6_prompt_482d9801c98657e6,reference,p6_baba_library,BABA,phase6_reference_pair_081686118faf0118,not_applicable,Kenneth,Shirley,"At the library, Shirley met Kenneth. When the doors closed, Shirley handed the borrowed novel to",Kenneth,Shirley,23632,40902
phase6_prompt_4ffc1a7210628fc7,reference,p6_baba_library,BABA,phase6_reference_pair_623679f323c374af,not_applicable,Catherine,Rebecca,"At the library, Rebecca met Catherine. When the doors closed, Rebecca handed the borrowed novel to",Catherine,Rebecca,22578,23489
phase6_prompt_500e7bc94a41cfd1,reference,p6_baba_library,BABA,phase6_reference_pair_70babdf6d0e91d0f,not_applicable,Stephanie,Nora,"At the library, Nora met Stephanie. When the doors closed, Nora handed the borrowed novel to",Stephanie,Nora,26085,32561
phase6_prompt_554cf0a5d7110098,reference,p6_baba_library,BABA,phase6_reference_pair_777c9f2082a359cf,not_applicable,Catherine,Sylvia,"At the library, Sylvia met Catherine. When the doors closed, Sylvia handed the borrowed novel to",Catherine,Sylvia,22578,45425
phase6_prompt_57c6213d6e048fb4,reference,p6_baba_library,BABA,phase6_reference_pair_b3c4a6964735b0fa,not_applicable,Catherine,Stephanie,"At the library, Stephanie met Catherine. When the doors closed, Stephanie handed the borrowed novel to",Catherine,Stephanie,22578,26085
phase6_prompt_5a7d899c1023fc0a,reference,p6_baba_library,BABA,phase6_reference_pair_f56d8f48137c350a,not_applicable,Donald,Ruby,"At the library, Ruby met Donald. When the doors closed, Ruby handed the borrowed novel to",Donald,Ruby,3759,10888
phase6_prompt_5ed0aefba9c2636f,reference,p6_baba_library,BABA,phase6_reference_pair_92e137d79fbc1304,not_applicable,Sylvia,Kenneth,"At the library, Kenneth met Sylvia. When the doors closed, Kenneth handed the borrowed novel to",Sylvia,Kenneth,45425,23632
phase6_prompt_5f1bb9e5dde19b62,reference,p6_baba_library,BABA,phase6_reference_pair_5a15420ae5a7541f,not_applicable,Sylvia,Donald,"At the library, Donald met Sylvia. When the doors closed, Donald handed the borrowed novel to",Sylvia,Donald,45425,3759
phase6_prompt_67a156a5163ab6de,reference,p6_baba_library,BABA,phase6_reference_pair_ea4240ad52a4d67e,not_applicable,Shirley,Joyce,"At the library, Joyce met Shirley. When the doors closed, Joyce handed the borrowed novel to",Shirley,Joyce,40902,25936
phase6_prompt_6ab77a1ce0dc18b3,reference,p6_baba_library,BABA,phase6_reference_pair_7a05591b3de122f9,not_applicable,Kathleen,Sylvia,"At the library, Sylvia met Kathleen. When the doors closed, Sylvia handed the borrowed novel to",Kathleen,Sylvia,31275,45425
phase6_prompt_6b81587472a1d123,reference,p6_baba_library,BABA,phase6_reference_pair_41ac475a58842921,not_applicable,Nora,Kenneth,"At the library, Kenneth met Nora. When the doors closed, Kenneth handed the borrowed novel to",Nora,Kenneth,32561,23632
phase6_prompt_7773acd0bad3df1f,reference,p6_baba_library,BABA,phase6_reference_pair_b3601d32357ac797,not_applicable,Shirley,Donald,"At the library, Donald met Shirley. When the doors closed, Donald handed the borrowed novel to",Shirley,Donald,40902,3759
phase6_prompt_7a2b7e3959d2661a,reference,p6_baba_library,BABA,phase6_reference_pair_904204942b89c1a4,not_applicable,Kenneth,Joyce,"At the library, Joyce met Kenneth. When the doors closed, Joyce handed the borrowed novel to",Kenneth,Joyce,23632,25936
phase6_prompt_82744383bcd172b4,reference,p6_baba_library,BABA,phase6_reference_pair_3fae44758c03c3e9,not_applicable,Nora,Dawn,"At the library, Dawn met Nora. When the doors closed, Dawn handed the borrowed novel to",Nora,Dawn,32561,12258
phase6_prompt_882867b74f319d74,reference,p6_baba_library,BABA,phase6_reference_pair_72bd28e9d76bd1d8,not_applicable,Stephanie,Emma,"At the library, Emma met Stephanie. When the doors closed, Emma handed the borrowed novel to",Stephanie,Emma,26085,18966
phase6_prompt_89f6253d6e0060b9,reference,p6_baba_library,BABA,phase6_reference_pair_eab90eca456cb7c8,not_applicable,Nora,Ruby,"At the library, Ruby met Nora. When the doors closed, Ruby handed the borrowed novel to",Nora,Ruby,32561,10888
phase6_prompt_9111ec09bbe6fa3c,reference,p6_baba_library,BABA,phase6_reference_pair_04025be8d071fe3d,not_applicable,Julie,Charles,"At the library, Charles met Julie. When the doors closed, Charles handed the borrowed novel to",Julie,Charles,21946,7516
phase6_prompt_9492906001a0a6db,reference,p6_baba_library,BABA,phase6_reference_pair_9101701757d22b0d,not_applicable,Diane,Emma,"At the library, Emma met Diane. When the doors closed, Emma handed the borrowed novel to",Diane,Emma,26542,18966
phase6_prompt_a30b6d997fce7d63,reference,p6_baba_library,BABA,phase6_reference_pair_61879897a94e582d,not_applicable,Catherine,Dawn,"At the library, Dawn met Catherine. When the doors closed, Dawn handed the borrowed novel to",Catherine,Dawn,22578,12258
phase6_prompt_a76c93a2a673237b,reference,p6_baba_library,BABA,phase6_reference_pair_28fac8a26bdc1c35,not_applicable,Stephanie,Kathleen,"At the library, Kathleen met Stephanie. When the doors closed, Kathleen handed the borrowed novel to",Stephanie,Kathleen,26085,31275
phase6_prompt_b3b913e29541f52f,reference,p6_baba_library,BABA,phase6_reference_pair_e70dace623807d4a,not_applicable,Shirley,Kathleen,"At the library, Kathleen met Shirley. When the doors closed, Kathleen handed the borrowed novel to",Shirley,Kathleen,40902,31275
phase6_prompt_b40c410a6303cd1a,reference,p6_baba_library,BABA,phase6_reference_pair_5c8eb4aaf8592281,not_applicable,Rebecca,Donald,"At the library, Donald met Rebecca. When the doors closed, Donald handed the borrowed novel to",Rebecca,Donald,23489,3759
phase6_prompt_b4900cd17b0e1b3d,reference,p6_baba_library,BABA,phase6_reference_pair_8050332d8dd0048a,not_applicable,Joyce,Nora,"At the library, Nora met Joyce. When the doors closed, Nora handed the borrowed novel to",Joyce,Nora,25936,32561
phase6_prompt_c4552c51cd29fbd0,reference,p6_baba_library,BABA,phase6_reference_pair_19c798e963bdee73,not_applicable,Stephanie,Charles,"At the library, Charles met Stephanie. When the doors closed, Charles handed the borrowed novel to",Stephanie,Charles,26085,7516
phase6_prompt_c6bb6bb88d7fcf83,reference,p6_baba_library,BABA,phase6_reference_pair_cff713b94e0e2e93,not_applicable,Julie,Donald,"At the library, Donald met Julie. When the doors closed, Donald handed the borrowed novel to",Julie,Donald,21946,3759
phase6_prompt_c969c4b4094daa2c,reference,p6_baba_library,BABA,phase6_reference_pair_c10be8c337c0690a,not_applicable,Kenneth,Catherine,"At the library, Catherine met Kenneth. When the doors closed, Catherine handed the borrowed novel to",Kenneth,Catherine,23632,22578
phase6_prompt_cc01320a4fb9ca73,reference,p6_baba_library,BABA,phase6_reference_pair_3d9004d0b4a5cbb4,not_applicable,Ruby,Kathleen,"At the library, Kathleen met Ruby. When the doors closed, Kathleen handed the borrowed novel to",Ruby,Kathleen,10888,31275
phase6_prompt_cf51d1e51b5d8a5d,reference,p6_baba_library,BABA,phase6_reference_pair_8572c485efdb93d0,not_applicable,Stephanie,Shirley,"At the library, Shirley met Stephanie. When the doors closed, Shirley handed the borrowed novel to",Stephanie,Shirley,26085,40902
phase6_prompt_d0193ccf95534104,reference,p6_baba_library,BABA,phase6_reference_pair_1b69a74d02329d93,not_applicable,Dawn,Diane,"At the library, Diane met Dawn. When the doors closed, Diane handed the borrowed novel to",Dawn,Diane,12258,26542
phase6_prompt_d06d74849bd7a775,reference,p6_baba_library,BABA,phase6_reference_pair_63c21f6121302d91,not_applicable,Donald,Julie,"At the library, Julie met Donald. When the doors closed, Julie handed the borrowed novel to",Donald,Julie,3759,21946
phase6_prompt_d28744b00ab4cbfa,reference,p6_baba_library,BABA,phase6_reference_pair_ce0167d6e909d258,not_applicable,Rebecca,Diane,"At the library, Diane met Rebecca. When the doors closed, Diane handed the borrowed novel to",Rebecca,Diane,23489,26542
phase6_prompt_d8b76f4781e26f9a,reference,p6_baba_library,BABA,phase6_reference_pair_358751c1544616f1,not_applicable,Shirley,Kenneth,"At the library, Kenneth met Shirley. When the doors closed, Kenneth handed the borrowed novel to",Shirley,Kenneth,40902,23632
phase6_prompt_dd372c93d9139861,reference,p6_baba_library,BABA,phase6_reference_pair_8cc666856a2ef150,not_applicable,Joyce,Emma,"At the library, Emma met Joyce. When the doors closed, Emma handed the borrowed novel to",Joyce,Emma,25936,18966
phase6_prompt_dd47e614f3f3032b,reference,p6_baba_library,BABA,phase6_reference_pair_4a8c03c8bebed9ce,not_applicable,Diane,Catherine,"At the library, Catherine met Diane. When the doors closed, Catherine handed the borrowed novel to",Diane,Catherine,26542,22578
phase6_prompt_de1540b989ad2233,reference,p6_baba_library,BABA,phase6_reference_pair_17b1e9a6528ada1d,not_applicable,Kenneth,Charles,"At the library, Charles met Kenneth. When the doors closed, Charles handed the borrowed novel to",Kenneth,Charles,23632,7516
phase6_prompt_df46e8fa1dfdce94,reference,p6_baba_library,BABA,phase6_reference_pair_7bcf29e1e0e7cbe6,not_applicable,Kathleen,Joyce,"At the library, Joyce met Kathleen. When the doors closed, Joyce handed the borrowed novel to",Kathleen,Joyce,31275,25936
phase6_prompt_e13430c20d156f9d,reference,p6_baba_library,BABA,phase6_reference_pair_205744a5009736e1,not_applicable,Kathleen,Dawn,"At the library, Dawn met Kathleen. When the doors closed, Dawn handed the borrowed novel to",Kathleen,Dawn,31275,12258
phase6_prompt_e1cbc45899d66cbd,reference,p6_baba_library,BABA,phase6_reference_pair_40e5c291bc2ac2b2,not_applicable,Kathleen,Rebecca,"At the library, Rebecca met Kathleen. When the doors closed, Rebecca handed the borrowed novel to",Kathleen,Rebecca,31275,23489
phase6_prompt_e6ea78c7dbe9ecca,reference,p6_baba_library,BABA,phase6_reference_pair_c072061ff19a76c1,not_applicable,Stephanie,Donald,"At the library, Donald met Stephanie. When the doors closed, Donald handed the borrowed novel to",Stephanie,Donald,26085,3759
phase6_prompt_ea7f69173792269f,reference,p6_baba_library,BABA,phase6_reference_pair_bdc19b5604b47457,not_applicable,Nora,Julie,"At the library, Julie met Nora. When the doors closed, Julie handed the borrowed novel to",Nora,Julie,32561,21946
phase6_prompt_f2f8d8e55934f469,reference,p6_baba_library,BABA,phase6_reference_pair_09745c0f2764a5ff,not_applicable,Sylvia,Julie,"At the library, Julie met Sylvia. When the doors closed, Julie handed the borrowed novel to",Sylvia,Julie,45425,21946
phase6_prompt_f5dc169c82447c3d,reference,p6_baba_library,BABA,phase6_reference_pair_8456f1a2df568575,not_applicable,Dawn,Rebecca,"At the library, Rebecca met Dawn. When the doors closed, Rebecca handed the borrowed novel to",Dawn,Rebecca,12258,23489
phase6_prompt_14ff6026c6d29f8f,reference,p6_baba_museum,BABA,phase6_reference_pair_1d31edd508f6cbf7,not_applicable,Donald,Stephanie,"At the museum, Stephanie spoke with Donald. Later, Stephanie offered the exhibit guide to",Donald,Stephanie,3759,26085
phase6_prompt_16478460c554f4a3,reference,p6_baba_museum,BABA,phase6_reference_pair_cee430783fe9db42,not_applicable,Emma,Rebecca,"At the museum, Rebecca spoke with Emma. Later, Rebecca offered the exhibit guide to",Emma,Rebecca,18966,23489
phase6_prompt_17f4eac514de5cea,reference,p6_baba_museum,BABA,phase6_reference_pair_d8417f4b570d5b13,not_applicable,Rebecca,Kenneth,"At the museum, Kenneth spoke with Rebecca. Later, Kenneth offered the exhibit guide to",Rebecca,Kenneth,23489,23632
phase6_prompt_1949da61784c034d,reference,p6_baba_museum,BABA,phase6_reference_pair_9efc691728f89001,not_applicable,Shirley,Diane,"At the museum, Diane spoke with Shirley. Later, Diane offered the exhibit guide to",Shirley,Diane,40902,26542
phase6_prompt_217a6aebacc4b583,reference,p6_baba_museum,BABA,phase6_reference_pair_e9dc499c67d39717,not_applicable,Shirley,Ruby,"At the museum, Ruby spoke with Shirley. Later, Ruby offered the exhibit guide to",Shirley,Ruby,40902,10888
phase6_prompt_2c2cf3f04b102fc0,reference,p6_baba_museum,BABA,phase6_reference_pair_de84b3525552cc8c,not_applicable,Emma,Julie,"At the museum, Julie spoke with Emma. Later, Julie offered the exhibit guide to",Emma,Julie,18966,21946
phase6_prompt_2f666b3f2b5004f1,reference,p6_baba_museum,BABA,phase6_reference_pair_fb1d686d09429fb4,not_applicable,Sylvia,Charles,"At the museum, Charles spoke with Sylvia. Later, Charles offered the exhibit guide to",Sylvia,Charles,45425,7516
phase6_prompt_31da5cf7f50ee3f8,reference,p6_baba_museum,BABA,phase6_reference_pair_eab90eca456cb7c8,not_applicable,Nora,Ruby,"At the museum, Ruby spoke with Nora. Later, Ruby offered the exhibit guide to",Nora,Ruby,32561,10888
phase6_prompt_34b3d258233ca326,reference,p6_baba_museum,BABA,phase6_reference_pair_ce0167d6e909d258,not_applicable,Rebecca,Diane,"At the museum, Diane spoke with Rebecca. Later, Diane offered the exhibit guide to",Rebecca,Diane,23489,26542
phase6_prompt_39fb949d1d1e7d2f,reference,p6_baba_museum,BABA,phase6_reference_pair_d8346b84e398269e,not_applicable,Diane,Julie,"At the museum, Julie spoke with Diane. Later, Julie offered the exhibit guide to",Diane,Julie,26542,21946
phase6_prompt_3a540f8072443be2,reference,p6_baba_museum,BABA,phase6_reference_pair_2cc4b6b56736b75e,not_applicable,Catherine,Diane,"At the museum, Diane spoke with Catherine. Later, Diane offered the exhibit guide to",Catherine,Diane,22578,26542
phase6_prompt_3c26e1c096650e01,reference,p6_baba_museum,BABA,phase6_reference_pair_623679f323c374af,not_applicable,Catherine,Rebecca,"At the museum, Rebecca spoke with Catherine. Later, Rebecca offered the exhibit guide to",Catherine,Rebecca,22578,23489
phase6_prompt_47f76e286da2f870,reference,p6_baba_museum,BABA,phase6_reference_pair_70b6d8614d7943e6,not_applicable,Donald,Dawn,"At the museum, Dawn spoke with Donald. Later, Dawn offered the exhibit guide to",Donald,Dawn,3759,12258
phase6_prompt_492f88c7a0ff311f,reference,p6_baba_museum,BABA,phase6_reference_pair_4f79135a6b03c5a9,not_applicable,Catherine,Shirley,"At the museum, Shirley spoke with Catherine. Later, Shirley offered the exhibit guide to",Catherine,Shirley,22578,40902
phase6_prompt_4a80d154afca03b8,reference,p6_baba_museum,BABA,phase6_reference_pair_e97b03251c157c0c,not_applicable,Charles,Sylvia,"At the museum, Sylvia spoke with Charles. Later, Sylvia offered the exhibit guide to",Charles,Sylvia,7516,45425
phase6_prompt_4b5d5c223943f1b0,reference,p6_baba_museum,BABA,phase6_reference_pair_635d1724aa66fa9c,not_applicable,Shirley,Rebecca,"At the museum, Rebecca spoke with Shirley. Later, Rebecca offered the exhibit guide to",Shirley,Rebecca,40902,23489
phase6_prompt_4c3799d7130724f8,reference,p6_baba_museum,BABA,phase6_reference_pair_96ebc20ff37f7f7f,not_applicable,Donald,Joyce,"At the museum, Joyce spoke with Donald. Later, Joyce offered the exhibit guide to",Donald,Joyce,3759,25936
phase6_prompt_4f8dd80a81061d39,reference,p6_baba_museum,BABA,phase6_reference_pair_8234fb553145d77a,not_applicable,Catherine,Kenneth,"At the museum, Kenneth spoke with Catherine. Later, Kenneth offered the exhibit guide to",Catherine,Kenneth,22578,23632
phase6_prompt_54995c9e1c60833f,reference,p6_baba_museum,BABA,phase6_reference_pair_898be4cee9f168ab,not_applicable,Dawn,Kenneth,"At the museum, Kenneth spoke with Dawn. Later, Kenneth offered the exhibit guide to",Dawn,Kenneth,12258,23632
phase6_prompt_56351e1b1ce6caa0,reference,p6_baba_museum,BABA,phase6_reference_pair_9f593b0e047adc83,not_applicable,Ruby,Julie,"At the museum, Julie spoke with Ruby. Later, Julie offered the exhibit guide to",Ruby,Julie,10888,21946
phase6_prompt_578e813b7c30c39f,reference,p6_baba_museum,BABA,phase6_reference_pair_ce76e0c6877440fb,not_applicable,Julie,Ruby,"At the museum, Ruby spoke with Julie. Later, Ruby offered the exhibit guide to",Julie,Ruby,21946,10888
phase6_prompt_57aeaa3ff9dc6df1,reference,p6_baba_museum,BABA,phase6_reference_pair_39429e3d3d1dd958,not_applicable,Sylvia,Joyce,"At the museum, Joyce spoke with Sylvia. Later, Joyce offered the exhibit guide to",Sylvia,Joyce,45425,25936
phase6_prompt_588206c46676b9ab,reference,p6_baba_museum,BABA,phase6_reference_pair_d30c865a00f8d797,not_applicable,Joyce,Catherine,"At the museum, Catherine spoke with Joyce. Later, Catherine offered the exhibit guide to",Joyce,Catherine,25936,22578
phase6_prompt_5b416e718e9a8d1a,reference,p6_baba_museum,BABA,phase6_reference_pair_82326e683b23d474,not_applicable,Donald,Kenneth,"At the museum, Kenneth spoke with Donald. Later, Kenneth offered the exhibit guide to",Donald,Kenneth,3759,23632
phase6_prompt_5fd45aa0ea895b77,reference,p6_baba_museum,BABA,phase6_reference_pair_69e266209b866d2e,not_applicable,Charles,Joyce,"At the museum, Joyce spoke with Charles. Later, Joyce offered the exhibit guide to",Charles,Joyce,7516,25936
phase6_prompt_60431485f6db7ed9,reference,p6_baba_museum,BABA,phase6_reference_pair_5a87c74791a34cd3,not_applicable,Catherine,Joyce,"At the museum, Joyce spoke with Catherine. Later, Joyce offered the exhibit guide to",Catherine,Joyce,22578,25936
phase6_prompt_61ab52c6817976a6,reference,p6_baba_museum,BABA,phase6_reference_pair_d4f0a0b892d49d6b,not_applicable,Charles,Stephanie,"At the museum, Stephanie spoke with Charles. Later, Stephanie offered the exhibit guide to",Charles,Stephanie,7516,26085
phase6_prompt_61ef60eb34cf28ac,reference,p6_baba_museum,BABA,phase6_reference_pair_a98e7db9f710902d,not_applicable,Shirley,Stephanie,"At the museum, Stephanie spoke with Shirley. Later, Stephanie offered the exhibit guide to",Shirley,Stephanie,40902,26085
phase6_prompt_6d3f800b00d5827c,reference,p6_baba_museum,BABA,phase6_reference_pair_02a81f0210e3f662,not_applicable,Shirley,Charles,"At the museum, Charles spoke with Shirley. Later, Charles offered the exhibit guide to",Shirley,Charles,40902,7516
phase6_prompt_6ec05805560ce21b,reference,p6_baba_museum,BABA,phase6_reference_pair_dda7c0609e3ae22a,not_applicable,Rebecca,Joyce,"At the museum, Joyce spoke with Rebecca. Later, Joyce offered the exhibit guide to",Rebecca,Joyce,23489,25936
phase6_prompt_7a7fb453b53acc2e,reference,p6_baba_museum,BABA,phase6_reference_pair_9dd6358821319371,not_applicable,Nora,Kathleen,"At the museum, Kathleen spoke with Nora. Later, Kathleen offered the exhibit guide to",Nora,Kathleen,32561,31275
phase6_prompt_7d59533a911f89a8,reference,p6_baba_museum,BABA,phase6_reference_pair_ca2168c536c69b28,not_applicable,Julie,Stephanie,"At the museum, Stephanie spoke with Julie. Later, Stephanie offered the exhibit guide to",Julie,Stephanie,21946,26085
phase6_prompt_8916d2ffd6d2ff9a,reference,p6_baba_museum,BABA,phase6_reference_pair_bc96148489e077f3,not_applicable,Emma,Shirley,"At the museum, Shirley spoke with Emma. Later, Shirley offered the exhibit guide to",Emma,Shirley,18966,40902
phase6_prompt_8af124e86523839f,reference,p6_baba_museum,BABA,phase6_reference_pair_0abe9cbd70cb76de,not_applicable,Sylvia,Dawn,"At the museum, Dawn spoke with Sylvia. Later, Dawn offered the exhibit guide to",Sylvia,Dawn,45425,12258
phase6_prompt_93075c71b89a74b5,reference,p6_baba_museum,BABA,phase6_reference_pair_b6a3466a0a277e51,not_applicable,Emma,Dawn,"At the museum, Dawn spoke with Emma. Later, Dawn offered the exhibit guide to",Emma,Dawn,18966,12258
phase6_prompt_9454e4ecf5034f2f,reference,p6_baba_museum,BABA,phase6_reference_pair_83c6005665d3ac52,not_applicable,Sylvia,Diane,"At the museum, Diane spoke with Sylvia. Later, Diane offered the exhibit guide to",Sylvia,Diane,45425,26542
phase6_prompt_99bb206b42a5a20c,reference,p6_baba_museum,BABA,phase6_reference_pair_c10be8c337c0690a,not_applicable,Kenneth,Catherine,"At the museum, Catherine spoke with Kenneth. Later, Catherine offered the exhibit guide to",Kenneth,Catherine,23632,22578
phase6_prompt_a3d692f31028f46b,reference,p6_baba_museum,BABA,phase6_reference_pair_366b1cfd6d6ccc2f,not_applicable,Diane,Donald,"At the museum, Donald spoke with Diane. Later, Donald offered the exhibit guide to",Diane,Donald,26542,3759
phase6_prompt_a6005914af7abf8f,reference,p6_baba_museum,BABA,phase6_reference_pair_081686118faf0118,not_applicable,Kenneth,Shirley,"At the museum, Shirley spoke with Kenneth. Later, Shirley offered the exhibit guide to",Kenneth,Shirley,23632,40902
phase6_prompt_a7989f57d4be8817,reference,p6_baba_museum,BABA,phase6_reference_pair_72bd28e9d76bd1d8,not_applicable,Stephanie,Emma,"At the museum, Emma spoke with Stephanie. Later, Emma offered the exhibit guide to",Stephanie,Emma,26085,18966
phase6_prompt_a8441dbad34f49c6,reference,p6_baba_museum,BABA,phase6_reference_pair_60d69f5ccf9983dc,not_applicable,Kathleen,Nora,"At the museum, Nora spoke with Kathleen. Later, Nora offered the exhibit guide to",Kathleen,Nora,31275,32561
phase6_prompt_ab6ade66ca33cc4c,reference,p6_baba_museum,BABA,phase6_reference_pair_5a15420ae5a7541f,not_applicable,Sylvia,Donald,"At the museum, Donald spoke with Sylvia. Later, Donald offered the exhibit guide to",Sylvia,Donald,45425,3759
phase6_prompt_b02f2cfd767d689a,reference,p6_baba_museum,BABA,phase6_reference_pair_972d881e517b896c,not_applicable,Sylvia,Emma,"At the museum, Emma spoke with Sylvia. Later, Emma offered the exhibit guide to",Sylvia,Emma,45425,18966
phase6_prompt_b6cd30758e9865b1,reference,p6_baba_museum,BABA,phase6_reference_pair_fafe5dac0cf40538,not_applicable,Shirley,Julie,"At the museum, Julie spoke with Shirley. Later, Julie offered the exhibit guide to",Shirley,Julie,40902,21946
phase6_prompt_ba0c48a9666c895c,reference,p6_baba_museum,BABA,phase6_reference_pair_97dd2a87a4fb1452,not_applicable,Kathleen,Emma,"At the museum, Emma spoke with Kathleen. Later, Emma offered the exhibit guide to",Kathleen,Emma,31275,18966
phase6_prompt_be2d8d485f4e6f19,reference,p6_baba_museum,BABA,phase6_reference_pair_64168ec40f60b2ee,not_applicable,Stephanie,Diane,"At the museum, Diane spoke with Stephanie. Later, Diane offered the exhibit guide to",Stephanie,Diane,26085,26542
phase6_prompt_bf7f3d13c30b8286,reference,p6_baba_museum,BABA,phase6_reference_pair_d4adfd13c21d0f75,not_applicable,Diane,Nora,"At the museum, Nora spoke with Diane. Later, Nora offered the exhibit guide to",Diane,Nora,26542,32561
phase6_prompt_c054d4428908e29d,reference,p6_baba_museum,BABA,phase6_reference_pair_1ee94c0a7826a4d8,not_applicable,Kenneth,Donald,"At the museum, Donald spoke with Kenneth. Later, Donald offered the exhibit guide to",Kenneth,Donald,23632,3759
phase6_prompt_c716b979cb86da98,reference,p6_baba_museum,BABA,phase6_reference_pair_fefbd0705df2f5a2,not_applicable,Dawn,Julie,"At the museum, Julie spoke with Dawn. Later, Julie offered the exhibit guide to",Dawn,Julie,12258,21946
phase6_prompt_cb19348426e7c407,reference,p6_baba_museum,BABA,phase6_reference_pair_0fb128b2e2d2d00f,not_applicable,Charles,Donald,"At the museum, Donald spoke with Charles. Later, Donald offered the exhibit guide to",Charles,Donald,7516,3759
phase6_prompt_cb1eced9047e681e,reference,p6_baba_museum,BABA,phase6_reference_pair_7bcf29e1e0e7cbe6,not_applicable,Kathleen,Joyce,"At the museum, Joyce spoke with Kathleen. Later, Joyce offered the exhibit guide to",Kathleen,Joyce,31275,25936
phase6_prompt_ccf67f4dd3eb37a6,reference,p6_baba_museum,BABA,phase6_reference_pair_ea4240ad52a4d67e,not_applicable,Shirley,Joyce,"At the museum, Joyce spoke with Shirley. Later, Joyce offered the exhibit guide to",Shirley,Joyce,40902,25936
phase6_prompt_d0cb8ab6e6313616,reference,p6_baba_museum,BABA,phase6_reference_pair_bc1b1061085fd319,not_applicable,Sylvia,Catherine,"At the museum, Catherine spoke with Sylvia. Later, Catherine offered the exhibit guide to",Sylvia,Catherine,45425,22578
phase6_prompt_d21b7c9ba0c5f3ef,reference,p6_baba_museum,BABA,phase6_reference_pair_4db64b1034fba338,not_applicable,Julie,Shirley,"At the museum, Shirley spoke with Julie. Later, Shirley offered the exhibit guide to",Julie,Shirley,21946,40902
phase6_prompt_daddd62e7a59e312,reference,p6_baba_museum,BABA,phase6_reference_pair_07b0c10d88b978bd,not_applicable,Ruby,Donald,"At the museum, Donald spoke with Ruby. Later, Donald offered the exhibit guide to",Ruby,Donald,10888,3759
phase6_prompt_dfe7aab07aa84223,reference,p6_baba_museum,BABA,phase6_reference_pair_ea00f5048da885eb,not_applicable,Catherine,Donald,"At the museum, Donald spoke with Catherine. Later, Donald offered the exhibit guide to",Catherine,Donald,22578,3759
phase6_prompt_e04102f3a47e917b,reference,p6_baba_museum,BABA,phase6_reference_pair_996e614a88919012,not_applicable,Ruby,Kenneth,"At the museum, Kenneth spoke with Ruby. Later, Kenneth offered the exhibit guide to",Ruby,Kenneth,10888,23632
phase6_prompt_f271170b469911eb,reference,p6_baba_museum,BABA,phase6_reference_pair_5a04b8d0d29e90ad,not_applicable,Ruby,Emma,"At the museum, Emma spoke with Ruby. Later, Emma offered the exhibit guide to",Ruby,Emma,10888,18966
phase6_prompt_f56fd5db5c53f083,reference,p6_baba_museum,BABA,phase6_reference_pair_e4a1d47c595ee8ac,not_applicable,Julie,Catherine,"At the museum, Catherine spoke with Julie. Later, Catherine offered the exhibit guide to",Julie,Catherine,21946,22578
phase6_prompt_f6d16fd7e1ecb49d,reference,p6_baba_museum,BABA,phase6_reference_pair_cabb5c232162ab38,not_applicable,Sylvia,Nora,"At the museum, Nora spoke with Sylvia. Later, Nora offered the exhibit guide to",Sylvia,Nora,45425,32561
phase6_prompt_f747881112b701b1,reference,p6_baba_museum,BABA,phase6_reference_pair_273bda1a4f6b3dd8,not_applicable,Joyce,Ruby,"At the museum, Ruby spoke with Joyce. Later, Ruby offered the exhibit guide to",Joyce,Ruby,25936,10888
phase6_prompt_f83c8d33bafea0df,reference,p6_baba_museum,BABA,phase6_reference_pair_39ddc62427e2c739,not_applicable,Ruby,Charles,"At the museum, Charles spoke with Ruby. Later, Charles offered the exhibit guide to",Ruby,Charles,10888,7516
phase6_prompt_f927efc1236d8849,reference,p6_baba_museum,BABA,phase6_reference_pair_114d35002a069a97,not_applicable,Charles,Dawn,"At the museum, Dawn spoke with Charles. Later, Dawn offered the exhibit guide to",Charles,Dawn,7516,12258
phase6_prompt_ff191a72607bc8b3,reference,p6_baba_museum,BABA,phase6_reference_pair_033b5e1c62cfa583,not_applicable,Nora,Stephanie,"At the museum, Stephanie spoke with Nora. Later, Stephanie offered the exhibit guide to",Nora,Stephanie,32561,26085
phase6_prompt_00f6106c2292beff,reference,p6_baba_train,BABA,phase6_reference_pair_97dd2a87a4fb1452,not_applicable,Kathleen,Emma,"During the train ride, Emma sat beside Kathleen. Before leaving, Emma returned the travel journal to",Kathleen,Emma,31275,18966
phase6_prompt_01ad26d33a5bead7,reference,p6_baba_train,BABA,phase6_reference_pair_1f30322d8f443fa3,not_applicable,Kathleen,Charles,"During the train ride, Charles sat beside Kathleen. Before leaving, Charles returned the travel journal to",Kathleen,Charles,31275,7516
phase6_prompt_0882df5feef97346,reference,p6_baba_train,BABA,phase6_reference_pair_9ae1d15eb5b140da,not_applicable,Julie,Joyce,"During the train ride, Joyce sat beside Julie. Before leaving, Joyce returned the travel journal to",Julie,Joyce,21946,25936
phase6_prompt_09f43c4803472cf0,reference,p6_baba_train,BABA,phase6_reference_pair_4a8c03c8bebed9ce,not_applicable,Diane,Catherine,"During the train ride, Catherine sat beside Diane. Before leaving, Catherine returned the travel journal to",Diane,Catherine,26542,22578
phase6_prompt_0f9a47861f9f1f44,reference,p6_baba_train,BABA,phase6_reference_pair_c072061ff19a76c1,not_applicable,Stephanie,Donald,"During the train ride, Donald sat beside Stephanie. Before leaving, Donald returned the travel journal to",Stephanie,Donald,26085,3759
phase6_prompt_139486354ccb51f6,reference,p6_baba_train,BABA,phase6_reference_pair_ce0167d6e909d258,not_applicable,Rebecca,Diane,"During the train ride, Diane sat beside Rebecca. Before leaving, Diane returned the travel journal to",Rebecca,Diane,23489,26542
phase6_prompt_1532748dab85efda,reference,p6_baba_train,BABA,phase6_reference_pair_358751c1544616f1,not_applicable,Shirley,Kenneth,"During the train ride, Kenneth sat beside Shirley. Before leaving, Kenneth returned the travel journal to",Shirley,Kenneth,40902,23632
phase6_prompt_19f7fcf6258ea70c,reference,p6_baba_train,BABA,phase6_reference_pair_fa01a74ff94ca314,not_applicable,Julie,Emma,"During the train ride, Emma sat beside Julie. Before leaving, Emma returned the travel journal to",Julie,Emma,21946,18966
phase6_prompt_20a2b522114b2788,reference,p6_baba_train,BABA,phase6_reference_pair_451ac58611a79733,not_applicable,Charles,Nora,"During the train ride, Nora sat beside Charles. Before leaving, Nora returned the travel journal to",Charles,Nora,7516,32561
phase6_prompt_2146735a99c2565b,reference,p6_baba_train,BABA,phase6_reference_pair_b3601d32357ac797,not_applicable,Shirley,Donald,"During the train ride, Donald sat beside Shirley. Before leaving, Donald returned the travel journal to",Shirley,Donald,40902,3759
phase6_prompt_2317e8f3992cee79,reference,p6_baba_train,BABA,phase6_reference_pair_e1e1989c660ba37e,not_applicable,Nora,Emma,"During the train ride, Emma sat beside Nora. Before leaving, Emma returned the travel journal to",Nora,Emma,32561,18966
phase6_prompt_242f864f8cfb2266,reference,p6_baba_train,BABA,phase6_reference_pair_aefe52387cd42635,not_applicable,Dawn,Nora,"During the train ride, Nora sat beside Dawn. Before leaving, Nora returned the travel journal to",Dawn,Nora,12258,32561
phase6_prompt_2a4dca4e5ba21db6,reference,p6_baba_train,BABA,phase6_reference_pair_52f0c62183988f8a,not_applicable,Joyce,Stephanie,"During the train ride, Stephanie sat beside Joyce. Before leaving, Stephanie returned the travel journal to",Joyce,Stephanie,25936,26085
phase6_prompt_2ab5d2b78ce261e9,reference,p6_baba_train,BABA,phase6_reference_pair_8093253b62f65c2a,not_applicable,Charles,Rebecca,"During the train ride, Rebecca sat beside Charles. Before leaving, Rebecca returned the travel journal to",Charles,Rebecca,7516,23489
phase6_prompt_2e8fee0bcea093e9,reference,p6_baba_train,BABA,phase6_reference_pair_b7883232f8a6276d,not_applicable,Sylvia,Stephanie,"During the train ride, Stephanie sat beside Sylvia. Before leaving, Stephanie returned the travel journal to",Sylvia,Stephanie,45425,26085
phase6_prompt_301ecb7e10850beb,reference,p6_baba_train,BABA,phase6_reference_pair_273bda1a4f6b3dd8,not_applicable,Joyce,Ruby,"During the train ride, Ruby sat beside Joyce. Before leaving, Ruby returned the travel journal to",Joyce,Ruby,25936,10888
phase6_prompt_3119bac8fe842976,reference,p6_baba_train,BABA,phase6_reference_pair_9f593b0e047adc83,not_applicable,Ruby,Julie,"During the train ride, Julie sat beside Ruby. Before leaving, Julie returned the travel journal to",Ruby,Julie,10888,21946
phase6_prompt_33dd3931fa3c2178,reference,p6_baba_train,BABA,phase6_reference_pair_6e7d22a25b68b23b,not_applicable,Kathleen,Ruby,"During the train ride, Ruby sat beside Kathleen. Before leaving, Ruby returned the travel journal to",Kathleen,Ruby,31275,10888
phase6_prompt_3404a8ba9639c30c,reference,p6_baba_train,BABA,phase6_reference_pair_f6a219ae351c8269,not_applicable,Shirley,Catherine,"During the train ride, Catherine sat beside Shirley. Before leaving, Catherine returned the travel journal to",Shirley,Catherine,40902,22578
phase6_prompt_4009242cd5a2b6d9,reference,p6_baba_train,BABA,phase6_reference_pair_41ac475a58842921,not_applicable,Nora,Kenneth,"During the train ride, Kenneth sat beside Nora. Before leaving, Kenneth returned the travel journal to",Nora,Kenneth,32561,23632
phase6_prompt_47478412c1d24043,reference,p6_baba_train,BABA,phase6_reference_pair_6ce4e5a662a93ac8,not_applicable,Charles,Kenneth,"During the train ride, Kenneth sat beside Charles. Before leaving, Kenneth returned the travel journal to",Charles,Kenneth,7516,23632
phase6_prompt_4d02c4310016cbdc,reference,p6_baba_train,BABA,phase6_reference_pair_bbfc2bcf8596c980,not_applicable,Nora,Shirley,"During the train ride, Shirley sat beside Nora. Before leaving, Shirley returned the travel journal to",Nora,Shirley,32561,40902
phase6_prompt_4ebf8993db6d16a3,reference,p6_baba_train,BABA,phase6_reference_pair_544f5d851a96d6f3,not_applicable,Julie,Kenneth,"During the train ride, Kenneth sat beside Julie. Before leaving, Kenneth returned the travel journal to",Julie,Kenneth,21946,23632
phase6_prompt_5784e33eb3ed57ff,reference,p6_baba_train,BABA,phase6_reference_pair_6ba764c8831e705a,not_applicable,Ruby,Joyce,"During the train ride, Joyce sat beside Ruby. Before leaving, Joyce returned the travel journal to",Ruby,Joyce,10888,25936
phase6_prompt_5bbed413eade5a02,reference,p6_baba_train,BABA,phase6_reference_pair_5a87c74791a34cd3,not_applicable,Catherine,Joyce,"During the train ride, Joyce sat beside Catherine. Before leaving, Joyce returned the travel journal to",Catherine,Joyce,22578,25936
phase6_prompt_61e164f631961906,reference,p6_baba_train,BABA,phase6_reference_pair_2f40bbef0037f083,not_applicable,Rebecca,Emma,"During the train ride, Emma sat beside Rebecca. Before leaving, Emma returned the travel journal to",Rebecca,Emma,23489,18966
phase6_prompt_67c81cbda3b739bb,reference,p6_baba_train,BABA,phase6_reference_pair_8e1c73cc6f7880aa,not_applicable,Nora,Catherine,"During the train ride, Catherine sat beside Nora. Before leaving, Catherine returned the travel journal to",Nora,Catherine,32561,22578
phase6_prompt_6e45402c6f31b7ed,reference,p6_baba_train,BABA,phase6_reference_pair_e97b03251c157c0c,not_applicable,Charles,Sylvia,"During the train ride, Sylvia sat beside Charles. Before leaving, Sylvia returned the travel journal to",Charles,Sylvia,7516,45425
phase6_prompt_7174434e09253e17,reference,p6_baba_train,BABA,phase6_reference_pair_69e266209b866d2e,not_applicable,Charles,Joyce,"During the train ride, Joyce sat beside Charles. Before leaving, Joyce returned the travel journal to",Charles,Joyce,7516,25936
phase6_prompt_71f843ccae05b2f5,reference,p6_baba_train,BABA,phase6_reference_pair_92e137d79fbc1304,not_applicable,Sylvia,Kenneth,"During the train ride, Kenneth sat beside Sylvia. Before leaving, Kenneth returned the travel journal to",Sylvia,Kenneth,45425,23632
phase6_prompt_76a00c4cb1b0ca77,reference,p6_baba_train,BABA,phase6_reference_pair_0a05ca80ba70dc5a,not_applicable,Emma,Ruby,"During the train ride, Ruby sat beside Emma. Before leaving, Ruby returned the travel journal to",Emma,Ruby,18966,10888
phase6_prompt_7a1ebd660170ef01,reference,p6_baba_train,BABA,phase6_reference_pair_02a81f0210e3f662,not_applicable,Shirley,Charles,"During the train ride, Charles sat beside Shirley. Before leaving, Charles returned the travel journal to",Shirley,Charles,40902,7516
phase6_prompt_7fde6b9ca7d32ca1,reference,p6_baba_train,BABA,phase6_reference_pair_b17899d347f8aba8,not_applicable,Stephanie,Julie,"During the train ride, Julie sat beside Stephanie. Before leaving, Julie returned the travel journal to",Stephanie,Julie,26085,21946
phase6_prompt_801682f221e9fd43,reference,p6_baba_train,BABA,phase6_reference_pair_2dfdfda7573e0d2f,not_applicable,Charles,Ruby,"During the train ride, Ruby sat beside Charles. Before leaving, Ruby returned the travel journal to",Charles,Ruby,7516,10888
phase6_prompt_804f5b98a17a052b,reference,p6_baba_train,BABA,phase6_reference_pair_7e47069429704841,not_applicable,Ruby,Dawn,"During the train ride, Dawn sat beside Ruby. Before leaving, Dawn returned the travel journal to",Ruby,Dawn,10888,12258
phase6_prompt_89e73281b8d9e5ca,reference,p6_baba_train,BABA,phase6_reference_pair_19c798e963bdee73,not_applicable,Stephanie,Charles,"During the train ride, Charles sat beside Stephanie. Before leaving, Charles returned the travel journal to",Stephanie,Charles,26085,7516
phase6_prompt_8adc214f1a4ff43c,reference,p6_baba_train,BABA,phase6_reference_pair_996e614a88919012,not_applicable,Ruby,Kenneth,"During the train ride, Kenneth sat beside Ruby. Before leaving, Kenneth returned the travel journal to",Ruby,Kenneth,10888,23632
phase6_prompt_8b58ccfbee66eb53,reference,p6_baba_train,BABA,phase6_reference_pair_60d69f5ccf9983dc,not_applicable,Kathleen,Nora,"During the train ride, Nora sat beside Kathleen. Before leaving, Nora returned the travel journal to",Kathleen,Nora,31275,32561
phase6_prompt_8e7f3f63c7cf2fb4,reference,p6_baba_train,BABA,phase6_reference_pair_9a4d9f7938b84dd2,not_applicable,Rebecca,Nora,"During the train ride, Nora sat beside Rebecca. Before leaving, Nora returned the travel journal to",Rebecca,Nora,23489,32561
phase6_prompt_8f48a11da11ad467,reference,p6_baba_train,BABA,phase6_reference_pair_8cc666856a2ef150,not_applicable,Joyce,Emma,"During the train ride, Emma sat beside Joyce. Before leaving, Emma returned the travel journal to",Joyce,Emma,25936,18966
phase6_prompt_9d131fcdcd54f1f0,reference,p6_baba_train,BABA,phase6_reference_pair_96ebc20ff37f7f7f,not_applicable,Donald,Joyce,"During the train ride, Joyce sat beside Donald. Before leaving, Joyce returned the travel journal to",Donald,Joyce,3759,25936
phase6_prompt_9f805eb2deab0285,reference,p6_baba_train,BABA,phase6_reference_pair_98b18765e51b6911,not_applicable,Joyce,Rebecca,"During the train ride, Rebecca sat beside Joyce. Before leaving, Rebecca returned the travel journal to",Joyce,Rebecca,25936,23489
phase6_prompt_a002535504e924de,reference,p6_baba_train,BABA,phase6_reference_pair_15b63b7744e74a53,not_applicable,Emma,Stephanie,"During the train ride, Stephanie sat beside Emma. Before leaving, Stephanie returned the travel journal to",Emma,Stephanie,18966,26085
phase6_prompt_a34e46b54a51b816,reference,p6_baba_train,BABA,phase6_reference_pair_2e2c7749ebd49927,not_applicable,Diane,Rebecca,"During the train ride, Rebecca sat beside Diane. Before leaving, Rebecca returned the travel journal to",Diane,Rebecca,26542,23489
phase6_prompt_a664e1b426be370a,reference,p6_baba_train,BABA,phase6_reference_pair_78f019741955f881,not_applicable,Kenneth,Stephanie,"During the train ride, Stephanie sat beside Kenneth. Before leaving, Stephanie returned the travel journal to",Kenneth,Stephanie,23632,26085
phase6_prompt_b2a1e645827cae16,reference,p6_baba_train,BABA,phase6_reference_pair_b56579bdc1f33a77,not_applicable,Dawn,Donald,"During the train ride, Donald sat beside Dawn. Before leaving, Donald returned the travel journal to",Dawn,Donald,12258,3759
phase6_prompt_b5f2e46bc379f2d9,reference,p6_baba_train,BABA,phase6_reference_pair_a90d12cb611006e6,not_applicable,Kathleen,Julie,"During the train ride, Julie sat beside Kathleen. Before leaving, Julie returned the travel journal to",Kathleen,Julie,31275,21946
phase6_prompt_b73873f3d4e9f1a2,reference,p6_baba_train,BABA,phase6_reference_pair_3fae44758c03c3e9,not_applicable,Nora,Dawn,"During the train ride, Dawn sat beside Nora. Before leaving, Dawn returned the travel journal to",Nora,Dawn,32561,12258
phase6_prompt_b7ae8e3c10749848,reference,p6_baba_train,BABA,phase6_reference_pair_54e34830438b70bd,not_applicable,Diane,Ruby,"During the train ride, Ruby sat beside Diane. Before leaving, Ruby returned the travel journal to",Diane,Ruby,26542,10888
phase6_prompt_b838a577a3a7ae1f,reference,p6_baba_train,BABA,phase6_reference_pair_8234fb553145d77a,not_applicable,Catherine,Kenneth,"During the train ride, Kenneth sat beside Catherine. Before leaving, Kenneth returned the travel journal to",Catherine,Kenneth,22578,23632
phase6_prompt_be20f074a0541ba8,reference,p6_baba_train,BABA,phase6_reference_pair_dbe271a35c981a90,not_applicable,Ruby,Diane,"During the train ride, Diane sat beside Ruby. Before leaving, Diane returned the travel journal to",Ruby,Diane,10888,26542
phase6_prompt_c3315b4acc9f955b,reference,p6_baba_train,BABA,phase6_reference_pair_b6a3466a0a277e51,not_applicable,Emma,Dawn,"During the train ride, Dawn sat beside Emma. Before leaving, Dawn returned the travel journal to",Emma,Dawn,18966,12258
phase6_prompt_c3df7400d3fabc5c,reference,p6_baba_train,BABA,phase6_reference_pair_033b5e1c62cfa583,not_applicable,Nora,Stephanie,"During the train ride, Stephanie sat beside Nora. Before leaving, Stephanie returned the travel journal to",Nora,Stephanie,32561,26085
phase6_prompt_c8147c561791e5e5,reference,p6_baba_train,BABA,phase6_reference_pair_bee9004669e28940,not_applicable,Emma,Charles,"During the train ride, Charles sat beside Emma. Before leaving, Charles returned the travel journal to",Emma,Charles,18966,7516
phase6_prompt_d16cac7139c10a50,reference,p6_baba_train,BABA,phase6_reference_pair_f83f55f55c030966,not_applicable,Sylvia,Shirley,"During the train ride, Shirley sat beside Sylvia. Before leaving, Shirley returned the travel journal to",Sylvia,Shirley,45425,40902
phase6_prompt_da57ad8db7a6c892,reference,p6_baba_train,BABA,phase6_reference_pair_35f01ec6aa40a74c,not_applicable,Joyce,Diane,"During the train ride, Diane sat beside Joyce. Before leaving, Diane returned the travel journal to",Joyce,Diane,25936,26542
phase6_prompt_e06c2b8d402ab3d3,reference,p6_baba_train,BABA,phase6_reference_pair_54b21f6c60f47bb3,not_applicable,Charles,Julie,"During the train ride, Julie sat beside Charles. Before leaving, Julie returned the travel journal to",Charles,Julie,7516,21946
phase6_prompt_e2dbd1185d4e1c9c,reference,p6_baba_train,BABA,phase6_reference_pair_f0db50368724fd64,not_applicable,Dawn,Charles,"During the train ride, Charles sat beside Dawn. Before leaving, Charles returned the travel journal to",Dawn,Charles,12258,7516
phase6_prompt_f404e5a3f4114d07,reference,p6_baba_train,BABA,phase6_reference_pair_88ab742c22d57910,not_applicable,Rebecca,Sylvia,"During the train ride, Sylvia sat beside Rebecca. Before leaving, Sylvia returned the travel journal to",Rebecca,Sylvia,23489,45425
phase6_prompt_f489cc1dddc75726,reference,p6_baba_train,BABA,phase6_reference_pair_d8417f4b570d5b13,not_applicable,Rebecca,Kenneth,"During the train ride, Kenneth sat beside Rebecca. Before leaving, Kenneth returned the travel journal to",Rebecca,Kenneth,23489,23632
phase6_prompt_f5001660d5407a92,reference,p6_baba_train,BABA,phase6_reference_pair_c481cd77e96d35d7,not_applicable,Stephanie,Catherine,"During the train ride, Catherine sat beside Stephanie. Before leaving, Catherine returned the travel journal to",Stephanie,Catherine,26085,22578
phase6_prompt_f9c01b1b230cf850,reference,p6_baba_train,BABA,phase6_reference_pair_4db64b1034fba338,not_applicable,Julie,Shirley,"During the train ride, Shirley sat beside Julie. Before leaving, Shirley returned the travel journal to",Julie,Shirley,21946,40902
phase6_prompt_fbb9a6ce3b8d0f1a,reference,p6_baba_train,BABA,phase6_reference_pair_c108d76a3032cfa3,not_applicable,Joyce,Kenneth,"During the train ride, Kenneth sat beside Joyce. Before leaving, Kenneth returned the travel journal to",Joyce,Kenneth,25936,23632
phase6_prompt_ff950df6ff6f3acd,reference,p6_baba_train,BABA,phase6_reference_pair_e1119975f80f85c1,not_applicable,Julie,Sylvia,"During the train ride, Sylvia sat beside Julie. Before leaving, Sylvia returned the travel journal to",Julie,Sylvia,21946,45425
phase6_prompt_00367275ad69ba8a,test,p6_abba_kitchen,ABBA,phase6_pair_27b58d91a8805723,b_to_a,Mark,Margaret,"In the kitchen, Mark worked with Margaret. After dinner, Margaret passed the recipe card to",Mark,Margaret,2940,19579
phase6_prompt_08a0427ff4285731,test,p6_abba_kitchen,ABBA,phase6_pair_ed2f73ba899c96f0,a_to_b,Anne,Melissa,"In the kitchen, Anne worked with Melissa. After dinner, Melissa passed the recipe card to",Anne,Melissa,15397,24164
phase6_prompt_0bc95abbbea45d42,test,p6_abba_kitchen,ABBA,phase6_pair_83ce93db4866834e,b_to_a,Nina,Maya,"In the kitchen, Nina worked with Maya. After dinner, Maya passed the recipe card to",Nina,Maya,36300,26041
phase6_prompt_1bbc3dc0c4ef6092,test,p6_abba_kitchen,ABBA,phase6_pair_dc7c4afe450a4123,a_to_b,Joshua,Judy,"In the kitchen, Joshua worked with Judy. After dinner, Judy passed the recipe card to",Joshua,Judy,20700,26395
phase6_prompt_1ca6a7e11e345b5c,test,p6_abba_kitchen,ABBA,phase6_pair_6dd888711548a86b,b_to_a,Tina,Kelly,"In the kitchen, Tina worked with Kelly. After dinner, Kelly passed the recipe card to",Tina,Kelly,35903,9077
phase6_prompt_20f65fa6bcb167dc,test,p6_abba_kitchen,ABBA,phase6_pair_ba4b06be0ae5c5a2,a_to_b,Amelia,John,"In the kitchen, Amelia worked with John. After dinner, John passed the recipe card to",Amelia,John,49769,1757
phase6_prompt_22245f1acf18288f,test,p6_abba_kitchen,ABBA,phase6_pair_3ea4c928a32cb535,b_to_a,Bonnie,Amber,"In the kitchen, Bonnie worked with Amber. After dinner, Amber passed the recipe card to",Bonnie,Amber,39203,21896
phase6_prompt_22a20124000b74c9,test,p6_abba_kitchen,ABBA,phase6_pair_c93a443389459cda,a_to_b,Mia,Natalie,"In the kitchen, Mia worked with Natalie. After dinner, Natalie passed the recipe card to",Mia,Natalie,32189,35571
phase6_prompt_23051b02f7432440,test,p6_abba_kitchen,ABBA,phase6_pair_83ce93db4866834e,a_to_b,Maya,Nina,"In the kitchen, Maya worked with Nina. After dinner, Nina passed the recipe card to",Maya,Nina,26041,36300
phase6_prompt_25eb4f27cecad170,test,p6_abba_kitchen,ABBA,phase6_pair_d05ecb1621fbfe80,a_to_b,Monica,Robin,"In the kitchen, Monica worked with Robin. After dinner, Robin passed the recipe card to",Monica,Robin,23240,12325
phase6_prompt_36af8bd7e790a9b5,test,p6_abba_kitchen,ABBA,phase6_pair_a51ddccd84b83769,b_to_a,Claire,Anna,"In the kitchen, Claire worked with Anna. After dinner, Anna passed the recipe card to",Claire,Anna,20758,11735
phase6_prompt_3824e35bb8517c8f,test,p6_abba_kitchen,ABBA,phase6_pair_dc7c4afe450a4123,b_to_a,Judy,Joshua,"In the kitchen, Judy worked with Joshua. After dinner, Joshua passed the recipe card to",Judy,Joshua,26395,20700
phase6_prompt_3a660dba9ff75fd8,test,p6_abba_kitchen,ABBA,phase6_pair_ba24833d8a7a20bb,a_to_b,Rosa,Teresa,"In the kitchen, Rosa worked with Teresa. After dinner, Teresa passed the recipe card to",Rosa,Teresa,27994,34405
phase6_prompt_3b191c19b524a321,test,p6_abba_kitchen,ABBA,phase6_pair_6fb321fd6c59ee74,b_to_a,Leslie,Christopher,"In the kitchen, Leslie worked with Christopher. After dinner, Christopher passed the recipe card to",Leslie,Christopher,26909,12803
phase6_prompt_40242278bbe3c1b6,test,p6_abba_kitchen,ABBA,phase6_pair_f4a693ca9aeb5fcc,b_to_a,Virginia,Holly,"In the kitchen, Virginia worked with Holly. After dinner, Holly passed the recipe card to",Virginia,Holly,6025,7764
phase6_prompt_481f5e3c404f07c4,test,p6_abba_kitchen,ABBA,phase6_pair_c06e43b4adb8976d,a_to_b,Charlotte,Kimberly,"In the kitchen, Charlotte worked with Kimberly. After dinner, Kimberly passed the recipe card to",Charlotte,Kimberly,14685,48685
phase6_prompt_4948471a4c341c99,test,p6_abba_kitchen,ABBA,phase6_pair_4b2031fb3148d3ee,b_to_a,Sophia,April,"In the kitchen, Sophia worked with April. After dinner, April passed the recipe card to",Sophia,April,39953,3035
phase6_prompt_4ec9efb7570b04f9,test,p6_abba_kitchen,ABBA,phase6_pair_d5f78ab0a04f789f,b_to_a,Megan,Martha,"In the kitchen, Megan worked with Martha. After dinner, Martha passed the recipe card to",Megan,Martha,27616,27243
phase6_prompt_5cc5ec3b8aa263cc,test,p6_abba_kitchen,ABBA,phase6_pair_3ff09606e48f88f8,a_to_b,Chloe,Elizabeth,"In the kitchen, Chloe worked with Elizabeth. After dinner, Elizabeth passed the recipe card to",Chloe,Elizabeth,29476,10674
phase6_prompt_60a34d34b5520a3b,test,p6_abba_kitchen,ABBA,phase6_pair_ddeeb5ea0075c302,a_to_b,Rita,Victoria,"In the kitchen, Rita worked with Victoria. After dinner, Victoria passed the recipe card to",Rita,Victoria,42605,12313
phase6_prompt_6477cc938e38a187,test,p6_abba_kitchen,ABBA,phase6_pair_6fb321fd6c59ee74,a_to_b,Christopher,Leslie,"In the kitchen, Christopher worked with Leslie. After dinner, Leslie passed the recipe card to",Christopher,Leslie,12803,26909
phase6_prompt_679bb9ab7b2f3ba4,test,p6_abba_kitchen,ABBA,phase6_pair_ba24833d8a7a20bb,b_to_a,Teresa,Rosa,"In the kitchen, Teresa worked with Rosa. After dinner, Rosa passed the recipe card to",Teresa,Rosa,34405,27994
phase6_prompt_68d0440efe379230,test,p6_abba_kitchen,ABBA,phase6_pair_6dd888711548a86b,a_to_b,Kelly,Tina,"In the kitchen, Kelly worked with Tina. After dinner, Tina passed the recipe card to",Kelly,Tina,9077,35903
phase6_prompt_6ceac3dcad3c1b43,test,p6_abba_kitchen,ABBA,phase6_pair_d3e30bbb7a041256,a_to_b,Joseph,Leah,"In the kitchen, Joseph worked with Leah. After dinner, Leah passed the recipe card to",Joseph,Leah,7212,31232
phase6_prompt_6d7b3d2f2d927f93,test,p6_abba_kitchen,ABBA,phase6_pair_ddeeb5ea0075c302,b_to_a,Victoria,Rita,"In the kitchen, Victoria worked with Rita. After dinner, Rita passed the recipe card to",Victoria,Rita,12313,42605
phase6_prompt_7928d8fd9ecdbddc,test,p6_abba_kitchen,ABBA,phase6_pair_5060e0fc982e9f4d,b_to_a,Paul,Eva,"In the kitchen, Paul worked with Eva. After dinner, Eva passed the recipe card to",Paul,Eva,3362,32355
phase6_prompt_7c26905b58fd5930,test,p6_abba_kitchen,ABBA,phase6_pair_22424491bfa2bbf7,a_to_b,Lisa,Lydia,"In the kitchen, Lisa worked with Lydia. After dinner, Lydia passed the recipe card to",Lisa,Lydia,15378,47766
phase6_prompt_7d2682472df2dffa,test,p6_abba_kitchen,ABBA,phase6_pair_d8aa597f27508605,a_to_b,Christina,Marie,"In the kitchen, Christina worked with Marie. After dinner, Marie passed the recipe card to",Christina,Marie,33673,20492
phase6_prompt_8005cf433f48185a,test,p6_abba_kitchen,ABBA,phase6_pair_70c9b4b466da4e77,a_to_b,Judith,Wendy,"In the kitchen, Judith worked with Wendy. After dinner, Wendy passed the recipe card to",Judith,Wendy,39987,28314
phase6_prompt_8070fd60964c6d8e,test,p6_abba_kitchen,ABBA,phase6_pair_f4a693ca9aeb5fcc,a_to_b,Holly,Virginia,"In the kitchen, Holly worked with Virginia. After dinner, Virginia passed the recipe card to",Holly,Virginia,7764,6025
phase6_prompt_869c0e26975ed789,test,p6_abba_kitchen,ABBA,phase6_pair_d3ce04b561a7a9f6,a_to_b,Gina,Valerie,"In the kitchen, Gina worked with Valerie. After dinner, Valerie passed the recipe card to",Gina,Valerie,43002,45603
phase6_prompt_87002a755d1b3dc3,test,p6_abba_kitchen,ABBA,phase6_pair_4232ece9c5de015e,b_to_a,Sarah,Heather,"In the kitchen, Sarah worked with Heather. After dinner, Heather passed the recipe card to",Sarah,Heather,10490,24253
phase6_prompt_880483e5896e5550,test,p6_abba_kitchen,ABBA,phase6_pair_9d7a2d7573ba79c2,a_to_b,June,Zoe,"In the kitchen, June worked with Zoe. After dinner, Zoe passed the recipe card to",June,Zoe,2795,32280
phase6_prompt_8daca24c99954c7f,test,p6_abba_kitchen,ABBA,phase6_pair_6aa7a55bcb2b78fc,b_to_a,Peggy,Jill,"In the kitchen, Peggy worked with Jill. After dinner, Jill passed the recipe card to",Peggy,Jill,40910,22772
phase6_prompt_92773aa5a5eb96e0,test,p6_abba_kitchen,ABBA,phase6_pair_d5f78ab0a04f789f,a_to_b,Martha,Megan,"In the kitchen, Martha worked with Megan. After dinner, Megan passed the recipe card to",Martha,Megan,27243,27616
phase6_prompt_9362601c4af2ca51,test,p6_abba_kitchen,ABBA,phase6_pair_9af0db44d4680944,a_to_b,Cheryl,Ellie,"In the kitchen, Cheryl worked with Ellie. After dinner, Ellie passed the recipe card to",Cheryl,Ellie,37958,44801
phase6_prompt_96293b7cc7c764ab,test,p6_abba_kitchen,ABBA,phase6_pair_def4c49e912f68a0,b_to_a,Brooke,Avery,"In the kitchen, Brooke worked with Avery. After dinner, Avery passed the recipe card to",Brooke,Avery,46459,29218
phase6_prompt_97bac0a93c4ee962,test,p6_abba_kitchen,ABBA,phase6_pair_6aa7a55bcb2b78fc,a_to_b,Jill,Peggy,"In the kitchen, Jill worked with Peggy. After dinner, Peggy passed the recipe card to",Jill,Peggy,22772,40910
phase6_prompt_998ce3beafb93728,test,p6_abba_kitchen,ABBA,phase6_pair_9af0db44d4680944,b_to_a,Ellie,Cheryl,"In the kitchen, Ellie worked with Cheryl. After dinner, Cheryl passed the recipe card to",Ellie,Cheryl,44801,37958
phase6_prompt_a05fabe6eb4213ea,test,p6_abba_kitchen,ABBA,phase6_pair_27b58d91a8805723,a_to_b,Margaret,Mark,"In the kitchen, Margaret worked with Mark. After dinner, Mark passed the recipe card to",Margaret,Mark,19579,2940
phase6_prompt_a3e2e32b881e60bc,test,p6_abba_kitchen,ABBA,phase6_pair_a51ddccd84b83769,a_to_b,Anna,Claire,"In the kitchen, Anna worked with Claire. After dinner, Claire passed the recipe card to",Anna,Claire,11735,20758
phase6_prompt_b2350e828aaa2fd3,test,p6_abba_kitchen,ABBA,phase6_pair_3ea4c928a32cb535,a_to_b,Amber,Bonnie,"In the kitchen, Amber worked with Bonnie. After dinner, Bonnie passed the recipe card to",Amber,Bonnie,21896,39203
phase6_prompt_b65d6ef6ed59612e,test,p6_abba_kitchen,ABBA,phase6_pair_c05995853090638d,b_to_a,Paige,Joan,"In the kitchen, Paige worked with Joan. After dinner, Joan passed the recipe card to",Paige,Joan,42847,26640
phase6_prompt_b7ddfb06326a5376,test,p6_abba_kitchen,ABBA,phase6_pair_5060e0fc982e9f4d,a_to_b,Eva,Paul,"In the kitchen, Eva worked with Paul. After dinner, Paul passed the recipe card to",Eva,Paul,32355,3362
phase6_prompt_ba91b9dada85f400,test,p6_abba_kitchen,ABBA,phase6_pair_4232ece9c5de015e,a_to_b,Heather,Sarah,"In the kitchen, Heather worked with Sarah. After dinner, Sarah passed the recipe card to",Heather,Sarah,24253,10490
phase6_prompt_bc3574db45ed6e82,test,p6_abba_kitchen,ABBA,phase6_pair_c93a443389459cda,b_to_a,Natalie,Mia,"In the kitchen, Natalie worked with Mia. After dinner, Mia passed the recipe card to",Natalie,Mia,35571,32189
phase6_prompt_bfbe0f0f6ad85115,test,p6_abba_kitchen,ABBA,phase6_pair_ed2f73ba899c96f0,b_to_a,Melissa,Anne,"In the kitchen, Melissa worked with Anne. After dinner, Anne passed the recipe card to",Melissa,Anne,24164,15397
phase6_prompt_d09c1ad08454734f,test,p6_abba_kitchen,ABBA,phase6_pair_3ff09606e48f88f8,b_to_a,Elizabeth,Chloe,"In the kitchen, Elizabeth worked with Chloe. After dinner, Chloe passed the recipe card to",Elizabeth,Chloe,10674,29476
phase6_prompt_d6168016b4ffb49f,test,p6_abba_kitchen,ABBA,phase6_pair_22424491bfa2bbf7,b_to_a,Lydia,Lisa,"In the kitchen, Lydia worked with Lisa. After dinner, Lisa passed the recipe card to",Lydia,Lisa,47766,15378
phase6_prompt_dc79f27c8039a5f9,test,p6_abba_kitchen,ABBA,phase6_pair_c06e43b4adb8976d,b_to_a,Kimberly,Charlotte,"In the kitchen, Kimberly worked with Charlotte. After dinner, Charlotte passed the recipe card to",Kimberly,Charlotte,48685,14685
phase6_prompt_df2b67a5cc03f761,test,p6_abba_kitchen,ABBA,phase6_pair_cdf0d5b696403826,b_to_a,Madison,Erica,"In the kitchen, Madison worked with Erica. After dinner, Erica passed the recipe card to",Madison,Erica,14909,45187
phase6_prompt_e44b47ff5d60cde0,test,p6_abba_kitchen,ABBA,phase6_pair_ba4b06be0ae5c5a2,b_to_a,John,Amelia,"In the kitchen, John worked with Amelia. After dinner, Amelia passed the recipe card to",John,Amelia,1757,49769
phase6_prompt_e6470fb4a43b92ea,test,p6_abba_kitchen,ABBA,phase6_pair_def4c49e912f68a0,a_to_b,Avery,Brooke,"In the kitchen, Avery worked with Brooke. After dinner, Brooke passed the recipe card to",Avery,Brooke,29218,46459
phase6_prompt_e7d46ca1f56c8906,test,p6_abba_kitchen,ABBA,phase6_pair_8cda82f11e5705a9,b_to_a,Steven,Scarlett,"In the kitchen, Steven worked with Scarlett. After dinner, Scarlett passed the recipe card to",Steven,Scarlett,8239,45046
phase6_prompt_ebf801281f6c545c,test,p6_abba_kitchen,ABBA,phase6_pair_c05995853090638d,a_to_b,Joan,Paige,"In the kitchen, Joan worked with Paige. After dinner, Paige passed the recipe card to",Joan,Paige,26640,42847
phase6_prompt_ee4f89ecbfd5224d,test,p6_abba_kitchen,ABBA,phase6_pair_d3e30bbb7a041256,b_to_a,Leah,Joseph,"In the kitchen, Leah worked with Joseph. After dinner, Joseph passed the recipe card to",Leah,Joseph,31232,7212
phase6_prompt_f1b963fa04b0f5d1,test,p6_abba_kitchen,ABBA,phase6_pair_4b2031fb3148d3ee,a_to_b,April,Sophia,"In the kitchen, April worked with Sophia. After dinner, Sophia passed the recipe card to",April,Sophia,3035,39953
phase6_prompt_f3f6fd7942937885,test,p6_abba_kitchen,ABBA,phase6_pair_d05ecb1621fbfe80,b_to_a,Robin,Monica,"In the kitchen, Robin worked with Monica. After dinner, Monica passed the recipe card to",Robin,Monica,12325,23240
phase6_prompt_f51815d86514cdae,test,p6_abba_kitchen,ABBA,phase6_pair_cdf0d5b696403826,a_to_b,Erica,Madison,"In the kitchen, Erica worked with Madison. After dinner, Madison passed the recipe card to",Erica,Madison,45187,14909
phase6_prompt_f888be6bbc560651,test,p6_abba_kitchen,ABBA,phase6_pair_9d7a2d7573ba79c2,b_to_a,Zoe,June,"In the kitchen, Zoe worked with June. After dinner, June passed the recipe card to",Zoe,June,32280,2795
phase6_prompt_fad028d5b3654eba,test,p6_abba_kitchen,ABBA,phase6_pair_8cda82f11e5705a9,a_to_b,Scarlett,Steven,"In the kitchen, Scarlett worked with Steven. After dinner, Steven passed the recipe card to",Scarlett,Steven,45046,8239
phase6_prompt_fbff9b678c24db15,test,p6_abba_kitchen,ABBA,phase6_pair_d8aa597f27508605,b_to_a,Marie,Christina,"In the kitchen, Marie worked with Christina. After dinner, Christina passed the recipe card to",Marie,Christina,20492,33673
phase6_prompt_fc1bc248610cb8a5,test,p6_abba_kitchen,ABBA,phase6_pair_d3ce04b561a7a9f6,b_to_a,Valerie,Gina,"In the kitchen, Valerie worked with Gina. After dinner, Gina passed the recipe card to",Valerie,Gina,45603,43002
phase6_prompt_fd71a3764d33a67f,test,p6_abba_kitchen,ABBA,phase6_pair_70c9b4b466da4e77,b_to_a,Wendy,Judith,"In the kitchen, Wendy worked with Judith. After dinner, Judith passed the recipe card to",Wendy,Judith,28314,39987
phase6_prompt_0772eba9639dfda5,test,p6_abba_library,ABBA,phase6_pair_ba4b06be0ae5c5a2,b_to_a,John,Amelia,"At the library, John met Amelia. When the doors closed, Amelia handed the borrowed novel to",John,Amelia,1757,49769
phase6_prompt_0cc44ffc8c67445f,test,p6_abba_library,ABBA,phase6_pair_cdf0d5b696403826,a_to_b,Erica,Madison,"At the library, Erica met Madison. When the doors closed, Madison handed the borrowed novel to",Erica,Madison,45187,14909
phase6_prompt_12c6e0fb2d0a3f29,test,p6_abba_library,ABBA,phase6_pair_70c9b4b466da4e77,a_to_b,Judith,Wendy,"At the library, Judith met Wendy. When the doors closed, Wendy handed the borrowed novel to",Judith,Wendy,39987,28314
phase6_prompt_1aea58a638dac895,test,p6_abba_library,ABBA,phase6_pair_3ea4c928a32cb535,b_to_a,Bonnie,Amber,"At the library, Bonnie met Amber. When the doors closed, Amber handed the borrowed novel to",Bonnie,Amber,39203,21896
phase6_prompt_256e1408da725feb,test,p6_abba_library,ABBA,phase6_pair_ba4b06be0ae5c5a2,a_to_b,Amelia,John,"At the library, Amelia met John. When the doors closed, John handed the borrowed novel to",Amelia,John,49769,1757
phase6_prompt_2713902332afa61c,test,p6_abba_library,ABBA,phase6_pair_6aa7a55bcb2b78fc,b_to_a,Peggy,Jill,"At the library, Peggy met Jill. When the doors closed, Jill handed the borrowed novel to",Peggy,Jill,40910,22772
phase6_prompt_38a2f580c57c5cbf,test,p6_abba_library,ABBA,phase6_pair_9af0db44d4680944,b_to_a,Ellie,Cheryl,"At the library, Ellie met Cheryl. When the doors closed, Cheryl handed the borrowed novel to",Ellie,Cheryl,44801,37958
phase6_prompt_3e8c0b6186079d3d,test,p6_abba_library,ABBA,phase6_pair_ed2f73ba899c96f0,b_to_a,Melissa,Anne,"At the library, Melissa met Anne. When the doors closed, Anne handed the borrowed novel to",Melissa,Anne,24164,15397
phase6_prompt_47658440f8e8a97a,test,p6_abba_library,ABBA,phase6_pair_c06e43b4adb8976d,a_to_b,Charlotte,Kimberly,"At the library, Charlotte met Kimberly. When the doors closed, Kimberly handed the borrowed novel to",Charlotte,Kimberly,14685,48685
phase6_prompt_4b1a4e103e114a31,test,p6_abba_library,ABBA,phase6_pair_d3ce04b561a7a9f6,b_to_a,Valerie,Gina,"At the library, Valerie met Gina. When the doors closed, Gina handed the borrowed novel to",Valerie,Gina,45603,43002
phase6_prompt_5163e163dddb8fd8,test,p6_abba_library,ABBA,phase6_pair_70c9b4b466da4e77,b_to_a,Wendy,Judith,"At the library, Wendy met Judith. When the doors closed, Judith handed the borrowed novel to",Wendy,Judith,28314,39987
phase6_prompt_55a5c648c64e25e6,test,p6_abba_library,ABBA,phase6_pair_d8aa597f27508605,b_to_a,Marie,Christina,"At the library, Marie met Christina. When the doors closed, Christina handed the borrowed novel to",Marie,Christina,20492,33673
phase6_prompt_5ab86c62bc6165a1,test,p6_abba_library,ABBA,phase6_pair_dc7c4afe450a4123,b_to_a,Judy,Joshua,"At the library, Judy met Joshua. When the doors closed, Joshua handed the borrowed novel to",Judy,Joshua,26395,20700
phase6_prompt_5c282f3bec4c6bfc,test,p6_abba_library,ABBA,phase6_pair_83ce93db4866834e,a_to_b,Maya,Nina,"At the library, Maya met Nina. When the doors closed, Nina handed the borrowed novel to",Maya,Nina,26041,36300
phase6_prompt_64c3e1a8b6c362f5,test,p6_abba_library,ABBA,phase6_pair_6dd888711548a86b,a_to_b,Kelly,Tina,"At the library, Kelly met Tina. When the doors closed, Tina handed the borrowed novel to",Kelly,Tina,9077,35903
phase6_prompt_676eea7865e481a1,test,p6_abba_library,ABBA,phase6_pair_d3ce04b561a7a9f6,a_to_b,Gina,Valerie,"At the library, Gina met Valerie. When the doors closed, Valerie handed the borrowed novel to",Gina,Valerie,43002,45603
phase6_prompt_67d69a9c3b936774,test,p6_abba_library,ABBA,phase6_pair_d3e30bbb7a041256,b_to_a,Leah,Joseph,"At the library, Leah met Joseph. When the doors closed, Joseph handed the borrowed novel to",Leah,Joseph,31232,7212
phase6_prompt_6f95226b2fdf1caf,test,p6_abba_library,ABBA,phase6_pair_d05ecb1621fbfe80,b_to_a,Robin,Monica,"At the library, Robin met Monica. When the doors closed, Monica handed the borrowed novel to",Robin,Monica,12325,23240
phase6_prompt_752467441d2c9ac0,test,p6_abba_library,ABBA,phase6_pair_ba24833d8a7a20bb,b_to_a,Teresa,Rosa,"At the library, Teresa met Rosa. When the doors closed, Rosa handed the borrowed novel to",Teresa,Rosa,34405,27994
phase6_prompt_75f4e248cfdcd1fd,test,p6_abba_library,ABBA,phase6_pair_83ce93db4866834e,b_to_a,Nina,Maya,"At the library, Nina met Maya. When the doors closed, Maya handed the borrowed novel to",Nina,Maya,36300,26041
phase6_prompt_771491f4a274aa7b,test,p6_abba_library,ABBA,phase6_pair_c05995853090638d,a_to_b,Joan,Paige,"At the library, Joan met Paige. When the doors closed, Paige handed the borrowed novel to",Joan,Paige,26640,42847
phase6_prompt_7bafa14d5faa0dd8,test,p6_abba_library,ABBA,phase6_pair_4b2031fb3148d3ee,a_to_b,April,Sophia,"At the library, April met Sophia. When the doors closed, Sophia handed the borrowed novel to",April,Sophia,3035,39953
phase6_prompt_7c54b55f540c5273,test,p6_abba_library,ABBA,phase6_pair_cdf0d5b696403826,b_to_a,Madison,Erica,"At the library, Madison met Erica. When the doors closed, Erica handed the borrowed novel to",Madison,Erica,14909,45187
phase6_prompt_7c99d24d2b771114,test,p6_abba_library,ABBA,phase6_pair_27b58d91a8805723,a_to_b,Margaret,Mark,"At the library, Margaret met Mark. When the doors closed, Mark handed the borrowed novel to",Margaret,Mark,19579,2940
phase6_prompt_87858a629612e0c2,test,p6_abba_library,ABBA,phase6_pair_3ff09606e48f88f8,b_to_a,Elizabeth,Chloe,"At the library, Elizabeth met Chloe. When the doors closed, Chloe handed the borrowed novel to",Elizabeth,Chloe,10674,29476
phase6_prompt_882f8d546eebc937,test,p6_abba_library,ABBA,phase6_pair_d5f78ab0a04f789f,a_to_b,Martha,Megan,"At the library, Martha met Megan. When the doors closed, Megan handed the borrowed novel to",Martha,Megan,27243,27616
phase6_prompt_8e994c0cca8676e1,test,p6_abba_library,ABBA,phase6_pair_dc7c4afe450a4123,a_to_b,Joshua,Judy,"At the library, Joshua met Judy. When the doors closed, Judy handed the borrowed novel to",Joshua,Judy,20700,26395
phase6_prompt_8f567b585af0067e,test,p6_abba_library,ABBA,phase6_pair_c06e43b4adb8976d,b_to_a,Kimberly,Charlotte,"At the library, Kimberly met Charlotte. When the doors closed, Charlotte handed the borrowed novel to",Kimberly,Charlotte,48685,14685
phase6_prompt_8f65afd862b3d203,test,p6_abba_library,ABBA,phase6_pair_5060e0fc982e9f4d,b_to_a,Paul,Eva,"At the library, Paul met Eva. When the doors closed, Eva handed the borrowed novel to",Paul,Eva,3362,32355
phase6_prompt_9015d7dd94f996bc,test,p6_abba_library,ABBA,phase6_pair_a51ddccd84b83769,a_to_b,Anna,Claire,"At the library, Anna met Claire. When the doors closed, Claire handed the borrowed novel to",Anna,Claire,11735,20758
phase6_prompt_9416ef403df81de8,test,p6_abba_library,ABBA,phase6_pair_27b58d91a8805723,b_to_a,Mark,Margaret,"At the library, Mark met Margaret. When the doors closed, Margaret handed the borrowed novel to",Mark,Margaret,2940,19579
phase6_prompt_9b403bf5d627b29c,test,p6_abba_library,ABBA,phase6_pair_def4c49e912f68a0,b_to_a,Brooke,Avery,"At the library, Brooke met Avery. When the doors closed, Avery handed the borrowed novel to",Brooke,Avery,46459,29218
phase6_prompt_9d2dbff680ae1cea,test,p6_abba_library,ABBA,phase6_pair_4b2031fb3148d3ee,b_to_a,Sophia,April,"At the library, Sophia met April. When the doors closed, April handed the borrowed novel to",Sophia,April,39953,3035
phase6_prompt_9d8d61db73aeb44c,test,p6_abba_library,ABBA,phase6_pair_4232ece9c5de015e,a_to_b,Heather,Sarah,"At the library, Heather met Sarah. When the doors closed, Sarah handed the borrowed novel to",Heather,Sarah,24253,10490
phase6_prompt_a0cbd4900a0599ec,test,p6_abba_library,ABBA,phase6_pair_d3e30bbb7a041256,a_to_b,Joseph,Leah,"At the library, Joseph met Leah. When the doors closed, Leah handed the borrowed novel to",Joseph,Leah,7212,31232
phase6_prompt_a0e70613df4fdb51,test,p6_abba_library,ABBA,phase6_pair_9af0db44d4680944,a_to_b,Cheryl,Ellie,"At the library, Cheryl met Ellie. When the doors closed, Ellie handed the borrowed novel to",Cheryl,Ellie,37958,44801
phase6_prompt_a262de931887201e,test,p6_abba_library,ABBA,phase6_pair_3ea4c928a32cb535,a_to_b,Amber,Bonnie,"At the library, Amber met Bonnie. When the doors closed, Bonnie handed the borrowed novel to",Amber,Bonnie,21896,39203
phase6_prompt_a42dd780569943f4,test,p6_abba_library,ABBA,phase6_pair_6aa7a55bcb2b78fc,a_to_b,Jill,Peggy,"At the library, Jill met Peggy. When the doors closed, Peggy handed the borrowed novel to",Jill,Peggy,22772,40910
phase6_prompt_a9ea1590aa5aa5e5,test,p6_abba_library,ABBA,phase6_pair_c93a443389459cda,b_to_a,Natalie,Mia,"At the library, Natalie met Mia. When the doors closed, Mia handed the borrowed novel to",Natalie,Mia,35571,32189
phase6_prompt_aa55aa7f1c019b24,test,p6_abba_library,ABBA,phase6_pair_def4c49e912f68a0,a_to_b,Avery,Brooke,"At the library, Avery met Brooke. When the doors closed, Brooke handed the borrowed novel to",Avery,Brooke,29218,46459
phase6_prompt_aa6ad83331a6fc22,test,p6_abba_library,ABBA,phase6_pair_c93a443389459cda,a_to_b,Mia,Natalie,"At the library, Mia met Natalie. When the doors closed, Natalie handed the borrowed novel to",Mia,Natalie,32189,35571
phase6_prompt_add2edf77e8198ce,test,p6_abba_library,ABBA,phase6_pair_3ff09606e48f88f8,a_to_b,Chloe,Elizabeth,"At the library, Chloe met Elizabeth. When the doors closed, Elizabeth handed the borrowed novel to",Chloe,Elizabeth,29476,10674
phase6_prompt_af13c685b132c2b6,test,p6_abba_library,ABBA,phase6_pair_6fb321fd6c59ee74,a_to_b,Christopher,Leslie,"At the library, Christopher met Leslie. When the doors closed, Leslie handed the borrowed novel to",Christopher,Leslie,12803,26909
phase6_prompt_b73c6f62e8c3891a,test,p6_abba_library,ABBA,phase6_pair_ba24833d8a7a20bb,a_to_b,Rosa,Teresa,"At the library, Rosa met Teresa. When the doors closed, Teresa handed the borrowed novel to",Rosa,Teresa,27994,34405
phase6_prompt_b8edec2782482276,test,p6_abba_library,ABBA,phase6_pair_f4a693ca9aeb5fcc,a_to_b,Holly,Virginia,"At the library, Holly met Virginia. When the doors closed, Virginia handed the borrowed novel to",Holly,Virginia,7764,6025
phase6_prompt_b8f310bce0ca0a7f,test,p6_abba_library,ABBA,phase6_pair_d8aa597f27508605,a_to_b,Christina,Marie,"At the library, Christina met Marie. When the doors closed, Marie handed the borrowed novel to",Christina,Marie,33673,20492
phase6_prompt_c6f756050a5f2706,test,p6_abba_library,ABBA,phase6_pair_f4a693ca9aeb5fcc,b_to_a,Virginia,Holly,"At the library, Virginia met Holly. When the doors closed, Holly handed the borrowed novel to",Virginia,Holly,6025,7764
phase6_prompt_cb54da738d2be407,test,p6_abba_library,ABBA,phase6_pair_22424491bfa2bbf7,a_to_b,Lisa,Lydia,"At the library, Lisa met Lydia. When the doors closed, Lydia handed the borrowed novel to",Lisa,Lydia,15378,47766
phase6_prompt_cbddf42d8edd9821,test,p6_abba_library,ABBA,phase6_pair_6dd888711548a86b,b_to_a,Tina,Kelly,"At the library, Tina met Kelly. When the doors closed, Kelly handed the borrowed novel to",Tina,Kelly,35903,9077
phase6_prompt_cdbf9e4e5ddbe778,test,p6_abba_library,ABBA,phase6_pair_a51ddccd84b83769,b_to_a,Claire,Anna,"At the library, Claire met Anna. When the doors closed, Anna handed the borrowed novel to",Claire,Anna,20758,11735
phase6_prompt_d3e3de09b545279c,test,p6_abba_library,ABBA,phase6_pair_9d7a2d7573ba79c2,b_to_a,Zoe,June,"At the library, Zoe met June. When the doors closed, June handed the borrowed novel to",Zoe,June,32280,2795
phase6_prompt_d6a69f773a6fd25c,test,p6_abba_library,ABBA,phase6_pair_c05995853090638d,b_to_a,Paige,Joan,"At the library, Paige met Joan. When the doors closed, Joan handed the borrowed novel to",Paige,Joan,42847,26640
phase6_prompt_d6b0b1b6000c1207,test,p6_abba_library,ABBA,phase6_pair_6fb321fd6c59ee74,b_to_a,Leslie,Christopher,"At the library, Leslie met Christopher. When the doors closed, Christopher handed the borrowed novel to",Leslie,Christopher,26909,12803
phase6_prompt_d8425b897ec6101a,test,p6_abba_library,ABBA,phase6_pair_8cda82f11e5705a9,a_to_b,Scarlett,Steven,"At the library, Scarlett met Steven. When the doors closed, Steven handed the borrowed novel to",Scarlett,Steven,45046,8239
phase6_prompt_e9d328bc23a8c61c,test,p6_abba_library,ABBA,phase6_pair_ddeeb5ea0075c302,a_to_b,Rita,Victoria,"At the library, Rita met Victoria. When the doors closed, Victoria handed the borrowed novel to",Rita,Victoria,42605,12313
phase6_prompt_eaaa62aa38035887,test,p6_abba_library,ABBA,phase6_pair_4232ece9c5de015e,b_to_a,Sarah,Heather,"At the library, Sarah met Heather. When the doors closed, Heather handed the borrowed novel to",Sarah,Heather,10490,24253
phase6_prompt_ebf44ee8dd3d952e,test,p6_abba_library,ABBA,phase6_pair_5060e0fc982e9f4d,a_to_b,Eva,Paul,"At the library, Eva met Paul. When the doors closed, Paul handed the borrowed novel to",Eva,Paul,32355,3362
phase6_prompt_ec70349fdbbedb45,test,p6_abba_library,ABBA,phase6_pair_d05ecb1621fbfe80,a_to_b,Monica,Robin,"At the library, Monica met Robin. When the doors closed, Robin handed the borrowed novel to",Monica,Robin,23240,12325
phase6_prompt_f3c6b74a85572f85,test,p6_abba_library,ABBA,phase6_pair_ed2f73ba899c96f0,a_to_b,Anne,Melissa,"At the library, Anne met Melissa. When the doors closed, Melissa handed the borrowed novel to",Anne,Melissa,15397,24164
phase6_prompt_f3e81adbcfa1760f,test,p6_abba_library,ABBA,phase6_pair_ddeeb5ea0075c302,b_to_a,Victoria,Rita,"At the library, Victoria met Rita. When the doors closed, Rita handed the borrowed novel to",Victoria,Rita,12313,42605
phase6_prompt_f5de874294b254a7,test,p6_abba_library,ABBA,phase6_pair_22424491bfa2bbf7,b_to_a,Lydia,Lisa,"At the library, Lydia met Lisa. When the doors closed, Lisa handed the borrowed novel to",Lydia,Lisa,47766,15378
phase6_prompt_f69d884abadbabef,test,p6_abba_library,ABBA,phase6_pair_8cda82f11e5705a9,b_to_a,Steven,Scarlett,"At the library, Steven met Scarlett. When the doors closed, Scarlett handed the borrowed novel to",Steven,Scarlett,8239,45046
phase6_prompt_f7a10f036521f379,test,p6_abba_library,ABBA,phase6_pair_9d7a2d7573ba79c2,a_to_b,June,Zoe,"At the library, June met Zoe. When the doors closed, Zoe handed the borrowed novel to",June,Zoe,2795,32280
phase6_prompt_fabfdd1983bc48d6,test,p6_abba_library,ABBA,phase6_pair_d5f78ab0a04f789f,b_to_a,Megan,Martha,"At the library, Megan met Martha. When the doors closed, Martha handed the borrowed novel to",Megan,Martha,27616,27243
phase6_prompt_09f660e1c8a1e27f,test,p6_abba_museum,ABBA,phase6_pair_4b2031fb3148d3ee,b_to_a,Sophia,April,"At the museum, Sophia spoke with April. Later, April offered the exhibit guide to",Sophia,April,39953,3035
phase6_prompt_0c9da3174888d9e0,test,p6_abba_museum,ABBA,phase6_pair_c05995853090638d,a_to_b,Joan,Paige,"At the museum, Joan spoke with Paige. Later, Paige offered the exhibit guide to",Joan,Paige,26640,42847
phase6_prompt_0cd976d868478648,test,p6_abba_museum,ABBA,phase6_pair_83ce93db4866834e,b_to_a,Nina,Maya,"At the museum, Nina spoke with Maya. Later, Maya offered the exhibit guide to",Nina,Maya,36300,26041
phase6_prompt_0e56e55763638b27,test,p6_abba_museum,ABBA,phase6_pair_c06e43b4adb8976d,b_to_a,Kimberly,Charlotte,"At the museum, Kimberly spoke with Charlotte. Later, Charlotte offered the exhibit guide to",Kimberly,Charlotte,48685,14685
phase6_prompt_117b9cdf9ca27c6c,test,p6_abba_museum,ABBA,phase6_pair_ddeeb5ea0075c302,b_to_a,Victoria,Rita,"At the museum, Victoria spoke with Rita. Later, Rita offered the exhibit guide to",Victoria,Rita,12313,42605
phase6_prompt_11c66021474ff050,test,p6_abba_museum,ABBA,phase6_pair_3ea4c928a32cb535,a_to_b,Amber,Bonnie,"At the museum, Amber spoke with Bonnie. Later, Bonnie offered the exhibit guide to",Amber,Bonnie,21896,39203
phase6_prompt_1cdc8a46f6056941,test,p6_abba_museum,ABBA,phase6_pair_6fb321fd6c59ee74,b_to_a,Leslie,Christopher,"At the museum, Leslie spoke with Christopher. Later, Christopher offered the exhibit guide to",Leslie,Christopher,26909,12803
phase6_prompt_1d12b9f194861b8c,test,p6_abba_museum,ABBA,phase6_pair_d8aa597f27508605,b_to_a,Marie,Christina,"At the museum, Marie spoke with Christina. Later, Christina offered the exhibit guide to",Marie,Christina,20492,33673
phase6_prompt_1df148cdd0dc6372,test,p6_abba_museum,ABBA,phase6_pair_d3e30bbb7a041256,b_to_a,Leah,Joseph,"At the museum, Leah spoke with Joseph. Later, Joseph offered the exhibit guide to",Leah,Joseph,31232,7212
phase6_prompt_1e2b6343912fa754,test,p6_abba_museum,ABBA,phase6_pair_3ff09606e48f88f8,b_to_a,Elizabeth,Chloe,"At the museum, Elizabeth spoke with Chloe. Later, Chloe offered the exhibit guide to",Elizabeth,Chloe,10674,29476
phase6_prompt_1eae5a0709cfc535,test,p6_abba_museum,ABBA,phase6_pair_dc7c4afe450a4123,a_to_b,Joshua,Judy,"At the museum, Joshua spoke with Judy. Later, Judy offered the exhibit guide to",Joshua,Judy,20700,26395
phase6_prompt_21525630a5445cbd,test,p6_abba_museum,ABBA,phase6_pair_22424491bfa2bbf7,b_to_a,Lydia,Lisa,"At the museum, Lydia spoke with Lisa. Later, Lisa offered the exhibit guide to",Lydia,Lisa,47766,15378
phase6_prompt_2a234f30694b4e0e,test,p6_abba_museum,ABBA,phase6_pair_c06e43b4adb8976d,a_to_b,Charlotte,Kimberly,"At the museum, Charlotte spoke with Kimberly. Later, Kimberly offered the exhibit guide to",Charlotte,Kimberly,14685,48685
phase6_prompt_2c32d6eded861b0b,test,p6_abba_museum,ABBA,phase6_pair_d3e30bbb7a041256,a_to_b,Joseph,Leah,"At the museum, Joseph spoke with Leah. Later, Leah offered the exhibit guide to",Joseph,Leah,7212,31232
phase6_prompt_2e5cb56c1893bfca,test,p6_abba_museum,ABBA,phase6_pair_8cda82f11e5705a9,b_to_a,Steven,Scarlett,"At the museum, Steven spoke with Scarlett. Later, Scarlett offered the exhibit guide to",Steven,Scarlett,8239,45046
phase6_prompt_2ffd6d9f8a708332,test,p6_abba_museum,ABBA,phase6_pair_4232ece9c5de015e,a_to_b,Heather,Sarah,"At the museum, Heather spoke with Sarah. Later, Sarah offered the exhibit guide to",Heather,Sarah,24253,10490
phase6_prompt_30002a4c845a152a,test,p6_abba_museum,ABBA,phase6_pair_9d7a2d7573ba79c2,b_to_a,Zoe,June,"At the museum, Zoe spoke with June. Later, June offered the exhibit guide to",Zoe,June,32280,2795
phase6_prompt_340cdf89903331d9,test,p6_abba_museum,ABBA,phase6_pair_ba24833d8a7a20bb,b_to_a,Teresa,Rosa,"At the museum, Teresa spoke with Rosa. Later, Rosa offered the exhibit guide to",Teresa,Rosa,34405,27994
phase6_prompt_34ad9c52ec515bea,test,p6_abba_museum,ABBA,phase6_pair_d05ecb1621fbfe80,b_to_a,Robin,Monica,"At the museum, Robin spoke with Monica. Later, Monica offered the exhibit guide to",Robin,Monica,12325,23240
phase6_prompt_4026cca695c292b0,test,p6_abba_museum,ABBA,phase6_pair_d05ecb1621fbfe80,a_to_b,Monica,Robin,"At the museum, Monica spoke with Robin. Later, Robin offered the exhibit guide to",Monica,Robin,23240,12325
phase6_prompt_423016bf9e5f3a5e,test,p6_abba_museum,ABBA,phase6_pair_83ce93db4866834e,a_to_b,Maya,Nina,"At the museum, Maya spoke with Nina. Later, Nina offered the exhibit guide to",Maya,Nina,26041,36300
phase6_prompt_438ff6b2faac6789,test,p6_abba_museum,ABBA,phase6_pair_cdf0d5b696403826,b_to_a,Madison,Erica,"At the museum, Madison spoke with Erica. Later, Erica offered the exhibit guide to",Madison,Erica,14909,45187
phase6_prompt_4449f3a786ec2359,test,p6_abba_museum,ABBA,phase6_pair_6dd888711548a86b,b_to_a,Tina,Kelly,"At the museum, Tina spoke with Kelly. Later, Kelly offered the exhibit guide to",Tina,Kelly,35903,9077
phase6_prompt_4468477fc8860581,test,p6_abba_museum,ABBA,phase6_pair_a51ddccd84b83769,a_to_b,Anna,Claire,"At the museum, Anna spoke with Claire. Later, Claire offered the exhibit guide to",Anna,Claire,11735,20758
phase6_prompt_46a7da89cbacd941,test,p6_abba_museum,ABBA,phase6_pair_c93a443389459cda,a_to_b,Mia,Natalie,"At the museum, Mia spoke with Natalie. Later, Natalie offered the exhibit guide to",Mia,Natalie,32189,35571
phase6_prompt_4943abb998c6b227,test,p6_abba_museum,ABBA,phase6_pair_ba4b06be0ae5c5a2,b_to_a,John,Amelia,"At the museum, John spoke with Amelia. Later, Amelia offered the exhibit guide to",John,Amelia,1757,49769
phase6_prompt_4a840fc997080fa3,test,p6_abba_museum,ABBA,phase6_pair_c93a443389459cda,b_to_a,Natalie,Mia,"At the museum, Natalie spoke with Mia. Later, Mia offered the exhibit guide to",Natalie,Mia,35571,32189
phase6_prompt_54320b3f3057024a,test,p6_abba_museum,ABBA,phase6_pair_5060e0fc982e9f4d,b_to_a,Paul,Eva,"At the museum, Paul spoke with Eva. Later, Eva offered the exhibit guide to",Paul,Eva,3362,32355
phase6_prompt_55eed9ed370b7ef1,test,p6_abba_museum,ABBA,phase6_pair_a51ddccd84b83769,b_to_a,Claire,Anna,"At the museum, Claire spoke with Anna. Later, Anna offered the exhibit guide to",Claire,Anna,20758,11735
phase6_prompt_56315d522884dffa,test,p6_abba_museum,ABBA,phase6_pair_3ff09606e48f88f8,a_to_b,Chloe,Elizabeth,"At the museum, Chloe spoke with Elizabeth. Later, Elizabeth offered the exhibit guide to",Chloe,Elizabeth,29476,10674
phase6_prompt_58e8c15eea2c866e,test,p6_abba_museum,ABBA,phase6_pair_70c9b4b466da4e77,b_to_a,Wendy,Judith,"At the museum, Wendy spoke with Judith. Later, Judith offered the exhibit guide to",Wendy,Judith,28314,39987
phase6_prompt_63c1e3e23be9f144,test,p6_abba_museum,ABBA,phase6_pair_4232ece9c5de015e,b_to_a,Sarah,Heather,"At the museum, Sarah spoke with Heather. Later, Heather offered the exhibit guide to",Sarah,Heather,10490,24253
phase6_prompt_6a6120cf922720c4,test,p6_abba_museum,ABBA,phase6_pair_cdf0d5b696403826,a_to_b,Erica,Madison,"At the museum, Erica spoke with Madison. Later, Madison offered the exhibit guide to",Erica,Madison,45187,14909
phase6_prompt_6b555ab09e94355d,test,p6_abba_museum,ABBA,phase6_pair_70c9b4b466da4e77,a_to_b,Judith,Wendy,"At the museum, Judith spoke with Wendy. Later, Wendy offered the exhibit guide to",Judith,Wendy,39987,28314
phase6_prompt_6c7a1120d7f7224e,test,p6_abba_museum,ABBA,phase6_pair_d5f78ab0a04f789f,b_to_a,Megan,Martha,"At the museum, Megan spoke with Martha. Later, Martha offered the exhibit guide to",Megan,Martha,27616,27243
phase6_prompt_6cd43474287b3c04,test,p6_abba_museum,ABBA,phase6_pair_22424491bfa2bbf7,a_to_b,Lisa,Lydia,"At the museum, Lisa spoke with Lydia. Later, Lydia offered the exhibit guide to",Lisa,Lydia,15378,47766
phase6_prompt_75abaa2140de4869,test,p6_abba_museum,ABBA,phase6_pair_d5f78ab0a04f789f,a_to_b,Martha,Megan,"At the museum, Martha spoke with Megan. Later, Megan offered the exhibit guide to",Martha,Megan,27243,27616
phase6_prompt_804aaa37f118fe7e,test,p6_abba_museum,ABBA,phase6_pair_f4a693ca9aeb5fcc,b_to_a,Virginia,Holly,"At the museum, Virginia spoke with Holly. Later, Holly offered the exhibit guide to",Virginia,Holly,6025,7764
phase6_prompt_868fd55e49e024ad,test,p6_abba_museum,ABBA,phase6_pair_d8aa597f27508605,a_to_b,Christina,Marie,"At the museum, Christina spoke with Marie. Later, Marie offered the exhibit guide to",Christina,Marie,33673,20492
phase6_prompt_91ec61ef9d47f354,test,p6_abba_museum,ABBA,phase6_pair_6aa7a55bcb2b78fc,a_to_b,Jill,Peggy,"At the museum, Jill spoke with Peggy. Later, Peggy offered the exhibit guide to",Jill,Peggy,22772,40910
phase6_prompt_938ccf637b066222,test,p6_abba_museum,ABBA,phase6_pair_def4c49e912f68a0,a_to_b,Avery,Brooke,"At the museum, Avery spoke with Brooke. Later, Brooke offered the exhibit guide to",Avery,Brooke,29218,46459
phase6_prompt_946eadac8f445a5e,test,p6_abba_museum,ABBA,phase6_pair_ed2f73ba899c96f0,a_to_b,Anne,Melissa,"At the museum, Anne spoke with Melissa. Later, Melissa offered the exhibit guide to",Anne,Melissa,15397,24164
phase6_prompt_960c8970435af8ce,test,p6_abba_museum,ABBA,phase6_pair_ddeeb5ea0075c302,a_to_b,Rita,Victoria,"At the museum, Rita spoke with Victoria. Later, Victoria offered the exhibit guide to",Rita,Victoria,42605,12313
phase6_prompt_973cc48ce198b82a,test,p6_abba_museum,ABBA,phase6_pair_ba4b06be0ae5c5a2,a_to_b,Amelia,John,"At the museum, Amelia spoke with John. Later, John offered the exhibit guide to",Amelia,John,49769,1757
phase6_prompt_9b3593542969f3f7,test,p6_abba_museum,ABBA,phase6_pair_9d7a2d7573ba79c2,a_to_b,June,Zoe,"At the museum, June spoke with Zoe. Later, Zoe offered the exhibit guide to",June,Zoe,2795,32280
phase6_prompt_9bd9b86e4a8f5ff1,test,p6_abba_museum,ABBA,phase6_pair_9af0db44d4680944,a_to_b,Cheryl,Ellie,"At the museum, Cheryl spoke with Ellie. Later, Ellie offered the exhibit guide to",Cheryl,Ellie,37958,44801
phase6_prompt_9ed5bcad4405bf20,test,p6_abba_museum,ABBA,phase6_pair_6aa7a55bcb2b78fc,b_to_a,Peggy,Jill,"At the museum, Peggy spoke with Jill. Later, Jill offered the exhibit guide to",Peggy,Jill,40910,22772
phase6_prompt_ae990f88fa427d71,test,p6_abba_museum,ABBA,phase6_pair_f4a693ca9aeb5fcc,a_to_b,Holly,Virginia,"At the museum, Holly spoke with Virginia. Later, Virginia offered the exhibit guide to",Holly,Virginia,7764,6025
phase6_prompt_b02967cbbc0f5a91,test,p6_abba_museum,ABBA,phase6_pair_ba24833d8a7a20bb,a_to_b,Rosa,Teresa,"At the museum, Rosa spoke with Teresa. Later, Teresa offered the exhibit guide to",Rosa,Teresa,27994,34405
phase6_prompt_b5db5ff41744c798,test,p6_abba_museum,ABBA,phase6_pair_4b2031fb3148d3ee,a_to_b,April,Sophia,"At the museum, April spoke with Sophia. Later, Sophia offered the exhibit guide to",April,Sophia,3035,39953
phase6_prompt_bbcf48b5d0647e5c,test,p6_abba_museum,ABBA,phase6_pair_dc7c4afe450a4123,b_to_a,Judy,Joshua,"At the museum, Judy spoke with Joshua. Later, Joshua offered the exhibit guide to",Judy,Joshua,26395,20700
phase6_prompt_be0dc429b7f21d8d,test,p6_abba_museum,ABBA,phase6_pair_def4c49e912f68a0,b_to_a,Brooke,Avery,"At the museum, Brooke spoke with Avery. Later, Avery offered the exhibit guide to",Brooke,Avery,46459,29218
phase6_prompt_c3b87d03c2feb13f,test,p6_abba_museum,ABBA,phase6_pair_27b58d91a8805723,b_to_a,Mark,Margaret,"At the museum, Mark spoke with Margaret. Later, Margaret offered the exhibit guide to",Mark,Margaret,2940,19579
phase6_prompt_c47e1206d2fb600e,test,p6_abba_museum,ABBA,phase6_pair_27b58d91a8805723,a_to_b,Margaret,Mark,"At the museum, Margaret spoke with Mark. Later, Mark offered the exhibit guide to",Margaret,Mark,19579,2940
phase6_prompt_ccaf9e8706809b30,test,p6_abba_museum,ABBA,phase6_pair_c05995853090638d,b_to_a,Paige,Joan,"At the museum, Paige spoke with Joan. Later, Joan offered the exhibit guide to",Paige,Joan,42847,26640
phase6_prompt_cff61cf1f213da68,test,p6_abba_museum,ABBA,phase6_pair_6dd888711548a86b,a_to_b,Kelly,Tina,"At the museum, Kelly spoke with Tina. Later, Tina offered the exhibit guide to",Kelly,Tina,9077,35903
phase6_prompt_d02c78faef35f08e,test,p6_abba_museum,ABBA,phase6_pair_d3ce04b561a7a9f6,a_to_b,Gina,Valerie,"At the museum, Gina spoke with Valerie. Later, Valerie offered the exhibit guide to",Gina,Valerie,43002,45603
phase6_prompt_d47dd4476bbef130,test,p6_abba_museum,ABBA,phase6_pair_3ea4c928a32cb535,b_to_a,Bonnie,Amber,"At the museum, Bonnie spoke with Amber. Later, Amber offered the exhibit guide to",Bonnie,Amber,39203,21896
phase6_prompt_d69af5bb483bc1d1,test,p6_abba_museum,ABBA,phase6_pair_9af0db44d4680944,b_to_a,Ellie,Cheryl,"At the museum, Ellie spoke with Cheryl. Later, Cheryl offered the exhibit guide to",Ellie,Cheryl,44801,37958
phase6_prompt_da06837f5e689c20,test,p6_abba_museum,ABBA,phase6_pair_ed2f73ba899c96f0,b_to_a,Melissa,Anne,"At the museum, Melissa spoke with Anne. Later, Anne offered the exhibit guide to",Melissa,Anne,24164,15397
phase6_prompt_e9d1c2ab57582f4a,test,p6_abba_museum,ABBA,phase6_pair_d3ce04b561a7a9f6,b_to_a,Valerie,Gina,"At the museum, Valerie spoke with Gina. Later, Gina offered the exhibit guide to",Valerie,Gina,45603,43002
phase6_prompt_ece72af3b356680d,test,p6_abba_museum,ABBA,phase6_pair_5060e0fc982e9f4d,a_to_b,Eva,Paul,"At the museum, Eva spoke with Paul. Later, Paul offered the exhibit guide to",Eva,Paul,32355,3362
phase6_prompt_f5a9aedfd48a986e,test,p6_abba_museum,ABBA,phase6_pair_8cda82f11e5705a9,a_to_b,Scarlett,Steven,"At the museum, Scarlett spoke with Steven. Later, Steven offered the exhibit guide to",Scarlett,Steven,45046,8239
phase6_prompt_f9ee620f5da76d03,test,p6_abba_museum,ABBA,phase6_pair_6fb321fd6c59ee74,a_to_b,Christopher,Leslie,"At the museum, Christopher spoke with Leslie. Later, Leslie offered the exhibit guide to",Christopher,Leslie,12803,26909
phase6_prompt_0ad5459107f05e60,test,p6_abba_train,ABBA,phase6_pair_8cda82f11e5705a9,a_to_b,Scarlett,Steven,"During the train ride, Scarlett sat beside Steven. Before leaving, Steven returned the travel journal to",Scarlett,Steven,45046,8239
phase6_prompt_122c6740f9159ecd,test,p6_abba_train,ABBA,phase6_pair_4b2031fb3148d3ee,a_to_b,April,Sophia,"During the train ride, April sat beside Sophia. Before leaving, Sophia returned the travel journal to",April,Sophia,3035,39953
phase6_prompt_13402fb241ccac24,test,p6_abba_train,ABBA,phase6_pair_dc7c4afe450a4123,b_to_a,Judy,Joshua,"During the train ride, Judy sat beside Joshua. Before leaving, Joshua returned the travel journal to",Judy,Joshua,26395,20700
phase6_prompt_13434cfcd9d6df76,test,p6_abba_train,ABBA,phase6_pair_f4a693ca9aeb5fcc,a_to_b,Holly,Virginia,"During the train ride, Holly sat beside Virginia. Before leaving, Virginia returned the travel journal to",Holly,Virginia,7764,6025
phase6_prompt_1822f5571cd939d9,test,p6_abba_train,ABBA,phase6_pair_70c9b4b466da4e77,a_to_b,Judith,Wendy,"During the train ride, Judith sat beside Wendy. Before leaving, Wendy returned the travel journal to",Judith,Wendy,39987,28314
phase6_prompt_185605509d80e9b4,test,p6_abba_train,ABBA,phase6_pair_ed2f73ba899c96f0,b_to_a,Melissa,Anne,"During the train ride, Melissa sat beside Anne. Before leaving, Anne returned the travel journal to",Melissa,Anne,24164,15397
phase6_prompt_19be05f904645fb2,test,p6_abba_train,ABBA,phase6_pair_5060e0fc982e9f4d,a_to_b,Eva,Paul,"During the train ride, Eva sat beside Paul. Before leaving, Paul returned the travel journal to",Eva,Paul,32355,3362
phase6_prompt_2263ffd12b567199,test,p6_abba_train,ABBA,phase6_pair_6fb321fd6c59ee74,a_to_b,Christopher,Leslie,"During the train ride, Christopher sat beside Leslie. Before leaving, Leslie returned the travel journal to",Christopher,Leslie,12803,26909
phase6_prompt_24c39acd4d4c0383,test,p6_abba_train,ABBA,phase6_pair_ddeeb5ea0075c302,a_to_b,Rita,Victoria,"During the train ride, Rita sat beside Victoria. Before leaving, Victoria returned the travel journal to",Rita,Victoria,42605,12313
phase6_prompt_27013f4a92f11347,test,p6_abba_train,ABBA,phase6_pair_70c9b4b466da4e77,b_to_a,Wendy,Judith,"During the train ride, Wendy sat beside Judith. Before leaving, Judith returned the travel journal to",Wendy,Judith,28314,39987
phase6_prompt_282de4fca2238fe1,test,p6_abba_train,ABBA,phase6_pair_5060e0fc982e9f4d,b_to_a,Paul,Eva,"During the train ride, Paul sat beside Eva. Before leaving, Eva returned the travel journal to",Paul,Eva,3362,32355
phase6_prompt_2c7d5bc47314f2a7,test,p6_abba_train,ABBA,phase6_pair_6aa7a55bcb2b78fc,b_to_a,Peggy,Jill,"During the train ride, Peggy sat beside Jill. Before leaving, Jill returned the travel journal to",Peggy,Jill,40910,22772
phase6_prompt_30be492c56da53ae,test,p6_abba_train,ABBA,phase6_pair_6aa7a55bcb2b78fc,a_to_b,Jill,Peggy,"During the train ride, Jill sat beside Peggy. Before leaving, Peggy returned the travel journal to",Jill,Peggy,22772,40910
phase6_prompt_316ee09c49a3e5f5,test,p6_abba_train,ABBA,phase6_pair_83ce93db4866834e,a_to_b,Maya,Nina,"During the train ride, Maya sat beside Nina. Before leaving, Nina returned the travel journal to",Maya,Nina,26041,36300
phase6_prompt_347adcd8b1df1fab,test,p6_abba_train,ABBA,phase6_pair_4232ece9c5de015e,a_to_b,Heather,Sarah,"During the train ride, Heather sat beside Sarah. Before leaving, Sarah returned the travel journal to",Heather,Sarah,24253,10490
phase6_prompt_351d1585319228c7,test,p6_abba_train,ABBA,phase6_pair_d05ecb1621fbfe80,a_to_b,Monica,Robin,"During the train ride, Monica sat beside Robin. Before leaving, Robin returned the travel journal to",Monica,Robin,23240,12325
phase6_prompt_388643ef9e3a7db8,test,p6_abba_train,ABBA,phase6_pair_3ea4c928a32cb535,b_to_a,Bonnie,Amber,"During the train ride, Bonnie sat beside Amber. Before leaving, Amber returned the travel journal to",Bonnie,Amber,39203,21896
phase6_prompt_3f2077fb94faacd3,test,p6_abba_train,ABBA,phase6_pair_ed2f73ba899c96f0,a_to_b,Anne,Melissa,"During the train ride, Anne sat beside Melissa. Before leaving, Melissa returned the travel journal to",Anne,Melissa,15397,24164
phase6_prompt_465c24daf71216c2,test,p6_abba_train,ABBA,phase6_pair_c05995853090638d,b_to_a,Paige,Joan,"During the train ride, Paige sat beside Joan. Before leaving, Joan returned the travel journal to",Paige,Joan,42847,26640
phase6_prompt_4aacf53666f2e9a2,test,p6_abba_train,ABBA,phase6_pair_9af0db44d4680944,a_to_b,Cheryl,Ellie,"During the train ride, Cheryl sat beside Ellie. Before leaving, Ellie returned the travel journal to",Cheryl,Ellie,37958,44801
phase6_prompt_4c28ec4a6fd66958,test,p6_abba_train,ABBA,phase6_pair_27b58d91a8805723,b_to_a,Mark,Margaret,"During the train ride, Mark sat beside Margaret. Before leaving, Margaret returned the travel journal to",Mark,Margaret,2940,19579
phase6_prompt_5248fdd7880547b2,test,p6_abba_train,ABBA,phase6_pair_d8aa597f27508605,a_to_b,Christina,Marie,"During the train ride, Christina sat beside Marie. Before leaving, Marie returned the travel journal to",Christina,Marie,33673,20492
phase6_prompt_59a2f36ee2d6ed00,test,p6_abba_train,ABBA,phase6_pair_cdf0d5b696403826,b_to_a,Madison,Erica,"During the train ride, Madison sat beside Erica. Before leaving, Erica returned the travel journal to",Madison,Erica,14909,45187
phase6_prompt_616dafbf80f634e4,test,p6_abba_train,ABBA,phase6_pair_22424491bfa2bbf7,a_to_b,Lisa,Lydia,"During the train ride, Lisa sat beside Lydia. Before leaving, Lydia returned the travel journal to",Lisa,Lydia,15378,47766
phase6_prompt_6596c32726fd97ab,test,p6_abba_train,ABBA,phase6_pair_d3e30bbb7a041256,b_to_a,Leah,Joseph,"During the train ride, Leah sat beside Joseph. Before leaving, Joseph returned the travel journal to",Leah,Joseph,31232,7212
phase6_prompt_662060b59a39536e,test,p6_abba_train,ABBA,phase6_pair_4b2031fb3148d3ee,b_to_a,Sophia,April,"During the train ride, Sophia sat beside April. Before leaving, April returned the travel journal to",Sophia,April,39953,3035
phase6_prompt_67dc6682cd351b65,test,p6_abba_train,ABBA,phase6_pair_9af0db44d4680944,b_to_a,Ellie,Cheryl,"During the train ride, Ellie sat beside Cheryl. Before leaving, Cheryl returned the travel journal to",Ellie,Cheryl,44801,37958
phase6_prompt_6804cc0ff6205580,test,p6_abba_train,ABBA,phase6_pair_c06e43b4adb8976d,b_to_a,Kimberly,Charlotte,"During the train ride, Kimberly sat beside Charlotte. Before leaving, Charlotte returned the travel journal to",Kimberly,Charlotte,48685,14685
phase6_prompt_6ba6800e9540cbda,test,p6_abba_train,ABBA,phase6_pair_8cda82f11e5705a9,b_to_a,Steven,Scarlett,"During the train ride, Steven sat beside Scarlett. Before leaving, Scarlett returned the travel journal to",Steven,Scarlett,8239,45046
phase6_prompt_7da877aa9908928c,test,p6_abba_train,ABBA,phase6_pair_c05995853090638d,a_to_b,Joan,Paige,"During the train ride, Joan sat beside Paige. Before leaving, Paige returned the travel journal to",Joan,Paige,26640,42847
phase6_prompt_80bb70d7e5522d0c,test,p6_abba_train,ABBA,phase6_pair_6fb321fd6c59ee74,b_to_a,Leslie,Christopher,"During the train ride, Leslie sat beside Christopher. Before leaving, Christopher returned the travel journal to",Leslie,Christopher,26909,12803
phase6_prompt_80db39b0213deb80,test,p6_abba_train,ABBA,phase6_pair_d8aa597f27508605,b_to_a,Marie,Christina,"During the train ride, Marie sat beside Christina. Before leaving, Christina returned the travel journal to",Marie,Christina,20492,33673
phase6_prompt_841fff50fa3b793e,test,p6_abba_train,ABBA,phase6_pair_27b58d91a8805723,a_to_b,Margaret,Mark,"During the train ride, Margaret sat beside Mark. Before leaving, Mark returned the travel journal to",Margaret,Mark,19579,2940
phase6_prompt_844a8f00db3bb480,test,p6_abba_train,ABBA,phase6_pair_9d7a2d7573ba79c2,a_to_b,June,Zoe,"During the train ride, June sat beside Zoe. Before leaving, Zoe returned the travel journal to",June,Zoe,2795,32280
phase6_prompt_88ce31703184f618,test,p6_abba_train,ABBA,phase6_pair_83ce93db4866834e,b_to_a,Nina,Maya,"During the train ride, Nina sat beside Maya. Before leaving, Maya returned the travel journal to",Nina,Maya,36300,26041
phase6_prompt_89efa0706ebc9e80,test,p6_abba_train,ABBA,phase6_pair_3ff09606e48f88f8,a_to_b,Chloe,Elizabeth,"During the train ride, Chloe sat beside Elizabeth. Before leaving, Elizabeth returned the travel journal to",Chloe,Elizabeth,29476,10674
phase6_prompt_8ea5442c34286200,test,p6_abba_train,ABBA,phase6_pair_dc7c4afe450a4123,a_to_b,Joshua,Judy,"During the train ride, Joshua sat beside Judy. Before leaving, Judy returned the travel journal to",Joshua,Judy,20700,26395
phase6_prompt_9dc6e719b52e5637,test,p6_abba_train,ABBA,phase6_pair_d5f78ab0a04f789f,b_to_a,Megan,Martha,"During the train ride, Megan sat beside Martha. Before leaving, Martha returned the travel journal to",Megan,Martha,27616,27243
phase6_prompt_a6f50b3f0e321d10,test,p6_abba_train,ABBA,phase6_pair_ba4b06be0ae5c5a2,a_to_b,Amelia,John,"During the train ride, Amelia sat beside John. Before leaving, John returned the travel journal to",Amelia,John,49769,1757
phase6_prompt_a6fab3a4eb5c743f,test,p6_abba_train,ABBA,phase6_pair_cdf0d5b696403826,a_to_b,Erica,Madison,"During the train ride, Erica sat beside Madison. Before leaving, Madison returned the travel journal to",Erica,Madison,45187,14909
phase6_prompt_ad21a23f14fc732c,test,p6_abba_train,ABBA,phase6_pair_3ea4c928a32cb535,a_to_b,Amber,Bonnie,"During the train ride, Amber sat beside Bonnie. Before leaving, Bonnie returned the travel journal to",Amber,Bonnie,21896,39203
phase6_prompt_ade07a4f00ee5b51,test,p6_abba_train,ABBA,phase6_pair_6dd888711548a86b,a_to_b,Kelly,Tina,"During the train ride, Kelly sat beside Tina. Before leaving, Tina returned the travel journal to",Kelly,Tina,9077,35903
phase6_prompt_afcbe04cdfda70f1,test,p6_abba_train,ABBA,phase6_pair_3ff09606e48f88f8,b_to_a,Elizabeth,Chloe,"During the train ride, Elizabeth sat beside Chloe. Before leaving, Chloe returned the travel journal to",Elizabeth,Chloe,10674,29476
phase6_prompt_b00ff12d48c92baf,test,p6_abba_train,ABBA,phase6_pair_9d7a2d7573ba79c2,b_to_a,Zoe,June,"During the train ride, Zoe sat beside June. Before leaving, June returned the travel journal to",Zoe,June,32280,2795
phase6_prompt_b0cddd3b889eefa7,test,p6_abba_train,ABBA,phase6_pair_ddeeb5ea0075c302,b_to_a,Victoria,Rita,"During the train ride, Victoria sat beside Rita. Before leaving, Rita returned the travel journal to",Victoria,Rita,12313,42605
phase6_prompt_b25efe3fecb7bd3b,test,p6_abba_train,ABBA,phase6_pair_4232ece9c5de015e,b_to_a,Sarah,Heather,"During the train ride, Sarah sat beside Heather. Before leaving, Heather returned the travel journal to",Sarah,Heather,10490,24253
phase6_prompt_b58e29b894ad1ae9,test,p6_abba_train,ABBA,phase6_pair_def4c49e912f68a0,a_to_b,Avery,Brooke,"During the train ride, Avery sat beside Brooke. Before leaving, Brooke returned the travel journal to",Avery,Brooke,29218,46459
phase6_prompt_bcd599e39f7c8753,test,p6_abba_train,ABBA,phase6_pair_d3e30bbb7a041256,a_to_b,Joseph,Leah,"During the train ride, Joseph sat beside Leah. Before leaving, Leah returned the travel journal to",Joseph,Leah,7212,31232
phase6_prompt_bd2ee7f21ba1ad28,test,p6_abba_train,ABBA,phase6_pair_def4c49e912f68a0,b_to_a,Brooke,Avery,"During the train ride, Brooke sat beside Avery. Before leaving, Avery returned the travel journal to",Brooke,Avery,46459,29218
phase6_prompt_c53530c3e89ce0ef,test,p6_abba_train,ABBA,phase6_pair_c93a443389459cda,b_to_a,Natalie,Mia,"During the train ride, Natalie sat beside Mia. Before leaving, Mia returned the travel journal to",Natalie,Mia,35571,32189
phase6_prompt_cada5a27ebfda2bc,test,p6_abba_train,ABBA,phase6_pair_ba4b06be0ae5c5a2,b_to_a,John,Amelia,"During the train ride, John sat beside Amelia. Before leaving, Amelia returned the travel journal to",John,Amelia,1757,49769
phase6_prompt_cc0b998bf34a907f,test,p6_abba_train,ABBA,phase6_pair_d3ce04b561a7a9f6,b_to_a,Valerie,Gina,"During the train ride, Valerie sat beside Gina. Before leaving, Gina returned the travel journal to",Valerie,Gina,45603,43002
phase6_prompt_d2061eef189dc0eb,test,p6_abba_train,ABBA,phase6_pair_6dd888711548a86b,b_to_a,Tina,Kelly,"During the train ride, Tina sat beside Kelly. Before leaving, Kelly returned the travel journal to",Tina,Kelly,35903,9077
phase6_prompt_d5b606130f03de2d,test,p6_abba_train,ABBA,phase6_pair_f4a693ca9aeb5fcc,b_to_a,Virginia,Holly,"During the train ride, Virginia sat beside Holly. Before leaving, Holly returned the travel journal to",Virginia,Holly,6025,7764
phase6_prompt_d66cce7873d695f6,test,p6_abba_train,ABBA,phase6_pair_d3ce04b561a7a9f6,a_to_b,Gina,Valerie,"During the train ride, Gina sat beside Valerie. Before leaving, Valerie returned the travel journal to",Gina,Valerie,43002,45603
phase6_prompt_d7b5c88b055e7886,test,p6_abba_train,ABBA,phase6_pair_a51ddccd84b83769,b_to_a,Claire,Anna,"During the train ride, Claire sat beside Anna. Before leaving, Anna returned the travel journal to",Claire,Anna,20758,11735
phase6_prompt_de52f3a45a6c0566,test,p6_abba_train,ABBA,phase6_pair_ba24833d8a7a20bb,a_to_b,Rosa,Teresa,"During the train ride, Rosa sat beside Teresa. Before leaving, Teresa returned the travel journal to",Rosa,Teresa,27994,34405
phase6_prompt_e17843f0c2124d43,test,p6_abba_train,ABBA,phase6_pair_a51ddccd84b83769,a_to_b,Anna,Claire,"During the train ride, Anna sat beside Claire. Before leaving, Claire returned the travel journal to",Anna,Claire,11735,20758
phase6_prompt_e4e88f240db3ceb0,test,p6_abba_train,ABBA,phase6_pair_c06e43b4adb8976d,a_to_b,Charlotte,Kimberly,"During the train ride, Charlotte sat beside Kimberly. Before leaving, Kimberly returned the travel journal to",Charlotte,Kimberly,14685,48685
phase6_prompt_e4fc0f856b688a8a,test,p6_abba_train,ABBA,phase6_pair_22424491bfa2bbf7,b_to_a,Lydia,Lisa,"During the train ride, Lydia sat beside Lisa. Before leaving, Lisa returned the travel journal to",Lydia,Lisa,47766,15378
phase6_prompt_ee5a9b3a2a2addf9,test,p6_abba_train,ABBA,phase6_pair_d05ecb1621fbfe80,b_to_a,Robin,Monica,"During the train ride, Robin sat beside Monica. Before leaving, Monica returned the travel journal to",Robin,Monica,12325,23240
phase6_prompt_f0f34282c0f65a84,test,p6_abba_train,ABBA,phase6_pair_d5f78ab0a04f789f,a_to_b,Martha,Megan,"During the train ride, Martha sat beside Megan. Before leaving, Megan returned the travel journal to",Martha,Megan,27243,27616
phase6_prompt_f610245886b2e4d8,test,p6_abba_train,ABBA,phase6_pair_ba24833d8a7a20bb,b_to_a,Teresa,Rosa,"During the train ride, Teresa sat beside Rosa. Before leaving, Rosa returned the travel journal to",Teresa,Rosa,34405,27994
phase6_prompt_f97d5b4c79ce4cfc,test,p6_abba_train,ABBA,phase6_pair_c93a443389459cda,a_to_b,Mia,Natalie,"During the train ride, Mia sat beside Natalie. Before leaving, Natalie returned the travel journal to",Mia,Natalie,32189,35571
phase6_prompt_02df574f2ae8ecbb,test,p6_baba_kitchen,BABA,phase6_pair_dc7c4afe450a4123,a_to_b,Joshua,Judy,"In the kitchen, Judy worked with Joshua. After dinner, Judy passed the recipe card to",Joshua,Judy,20700,26395
phase6_prompt_0dac21f9fcc3d15f,test,p6_baba_kitchen,BABA,phase6_pair_ba24833d8a7a20bb,b_to_a,Teresa,Rosa,"In the kitchen, Rosa worked with Teresa. After dinner, Rosa passed the recipe card to",Teresa,Rosa,34405,27994
phase6_prompt_0ee694eff19323e2,test,p6_baba_kitchen,BABA,phase6_pair_d3e30bbb7a041256,b_to_a,Leah,Joseph,"In the kitchen, Joseph worked with Leah. After dinner, Joseph passed the recipe card to",Leah,Joseph,31232,7212
phase6_prompt_153211ddd8ec90e0,test,p6_baba_kitchen,BABA,phase6_pair_ba4b06be0ae5c5a2,b_to_a,John,Amelia,"In the kitchen, Amelia worked with John. After dinner, Amelia passed the recipe card to",John,Amelia,1757,49769
phase6_prompt_1945fe5baf0a2d7e,test,p6_baba_kitchen,BABA,phase6_pair_a51ddccd84b83769,a_to_b,Anna,Claire,"In the kitchen, Claire worked with Anna. After dinner, Claire passed the recipe card to",Anna,Claire,11735,20758
phase6_prompt_1acf414025441cd7,test,p6_baba_kitchen,BABA,phase6_pair_d5f78ab0a04f789f,a_to_b,Martha,Megan,"In the kitchen, Megan worked with Martha. After dinner, Megan passed the recipe card to",Martha,Megan,27243,27616
phase6_prompt_1ebf8ad559778f40,test,p6_baba_kitchen,BABA,phase6_pair_ed2f73ba899c96f0,b_to_a,Melissa,Anne,"In the kitchen, Anne worked with Melissa. After dinner, Anne passed the recipe card to",Melissa,Anne,24164,15397
phase6_prompt_212f451833abb621,test,p6_baba_kitchen,BABA,phase6_pair_6fb321fd6c59ee74,a_to_b,Christopher,Leslie,"In the kitchen, Leslie worked with Christopher. After dinner, Leslie passed the recipe card to",Christopher,Leslie,12803,26909
phase6_prompt_22ea0596a5b84c41,test,p6_baba_kitchen,BABA,phase6_pair_83ce93db4866834e,a_to_b,Maya,Nina,"In the kitchen, Nina worked with Maya. After dinner, Nina passed the recipe card to",Maya,Nina,26041,36300
phase6_prompt_31a2cbaa40b296c5,test,p6_baba_kitchen,BABA,phase6_pair_c06e43b4adb8976d,a_to_b,Charlotte,Kimberly,"In the kitchen, Kimberly worked with Charlotte. After dinner, Kimberly passed the recipe card to",Charlotte,Kimberly,14685,48685
phase6_prompt_35b96fd63343216c,test,p6_baba_kitchen,BABA,phase6_pair_d3ce04b561a7a9f6,b_to_a,Valerie,Gina,"In the kitchen, Gina worked with Valerie. After dinner, Gina passed the recipe card to",Valerie,Gina,45603,43002
phase6_prompt_3b9c84894fa694d8,test,p6_baba_kitchen,BABA,phase6_pair_5060e0fc982e9f4d,b_to_a,Paul,Eva,"In the kitchen, Eva worked with Paul. After dinner, Eva passed the recipe card to",Paul,Eva,3362,32355
phase6_prompt_3f9e7110c7cdc824,test,p6_baba_kitchen,BABA,phase6_pair_c05995853090638d,b_to_a,Paige,Joan,"In the kitchen, Joan worked with Paige. After dinner, Joan passed the recipe card to",Paige,Joan,42847,26640
phase6_prompt_40595e9819224270,test,p6_baba_kitchen,BABA,phase6_pair_6dd888711548a86b,b_to_a,Tina,Kelly,"In the kitchen, Kelly worked with Tina. After dinner, Kelly passed the recipe card to",Tina,Kelly,35903,9077
phase6_prompt_40e8d2008c34e493,test,p6_baba_kitchen,BABA,phase6_pair_9d7a2d7573ba79c2,b_to_a,Zoe,June,"In the kitchen, June worked with Zoe. After dinner, June passed the recipe card to",Zoe,June,32280,2795
phase6_prompt_4388e91070d0706a,test,p6_baba_kitchen,BABA,phase6_pair_d05ecb1621fbfe80,a_to_b,Monica,Robin,"In the kitchen, Robin worked with Monica. After dinner, Robin passed the recipe card to",Monica,Robin,23240,12325
phase6_prompt_44a700a8c873e809,test,p6_baba_kitchen,BABA,phase6_pair_cdf0d5b696403826,a_to_b,Erica,Madison,"In the kitchen, Madison worked with Erica. After dinner, Madison passed the recipe card to",Erica,Madison,45187,14909
phase6_prompt_479172b6b3f03345,test,p6_baba_kitchen,BABA,phase6_pair_d3ce04b561a7a9f6,a_to_b,Gina,Valerie,"In the kitchen, Valerie worked with Gina. After dinner, Valerie passed the recipe card to",Gina,Valerie,43002,45603
phase6_prompt_4a353337cceac4ff,test,p6_baba_kitchen,BABA,phase6_pair_d05ecb1621fbfe80,b_to_a,Robin,Monica,"In the kitchen, Monica worked with Robin. After dinner, Monica passed the recipe card to",Robin,Monica,12325,23240
phase6_prompt_526c1cb6150a74d5,test,p6_baba_kitchen,BABA,phase6_pair_8cda82f11e5705a9,a_to_b,Scarlett,Steven,"In the kitchen, Steven worked with Scarlett. After dinner, Steven passed the recipe card to",Scarlett,Steven,45046,8239
phase6_prompt_566847459bd6d30a,test,p6_baba_kitchen,BABA,phase6_pair_ba4b06be0ae5c5a2,a_to_b,Amelia,John,"In the kitchen, John worked with Amelia. After dinner, John passed the recipe card to",Amelia,John,49769,1757
phase6_prompt_5fe3cc2a42b0efff,test,p6_baba_kitchen,BABA,phase6_pair_d5f78ab0a04f789f,b_to_a,Megan,Martha,"In the kitchen, Martha worked with Megan. After dinner, Martha passed the recipe card to",Megan,Martha,27616,27243
phase6_prompt_60d6b709f80bc476,test,p6_baba_kitchen,BABA,phase6_pair_9af0db44d4680944,b_to_a,Ellie,Cheryl,"In the kitchen, Cheryl worked with Ellie. After dinner, Cheryl passed the recipe card to",Ellie,Cheryl,44801,37958
phase6_prompt_654661451182b157,test,p6_baba_kitchen,BABA,phase6_pair_cdf0d5b696403826,b_to_a,Madison,Erica,"In the kitchen, Erica worked with Madison. After dinner, Erica passed the recipe card to",Madison,Erica,14909,45187
phase6_prompt_6893ac9273b5e7e1,test,p6_baba_kitchen,BABA,phase6_pair_d3e30bbb7a041256,a_to_b,Joseph,Leah,"In the kitchen, Leah worked with Joseph. After dinner, Leah passed the recipe card to",Joseph,Leah,7212,31232
phase6_prompt_6980c9c079f37119,test,p6_baba_kitchen,BABA,phase6_pair_ba24833d8a7a20bb,a_to_b,Rosa,Teresa,"In the kitchen, Teresa worked with Rosa. After dinner, Teresa passed the recipe card to",Rosa,Teresa,27994,34405
phase6_prompt_6b9ae3964810c50e,test,p6_baba_kitchen,BABA,phase6_pair_6aa7a55bcb2b78fc,b_to_a,Peggy,Jill,"In the kitchen, Jill worked with Peggy. After dinner, Jill passed the recipe card to",Peggy,Jill,40910,22772
phase6_prompt_700cf03f1d7cd548,test,p6_baba_kitchen,BABA,phase6_pair_6dd888711548a86b,a_to_b,Kelly,Tina,"In the kitchen, Tina worked with Kelly. After dinner, Tina passed the recipe card to",Kelly,Tina,9077,35903
phase6_prompt_74f381a1dee7f180,test,p6_baba_kitchen,BABA,phase6_pair_9d7a2d7573ba79c2,a_to_b,June,Zoe,"In the kitchen, Zoe worked with June. After dinner, Zoe passed the recipe card to",June,Zoe,2795,32280
phase6_prompt_752e4956bdf33880,test,p6_baba_kitchen,BABA,phase6_pair_70c9b4b466da4e77,b_to_a,Wendy,Judith,"In the kitchen, Judith worked with Wendy. After dinner, Judith passed the recipe card to",Wendy,Judith,28314,39987
phase6_prompt_7dde744cce2842e1,test,p6_baba_kitchen,BABA,phase6_pair_22424491bfa2bbf7,b_to_a,Lydia,Lisa,"In the kitchen, Lisa worked with Lydia. After dinner, Lisa passed the recipe card to",Lydia,Lisa,47766,15378
phase6_prompt_7fb9790334aedff4,test,p6_baba_kitchen,BABA,phase6_pair_c93a443389459cda,b_to_a,Natalie,Mia,"In the kitchen, Mia worked with Natalie. After dinner, Mia passed the recipe card to",Natalie,Mia,35571,32189
phase6_prompt_819bad3cebeda31a,test,p6_baba_kitchen,BABA,phase6_pair_c05995853090638d,a_to_b,Joan,Paige,"In the kitchen, Paige worked with Joan. After dinner, Paige passed the recipe card to",Joan,Paige,26640,42847
phase6_prompt_84ef2067b5c83aa3,test,p6_baba_kitchen,BABA,phase6_pair_9af0db44d4680944,a_to_b,Cheryl,Ellie,"In the kitchen, Ellie worked with Cheryl. After dinner, Ellie passed the recipe card to",Cheryl,Ellie,37958,44801
phase6_prompt_85b55a5f4094a3cd,test,p6_baba_kitchen,BABA,phase6_pair_d8aa597f27508605,b_to_a,Marie,Christina,"In the kitchen, Christina worked with Marie. After dinner, Christina passed the recipe card to",Marie,Christina,20492,33673
phase6_prompt_8b4cb1acc541d5aa,test,p6_baba_kitchen,BABA,phase6_pair_c93a443389459cda,a_to_b,Mia,Natalie,"In the kitchen, Natalie worked with Mia. After dinner, Natalie passed the recipe card to",Mia,Natalie,32189,35571
phase6_prompt_8d2c4070c3b5fc22,test,p6_baba_kitchen,BABA,phase6_pair_d8aa597f27508605,a_to_b,Christina,Marie,"In the kitchen, Marie worked with Christina. After dinner, Marie passed the recipe card to",Christina,Marie,33673,20492
phase6_prompt_90dfe4a2d44d0377,test,p6_baba_kitchen,BABA,phase6_pair_def4c49e912f68a0,a_to_b,Avery,Brooke,"In the kitchen, Brooke worked with Avery. After dinner, Brooke passed the recipe card to",Avery,Brooke,29218,46459
phase6_prompt_9353f871b618b9ff,test,p6_baba_kitchen,BABA,phase6_pair_4232ece9c5de015e,b_to_a,Sarah,Heather,"In the kitchen, Heather worked with Sarah. After dinner, Heather passed the recipe card to",Sarah,Heather,10490,24253
phase6_prompt_9db99549ccf80f6f,test,p6_baba_kitchen,BABA,phase6_pair_def4c49e912f68a0,b_to_a,Brooke,Avery,"In the kitchen, Avery worked with Brooke. After dinner, Avery passed the recipe card to",Brooke,Avery,46459,29218
phase6_prompt_a0beefbe0b0c5412,test,p6_baba_kitchen,BABA,phase6_pair_c06e43b4adb8976d,b_to_a,Kimberly,Charlotte,"In the kitchen, Charlotte worked with Kimberly. After dinner, Charlotte passed the recipe card to",Kimberly,Charlotte,48685,14685
phase6_prompt_b1919f63b283dc59,test,p6_baba_kitchen,BABA,phase6_pair_ed2f73ba899c96f0,a_to_b,Anne,Melissa,"In the kitchen, Melissa worked with Anne. After dinner, Melissa passed the recipe card to",Anne,Melissa,15397,24164
phase6_prompt_b29b4feffaba2863,test,p6_baba_kitchen,BABA,phase6_pair_3ff09606e48f88f8,b_to_a,Elizabeth,Chloe,"In the kitchen, Chloe worked with Elizabeth. After dinner, Chloe passed the recipe card to",Elizabeth,Chloe,10674,29476
phase6_prompt_b2c19c07f1fc7d71,test,p6_baba_kitchen,BABA,phase6_pair_83ce93db4866834e,b_to_a,Nina,Maya,"In the kitchen, Maya worked with Nina. After dinner, Maya passed the recipe card to",Nina,Maya,36300,26041
phase6_prompt_b7ecbd73e95af9f8,test,p6_baba_kitchen,BABA,phase6_pair_3ea4c928a32cb535,a_to_b,Amber,Bonnie,"In the kitchen, Bonnie worked with Amber. After dinner, Bonnie passed the recipe card to",Amber,Bonnie,21896,39203
phase6_prompt_ba3af400f1caf1cc,test,p6_baba_kitchen,BABA,phase6_pair_27b58d91a8805723,b_to_a,Mark,Margaret,"In the kitchen, Margaret worked with Mark. After dinner, Margaret passed the recipe card to",Mark,Margaret,2940,19579
phase6_prompt_bff28aa24faf2dce,test,p6_baba_kitchen,BABA,phase6_pair_27b58d91a8805723,a_to_b,Margaret,Mark,"In the kitchen, Mark worked with Margaret. After dinner, Mark passed the recipe card to",Margaret,Mark,19579,2940
phase6_prompt_c292b05abf81eed9,test,p6_baba_kitchen,BABA,phase6_pair_5060e0fc982e9f4d,a_to_b,Eva,Paul,"In the kitchen, Paul worked with Eva. After dinner, Paul passed the recipe card to",Eva,Paul,32355,3362
phase6_prompt_c4af4bbcd41d67eb,test,p6_baba_kitchen,BABA,phase6_pair_ddeeb5ea0075c302,a_to_b,Rita,Victoria,"In the kitchen, Victoria worked with Rita. After dinner, Victoria passed the recipe card to",Rita,Victoria,42605,12313
phase6_prompt_c661a991213b47af,test,p6_baba_kitchen,BABA,phase6_pair_4b2031fb3148d3ee,a_to_b,April,Sophia,"In the kitchen, Sophia worked with April. After dinner, Sophia passed the recipe card to",April,Sophia,3035,39953
phase6_prompt_cbc4c23d27ee3fa6,test,p6_baba_kitchen,BABA,phase6_pair_f4a693ca9aeb5fcc,b_to_a,Virginia,Holly,"In the kitchen, Holly worked with Virginia. After dinner, Holly passed the recipe card to",Virginia,Holly,6025,7764
phase6_prompt_d212356ab2bbeadd,test,p6_baba_kitchen,BABA,phase6_pair_dc7c4afe450a4123,b_to_a,Judy,Joshua,"In the kitchen, Joshua worked with Judy. After dinner, Joshua passed the recipe card to",Judy,Joshua,26395,20700
phase6_prompt_d2c107d3937eb4b0,test,p6_baba_kitchen,BABA,phase6_pair_4232ece9c5de015e,a_to_b,Heather,Sarah,"In the kitchen, Sarah worked with Heather. After dinner, Sarah passed the recipe card to",Heather,Sarah,24253,10490
phase6_prompt_d408a5ab1e1e3d7d,test,p6_baba_kitchen,BABA,phase6_pair_4b2031fb3148d3ee,b_to_a,Sophia,April,"In the kitchen, April worked with Sophia. After dinner, April passed the recipe card to",Sophia,April,39953,3035
phase6_prompt_d4f0825a5186c195,test,p6_baba_kitchen,BABA,phase6_pair_22424491bfa2bbf7,a_to_b,Lisa,Lydia,"In the kitchen, Lydia worked with Lisa. After dinner, Lydia passed the recipe card to",Lisa,Lydia,15378,47766
phase6_prompt_d65006505a05f893,test,p6_baba_kitchen,BABA,phase6_pair_3ff09606e48f88f8,a_to_b,Chloe,Elizabeth,"In the kitchen, Elizabeth worked with Chloe. After dinner, Elizabeth passed the recipe card to",Chloe,Elizabeth,29476,10674
phase6_prompt_d72cb4952121f78b,test,p6_baba_kitchen,BABA,phase6_pair_70c9b4b466da4e77,a_to_b,Judith,Wendy,"In the kitchen, Wendy worked with Judith. After dinner, Wendy passed the recipe card to",Judith,Wendy,39987,28314
phase6_prompt_dcf56b21ad379530,test,p6_baba_kitchen,BABA,phase6_pair_3ea4c928a32cb535,b_to_a,Bonnie,Amber,"In the kitchen, Amber worked with Bonnie. After dinner, Amber passed the recipe card to",Bonnie,Amber,39203,21896
phase6_prompt_e2e1e96b8f37ec2c,test,p6_baba_kitchen,BABA,phase6_pair_6aa7a55bcb2b78fc,a_to_b,Jill,Peggy,"In the kitchen, Peggy worked with Jill. After dinner, Peggy passed the recipe card to",Jill,Peggy,22772,40910
phase6_prompt_e75e39d70cd8897b,test,p6_baba_kitchen,BABA,phase6_pair_f4a693ca9aeb5fcc,a_to_b,Holly,Virginia,"In the kitchen, Virginia worked with Holly. After dinner, Virginia passed the recipe card to",Holly,Virginia,7764,6025
phase6_prompt_ea4f1c4e70de2120,test,p6_baba_kitchen,BABA,phase6_pair_8cda82f11e5705a9,b_to_a,Steven,Scarlett,"In the kitchen, Scarlett worked with Steven. After dinner, Scarlett passed the recipe card to",Steven,Scarlett,8239,45046
phase6_prompt_f1edad34b28f0d5a,test,p6_baba_kitchen,BABA,phase6_pair_ddeeb5ea0075c302,b_to_a,Victoria,Rita,"In the kitchen, Rita worked with Victoria. After dinner, Rita passed the recipe card to",Victoria,Rita,12313,42605
phase6_prompt_fbbd6cb8d7ab24ae,test,p6_baba_kitchen,BABA,phase6_pair_a51ddccd84b83769,b_to_a,Claire,Anna,"In the kitchen, Anna worked with Claire. After dinner, Anna passed the recipe card to",Claire,Anna,20758,11735
phase6_prompt_ff52d1e81b24161c,test,p6_baba_kitchen,BABA,phase6_pair_6fb321fd6c59ee74,b_to_a,Leslie,Christopher,"In the kitchen, Christopher worked with Leslie. After dinner, Christopher passed the recipe card to",Leslie,Christopher,26909,12803
phase6_prompt_015fb8e99a28721e,test,p6_baba_library,BABA,phase6_pair_3ff09606e48f88f8,b_to_a,Elizabeth,Chloe,"At the library, Chloe met Elizabeth. When the doors closed, Chloe handed the borrowed novel to",Elizabeth,Chloe,10674,29476
phase6_prompt_0f24bd5637f0fdaf,test,p6_baba_library,BABA,phase6_pair_d05ecb1621fbfe80,b_to_a,Robin,Monica,"At the library, Monica met Robin. When the doors closed, Monica handed the borrowed novel to",Robin,Monica,12325,23240
phase6_prompt_16ac66ecc368f60a,test,p6_baba_library,BABA,phase6_pair_4232ece9c5de015e,a_to_b,Heather,Sarah,"At the library, Sarah met Heather. When the doors closed, Sarah handed the borrowed novel to",Heather,Sarah,24253,10490
phase6_prompt_17ad9aa77f0e4425,test,p6_baba_library,BABA,phase6_pair_9af0db44d4680944,b_to_a,Ellie,Cheryl,"At the library, Cheryl met Ellie. When the doors closed, Cheryl handed the borrowed novel to",Ellie,Cheryl,44801,37958
phase6_prompt_1c71fdc96b205691,test,p6_baba_library,BABA,phase6_pair_ddeeb5ea0075c302,a_to_b,Rita,Victoria,"At the library, Victoria met Rita. When the doors closed, Victoria handed the borrowed novel to",Rita,Victoria,42605,12313
phase6_prompt_1cd81cb2a167bb63,test,p6_baba_library,BABA,phase6_pair_4b2031fb3148d3ee,a_to_b,April,Sophia,"At the library, Sophia met April. When the doors closed, Sophia handed the borrowed novel to",April,Sophia,3035,39953
phase6_prompt_210ced106a85b139,test,p6_baba_library,BABA,phase6_pair_27b58d91a8805723,b_to_a,Mark,Margaret,"At the library, Margaret met Mark. When the doors closed, Margaret handed the borrowed novel to",Mark,Margaret,2940,19579
phase6_prompt_222b6ddb47b2390b,test,p6_baba_library,BABA,phase6_pair_3ff09606e48f88f8,a_to_b,Chloe,Elizabeth,"At the library, Elizabeth met Chloe. When the doors closed, Elizabeth handed the borrowed novel to",Chloe,Elizabeth,29476,10674
phase6_prompt_2b61744a45b2d450,test,p6_baba_library,BABA,phase6_pair_ed2f73ba899c96f0,a_to_b,Anne,Melissa,"At the library, Melissa met Anne. When the doors closed, Melissa handed the borrowed novel to",Anne,Melissa,15397,24164
phase6_prompt_2f8b6fea8375a628,test,p6_baba_library,BABA,phase6_pair_22424491bfa2bbf7,a_to_b,Lisa,Lydia,"At the library, Lydia met Lisa. When the doors closed, Lydia handed the borrowed novel to",Lisa,Lydia,15378,47766
phase6_prompt_319ffbcaee0d7837,test,p6_baba_library,BABA,phase6_pair_c05995853090638d,a_to_b,Joan,Paige,"At the library, Paige met Joan. When the doors closed, Paige handed the borrowed novel to",Joan,Paige,26640,42847
phase6_prompt_338a42a95b3ea869,test,p6_baba_library,BABA,phase6_pair_d8aa597f27508605,b_to_a,Marie,Christina,"At the library, Christina met Marie. When the doors closed, Christina handed the borrowed novel to",Marie,Christina,20492,33673
phase6_prompt_3abb86926637cb53,test,p6_baba_library,BABA,phase6_pair_a51ddccd84b83769,a_to_b,Anna,Claire,"At the library, Claire met Anna. When the doors closed, Claire handed the borrowed novel to",Anna,Claire,11735,20758
phase6_prompt_3ad2ed4e380df036,test,p6_baba_library,BABA,phase6_pair_ba24833d8a7a20bb,a_to_b,Rosa,Teresa,"At the library, Teresa met Rosa. When the doors closed, Teresa handed the borrowed novel to",Rosa,Teresa,27994,34405
phase6_prompt_3fe6510a8acbf4cd,test,p6_baba_library,BABA,phase6_pair_83ce93db4866834e,a_to_b,Maya,Nina,"At the library, Nina met Maya. When the doors closed, Nina handed the borrowed novel to",Maya,Nina,26041,36300
phase6_prompt_466b2129fa0292f8,test,p6_baba_library,BABA,phase6_pair_ba4b06be0ae5c5a2,b_to_a,John,Amelia,"At the library, Amelia met John. When the doors closed, Amelia handed the borrowed novel to",John,Amelia,1757,49769
phase6_prompt_48624cd1cf315736,test,p6_baba_library,BABA,phase6_pair_3ea4c928a32cb535,b_to_a,Bonnie,Amber,"At the library, Amber met Bonnie. When the doors closed, Amber handed the borrowed novel to",Bonnie,Amber,39203,21896
phase6_prompt_4a6a9043734f26d0,test,p6_baba_library,BABA,phase6_pair_cdf0d5b696403826,b_to_a,Madison,Erica,"At the library, Erica met Madison. When the doors closed, Erica handed the borrowed novel to",Madison,Erica,14909,45187
phase6_prompt_4b1b720a25fbac9e,test,p6_baba_library,BABA,phase6_pair_c06e43b4adb8976d,b_to_a,Kimberly,Charlotte,"At the library, Charlotte met Kimberly. When the doors closed, Charlotte handed the borrowed novel to",Kimberly,Charlotte,48685,14685
phase6_prompt_4b6298c39a0a0741,test,p6_baba_library,BABA,phase6_pair_a51ddccd84b83769,b_to_a,Claire,Anna,"At the library, Anna met Claire. When the doors closed, Anna handed the borrowed novel to",Claire,Anna,20758,11735
phase6_prompt_4e84fc61d9f9c6a4,test,p6_baba_library,BABA,phase6_pair_8cda82f11e5705a9,b_to_a,Steven,Scarlett,"At the library, Scarlett met Steven. When the doors closed, Scarlett handed the borrowed novel to",Steven,Scarlett,8239,45046
phase6_prompt_5662a56f3b4abe98,test,p6_baba_library,BABA,phase6_pair_f4a693ca9aeb5fcc,b_to_a,Virginia,Holly,"At the library, Holly met Virginia. When the doors closed, Holly handed the borrowed novel to",Virginia,Holly,6025,7764
phase6_prompt_56da8426fbddb5f5,test,p6_baba_library,BABA,phase6_pair_c05995853090638d,b_to_a,Paige,Joan,"At the library, Joan met Paige. When the doors closed, Joan handed the borrowed novel to",Paige,Joan,42847,26640
phase6_prompt_6415515945faae16,test,p6_baba_library,BABA,phase6_pair_d5f78ab0a04f789f,b_to_a,Megan,Martha,"At the library, Martha met Megan. When the doors closed, Martha handed the borrowed novel to",Megan,Martha,27616,27243
phase6_prompt_6907fc76d0cdbd0e,test,p6_baba_library,BABA,phase6_pair_ba4b06be0ae5c5a2,a_to_b,Amelia,John,"At the library, John met Amelia. When the doors closed, John handed the borrowed novel to",Amelia,John,49769,1757
phase6_prompt_69f2cb9a72dd666d,test,p6_baba_library,BABA,phase6_pair_3ea4c928a32cb535,a_to_b,Amber,Bonnie,"At the library, Bonnie met Amber. When the doors closed, Bonnie handed the borrowed novel to",Amber,Bonnie,21896,39203
phase6_prompt_6c86d225612e3bdb,test,p6_baba_library,BABA,phase6_pair_d3ce04b561a7a9f6,a_to_b,Gina,Valerie,"At the library, Valerie met Gina. When the doors closed, Valerie handed the borrowed novel to",Gina,Valerie,43002,45603
phase6_prompt_6deea8a2010412e9,test,p6_baba_library,BABA,phase6_pair_d05ecb1621fbfe80,a_to_b,Monica,Robin,"At the library, Robin met Monica. When the doors closed, Robin handed the borrowed novel to",Monica,Robin,23240,12325
phase6_prompt_6e3b370d67919a57,test,p6_baba_library,BABA,phase6_pair_4b2031fb3148d3ee,b_to_a,Sophia,April,"At the library, April met Sophia. When the doors closed, April handed the borrowed novel to",Sophia,April,39953,3035
phase6_prompt_70461b38539381ed,test,p6_baba_library,BABA,phase6_pair_ba24833d8a7a20bb,b_to_a,Teresa,Rosa,"At the library, Rosa met Teresa. When the doors closed, Rosa handed the borrowed novel to",Teresa,Rosa,34405,27994
phase6_prompt_715d7b5c066be3fc,test,p6_baba_library,BABA,phase6_pair_c06e43b4adb8976d,a_to_b,Charlotte,Kimberly,"At the library, Kimberly met Charlotte. When the doors closed, Kimberly handed the borrowed novel to",Charlotte,Kimberly,14685,48685
phase6_prompt_7f76de44d5724dce,test,p6_baba_library,BABA,phase6_pair_c93a443389459cda,a_to_b,Mia,Natalie,"At the library, Natalie met Mia. When the doors closed, Natalie handed the borrowed novel to",Mia,Natalie,32189,35571
phase6_prompt_83b40e10f12842b6,test,p6_baba_library,BABA,phase6_pair_6dd888711548a86b,b_to_a,Tina,Kelly,"At the library, Kelly met Tina. When the doors closed, Kelly handed the borrowed novel to",Tina,Kelly,35903,9077
phase6_prompt_8e13239eb565c611,test,p6_baba_library,BABA,phase6_pair_d3e30bbb7a041256,a_to_b,Joseph,Leah,"At the library, Leah met Joseph. When the doors closed, Leah handed the borrowed novel to",Joseph,Leah,7212,31232
phase6_prompt_90999e4cb95dd1bf,test,p6_baba_library,BABA,phase6_pair_22424491bfa2bbf7,b_to_a,Lydia,Lisa,"At the library, Lisa met Lydia. When the doors closed, Lisa handed the borrowed novel to",Lydia,Lisa,47766,15378
phase6_prompt_924388d173c1e26c,test,p6_baba_library,BABA,phase6_pair_d5f78ab0a04f789f,a_to_b,Martha,Megan,"At the library, Megan met Martha. When the doors closed, Megan handed the borrowed novel to",Martha,Megan,27243,27616
phase6_prompt_9252b6e2a2b2a2de,test,p6_baba_library,BABA,phase6_pair_dc7c4afe450a4123,a_to_b,Joshua,Judy,"At the library, Judy met Joshua. When the doors closed, Judy handed the borrowed novel to",Joshua,Judy,20700,26395
phase6_prompt_977f3e49ed5d1d7f,test,p6_baba_library,BABA,phase6_pair_9d7a2d7573ba79c2,b_to_a,Zoe,June,"At the library, June met Zoe. When the doors closed, June handed the borrowed novel to",Zoe,June,32280,2795
phase6_prompt_97a4e334c3adef74,test,p6_baba_library,BABA,phase6_pair_cdf0d5b696403826,a_to_b,Erica,Madison,"At the library, Madison met Erica. When the doors closed, Madison handed the borrowed novel to",Erica,Madison,45187,14909
phase6_prompt_9b42c889dff4f9f9,test,p6_baba_library,BABA,phase6_pair_6aa7a55bcb2b78fc,b_to_a,Peggy,Jill,"At the library, Jill met Peggy. When the doors closed, Jill handed the borrowed novel to",Peggy,Jill,40910,22772
phase6_prompt_9bf28f3c870bc330,test,p6_baba_library,BABA,phase6_pair_6dd888711548a86b,a_to_b,Kelly,Tina,"At the library, Tina met Kelly. When the doors closed, Tina handed the borrowed novel to",Kelly,Tina,9077,35903
phase6_prompt_9d6d581903d31e42,test,p6_baba_library,BABA,phase6_pair_def4c49e912f68a0,b_to_a,Brooke,Avery,"At the library, Avery met Brooke. When the doors closed, Avery handed the borrowed novel to",Brooke,Avery,46459,29218
phase6_prompt_a306863168de721c,test,p6_baba_library,BABA,phase6_pair_5060e0fc982e9f4d,a_to_b,Eva,Paul,"At the library, Paul met Eva. When the doors closed, Paul handed the borrowed novel to",Eva,Paul,32355,3362
phase6_prompt_a3395d99a755aacf,test,p6_baba_library,BABA,phase6_pair_4232ece9c5de015e,b_to_a,Sarah,Heather,"At the library, Heather met Sarah. When the doors closed, Heather handed the borrowed novel to",Sarah,Heather,10490,24253
phase6_prompt_a9e0c48c4ec2cd62,test,p6_baba_library,BABA,phase6_pair_d3e30bbb7a041256,b_to_a,Leah,Joseph,"At the library, Joseph met Leah. When the doors closed, Joseph handed the borrowed novel to",Leah,Joseph,31232,7212
phase6_prompt_aca11909a6e0484c,test,p6_baba_library,BABA,phase6_pair_c93a443389459cda,b_to_a,Natalie,Mia,"At the library, Mia met Natalie. When the doors closed, Mia handed the borrowed novel to",Natalie,Mia,35571,32189
phase6_prompt_b28591084e5175f2,test,p6_baba_library,BABA,phase6_pair_9d7a2d7573ba79c2,a_to_b,June,Zoe,"At the library, Zoe met June. When the doors closed, Zoe handed the borrowed novel to",June,Zoe,2795,32280
phase6_prompt_b38ed356ae9d7017,test,p6_baba_library,BABA,phase6_pair_6aa7a55bcb2b78fc,a_to_b,Jill,Peggy,"At the library, Peggy met Jill. When the doors closed, Peggy handed the borrowed novel to",Jill,Peggy,22772,40910
phase6_prompt_b7419943d6670118,test,p6_baba_library,BABA,phase6_pair_6fb321fd6c59ee74,b_to_a,Leslie,Christopher,"At the library, Christopher met Leslie. When the doors closed, Christopher handed the borrowed novel to",Leslie,Christopher,26909,12803
phase6_prompt_bb9cc1ea97ba21d6,test,p6_baba_library,BABA,phase6_pair_6fb321fd6c59ee74,a_to_b,Christopher,Leslie,"At the library, Leslie met Christopher. When the doors closed, Leslie handed the borrowed novel to",Christopher,Leslie,12803,26909
phase6_prompt_be1a748c0423f8b1,test,p6_baba_library,BABA,phase6_pair_8cda82f11e5705a9,a_to_b,Scarlett,Steven,"At the library, Steven met Scarlett. When the doors closed, Steven handed the borrowed novel to",Scarlett,Steven,45046,8239
phase6_prompt_c504617aa45d2c3d,test,p6_baba_library,BABA,phase6_pair_5060e0fc982e9f4d,b_to_a,Paul,Eva,"At the library, Eva met Paul. When the doors closed, Eva handed the borrowed novel to",Paul,Eva,3362,32355
phase6_prompt_da628ff237e5c5dc,test,p6_baba_library,BABA,phase6_pair_83ce93db4866834e,b_to_a,Nina,Maya,"At the library, Maya met Nina. When the doors closed, Maya handed the borrowed novel to",Nina,Maya,36300,26041
phase6_prompt_dd52f483b8c09a29,test,p6_baba_library,BABA,phase6_pair_f4a693ca9aeb5fcc,a_to_b,Holly,Virginia,"At the library, Virginia met Holly. When the doors closed, Virginia handed the borrowed novel to",Holly,Virginia,7764,6025
phase6_prompt_ddd7324ac79ff497,test,p6_baba_library,BABA,phase6_pair_dc7c4afe450a4123,b_to_a,Judy,Joshua,"At the library, Joshua met Judy. When the doors closed, Joshua handed the borrowed novel to",Judy,Joshua,26395,20700
phase6_prompt_e621d755c3dc11e1,test,p6_baba_library,BABA,phase6_pair_70c9b4b466da4e77,a_to_b,Judith,Wendy,"At the library, Wendy met Judith. When the doors closed, Wendy handed the borrowed novel to",Judith,Wendy,39987,28314
phase6_prompt_e928978608091e33,test,p6_baba_library,BABA,phase6_pair_ddeeb5ea0075c302,b_to_a,Victoria,Rita,"At the library, Rita met Victoria. When the doors closed, Rita handed the borrowed novel to",Victoria,Rita,12313,42605
phase6_prompt_e946d9a2b6073e79,test,p6_baba_library,BABA,phase6_pair_def4c49e912f68a0,a_to_b,Avery,Brooke,"At the library, Brooke met Avery. When the doors closed, Brooke handed the borrowed novel to",Avery,Brooke,29218,46459
phase6_prompt_ea95501e5d6066ba,test,p6_baba_library,BABA,phase6_pair_d8aa597f27508605,a_to_b,Christina,Marie,"At the library, Marie met Christina. When the doors closed, Marie handed the borrowed novel to",Christina,Marie,33673,20492
phase6_prompt_eae93d5ab1949ae8,test,p6_baba_library,BABA,phase6_pair_ed2f73ba899c96f0,b_to_a,Melissa,Anne,"At the library, Anne met Melissa. When the doors closed, Anne handed the borrowed novel to",Melissa,Anne,24164,15397
phase6_prompt_f3b94b679d44dba5,test,p6_baba_library,BABA,phase6_pair_27b58d91a8805723,a_to_b,Margaret,Mark,"At the library, Mark met Margaret. When the doors closed, Mark handed the borrowed novel to",Margaret,Mark,19579,2940
phase6_prompt_f572de982c5e0911,test,p6_baba_library,BABA,phase6_pair_70c9b4b466da4e77,b_to_a,Wendy,Judith,"At the library, Judith met Wendy. When the doors closed, Judith handed the borrowed novel to",Wendy,Judith,28314,39987
phase6_prompt_f66a864f2a02e633,test,p6_baba_library,BABA,phase6_pair_9af0db44d4680944,a_to_b,Cheryl,Ellie,"At the library, Ellie met Cheryl. When the doors closed, Ellie handed the borrowed novel to",Cheryl,Ellie,37958,44801
phase6_prompt_f82974d6869b4634,test,p6_baba_library,BABA,phase6_pair_d3ce04b561a7a9f6,b_to_a,Valerie,Gina,"At the library, Gina met Valerie. When the doors closed, Gina handed the borrowed novel to",Valerie,Gina,45603,43002
phase6_prompt_0238fb35e60bb3db,test,p6_baba_museum,BABA,phase6_pair_9d7a2d7573ba79c2,a_to_b,June,Zoe,"At the museum, Zoe spoke with June. Later, Zoe offered the exhibit guide to",June,Zoe,2795,32280
phase6_prompt_055c6677f4db8921,test,p6_baba_museum,BABA,phase6_pair_3ff09606e48f88f8,b_to_a,Elizabeth,Chloe,"At the museum, Chloe spoke with Elizabeth. Later, Chloe offered the exhibit guide to",Elizabeth,Chloe,10674,29476
phase6_prompt_072e8ecdb2ae70ae,test,p6_baba_museum,BABA,phase6_pair_c93a443389459cda,a_to_b,Mia,Natalie,"At the museum, Natalie spoke with Mia. Later, Natalie offered the exhibit guide to",Mia,Natalie,32189,35571
phase6_prompt_101700934e485f41,test,p6_baba_museum,BABA,phase6_pair_9af0db44d4680944,b_to_a,Ellie,Cheryl,"At the museum, Cheryl spoke with Ellie. Later, Cheryl offered the exhibit guide to",Ellie,Cheryl,44801,37958
phase6_prompt_1216d4654be45bce,test,p6_baba_museum,BABA,phase6_pair_ddeeb5ea0075c302,b_to_a,Victoria,Rita,"At the museum, Rita spoke with Victoria. Later, Rita offered the exhibit guide to",Victoria,Rita,12313,42605
phase6_prompt_125b87677ad58f97,test,p6_baba_museum,BABA,phase6_pair_c05995853090638d,b_to_a,Paige,Joan,"At the museum, Joan spoke with Paige. Later, Joan offered the exhibit guide to",Paige,Joan,42847,26640
phase6_prompt_213c87fdd6e21d2f,test,p6_baba_museum,BABA,phase6_pair_3ea4c928a32cb535,a_to_b,Amber,Bonnie,"At the museum, Bonnie spoke with Amber. Later, Bonnie offered the exhibit guide to",Amber,Bonnie,21896,39203
phase6_prompt_236bdbc2b39c2d23,test,p6_baba_museum,BABA,phase6_pair_def4c49e912f68a0,a_to_b,Avery,Brooke,"At the museum, Brooke spoke with Avery. Later, Brooke offered the exhibit guide to",Avery,Brooke,29218,46459
phase6_prompt_23b2b2902929eacc,test,p6_baba_museum,BABA,phase6_pair_70c9b4b466da4e77,a_to_b,Judith,Wendy,"At the museum, Wendy spoke with Judith. Later, Wendy offered the exhibit guide to",Judith,Wendy,39987,28314
phase6_prompt_2f47ebefb02a9969,test,p6_baba_museum,BABA,phase6_pair_d3e30bbb7a041256,b_to_a,Leah,Joseph,"At the museum, Joseph spoke with Leah. Later, Joseph offered the exhibit guide to",Leah,Joseph,31232,7212
phase6_prompt_2fd72f96c46dce72,test,p6_baba_museum,BABA,phase6_pair_d3ce04b561a7a9f6,b_to_a,Valerie,Gina,"At the museum, Gina spoke with Valerie. Later, Gina offered the exhibit guide to",Valerie,Gina,45603,43002
phase6_prompt_30200593dce309bb,test,p6_baba_museum,BABA,phase6_pair_c06e43b4adb8976d,a_to_b,Charlotte,Kimberly,"At the museum, Kimberly spoke with Charlotte. Later, Kimberly offered the exhibit guide to",Charlotte,Kimberly,14685,48685
phase6_prompt_30f00dd436755589,test,p6_baba_museum,BABA,phase6_pair_ba24833d8a7a20bb,a_to_b,Rosa,Teresa,"At the museum, Teresa spoke with Rosa. Later, Teresa offered the exhibit guide to",Rosa,Teresa,27994,34405
phase6_prompt_3955621a17e06e52,test,p6_baba_museum,BABA,phase6_pair_4232ece9c5de015e,a_to_b,Heather,Sarah,"At the museum, Sarah spoke with Heather. Later, Sarah offered the exhibit guide to",Heather,Sarah,24253,10490
phase6_prompt_401379cef6b351da,test,p6_baba_museum,BABA,phase6_pair_dc7c4afe450a4123,a_to_b,Joshua,Judy,"At the museum, Judy spoke with Joshua. Later, Judy offered the exhibit guide to",Joshua,Judy,20700,26395
phase6_prompt_4197f696cfd733d5,test,p6_baba_museum,BABA,phase6_pair_6aa7a55bcb2b78fc,a_to_b,Jill,Peggy,"At the museum, Peggy spoke with Jill. Later, Peggy offered the exhibit guide to",Jill,Peggy,22772,40910
phase6_prompt_4912b261b315df32,test,p6_baba_museum,BABA,phase6_pair_3ea4c928a32cb535,b_to_a,Bonnie,Amber,"At the museum, Amber spoke with Bonnie. Later, Amber offered the exhibit guide to",Bonnie,Amber,39203,21896
phase6_prompt_50a1b53dea4897cc,test,p6_baba_museum,BABA,phase6_pair_d3e30bbb7a041256,a_to_b,Joseph,Leah,"At the museum, Leah spoke with Joseph. Later, Leah offered the exhibit guide to",Joseph,Leah,7212,31232
phase6_prompt_552c7650dd2e60d9,test,p6_baba_museum,BABA,phase6_pair_5060e0fc982e9f4d,a_to_b,Eva,Paul,"At the museum, Paul spoke with Eva. Later, Paul offered the exhibit guide to",Eva,Paul,32355,3362
phase6_prompt_5b6f87b1e1182383,test,p6_baba_museum,BABA,phase6_pair_c06e43b4adb8976d,b_to_a,Kimberly,Charlotte,"At the museum, Charlotte spoke with Kimberly. Later, Charlotte offered the exhibit guide to",Kimberly,Charlotte,48685,14685
phase6_prompt_5d545db616de526e,test,p6_baba_museum,BABA,phase6_pair_d8aa597f27508605,a_to_b,Christina,Marie,"At the museum, Marie spoke with Christina. Later, Marie offered the exhibit guide to",Christina,Marie,33673,20492
phase6_prompt_601c3c8cae05f251,test,p6_baba_museum,BABA,phase6_pair_9af0db44d4680944,a_to_b,Cheryl,Ellie,"At the museum, Ellie spoke with Cheryl. Later, Ellie offered the exhibit guide to",Cheryl,Ellie,37958,44801
phase6_prompt_61366e5949a016e6,test,p6_baba_museum,BABA,phase6_pair_4b2031fb3148d3ee,a_to_b,April,Sophia,"At the museum, Sophia spoke with April. Later, Sophia offered the exhibit guide to",April,Sophia,3035,39953
phase6_prompt_64379e65b60e45da,test,p6_baba_museum,BABA,phase6_pair_8cda82f11e5705a9,a_to_b,Scarlett,Steven,"At the museum, Steven spoke with Scarlett. Later, Steven offered the exhibit guide to",Scarlett,Steven,45046,8239
phase6_prompt_65e0c1b270b766aa,test,p6_baba_museum,BABA,phase6_pair_6fb321fd6c59ee74,b_to_a,Leslie,Christopher,"At the museum, Christopher spoke with Leslie. Later, Christopher offered the exhibit guide to",Leslie,Christopher,26909,12803
phase6_prompt_67c7d1d017b77356,test,p6_baba_museum,BABA,phase6_pair_ba24833d8a7a20bb,b_to_a,Teresa,Rosa,"At the museum, Rosa spoke with Teresa. Later, Rosa offered the exhibit guide to",Teresa,Rosa,34405,27994
phase6_prompt_69e17fd27486fc37,test,p6_baba_museum,BABA,phase6_pair_9d7a2d7573ba79c2,b_to_a,Zoe,June,"At the museum, June spoke with Zoe. Later, June offered the exhibit guide to",Zoe,June,32280,2795
phase6_prompt_6a3d817d9c99c2f6,test,p6_baba_museum,BABA,phase6_pair_c05995853090638d,a_to_b,Joan,Paige,"At the museum, Paige spoke with Joan. Later, Paige offered the exhibit guide to",Joan,Paige,26640,42847
phase6_prompt_6b1004f16a0af0e1,test,p6_baba_museum,BABA,phase6_pair_d05ecb1621fbfe80,b_to_a,Robin,Monica,"At the museum, Monica spoke with Robin. Later, Monica offered the exhibit guide to",Robin,Monica,12325,23240
phase6_prompt_6e0c65647631f74c,test,p6_baba_museum,BABA,phase6_pair_ba4b06be0ae5c5a2,a_to_b,Amelia,John,"At the museum, John spoke with Amelia. Later, John offered the exhibit guide to",Amelia,John,49769,1757
phase6_prompt_7199cfa482e52da4,test,p6_baba_museum,BABA,phase6_pair_6fb321fd6c59ee74,a_to_b,Christopher,Leslie,"At the museum, Leslie spoke with Christopher. Later, Leslie offered the exhibit guide to",Christopher,Leslie,12803,26909
phase6_prompt_7921e78096c9b157,test,p6_baba_museum,BABA,phase6_pair_83ce93db4866834e,b_to_a,Nina,Maya,"At the museum, Maya spoke with Nina. Later, Maya offered the exhibit guide to",Nina,Maya,36300,26041
phase6_prompt_798d2b048a46abd6,test,p6_baba_museum,BABA,phase6_pair_f4a693ca9aeb5fcc,b_to_a,Virginia,Holly,"At the museum, Holly spoke with Virginia. Later, Holly offered the exhibit guide to",Virginia,Holly,6025,7764
phase6_prompt_7a51297e085c92e1,test,p6_baba_museum,BABA,phase6_pair_a51ddccd84b83769,b_to_a,Claire,Anna,"At the museum, Anna spoke with Claire. Later, Anna offered the exhibit guide to",Claire,Anna,20758,11735
phase6_prompt_7ce7f7035076567f,test,p6_baba_museum,BABA,phase6_pair_27b58d91a8805723,a_to_b,Margaret,Mark,"At the museum, Mark spoke with Margaret. Later, Mark offered the exhibit guide to",Margaret,Mark,19579,2940
phase6_prompt_7d32a545568f7de4,test,p6_baba_museum,BABA,phase6_pair_4b2031fb3148d3ee,b_to_a,Sophia,April,"At the museum, April spoke with Sophia. Later, April offered the exhibit guide to",Sophia,April,39953,3035
phase6_prompt_7e5d50c735a0cfed,test,p6_baba_museum,BABA,phase6_pair_ed2f73ba899c96f0,a_to_b,Anne,Melissa,"At the museum, Melissa spoke with Anne. Later, Melissa offered the exhibit guide to",Anne,Melissa,15397,24164
phase6_prompt_9917f590f39a580a,test,p6_baba_museum,BABA,phase6_pair_cdf0d5b696403826,a_to_b,Erica,Madison,"At the museum, Madison spoke with Erica. Later, Madison offered the exhibit guide to",Erica,Madison,45187,14909
phase6_prompt_9cad5d975ece5cca,test,p6_baba_museum,BABA,phase6_pair_d5f78ab0a04f789f,b_to_a,Megan,Martha,"At the museum, Martha spoke with Megan. Later, Martha offered the exhibit guide to",Megan,Martha,27616,27243
phase6_prompt_a253146da573f727,test,p6_baba_museum,BABA,phase6_pair_d05ecb1621fbfe80,a_to_b,Monica,Robin,"At the museum, Robin spoke with Monica. Later, Robin offered the exhibit guide to",Monica,Robin,23240,12325
phase6_prompt_a37a932569880ab7,test,p6_baba_museum,BABA,phase6_pair_d8aa597f27508605,b_to_a,Marie,Christina,"At the museum, Christina spoke with Marie. Later, Christina offered the exhibit guide to",Marie,Christina,20492,33673
phase6_prompt_a81375c064b2246e,test,p6_baba_museum,BABA,phase6_pair_ba4b06be0ae5c5a2,b_to_a,John,Amelia,"At the museum, Amelia spoke with John. Later, Amelia offered the exhibit guide to",John,Amelia,1757,49769
phase6_prompt_b150787ee422cfdf,test,p6_baba_museum,BABA,phase6_pair_22424491bfa2bbf7,b_to_a,Lydia,Lisa,"At the museum, Lisa spoke with Lydia. Later, Lisa offered the exhibit guide to",Lydia,Lisa,47766,15378
phase6_prompt_b150e5eb7ab29a49,test,p6_baba_museum,BABA,phase6_pair_5060e0fc982e9f4d,b_to_a,Paul,Eva,"At the museum, Eva spoke with Paul. Later, Eva offered the exhibit guide to",Paul,Eva,3362,32355
phase6_prompt_be7f8fab48369255,test,p6_baba_museum,BABA,phase6_pair_6dd888711548a86b,b_to_a,Tina,Kelly,"At the museum, Kelly spoke with Tina. Later, Kelly offered the exhibit guide to",Tina,Kelly,35903,9077
phase6_prompt_c0f0869f19f54fc1,test,p6_baba_museum,BABA,phase6_pair_4232ece9c5de015e,b_to_a,Sarah,Heather,"At the museum, Heather spoke with Sarah. Later, Heather offered the exhibit guide to",Sarah,Heather,10490,24253
phase6_prompt_c10710d68a310306,test,p6_baba_museum,BABA,phase6_pair_27b58d91a8805723,b_to_a,Mark,Margaret,"At the museum, Margaret spoke with Mark. Later, Margaret offered the exhibit guide to",Mark,Margaret,2940,19579
phase6_prompt_c1b5f7a66ad9c97e,test,p6_baba_museum,BABA,phase6_pair_8cda82f11e5705a9,b_to_a,Steven,Scarlett,"At the museum, Scarlett spoke with Steven. Later, Scarlett offered the exhibit guide to",Steven,Scarlett,8239,45046
phase6_prompt_cc0d6da6c7ea1518,test,p6_baba_museum,BABA,phase6_pair_d5f78ab0a04f789f,a_to_b,Martha,Megan,"At the museum, Megan spoke with Martha. Later, Megan offered the exhibit guide to",Martha,Megan,27243,27616
phase6_prompt_cd2e936c6df46a8b,test,p6_baba_museum,BABA,phase6_pair_f4a693ca9aeb5fcc,a_to_b,Holly,Virginia,"At the museum, Virginia spoke with Holly. Later, Virginia offered the exhibit guide to",Holly,Virginia,7764,6025
phase6_prompt_cf6f356c463880b9,test,p6_baba_museum,BABA,phase6_pair_a51ddccd84b83769,a_to_b,Anna,Claire,"At the museum, Claire spoke with Anna. Later, Claire offered the exhibit guide to",Anna,Claire,11735,20758
phase6_prompt_d036183c8f4c5f3e,test,p6_baba_museum,BABA,phase6_pair_c93a443389459cda,b_to_a,Natalie,Mia,"At the museum, Mia spoke with Natalie. Later, Mia offered the exhibit guide to",Natalie,Mia,35571,32189
phase6_prompt_d14a5c92b407bb56,test,p6_baba_museum,BABA,phase6_pair_6aa7a55bcb2b78fc,b_to_a,Peggy,Jill,"At the museum, Jill spoke with Peggy. Later, Jill offered the exhibit guide to",Peggy,Jill,40910,22772
phase6_prompt_d236f4dce69be25a,test,p6_baba_museum,BABA,phase6_pair_22424491bfa2bbf7,a_to_b,Lisa,Lydia,"At the museum, Lydia spoke with Lisa. Later, Lydia offered the exhibit guide to",Lisa,Lydia,15378,47766
phase6_prompt_d7f6c3f35aafe003,test,p6_baba_museum,BABA,phase6_pair_ddeeb5ea0075c302,a_to_b,Rita,Victoria,"At the museum, Victoria spoke with Rita. Later, Victoria offered the exhibit guide to",Rita,Victoria,42605,12313
phase6_prompt_dd9cc4700d11a10a,test,p6_baba_museum,BABA,phase6_pair_dc7c4afe450a4123,b_to_a,Judy,Joshua,"At the museum, Joshua spoke with Judy. Later, Joshua offered the exhibit guide to",Judy,Joshua,26395,20700
phase6_prompt_e395125ec62b78f1,test,p6_baba_museum,BABA,phase6_pair_83ce93db4866834e,a_to_b,Maya,Nina,"At the museum, Nina spoke with Maya. Later, Nina offered the exhibit guide to",Maya,Nina,26041,36300
phase6_prompt_e7fbd12a11b98f22,test,p6_baba_museum,BABA,phase6_pair_70c9b4b466da4e77,b_to_a,Wendy,Judith,"At the museum, Judith spoke with Wendy. Later, Judith offered the exhibit guide to",Wendy,Judith,28314,39987
phase6_prompt_eaf44c31f1b73018,test,p6_baba_museum,BABA,phase6_pair_ed2f73ba899c96f0,b_to_a,Melissa,Anne,"At the museum, Anne spoke with Melissa. Later, Anne offered the exhibit guide to",Melissa,Anne,24164,15397
phase6_prompt_f05bb7dfa291f0c5,test,p6_baba_museum,BABA,phase6_pair_3ff09606e48f88f8,a_to_b,Chloe,Elizabeth,"At the museum, Elizabeth spoke with Chloe. Later, Elizabeth offered the exhibit guide to",Chloe,Elizabeth,29476,10674
phase6_prompt_f760bb844f84e45a,test,p6_baba_museum,BABA,phase6_pair_6dd888711548a86b,a_to_b,Kelly,Tina,"At the museum, Tina spoke with Kelly. Later, Tina offered the exhibit guide to",Kelly,Tina,9077,35903
phase6_prompt_f8151fdaef13711e,test,p6_baba_museum,BABA,phase6_pair_d3ce04b561a7a9f6,a_to_b,Gina,Valerie,"At the museum, Valerie spoke with Gina. Later, Valerie offered the exhibit guide to",Gina,Valerie,43002,45603
phase6_prompt_fc4254c83f1bfc4e,test,p6_baba_museum,BABA,phase6_pair_cdf0d5b696403826,b_to_a,Madison,Erica,"At the museum, Erica spoke with Madison. Later, Erica offered the exhibit guide to",Madison,Erica,14909,45187
phase6_prompt_fed364efa7da182b,test,p6_baba_museum,BABA,phase6_pair_def4c49e912f68a0,b_to_a,Brooke,Avery,"At the museum, Avery spoke with Brooke. Later, Avery offered the exhibit guide to",Brooke,Avery,46459,29218
phase6_prompt_0384e7359b8e7952,test,p6_baba_train,BABA,phase6_pair_d8aa597f27508605,a_to_b,Christina,Marie,"During the train ride, Marie sat beside Christina. Before leaving, Marie returned the travel journal to",Christina,Marie,33673,20492
phase6_prompt_05a7ef7d6239be0e,test,p6_baba_train,BABA,phase6_pair_c06e43b4adb8976d,b_to_a,Kimberly,Charlotte,"During the train ride, Charlotte sat beside Kimberly. Before leaving, Charlotte returned the travel journal to",Kimberly,Charlotte,48685,14685
phase6_prompt_09b9e60a976d5cbd,test,p6_baba_train,BABA,phase6_pair_6dd888711548a86b,b_to_a,Tina,Kelly,"During the train ride, Kelly sat beside Tina. Before leaving, Kelly returned the travel journal to",Tina,Kelly,35903,9077
phase6_prompt_0ecf846f664fe5b6,test,p6_baba_train,BABA,phase6_pair_d3e30bbb7a041256,a_to_b,Joseph,Leah,"During the train ride, Leah sat beside Joseph. Before leaving, Leah returned the travel journal to",Joseph,Leah,7212,31232
phase6_prompt_1622f0619179d30c,test,p6_baba_train,BABA,phase6_pair_70c9b4b466da4e77,a_to_b,Judith,Wendy,"During the train ride, Wendy sat beside Judith. Before leaving, Wendy returned the travel journal to",Judith,Wendy,39987,28314
phase6_prompt_17b174b1af6023cb,test,p6_baba_train,BABA,phase6_pair_3ff09606e48f88f8,b_to_a,Elizabeth,Chloe,"During the train ride, Chloe sat beside Elizabeth. Before leaving, Chloe returned the travel journal to",Elizabeth,Chloe,10674,29476
phase6_prompt_19224820d00c95c8,test,p6_baba_train,BABA,phase6_pair_c05995853090638d,b_to_a,Paige,Joan,"During the train ride, Joan sat beside Paige. Before leaving, Joan returned the travel journal to",Paige,Joan,42847,26640
phase6_prompt_19434ecd56ea2739,test,p6_baba_train,BABA,phase6_pair_def4c49e912f68a0,a_to_b,Avery,Brooke,"During the train ride, Brooke sat beside Avery. Before leaving, Brooke returned the travel journal to",Avery,Brooke,29218,46459
phase6_prompt_19b2b54726566d34,test,p6_baba_train,BABA,phase6_pair_6fb321fd6c59ee74,a_to_b,Christopher,Leslie,"During the train ride, Leslie sat beside Christopher. Before leaving, Leslie returned the travel journal to",Christopher,Leslie,12803,26909
phase6_prompt_1a213bf99f121759,test,p6_baba_train,BABA,phase6_pair_a51ddccd84b83769,a_to_b,Anna,Claire,"During the train ride, Claire sat beside Anna. Before leaving, Claire returned the travel journal to",Anna,Claire,11735,20758
phase6_prompt_1c67973f98d8b79d,test,p6_baba_train,BABA,phase6_pair_def4c49e912f68a0,b_to_a,Brooke,Avery,"During the train ride, Avery sat beside Brooke. Before leaving, Avery returned the travel journal to",Brooke,Avery,46459,29218
phase6_prompt_1e110ff1b9b25133,test,p6_baba_train,BABA,phase6_pair_d8aa597f27508605,b_to_a,Marie,Christina,"During the train ride, Christina sat beside Marie. Before leaving, Christina returned the travel journal to",Marie,Christina,20492,33673
phase6_prompt_268ec368ef071a33,test,p6_baba_train,BABA,phase6_pair_27b58d91a8805723,a_to_b,Margaret,Mark,"During the train ride, Mark sat beside Margaret. Before leaving, Mark returned the travel journal to",Margaret,Mark,19579,2940
phase6_prompt_2920b3f54a215d51,test,p6_baba_train,BABA,phase6_pair_cdf0d5b696403826,a_to_b,Erica,Madison,"During the train ride, Madison sat beside Erica. Before leaving, Madison returned the travel journal to",Erica,Madison,45187,14909
phase6_prompt_292c414241da6c19,test,p6_baba_train,BABA,phase6_pair_f4a693ca9aeb5fcc,a_to_b,Holly,Virginia,"During the train ride, Virginia sat beside Holly. Before leaving, Virginia returned the travel journal to",Holly,Virginia,7764,6025
phase6_prompt_29476f47b427999f,test,p6_baba_train,BABA,phase6_pair_ed2f73ba899c96f0,b_to_a,Melissa,Anne,"During the train ride, Anne sat beside Melissa. Before leaving, Anne returned the travel journal to",Melissa,Anne,24164,15397
phase6_prompt_2eb091f1e8720edb,test,p6_baba_train,BABA,phase6_pair_d3ce04b561a7a9f6,b_to_a,Valerie,Gina,"During the train ride, Gina sat beside Valerie. Before leaving, Gina returned the travel journal to",Valerie,Gina,45603,43002
phase6_prompt_30206ffc49e97b21,test,p6_baba_train,BABA,phase6_pair_9d7a2d7573ba79c2,a_to_b,June,Zoe,"During the train ride, Zoe sat beside June. Before leaving, Zoe returned the travel journal to",June,Zoe,2795,32280
phase6_prompt_30cbe7447c96b660,test,p6_baba_train,BABA,phase6_pair_4b2031fb3148d3ee,a_to_b,April,Sophia,"During the train ride, Sophia sat beside April. Before leaving, Sophia returned the travel journal to",April,Sophia,3035,39953
phase6_prompt_317287e2d33a69e0,test,p6_baba_train,BABA,phase6_pair_4b2031fb3148d3ee,b_to_a,Sophia,April,"During the train ride, April sat beside Sophia. Before leaving, April returned the travel journal to",Sophia,April,39953,3035
phase6_prompt_34853bd9cb611434,test,p6_baba_train,BABA,phase6_pair_9d7a2d7573ba79c2,b_to_a,Zoe,June,"During the train ride, June sat beside Zoe. Before leaving, June returned the travel journal to",Zoe,June,32280,2795
phase6_prompt_34c72392361519b2,test,p6_baba_train,BABA,phase6_pair_ba24833d8a7a20bb,a_to_b,Rosa,Teresa,"During the train ride, Teresa sat beside Rosa. Before leaving, Teresa returned the travel journal to",Rosa,Teresa,27994,34405
phase6_prompt_3913f9617f41540b,test,p6_baba_train,BABA,phase6_pair_83ce93db4866834e,a_to_b,Maya,Nina,"During the train ride, Nina sat beside Maya. Before leaving, Nina returned the travel journal to",Maya,Nina,26041,36300
phase6_prompt_49236a521f160ace,test,p6_baba_train,BABA,phase6_pair_ba24833d8a7a20bb,b_to_a,Teresa,Rosa,"During the train ride, Rosa sat beside Teresa. Before leaving, Rosa returned the travel journal to",Teresa,Rosa,34405,27994
phase6_prompt_5024de4c3ff449ec,test,p6_baba_train,BABA,phase6_pair_c93a443389459cda,a_to_b,Mia,Natalie,"During the train ride, Natalie sat beside Mia. Before leaving, Natalie returned the travel journal to",Mia,Natalie,32189,35571
phase6_prompt_513c345cbb023ef8,test,p6_baba_train,BABA,phase6_pair_dc7c4afe450a4123,b_to_a,Judy,Joshua,"During the train ride, Joshua sat beside Judy. Before leaving, Joshua returned the travel journal to",Judy,Joshua,26395,20700
phase6_prompt_5141792abc792a5f,test,p6_baba_train,BABA,phase6_pair_ba4b06be0ae5c5a2,a_to_b,Amelia,John,"During the train ride, John sat beside Amelia. Before leaving, John returned the travel journal to",Amelia,John,49769,1757
phase6_prompt_53626a500fbe6bee,test,p6_baba_train,BABA,phase6_pair_3ff09606e48f88f8,a_to_b,Chloe,Elizabeth,"During the train ride, Elizabeth sat beside Chloe. Before leaving, Elizabeth returned the travel journal to",Chloe,Elizabeth,29476,10674
phase6_prompt_5d1c3afc0f005192,test,p6_baba_train,BABA,phase6_pair_dc7c4afe450a4123,a_to_b,Joshua,Judy,"During the train ride, Judy sat beside Joshua. Before leaving, Judy returned the travel journal to",Joshua,Judy,20700,26395
phase6_prompt_5faf7ff190e6dc3f,test,p6_baba_train,BABA,phase6_pair_f4a693ca9aeb5fcc,b_to_a,Virginia,Holly,"During the train ride, Holly sat beside Virginia. Before leaving, Holly returned the travel journal to",Virginia,Holly,6025,7764
phase6_prompt_602c85ae691ef31a,test,p6_baba_train,BABA,phase6_pair_ddeeb5ea0075c302,a_to_b,Rita,Victoria,"During the train ride, Victoria sat beside Rita. Before leaving, Victoria returned the travel journal to",Rita,Victoria,42605,12313
phase6_prompt_6449153793806169,test,p6_baba_train,BABA,phase6_pair_c06e43b4adb8976d,a_to_b,Charlotte,Kimberly,"During the train ride, Kimberly sat beside Charlotte. Before leaving, Kimberly returned the travel journal to",Charlotte,Kimberly,14685,48685
phase6_prompt_65e9a381f6cb379f,test,p6_baba_train,BABA,phase6_pair_8cda82f11e5705a9,a_to_b,Scarlett,Steven,"During the train ride, Steven sat beside Scarlett. Before leaving, Steven returned the travel journal to",Scarlett,Steven,45046,8239
phase6_prompt_6af31031011c8d51,test,p6_baba_train,BABA,phase6_pair_9af0db44d4680944,a_to_b,Cheryl,Ellie,"During the train ride, Ellie sat beside Cheryl. Before leaving, Ellie returned the travel journal to",Cheryl,Ellie,37958,44801
phase6_prompt_6c6ffe7599519961,test,p6_baba_train,BABA,phase6_pair_a51ddccd84b83769,b_to_a,Claire,Anna,"During the train ride, Anna sat beside Claire. Before leaving, Anna returned the travel journal to",Claire,Anna,20758,11735
phase6_prompt_6d6a17e4139dece7,test,p6_baba_train,BABA,phase6_pair_22424491bfa2bbf7,a_to_b,Lisa,Lydia,"During the train ride, Lydia sat beside Lisa. Before leaving, Lydia returned the travel journal to",Lisa,Lydia,15378,47766
phase6_prompt_6fcf23e895cde42d,test,p6_baba_train,BABA,phase6_pair_d3ce04b561a7a9f6,a_to_b,Gina,Valerie,"During the train ride, Valerie sat beside Gina. Before leaving, Valerie returned the travel journal to",Gina,Valerie,43002,45603
phase6_prompt_766f77a0b1fb6820,test,p6_baba_train,BABA,phase6_pair_d5f78ab0a04f789f,b_to_a,Megan,Martha,"During the train ride, Martha sat beside Megan. Before leaving, Martha returned the travel journal to",Megan,Martha,27616,27243
phase6_prompt_774da8f5bb2ac99b,test,p6_baba_train,BABA,phase6_pair_5060e0fc982e9f4d,b_to_a,Paul,Eva,"During the train ride, Eva sat beside Paul. Before leaving, Eva returned the travel journal to",Paul,Eva,3362,32355
phase6_prompt_7ed9159863f1e901,test,p6_baba_train,BABA,phase6_pair_8cda82f11e5705a9,b_to_a,Steven,Scarlett,"During the train ride, Scarlett sat beside Steven. Before leaving, Scarlett returned the travel journal to",Steven,Scarlett,8239,45046
phase6_prompt_8660e38b934c5839,test,p6_baba_train,BABA,phase6_pair_4232ece9c5de015e,a_to_b,Heather,Sarah,"During the train ride, Sarah sat beside Heather. Before leaving, Sarah returned the travel journal to",Heather,Sarah,24253,10490
phase6_prompt_949223f997a9aeeb,test,p6_baba_train,BABA,phase6_pair_83ce93db4866834e,b_to_a,Nina,Maya,"During the train ride, Maya sat beside Nina. Before leaving, Maya returned the travel journal to",Nina,Maya,36300,26041
phase6_prompt_9d2dbeae1b1b702d,test,p6_baba_train,BABA,phase6_pair_ed2f73ba899c96f0,a_to_b,Anne,Melissa,"During the train ride, Melissa sat beside Anne. Before leaving, Melissa returned the travel journal to",Anne,Melissa,15397,24164
phase6_prompt_9d49f41a5c37cfa8,test,p6_baba_train,BABA,phase6_pair_d3e30bbb7a041256,b_to_a,Leah,Joseph,"During the train ride, Joseph sat beside Leah. Before leaving, Joseph returned the travel journal to",Leah,Joseph,31232,7212
phase6_prompt_a04dd6bae123d2d9,test,p6_baba_train,BABA,phase6_pair_6fb321fd6c59ee74,b_to_a,Leslie,Christopher,"During the train ride, Christopher sat beside Leslie. Before leaving, Christopher returned the travel journal to",Leslie,Christopher,26909,12803
phase6_prompt_a23da5184a95be1f,test,p6_baba_train,BABA,phase6_pair_d05ecb1621fbfe80,a_to_b,Monica,Robin,"During the train ride, Robin sat beside Monica. Before leaving, Robin returned the travel journal to",Monica,Robin,23240,12325
phase6_prompt_a4106b5a550c2118,test,p6_baba_train,BABA,phase6_pair_d05ecb1621fbfe80,b_to_a,Robin,Monica,"During the train ride, Monica sat beside Robin. Before leaving, Monica returned the travel journal to",Robin,Monica,12325,23240
phase6_prompt_aab53de524912695,test,p6_baba_train,BABA,phase6_pair_6aa7a55bcb2b78fc,b_to_a,Peggy,Jill,"During the train ride, Jill sat beside Peggy. Before leaving, Jill returned the travel journal to",Peggy,Jill,40910,22772
phase6_prompt_b0536c9fb36a31b9,test,p6_baba_train,BABA,phase6_pair_c05995853090638d,a_to_b,Joan,Paige,"During the train ride, Paige sat beside Joan. Before leaving, Paige returned the travel journal to",Joan,Paige,26640,42847
phase6_prompt_b2eb699a47d33304,test,p6_baba_train,BABA,phase6_pair_70c9b4b466da4e77,b_to_a,Wendy,Judith,"During the train ride, Judith sat beside Wendy. Before leaving, Judith returned the travel journal to",Wendy,Judith,28314,39987
phase6_prompt_b6182acd2eb47066,test,p6_baba_train,BABA,phase6_pair_22424491bfa2bbf7,b_to_a,Lydia,Lisa,"During the train ride, Lisa sat beside Lydia. Before leaving, Lisa returned the travel journal to",Lydia,Lisa,47766,15378
phase6_prompt_c670b3502ecb2f44,test,p6_baba_train,BABA,phase6_pair_cdf0d5b696403826,b_to_a,Madison,Erica,"During the train ride, Erica sat beside Madison. Before leaving, Erica returned the travel journal to",Madison,Erica,14909,45187
phase6_prompt_c6856da11e9ec829,test,p6_baba_train,BABA,phase6_pair_9af0db44d4680944,b_to_a,Ellie,Cheryl,"During the train ride, Cheryl sat beside Ellie. Before leaving, Cheryl returned the travel journal to",Ellie,Cheryl,44801,37958
phase6_prompt_d49184761cc7321e,test,p6_baba_train,BABA,phase6_pair_3ea4c928a32cb535,a_to_b,Amber,Bonnie,"During the train ride, Bonnie sat beside Amber. Before leaving, Bonnie returned the travel journal to",Amber,Bonnie,21896,39203
phase6_prompt_d61fc4c01e38bcc4,test,p6_baba_train,BABA,phase6_pair_6aa7a55bcb2b78fc,a_to_b,Jill,Peggy,"During the train ride, Peggy sat beside Jill. Before leaving, Peggy returned the travel journal to",Jill,Peggy,22772,40910
phase6_prompt_d6ebc549f2197808,test,p6_baba_train,BABA,phase6_pair_5060e0fc982e9f4d,a_to_b,Eva,Paul,"During the train ride, Paul sat beside Eva. Before leaving, Paul returned the travel journal to",Eva,Paul,32355,3362
phase6_prompt_dba8b626f59115e6,test,p6_baba_train,BABA,phase6_pair_c93a443389459cda,b_to_a,Natalie,Mia,"During the train ride, Mia sat beside Natalie. Before leaving, Mia returned the travel journal to",Natalie,Mia,35571,32189
phase6_prompt_dcabb20ae8a19dc5,test,p6_baba_train,BABA,phase6_pair_3ea4c928a32cb535,b_to_a,Bonnie,Amber,"During the train ride, Amber sat beside Bonnie. Before leaving, Amber returned the travel journal to",Bonnie,Amber,39203,21896
phase6_prompt_de1da5d09d08d34f,test,p6_baba_train,BABA,phase6_pair_27b58d91a8805723,b_to_a,Mark,Margaret,"During the train ride, Margaret sat beside Mark. Before leaving, Margaret returned the travel journal to",Mark,Margaret,2940,19579
phase6_prompt_e6471ba4211b0227,test,p6_baba_train,BABA,phase6_pair_6dd888711548a86b,a_to_b,Kelly,Tina,"During the train ride, Tina sat beside Kelly. Before leaving, Tina returned the travel journal to",Kelly,Tina,9077,35903
phase6_prompt_e8f9104b1795ab02,test,p6_baba_train,BABA,phase6_pair_4232ece9c5de015e,b_to_a,Sarah,Heather,"During the train ride, Heather sat beside Sarah. Before leaving, Heather returned the travel journal to",Sarah,Heather,10490,24253
phase6_prompt_f09bab9d3e13ddc1,test,p6_baba_train,BABA,phase6_pair_d5f78ab0a04f789f,a_to_b,Martha,Megan,"During the train ride, Megan sat beside Martha. Before leaving, Megan returned the travel journal to",Martha,Megan,27243,27616
phase6_prompt_f348d056b9587f15,test,p6_baba_train,BABA,phase6_pair_ba4b06be0ae5c5a2,b_to_a,John,Amelia,"During the train ride, Amelia sat beside John. Before leaving, Amelia returned the travel journal to",John,Amelia,1757,49769
phase6_prompt_f8a4ea7484121e34,test,p6_baba_train,BABA,phase6_pair_ddeeb5ea0075c302,b_to_a,Victoria,Rita,"During the train ride, Rita sat beside Victoria. Before leaving, Rita returned the travel journal to",Victoria,Rita,12313,42605
phase6_prompt_118fcefb2a2e5ebe,train,p6_abba_kitchen,ABBA,phase6_train_pair_88758aab97f7c1e5,not_applicable,Thomas,Crystal,"In the kitchen, Thomas worked with Crystal. After dinner, Crystal passed the recipe card to",Thomas,Crystal,5658,12969
phase6_prompt_17c60ad0913ecf66,train,p6_abba_kitchen,ABBA,phase6_train_pair_6c87daa1e3146c49,not_applicable,Olivia,Naomi,"In the kitchen, Olivia worked with Naomi. After dinner, Naomi passed the recipe card to",Olivia,Naomi,33911,40474
phase6_prompt_3a56050f37ba6ac3,train,p6_abba_kitchen,ABBA,phase6_train_pair_4d051c4f59200c16,not_applicable,Amanda,Olivia,"In the kitchen, Amanda worked with Olivia. After dinner, Olivia passed the recipe card to",Amanda,Olivia,23040,33911
phase6_prompt_3deb763b5ba5f9c0,train,p6_abba_kitchen,ABBA,phase6_train_pair_f48858a77f7215ae,not_applicable,Naomi,Lucy,"In the kitchen, Naomi worked with Lucy. After dinner, Lucy passed the recipe card to",Naomi,Lucy,40474,22162
phase6_prompt_45302a43dc3c1c12,train,p6_abba_kitchen,ABBA,phase6_train_pair_0cb59f76f0d7aaf0,not_applicable,Michael,Thomas,"In the kitchen, Michael worked with Thomas. After dinner, Thomas passed the recipe card to",Michael,Thomas,3899,5658
phase6_prompt_4c74973aa2b9d4d6,train,p6_abba_kitchen,ABBA,phase6_train_pair_54a64baa504237ea,not_applicable,Amanda,Michael,"In the kitchen, Amanda worked with Michael. After dinner, Michael passed the recipe card to",Amanda,Michael,23040,3899
phase6_prompt_5033fed1a363dafb,train,p6_abba_kitchen,ABBA,phase6_train_pair_755cccd5a8db4722,not_applicable,Lily,Olivia,"In the kitchen, Lily worked with Olivia. After dinner, Olivia passed the recipe card to",Lily,Olivia,20037,33911
phase6_prompt_563ee47a704bff96,train,p6_abba_kitchen,ABBA,phase6_train_pair_c8960cbf7a7a9bfb,not_applicable,Naomi,Crystal,"In the kitchen, Naomi worked with Crystal. After dinner, Crystal passed the recipe card to",Naomi,Crystal,40474,12969
phase6_prompt_601411b48153ef78,train,p6_abba_kitchen,ABBA,phase6_train_pair_fc3bf4207af0736c,not_applicable,Andrew,Thomas,"In the kitchen, Andrew worked with Thomas. After dinner, Thomas passed the recipe card to",Andrew,Thomas,6858,5658
phase6_prompt_61b188736d55c0a2,train,p6_abba_kitchen,ABBA,phase6_train_pair_7e0dcd26f289b5b7,not_applicable,Lucy,Amanda,"In the kitchen, Lucy worked with Amanda. After dinner, Amanda passed the recipe card to",Lucy,Amanda,22162,23040
phase6_prompt_7249472237302527,train,p6_abba_kitchen,ABBA,phase6_train_pair_3f9285cfd2e59bd7,not_applicable,Lily,Harper,"In the kitchen, Lily worked with Harper. After dinner, Harper passed the recipe card to",Lily,Harper,20037,12686
phase6_prompt_773556ef0d7e084e,train,p6_abba_kitchen,ABBA,phase6_train_pair_9a40d151f4337457,not_applicable,Michael,Lily,"In the kitchen, Michael worked with Lily. After dinner, Lily passed the recipe card to",Michael,Lily,3899,20037
phase6_prompt_77d6d7764e15f047,train,p6_abba_kitchen,ABBA,phase6_train_pair_82320a452dff8e52,not_applicable,Lily,Naomi,"In the kitchen, Lily worked with Naomi. After dinner, Naomi passed the recipe card to",Lily,Naomi,20037,40474
phase6_prompt_7894d13e4c1136bc,train,p6_abba_kitchen,ABBA,phase6_train_pair_97c286fb49b43435,not_applicable,Crystal,Thomas,"In the kitchen, Crystal worked with Thomas. After dinner, Thomas passed the recipe card to",Crystal,Thomas,12969,5658
phase6_prompt_8b6c8b2f697379ea,train,p6_abba_kitchen,ABBA,phase6_train_pair_dc7e77e10bb40985,not_applicable,Thomas,Lucy,"In the kitchen, Thomas worked with Lucy. After dinner, Lucy passed the recipe card to",Thomas,Lucy,5658,22162
phase6_prompt_8f624242fe51f26e,train,p6_abba_kitchen,ABBA,phase6_train_pair_b73da66893835f8a,not_applicable,Lucy,Crystal,"In the kitchen, Lucy worked with Crystal. After dinner, Crystal passed the recipe card to",Lucy,Crystal,22162,12969
phase6_prompt_b33213f1041d418a,train,p6_abba_kitchen,ABBA,phase6_train_pair_a16bca94da39e9e8,not_applicable,Olivia,Crystal,"In the kitchen, Olivia worked with Crystal. After dinner, Crystal passed the recipe card to",Olivia,Crystal,33911,12969
phase6_prompt_b618cbe355ebfcb0,train,p6_abba_kitchen,ABBA,phase6_train_pair_8f55b7dcb2b20535,not_applicable,Olivia,Amanda,"In the kitchen, Olivia worked with Amanda. After dinner, Amanda passed the recipe card to",Olivia,Amanda,33911,23040
phase6_prompt_bf46f3fa84e6bfad,train,p6_abba_kitchen,ABBA,phase6_train_pair_dbf76839587b404e,not_applicable,Crystal,Naomi,"In the kitchen, Crystal worked with Naomi. After dinner, Naomi passed the recipe card to",Crystal,Naomi,12969,40474
phase6_prompt_c1df17ab787cf29b,train,p6_abba_kitchen,ABBA,phase6_train_pair_ca5e3f8ae7aedb56,not_applicable,Naomi,Amanda,"In the kitchen, Naomi worked with Amanda. After dinner, Amanda passed the recipe card to",Naomi,Amanda,40474,23040
phase6_prompt_c5942bf340e0758a,train,p6_abba_kitchen,ABBA,phase6_train_pair_af25e364930c827a,not_applicable,Lucy,Andrew,"In the kitchen, Lucy worked with Andrew. After dinner, Andrew passed the recipe card to",Lucy,Andrew,22162,6858
phase6_prompt_c9230e304d03e106,train,p6_abba_kitchen,ABBA,phase6_train_pair_d7e036ae37475b9c,not_applicable,Jennifer,Amanda,"In the kitchen, Jennifer worked with Amanda. After dinner, Amanda passed the recipe card to",Jennifer,Amanda,16348,23040
phase6_prompt_effe4ccd409859c5,train,p6_abba_kitchen,ABBA,phase6_train_pair_afd33de33187928a,not_applicable,Mary,Lily,"In the kitchen, Mary worked with Lily. After dinner, Lily passed the recipe card to",Mary,Lily,5335,20037
phase6_prompt_f651e58fd627bafa,train,p6_abba_kitchen,ABBA,phase6_train_pair_d36b075770281557,not_applicable,Harper,Mary,"In the kitchen, Harper worked with Mary. After dinner, Mary passed the recipe card to",Harper,Mary,12686,5335
phase6_prompt_00e5f2ad9602e085,train,p6_abba_library,ABBA,phase6_train_pair_e68c610dc65be0d7,not_applicable,Andrew,Michael,"At the library, Andrew met Michael. When the doors closed, Michael handed the borrowed novel to",Andrew,Michael,6858,3899
phase6_prompt_09fd1c3b1b1ca537,train,p6_abba_library,ABBA,phase6_train_pair_3c70d586e38a9573,not_applicable,Harper,Lily,"At the library, Harper met Lily. When the doors closed, Lily handed the borrowed novel to",Harper,Lily,12686,20037
phase6_prompt_0e216e91e9b07a35,train,p6_abba_library,ABBA,phase6_train_pair_f836ba8e1f19df21,not_applicable,Olivia,Lily,"At the library, Olivia met Lily. When the doors closed, Lily handed the borrowed novel to",Olivia,Lily,33911,20037
phase6_prompt_16415a1b6b503fe7,train,p6_abba_library,ABBA,phase6_train_pair_552e82c889b800b8,not_applicable,Lucy,Olivia,"At the library, Lucy met Olivia. When the doors closed, Olivia handed the borrowed novel to",Lucy,Olivia,22162,33911
phase6_prompt_1e8e8d8c9e1a8fec,train,p6_abba_library,ABBA,phase6_train_pair_118c6e41e82d5651,not_applicable,Mary,Naomi,"At the library, Mary met Naomi. When the doors closed, Naomi handed the borrowed novel to",Mary,Naomi,5335,40474
phase6_prompt_1eb6870fcd632567,train,p6_abba_library,ABBA,phase6_train_pair_9eb4d171e3466b7b,not_applicable,Crystal,Olivia,"At the library, Crystal met Olivia. When the doors closed, Olivia handed the borrowed novel to",Crystal,Olivia,12969,33911
phase6_prompt_2901e7c3844a0c9c,train,p6_abba_library,ABBA,phase6_train_pair_4d051c4f59200c16,not_applicable,Amanda,Olivia,"At the library, Amanda met Olivia. When the doors closed, Olivia handed the borrowed novel to",Amanda,Olivia,23040,33911
phase6_prompt_34e367e2e7eb41f1,train,p6_abba_library,ABBA,phase6_train_pair_a800e9aa21775598,not_applicable,Andrew,Lily,"At the library, Andrew met Lily. When the doors closed, Lily handed the borrowed novel to",Andrew,Lily,6858,20037
phase6_prompt_37a3ed78dc4a0955,train,p6_abba_library,ABBA,phase6_train_pair_97c286fb49b43435,not_applicable,Crystal,Thomas,"At the library, Crystal met Thomas. When the doors closed, Thomas handed the borrowed novel to",Crystal,Thomas,12969,5658
phase6_prompt_37dcbc2e67a8e888,train,p6_abba_library,ABBA,phase6_train_pair_d6c955d93bb40ee2,not_applicable,Jennifer,Mary,"At the library, Jennifer met Mary. When the doors closed, Mary handed the borrowed novel to",Jennifer,Mary,16348,5335
phase6_prompt_4122e93a68a0f634,train,p6_abba_library,ABBA,phase6_train_pair_b73da66893835f8a,not_applicable,Lucy,Crystal,"At the library, Lucy met Crystal. When the doors closed, Crystal handed the borrowed novel to",Lucy,Crystal,22162,12969
phase6_prompt_536d204664676570,train,p6_abba_library,ABBA,phase6_train_pair_42fd8c333a8acd3c,not_applicable,Crystal,Harper,"At the library, Crystal met Harper. When the doors closed, Harper handed the borrowed novel to",Crystal,Harper,12969,12686
phase6_prompt_58337f80aca122ca,train,p6_abba_library,ABBA,phase6_train_pair_bc64cbdace4a5b56,not_applicable,Thomas,Amanda,"At the library, Thomas met Amanda. When the doors closed, Amanda handed the borrowed novel to",Thomas,Amanda,5658,23040
phase6_prompt_5b9b23aa8b381b6a,train,p6_abba_library,ABBA,phase6_train_pair_49cc19519e786819,not_applicable,Olivia,Lucy,"At the library, Olivia met Lucy. When the doors closed, Lucy handed the borrowed novel to",Olivia,Lucy,33911,22162
phase6_prompt_5e819268144586b9,train,p6_abba_library,ABBA,phase6_train_pair_6d42137a085e67b6,not_applicable,Andrew,Harper,"At the library, Andrew met Harper. When the doors closed, Harper handed the borrowed novel to",Andrew,Harper,6858,12686
phase6_prompt_6f061da02fba333b,train,p6_abba_library,ABBA,phase6_train_pair_c8960cbf7a7a9bfb,not_applicable,Naomi,Crystal,"At the library, Naomi met Crystal. When the doors closed, Crystal handed the borrowed novel to",Naomi,Crystal,40474,12969
phase6_prompt_874e8bc6be7b9b9d,train,p6_abba_library,ABBA,phase6_train_pair_0cb59f76f0d7aaf0,not_applicable,Michael,Thomas,"At the library, Michael met Thomas. When the doors closed, Thomas handed the borrowed novel to",Michael,Thomas,3899,5658
phase6_prompt_96c593a98a5ffc40,train,p6_abba_library,ABBA,phase6_train_pair_c446a5d184eda9a4,not_applicable,Harper,Amanda,"At the library, Harper met Amanda. When the doors closed, Amanda handed the borrowed novel to",Harper,Amanda,12686,23040
phase6_prompt_a621ffa9e922e54f,train,p6_abba_library,ABBA,phase6_train_pair_457ad5a058bb4509,not_applicable,Crystal,Lily,"At the library, Crystal met Lily. When the doors closed, Lily handed the borrowed novel to",Crystal,Lily,12969,20037
phase6_prompt_aa53ce4509c7ac62,train,p6_abba_library,ABBA,phase6_train_pair_aa688ea407a76e8d,not_applicable,Naomi,Michael,"At the library, Naomi met Michael. When the doors closed, Michael handed the borrowed novel to",Naomi,Michael,40474,3899
phase6_prompt_ba9da8be8989871c,train,p6_abba_library,ABBA,phase6_train_pair_4aec8ec1c10014a3,not_applicable,Michael,Crystal,"At the library, Michael met Crystal. When the doors closed, Crystal handed the borrowed novel to",Michael,Crystal,3899,12969
phase6_prompt_c1a67133f791c99a,train,p6_abba_library,ABBA,phase6_train_pair_5cac6b1d3117caa9,not_applicable,Amanda,Jennifer,"At the library, Amanda met Jennifer. When the doors closed, Jennifer handed the borrowed novel to",Amanda,Jennifer,23040,16348
phase6_prompt_e8009cacd33acce8,train,p6_abba_library,ABBA,phase6_train_pair_755cccd5a8db4722,not_applicable,Lily,Olivia,"At the library, Lily met Olivia. When the doors closed, Olivia handed the borrowed novel to",Lily,Olivia,20037,33911
phase6_prompt_f272907336809603,train,p6_abba_library,ABBA,phase6_train_pair_dc7e77e10bb40985,not_applicable,Thomas,Lucy,"At the library, Thomas met Lucy. When the doors closed, Lucy handed the borrowed novel to",Thomas,Lucy,5658,22162
phase6_prompt_06cb9c0a98f0e226,train,p6_abba_museum,ABBA,phase6_train_pair_e0584833cfc1ccaf,not_applicable,Lucy,Mary,"At the museum, Lucy spoke with Mary. Later, Mary offered the exhibit guide to",Lucy,Mary,22162,5335
phase6_prompt_1028470b1ff5ce7a,train,p6_abba_museum,ABBA,phase6_train_pair_c47dd8dcefdd869a,not_applicable,Thomas,Jennifer,"At the museum, Thomas spoke with Jennifer. Later, Jennifer offered the exhibit guide to",Thomas,Jennifer,5658,16348
phase6_prompt_3c2faa44d6cfff2e,train,p6_abba_museum,ABBA,phase6_train_pair_4d22cc70c927c3b4,not_applicable,Thomas,Michael,"At the museum, Thomas spoke with Michael. Later, Michael offered the exhibit guide to",Thomas,Michael,5658,3899
phase6_prompt_3d77996bdf222b21,train,p6_abba_museum,ABBA,phase6_train_pair_755cccd5a8db4722,not_applicable,Lily,Olivia,"At the museum, Lily spoke with Olivia. Later, Olivia offered the exhibit guide to",Lily,Olivia,20037,33911
phase6_prompt_43e4262da84af974,train,p6_abba_museum,ABBA,phase6_train_pair_82320a452dff8e52,not_applicable,Lily,Naomi,"At the museum, Lily spoke with Naomi. Later, Naomi offered the exhibit guide to",Lily,Naomi,20037,40474
phase6_prompt_45495e8da6173cdb,train,p6_abba_museum,ABBA,phase6_train_pair_2abc5255df6dd75b,not_applicable,Lily,Crystal,"At the museum, Lily spoke with Crystal. Later, Crystal offered the exhibit guide to",Lily,Crystal,20037,12969
phase6_prompt_522585a9d22a1d2a,train,p6_abba_museum,ABBA,phase6_train_pair_a83f57603b76b131,not_applicable,Michael,Jennifer,"At the museum, Michael spoke with Jennifer. Later, Jennifer offered the exhibit guide to",Michael,Jennifer,3899,16348
phase6_prompt_5b08acf4697c9b96,train,p6_abba_museum,ABBA,phase6_train_pair_39f0f4b7e3539292,not_applicable,Mary,Lucy,"At the museum, Mary spoke with Lucy. Later, Lucy offered the exhibit guide to",Mary,Lucy,5335,22162
phase6_prompt_6f2a2adbec6e149d,train,p6_abba_museum,ABBA,phase6_train_pair_3f9285cfd2e59bd7,not_applicable,Lily,Harper,"At the museum, Lily spoke with Harper. Later, Harper offered the exhibit guide to",Lily,Harper,20037,12686
phase6_prompt_735a1e6545b7fa52,train,p6_abba_museum,ABBA,phase6_train_pair_118c6e41e82d5651,not_applicable,Mary,Naomi,"At the museum, Mary spoke with Naomi. Later, Naomi offered the exhibit guide to",Mary,Naomi,5335,40474
phase6_prompt_8b4804b3c0187e68,train,p6_abba_museum,ABBA,phase6_train_pair_e68c610dc65be0d7,not_applicable,Andrew,Michael,"At the museum, Andrew spoke with Michael. Later, Michael offered the exhibit guide to",Andrew,Michael,6858,3899
phase6_prompt_8bc2e9e6e931aee2,train,p6_abba_museum,ABBA,phase6_train_pair_c8960cbf7a7a9bfb,not_applicable,Naomi,Crystal,"At the museum, Naomi spoke with Crystal. Later, Crystal offered the exhibit guide to",Naomi,Crystal,40474,12969
phase6_prompt_8ca7c22aced4029b,train,p6_abba_museum,ABBA,phase6_train_pair_fc3bf4207af0736c,not_applicable,Andrew,Thomas,"At the museum, Andrew spoke with Thomas. Later, Thomas offered the exhibit guide to",Andrew,Thomas,6858,5658
phase6_prompt_8e8d42d6c17b719f,train,p6_abba_museum,ABBA,phase6_train_pair_6ff6566ef8e1d8a4,not_applicable,Thomas,Harper,"At the museum, Thomas spoke with Harper. Later, Harper offered the exhibit guide to",Thomas,Harper,5658,12686
phase6_prompt_9091979dbc0d8828,train,p6_abba_museum,ABBA,phase6_train_pair_a08a15b1abb0b022,not_applicable,Naomi,Jennifer,"At the museum, Naomi spoke with Jennifer. Later, Jennifer offered the exhibit guide to",Naomi,Jennifer,40474,16348
phase6_prompt_92121e85c5acd60d,train,p6_abba_museum,ABBA,phase6_train_pair_016009d861756238,not_applicable,Jennifer,Lily,"At the museum, Jennifer spoke with Lily. Later, Lily offered the exhibit guide to",Jennifer,Lily,16348,20037
phase6_prompt_aa6688acc70cc378,train,p6_abba_museum,ABBA,phase6_train_pair_f0bb54171b45eefa,not_applicable,Amanda,Andrew,"At the museum, Amanda spoke with Andrew. Later, Andrew offered the exhibit guide to",Amanda,Andrew,23040,6858
phase6_prompt_b203ef3d1b937c66,train,p6_abba_museum,ABBA,phase6_train_pair_49cc19519e786819,not_applicable,Olivia,Lucy,"At the museum, Olivia spoke with Lucy. Later, Lucy offered the exhibit guide to",Olivia,Lucy,33911,22162
phase6_prompt_b569bc7accd27025,train,p6_abba_museum,ABBA,phase6_train_pair_e90e5716bb3a3bf0,not_applicable,Olivia,Michael,"At the museum, Olivia spoke with Michael. Later, Michael offered the exhibit guide to",Olivia,Michael,33911,3899
phase6_prompt_bfac0d0aeefec9f6,train,p6_abba_museum,ABBA,phase6_train_pair_44b4519d73b4239b,not_applicable,Crystal,Jennifer,"At the museum, Crystal spoke with Jennifer. Later, Jennifer offered the exhibit guide to",Crystal,Jennifer,12969,16348
phase6_prompt_c836f3e21e4d1cbb,train,p6_abba_museum,ABBA,phase6_train_pair_0df12497c7da3f0e,not_applicable,Mary,Amanda,"At the museum, Mary spoke with Amanda. Later, Amanda offered the exhibit guide to",Mary,Amanda,5335,23040
phase6_prompt_cc611fe035a2265d,train,p6_abba_museum,ABBA,phase6_train_pair_e3fee7a7a7b51ba4,not_applicable,Jennifer,Crystal,"At the museum, Jennifer spoke with Crystal. Later, Crystal offered the exhibit guide to",Jennifer,Crystal,16348,12969
phase6_prompt_ee98b201aeed86ea,train,p6_abba_museum,ABBA,phase6_train_pair_393ae6d05aad0e9c,not_applicable,Thomas,Andrew,"At the museum, Thomas spoke with Andrew. Later, Andrew offered the exhibit guide to",Thomas,Andrew,5658,6858
phase6_prompt_f652fa9751e92634,train,p6_abba_museum,ABBA,phase6_train_pair_a800e9aa21775598,not_applicable,Andrew,Lily,"At the museum, Andrew spoke with Lily. Later, Lily offered the exhibit guide to",Andrew,Lily,6858,20037
phase6_prompt_00c1e116b61be1bf,train,p6_abba_train,ABBA,phase6_train_pair_36d47e27c6c49e69,not_applicable,Lily,Thomas,"During the train ride, Lily sat beside Thomas. Before leaving, Thomas returned the travel journal to",Lily,Thomas,20037,5658
phase6_prompt_0831da51a8693ddd,train,p6_abba_train,ABBA,phase6_train_pair_a16bca94da39e9e8,not_applicable,Olivia,Crystal,"During the train ride, Olivia sat beside Crystal. Before leaving, Crystal returned the travel journal to",Olivia,Crystal,33911,12969
phase6_prompt_0e65afa124d0dbc9,train,p6_abba_train,ABBA,phase6_train_pair_b498e54e1537a07c,not_applicable,Andrew,Mary,"During the train ride, Andrew sat beside Mary. Before leaving, Mary returned the travel journal to",Andrew,Mary,6858,5335
phase6_prompt_1d5cf857015e836a,train,p6_abba_train,ABBA,phase6_train_pair_a83f57603b76b131,not_applicable,Michael,Jennifer,"During the train ride, Michael sat beside Jennifer. Before leaving, Jennifer returned the travel journal to",Michael,Jennifer,3899,16348
phase6_prompt_286a30c26f6438f4,train,p6_abba_train,ABBA,phase6_train_pair_7e0dcd26f289b5b7,not_applicable,Lucy,Amanda,"During the train ride, Lucy sat beside Amanda. Before leaving, Amanda returned the travel journal to",Lucy,Amanda,22162,23040
phase6_prompt_348df1f3293a406a,train,p6_abba_train,ABBA,phase6_train_pair_8d853d0ee2b4b7fb,not_applicable,Mary,Michael,"During the train ride, Mary sat beside Michael. Before leaving, Michael returned the travel journal to",Mary,Michael,5335,3899
phase6_prompt_49db9f3c2ccfa92b,train,p6_abba_train,ABBA,phase6_train_pair_0cb59f76f0d7aaf0,not_applicable,Michael,Thomas,"During the train ride, Michael sat beside Thomas. Before leaving, Thomas returned the travel journal to",Michael,Thomas,3899,5658
phase6_prompt_4c89d522943651eb,train,p6_abba_train,ABBA,phase6_train_pair_3c70d586e38a9573,not_applicable,Harper,Lily,"During the train ride, Harper sat beside Lily. Before leaving, Lily returned the travel journal to",Harper,Lily,12686,20037
phase6_prompt_4ca4eb9a0141072d,train,p6_abba_train,ABBA,phase6_train_pair_dc938a85469074d6,not_applicable,Andrew,Jennifer,"During the train ride, Andrew sat beside Jennifer. Before leaving, Jennifer returned the travel journal to",Andrew,Jennifer,6858,16348
phase6_prompt_5de8c61aeccceebe,train,p6_abba_train,ABBA,phase6_train_pair_0df12497c7da3f0e,not_applicable,Mary,Amanda,"During the train ride, Mary sat beside Amanda. Before leaving, Amanda returned the travel journal to",Mary,Amanda,5335,23040
phase6_prompt_609d2cf415baff01,train,p6_abba_train,ABBA,phase6_train_pair_7d87b776c508bd6a,not_applicable,Andrew,Amanda,"During the train ride, Andrew sat beside Amanda. Before leaving, Amanda returned the travel journal to",Andrew,Amanda,6858,23040
phase6_prompt_78442ca83f582367,train,p6_abba_train,ABBA,phase6_train_pair_39f0f4b7e3539292,not_applicable,Mary,Lucy,"During the train ride, Mary sat beside Lucy. Before leaving, Lucy returned the travel journal to",Mary,Lucy,5335,22162
phase6_prompt_79bfa33d39762901,train,p6_abba_train,ABBA,phase6_train_pair_aa688ea407a76e8d,not_applicable,Naomi,Michael,"During the train ride, Naomi sat beside Michael. Before leaving, Michael returned the travel journal to",Naomi,Michael,40474,3899
phase6_prompt_8279c233a246171f,train,p6_abba_train,ABBA,phase6_train_pair_c47dd8dcefdd869a,not_applicable,Thomas,Jennifer,"During the train ride, Thomas sat beside Jennifer. Before leaving, Jennifer returned the travel journal to",Thomas,Jennifer,5658,16348
phase6_prompt_92128a677991e07d,train,p6_abba_train,ABBA,phase6_train_pair_c437d8d87fae9e0b,not_applicable,Lily,Lucy,"During the train ride, Lily sat beside Lucy. Before leaving, Lucy returned the travel journal to",Lily,Lucy,20037,22162
phase6_prompt_9589af6161a7136f,train,p6_abba_train,ABBA,phase6_train_pair_016009d861756238,not_applicable,Jennifer,Lily,"During the train ride, Jennifer sat beside Lily. Before leaving, Lily returned the travel journal to",Jennifer,Lily,16348,20037
phase6_prompt_98cff9323842ee4c,train,p6_abba_train,ABBA,phase6_train_pair_9a40d151f4337457,not_applicable,Michael,Lily,"During the train ride, Michael sat beside Lily. Before leaving, Lily returned the travel journal to",Michael,Lily,3899,20037
phase6_prompt_a06676d578a60c63,train,p6_abba_train,ABBA,phase6_train_pair_a7aec391f2b0ac18,not_applicable,Jennifer,Lucy,"During the train ride, Jennifer sat beside Lucy. Before leaving, Lucy returned the travel journal to",Jennifer,Lucy,16348,22162
phase6_prompt_a95050a4040dd770,train,p6_abba_train,ABBA,phase6_train_pair_49d530d498c59bcc,not_applicable,Harper,Lucy,"During the train ride, Harper sat beside Lucy. Before leaving, Lucy returned the travel journal to",Harper,Lucy,12686,22162
phase6_prompt_d6b2b70750fbba4a,train,p6_abba_train,ABBA,phase6_train_pair_e90e5716bb3a3bf0,not_applicable,Olivia,Michael,"During the train ride, Olivia sat beside Michael. Before leaving, Michael returned the travel journal to",Olivia,Michael,33911,3899
phase6_prompt_e1f2122ca34f2431,train,p6_abba_train,ABBA,phase6_train_pair_bc64cbdace4a5b56,not_applicable,Thomas,Amanda,"During the train ride, Thomas sat beside Amanda. Before leaving, Amanda returned the travel journal to",Thomas,Amanda,5658,23040
phase6_prompt_e7a807a7cb731e66,train,p6_abba_train,ABBA,phase6_train_pair_b649ebf1fe13761c,not_applicable,Lucy,Lily,"During the train ride, Lucy sat beside Lily. Before leaving, Lily returned the travel journal to",Lucy,Lily,22162,20037
phase6_prompt_eb375a11fb9308d1,train,p6_abba_train,ABBA,phase6_train_pair_49cc19519e786819,not_applicable,Olivia,Lucy,"During the train ride, Olivia sat beside Lucy. Before leaving, Lucy returned the travel journal to",Olivia,Lucy,33911,22162
phase6_prompt_f6700de4630778c2,train,p6_abba_train,ABBA,phase6_train_pair_6ff6566ef8e1d8a4,not_applicable,Thomas,Harper,"During the train ride, Thomas sat beside Harper. Before leaving, Harper returned the travel journal to",Thomas,Harper,5658,12686
phase6_prompt_154acf0e328e7b16,train,p6_baba_kitchen,BABA,phase6_train_pair_787252b742c57f8b,not_applicable,Thomas,Mary,"In the kitchen, Mary worked with Thomas. After dinner, Mary passed the recipe card to",Thomas,Mary,5658,5335
phase6_prompt_17ac58c8c9afee0e,train,p6_baba_kitchen,BABA,phase6_train_pair_c8800df3e0f528dd,not_applicable,Mary,Harper,"In the kitchen, Harper worked with Mary. After dinner, Harper passed the recipe card to",Mary,Harper,5335,12686
phase6_prompt_1acdc56e81e8c3e7,train,p6_baba_kitchen,BABA,phase6_train_pair_0cb59f76f0d7aaf0,not_applicable,Michael,Thomas,"In the kitchen, Thomas worked with Michael. After dinner, Thomas passed the recipe card to",Michael,Thomas,3899,5658
phase6_prompt_233a0d9c8136748e,train,p6_baba_kitchen,BABA,phase6_train_pair_f0bb54171b45eefa,not_applicable,Amanda,Andrew,"In the kitchen, Andrew worked with Amanda. After dinner, Andrew passed the recipe card to",Amanda,Andrew,23040,6858
phase6_prompt_2f1271de4c2f7d44,train,p6_baba_kitchen,BABA,phase6_train_pair_6ab504da4d97fbae,not_applicable,Crystal,Michael,"In the kitchen, Michael worked with Crystal. After dinner, Michael passed the recipe card to",Crystal,Michael,12969,3899
phase6_prompt_35bdb5154d5131bc,train,p6_baba_kitchen,BABA,phase6_train_pair_7fb315cf333c1f6a,not_applicable,Amanda,Harper,"In the kitchen, Harper worked with Amanda. After dinner, Harper passed the recipe card to",Amanda,Harper,23040,12686
phase6_prompt_45aa79e52ec63535,train,p6_baba_kitchen,BABA,phase6_train_pair_54a64baa504237ea,not_applicable,Amanda,Michael,"In the kitchen, Michael worked with Amanda. After dinner, Michael passed the recipe card to",Amanda,Michael,23040,3899
phase6_prompt_4deb0e7e976291ad,train,p6_baba_kitchen,BABA,phase6_train_pair_dd643b0101ba35e4,not_applicable,Lucy,Thomas,"In the kitchen, Thomas worked with Lucy. After dinner, Thomas passed the recipe card to",Lucy,Thomas,22162,5658
phase6_prompt_4f630d975154453c,train,p6_baba_kitchen,BABA,phase6_train_pair_4d22cc70c927c3b4,not_applicable,Thomas,Michael,"In the kitchen, Michael worked with Thomas. After dinner, Michael passed the recipe card to",Thomas,Michael,5658,3899
phase6_prompt_6ee2a9ecfa76eccd,train,p6_baba_kitchen,BABA,phase6_train_pair_dc938a85469074d6,not_applicable,Andrew,Jennifer,"In the kitchen, Jennifer worked with Andrew. After dinner, Jennifer passed the recipe card to",Andrew,Jennifer,6858,16348
phase6_prompt_801fcb5e06b96de4,train,p6_baba_kitchen,BABA,phase6_train_pair_a9df0ce7a731111a,not_applicable,Harper,Naomi,"In the kitchen, Naomi worked with Harper. After dinner, Naomi passed the recipe card to",Harper,Naomi,12686,40474
phase6_prompt_87cb139fd8b68608,train,p6_baba_kitchen,BABA,phase6_train_pair_7d87b776c508bd6a,not_applicable,Andrew,Amanda,"In the kitchen, Amanda worked with Andrew. After dinner, Amanda passed the recipe card to",Andrew,Amanda,6858,23040
phase6_prompt_8fc30f6efd826023,train,p6_baba_kitchen,BABA,phase6_train_pair_d272318de37db06b,not_applicable,Jennifer,Andrew,"In the kitchen, Andrew worked with Jennifer. After dinner, Andrew passed the recipe card to",Jennifer,Andrew,16348,6858
phase6_prompt_90d1edfef2d52bca,train,p6_baba_kitchen,BABA,phase6_train_pair_fcf79e928c6bd89e,not_applicable,Lucy,Michael,"In the kitchen, Michael worked with Lucy. After dinner, Michael passed the recipe card to",Lucy,Michael,22162,3899
phase6_prompt_92cb976855fcf81c,train,p6_baba_kitchen,BABA,phase6_train_pair_aa688ea407a76e8d,not_applicable,Naomi,Michael,"In the kitchen, Michael worked with Naomi. After dinner, Michael passed the recipe card to",Naomi,Michael,40474,3899
phase6_prompt_962206b48f61e518,train,p6_baba_kitchen,BABA,phase6_train_pair_49d530d498c59bcc,not_applicable,Harper,Lucy,"In the kitchen, Lucy worked with Harper. After dinner, Lucy passed the recipe card to",Harper,Lucy,12686,22162
phase6_prompt_9f1dd1d5e012577a,train,p6_baba_kitchen,BABA,phase6_train_pair_254cc9622d8a7a0e,not_applicable,Crystal,Andrew,"In the kitchen, Andrew worked with Crystal. After dinner, Andrew passed the recipe card to",Crystal,Andrew,12969,6858
phase6_prompt_b37f480c116175f6,train,p6_baba_kitchen,BABA,phase6_train_pair_6142a7d0bd822d6c,not_applicable,Amanda,Lucy,"In the kitchen, Lucy worked with Amanda. After dinner, Lucy passed the recipe card to",Amanda,Lucy,23040,22162
phase6_prompt_bd976645ba0dfe1f,train,p6_baba_kitchen,BABA,phase6_train_pair_7b9ec9bc690b226e,not_applicable,Jennifer,Olivia,"In the kitchen, Olivia worked with Jennifer. After dinner, Olivia passed the recipe card to",Jennifer,Olivia,16348,33911
phase6_prompt_c020f0658ed19bcc,train,p6_baba_kitchen,BABA,phase6_train_pair_ba75435af5018689,not_applicable,Michael,Lucy,"In the kitchen, Lucy worked with Michael. After dinner, Lucy passed the recipe card to",Michael,Lucy,3899,22162
phase6_prompt_cf9910982daf1969,train,p6_baba_kitchen,BABA,phase6_train_pair_71aeb7096f8da519,not_applicable,Crystal,Mary,"In the kitchen, Mary worked with Crystal. After dinner, Mary passed the recipe card to",Crystal,Mary,12969,5335
phase6_prompt_d7de1e5b66f24783,train,p6_baba_kitchen,BABA,phase6_train_pair_c47dd8dcefdd869a,not_applicable,Thomas,Jennifer,"In the kitchen, Jennifer worked with Thomas. After dinner, Jennifer passed the recipe card to",Thomas,Jennifer,5658,16348
phase6_prompt_da65f8d1aa3921c3,train,p6_baba_kitchen,BABA,phase6_train_pair_b7508a4d5aa95fd2,not_applicable,Andrew,Lucy,"In the kitchen, Lucy worked with Andrew. After dinner, Lucy passed the recipe card to",Andrew,Lucy,6858,22162
phase6_prompt_e8ee9245242fce88,train,p6_baba_kitchen,BABA,phase6_train_pair_668cdbc797cd301c,not_applicable,Crystal,Amanda,"In the kitchen, Amanda worked with Crystal. After dinner, Amanda passed the recipe card to",Crystal,Amanda,12969,23040
phase6_prompt_057a89e9ad94061e,train,p6_baba_library,BABA,phase6_train_pair_fcf79e928c6bd89e,not_applicable,Lucy,Michael,"At the library, Michael met Lucy. When the doors closed, Michael handed the borrowed novel to",Lucy,Michael,22162,3899
phase6_prompt_0d142c857a48cf2d,train,p6_baba_library,BABA,phase6_train_pair_6ab504da4d97fbae,not_applicable,Crystal,Michael,"At the library, Michael met Crystal. When the doors closed, Michael handed the borrowed novel to",Crystal,Michael,12969,3899
phase6_prompt_14a4d7963f1d3155,train,p6_baba_library,BABA,phase6_train_pair_f8c9fed3767f7c7a,not_applicable,Mary,Olivia,"At the library, Olivia met Mary. When the doors closed, Olivia handed the borrowed novel to",Mary,Olivia,5335,33911
phase6_prompt_21ec9bdf7454c626,train,p6_baba_library,BABA,phase6_train_pair_b649ebf1fe13761c,not_applicable,Lucy,Lily,"At the library, Lily met Lucy. When the doors closed, Lily handed the borrowed novel to",Lucy,Lily,22162,20037
phase6_prompt_28902d186dac1ad7,train,p6_baba_library,BABA,phase6_train_pair_c8960cbf7a7a9bfb,not_applicable,Naomi,Crystal,"At the library, Crystal met Naomi. When the doors closed, Crystal handed the borrowed novel to",Naomi,Crystal,40474,12969
phase6_prompt_3c459098e15dc710,train,p6_baba_library,BABA,phase6_train_pair_c47dd8dcefdd869a,not_applicable,Thomas,Jennifer,"At the library, Jennifer met Thomas. When the doors closed, Jennifer handed the borrowed novel to",Thomas,Jennifer,5658,16348
phase6_prompt_405c37cb5d7654df,train,p6_baba_library,BABA,phase6_train_pair_a800e9aa21775598,not_applicable,Andrew,Lily,"At the library, Lily met Andrew. When the doors closed, Lily handed the borrowed novel to",Andrew,Lily,6858,20037
phase6_prompt_4bc3e3e74d777a7b,train,p6_baba_library,BABA,phase6_train_pair_b2dc1f4599be570b,not_applicable,Naomi,Andrew,"At the library, Andrew met Naomi. When the doors closed, Andrew handed the borrowed novel to",Naomi,Andrew,40474,6858
phase6_prompt_67634785f8b66b33,train,p6_baba_library,BABA,phase6_train_pair_c437d8d87fae9e0b,not_applicable,Lily,Lucy,"At the library, Lucy met Lily. When the doors closed, Lucy handed the borrowed novel to",Lily,Lucy,20037,22162
phase6_prompt_6e40b8163ad5f2ca,train,p6_baba_library,BABA,phase6_train_pair_a83f57603b76b131,not_applicable,Michael,Jennifer,"At the library, Jennifer met Michael. When the doors closed, Jennifer handed the borrowed novel to",Michael,Jennifer,3899,16348
phase6_prompt_7b5b80e3a43a8d16,train,p6_baba_library,BABA,phase6_train_pair_6142a7d0bd822d6c,not_applicable,Amanda,Lucy,"At the library, Lucy met Amanda. When the doors closed, Lucy handed the borrowed novel to",Amanda,Lucy,23040,22162
phase6_prompt_907e8f684e085101,train,p6_baba_library,BABA,phase6_train_pair_fefc806becf61c48,not_applicable,Lily,Andrew,"At the library, Andrew met Lily. When the doors closed, Andrew handed the borrowed novel to",Lily,Andrew,20037,6858
phase6_prompt_99c78a9165c24ee6,train,p6_baba_library,BABA,phase6_train_pair_d98c50cc1a3a4e65,not_applicable,Jennifer,Thomas,"At the library, Thomas met Jennifer. When the doors closed, Thomas handed the borrowed novel to",Jennifer,Thomas,16348,5658
phase6_prompt_a1e6e33950b3caf7,train,p6_baba_library,BABA,phase6_train_pair_6462d9ee6a991652,not_applicable,Michael,Naomi,"At the library, Naomi met Michael. When the doors closed, Naomi handed the borrowed novel to",Michael,Naomi,3899,40474
phase6_prompt_a76a71c679a2468c,train,p6_baba_library,BABA,phase6_train_pair_ba76b1e3a7610dfc,not_applicable,Amanda,Thomas,"At the library, Thomas met Amanda. When the doors closed, Thomas handed the borrowed novel to",Amanda,Thomas,23040,5658
phase6_prompt_b02b7cdabbc4f6c2,train,p6_baba_library,BABA,phase6_train_pair_6ff6566ef8e1d8a4,not_applicable,Thomas,Harper,"At the library, Harper met Thomas. When the doors closed, Harper handed the borrowed novel to",Thomas,Harper,5658,12686
phase6_prompt_bdb57e4e1cab4c99,train,p6_baba_library,BABA,phase6_train_pair_d272318de37db06b,not_applicable,Jennifer,Andrew,"At the library, Andrew met Jennifer. When the doors closed, Andrew handed the borrowed novel to",Jennifer,Andrew,16348,6858
phase6_prompt_cd628e5c8a0c74eb,train,p6_baba_library,BABA,phase6_train_pair_55001d0329c83e42,not_applicable,Amanda,Crystal,"At the library, Crystal met Amanda. When the doors closed, Crystal handed the borrowed novel to",Amanda,Crystal,23040,12969
phase6_prompt_cdeacff5172e3164,train,p6_baba_library,BABA,phase6_train_pair_588d00ebf4c1a744,not_applicable,Lucy,Jennifer,"At the library, Jennifer met Lucy. When the doors closed, Jennifer handed the borrowed novel to",Lucy,Jennifer,22162,16348
phase6_prompt_e179e16660ec6e28,train,p6_baba_library,BABA,phase6_train_pair_6feb1a9237d4ee37,not_applicable,Jennifer,Naomi,"At the library, Naomi met Jennifer. When the doors closed, Naomi handed the borrowed novel to",Jennifer,Naomi,16348,40474
phase6_prompt_ecc3604438f55af2,train,p6_baba_library,BABA,phase6_train_pair_4aec8ec1c10014a3,not_applicable,Michael,Crystal,"At the library, Crystal met Michael. When the doors closed, Crystal handed the borrowed novel to",Michael,Crystal,3899,12969
phase6_prompt_ef59ea4f93cc4f99,train,p6_baba_library,BABA,phase6_train_pair_e68c610dc65be0d7,not_applicable,Andrew,Michael,"At the library, Michael met Andrew. When the doors closed, Michael handed the borrowed novel to",Andrew,Michael,6858,3899
phase6_prompt_f054ece72dc55385,train,p6_baba_library,BABA,phase6_train_pair_4abbec96f3bf763b,not_applicable,Amanda,Mary,"At the library, Mary met Amanda. When the doors closed, Mary handed the borrowed novel to",Amanda,Mary,23040,5335
phase6_prompt_f60f7760561ebca8,train,p6_baba_library,BABA,phase6_train_pair_71aeb7096f8da519,not_applicable,Crystal,Mary,"At the library, Mary met Crystal. When the doors closed, Mary handed the borrowed novel to",Crystal,Mary,12969,5335
phase6_prompt_0110059e7c091417,train,p6_baba_museum,BABA,phase6_train_pair_39f0f4b7e3539292,not_applicable,Mary,Lucy,"At the museum, Lucy spoke with Mary. Later, Lucy offered the exhibit guide to",Mary,Lucy,5335,22162
phase6_prompt_10d297dde11a225d,train,p6_baba_museum,BABA,phase6_train_pair_e3fee7a7a7b51ba4,not_applicable,Jennifer,Crystal,"At the museum, Crystal spoke with Jennifer. Later, Crystal offered the exhibit guide to",Jennifer,Crystal,16348,12969
phase6_prompt_11d8e60e91cfd5b3,train,p6_baba_museum,BABA,phase6_train_pair_a83f57603b76b131,not_applicable,Michael,Jennifer,"At the museum, Jennifer spoke with Michael. Later, Jennifer offered the exhibit guide to",Michael,Jennifer,3899,16348
phase6_prompt_1c508c8b8f921575,train,p6_baba_museum,BABA,phase6_train_pair_3c70d586e38a9573,not_applicable,Harper,Lily,"At the museum, Lily spoke with Harper. Later, Lily offered the exhibit guide to",Harper,Lily,12686,20037
phase6_prompt_2df48dfd5d946049,train,p6_baba_museum,BABA,phase6_train_pair_b6ee30befcf2d838,not_applicable,Lily,Michael,"At the museum, Michael spoke with Lily. Later, Michael offered the exhibit guide to",Lily,Michael,20037,3899
phase6_prompt_47f3c11160675a75,train,p6_baba_museum,BABA,phase6_train_pair_ba76b1e3a7610dfc,not_applicable,Amanda,Thomas,"At the museum, Thomas spoke with Amanda. Later, Thomas offered the exhibit guide to",Amanda,Thomas,23040,5658
phase6_prompt_4b758638a17af75a,train,p6_baba_museum,BABA,phase6_train_pair_45f29d0bf3300fda,not_applicable,Thomas,Naomi,"At the museum, Naomi spoke with Thomas. Later, Naomi offered the exhibit guide to",Thomas,Naomi,5658,40474
phase6_prompt_4c7e6735d612c2eb,train,p6_baba_museum,BABA,phase6_train_pair_b498e54e1537a07c,not_applicable,Andrew,Mary,"At the museum, Mary spoke with Andrew. Later, Mary offered the exhibit guide to",Andrew,Mary,6858,5335
phase6_prompt_541748518113d39a,train,p6_baba_museum,BABA,phase6_train_pair_a7aec391f2b0ac18,not_applicable,Jennifer,Lucy,"At the museum, Lucy spoke with Jennifer. Later, Lucy offered the exhibit guide to",Jennifer,Lucy,16348,22162
phase6_prompt_614a7e3ed60e66bb,train,p6_baba_museum,BABA,phase6_train_pair_c437d8d87fae9e0b,not_applicable,Lily,Lucy,"At the museum, Lucy spoke with Lily. Later, Lucy offered the exhibit guide to",Lily,Lucy,20037,22162
phase6_prompt_79793e90d216aac0,train,p6_baba_museum,BABA,phase6_train_pair_c8800df3e0f528dd,not_applicable,Mary,Harper,"At the museum, Harper spoke with Mary. Later, Harper offered the exhibit guide to",Mary,Harper,5335,12686
phase6_prompt_89b9d7bb7ba7c847,train,p6_baba_museum,BABA,phase6_train_pair_654a5be32aa253cc,not_applicable,Lucy,Naomi,"At the museum, Naomi spoke with Lucy. Later, Naomi offered the exhibit guide to",Lucy,Naomi,22162,40474
phase6_prompt_90b145bd5780cfb4,train,p6_baba_museum,BABA,phase6_train_pair_d6c955d93bb40ee2,not_applicable,Jennifer,Mary,"At the museum, Mary spoke with Jennifer. Later, Mary offered the exhibit guide to",Jennifer,Mary,16348,5335
phase6_prompt_94a16b93c345bf05,train,p6_baba_museum,BABA,phase6_train_pair_e2c0fbd4d4c66748,not_applicable,Mary,Jennifer,"At the museum, Jennifer spoke with Mary. Later, Jennifer offered the exhibit guide to",Mary,Jennifer,5335,16348
phase6_prompt_969d85a9cbc7c445,train,p6_baba_museum,BABA,phase6_train_pair_b73da66893835f8a,not_applicable,Lucy,Crystal,"At the museum, Crystal spoke with Lucy. Later, Crystal offered the exhibit guide to",Lucy,Crystal,22162,12969
phase6_prompt_a5963bda825c3696,train,p6_baba_museum,BABA,phase6_train_pair_8d853d0ee2b4b7fb,not_applicable,Mary,Michael,"At the museum, Michael spoke with Mary. Later, Michael offered the exhibit guide to",Mary,Michael,5335,3899
phase6_prompt_abc31a9b196e056a,train,p6_baba_museum,BABA,phase6_train_pair_f836ba8e1f19df21,not_applicable,Olivia,Lily,"At the museum, Lily spoke with Olivia. Later, Lily offered the exhibit guide to",Olivia,Lily,33911,20037
phase6_prompt_acf479e87d957aa9,train,p6_baba_museum,BABA,phase6_train_pair_0df12497c7da3f0e,not_applicable,Mary,Amanda,"At the museum, Amanda spoke with Mary. Later, Amanda offered the exhibit guide to",Mary,Amanda,5335,23040
phase6_prompt_b1785212ffc75db3,train,p6_baba_museum,BABA,phase6_train_pair_fa21d5f10124a0da,not_applicable,Harper,Olivia,"At the museum, Olivia spoke with Harper. Later, Olivia offered the exhibit guide to",Harper,Olivia,12686,33911
phase6_prompt_d93817a00de06844,train,p6_baba_museum,BABA,phase6_train_pair_0d62383ca0580f70,not_applicable,Andrew,Olivia,"At the museum, Olivia spoke with Andrew. Later, Olivia offered the exhibit guide to",Andrew,Olivia,6858,33911
phase6_prompt_db95b69916b75e6c,train,p6_baba_museum,BABA,phase6_train_pair_2f7bfcbe9fd7ccc3,not_applicable,Lily,Mary,"At the museum, Mary spoke with Lily. Later, Mary offered the exhibit guide to",Lily,Mary,20037,5335
phase6_prompt_ed0b0de85295a5fa,train,p6_baba_museum,BABA,phase6_train_pair_fb093f2190954be0,not_applicable,Michael,Andrew,"At the museum, Andrew spoke with Michael. Later, Andrew offered the exhibit guide to",Michael,Andrew,3899,6858
phase6_prompt_f97420e5cc7391b0,train,p6_baba_museum,BABA,phase6_train_pair_0296e81ac5250787,not_applicable,Olivia,Jennifer,"At the museum, Jennifer spoke with Olivia. Later, Jennifer offered the exhibit guide to",Olivia,Jennifer,33911,16348
phase6_prompt_fcd03066e8d6d817,train,p6_baba_museum,BABA,phase6_train_pair_97c286fb49b43435,not_applicable,Crystal,Thomas,"At the museum, Thomas spoke with Crystal. Later, Thomas offered the exhibit guide to",Crystal,Thomas,12969,5658
phase6_prompt_0afc2584f7bbe347,train,p6_baba_train,BABA,phase6_train_pair_36d47e27c6c49e69,not_applicable,Lily,Thomas,"During the train ride, Thomas sat beside Lily. Before leaving, Thomas returned the travel journal to",Lily,Thomas,20037,5658
phase6_prompt_13b56ff398ee63ca,train,p6_baba_train,BABA,phase6_train_pair_5cac6b1d3117caa9,not_applicable,Amanda,Jennifer,"During the train ride, Jennifer sat beside Amanda. Before leaving, Jennifer returned the travel journal to",Amanda,Jennifer,23040,16348
phase6_prompt_2a33f539a78c6706,train,p6_baba_train,BABA,phase6_train_pair_e68c610dc65be0d7,not_applicable,Andrew,Michael,"During the train ride, Michael sat beside Andrew. Before leaving, Michael returned the travel journal to",Andrew,Michael,6858,3899
phase6_prompt_3f2d744eb57fedf3,train,p6_baba_train,BABA,phase6_train_pair_e83d9d25e57fb535,not_applicable,Andrew,Crystal,"During the train ride, Crystal sat beside Andrew. Before leaving, Crystal returned the travel journal to",Andrew,Crystal,6858,12969
phase6_prompt_4059d153eea6a035,train,p6_baba_train,BABA,phase6_train_pair_62665ed1a98139d5,not_applicable,Andrew,Naomi,"During the train ride, Naomi sat beside Andrew. Before leaving, Naomi returned the travel journal to",Andrew,Naomi,6858,40474
phase6_prompt_41c02332d9c7a4af,train,p6_baba_train,BABA,phase6_train_pair_9caf9506c0e2d65d,not_applicable,Naomi,Harper,"During the train ride, Harper sat beside Naomi. Before leaving, Harper returned the travel journal to",Naomi,Harper,40474,12686
phase6_prompt_4f3e7c55b54f6ea1,train,p6_baba_train,BABA,phase6_train_pair_c8800df3e0f528dd,not_applicable,Mary,Harper,"During the train ride, Harper sat beside Mary. Before leaving, Harper returned the travel journal to",Mary,Harper,5335,12686
phase6_prompt_53dc2b21763dee92,train,p6_baba_train,BABA,phase6_train_pair_e338a4f2107e116d,not_applicable,Naomi,Olivia,"During the train ride, Olivia sat beside Naomi. Before leaving, Olivia returned the travel journal to",Naomi,Olivia,40474,33911
phase6_prompt_59dcd089e13d6ed7,train,p6_baba_train,BABA,phase6_train_pair_0cb59f76f0d7aaf0,not_applicable,Michael,Thomas,"During the train ride, Thomas sat beside Michael. Before leaving, Thomas returned the travel journal to",Michael,Thomas,3899,5658
phase6_prompt_767a654a4040fe0b,train,p6_baba_train,BABA,phase6_train_pair_7d87b776c508bd6a,not_applicable,Andrew,Amanda,"During the train ride, Amanda sat beside Andrew. Before leaving, Amanda returned the travel journal to",Andrew,Amanda,6858,23040
phase6_prompt_768c909d7ca26a38,train,p6_baba_train,BABA,phase6_train_pair_0d62383ca0580f70,not_applicable,Andrew,Olivia,"During the train ride, Olivia sat beside Andrew. Before leaving, Olivia returned the travel journal to",Andrew,Olivia,6858,33911
phase6_prompt_81ddf2d6390b0ccc,train,p6_baba_train,BABA,phase6_train_pair_e2c0fbd4d4c66748,not_applicable,Mary,Jennifer,"During the train ride, Jennifer sat beside Mary. Before leaving, Jennifer returned the travel journal to",Mary,Jennifer,5335,16348
phase6_prompt_9dd28e63ff909ca7,train,p6_baba_train,BABA,phase6_train_pair_9eb4d171e3466b7b,not_applicable,Crystal,Olivia,"During the train ride, Olivia sat beside Crystal. Before leaving, Olivia returned the travel journal to",Crystal,Olivia,12969,33911
phase6_prompt_9f80d866c686a4c6,train,p6_baba_train,BABA,phase6_train_pair_26f1699b67e6e59e,not_applicable,Thomas,Lily,"During the train ride, Lily sat beside Thomas. Before leaving, Lily returned the travel journal to",Thomas,Lily,5658,20037
phase6_prompt_a167767ebf6ac2fd,train,p6_baba_train,BABA,phase6_train_pair_afd33de33187928a,not_applicable,Mary,Lily,"During the train ride, Lily sat beside Mary. Before leaving, Lily returned the travel journal to",Mary,Lily,5335,20037
phase6_prompt_b5eb48353be7c07a,train,p6_baba_train,BABA,phase6_train_pair_ba76b1e3a7610dfc,not_applicable,Amanda,Thomas,"During the train ride, Thomas sat beside Amanda. Before leaving, Thomas returned the travel journal to",Amanda,Thomas,23040,5658
phase6_prompt_b7884c253fd7a370,train,p6_baba_train,BABA,phase6_train_pair_0296e81ac5250787,not_applicable,Olivia,Jennifer,"During the train ride, Jennifer sat beside Olivia. Before leaving, Jennifer returned the travel journal to",Olivia,Jennifer,33911,16348
phase6_prompt_c69457090d4f3474,train,p6_baba_train,BABA,phase6_train_pair_f0bb54171b45eefa,not_applicable,Amanda,Andrew,"During the train ride, Andrew sat beside Amanda. Before leaving, Andrew returned the travel journal to",Amanda,Andrew,23040,6858
phase6_prompt_cbd87e815caa881e,train,p6_baba_train,BABA,phase6_train_pair_dd643b0101ba35e4,not_applicable,Lucy,Thomas,"During the train ride, Thomas sat beside Lucy. Before leaving, Thomas returned the travel journal to",Lucy,Thomas,22162,5658
phase6_prompt_e7e5f13dc66318a9,train,p6_baba_train,BABA,phase6_train_pair_ce79b3edfc3502f7,not_applicable,Lily,Jennifer,"During the train ride, Jennifer sat beside Lily. Before leaving, Jennifer returned the travel journal to",Lily,Jennifer,20037,16348
phase6_prompt_ec6a461dd73c6cc9,train,p6_baba_train,BABA,phase6_train_pair_d6c955d93bb40ee2,not_applicable,Jennifer,Mary,"During the train ride, Mary sat beside Jennifer. Before leaving, Mary returned the travel journal to",Jennifer,Mary,16348,5335
phase6_prompt_ec94ffd5da3def87,train,p6_baba_train,BABA,phase6_train_pair_f296624461514bee,not_applicable,Harper,Michael,"During the train ride, Michael sat beside Harper. Before leaving, Michael returned the travel journal to",Harper,Michael,12686,3899
phase6_prompt_f26de96ad223c74a,train,p6_baba_train,BABA,phase6_train_pair_4aec8ec1c10014a3,not_applicable,Michael,Crystal,"During the train ride, Crystal sat beside Michael. Before leaving, Crystal returned the travel journal to",Michael,Crystal,3899,12969
phase6_prompt_fa5c063ea233b618,train,p6_baba_train,BABA,phase6_train_pair_8d853d0ee2b4b7fb,not_applicable,Mary,Michael,"During the train ride, Michael sat beside Mary. Before leaving, Michael returned the travel journal to",Mary,Michael,5335,3899
