observer,estimator,direction_provider,support_mode,estimator_calibration,controller_mode,step,target_mse,target_mae,observer_error_mae,collateral_abs_delta,collateral_rms_delta,mean_observer_estimate,mean_true_target,mean_target_ref,mean_residual_off_support_l2,mean_residual_off_support_normalized,mean_nearest_clean_residual_l2,mean_residual_delta_from_initial_l2,mean_abs_residual_norm_z,mean_convex_hull_extrapolation_mass,fraction_outside_clean_convex_hull,next_clip_fraction
est-first_order__dir-first_order__support-unprojected__cal-none__controller-base,first_order,first_order,unprojected,none,base,0,0.7394304920663277,0.8471371938884258,0.23738413651278104,0.0,0.0,0.3307606593697305,0.3227947950363159,1.0,9.096674915252623e-15,1.532694369923427e-15,3.1628284505528405e-05,0.0,0.9716090559959412,1.1985850617391643e-06,0.0,0.0
est-first_order__dir-first_order__support-unprojected__cal-none__controller-base,first_order,first_order,unprojected,none,base,1,0.4009390576158867,0.6311811671887855,0.3131343000499182,0.003988582382642014,0.004482361455270166,0.33638020231872384,0.5218935044818518,1.0,0.3477577889031292,0.058593542158480394,0.37566499446482726,0.3756668903294161,0.9027661659092334,0.04278363251587306,1.0,0.0
est-first_order__dir-first_order__support-unprojected__cal-none__controller-base,first_order,first_order,unprojected,none,base,2,0.18160817081778813,0.4170385077626475,0.3930465259568015,0.007943672995383377,0.008927084921884279,0.3419525584676618,0.7193203942920314,1.0,0.692595486723825,0.11669507957859154,0.7481774427360641,0.7481793393453064,0.9264558035166671,0.08520799622282584,1.0,0.0
est-first_order__dir-first_order__support-unprojected__cal-none__controller-base,first_order,first_order,unprojected,none,base,3,0.07849202532623764,0.2072590549721089,0.5676113841080135,0.011865553065623554,0.013334486442670294,0.34747812403988837,0.9150895081479019,1.0,1.0345376132060062,0.17430874358016252,1.117561937752089,1.117563834609542,1.0396246770847768,0.1272761263382051,1.0,0.0
est-first_order__dir-first_order__support-unprojected__cal-none__controller-base,first_order,first_order,unprojected,none,base,4,0.08870208018178187,0.28326220163225685,0.7562574743143395,0.01575450145932073,0.01770487940667278,0.3529572919316956,1.109214766246035,1.0,1.373608482203493,0.23143863079269894,1.4838447442887495,1.4838466412703029,1.237033903393868,0.16899101412365117,1.0,0.0
est-first_order__dir-first_order__support-unprojected__cal-none__controller-base,first_order,first_order,unprojected,none,base,5,0.20940603586226078,0.3586271566605243,0.9433195201560948,0.019610794700820403,0.022038574571436365,0.3583904517402605,1.3017099718963554,1.0,1.709832203408847,0.28808880344667454,1.847051906873657,1.8470538039296673,1.5991512685340503,0.2103556257234475,1.0,0.0
est-first_order__dir-first_order__support-unprojected__cal-none__controller-base,first_order,first_order,unprojected,none,base,6,0.43782682710627097,0.4925888125036279,1.1288108227122806,0.02343470699251801,0.026335880085102487,0.3637779897913475,1.4925888125036277,1.0,2.043232684067695,0.3442632896623766,2.2072092513898713,2.207211148495517,2.0627605151666253,0.2513729023754289,1.0,0.0
est-first_order__dir-first_order__support-unprojected__cal-none__controller-base,first_order,first_order,unprojected,none,base,7,0.7712416331394708,0.6818648605407021,1.312744571373924,0.027226510234355922,0.03059710150832013,0.36912028916677764,1.681864860540702,1.0,2.37383363067866,0.3999660837363263,2.564342386876795,2.564344284017891,2.7410486471872137,0.29204576062011894,1.0,0.0
est-first_order__dir-first_order__support-unprojected__cal-none__controller-base,first_order,first_order,unprojected,none,base,8,1.206980905007998,0.8695515745135856,1.5091297831841248,0.030986474043157,0.03482254183597282,0.37441772973166887,1.8695515745135858,1.0,2.701658550679013,0.4552011464252941,2.918476707342244,2.9184786045099256,3.5001687374941968,0.3323770925081112,1.0,0.0
est-first_order__dir-first_order__support-unprojected__cal-none__controller-base,first_order,first_order,unprojected,none,base,9,1.7424274097282562,1.055662299918414,1.705300442789549,0.034714865771795604,0.03901250151872301,0.3796706881614452,2.055662299918414,1.0,3.026730754116175,0.5099724052279292,3.269637393565139,3.269639290753496,4.330428884013369,0.37236976580570846,1.0,0.0
est-first_order__dir-first_order__support-unprojected__cal-none__controller-base,first_order,first_order,unprojected,none,base,10,2.3750152909672106,1.2402102701903839,1.8998238748934546,0.03841195052820806,0.04316727848437592,0.38487953796862073,2.2402102701903837,1.0,3.34907335530518,0.564283754664026,3.6178494148848066,3.6178513120897047,5.222792171618015,0.4120266241988363,1.0,0.0
est-first_order__dir-first_order__support-unprojected__cal-none__controller-base,first_order,first_order,unprojected,none,base,11,3.102229145972193,1.4311147692454262,2.092713911117995,0.042077991194243006,0.04728716815906356,0.39004464952935874,2.4232086076447192,1.0,3.668709274472226,0.6181390565514437,3.963137530975894,3.9631394281943213,6.1690140645655775,0.45135048749524365,1.0,0.0
est-first_order__dir-first_order__support-unprojected__cal-none__controller-base,first_order,first_order,unprojected,none,base,12,3.9216031184739064,1.6279405139525158,2.283984266942434,0.04571324844435362,0.051372463488251106,0.39516639010980636,2.604670324409735,1.0,3.9856612393844175,0.6715421402807025,4.3055262936086365,4.305528190838337,7.161691046065253,0.4903441518250059,1.0,0.0
est-first_order__dir-first_order__support-unprojected__cal-none__controller-base,first_order,first_order,unprojected,none,base,13,4.830720007291002,1.8231135304670163,2.4736485426783767,0.04931798076413303,0.05542345495756684,0.40024512389221034,2.784608323352067,1.0,4.299951786965831,0.7244968030872724,4.645040048394474,4.645041945633713,8.194248808253903,0.5290103898393432,1.0,0.0
est-first_order__dir-first_order__support-unprojected__cal-none__controller-base,first_order,first_order,unprojected,none,base,14,5.827210390369189,2.0166476965998954,2.6617202244368268,0.052892444468693935,0.05944043061345714,0.40528121200081113,2.9630353989941347,1.0,4.611603264900005,0.7770068103215758,4.981702936517067,4.981704833764481,9.260893618112318,0.5673519509077725,1.0,0.0
est-first_order__dir-first_order__support-unprojected__cal-none__controller-base,first_order,first_order,unprojected,none,base,15,6.90875176399235,2.2085567736313823,2.8482126850871223,0.0564368937208939,0.06342367608366815,0.4102750125275215,3.1399642384238935,1.0,4.920637833218974,0.8290758957167251,5.315538896448812,5.315540793703309,10.356544419870767,0.6053715613135991,1.0,
est-first_order__dir-lifted_interaction__support-unprojected__cal-none__controller-base,first_order,lifted_interaction,unprojected,none,base,0,0.7394304920663277,0.8471371938884258,0.23738413651278104,0.0,0.0,0.3307606593697305,0.3227947950363159,1.0,9.096674915252623e-15,1.532694369923427e-15,3.1628284505528405e-05,0.0,0.9716090559959412,1.1985850617391643e-06,0.0,0.0
est-first_order__dir-lifted_interaction__support-unprojected__cal-none__controller-base,first_order,lifted_interaction,unprojected,none,base,1,0.4009390576158867,0.6311811671887854,0.3149520940734208,0.001968485291918807,0.0022121801059349,0.33173724015875455,0.5218935044818518,1.0,0.3304639967156213,0.05567971945212254,0.3770170347509443,0.3770190354924992,0.9108620576846286,0.06472933293182388,1.0,0.0
est-first_order__dir-lifted_interaction__support-unprojected__cal-none__controller-base,first_order,lifted_interaction,unprojected,none,base,2,0.18048166500000556,0.4155402759919487,0.400620187632672,0.0039340980914378005,0.004421132110259189,0.3327123958820666,0.7207016755346223,1.0,0.6604457671617101,0.111278188832628,0.7534859082463244,0.7534879097425172,0.9437049570829801,0.12936419163593693,1.0,0.0
est-first_order__dir-lifted_interaction__support-unprojected__cal-none__controller-base,first_order,lifted_interaction,unprojected,none,base,3,0.07754328701642164,0.20887610599370984,0.5855336091405279,0.005896842590212796,0.006626860723547833,0.3336861286191795,0.9192197377597073,1.0,0.989946015022109,0.16679552670486766,1.129405423819587,1.129407425567324,1.0694261295326357,0.19390473257138402,1.0,0.0
est-first_order__dir-lifted_interaction__support-unprojected__cal-none__controller-base,first_order,lifted_interaction,unprojected,none,base,4,0.09161064677175243,0.2864856892950109,0.7827896740489302,0.007856722973782801,0.008829370649501839,0.33465844044657145,1.1174481144955015,1.0,1.3189654429538162,0.2222318514591804,1.5047763827391774,1.5047783846126865,1.2848094262375362,0.2583510933704221,1.0,0.0
est-first_order__dir-lifted_interaction__support-unprojected__cal-none__controller-base,first_order,lifted_interaction,unprojected,none,base,5,0.22217221314170243,0.3639820215910363,0.9797578950249555,0.00981374342157921,0.011028666584958373,0.3356293334376907,1.3153872284626464,1.0,1.647504752588487,0.2775872813131453,1.8795995854056056,1.8796015873545766,1.5844867442819188,0.32270341146447,1.0,0.0
est-first_order__dir-lifted_interaction__support-unprojected__cal-none__controller-base,first_order,lifted_interaction,unprojected,none,base,6,0.4687181953166234,0.5130375017649332,1.1764386921019732,0.011767908106934588,0.013224753219900812,0.33659880966295996,1.5130375017649333,1.0,1.9755646445339248,0.3328619343118335,2.2538758311016025,2.2538778331008835,1.973986616932642,0.3869618240844005,1.0,0.0
est-first_order__dir-lifted_interaction__support-unprojected__cal-none__controller-base,first_order,lifted_interaction,unprojected,none,base,7,0.8307405373635091,0.7103993558902029,1.3764733931429012,0.013719221197091576,0.015417635237468674,0.3375668711897805,1.7103993558902026,1.0,2.3031458183755795,0.3880559283280602,2.6276059179578946,2.6276079199931095,2.521931859508192,0.45112646826083397,1.0,0.0
est-first_order__dir-lifted_interaction__support-unprojected__cal-none__controller-base,first_order,lifted_interaction,unprojected,none,base,8,1.3077329128043784,0.9074732117112428,1.589184634578308,0.015667686853211824,0.017607317313967724,0.33853352008253673,1.907473211711243,1.0,2.630248972678039,0.4431693810626357,3.0007906429459146,3.00079264500808,3.2049802617504963,0.5151974808244305,1.0,0.0
est-first_order__dir-lifted_interaction__support-unprojected__cal-none__controller-base,first_order,lifted_interaction,unprojected,none,base,9,1.8991907192110038,1.1042594894866886,1.8015854792701538,0.017613309230384875,0.019793804118879838,0.3394987584026008,2.1042594894866884,1.0,2.956874804986516,0.4982024100446166,3.3734308018765127,3.373432803959639,4.058204786798999,0.5791749984061807,1.0,0.0
est-first_order__dir-lifted_interaction__support-unprojected__cal-none__controller-base,first_order,lifted_interaction,unprojected,none,base,10,2.604611072815919,1.3007586088619145,2.0136763801617685,0.019556092477637076,0.021977100314873012,0.3404625882083369,2.3007586088619143,1.0,3.283024011828339,0.5531551326315565,3.745527189400453,3.7455291915003484,4.989403794196318,0.6430591574376986,1.0,0.0
est-first_order__dir-lifted_interaction__support-unprojected__cal-none__controller-base,first_order,lifted_interaction,unprojected,none,base,11,3.4234928031396854,1.5111224748642464,2.225457789535532,0.02149604073794012,0.024157210557811247,0.34142501155510535,2.496970988869934,1.0,3.608697288714434,0.6080276660097562,4.117080599009564,4.1170826011231805,5.990194654687058,0.7068500941515112,1.0,0.0
est-first_order__dir-lifted_interaction__support-unprojected__cal-none__controller-base,first_order,lifted_interaction,unprojected,none,base,12,4.3553364476343415,1.723637230978954,2.4369301590138344,0.02343315814822035,0.026334139496764587,0.3423860304952671,2.6928970479322896,1.0,3.933895330140812,0.6628201271945134,4.488091823038158,4.488093825163209,7.05291445497461,0.7705479445813496,1.0,0.0
est-first_order__dir-lifted_interaction__support-unprojected__cal-none__controller-base,first_order,lifted_interaction,unprojected,none,base,13,5.399644246342996,1.9358418770693309,2.6480939395600402,0.025367448839367198,0.028507891774018874,0.34334564707818854,2.8885372038599475,1.0,4.258618829590045,0.7175326330303727,4.858561652664579,4.858563654799303,8.170661209747836,0.834152844562439,1.0,0.0
est-first_order__dir-lifted_interaction__support-unprojected__cal-none__controller-base,first_order,lifted_interaction,unprojected,none,base,14,6.555920136575545,2.147736865660317,2.858949581479451,0.027298916936242167,0.03067847202508582,0.3443038633502454,3.083891873854187,1.0,4.582868479532753,0.7721653001913742,5.228490877912795,5.2284928800558115,9.337280758311842,0.8976649297317891,1.0,0.0
est-first_order__dir-lifted_interaction__support-unprojected__cal-none__controller-base,first_order,lifted_interaction,unprojected,none,base,15,7.823669747600403,2.359322648616509,3.069497534420265,0.029227566557687722,0.03284588487871292,0.3452606813548271,3.278961474507489,1.0,4.906644971429065,0.8267182451813024,5.597880287654045,5.597882289804249,10.547321304259993,0.9610843355284817,1.0,
est-lifted_interaction__dir-first_order__support-unprojected__cal-none__controller-base,lifted_interaction,first_order,unprojected,none,base,0,0.7394304920663277,0.8471371938884258,0.013338536987276162,0.0,0.0,0.33613333181497584,0.3227947950363159,1.0,9.096674915252623e-15,1.532694369923427e-15,3.1628284505528405e-05,0.0,0.9716090559959412,1.1985850617391643e-06,0.0,0.0
est-lifted_interaction__dir-first_order__support-unprojected__cal-none__controller-base,lifted_interaction,first_order,unprojected,none,base,1,0.36953832273237047,0.5990618779203868,0.2022046501208507,0.004581807010625051,0.004654578879477349,0.36208724123204683,0.5202951344293913,1.0,0.39948004637687595,0.06730820037901548,0.4315381916498841,0.43154008784216064,0.949477314699125,0.048668264728016934,1.0,0.0
est-lifted_interaction__dir-first_order__support-unprojected__cal-none__controller-base,lifted_interaction,first_order,unprojected,none,base,2,0.13377875549277346,0.36068508582811865,0.40925587657722357,0.008984487986130144,0.009127186703015329,0.38702648091751146,0.7100741801628574,1.0,0.7833423950525881,0.1319849824034404,0.8462071918679985,0.8462090886325931,0.955331584659754,0.0954338226681877,1.0,0.0
est-lifted_interaction__dir-first_order__support-unprojected__cal-none__controller-base,lifted_interaction,first_order,unprojected,none,base,3,0.0177336365938079,0.1316276495125295,0.6082124222284375,0.013215045870197447,0.013424937640565132,0.4109907194487583,0.8924338020898976,1.0,1.1521976209074012,0.19413322154042245,1.2446646816323004,1.2446665785875657,1.0439067652296468,0.14037107816031377,1.0,0.0
est-lifted_interaction__dir-first_order__support-unprojected__cal-none__controller-base,lifted_interaction,first_order,unprojected,none,base,4,0.008251802272194532,0.08847477183040814,0.7993907491329831,0.01728020982598253,0.017554667733153322,0.4340180745576314,1.067664063053892,1.0,1.5066324283579864,0.25385177133420933,1.6275444506988936,1.627546347749419,1.263108362639849,0.18355150880433743,1.0,0.0
est-lifted_interaction__dir-first_order__support-unprojected__cal-none__controller-base,lifted_interaction,first_order,unprojected,none,base,5,0.0933456294812767,0.2999722750779241,0.9830949472451416,0.021186445939581414,0.02152294576634981,0.45614517376083547,1.2360436858729968,1.0,1.847210584574704,0.31123562064347843,1.995455510991047,1.995457408098668,1.7089040673551106,0.22504379777890654,1.0,0.0
est-lifted_interaction__dir-first_order__support-unprojected__cal-none__controller-base,lifted_interaction,first_order,unprojected,none,base,6,0.26209576345618213,0.5032012700476713,1.1596172181031823,0.024939967505044885,0.02533608371863682,0.4774072126199911,1.3978404966791478,1.0,2.1744738162147024,0.3663760447314642,2.3489830651082624,2.3489849622538963,2.2235240494427857,0.2649139430894519,1.0,0.0
est-lifted_interaction__dir-first_order__support-unprojected__cal-none__controller-base,lifted_interaction,first_order,unprojected,none,base,7,0.5045633864668881,0.698485014594186,1.329238339607738,0.028546744907299484,0.02900014680129822,0.497838010724009,1.5533118509247008,1.0,2.488942671097175,0.419360750449207,2.6886894371275276,2.6886913343002705,2.7810385189094413,0.3032253625452041,1.0,0.0
est-lifted_interaction__dir-first_order__support-unprojected__cal-none__controller-base,lifted_interaction,first_order,unprojected,none,base,8,0.8117094403561189,0.8861341287857176,1.4922281126296433,0.03201251511869518,0.032520963105798883,0.517470065482831,1.702705042734308,1.0,2.7911173461913728,0.47027401574285366,3.015114967034214,3.015116864227251,3.37123529062985,0.34003899463212756,1.0,0.0
est-lifted_interaction__dir-first_order__support-unprojected__cal-none__controller-base,lifted_interaction,first_order,unprojected,none,base,9,1.1753202608532372,1.0664470889792852,1.648845790157607,0.035342790824284605,0.0359041328739988,0.5363346038181002,1.8462576982531658,1.0,3.0814784832343696,0.5191968237069113,3.3287788701894168,3.3287807673982037,3.9852731827076022,0.3754133954422201,1.0,0.0
est-lifted_interaction__dir-first_order__support-unprojected__cal-none__controller-base,lifted_interaction,first_order,unprojected,none,base,10,1.5879391235553373,1.2397107025798357,1.7993404896683343,0.038542869190349535,0.03915503740594815,0.5544616318329806,1.984198153617281,1.0,3.3604879332441038,0.5662069913966814,3.6301800631976415,3.6301819604190007,4.615609824276388,0.4094048318133564,1.0,0.0
est-lifted_interaction__dir-first_order__support-unprojected__cal-none__controller-base,lifted_interaction,first_order,unprojected,none,base,11,2.0428032401410166,1.406200564238664,1.9439515893750092,0.04161784029012037,0.0422788476194307,0.5718799825401342,2.116745818146969,1.0,3.628589491143728,0.6113792936047618,3.919797957487602,3.9197998547192183,5.25589075353658,0.4420673708278222,1.0,0.0
est-lifted_interaction__dir-first_order__support-unprojected__cal-none__controller-base,lifted_interaction,first_order,unprojected,none,base,12,2.5337857790786527,1.5661814942167263,2.082909108984416,0.044572595200092525,0.04528053227487239,0.5886173617237679,2.244111523341279,1.0,3.8862096016657866,0.6547855817985003,4.1980932218681115,4.198095119108252,5.90081973938397,0.47345296581189933,1.0,0.0
est-lifted_interaction__dir-first_order__support-unprojected__cal-none__controller-base,lifted_interaction,first_order,unprojected,none,base,13,3.0553425180382487,1.7199079596101141,2.216434075568344,0.04741183377981603,0.04816486587869555,0.6047003920087001,2.3664978582284584,1.0,4.133758037659003,0.6964948984075815,4.465508515271897,4.465510412519228,6.546024657943936,0.5036115389732894,1.0,0.0
est-lifted_interaction__dir-first_order__support-unprojected__cal-none__controller-base,lifted_interaction,first_order,unprojected,none,base,14,3.6024627656251837,1.8676244791076875,2.3447388751312177,0.050140072147534555,0.05093643627769193,0.6201546552065482,2.48409949160587,1.0,4.371628551876647,0.7365735866435286,4.72246919085279,4.7224710881062615,7.1879282722433455,0.5338354859294846,1.0,0.0
est-lifted_interaction__dir-first_order__support-unprojected__cal-none__controller-base,lifted_interaction,first_order,unprojected,none,base,15,4.170624218120743,2.0095660119246874,2.4680275904331745,0.052761649863563055,0.053599651956492425,0.6350047330063838,2.5971034816819216,1.0,4.600199503283169,0.7750853960258131,4.9693839725562095,4.969385869814984,7.823629333337346,0.5676727606647135,1.0,
est-lifted_interaction__dir-lifted_interaction__support-unprojected__cal-none__controller-base,lifted_interaction,lifted_interaction,unprojected,none,base,0,0.7394304920663277,0.8471371938884258,0.013338536987276162,0.0,0.0,0.33613333181497584,0.3227947950363159,1.0,9.096674915252623e-15,1.532694369923427e-15,3.1628284505528405e-05,0.0,0.9716090559959412,1.1985850617391643e-06,0.0,0.0
est-lifted_interaction__dir-lifted_interaction__support-unprojected__cal-none__controller-base,lifted_interaction,lifted_interaction,unprojected,none,base,1,0.36953832273237047,0.5990618779203868,0.19181795742513885,0.0022612594765690918,0.002297174581174835,0.3703564045629971,0.5202951344293912,1.0,0.3796141364661646,0.06396100279778724,0.4330913374186797,0.4330933384944619,0.9803269439025784,0.07146573823989287,1.0,0.0
est-lifted_interaction__dir-lifted_interaction__support-unprojected__cal-none__controller-base,lifted_interaction,lifted_interaction,unprojected,none,base,2,0.13608454573500303,0.36377512690509306,0.3863339641975096,0.004405948486088897,0.004475927231299278,0.4028152394535608,0.7076141040718997,1.0,0.7396587376158824,0.12462474402681778,0.843858227063744,0.8438602287120411,1.0146690494433188,0.1392473197002528,1.0,0.0
est-lifted_interaction__dir-lifted_interaction__support-unprojected__cal-none__controller-base,lifted_interaction,lifted_interaction,unprojected,none,base,3,0.020246408020341274,0.14061767230206873,0.5708224522384082,0.006440076367128839,0.006542362733992551,0.43360078493073523,0.8852765703344653,1.0,1.0811426349854776,0.18216120122617374,1.233449622311226,1.2334516241501827,1.0704748577588143,0.20353468446852335,1.0,0.0
est-lifted_interaction__dir-lifted_interaction__support-unprojected__cal-none__controller-base,lifted_interaction,lifted_interaction,unprojected,none,base,4,0.005355652873039913,0.07103576474872307,0.7458003514066079,0.008369342670102335,0.008502271164418282,0.4627993009440971,1.0537803368175716,1.0,1.4050226537119288,0.23673158940178995,1.6029571434260306,1.6029591453601844,1.1545317005962215,0.2645079633417179,1.0,0.0
est-lifted_interaction__dir-lifted_interaction__support-unprojected__cal-none__controller-base,lifted_interaction,lifted_interaction,unprojected,none,base,5,0.07666851114529694,0.27177822927944384,0.9117579432457762,0.010199153127194204,0.010361144112858938,0.49049260064588923,1.2135975447867027,1.0,1.7122062935211961,0.2884888127448838,1.9534161366360774,1.953418138627242,1.376969245536991,0.32233800117184636,1.0,0.0
est-lifted_interaction__dir-lifted_interaction__support-unprojected__cal-none__controller-base,lifted_interaction,lifted_interaction,unprojected,none,base,6,0.2211594960054062,0.46217219418442784,1.0691602347350624,0.011934634799020596,0.012124190071946839,0.5167582796284211,1.3651759960945504,1.0,2.0035542715085857,0.3375778930637935,2.2858085749430255,2.2858105769721098,1.6942250356349364,0.3771868355668151,1.0,0.0
est-lifted_interaction__dir-lifted_interaction__support-unprojected__cal-none__controller-base,lifted_interaction,lifted_interaction,unprojected,none,base,7,0.4273365749583386,0.6427511362482414,1.2184482612213017,0.013580650440461433,0.01379634903066621,0.5416699333440227,1.5089404079050952,1.0,2.279882933835933,0.38413637612967266,2.601065809546758,2.6010678116028503,2.1459753476445935,0.4292081509137569,1.0,0.0
est-lifted_interaction__dir-lifted_interaction__support-unprojected__cal-none__controller-base,lifted_interaction,lifted_interaction,unprojected,none,base,8,0.6850755376204253,0.8140210309277268,1.3600403221835975,0.015141812125918303,0.015382306316018028,0.5652973633167553,1.6452936027352485,1.0,2.5419665431030833,0.42829471707460864,2.900071179449888,2.900073181526172,2.623373030466435,0.47854770899694965,1.0,0.0
est-lifted_interaction__dir-lifted_interaction__support-unprojected__cal-none__controller-base,lifted_interaction,lifted_interaction,unprojected,none,base,9,0.9854715986195446,0.976461770076348,1.4943331532928525,0.016622494172174644,0.016886505721131307,0.5877067727236771,1.7746176371485138,1.0,2.7905394478028005,0.4701766459220339,3.183662486538428,3.1836644886303573,3.1177301365887975,0.5253437574168951,1.0,0.0
est-lifted_interaction__dir-lifted_interaction__support-unprojected__cal-none__controller-base,lifted_interaction,lifted_interaction,unprojected,none,base,10,1.3207064736032854,1.1305285065832582,1.6217030380503124,0.018026845395068047,0.018313161956605557,0.6089609518936749,1.8972748722632196,1.0,3.026298139937843,0.5098995142736349,3.4526343430704958,3.452636345174889,3.6218549747933015,0.5697274169549374,1.0,0.0
est-lifted_interaction__dir-lifted_interaction__support-unprojected__cal-none__controller-base,lifted_interaction,lifted_interaction,unprojected,none,base,11,1.6839293449127577,1.2766529296947067,1.7425068621198951,0.01935880073431782,0.019666272459972933,0.6291194542436226,2.0136089890748514,1.0,3.2499032065655618,0.5475746241241598,3.7077403981498054,3.7077424002643493,4.129869148736585,0.6118230489687985,1.0,0.0
est-lifted_interaction__dir-lifted_interaction__support-unprojected__cal-none__controller-base,lifted_interaction,lifted_interaction,unprojected,none,base,12,2.069150294036049,1.4152444745912005,1.8570831133085033,0.020622092279078706,0.020949628596368598,0.6482387631448323,2.1239459514373737,1.0,3.4619811807381824,0.5833075397254549,3.949695449422122,3.949697451545084,4.637024457422991,0.651748603848462,1.0,0.0
est-lifted_interaction__dir-lifted_interaction__support-unprojected__cal-none__controller-base,lifted_interaction,lifted_interaction,unprojected,none,base,13,2.4711449223068565,1.546691469609598,1.9657528299962244,0.02182025972511582,0.022166826281794647,0.6663724501873531,2.2285949194017856,1.0,3.663126297025038,0.6171983833735591,4.179177445911492,4.179179448041534,5.139530842619222,0.6896159515087639,1.0,0.0
est-lifted_interaction__dir-lifted_interaction__support-unprojected__cal-none__controller-base,lifted_interaction,lifted_interaction,unprojected,none,base,14,2.885369011092316,1.6713622243246193,2.0688205006738967,0.022956660292899812,0.023321276058742332,0.6835713252855682,2.3278491154710483,1.0,3.8539021565356597,0.6493421159476402,4.396829387608028,4.3968313897441025,5.6344012749479235,0.7260915572808871,1.0,0.0
est-lifted_interaction__dir-lifted_interaction__support-unprojected__cal-none__controller-base,lifted_interaction,lifted_interaction,unprojected,none,base,15,3.307882189387003,1.7896060615385299,2.1665749171084925,0.02403447813441372,0.02441621265240523,0.6998835790456768,2.4219866461985924,1.0,4.034843306109046,0.6798288029868351,4.603261127129867,4.603263129271138,6.119315847952496,0.7655026531980369,1.0,
est-first_order__dir-first_order__support-projected__cal-none__controller-base,first_order,first_order,projected,none,base,0,0.7394304920663277,0.8471371938884258,0.23738413651278104,0.0,0.0,0.3307606593697305,0.3227947950363159,1.0,9.096674915252623e-15,1.532694369923427e-15,3.1628284505528405e-05,0.0,0.9716090559959412,1.1985850617391643e-06,0.0,0.0
est-first_order__dir-first_order__support-projected__cal-none__controller-base,first_order,first_order,projected,none,base,1,0.4009390576158867,0.6311811671887855,0.29886093523446544,0.02986386729749591,0.03356095846538079,0.3728368590558257,0.5218935044818519,1.0,8.612361232641308e-15,1.4510925910832703e-15,1.0638956549020269,1.063904018422937,3.5642019063349846,0.22572711431277162,1.0,0.0
est-first_order__dir-first_order__support-projected__cal-none__controller-base,first_order,first_order,projected,none,base,2,0.19065056516662496,0.4288026616573122,0.35647260862526037,0.05785014317511938,0.06501188318899707,0.41226765750421585,0.7084745389127437,1.0,9.069653551911417e-15,1.5281415534441572e-15,2.060910243254574,2.0609186069987815,6.306266982052759,0.43726236894082965,1.0,0.0
est-first_order__dir-first_order__support-projected__cal-none__controller-base,first_order,first_order,projected,none,base,3,0.08748266790462389,0.23914803216530844,0.43410553527808177,0.08407687495423237,0.09448543553080305,0.4492193755271577,0.8833249108052393,1.0,9.351217799767997e-15,1.5755821777911818e-15,2.995240852539688,2.9952492163582227,7.94386169713301,0.6354980473574878,1.0,0.0
est-first_order__dir-first_order__support-projected__cal-none__controller-base,first_order,first_order,projected,none,base,4,0.07326445828774104,0.25897543783896254,0.5633342695173963,0.1086546881231328,0.12210593620857431,0.4838478770685139,1.0471821465859101,1.0,9.089248829231937e-15,1.531443152270767e-15,3.8708285295424707,3.870836893398093,8.339209016915326,0.8212703162230691,1.0,0.0
est-first_order__dir-first_order__support-projected__cal-none__controller-base,first_order,first_order,projected,none,base,5,0.1323602672641157,0.319094779340559,0.6844381765134198,0.13168725296014608,0.14798988968806917,0.5162992266446074,1.200737403158027,1.0,9.456221157397696e-15,1.5932741428840808e-15,4.691366540909717,4.691374904787527,7.6676892030569626,0.9953627709976769,1.0,0.0
est-first_order__dir-first_order__support-projected__cal-none__controller-base,first_order,first_order,projected,none,base,6,0.25134063938675727,0.3754343170194524,0.7979280777805928,0.15327172181934012,0.17224647560390122,0.5467103054506635,1.3446383832312565,1.0,9.648036290573453e-15,1.6255929821768478e-15,4.805132599754203,5.460324315326421,6.306990123074737,1.1585097411807181,1.0,0.0
est-first_order__dir-first_order__support-projected__cal-none__controller-base,first_order,first_order,projected,none,base,7,0.4186946536211698,0.47949206735968375,0.904282678628075,0.17349913892335417,0.1949780092839572,0.5752093887316089,1.4794920673596839,1.0,9.812329475676252e-15,1.6532746617102817e-15,4.943276315180076,6.180928586866362,4.577044724934101,1.3113993877444718,1.0,0.0
est-first_order__dir-first_order__support-projected__cal-none__controller-base,first_order,first_order,projected,none,base,8,0.624578474260663,0.6058672742120302,1.0039505873594314,0.19245482439186576,0.21628037331987293,0.6019166868525987,1.6058672742120301,1.0,1.004622270136179e-14,1.69268321851936e-15,5.14488698210955,6.856227259372907,2.7969243340539247,1.4546766058268183,1.0,0.0
est-first_order__dir-first_order__support-projected__cal-none__controller-base,first_order,first_order,projected,none,base,9,0.8605956444280084,0.7242970598733821,1.0973522075218487,0.21021873412554257,0.23624342200394907,0.6269448523515337,1.7242970598733824,1.0,1.0771511751071542e-14,1.814886820760144e-15,5.398227800323489,7.489068771836559,4.438679450398908,1.5889457449268023,1.0,0.0
est-first_order__dir-first_order__support-projected__cal-none__controller-base,first_order,first_order,projected,none,base,10,1.1196051858973814,0.8352809662988007,1.184881511186467,0.2268657970634885,0.2549513603384404,0.6503994551123335,1.8352809662988006,1.0,1.0101127372790556e-14,1.7019340801325705e-15,5.689517842456675,8.082122477111538,5.99680287728662,1.7147731580769487,1.0,0.0
est-first_order__dir-first_order__support-projected__cal-none__controller-base,first_order,first_order,projected,none,base,11,1.395554052791536,0.9392871284028815,1.2669077007396103,0.24246623123674704,0.27248309921589436,0.6723794276632713,1.9392871284028812,1.0,1.0715938467198408e-14,1.8055233049585966e-15,6.005428040999752,8.637889901361513,7.45894705964248,1.8326895907448295,1.0,0.0
est-first_order__dir-first_order__support-projected__cal-none__controller-base,first_order,first_order,projected,none,base,12,1.6833309113273465,1.036754248673058,1.3449575806900058,0.2570858399509918,0.2889125882687081,0.6929774824786544,2.0367542486730583,1.0,1.1024400281890355e-14,1.857495887371319e-15,6.233851052194319,9.158715295605083,8.82300728705109,1.9431924195403898,1.0,0.0
est-first_order__dir-first_order__support-projected__cal-none__controller-base,first_order,first_order,projected,none,base,13,1.9786385904261825,1.1280934476356586,1.4230929290800125,0.27078628934771387,0.30430912779187264,0.7122805030440468,2.1280934476356586,1.0,1.1065490977201099e-14,1.864419238809702e-15,6.471957780912916,9.646795523867912,10.091758714570217,2.0467477501719875,1.0,0.0
est-first_order__dir-first_order__support-projected__cal-none__controller-base,first_order,first_order,projected,none,base,14,2.277882875020273,1.2136899979800548,1.4963157770806896,0.2836253685146718,0.31873766105461404,0.7303699103345692,2.213689997980055,1.0,1.0956844139109603e-14,1.846113385450734e-15,6.717598738063253,10.104189329650135,11.326530925259362,2.1437923835004185,1.0,0.0
est-first_order__dir-first_order__support-projected__cal-none__controller-base,first_order,first_order,projected,none,base,15,2.578075600844933,1.29390494965552,1.5649349818299707,0.2956572332427631,0.33225904823390967,0.7473220062520896,2.2939049496555204,1.0,1.0227124806818593e-14,1.7231633270341802e-15,6.9653611712291115,10.532826019795444,12.990830019437102,2.234735657983827,1.0,
est-first_order__dir-lifted_interaction__support-projected__cal-none__controller-base,first_order,lifted_interaction,projected,none,base,0,0.7394304920663277,0.8471371938884258,0.23738413651278104,0.0,0.0,0.3307606593697305,0.3227947950363159,1.0,9.096674915252623e-15,1.532694369923427e-15,3.1628284505528405e-05,0.0,0.9716090559959412,1.1985850617391643e-06,0.0,0.0
est-first_order__dir-lifted_interaction__support-projected__cal-none__controller-base,first_order,lifted_interaction,projected,none,base,1,0.40093905761588683,0.6311811671887855,0.3131698731264323,0.011143480059375894,0.012523022142677158,0.33628934249300513,0.5218935044818519,1.0,8.884697154919855e-15,1.4969783393036837e-15,1.0273953077494353,1.0274019574481044,2.7944331343059083,0.298460782778726,1.0,0.0
est-first_order__dir-lifted_interaction__support-projected__cal-none__controller-base,first_order,lifted_interaction,projected,none,base,2,0.1815860714220155,0.41700918831681066,0.3931942970324328,0.022194902215997955,0.024942589785642184,0.341772352364243,0.7193474250901827,1.0,9.02674372304498e-15,1.5209116970701883e-15,2.046309748575403,2.0463163985203585,4.74887136716351,0.5944559193310954,1.0,0.0
est-first_order__dir-lifted_interaction__support-projected__cal-none__controller-base,first_order,lifted_interaction,projected,none,base,3,0.07847301612807993,0.2072906276508585,0.5679600839650262,0.03315502697353401,0.037259557581501054,0.34721006629679424,0.9151701502618204,1.0,9.363309569286177e-15,1.5776195142064748e-15,3.056806789791796,3.0568134398188462,5.548939551535144,0.8880057971894865,1.0,0.0
est-first_order__dir-lifted_interaction__support-projected__cal-none__controller-base,first_order,lifted_interaction,projected,none,base,4,0.08875681647260239,0.2833249966082389,0.7567722970515555,0.04402460855302132,0.04947477312245108,0.3526028584869688,1.1093751555385243,1.0,9.677635890882989e-15,1.6305802045596485e-15,4.05895596863415,4.058962618702244,5.127592866367167,1.1791306169901337,1.0,0.0
est-first_order__dir-lifted_interaction__support-projected__cal-none__controller-base,first_order,lifted_interaction,projected,none,base,5,0.20964886392894733,0.3587312346311052,0.944024705098864,0.05480439494476758,0.061589076998607425,0.3579511000397869,1.3019758051386507,1.0,9.93604859800144e-15,1.674120036971712e-15,5.05282624797832,5.052832898071042,3.678045996095516,1.4678504124888878,1.0,0.0
est-first_order__dir-lifted_interaction__support-projected__cal-none__controller-base,first_order,lifted_interaction,projected,none,base,6,0.4384140570067724,0.4929853528768141,1.1297301938822981,0.06549512795982437,0.07360330285584868,0.36325515899451616,1.4929853528768142,1.0,9.475301064032327e-15,1.5964889071523441e-15,5.968380034362735,6.038492671113216,4.110869740068953,1.7541850519398432,1.0,0.0
est-first_order__dir-lifted_interaction__support-projected__cal-none__controller-base,first_order,lifted_interaction,projected,none,base,7,0.772369857868987,0.6824169430759456,1.3139015427259466,0.0760975432810347,0.08551827745318401,0.3685154003499988,1.6824169430759455,1.0,1.1359760489377239e-14,1.914000567015268e-15,6.413388042193879,7.01600976601071,6.46325808611486,2.0381542394625685,1.0,0.0
est-first_order__dir-lifted_interaction__support-projected__cal-none__controller-base,first_order,lifted_interaction,projected,none,base,8,1.2088853649914315,0.8702836114718209,1.5106673877118355,0.08661237051365916,0.0973348207196468,0.37373218608976855,1.870283611471821,1.0,1.1076937481644465e-14,1.8663478548236955e-15,6.951150907175348,7.985451450607037,8.877462245736604,2.3197775163980454,1.0,0.0
est-first_order__dir-lifted_interaction__support-projected__cal-none__controller-base,first_order,lifted_interaction,projected,none,base,9,1.7453804015970042,1.0565982861101149,1.7071452454537865,0.09704033323558334,0.10905374581071774,0.3789058752069605,2.056598286110115,1.0,1.1822811734169241e-14,1.9920198479603023e-15,7.565576420000352,8.946884437036308,11.283531444256141,2.620251166834336,1.0,0.0
est-first_order__dir-lifted_interaction__support-projected__cal-none__controller-base,first_order,lifted_interaction,projected,none,base,10,2.379324619600437,1.241373788236044,1.9019999711557527,0.10738214904711148,0.12067585916428249,0.38403682372901615,2.2413737882360443,1.0,1.2946331681781023e-14,2.181321182155932e-15,8.233088770593815,9.900374886314038,13.64678862787623,2.922730312326581,1.0,0.0
est-first_order__dir-lifted_interaction__support-projected__cal-none__controller-base,first_order,lifted_interaction,projected,none,base,11,3.1082366188042543,1.4326487346375252,2.095244973746606,0.11763852962034742,0.13220196055612643,0.38912538474218217,2.4246228331766617,1.0,1.2695417610127543e-14,2.139044791217412e-15,8.809577971670308,10.845988412890001,16.481188387431875,3.2227106337878735,1.0,0.0
est-first_order__dir-lifted_interaction__support-projected__cal-none__controller-base,first_order,lifted_interaction,projected,none,base,12,3.9296830810907997,1.6297711157724768,2.286893551382114,0.12781018074816894,0.14363284315497143,0.3941719084158087,2.606358031215863,1.0,1.4158465311751522e-14,2.3855529929613903e-15,9.434415372854566,11.7837900891635,20.25175952003618,3.540465300827441,1.0,0.0
est-first_order__dir-lifted_interaction__support-projected__cal-none__controller-base,first_order,lifted_interaction,projected,none,base,13,4.84127791935943,1.8252650403663435,2.476958892360052,0.13789780239279653,0.1549692935770576,0.399176742026446,2.7865918884621594,1.0,1.2746211136107181e-14,2.147602967916352e-15,10.09777870717217,12.713844449961332,24.08325029044044,3.8558926751185814,1.0,0.0
est-first_order__dir-lifted_interaction__support-projected__cal-none__controller-base,first_order,lifted_interaction,projected,none,base,14,5.840681440962112,2.0191439613344717,2.66545407602776,0.14790208873396135,0.1662120919402743,0.4041402299817431,2.9653368077092916,1.0,1.2868706113495757e-14,2.1682420875877134e-15,10.703751769971678,13.636215496978735,27.95609672513182,4.168714258185284,1.0,0.0
est-first_order__dir-lifted_interaction__support-projected__cal-none__controller-base,first_order,lifted_interaction,projected,none,base,15,6.925599525394797,2.211421220455725,2.8523920736821955,0.15782372821667529,0.17736201191784415,0.409062713844147,3.1426050892897233,1.0,1.0998051547153957e-14,1.853056401761322e-15,11.31885897071295,14.550966703183668,31.855247140528974,4.47895157684627,1.0,
est-lifted_interaction__dir-first_order__support-projected__cal-none__controller-base,lifted_interaction,first_order,projected,none,base,0,0.7394304920663277,0.8471371938884258,0.013338536987276162,0.0,0.0,0.33613333181497584,0.3227947950363159,1.0,9.096674915252623e-15,1.532694369923427e-15,3.1628284505528405e-05,0.0,0.9716090559959412,1.1985850617391643e-06,0.0,0.0
est-lifted_interaction__dir-first_order__support-projected__cal-none__controller-base,lifted_interaction,first_order,projected,none,base,1,0.36953832273237036,0.5990618779203868,0.010166948632465655,0.034305541022173106,0.03485040865330283,0.5304620830618572,0.5202951344293913,1.0,8.42021339382877e-15,1.4187176943781973e-15,1.2221308383659455,1.2221392020022563,3.831541360807466,0.23156217483285108,1.0,0.0
est-lifted_interaction__dir-first_order__support-projected__cal-none__controller-base,lifted_interaction,first_order,projected,none,base,2,0.18461360735940816,0.4236038064725404,0.00792375985716824,0.05856907622122889,0.059499316435120006,0.6679064245756572,0.6599826647184889,1.0,8.703035158545192e-15,1.4663701971345446e-15,2.0865223231654877,2.0865306869452094,6.099456956747323,0.39534086365373394,1.0,0.0
est-lifted_interaction__dir-first_order__support-projected__cal-none__controller-base,lifted_interaction,first_order,projected,none,base,3,0.09218487553344545,0.2995062710399516,0.006337203044892011,0.07573012725888206,0.07693293280618503,0.7651177064521228,0.7587805034072308,1.0,8.958131938384043e-15,1.5093513305582565e-15,2.6978869189182637,2.6978952827439335,7.387174847081205,0.5111778352523519,1.0,0.0
est-lifted_interaction__dir-first_order__support-projected__cal-none__controller-base,lifted_interaction,first_order,projected,none,base,4,0.04600355265705121,0.21173488398797308,0.0053172262000510595,0.08786775148803387,0.08926333634632351,0.8338730529435374,0.8286579857377243,1.0,9.034775944828976e-15,1.5222650422453207e-15,3.1302913045330514,3.1302996683803825,8.106316490845717,0.5931067118708102,1.0,0.0
est-lifted_interaction__dir-first_order__support-projected__cal-none__controller-base,lifted_interaction,first_order,projected,none,base,5,0.022940894160380313,0.14965616213283192,0.005553300250599604,0.09645241926886217,0.0979843525845265,0.8825021583303161,0.8780807524870218,1.0,8.814040635166136e-15,1.48507345636197e-15,3.436121171023779,3.43612953488314,8.506396428582047,0.6510531579089648,1.0,0.0
est-lifted_interaction__dir-first_order__support-projected__cal-none__controller-base,lifted_interaction,first_order,projected,none,base,6,0.011431688052564894,0.10574928272023032,0.005720270100495431,0.10252416111189858,0.10415253061531189,0.9168964274510993,0.9130363603837529,1.0,8.793911220326326e-15,1.4816818609623035e-15,3.652427735778605,3.652436099645257,8.730695915177199,0.6920373718643198,1.0,0.0
est-lifted_interaction__dir-first_order__support-projected__cal-none__controller-base,lifted_interaction,first_order,projected,none,base,7,0.0056938914020417284,0.07469493749303266,0.00583836410832683,0.10681856713315536,0.10851514377647063,0.9412227180325111,0.9377596732170509,1.0,9.273679385977286e-15,1.5625177678417235e-15,3.80541648894651,3.805424852817819,8.858573763260724,0.7210245817517442,1.0,0.0
est-lifted_interaction__dir-first_order__support-projected__cal-none__controller-base,lifted_interaction,first_order,projected,none,base,8,0.002837459749136532,0.05273089972966606,0.005921889335751807,0.10985590362606926,0.11160072164061863,0.9584281545362827,0.9552459146023787,1.0,8.647461772667485e-15,1.4570066641462955e-15,3.9136219824893,3.913630346363683,8.933181655097835,0.7415265813258466,1.0,0.0
est-lifted_interaction__dir-first_order__support-projected__cal-none__controller-base,lifted_interaction,first_order,projected,none,base,9,0.0014183513999565744,0.037196231349406784,0.005980964844700096,0.11200414320228115,0.1137830812503328,0.9705971716042415,0.9676135386278348,1.0,9.530885098313452e-15,1.6058542342849501e-15,3.9901532868524408,3.9901616507288975,8.97788654309022,0.756027183079824,1.0,0.0
est-lifted_interaction__dir-first_order__support-projected__cal-none__controller-base,lifted_interaction,first_order,projected,none,base,10,0.0007153838491742383,0.026208910881076235,0.006022747619379127,0.11352354458818942,0.11532661496615648,0.9792040428317055,0.9763608800755729,1.0,8.866388515112956e-15,1.4938935254113092e-15,4.044282151808867,4.0442905156867415,9.005426622581387,0.7662831315529205,1.0,0.0
est-lifted_interaction__dir-first_order__support-projected__cal-none__controller-base,lifted_interaction,first_order,projected,none,base,11,0.0003686312345309015,0.018437826998319952,0.006052299633250127,0.11459818290928891,0.11641832153975666,0.9852914886716162,0.9825476773331403,1.0,8.99730174066073e-15,1.5159510316556133e-15,4.08256627679343,4.082574640672286,9.022850244273675,0.7735369325239018,1.0,0.0
est-lifted_interaction__dir-first_order__support-projected__cal-none__controller-base,lifted_interaction,first_order,projected,none,base,12,0.00019863748315281446,0.013076540546665384,0.006073201105939134,0.11535825034893078,0.11719046096931614,0.989597001775565,0.9869234594533346,1.0,8.899470091953438e-15,1.4994674243407499e-15,4.109643774668424,4.109652138547963,9.034140875775694,0.7786673822979658,1.0,0.0
est-lifted_interaction__dir-first_order__support-projected__cal-none__controller-base,lifted_interaction,first_order,projected,none,base,13,0.0001160511780770435,0.009981648574895868,0.0060879842460148685,0.1158958289011386,0.11773657776763698,0.9926421940574806,0.9900183514251042,1.0,9.311255534775518e-15,1.5688489550329786e-15,4.128795078021074,4.128803441901091,9.041608286725362,0.7822960336752911,1.0,0.0
est-lifted_interaction__dir-first_order__support-projected__cal-none__controller-base,lifted_interaction,first_order,projected,none,base,14,7.647205468780459e-05,0.0077927013069964265,0.006098440027468667,0.11627604608282721,0.1181228338581703,0.994795989856019,0.9922072986930035,1.0,8.825041284028383e-15,1.4869269503840988e-15,4.142340362810624,4.142348726690977,9.046630052869578,0.7848624969286156,1.0,0.0
est-lifted_interaction__dir-first_order__support-projected__cal-none__controller-base,lifted_interaction,first_order,projected,none,base,15,5.789933280257357e-05,0.00624450828916202,0.006105835165798439,0.11654496511737099,0.11839602407669636,0.996319321032625,0.9937554917108379,1.0,8.862943685851816e-15,1.4933131077902456e-15,4.151920637147651,4.151929001028239,9.050051704162252,0.7866776984858183,1.0,
est-lifted_interaction__dir-lifted_interaction__support-projected__cal-none__controller-base,lifted_interaction,lifted_interaction,projected,none,base,0,0.7394304920663277,0.8471371938884258,0.013338536987276162,0.0,0.0,0.33613333181497584,0.3227947950363159,1.0,9.096674915252623e-15,1.532694369923427e-15,3.1628284505528405e-05,0.0,0.9716090559959412,1.1985850617391643e-06,0.0,0.0
est-lifted_interaction__dir-lifted_interaction__support-projected__cal-none__controller-base,lifted_interaction,lifted_interaction,projected,none,base,1,0.36953832273237047,0.5990618779203868,0.009578086655485754,0.012800857588151117,0.013004170893893089,0.5298732210848772,0.5202951344293913,1.0,8.504174951064736e-15,1.4328643366694156e-15,1.1802015143321887,1.180208164146654,3.0911388547136447,0.3091317515947275,1.0,0.0
est-lifted_interaction__dir-lifted_interaction__support-projected__cal-none__controller-base,lifted_interaction,lifted_interaction,projected,none,base,2,0.18442158281189358,0.4233837590959543,0.006915073505530917,0.021865969957358743,0.022213262519960187,0.6670729246621715,0.6601578511566405,1.0,9.10711619568642e-15,1.5344536162287819e-15,2.0159829884529747,2.015989638424494,4.757846384508324,0.5280478575630042,1.0,0.0
est-lifted_interaction__dir-lifted_interaction__support-projected__cal-none__controller-base,lifted_interaction,lifted_interaction,projected,none,base,3,0.0918573645634235,0.29897475938732626,0.0053725056620914854,0.02828556034030503,0.028734813895228927,0.7642328783125723,0.7592036560696446,1.0,8.565740434283161e-15,1.4432374752491258e-15,2.607853722707475,2.607860372729328,5.594576204806129,0.6830764629799335,1.0,0.0
est-lifted_interaction__dir-lifted_interaction__support-projected__cal-none__controller-base,lifted_interaction,lifted_interaction,projected,none,base,4,0.045628787721272074,0.21087272760288242,0.005769747128321583,0.03283168608109598,0.03335314478683215,0.8330381041783103,0.8293443747716542,1.0,8.632840956484216e-15,1.4545432098779445e-15,3.0269955401417388,3.0270021901873303,5.994317104346272,0.7928622112290857,1.0,0.0
est-lifted_interaction__dir-lifted_interaction__support-projected__cal-none__controller-base,lifted_interaction,lifted_interaction,projected,none,base,5,0.02258133220756131,0.14848200006125734,0.006051059415743495,0.036051090749964675,0.03662368257715316,0.8817635196253947,0.8790155387786067,1.0,9.259795031615018e-15,1.5601783996704602e-15,3.323816877896394,3.3238235279551755,6.175039757021601,0.870608576077118,1.0,0.0
est-lifted_interaction__dir-lifted_interaction__support-projected__cal-none__controller-base,lifted_interaction,lifted_interaction,projected,none,base,6,0.011119438059400773,0.1042991043398828,0.006250274779148447,0.03833095871070664,0.038939761197107736,0.9162691270210268,0.914190891690052,1.0,9.041867268885713e-15,1.5234598560161019e-15,3.534015199517614,3.5340218495843967,6.250300368708311,0.9256657883608628,1.0,0.0
est-lifted_interaction__dir-lifted_interaction__support-projected__cal-none__controller-base,lifted_interaction,lifted_interaction,projected,none,base,7,0.005439553521227005,0.07301034796140551,0.006391352018895983,0.039945480168254284,0.04057992575649172,0.9407047717624155,0.9391008264012966,1.0,9.152024386781551e-15,1.5420201756910245e-15,3.6828701799125247,3.6828768299844197,6.276855228569746,0.9646553492282107,1.0,0.0
est-lifted_interaction__dir-lifted_interaction__support-projected__cal-none__controller-base,lifted_interaction,lifted_interaction,projected,none,base,8,0.002639419899853056,0.05085276277537874,0.00649125790584473,0.04108882688033038,0.04174143200186786,0.9580092268639046,0.9567411568019776,1.0,9.20798653891238e-15,1.5514492117177937e-15,3.7882839863475093,3.7882906364227824,6.282193636288628,0.9922663704472671,1.0,0.0
est-lifted_interaction__dir-lifted_interaction__support-projected__cal-none__controller-base,lifted_interaction,lifted_interaction,projected,none,base,9,0.0012693736065633417,0.03516154848302177,0.0065620077040749155,0.04189850438440069,0.042563969441985726,0.9702636269228596,0.9692334118099662,1.0,9.531007589018692e-15,1.6058748726848091e-15,3.862934297392683,3.8629409474702374,6.279214158534006,1.0118195143093633,1.0,0.0
est-lifted_interaction__dir-lifted_interaction__support-projected__cal-none__controller-base,lifted_interaction,lifted_interaction,projected,none,base,10,0.00060652738582629,0.024049588226452943,0.006612110196555715,0.0424718892148054,0.0431464612220248,0.9789417574923671,0.9780799828004155,1.0,9.241520693960245e-15,1.557099365331156e-15,3.9157989944148466,3.9158056444939637,6.273715235287207,1.0256663558245174,1.0,0.0
est-lifted_interaction__dir-lifted_interaction__support-projected__cal-none__controller-base,lifted_interaction,lifted_interaction,projected,none,base,11,0.000291269290756341,0.016180492919806857,0.006647591000961585,0.04287793997215691,0.04355896119742342,0.9850873011190739,0.9843448099464365,1.0,9.540803550598354e-15,1.607525389527613e-15,3.9532358939014824,3.9532425439816796,6.268122794233796,1.0354721968339244,1.0,0.0
est-lifted_interaction__dir-lifted_interaction__support-projected__cal-none__controller-base,lifted_interaction,lifted_interaction,projected,none,base,12,0.00014531847353772728,0.011218662136488216,0.006672717245564856,0.04316549068644657,0.043851079018712616,0.9894393566874078,0.9887813378635117,1.0,9.491518222922853e-15,1.5992213284336616e-15,3.9797473755162276,3.9797540255971793,6.263311394279688,1.0424163449124992,1.0,0.0
est-lifted_interaction__dir-lifted_interaction__support-projected__cal-none__controller-base,lifted_interaction,lifted_interaction,projected,none,base,13,8.072888847435891e-05,0.008076870750992195,0.0066905107589427595,0.043369123882029875,0.0440579464771465,0.9925213277578855,0.9919231292490077,1.0,9.462317267802641e-15,1.5943012735865779e-15,3.9985218645109635,3.998528514592442,6.259477629799088,1.0473339437692326,1.0,0.0
est-lifted_interaction__dir-lifted_interaction__support-projected__cal-none__controller-base,lifted_interaction,lifted_interaction,projected,none,base,14,5.4430669294430986e-05,0.005851965758962992,0.006703111492690829,0.043513329673505304,0.044204442658618844,0.9947038701289826,0.994148034241037,1.0,9.241205529293625e-15,1.5570462633884546e-15,4.011817290324411,4.01182394040626,6.256548920244666,1.050816412495721,1.0,0.0
est-lifted_interaction__dir-lifted_interaction__support-projected__cal-none__controller-base,lifted_interaction,lifted_interaction,projected,none,base,15,4.555722227055915e-05,0.005596441922803944,0.006712034884469196,0.043615451089591147,0.04430818604749428,0.996249469063141,0.9957236328776644,1.0,9.486323560378734e-15,1.598346082246544e-15,4.021232638332575,4.021239288414685,6.254367749759658,1.05328257307211,1.0,
est-first_order__dir-first_order__support-unprojected__cal-response_gain__controller-base,first_order,first_order,unprojected,response_gain,base,0,0.7394304920663277,0.8471371938884258,0.23738413651278104,0.0,0.0,0.3307606593697305,0.3227947950363159,1.0,9.096674915252623e-15,1.532694369923427e-15,3.1628284505528405e-05,0.0,0.9716090559959412,1.1985850617391643e-06,0.0,0.0
est-first_order__dir-first_order__support-unprojected__cal-response_gain__controller-base,first_order,first_order,unprojected,response_gain,base,1,0.4009390576158867,0.6311811671887855,0.23738411079191796,0.003988582382642014,0.004482361455270166,0.5298593632072358,0.5218935044818518,1.0,0.3477577889031292,0.058593542158480394,0.37566499446482726,0.3756668903294161,0.9027661659092334,0.04278363251587306,1.0,0.0
est-first_order__dir-first_order__support-unprojected__cal-response_gain__controller-base,first_order,first_order,unprojected,response_gain,base,2,0.23359228876726085,0.4794720611330713,0.2373841107919185,0.00679056150644801,0.0076312203775974,0.6697262026530835,0.6617603439276991,1.0,0.5920576356075771,0.09975550552481283,0.6395709843041089,0.6395728807858305,0.9100899928035309,0.07283912127375057,1.0,0.0
est-first_order__dir-first_order__support-unprojected__cal-response_gain__controller-base,first_order,first_order,unprojected,response_gain,base,3,0.15079547365692403,0.3728964141289316,0.2373841107919181,0.008758951840921726,0.009843293770532327,0.7679826573637923,0.7600167986384068,1.0,0.7636782779174525,0.12867178478966146,0.8249649424023212,0.8249668390814623,0.9426974989993179,0.0939531021261596,1.0,0.0
est-first_order__dir-first_order__support-unprojected__cal-response_gain__controller-base,first_order,first_order,unprojected,response_gain,base,4,0.10978710543659882,0.29802702210852355,0.23738411079191724,0.010141746050889555,0.011397275329069124,0.8370078167980655,0.8290419580726784,1.0,0.8842417791401398,0.14898547097321765,0.9552041980121428,0.9552060947841438,0.9790287953566896,0.10878567367497703,1.0,0.0
est-first_order__dir-first_order__support-unprojected__cal-response_gain__controller-base,first_order,first_order,unprojected,response_gain,base,5,0.08944551462306324,0.24543127421418737,0.23738411079191649,0.011113158983391902,0.012488947373941172,0.8854979913006408,0.8775321325752542,1.0,0.9689376387490767,0.1632558355171657,1.0466972750918608,1.0466991719152763,1.0111035067302971,0.11920555518802115,1.0,0.0
est-first_order__dir-first_order__support-unprojected__cal-response_gain__controller-base,first_order,first_order,unprojected,response_gain,base,6,0.07933395980350168,0.2084827613184161,0.2373841107919185,0.011795576568474854,0.013255846985463844,0.9195623388886982,0.9115964801633134,1.0,1.0284364801243553,0.17328076660928923,1.110971161745427,1.1109730585998974,1.0368374647178005,0.12652552195093475,1.0,0.0
est-first_order__dir-first_order__support-unprojected__cal-response_gain__controller-base,first_order,first_order,unprojected,response_gain,base,7,0.07429266533858805,0.2152605366698728,0.23738411079191798,0.012274974921995557,0.013794593962558466,0.9434925430693102,0.9355266843439258,1.0,1.0702344161904884,0.18032328070150608,1.1561235671216221,1.1561254639958436,1.0564828972155593,0.1316677986018815,1.0,0.0
est-first_order__dir-first_order__support-unprojected__cal-response_gain__controller-base,first_order,first_order,unprojected,response_gain,base,8,0.07176880178968215,0.22184229997118132,0.23738411079191726,0.012611752265343881,0.014173063713967449,0.9603035115061918,0.9523376527808061,1.0,1.0995974662769477,0.18527064685128847,1.187843131899298,1.1878450287864966,1.0710525642723736,0.13528024794917173,1.0,0.0
est-first_order__dir-first_order__support-unprojected__cal-response_gain__controller-base,first_order,first_order,unprojected,response_gain,base,9,0.07049800221542785,0.22646598869035028,0.23738411079191776,0.012848338349046081,0.014438938714332267,0.9721132168330996,0.9641473581077138,1.0,1.1202250089626842,0.1887461715715104,1.2101261261560203,1.2101280230519291,1.0816654122042186,0.13781799361564281,1.0,0.0
est-first_order__dir-first_order__support-unprojected__cal-response_gain__controller-base,first_order,first_order,unprojected,response_gain,base,10,0.06985311154308357,0.2297141300155666,0.2373841107919188,0.013014540072846855,0.014625715902088532,0.9804095348252508,0.9724436760998666,1.0,1.1347158576994143,0.19118772768746634,1.2257799296215581,1.2257818265233955,1.089306695136746,0.1396007599463389,1.0,0.0
est-first_order__dir-first_order__support-unprojected__cal-response_gain__controller-base,first_order,first_order,unprojected,response_gain,base,11,0.06952238940989863,0.23199594929653147,0.23738411079191774,0.013131296783816979,0.014756926876487397,0.9862376982147395,0.9782718394893546,1.0,1.1448956789369673,0.19290292085892546,1.2367767265561882,1.2367786234621014,1.0947661494206655,0.1408531532936529,1.0,0.0
est-first_order__dir-first_order__support-unprojected__cal-response_gain__controller-base,first_order,first_order,unprojected,response_gain,base,12,0.06935041961969723,0.23359892734140889,0.23738411079191898,0.013213318373273407,0.01484910258600251,0.9903319829958533,0.9823661242704697,1.0,1.1520470033563486,0.19410784406187545,1.2445019764028087,1.244503873311542,1.0986464714869537,0.14173295962014096,1.0,0.0
est-first_order__dir-first_order__support-unprojected__cal-response_gain__controller-base,first_order,first_order,unprojected,response_gain,base,13,0.06925940011722267,0.2347250194179356,0.2373841107919167,0.013270938539866545,0.014913856021936877,0.993208218054589,0.9852423593292032,1.0,1.1570708087609645,0.19495430261194804,1.2499289644200815,1.2499308613307747,1.1013946058283852,0.14235102356449897,1.0,0.0
est-first_order__dir-first_order__support-unprojected__cal-response_gain__controller-base,first_order,first_order,unprojected,response_gain,base,14,0.06921016011019948,0.23551609910169502,0.23738411079191796,0.013311416706898277,0.0149593453106808,0.9952287731833476,0.9872629144579629,1.0,1.1606000320577077,0.195548939743374,1.2537414235022257,1.253743320414286,1.1033361205894985,0.1427852134854105,1.0,0.0
est-first_order__dir-first_order__support-unprojected__cal-response_gain__controller-base,first_order,first_order,unprojected,response_gain,base,15,0.06918282413612349,0.23607183257953618,0.23738411079191712,0.013339852619238077,0.014991301536023434,0.9966482131613034,0.988682354435917,1.0,1.163079311423669,0.19596667232820073,1.2564196760074373,1.2564215729204526,1.104705435502342,0.14309023190485085,1.0,
est-first_order__dir-lifted_interaction__support-unprojected__cal-response_gain__controller-base,first_order,lifted_interaction,unprojected,response_gain,base,0,0.7394304920663277,0.8471371938884258,0.23738413651278104,0.0,0.0,0.3307606593697305,0.3227947950363159,1.0,9.096674915252623e-15,1.532694369923427e-15,3.1628284505528405e-05,0.0,0.9716090559959412,1.1985850617391643e-06,0.0,0.0
est-first_order__dir-lifted_interaction__support-unprojected__cal-response_gain__controller-base,first_order,lifted_interaction,unprojected,response_gain,base,1,0.4009390576158867,0.6311811671887854,0.23738411079192803,0.001968485291918807,0.0022121801059349,0.5298593632072288,0.5218935044818518,1.0,0.3304639967156213,0.05567971945212254,0.3770170347509443,0.3770190354924992,0.9108620576846286,0.06472933293182388,1.0,0.0
est-first_order__dir-lifted_interaction__support-unprojected__cal-response_gain__controller-base,first_order,lifted_interaction,unprojected,response_gain,base,2,0.2335922887672566,0.47947206113306684,0.23738411079192906,0.003351346209491776,0.0037662366303541587,0.6697262026530825,0.6617603439277012,1.0,0.5626149544083515,0.0947947223672397,0.6418729065612062,0.6418749079259868,0.9241918753835117,0.11020167623190848,1.0,0.0
est-first_order__dir-lifted_interaction__support-unprojected__cal-response_gain__controller-base,first_order,lifted_interaction,unprojected,response_gain,base,3,0.150795473656921,0.3728964141289266,0.23738411079192415,0.004322806004086746,0.004857961338758662,0.767982657363792,0.7600167986384091,1.0,0.7257010021874916,0.12227301191510895,0.8279341567463595,0.8279361583105085,0.9612839262363199,0.1421459974002173,1.0,0.0
est-first_order__dir-lifted_interaction__support-unprojected__cal-response_gain__controller-base,first_order,lifted_interaction,unprojected,response_gain,base,4,0.10978710543659694,0.2980270221085184,0.23738411079192176,0.0050052565097897525,0.00562489794641288,0.8370078167980634,0.8290419580726811,1.0,0.8402689507523365,0.141576510322487,0.9586421850477085,0.958644186705634,1.0009307560741634,0.16458688302095403,1.0,0.0
est-first_order__dir-lifted_interaction__support-unprojected__cal-response_gain__controller-base,first_order,lifted_interaction,unprojected,response_gain,base,5,0.08944551462306102,0.24543127421418023,0.2373841107919248,0.005484677990046057,0.006163670913289894,0.8854979913006303,0.8775321325752573,1.0,0.9207529346191425,0.15513721795367047,1.0504645749433645,1.0504665766532124,1.0354267575754372,0.18035160516952203,1.0,0.0
est-first_order__dir-lifted_interaction__support-unprojected__cal-response_gain__controller-base,first_order,lifted_interaction,unprojected,response_gain,base,6,0.07933395980349932,0.20848276131840565,0.2373841107919276,0.005821471579926232,0.006542158922521096,0.919562338888697,0.9115964801633196,1.0,0.977292933285577,0.16466361506457738,1.1149698038501805,1.1149718055913898,1.062910463271149,0.1914263224788917,1.0,0.0
est-first_order__dir-lifted_interaction__support-unprojected__cal-response_gain__controller-base,first_order,lifted_interaction,unprojected,response_gain,base,7,0.07429266533858682,0.21526053666987985,0.2373841107919193,0.006058069076816944,0.0068080467490059466,0.9434925430693178,0.9355266843439322,1.0,1.0170122823487433,0.17135590903498887,1.1602847271593002,1.1602867289204557,1.083810229246233,0.19920631138872313,1.0,0.0
est-first_order__dir-lifted_interaction__support-unprojected__cal-response_gain__controller-base,first_order,lifted_interaction,unprojected,response_gain,base,8,0.07176880178968109,0.22184229997118654,0.23738411079191876,0.0062242788183827025,0.006994832947111534,0.9603035115061933,0.9523376527808102,1.0,1.044915125065616,0.17605724554920266,1.1921184607848607,1.1921204625591217,1.0992738119706476,0.20467175359787929,1.0,0.0
est-first_order__dir-lifted_interaction__support-unprojected__cal-response_gain__controller-base,first_order,lifted_interaction,unprojected,response_gain,base,9,0.07049800221542657,0.22646598869035442,0.23738411079194263,0.006341041161832675,0.007126050251280766,0.972113216833087,0.9641473581077173,1.0,1.0645168720742193,0.17935993445043785,1.2144816586572287,1.214483660440285,1.110521038398538,0.20851122674981154,1.0,0.0
est-first_order__dir-lifted_interaction__support-unprojected__cal-response_gain__controller-base,first_order,lifted_interaction,unprojected,response_gain,base,10,0.06985311154308571,0.22971413001557683,0.2373841107919239,0.006423066708106246,0.007218230407459658,0.9804095348252555,0.9724436760998743,1.0,1.0782870993477638,0.18168007340355571,1.230191805162759,1.2301938069518032,1.1186111694231793,0.21120845663904414,1.0,0.0
est-first_order__dir-lifted_interaction__support-unprojected__cal-response_gain__controller-base,first_order,lifted_interaction,unprojected,response_gain,base,11,0.06952238940990006,0.23199594929654013,0.23738411079192218,0.006480689654363454,0.007282986967175305,0.9862376982147448,0.9782718394893606,1.0,1.0879606840074285,0.183309971018121,1.2412281830829848,1.2412301848761444,1.124387529920968,0.21310326063622997,1.0,0.0
est-first_order__dir-lifted_interaction__support-unprojected__cal-response_gain__controller-base,first_order,lifted_interaction,unprojected,response_gain,base,12,0.06935041961969914,0.23359892734141627,0.23738411079193453,0.006521169774109104,0.007328478450375518,0.9903319829958476,0.9823661242704739,1.0,1.0947563772308384,0.1844549740923523,1.2489812385719814,1.248983240367989,1.1284912677622028,0.2144343604442519,1.0,0.0
est-first_order__dir-lifted_interaction__support-unprojected__cal-response_gain__controller-base,first_order,lifted_interaction,unprojected,response_gain,base,13,0.06925940011722448,0.2347250194179453,0.2373841107919217,0.0065496070582304914,0.007360436217323736,0.9932082180545907,0.9852423593292097,1.0,1.0995303517202943,0.18525933875200157,1.2544277600530342,1.2544297618510218,1.1313967425995712,0.2153694580593899,1.0,0.0
est-first_order__dir-lifted_interaction__support-unprojected__cal-response_gain__controller-base,first_order,lifted_interaction,unprojected,response_gain,base,14,0.06921016011020205,0.23551609910170335,0.23738411079192157,0.006569584250325709,0.007382886548604822,0.99522877318335,0.9872629144579687,1.0,1.1028840687991268,0.1858244049254034,1.258253941393473,1.2582559431928404,1.1334489824777971,0.21602636413402176,1.0,0.0
est-first_order__dir-lifted_interaction__support-unprojected__cal-response_gain__controller-base,first_order,lifted_interaction,unprojected,response_gain,base,15,0.0691828241361254,0.23607183257954323,0.23738411079193486,0.006583618227772607,0.007398657906329744,0.9966482131612933,0.9886823544359222,1.0,1.1052400550470112,0.18622136391221902,1.2609418337851408,1.2609438355854732,1.1348961774108512,0.21648784065145166,1.0,
est-lifted_interaction__dir-first_order__support-unprojected__cal-response_gain__controller-base,lifted_interaction,first_order,unprojected,response_gain,base,0,0.7394304920663277,0.8471371938884258,0.013338536987276162,0.0,0.0,0.33613333181497584,0.3227947950363159,1.0,9.096674915252623e-15,1.532694369923427e-15,3.1628284505528405e-05,0.0,0.9716090559959412,1.1985850617391643e-06,0.0,0.0
est-lifted_interaction__dir-first_order__support-unprojected__cal-response_gain__controller-base,lifted_interaction,first_order,unprojected,response_gain,base,1,0.36953832273237047,0.5990618779203868,0.013338531170630103,0.004581807010625051,0.004654578879477349,0.5336336656000215,0.5202951344293913,1.0,0.39948004637687595,0.06730820037901548,0.4315381916498841,0.43154008784216064,0.949477314699125,0.048668264728016934,1.0,0.0
est-lifted_interaction__dir-first_order__support-unprojected__cal-response_gain__controller-base,lifted_interaction,first_order,unprojected,response_gain,base,2,0.1856495611493577,0.4247889711536224,0.013338531170630233,0.007800526435589149,0.00792442054231019,0.6723776500840153,0.6590391189133851,1.0,0.6801147789566312,0.11459221114527386,0.734695102877084,0.7346969995512783,0.9511376298301152,0.08285770761492559,1.0,0.0
est-lifted_interaction__dir-first_order__support-unprojected__cal-response_gain__controller-base,lifted_interaction,first_order,unprojected,response_gain,base,3,0.09395468173226518,0.3023622541499705,0.013338531170629442,0.010061676831626384,0.010221484310450215,0.7698452991840198,0.7565067680133906,1.0,0.8772606785939089,0.1478092287085703,0.9476628331985743,0.947664730026933,0.9608105058543305,0.10687579124297891,1.0,0.0
est-lifted_interaction__dir-first_order__support-unprojected__cal-response_gain__controller-base,lifted_interaction,first_order,unprojected,response_gain,base,4,0.04803908569147458,0.21635748545490477,0.013338531170629508,0.011650134984842575,0.011835171607568619,0.838316322676774,0.8249777915061444,1.0,1.0157556730890973,0.1711441835467862,1.0972726637852082,1.0972745606860814,0.9734856947684554,0.12374849499168651,1.0,0.0
est-lifted_interaction__dir-first_order__support-unprojected__cal-response_gain__controller-base,lifted_interaction,first_order,unprojected,response_gain,base,5,0.024913273104159327,0.15593913544662122,0.013338531170629239,0.012766026837476963,0.012968786933794307,0.8864172166804333,0.8730786855098042,1.0,1.1130484067219668,0.18753698932063284,1.2023735697831097,1.2023754667241329,1.0228944279351166,0.13560156937515347,1.0,0.0
est-lifted_interaction__dir-first_order__support-unprojected__cal-response_gain__controller-base,lifted_interaction,first_order,unprojected,response_gain,base,6,0.013173049330471864,0.1134952445658019,0.01333853117062996,0.013549940863952602,0.013765151700467847,0.920208094718005,0.9068695635473754,1.0,1.1813965520990577,0.19905293537676005,1.2762069562505898,1.2762088532158637,1.0599985574413213,0.14392835412953903,1.0,0.0
est-lifted_interaction__dir-first_order__support-unprojected__cal-response_gain__controller-base,lifted_interaction,first_order,unprojected,response_gain,base,7,0.00714911328708165,0.08367841122202636,0.013338531170630101,0.0141006404675517,0.014324597949055955,0.943946186539399,0.9306076553687688,1.0,1.229411124226464,0.20714288748118945,1.3280749102456075,1.3280768072263052,1.0872365838957727,0.14977792041949486,1.0,0.0
est-lifted_interaction__dir-first_order__support-unprojected__cal-response_gain__controller-base,lifted_interaction,first_order,unprojected,response_gain,base,8,0.004014644480207817,0.0627320857980242,0.013338531170629997,0.01448750693908012,0.014717608938689163,0.9606221960439276,0.9472836648732975,1.0,1.263141361145967,0.21282607883455107,1.364512147927808,1.3645140449186397,1.1069464335191939,0.15388724073818885,1.0,0.0
est-lifted_interaction__dir-first_order__support-unprojected__cal-response_gain__controller-base,lifted_interaction,first_order,unprojected,response_gain,base,9,0.002354227382883514,0.04801729218766254,0.01333853117063027,0.01475928063532885,0.014993699158906497,0.9723370927208593,0.9589985615502292,1.0,1.2868368525819178,0.21681852076028757,1.390109307399872,1.390111204397505,1.121075194944135,0.1567740382620714,1.0,0.0
est-lifted_interaction__dir-first_order__support-unprojected__cal-response_gain__controller-base,lifted_interaction,first_order,unprojected,response_gain,base,10,0.001455041319378965,0.03768014967638365,0.01333853117062952,0.014950201656943525,0.015187652538609127,0.9805668076364028,0.9672282764657736,1.0,1.303482935315673,0.2196232112131175,1.4080913119291445,1.4080932089314078,1.1311396687801334,0.1588020135225988,1.0,0.0
est-lifted_interaction__dir-first_order__support-unprojected__cal-response_gain__controller-base,lifted_interaction,first_order,unprojected,response_gain,base,11,0.000955256083647923,0.030418307062209972,0.013338531170629494,0.015084323674627904,0.01532390478785028,0.9863481823645728,0.9730096511939433,1.0,1.3151768084361366,0.2215935062562306,1.4207236701110293,1.4207255671164742,1.138278412308339,0.16022666614311942,1.0,0.0
est-lifted_interaction__dir-first_order__support-unprojected__cal-response_gain__controller-base,lifted_interaction,first_order,unprojected,response_gain,base,12,0.000669246962488196,0.025316862625753073,0.013338531170629534,0.015178544392051137,0.015419621992942162,0.9904095981111125,0.977071066940483,1.0,1.323391754303262,0.2229776385240175,1.4295979017338365,1.429599798741484,1.14332710568411,0.16122748460903516,1.0,0.0
est-lifted_interaction__dir-first_order__support-unprojected__cal-response_gain__controller-base,lifted_interaction,first_order,unprojected,response_gain,base,13,0.0005004478801115657,0.02173309790914185,0.013338531170629907,0.015244734446040999,0.015486863329519256,0.993262742673057,0.9799242115024268,1.0,1.329162753774918,0.22394999144213784,1.4358320494488752,1.4358339464580534,1.1468904376399718,0.16193055958134095,1.0,0.0
est-lifted_interaction__dir-first_order__support-unprojected__cal-response_gain__controller-base,lifted_interaction,first_order,unprojected,response_gain,base,14,0.00039771909301152035,0.019215503195722686,0.013338531170629959,0.015291232958968816,0.015534100368464587,0.9952670767278227,0.9819285455571926,1.0,1.3332168809037557,0.2246330693671173,1.4402115382186973,1.440213435228943,1.1494018761302083,0.16242446974938576,1.0,0.0
est-lifted_interaction__dir-first_order__support-unprojected__cal-response_gain__controller-base,lifted_interaction,first_order,unprojected,response_gain,base,15,0.0003333754615933044,0.01744689290954579,0.01333853117062913,0.015323898164300616,0.015567284388323693,0.9966751214012944,0.9833365902306653,1.0,1.3360649052117644,0.22511293160941542,1.4432881290795014,1.4432900260904933,1.151170205005029,0.1627714416424372,1.0,
est-lifted_interaction__dir-lifted_interaction__support-unprojected__cal-response_gain__controller-base,lifted_interaction,lifted_interaction,unprojected,response_gain,base,0,0.7394304920663277,0.8471371938884258,0.013338536987276162,0.0,0.0,0.33613333181497584,0.3227947950363159,1.0,9.096674915252623e-15,1.532694369923427e-15,3.1628284505528405e-05,0.0,0.9716090559959412,1.1985850617391643e-06,0.0,0.0
est-lifted_interaction__dir-lifted_interaction__support-unprojected__cal-response_gain__controller-base,lifted_interaction,lifted_interaction,unprojected,response_gain,base,1,0.36953832273237047,0.5990618779203868,0.013338531170629093,0.0022612594765690918,0.002297174581174835,0.5336336656000205,0.5202951344293912,1.0,0.3796141364661646,0.06396100279778724,0.4330913374186797,0.4330933384944619,0.9803269439025784,0.07146573823989287,1.0,0.0
est-lifted_interaction__dir-lifted_interaction__support-unprojected__cal-response_gain__controller-base,lifted_interaction,lifted_interaction,unprojected,response_gain,base,2,0.18564956114935746,0.4247889711536221,0.013338531170629053,0.003849794258858852,0.003910939724450129,0.6723776500840143,0.6590391189133852,1.0,0.6462930673336454,0.10889360726323283,0.7373394072257273,0.7373414087868216,1.0033241789535194,0.12167040626889437,1.0,0.0
est-lifted_interaction__dir-lifted_interaction__support-unprojected__cal-response_gain__controller-base,lifted_interaction,lifted_interaction,unprojected,response_gain,base,3,0.0939546817322648,0.3023622541499699,0.01333853117062905,0.0049657399434174234,0.0050446097376010334,0.76984529918402,0.7565067680133908,1.0,0.833635016268051,0.1404587619002084,0.9510736764508595,0.9510756781672044,1.027799177708965,0.15693918555926797,1.0,0.0
est-lifted_interaction__dir-lifted_interaction__support-unprojected__cal-response_gain__controller-base,lifted_interaction,lifted_interaction,unprojected,response_gain,base,4,0.04803908569147437,0.21635748545490432,0.013338531170628585,0.005749691786819805,0.005841012921839525,0.8383163226767735,0.8249777915061449,1.0,0.9652427353944707,0.16263328303268362,1.1012220006175533,1.1012240024069233,1.049043943043448,0.18171550301075542,1.0,0.0
est-lifted_interaction__dir-lifted_interaction__support-unprojected__cal-response_gain__controller-base,lifted_interaction,lifted_interaction,unprojected,response_gain,base,5,0.02491327310415912,0.15593913544662052,0.013338531170628566,0.006300417956810001,0.006400486158767099,0.8864172166804334,0.8730786855098049,1.0,1.057697158080781,0.17821088412824762,1.2067011983555234,1.206703200185326,1.0659361519218167,0.19912086602042534,1.0,0.0
est-lifted_interaction__dir-lifted_interaction__support-unprojected__cal-response_gain__controller-base,lifted_interaction,lifted_interaction,unprojected,response_gain,base,6,0.013173049330471708,0.11349524456580119,0.013338531170628921,0.006687303091228094,0.0067935161077086964,0.9202080947180048,0.9068695635473758,1.0,1.1226463900179136,0.1891541488978813,1.2808003347704298,1.2808023366246537,1.0787601609824296,0.2113481335347185,1.0,0.0
est-lifted_interaction__dir-lifted_interaction__support-unprojected__cal-response_gain__controller-base,lifted_interaction,lifted_interaction,unprojected,response_gain,base,7,0.007149113287081498,0.08367841122202548,0.01333853117062822,0.006959089898156805,0.007069619646840171,0.9439461865393978,0.9306076553687694,1.0,1.1682732254537498,0.19684179239854893,1.3328549781035253,1.332856979973282,1.0882359220535627,0.21993778896350946,1.0,0.0
est-lifted_interaction__dir-lifted_interaction__support-unprojected__cal-response_gain__controller-base,lifted_interaction,lifted_interaction,unprojected,response_gain,base,8,0.004014644480207676,0.06273208579802311,0.013338531170628101,0.0071500201300242865,0.007263582383080089,0.9606221960439267,0.9472836648732985,1.0,1.2003260773474242,0.20224236195776796,1.3694233650457313,1.3694253669256928,1.0951209862776423,0.2259720219022351,1.0,0.0
est-lifted_interaction__dir-lifted_interaction__support-unprojected__cal-response_gain__controller-base,lifted_interaction,lifted_interaction,unprojected,response_gain,base,9,0.002354227382883382,0.04801729218766125,0.013338531170628344,0.0072841486179110815,0.007399841205288523,0.9723370927208588,0.9589985615502303,1.0,1.222843205802731,0.20603626207311937,1.395112656872951,1.3951146587597623,1.1000696741560108,0.23021107054168988,1.0,0.0
est-lifted_interaction__dir-lifted_interaction__support-unprojected__cal-response_gain__controller-base,lifted_interaction,lifted_interaction,unprojected,response_gain,base,10,0.001455041319378837,0.03768014967638204,0.013338531170628248,0.00737837388065167,0.007495563027890063,0.9805668076364031,0.9672282764657751,1.0,1.2386614885425842,0.20870147690415372,1.413159384381722,1.4131613862731955,1.103601093529346,0.23318900221090694,1.0,0.0
est-lifted_interaction__dir-lifted_interaction__support-unprojected__cal-response_gain__controller-base,lifted_interaction,lifted_interaction,unprojected,response_gain,base,11,0.0009552560836478327,0.030418307062208574,0.013338531170628254,0.007444567127726868,0.00756280760826758,0.9863481823645731,0.9730096511939448,1.0,1.2497738321673304,0.21057379032295534,1.4258372104567039,1.4258392123513828,1.1061089451739714,0.23528099920853193,1.0,0.0
est-lifted_interaction__dir-lifted_interaction__support-unprojected__cal-response_gain__controller-base,lifted_interaction,lifted_interaction,unprojected,response_gain,base,12,0.000669246962488122,0.025316862625751693,0.013338531170629001,0.007491067883797204,0.007610046925982794,0.9904095981111133,0.9770710669404843,1.0,1.2575802535637153,0.21188909049966356,1.4347433832744128,1.4347453851713092,1.1078840161670773,0.23675062709936337,1.0,0.0
est-lifted_interaction__dir-lifted_interaction__support-unprojected__cal-response_gain__controller-base,lifted_interaction,lifted_interaction,unprojected,response_gain,base,13,0.0005004478801115091,0.021733097909140707,0.01333853117062843,0.007523734664936617,0.0076432325466777315,0.9932627426730566,0.9799242115024284,1.0,1.263064264594675,0.21281308887380093,1.4409999696788691,1.4410019715773073,1.1091375578159335,0.23778304069267248,1.0,0.0
est-lifted_interaction__dir-lifted_interaction__support-unprojected__cal-response_gain__controller-base,lifted_interaction,lifted_interaction,unprojected,response_gain,base,14,0.00039771909301146706,0.019215503195721448,0.013338531170628897,0.007546683078687065,0.00766654544521594,0.9952670767278228,0.9819285455571938,1.0,1.2669167823439245,0.2134621977316325,1.4453952216280084,1.4453972235275208,1.110021401232966,0.23850831124197222,1.0,0.0
est-lifted_interaction__dir-lifted_interaction__support-unprojected__cal-response_gain__controller-base,lifted_interaction,lifted_interaction,unprojected,response_gain,base,15,0.0003333754615932573,0.017446892909544615,0.013338531170628509,0.007562804339346765,0.007682922756439039,0.996675121401295,0.9833365902306666,1.0,1.269623176062772,0.21391819670425918,1.448482886122282,1.448484888022546,1.1106438940077714,0.23901781380285514,1.0,
est-first_order__dir-first_order__support-projected__cal-response_gain__controller-base,first_order,first_order,projected,response_gain,base,0,0.7394304920663277,0.8471371938884258,0.23738413651278104,0.0,0.0,0.3307606593697305,0.3227947950363159,1.0,9.096674915252623e-15,1.532694369923427e-15,3.1628284505528405e-05,0.0,0.9716090559959412,1.1985850617391643e-06,0.0,0.0
est-first_order__dir-first_order__support-projected__cal-response_gain__controller-base,first_order,first_order,projected,response_gain,base,1,0.4009390576158867,0.6311811671887855,0.2373841107919174,0.02986386729749591,0.03356095846538079,0.5298593632072355,0.5218935044818519,1.0,8.612361232641308e-15,1.4510925910832703e-15,1.0638956549020269,1.063904018422937,3.5642019063349846,0.22572711431277162,1.0,0.0
est-first_order__dir-first_order__support-projected__cal-response_gain__controller-base,first_order,first_order,projected,response_gain,base,2,0.2335922887672604,0.47947206113307084,0.23738411079191715,0.050843234073986776,0.057137531787310805,0.6697262026530831,0.6617603439276992,1.0,8.737025768493365e-15,1.4720972586139512e-15,1.8112882276536808,1.8112965913650503,5.698543183643589,0.3843003990329706,1.0,0.0
est-first_order__dir-first_order__support-projected__cal-response_gain__controller-base,first_order,first_order,projected,response_gain,base,3,0.1507954736569238,0.3728964141289313,0.237384110791917,0.06558123923447164,0.07370007454596664,0.7679826573637909,0.760016798638407,1.0,8.819510106801215e-15,1.4859950050003069e-15,2.3363315100845883,2.336339873856885,6.901502894192196,0.49569813154891035,1.0,0.0
est-first_order__dir-first_order__support-projected__cal-response_gain__controller-base,first_order,first_order,projected,response_gain,base,4,0.10978710543659867,0.29802702210852333,0.2373841107919174,0.0759346878597122,0.08533526083392233,0.8370078167980628,0.829041958072679,1.0,8.911051222242124e-15,1.501418723398503e-15,2.7051744160064435,2.7051827798073984,7.556935527946688,0.5739550386413579,1.0,0.0
est-first_order__dir-first_order__support-projected__cal-response_gain__controller-base,first_order,first_order,projected,response_gain,base,5,0.089445514623063,0.24543127421418656,0.2373841107919171,0.08320798551894376,0.09350897920121125,0.8854979913006394,0.8775321325752556,1.0,8.481317923332945e-15,1.4290131670888729e-15,2.9642865574208117,2.9642949212376353,7.90833356613003,0.6289305158738026,1.0,0.0
est-first_order__dir-first_order__support-projected__cal-response_gain__controller-base,first_order,first_order,projected,response_gain,base,6,0.07933395980350154,0.20848276131841514,0.23738411079191715,0.08831747712455391,0.0992510163542317,0.9195623388886991,0.9115964801633151,1.0,9.20417512386453e-15,1.5508070282343007e-15,3.146312836765969,3.1463212005923755,8.09676711390294,0.6675507886295946,1.0,0.0
est-first_order__dir-first_order__support-projected__cal-response_gain__controller-base,first_order,first_order,projected,response_gain,base,7,0.07429266533858774,0.21526053666987233,0.23738411079191724,0.09190689497749505,0.10328479745422858,0.9434925430693114,0.9355266843439273,1.0,9.211080117695807e-15,1.5519704473152446e-15,3.274186298006578,3.2741946618390805,8.199086190279687,0.6946815302405388,1.0,0.0
est-first_order__dir-first_order__support-projected__cal-response_gain__controller-base,first_order,first_order,projected,response_gain,base,8,0.07176880178968202,0.22184229997118063,0.2373841107919171,0.09442846101918617,0.10611852867697637,0.9603035115061912,0.9523376527808072,1.0,9.34149795949061e-15,1.5739444865898924e-15,3.3640174045283833,3.364025768364891,8.255831928225545,0.7137408762222267,1.0,0.0
est-first_order__dir-first_order__support-projected__cal-response_gain__controller-base,first_order,first_order,projected,response_gain,base,9,0.0704980022154275,0.22646598869034978,0.2373841107919172,0.09619986116347422,0.10810922486095673,0.972113216833099,0.9641473581077155,1.0,9.045330395532745e-15,1.5240433565548908e-15,3.427123756860077,3.427132120699273,8.288157412856963,0.7271300667743629,1.0,0.0
est-first_order__dir-first_order__support-projected__cal-response_gain__controller-base,first_order,first_order,projected,response_gain,base,10,0.06985311154308323,0.22971413001556606,0.2373841107919171,0.09744426976483654,0.10950768893020289,0.9804095348252522,0.9724436760998685,1.0,9.55977940805041e-15,1.610722622599279e-15,3.47145596937315,3.4714643332141764,8.307130450716347,0.7365359731372382,1.0,0.0
est-first_order__dir-first_order__support-projected__cal-response_gain__controller-base,first_order,first_order,projected,response_gain,base,11,0.06952238940989804,0.2319959492965305,0.23738411079191726,0.09831846680729359,0.11049010993884832,0.9862376982147395,0.9782718394893557,1.0,9.117663342047939e-15,1.5362306998332484e-15,3.502599348663613,3.502607712505897,8.318612353679834,0.7431436223571585,1.0,0.0
est-first_order__dir-first_order__support-projected__cal-response_gain__controller-base,first_order,first_order,projected,response_gain,base,12,0.06935041961969668,0.23359892734140797,0.2373841107919172,0.09893259022961966,0.11118026069742176,0.9903319829958546,0.9823661242704708,1.0,8.836755857543312e-15,1.4889007332266934e-15,3.524477572615175,3.5244859364583294,8.325766523849563,0.7477854959341521,1.0,0.0
est-first_order__dir-first_order__support-projected__cal-response_gain__controller-base,first_order,first_order,projected,response_gain,base,13,0.06925940011722219,0.23472501941793447,0.23738411079191712,0.09936401193380372,0.11166509160531958,0.9932082180545878,0.9852423593292039,1.0,9.05046297578086e-15,1.5249081425258911e-15,3.539847024941155,3.5398553887849133,8.330342266251195,0.7510464121219904,1.0,0.0
est-first_order__dir-first_order__support-projected__cal-response_gain__controller-base,first_order,first_order,projected,response_gain,base,14,0.06921016011019943,0.2355160991016944,0.23738411079191693,0.09966708568099301,0.11200568531811779,0.9952287731833482,0.9872629144579641,1.0,9.362822801572134e-15,1.5775374989490622e-15,3.5506440652001583,3.5506524290443386,8.333334631942552,0.7533372057439468,1.0,0.0
est-first_order__dir-first_order__support-projected__cal-response_gain__controller-base,first_order,first_order,projected,response_gain,base,15,0.06918282413612362,0.23607183257953565,0.23738411079191715,0.09987999498839348,0.11224495240135852,0.996648213161302,0.9886823544359182,1.0,9.623067723994595e-15,1.6213860404341776e-15,3.558228985982109,3.5582373498265842,8.33532717755664,0.7549464882633711,1.0,
est-first_order__dir-lifted_interaction__support-projected__cal-response_gain__controller-base,first_order,lifted_interaction,projected,response_gain,base,0,0.7394304920663277,0.8471371938884258,0.23738413651278104,0.0,0.0,0.3307606593697305,0.3227947950363159,1.0,9.096674915252623e-15,1.532694369923427e-15,3.1628284505528405e-05,0.0,0.9716090559959412,1.1985850617391643e-06,0.0,0.0
est-first_order__dir-lifted_interaction__support-projected__cal-response_gain__controller-base,first_order,lifted_interaction,projected,response_gain,base,1,0.40093905761588683,0.6311811671887855,0.23738411079191762,0.011143480059375894,0.012523022142677158,0.5298593632072354,0.5218935044818519,1.0,8.884697154919855e-15,1.4969783393036837e-15,1.0273953077494353,1.0274019574481044,2.7944331343059083,0.298460782778726,1.0,0.0
est-first_order__dir-lifted_interaction__support-projected__cal-response_gain__controller-base,first_order,lifted_interaction,projected,response_gain,base,2,0.23359228876726001,0.47947206113307056,0.23738411079191807,0.018971774801087478,0.02132044519790789,0.6697262026530825,0.6617603439276993,1.0,9.161711957432223e-15,1.5436524297984706e-15,1.7491451826526336,1.7491518325553994,4.286842230489129,0.5081294695962584,1.0,0.0
est-first_order__dir-lifted_interaction__support-projected__cal-response_gain__controller-base,first_order,lifted_interaction,projected,response_gain,base,3,0.1507954736569232,0.37289641412893054,0.23738411079191715,0.02447115185713986,0.027500634894207465,0.7679826573637897,0.7600167986384072,1.0,8.530465138795874e-15,1.4372939577227276e-15,2.2561744698502197,2.256181119818275,5.015624918789677,0.6554217220855751,1.0,0.0
est-first_order__dir-lifted_interaction__support-projected__cal-response_gain__controller-base,first_order,lifted_interaction,projected,response_gain,base,4,0.10978710543659817,0.2980270221085224,0.23738411079191943,0.028334464239016654,0.03184221815585791,0.8370078167980605,0.82904195807268,1.0,9.361419748723384e-15,1.5773010992511488e-15,2.6123625441216785,2.6123691941204448,5.3494942522369895,0.7588945294593197,1.0,0.0
est-first_order__dir-lifted_interaction__support-projected__cal-response_gain__controller-base,first_order,lifted_interaction,projected,response_gain,base,5,0.08944551462306237,0.2454312742141849,0.2373841107919195,0.03104844118728521,0.03489218039716746,0.8854979913006387,0.8775321325752569,1.0,8.93823812843871e-15,1.5059994321136484e-15,2.8625846663019523,2.8625913163177223,5.491739950173686,0.8315841766393768,1.0,0.0
est-first_order__dir-lifted_interaction__support-projected__cal-response_gain__controller-base,first_order,lifted_interaction,projected,response_gain,base,6,0.07933395980350119,0.2084827613184131,0.23738411079191654,0.032955009993443765,0.03703477887168733,0.9195623388886999,0.911596480163317,1.0,8.823837468364009e-15,1.486724120063306e-15,3.0383657071352683,3.0383723571613093,5.545506441105416,0.8826486537833664,1.0,0.0
est-first_order__dir-lifted_interaction__support-projected__cal-response_gain__controller-base,first_order,lifted_interaction,projected,response_gain,base,7,0.07429266533858725,0.21526053666987302,0.23738411079191857,0.03429437457977019,0.038539954300037545,0.9434925430693099,0.9355266843439288,1.0,8.991424311991909e-15,1.514960746533384e-15,3.161851888321354,3.1618585383539273,5.5605301607316795,0.9185214489770185,1.0,0.0
est-first_order__dir-lifted_interaction__support-projected__cal-response_gain__controller-base,first_order,lifted_interaction,projected,response_gain,base,8,0.0717688017896815,0.22184229997118152,0.23738411079191826,0.03523527820166449,0.03959734003845358,0.9603035115061903,0.952337652780809,1.0,9.09098238491099e-15,1.5317352382311851e-15,3.2486009306048786,3.248607580641743,5.559929703011293,0.9437220876005598,1.0,0.0
est-first_order__dir-lifted_interaction__support-projected__cal-response_gain__controller-base,first_order,lifted_interaction,projected,response_gain,base,9,0.070498002215427,0.22646598869035073,0.23738411079191965,0.03589626299604531,0.0403401535196909,0.9721132168330966,0.9641473581077172,1.0,9.857205587688131e-15,1.6608358161832566e-15,3.3095421328091907,3.309548782848935,5.554041703583829,0.9614255362335979,1.0,0.0
est-first_order__dir-lifted_interaction__support-projected__cal-response_gain__controller-base,first_order,lifted_interaction,projected,response_gain,base,10,0.06985311154308281,0.22971413001556737,0.23738411079192073,0.03636060481409778,0.0408619799902601,0.9804095348252501,0.972443676099871,1.0,9.666490989467729e-15,1.6287024054944233e-15,3.352353327357784,3.3523599773994888,5.547224461956162,0.9738622088983077,1.0,0.0
est-first_order__dir-lifted_interaction__support-projected__cal-response_gain__controller-base,first_order,lifted_interaction,projected,response_gain,base,11,0.06952238940989802,0.23199594929653244,0.2373841107919183,0.036686804941279676,0.04122856308583498,0.98623769821474,0.9782718394893589,1.0,9.812260799822702e-15,1.6532630905488328e-15,3.3824281915281977,3.382434841571251,5.54111883834441,0.9825989714452658,1.0,0.0
est-first_order__dir-lifted_interaction__support-projected__cal-response_gain__controller-base,first_order,lifted_interaction,projected,response_gain,base,12,0.06935041961969667,0.23359892734140983,0.23738411079191923,0.03691596053062489,0.04148608771047628,0.9903319829958545,0.982366124270474,1.0,9.066155037417212e-15,1.5275520904240628e-15,3.4035557836079278,3.403562433651914,5.536182377808453,0.9887365471345038,1.0,0.0
est-first_order__dir-lifted_interaction__support-projected__cal-response_gain__controller-base,first_order,lifted_interaction,projected,response_gain,base,13,0.06925940011722205,0.23472501941793644,0.2373841107919189,0.03707694233213999,0.04166699875928685,0.9932082180545884,0.9852423593292073,1.0,9.931174908185416e-15,1.6732988713247736e-15,3.4183979170439476,3.4184045670885825,5.532395978184432,0.993048194056194,1.0,0.0
est-first_order__dir-lifted_interaction__support-projected__cal-response_gain__controller-base,first_order,lifted_interaction,projected,response_gain,base,14,0.06921016011019925,0.23551609910169616,0.2373841107919185,0.037190032047704324,0.04179408877107627,0.9952287731833479,0.9872629144579672,1.0,8.647192074771836e-15,1.45696122287791e-15,3.4288245157827526,3.4288311658278388,5.52957915185363,0.9960771260186808,1.0,0.0
est-first_order__dir-lifted_interaction__support-projected__cal-response_gain__controller-base,first_order,lifted_interaction,projected,response_gain,base,15,0.06918282413612334,0.23607183257953734,0.2373841107919195,0.037269477572888246,0.04188336950435831,0.9966482131613008,0.9886823544359213,1.0,9.357658410104872e-15,1.576667353121087e-15,3.4361492013967654,3.4361558514421686,5.527523022819582,0.998204950722328,1.0,
est-lifted_interaction__dir-first_order__support-projected__cal-response_gain__controller-base,lifted_interaction,first_order,projected,response_gain,base,0,0.7394304920663277,0.8471371938884258,0.013338536987276162,0.0,0.0,0.33613333181497584,0.3227947950363159,1.0,9.096674915252623e-15,1.532694369923427e-15,3.1628284505528405e-05,0.0,0.9716090559959412,1.1985850617391643e-06,0.0,0.0
est-lifted_interaction__dir-first_order__support-projected__cal-response_gain__controller-base,lifted_interaction,first_order,projected,response_gain,base,1,0.36953832273237036,0.5990618779203868,0.013338531170629168,0.034305541022173106,0.03485040865330283,0.5336336656000207,0.5202951344293913,1.0,8.42021339382877e-15,1.4187176943781973e-15,1.2221308383659455,1.2221392020022563,3.831541360807466,0.23156217483285108,1.0,0.0
est-lifted_interaction__dir-first_order__support-projected__cal-response_gain__controller-base,lifted_interaction,first_order,projected,response_gain,base,2,0.18564956114935757,0.42478897115362224,0.013338531170629182,0.058405183590249786,0.05933282073224813,0.6723776500840143,0.6590391189133852,1.0,8.522446949519323e-15,1.4359429768780077e-15,2.080683627629689,2.080691991408841,6.085782088416549,0.39423458956840596,1.0,0.0
est-lifted_interaction__dir-first_order__support-projected__cal-response_gain__controller-base,lifted_interaction,first_order,projected,response_gain,base,3,0.09395468173226491,0.3023622541499701,0.013338531170629253,0.07533518249432361,0.07653171521770716,0.7698452991840201,0.756506768013391,1.0,8.764799271461904e-15,1.4767768027363379e-15,2.6838169621421195,2.6838253259669678,7.360952247503467,0.5085119609201332,1.0,0.0
est-lifted_interaction__dir-first_order__support-projected__cal-response_gain__controller-base,lifted_interaction,first_order,projected,response_gain,base,4,0.04803908569147447,0.21635748545490455,0.0133385311706292,0.0872285067244355,0.08861393859374216,0.838316322676774,0.8249777915061451,1.0,8.864040170260543e-15,1.493497853919531e-15,3.1075181296477092,3.107526493494051,8.07279969351493,0.5887918142947215,1.0,0.0
est-lifted_interaction__dir-first_order__support-projected__cal-response_gain__controller-base,lifted_interaction,first_order,projected,response_gain,base,5,0.024913273104159243,0.1559391354466209,0.013338531170629225,0.0955835669960891,0.09710170051540674,0.8864172166804339,0.8730786855098046,1.0,8.465541095559906e-15,1.426354936985207e-15,3.405168199823586,3.4051765636818274,8.470242484260678,0.6451884112903699,1.0,0.0
est-lifted_interaction__dir-first_order__support-projected__cal-response_gain__controller-base,lifted_interaction,first_order,projected,response_gain,base,6,0.013173049330471823,0.11349524456580169,0.01333853117062918,0.10145299683692577,0.10306435326537612,0.9202080947180048,0.9068695635473757,1.0,8.621094953979416e-15,1.4525641315800025e-15,3.614267374123311,3.6142757379887396,8.694781753594455,0.6848070206798126,1.0,0.0
est-lifted_interaction__dir-first_order__support-projected__cal-response_gain__controller-base,lifted_interaction,first_order,projected,response_gain,base,7,0.00714911328708162,0.08367841122202621,0.013338531170629228,0.10557627130011349,0.10725311682222959,0.9439461865393984,0.9306076553687691,1.0,9.083497236614257e-15,1.5304740692041145e-15,3.7611595440693453,3.761167907939346,8.824254603753571,0.7126390937758965,1.0,0.0
est-lifted_interaction__dir-first_order__support-projected__cal-response_gain__controller-base,lifted_interaction,first_order,projected,response_gain,base,8,0.004014644480207779,0.06273208579802395,0.013338531170629182,0.10847287161050292,0.11019572322091921,0.9606221960439271,0.9472836648732981,1.0,8.826032675475487e-15,1.487093989450958e-15,3.8643512934566417,3.864359657329647,8.900855322732113,0.732191125125895,1.0,0.0
est-lifted_interaction__dir-first_order__support-projected__cal-response_gain__controller-base,lifted_interaction,first_order,projected,response_gain,base,9,0.0023542273828834792,0.04801729218766226,0.013338531170629202,0.11050773332855139,0.11226290421599855,0.9723370927208589,0.9589985615502298,1.0,9.265102556915987e-15,1.5610726620490556e-15,3.936843497401313,3.9368518612763332,8.94745675289919,0.7459264271492694,1.0,0.0
est-lifted_interaction__dir-first_order__support-projected__cal-response_gain__controller-base,lifted_interaction,first_order,projected,response_gain,base,10,0.0014550413193789222,0.037680149676383196,0.013338531170629182,0.11193722368548052,0.11371509886504187,0.9805668076364035,0.9672282764657741,1.0,9.798932694291362e-15,1.6510174444748622e-15,3.9877692706724885,3.987777634548881,8.97659563799809,0.7555754768206895,1.0,0.0
est-lifted_interaction__dir-first_order__support-projected__cal-response_gain__controller-base,lifted_interaction,first_order,projected,response_gain,base,11,0.0009552560836479002,0.030418307062209726,0.0133385311706292,0.11294144066122325,0.1147352656059948,0.9863481823645734,0.9730096511939441,1.0,9.029155784537445e-15,1.521318104147923e-15,4.023544626395509,4.023552990272845,8.995276857693444,0.7623539342148624,1.0,0.0
est-lifted_interaction__dir-first_order__support-projected__cal-response_gain__controller-base,lifted_interaction,first_order,projected,response_gain,base,12,0.0006692469624881752,0.025316862625752796,0.013338531170629202,0.11364690308668245,0.1154519327415142,0.9904095981111127,0.9770710669404836,1.0,8.903835227483094e-15,1.5002029039212101e-15,4.04867681379094,4.04868517766893,9.007513394961682,0.7671158005342689,1.0,0.0
est-lifted_interaction__dir-first_order__support-projected__cal-response_gain__controller-base,lifted_interaction,first_order,projected,response_gain,base,13,0.0005004478801115522,0.021733097909141737,0.013338531170629176,0.1141424904405676,0.11595539140421662,0.9932627426730567,0.9799242115024275,1.0,9.039376463265626e-15,1.5230401813782753e-15,4.066332175436237,4.066340539314679,9.01567041851692,0.7704610116236519,1.0,0.0
est-lifted_interaction__dir-first_order__support-projected__cal-response_gain__controller-base,lifted_interaction,first_order,projected,response_gain,base,14,0.00039771909301150805,0.01921550319572261,0.013338531170629105,0.11449064055667191,0.11630907111476507,0.9952670767278221,0.9819285455571932,1.0,9.268853676260382e-15,1.5617046863385491e-15,4.07873506699206,4.078743430870818,9.021183540492926,0.7728110224139434,1.0,0.0
est-lifted_interaction__dir-first_order__support-projected__cal-response_gain__controller-base,lifted_interaction,first_order,projected,response_gain,base,15,0.00033337546159328455,0.017446892909545507,0.013338531170629052,0.11473521601323515,0.1165575311114253,0.996675121401295,0.9833365902306659,1.0,8.890682266912112e-15,1.4979867679371521e-15,4.087448098310027,4.087456462189007,9.024949167751078,0.7744619049941233,1.0,
est-lifted_interaction__dir-lifted_interaction__support-projected__cal-response_gain__controller-base,lifted_interaction,lifted_interaction,projected,response_gain,base,0,0.7394304920663277,0.8471371938884258,0.013338536987276162,0.0,0.0,0.33613333181497584,0.3227947950363159,1.0,9.096674915252623e-15,1.532694369923427e-15,3.1628284505528405e-05,0.0,0.9716090559959412,1.1985850617391643e-06,0.0,0.0
est-lifted_interaction__dir-lifted_interaction__support-projected__cal-response_gain__controller-base,lifted_interaction,lifted_interaction,projected,response_gain,base,1,0.36953832273237047,0.5990618779203868,0.01333853117062913,0.012800857588151117,0.013004170893893089,0.5336336656000207,0.5202951344293913,1.0,8.504174951064736e-15,1.4328643366694156e-15,1.1802015143321887,1.180208164146654,3.0911388547136447,0.3091317515947275,1.0,0.0
est-lifted_interaction__dir-lifted_interaction__support-projected__cal-response_gain__controller-base,lifted_interaction,lifted_interaction,projected,response_gain,base,2,0.18564956114935746,0.4247889711536221,0.013338531170629027,0.02179346004382731,0.022139600946853022,0.6723776500840143,0.6590391189133854,1.0,8.837310907673414e-15,1.4889942533554615e-15,2.0092977494888973,2.0093043994596784,4.746675243077894,0.5262967940055002,1.0,0.0
est-lifted_interaction__dir-lifted_interaction__support-projected__cal-response_gain__controller-base,lifted_interaction,lifted_interaction,projected,response_gain,base,3,0.09395468173226489,0.3023622541499701,0.01333853117062903,0.028110763268939774,0.0285572405590573,0.7698452991840201,0.756506768013391,1.0,9.006859517484606e-15,1.5175614168637704e-15,2.5917378547462917,2.591744504767078,5.575921723582239,0.6788552362990681,1.0,0.0
est-lifted_interaction__dir-lifted_interaction__support-projected__cal-response_gain__controller-base,lifted_interaction,lifted_interaction,projected,response_gain,base,4,0.048039085691474415,0.21635748545490438,0.013338531170629104,0.032548668784581326,0.03306563238663086,0.8383163226767743,0.8249777915061453,1.0,9.091777848567403e-15,1.5318692655190698e-15,3.0009020287012196,3.0009086787455264,5.974316391215339,0.7860275420102997,1.0,0.0
est-lifted_interaction__dir-lifted_interaction__support-projected__cal-response_gain__controller-base,lifted_interaction,lifted_interaction,projected,response_gain,base,5,0.02491327310415924,0.1559391354466209,0.013338531170629202,0.0356662974093195,0.03623277764550127,0.8864172166804339,0.8730786855098049,1.0,8.923270504791528e-15,1.5034775444229378e-15,3.2883398609080565,3.2883465109653867,6.158001328350468,0.8613160867724399,1.0,0.0
est-lifted_interaction__dir-lifted_interaction__support-projected__cal-response_gain__controller-base,lifted_interaction,lifted_interaction,projected,response_gain,base,6,0.013173049330471807,0.11349524456580161,0.013338531170629104,0.03785643151819808,0.03845769718985774,0.9202080947180048,0.9068695635473757,1.0,9.44495313854099e-15,1.5913755998205156e-15,3.4902649380346418,3.4902715880998385,6.23827076857607,0.9142062894678432,1.0,0.0
est-lifted_interaction__dir-lifted_interaction__support-projected__cal-response_gain__controller-base,lifted_interaction,lifted_interaction,projected,response_gain,base,7,0.0071491132870815976,0.08367841122202609,0.013338531170629105,0.03939500072968527,0.04002070316976815,0.9439461865393984,0.9306076553687693,1.0,9.52527836591944e-15,1.6049095586475303e-15,3.632117304716591,3.6321239547867905,6.270300642989909,0.9513616568613643,1.0,0.0
est-lifted_interaction__dir-lifted_interaction__support-projected__cal-response_gain__controller-base,lifted_interaction,lifted_interaction,projected,response_gain,base,8,0.00401464448020776,0.0627320857980238,0.013338531170629176,0.04047584560075503,0.04111871487065522,0.9606221960439273,0.9472836648732982,1.0,9.500960068122951e-15,1.600812180378433e-15,3.7317685923108885,3.7317752423843746,6.28072122385537,0.9774633024553125,1.0,0.0
est-lifted_interaction__dir-lifted_interaction__support-projected__cal-response_gain__controller-base,lifted_interaction,lifted_interaction,projected,response_gain,base,9,0.002354227382883483,0.0480172921876623,0.013338531170629228,0.041235139122681556,0.0418900680905284,0.9723370927208589,0.9589985615502298,1.0,9.415097400752464e-15,1.5863452209573925e-15,3.8017736218459843,3.8017802719216767,6.2820701375852055,0.9957997084850613,1.0,0.0
est-lifted_interaction__dir-lifted_interaction__support-projected__cal-response_gain__controller-base,lifted_interaction,lifted_interaction,projected,response_gain,base,10,0.001455041319378922,0.03768014967638319,0.013338531170629202,0.04176854282183492,0.04243194372748929,0.9805668076364035,0.9672282764657741,1.0,9.39526974064868e-15,1.5830044680676884e-15,3.8509521550944386,3.8509588051716324,6.280069980536122,1.0086810337209597,1.0,0.0
est-lifted_interaction__dir-lifted_interaction__support-projected__cal-response_gain__controller-base,lifted_interaction,lifted_interaction,projected,response_gain,base,11,0.0009552560836478955,0.03041830706220965,0.01333853117062908,0.04214325892049017,0.04281261136245434,0.9863481823645731,0.9730096511939441,1.0,9.488479727308323e-15,1.598709373772776e-15,3.8855000747014996,3.885506724779726,6.277210498707284,1.0177301646991783,1.0,0.0
est-lifted_interaction__dir-lifted_interaction__support-projected__cal-response_gain__controller-base,lifted_interaction,lifted_interaction,projected,response_gain,base,12,0.0006692469624881743,0.025316862625752796,0.013338531170629154,0.04240649697979545,0.04308003037601725,0.9904095981111127,0.9770710669404836,1.0,9.640650139133266e-15,1.6243484930823994e-15,3.909769988225471,3.9097766383044115,6.274484255413025,1.0240871792113775,1.0,0.0
est-lifted_interaction__dir-lifted_interaction__support-projected__cal-response_gain__controller-base,lifted_interaction,lifted_interaction,projected,response_gain,base,13,0.000500447880111555,0.02173309790914183,0.013338531170629225,0.042591421716457446,0.04326789223304523,0.9932627426730567,0.9799242115024275,1.0,9.895707108350325e-15,1.6673229188336434e-15,3.926819602476066,3.9268262525555033,6.272215136123528,1.0285529819061967,1.0,0.0
est-lifted_interaction__dir-lifted_interaction__support-projected__cal-response_gain__controller-base,lifted_interaction,lifted_interaction,projected,response_gain,base,14,0.0003977190930115076,0.019215503195722603,0.013338531170629175,0.042721331343962506,0.04339986518760739,0.9952670767278223,0.9819285455571932,1.0,8.93190544696078e-15,1.504932441665142e-15,3.9387969564871117,3.9388036065668954,6.270446467922718,1.0316902082993074,1.0,0.0
est-lifted_interaction__dir-lifted_interaction__support-projected__cal-response_gain__controller-base,lifted_interaction,lifted_interaction,projected,response_gain,base,15,0.0003333754615932898,0.017446892909545635,0.013338531170629202,0.04281259285728474,0.04349257618818724,0.9966751214012952,0.9833365902306658,1.0,1.0102030698174546e-14,1.702086280990923e-15,3.9472110476798723,3.9472176977598976,6.2691178282441715,1.0338941098404675,1.0,
