prompt_id,bank,family_id,cluster_id,token_bank_id,input_ids,target_token_id,distractor_token_id_1,distractor_token_id_2,key_positions,source_value_positions,source_key_position,source_value_position,query_position,sequence_length,repeat_gap
qseq_9549efe255e90a60,reference,length_32_gap_8,qcluster_reference_0000,qbank_reference_69563226bd65,46790 111227 63998 11575 12803 43115 111800 144151 115387 89651 19749 119463 49055 103499 108857 36489 44045 117474 48327 148074 2156 143693 96534 2633 23149 128049 27080 96883 140436 64793 43612 2633,23149,119463,143693,23 10 20,24 11 21,23,24,31,32,8
qseq_5261c59d5bb7f921,reference,length_32_gap_8,qcluster_reference_0001,qbank_reference_69563226bd65,32844 148851 58852 36350 20869 72360 39068 128700 46503 72072 80010 24483 107122 132786 105387 95558 151445 145707 111109 21744 114236 67539 136959 99893 146536 20972 73344 60882 134446 83811 65146 99893,146536,114236,132786,23 19 12,24 20 13,23,24,31,32,8
qseq_27937a3aec2a2290,reference,length_32_gap_8,qcluster_reference_0002,qbank_reference_69563226bd65,70701 121233 76483 51150 37723 21323 111963 140879 104230 46999 93885 14074 144661 118037 70946 38148 84046 95188 117316 103556 37125 120603 147114 79541 118265 55371 91508 88206 141910 132439 104943 79541,118265,37723,121233,23 3 0,24 4 1,23,24,31,32,8
qseq_1cbecd03f733cdaf,reference,length_32_gap_8,qcluster_reference_0003,qbank_reference_69563226bd65,134302 150682 71136 147730 47803 70501 12803 123401 23470 135075 122335 66463 65916 93240 32277 70922 148729 90043 95091 20662 54970 41447 49896 74315 111918 150760 150697 67236 28202 26326 103019 74315,111918,122335,67236,23 9 26,24 10 27,23,24,31,32,8
qseq_0f46f9c0a7be1895,reference,length_32_gap_8,qcluster_reference_0004,qbank_reference_69563226bd65,71480 45556 79919 32960 64274 63340 92316 126780 47732 89415 3482 31281 57218 51205 104324 34768 77278 129287 64804 76960 32580 68442 37990 14280 44169 68640 149644 32986 138362 107986 19403 14280,44169,89415,57218,23 8 11,24 9 12,23,24,31,32,8
qseq_5113aa7efe858d6a,reference,length_32_gap_8,qcluster_reference_0005,qbank_reference_69563226bd65,33323 100828 87664 105259 10788 68087 149091 62262 4300 21744 138460 5204 105895 130934 25410 79774 85373 17639 89062 19734 37974 112706 69466 129399 61144 40761 27625 103783 134195 29451 116498 129399,61144,130934,138460,23 12 9,24 13 10,23,24,31,32,8
qseq_87c761dfd941a18e,reference,length_32_gap_8,qcluster_reference_0006,qbank_reference_69563226bd65,52028 57511 61181 99844 27017 7181 33330 23429 92707 150853 79715 32986 112843 64804 27570 119077 66115 37974 80393 94394 140645 7787 25220 89468 28152 105799 25199 104230 91325 73547 108284 89468,28152,94394,27017,23 18 3,24 19 4,23,24,31,32,8
qseq_270a0ae88eb96176,reference,length_32_gap_8,qcluster_reference_0007,qbank_reference_69563226bd65,98559 121838 150697 95527 43203 89963 11575 87892 104694 71098 111965 92462 23482 101509 18374 138665 8078 148291 107303 149091 141081 77396 141212 142141 136668 53363 148289 126196 132399 33840 10967 142141,136668,138665,104694,23 14 7,24 15 8,23,24,31,32,8
qseq_8b7a44f4fb404150,reference,length_32_gap_8,qcluster_reference_0008,qbank_reference_69563226bd65,106462 100213 16835 38750 39849 12910 137501 129312 46503 22786 121091 44744 110263 147114 13437 16786 120231 88460 59842 103033 108120 10860 42410 110249 142469 41839 33 2152 85039 35998 9270 110249,142469,33,59842,23 25 17,24 26 18,23,24,31,32,8
qseq_42580bb6d1524a8c,reference,length_32_gap_8,qcluster_reference_0009,qbank_reference_69563226bd65,63168 88038 24566 89997 10511 2126 26945 69607 128944 28194 33040 108090 144540 85213 35085 57110 97746 13440 88197 116349 119736 60977 24617 27745 143900 82063 147730 90422 65717 6530 85234 27745,143900,90422,10511,23 26 3,24 27 4,23,24,31,32,8
qseq_206bf3b2638a47be,reference,length_32_gap_8,qcluster_reference_0010,qbank_reference_69563226bd65,73474 14390 39699 119752 91692 108150 40319 8301 38857 71505 31725 60358 138056 40181 12338 25121 65177 47732 84952 56159 3767 115352 99893 134803 97084 107614 145947 139678 112784 1449 122130 134803,97084,25121,99893,23 14 21,24 15 22,23,24,31,32,8
qseq_5b9cdce51314eaed,reference,length_32_gap_8,qcluster_reference_0011,qbank_reference_69563226bd65,24031 48270 121355 25252 126025 75350 47203 60081 14356 142069 39526 138825 75366 30371 77164 150425 66765 65269 3102 42391 80308 61594 58601 136016 64057 47321 70687 9219 96068 113702 72702 136016,64057,66765,39526,23 15 9,24 16 10,23,24,31,32,8
qseq_4931d6ad72da60d2,reference,length_32_gap_8,qcluster_reference_0012,qbank_reference_69563226bd65,7916 20543 41377 85234 16369 65158 3102 145508 35220 77168 5610 146413 311 61324 111620 40537 88870 149599 123680 139573 82069 59727 20662 138107 144463 40361 50361 56370 134229 48726 66757 138107,144463,56370,41377,23 26 1,24 27 2,23,24,31,32,8
qseq_092aa93b325f90d2,reference,length_32_gap_8,qcluster_reference_0013,qbank_reference_69563226bd65,17969 95471 46375 81859 782 73674 99844 100585 136690 118037 113541 76904 99562 14231 132439 61181 83707 65895 14888 100078 130802 75156 104137 39620 89243 1791 45277 97569 47044 11250 35930 39620,89243,35930,14888,23 29 17,24 30 18,23,24,31,32,8
qseq_314e9ce6af792898,reference,length_32_gap_8,qcluster_reference_0014,qbank_reference_69563226bd65,100546 35603 118972 56243 80597 55450 115701 87267 113836 880 54718 121819 13064 12479 82130 132815 128844 89785 40592 28202 110484 61972 144540 1750 47658 106127 57317 96347 116252 84486 111165 1750,47658,96347,111165,23 26 29,24 27 30,23,24,31,32,8
qseq_8eec31aa5bd8c3be,reference,length_32_gap_8,qcluster_reference_0015,qbank_reference_69563226bd65,61452 116679 83675 70170 94650 148851 119194 78933 150425 118098 43633 5947 57976 122459 40515 3716 15815 62246 90091 125498 90154 143900 65243 96347 55663 30542 144540 32277 71310 119130 87795 96347,55663,119194,3716,23 5 14,24 6 15,23,24,31,32,8
qseq_049149f17576e296,reference,length_32_gap_8,qcluster_reference_0016,qbank_reference_69563226bd65,94381 86730 76904 130620 72954 113071 24765 146504 139016 65717 62246 137172 144952 15701 97746 5467 83811 54399 111006 35683 3048 51301 18522 42807 65490 90969 99893 8078 136016 108225 102521 42807,65490,136016,65717,23 27 8,24 28 9,23,24,31,32,8
qseq_b7bc5ea20332a605,reference,length_32_gap_8,qcluster_reference_0017,qbank_reference_69563226bd65,49222 47658 13122 98440 29754 15592 149011 15698 122643 92595 26128 95125 129635 142820 41392 139815 77278 63740 71595 89440 70240 56370 67663 63789 119398 98340 7335 85626 12595 139246 90806 63789,119398,77278,56370,23 15 20,24 16 21,23,24,31,32,8
qseq_c6693febcc1b22ff,reference,length_32_gap_8,qcluster_reference_0018,qbank_reference_69563226bd65,115701 91161 57094 143295 18542 61366 23778 19628 49437 148729 147968 122335 25050 24600 118336 84847 125404 40948 2402 10080 63196 145847 84057 115336 5467 8694 120501 82300 41593 145950 67197 115336,5467,82300,118336,23 26 13,24 27 14,23,24,31,32,8
qseq_9d738d587ba1e934,reference,length_32_gap_8,qcluster_reference_0019,qbank_reference_69563226bd65,119130 14378 40603 119503 8775 126511 80518 74426 94005 33488 23778 35484 110207 18417 134320 26289 113804 34000 82140 134047 108857 102435 128652 125169 13440 113865 121355 150762 6688 106964 19749 125169,13440,33488,126511,23 8 4,24 9 5,23,24,31,32,8
qseq_594894ace2fe261d,reference,length_32_gap_8,qcluster_reference_0020,qbank_reference_69563226bd65,77791 56506 83811 138665 24617 24596 69985 64913 120231 106600 117316 65923 3252 104073 106840 134047 91456 19054 117474 45182 88038 108775 103036 71842 112784 111976 79101 147764 118972 53265 2626 71842,112784,45182,24596,23 18 4,24 19 5,23,24,31,32,8
qseq_1f66d7c35fcb3b92,reference,length_32_gap_8,qcluster_reference_0021,qbank_reference_69563226bd65,55995 35755 21323 7974 77865 1243 33790 115570 52186 36350 16835 15701 103191 17420 149408 42863 101073 7556 95705 28152 89468 97750 68911 138898 14021 77701 103061 13532 110334 138362 69285 138898,14021,97750,138362,23 20 28,24 21 29,23,24,31,32,8
qseq_bb0c2c999c17016d,reference,length_32_gap_8,qcluster_reference_0022,qbank_reference_69563226bd65,106440 134270 76248 66108 92799 58601 67541 112049 123575 44946 119926 34000 27287 40131 16977 116157 14280 125903 8124 84616 40576 59842 36314 90718 41090 75057 19460 137267 127837 41542 20064 90718,41090,19460,36314,23 25 21,24 26 22,23,24,31,32,8
qseq_e2d9a497a2030185,reference,length_32_gap_8,qcluster_reference_0023,qbank_reference_69563226bd65,31751 86666 8832 16369 83135 80308 27816 146983 110781 115352 138091 14478 13993 64659 7701 20662 65742 131830 148386 55255 62094 11890 33870 93483 54552 1753 29674 46503 123109 38105 11141 93483,54552,115352,86666,23 8 0,24 9 1,23,24,31,32,8
qseq_605af18161d53e20,reference,length_32_gap_8,qcluster_reference_0024,qbank_reference_69563226bd65,117424 148936 142133 39596 33269 38506 131830 109768 9890 64344 108079 149311 103313 77164 14252 131208 136668 111080 14378 59364 19654 70922 39489 49337 18127 83558 35252 140956 106727 101257 150072 49337,18127,14378,70922,23 17 20,24 18 21,23,24,31,32,8
qseq_74cc9675fd1e0bd9,reference,length_32_gap_8,qcluster_reference_0025,qbank_reference_69563226bd65,5199 79774 108277 47316 149697 7523 130039 16001 27794 49156 19559 80299 49803 103230 37125 63041 143693 11410 46193 92316 52591 52796 50029 48095 71023 116594 18431 79426 14021 97737 21323 48095,71023,103230,79774,23 12 0,24 13 1,23,24,31,32,8
qseq_c1b4969a5901f64f,reference,length_32_gap_8,qcluster_reference_0026,qbank_reference_69563226bd65,21480 73833 31034 65318 81486 98852 135075 149311 145550 148496 24310 146504 82366 54970 62475 126810 12803 86730 128951 78330 27287 22741 129287 100828 22889 63820 4158 89638 13474 90969 8775 100828,22889,98852,13474,23 4 27,24 5 28,23,24,31,32,8
qseq_b7ff75ec7f21065f,reference,length_32_gap_8,qcluster_reference_0027,qbank_reference_69563226bd65,128652 16001 79895 114923 19389 96347 111650 91519 60081 23036 74917 140645 133618 33822 55450 74830 73003 122188 111976 81816 21753 927 84261 15919 61972 13975 106462 69016 62315 73842 18228 15919,61972,33822,91519,23 12 6,24 13 7,23,24,31,32,8
qseq_3395af57d65be3d7,reference,length_32_gap_8,qcluster_reference_0028,qbank_reference_69563226bd65,26515 130067 48617 98847 76884 43506 67142 134665 38696 83687 4949 143389 117469 126780 14252 83238 125127 148284 69980 100529 84486 27299 86666 100590 15523 1975 146715 150451 102970 39859 43184 100590,15523,83238,48617,23 14 1,24 15 2,23,24,31,32,8
qseq_307968a47ddda963,reference,length_32_gap_8,qcluster_reference_0029,qbank_reference_69563226bd65,93731 66462 46999 4700 36350 124223 33990 116679 133994 6367 114244 133297 114663 44395 48726 118702 114366 8720 38508 112979 64868 117426 149027 11410 14567 49803 135845 126810 111957 109044 149091 11410,14567,135845,38508,23 25 17,24 26 18,23,24,31,32,8
qseq_a86743d724f7924a,reference,length_32_gap_8,qcluster_reference_0030,qbank_reference_69563226bd65,26326 94046 81827 44552 21448 6498 93430 117883 125590 81107 84230 34363 90371 39849 86683 52048 131814 3896 57317 73075 123565 57349 70501 124223 107309 134841 64776 66446 150293 89779 94793 124223,107309,44552,57349,23 2 20,24 3 21,23,24,31,32,8
qseq_af43c958bb3fea30,reference,length_32_gap_8,qcluster_reference_0031,qbank_reference_69563226bd65,109766 108150 67738 119503 62262 82918 13263 84436 94157 139915 123243 65471 69858 148355 7742 19212 143550 136787 85937 6367 95243 151544 105478 20462 36795 98173 33228 30835 15164 70388 119706 20462,36795,85937,151544,23 17 20,24 18 21,23,24,31,32,8
qseq_5e46afcd88fa7380,reference,length_32_gap_16,qcluster_reference_0000,qbank_reference_69563226bd65,19735 112291 69935 85265 91952 1811 58346 81280 88442 39102 109543 148228 113702 24816 126025 10575 119140 78893 13405 72443 53292 35034 36445 21593 21285 130620 73075 150841 66353 142633 72239 10575,119140,91952,21593,15 3 22,16 4 23,15,16,31,32,16
qseq_cd896a9c8bcaad4c,reference,length_32_gap_16,qcluster_reference_0001,qbank_reference_69563226bd65,25220 138460 83219 6816 28527 55941 126196 44871 89440 60091 50361 92569 25279 7777 44124 149528 85296 115769 138825 89947 57331 65177 126025 102167 91602 146655 107607 65895 90740 34175 25601 149528,85296,91602,55941,15 23 4,16 24 5,15,16,31,32,16
qseq_e12b2622df93c59e,reference,length_32_gap_16,qcluster_reference_0002,qbank_reference_69563226bd65,21397 144963 1049 77029 104073 77724 28290 106597 122987 55679 6622 41839 40324 108284 105387 111535 24724 5309 75912 116923 35683 16219 136164 145332 100943 22654 5643 29024 80257 29918 126810 111535,24724,6622,75912,15 9 17,16 10 18,15,16,31,32,16
qseq_3228d044c6030a5b,reference,length_32_gap_16,qcluster_reference_0003,qbank_reference_69563226bd65,122188 36350 94394 39015 104115 69611 145940 2326 112039 122169 37723 69210 13806 31616 19734 21744 8135 24427 119759 30542 61758 32580 61467 75580 1606 9413 122437 5405 47658 15833 108277 21744,8135,104115,61467,15 3 21,16 4 22,15,16,31,32,16
qseq_103a495bb52c9177,reference,length_32_gap_16,qcluster_reference_0004,qbank_reference_69563226bd65,72074 139940 27861 18228 55016 62535 55663 61271 138806 21887 79101 106600 110592 77860 130620 133759 138452 108079 151024 71340 101509 104009 43536 136644 23009 39015 14390 139969 33164 29918 31840 133759,138452,33164,18228,15 27 2,16 28 3,15,16,31,32,16
qseq_80950af37c0d0a6d,reference,length_32_gap_16,qcluster_reference_0005,qbank_reference_69563226bd65,8944 94445 131192 111006 27861 1141 85039 110292 147968 84477 105198 72356 39075 113363 129084 146200 141081 52845 5055 105311 72187 125539 142882 100765 80518 53169 14390 146500 14535 25171 100828 146200,141081,27861,113363,15 3 12,16 4 13,15,16,31,32,16
qseq_73f9e0133cb08431,reference,length_32_gap_16,qcluster_reference_0006,qbank_reference_69563226bd65,7523 130042 107638 1162 40948 134203 108857 137004 76884 119223 147602 10034 104324 142949 98173 133605 83219 29353 86772 118435 2402 47093 8832 16740 145868 94122 75982 44883 71001 147192 16596 133605,83219,16740,108857,15 22 5,16 23 6,15,16,31,32,16
qseq_47ef8f0b8192d5f1,reference,length_32_gap_16,qcluster_reference_0007,qbank_reference_69563226bd65,83788 57691 41521 62922 67311 44753 16151 148777 102389 90498 62240 108616 109727 46167 80470 106779 13943 70476 129841 120437 6165 93835 2471 110926 100213 149311 46597 47567 14356 77830 69980 106779,13943,90498,46597,15 8 25,16 9 26,15,16,31,32,16
qseq_6ea27d997fd3a3f0,reference,length_32_gap_16,qcluster_reference_0008,qbank_reference_69563226bd65,119301 96112 46597 100762 103556 6401 150900 87822 106462 129500 27794 81321 60600 44315 24427 92151 74528 103061 18063 8902 119463 139798 27304 44169 130039 68492 24778 38716 69733 4339 69115 92151,74528,60600,69115,15 11 29,16 12 30,15,16,31,32,16
qseq_84b5a76804b99154,reference,length_32_gap_16,qcluster_reference_0009,qbank_reference_69563226bd65,2633 89062 113804 7049 98852 26663 79959 8674 76332 2508 146378 8636 140689 150869 43554 125834 149011 38739 25921 11908 64201 118322 22291 5135 140905 83332 16369 23077 101579 74797 12232 125834,149011,2508,43554,15 8 13,16 9 14,15,16,31,32,16
qseq_c6154d668306f24a,reference,length_32_gap_16,qcluster_reference_0010,qbank_reference_69563226bd65,88865 89997 14967 89583 56058 74797 116349 148281 40181 126890 91334 79541 134417 111080 138429 93869 122931 61467 3269 18074 2211 10395 56819 39747 97344 96299 124906 18618 56081 59833 88183 93869,122931,2211,14967,15 19 1,16 20 2,15,16,31,32,16
qseq_ea3cf4b248d4670d,reference,length_32_gap_16,qcluster_reference_0011,qbank_reference_69563226bd65,4501 1852 88442 1753 8789 125010 120231 129384 47567 2088 70922 20960 12745 82962 119411 54859 33164 18780 129084 84477 62094 16482 35930 42391 12232 92595 134203 147232 77168 134792 83602 54859,33164,83602,92595,15 29 24,16 30 25,15,16,31,32,16
qseq_67c7be472ad9b569,reference,length_32_gap_16,qcluster_reference_0012,qbank_reference_69563226bd65,90951 18353 84477 55016 95146 118160 85320 75814 123588 61725 48321 10809 143687 94546 114306 18607 56562 123648 48807 107986 130788 62562 80459 52471 36812 146655 64776 36081 44947 151510 23846 18607,56562,18353,23846,15 0 29,16 1 30,15,16,31,32,16
qseq_84910f1872c22019,reference,length_32_gap_16,qcluster_reference_0013,qbank_reference_69563226bd65,107757 11520 104073 2518 10788 109465 66765 40131 126527 83899 142689 57518 15610 60817 140729 14246 71516 90977 108048 80257 24483 2171 878 34518 68170 64776 127549 64057 146954 900 132471 14246,71516,2171,64776,15 20 24,16 21 25,15,16,31,32,16
qseq_1a1ce17eafdf4f8c,reference,length_32_gap_16,qcluster_reference_0014,qbank_reference_69563226bd65,149905 133892 99723 150900 12416 11460 97149 54748 114507 92707 149073 32807 20135 125592 29066 67539 44711 29918 103200 61072 15997 143230 123094 148547 40435 142633 84353 9714 86382 28519 118336 67539,44711,150900,61072,15 2 18,16 3 19,15,16,31,32,16
qseq_e5e21f83bf97f466,reference,length_32_gap_16,qcluster_reference_0015,qbank_reference_69563226bd65,85253 141531 66108 149523 46113 26512 122169 127205 16835 122777 132767 50620 33802 54760 99135 43554 2959 85626 37974 126682 111006 132439 4501 112078 149334 70784 43485 23461 27770 61139 78330 43554,2959,149523,26512,15 2 4,16 3 5,15,16,31,32,16
qseq_79f92464cf2a6577,reference,length_32_gap_16,qcluster_reference_0016,qbank_reference_69563226bd65,18284 4220 150697 26663 70217 110781 35924 27022 53856 116179 83332 92316 4749 12479 39343 102167 13975 53265 18431 14085 103221 53475 125886 13405 134116 146983 91218 116432 99191 103061 19609 102167,13975,116179,35924,15 8 5,16 9 6,15,16,31,32,16
qseq_9c85b72f1ea06a57,reference,length_32_gap_16,qcluster_reference_0017,qbank_reference_69563226bd65,17948 140070 132554 74426 94046 72326 107671 138093 92949 31133 38691 67613 120984 39526 39799 94793 88219 146657 30079 94876 1141 64274 21575 106833 72694 106127 68640 49600 111112 84353 49132 94793,88219,106833,49132,15 22 29,16 23 30,15,16,31,32,16
qseq_6a4a6669bcf7d5f3,reference,length_32_gap_16,qcluster_reference_0018,qbank_reference_69563226bd65,68626 28865 27150 70518 3896 26986 115566 146954 132218 79675 60890 33790 107220 89638 101768 90521 100213 40592 2471 77701 9714 14645 61758 57001 126805 11982 89692 116072 69179 151024 59091 90521,100213,60890,69179,15 9 27,16 10 28,15,16,31,32,16
qseq_7877d6c94f9c39ad,reference,length_32_gap_16,qcluster_reference_0019,qbank_reference_69563226bd65,46864 16847 142133 35930 72939 140785 115082 135864 9890 135573 9465 20462 96074 66438 123588 118743 139966 80098 56530 50029 78542 24483 34778 93973 109555 33990 125900 47795 117469 82130 47567 118743,139966,56530,125900,15 17 25,16 18 26,15,16,31,32,16
qseq_cc30d66e04f4d784,reference,length_32_gap_16,qcluster_reference_0020,qbank_reference_69563226bd65,88736 39190 117469 1046 76332 54252 35392 68348 82419 105147 17609 17257 87267 84007 56530 149634 139699 92486 95218 76553 80308 130252 123858 25862 145727 79432 7742 96709 93869 62475 72939 149634,139699,82419,1046,15 7 2,16 8 3,15,16,31,32,16
qseq_400deb0f34503053,reference,length_32_gap_16,qcluster_reference_0021,qbank_reference_69563226bd65,24296 18501 105791 130620 75836 68442 40324 50962 145334 61972 130802 8636 14967 138806 15833 782 78926 57218 123248 11788 25567 3786 15681 134665 111700 13384 68409 105717 64018 123565 146983 782,78926,130802,14967,15 9 11,16 10 12,15,16,31,32,16
qseq_3dd15620331fa198,reference,length_32_gap_16,qcluster_reference_0022,qbank_reference_69563226bd65,62961 94546 107690 46790 14231 58136 64616 138388 69607 133048 53375 122437 21272 111109 980 124187 29354 136159 64600 67236 79894 38440 44124 25319 48311 119000 149309 26870 81865 95924 81984 124187,29354,111109,95924,15 12 28,16 13 29,15,16,31,32,16
qseq_964371404cd60b08,reference,length_32_gap_16,qcluster_reference_0023,qbank_reference_69563226bd65,14231 125010 61118 73833 48311 54763 44215 149027 104057 73093 4949 7989 77572 102953 19294 148374 138715 25967 64724 80350 37990 148431 83821 110034 117250 70501 127549 149333 94793 1750 108326 148374,138715,77572,19294,15 11 13,16 12 14,15,16,31,32,16
qseq_a1fbb0465efa3468,reference,length_32_gap_16,qcluster_reference_0024,qbank_reference_69563226bd65,86711 61275 61072 92316 45277 85985 35085 95146 67197 81486 97543 73344 82904 74624 41542 120522 83297 145964 73435 53802 2817 130768 64133 111540 135593 145727 39158 76076 980 39102 71992 120522,83297,45277,95146,15 3 6,16 4 7,15,16,31,32,16
qseq_22898e4a19ebe494,reference,length_32_gap_16,qcluster_reference_0025,qbank_reference_69563226bd65,52736 145398 126780 76904 109694 112039 134174 49284 98564 103282 83238 31120 99893 9224 150470 122675 150964 39181 111227 132694 145868 41349 71625 35862 311 150697 33330 50921 132399 60281 34778 122675,150964,132399,99893,15 27 11,16 28 12,15,16,31,32,16
qseq_83ecf645eeb3c5d7,reference,length_32_gap_16,qcluster_reference_0026,qbank_reference_69563226bd65,35998 68157 60890 128887 131571 89963 143852 149599 33197 56553 48617 131830 44 34000 98699 12416 65297 126442 47809 143708 62634 23429 37696 75756 65540 132620 87697 15681 26051 69115 22013 12416,65297,44,149599,15 11 6,16 12 7,15,16,31,32,16
qseq_722b0a1f4a545e10,reference,length_32_gap_16,qcluster_reference_0027,qbank_reference_69563226bd65,70405 26986 140018 13122 89661 9270 82063 103282 29014 88219 139233 33488 36589 113377 36951 149330 145631 32797 41938 134034 34093 81376 137978 50361 25234 54721 71516 15703 927 41013 56080 149330,145631,134034,29014,15 18 7,16 19 8,15,16,31,32,16
qseq_ef10de242837ebab,reference,length_32_gap_16,qcluster_reference_0028,qbank_reference_69563226bd65,140729 23243 99588 133170 148777 134803 73003 107193 8720 110000 32268 85416 45061 101472 53249 22990 144597 98847 117316 105996 129084 91325 85296 41641 67663 77380 131829 116498 150439 122643 41712 22990,144597,122643,8720,15 28 7,16 29 8,15,16,31,32,16
qseq_02ea01dd56fa0747,reference,length_32_gap_16,qcluster_reference_0029,qbank_reference_69563226bd65,141813 132786 150697 114244 91218 128508 149598 47746 81992 49387 149204 72512 70335 126073 73969 139282 47093 111901 25759 69984 101753 15943 126659 15365 70255 100943 60882 56416 9989 72652 52736 139282,47093,15365,114244,15 22 2,16 23 3,15,16,31,32,16
qseq_15791e41f75d6ecd,reference,length_32_gap_16,qcluster_reference_0030,qbank_reference_69563226bd65,49156 117053 46613 53375 117474 110727 149305 146506 100590 13405 126531 21038 6829 95924 125932 21883 129399 90780 11113 45293 104790 117823 70689 46773 55826 71486 49967 86625 58708 71595 4635 21883,129399,70689,125932,15 21 13,16 22 14,15,16,31,32,16
qseq_0b18f0e5dd355f66,reference,length_32_gap_16,qcluster_reference_0031,qbank_reference_69563226bd65,121828 21038 83687 89591 8773 92539 11410 12416 13837 97743 43203 47803 136644 7509 141793 111901 69134 86730 124411 148936 150760 41839 118804 81859 80457 107395 40181 3645 13474 43413 60081 111901,69134,118804,92539,15 21 4,16 22 5,15,16,31,32,16
qseq_d2fd94264deb6138,reference,length_64_gap_8,qcluster_reference_0000,qbank_reference_69563226bd65,57043 97750 88865 7085 23098 107388 125170 88835 45550 5683 76356 85265 85562 58323 134270 7556 120902 140018 119607 120325 130042 113754 21848 115336 1791 110210 73930 38691 67142 68602 111650 31167 25119 94667 111648 49175 13751 122041 146271 109990 108120 41593 51150 82419 103499 11982 119959 17108 60081 120571 47795 127688 131208 44711 94634 122188 68887 26738 32047 139573 4749 48302 116679 122188,68887,116679,122041,55 61 36,56 62 37,55,56,63,64,8
qseq_3eea1a19e94ac54a,reference,length_64_gap_8,qcluster_reference_0001,qbank_reference_69563226bd65,105354 60281 148956 24991 149104 7777 68307 63340 28088 119607 93869 147192 16244 56940 47715 61072 122888 14390 26945 36674 67055 46916 122335 32070 52415 56819 82963 10626 141687 111755 86016 24617 13074 73639 130759 111112 22990 86909 123979 103164 133670 139282 74315 32522 149523 131830 132895 19228 47044 29966 141081 64274 59542 39209 125169 46864 65728 76065 99135 65471 54610 120603 95218 46864,65728,52415,111755,55 23 28,56 24 29,55,56,63,64,8
qseq_6681831612de89ad,reference,length_64_gap_8,qcluster_reference_0002,qbank_reference_69563226bd65,75065 38750 10018 111469 11024 53737 40354 104057 75534 128843 108284 57043 130620 72954 70072 147333 57625 130662 95106 31133 3740 77487 66446 75461 86035 138240 73833 52796 92909 65318 25295 39620 103700 43882 145331 66794 15919 95243 65351 90154 60091 55255 61072 23778 126511 91871 105717 74511 782 23461 98665 49156 34935 11460 131571 33870 4949 82683 32016 1753 73003 5405 125477 33870,4949,57043,11024,55 10 3,56 11 4,55,56,63,64,8
qseq_3fd5f8383c038912,reference,length_64_gap_8,qcluster_reference_0003,qbank_reference_69563226bd65,147192 57641 23279 71750 18284 140729 104129 29674 118972 99004 33 14883 126401 81517 3149 138309 51368 60081 109814 119170 9009 46381 19735 10610 113904 110738 49491 110957 128132 49055 57349 118718 83821 134763 110680 59842 8144 55862 44244 68600 138822 80903 145950 21543 102521 130768 76403 11788 6455 115431 83238 41876 2938 123588 18014 69113 91704 6829 118736 136117 77681 14759 96187 69113,91704,23279,9009,55 1 19,56 2 20,55,56,63,64,8
qseq_9a64066f0934951e,reference,length_64_gap_8,qcluster_reference_0004,qbank_reference_69563226bd65,23470 62315 64600 60817 84725 134047 42653 7246 64133 45277 40948 69858 55572 97021 33824 33822 94034 14991 109555 32986 11460 112329 11982 93869 24645 119301 124112 31034 38643 132330 96187 11141 11685 86035 94495 127628 95946 140689 58852 88864 7032 37976 78494 148851 101853 37469 104756 38174 62032 102693 47609 59443 58703 61275 103359 93116 53736 91952 43525 47203 24044 33197 95895 93116,53736,97021,38643,55 12 27,56 13 28,55,56,63,64,8
qseq_d13bdcc22fa36865,reference,length_64_gap_8,qcluster_reference_0005,qbank_reference_69563226bd65,38621 15365 133161 149476 12983 25234 26470 147435 138323 52917 13221 56960 62246 54146 107607 14749 45556 96970 5604 135929 72078 12745 83713 11250 7509 80526 59091 113816 68087 18177 115352 21310 98802 102167 6165 76951 9465 104009 53375 140940 144908 21887 139529 29493 86877 83416 16219 143708 29334 117681 107986 46272 100765 120902 65463 782 32251 9989 65011 5947 3048 120818 136949 782,32251,29493,96970,55 42 16,56 43 17,55,56,63,64,8
qseq_27b8b1cca1a132a7,reference,length_64_gap_8,qcluster_reference_0006,qbank_reference_69563226bd65,128694 93483 33250 150659 84435 21323 8694 64595 51144 34954 23126 87005 35235 9651 92342 131660 75470 30524 90806 65864 100078 74392 126094 123598 54581 125170 82770 64724 66150 35698 61139 63962 138898 145868 11575 108534 73526 95527 326 83332 148729 104324 119183 119736 98933 39596 142689 127651 33323 109766 117921 111621 123575 27382 81785 3885 93172 56332 33881 18353 48043 31987 80262 3885,93172,126094,98933,55 21 43,56 22 44,55,56,63,64,8
qseq_225cbb620bb4855f,reference,length_64_gap_8,qcluster_reference_0007,qbank_reference_69563226bd65,108383 39015 83416 67541 150869 64844 112520 143230 125249 70324 114671 31781 150942 62068 148273 23466 21883 40435 132311 146469 129024 17197 42034 100078 31002 140905 91692 141081 102417 89785 46503 30033 39851 131079 17948 91900 146378 119287 117193 1051 125170 56819 108534 65330 107711 46944 8935 143853 104776 87599 117053 111165 78174 5076 30524 128944 33330 114722 81827 75836 132970 98559 142712 128944,33330,67541,143230,55 2 6,56 3 7,55,56,63,64,8
qseq_0f1378871210bd38,reference,length_64_gap_8,qcluster_reference_0008,qbank_reference_69563226bd65,97624 150018 135520 18265 113363 1449 112691 68640 37054 83600 88183 66462 84436 126445 69733 76884 4633 23094 65177 73667 34810 119140 38931 24600 111728 142605 41392 122662 115352 29882 82141 15523 43157 26051 104492 139282 1408 86016 88865 21397 121736 117250 72144 147730 53620 37723 79329 18353 77852 149905 66785 113865 118306 150930 46790 40384 99661 16168 113071 74528 73411 54863 83416 40384,99661,84436,24600,55 11 22,56 12 23,55,56,63,64,8
qseq_1fc886e15f27ed09,reference,length_64_gap_8,qcluster_reference_0009,qbank_reference_69563226bd65,67541 4700 85265 95218 73520 116901 141910 134097 76951 108292 90498 94003 83279 141182 31147 79541 62993 118718 102323 39526 125122 89651 58136 15815 12263 44 6257 50352 44432 48560 60793 100919 57625 87892 138957 130538 87922 48066 150334 100873 107303 116110 136117 84162 151280 89401 18431 129841 43506 43525 131079 64426 123248 116179 101669 61551 132311 11233 78933 87590 89440 150018 149334 61551,132311,43525,79541,55 48 14,56 49 15,55,56,63,64,8
qseq_1ee0d7987bff20e0,reference,length_64_gap_8,qcluster_reference_0010,qbank_reference_69563226bd65,29124 40537 41014 46995 67812 1734 53292 129991 63041 111987 41689 78828 7205 142714 46157 122675 23597 68648 109127 56506 65297 134639 2508 135901 57377 14535 27794 132523 36210 147474 87463 37974 51105 134250 19403 23482 48321 26483 130538 99413 16786 72239 75557 19131 110159 4983 78330 100622 13552 7777 149598 54047 62410 55719 142141 140310 122931 73456 19654 98340 140785 26470 3617 140310,122931,19131,78330,55 42 45,56 43 46,55,56,63,64,8
qseq_b7f2d1b0d81ba913,reference,length_64_gap_8,qcluster_reference_0011,qbank_reference_69563226bd65,140310 97021 104230 128508 110772 8720 11897 59091 120351 106964 61594 28816 49222 68887 91508 147424 117677 28032 125738 80547 83600 143418 71731 49346 138492 134004 112291 126656 55444 146621 72443 99513 50617 136104 122888 88183 142222 54695 92970 112843 36215 41327 6906 133669 44429 110968 120902 27568 126800 55608 1454 37341 109316 149634 93973 56159 11908 127543 136683 128250 6257 103221 8522 56159,11908,50617,88183,55 31 34,56 32 35,55,56,63,64,8
qseq_16134501b2b9805a,reference,length_64_gap_8,qcluster_reference_0012,qbank_reference_69563226bd65,1811 31034 111729 37341 133618 33382 139858 95623 12356 100212 79616 43612 63108 118849 141347 145221 110926 151067 11251 141273 61783 62240 13221 119398 86035 138826 10859 1454 115082 122888 24732 20561 18431 25764 91900 32580 140355 64200 120501 83124 87892 93214 107638 126073 133732 114249 87532 21482 38061 103923 38090 95146 69179 90780 73607 15152 45556 14252 49187 66446 68626 143695 17614 15152,45556,133618,133732,55 3 43,56 4 44,55,56,63,64,8
qseq_09ae7d55daff5d93,reference,length_64_gap_8,qcluster_reference_0013,qbank_reference_69563226bd65,101257 7823 4949 80257 29650 85481 23846 73526 71643 135901 12803 2211 6816 146855 16835 96299 10512 16219 112329 11897 91620 59531 57625 123979 66757 116475 119394 35408 115082 27570 132705 104106 92949 45550 67875 112520 81865 148289 49600 22218 44547 93483 74519 131649 903 110926 53066 138715 123618 140355 145940 125539 141347 1196 134302 82890 139419 32960 8832 70394 46113 21310 48095 82890,139419,35408,135901,55 26 8,56 27 9,55,56,63,64,8
qseq_243fad0cab67b8a5,reference,length_64_gap_8,qcluster_reference_0014,qbank_reference_69563226bd65,77168 79675 80350 25853 142686 49896 150659 11233 145313 19735 136996 52736 23077 69933 138813 33323 25862 96299 72565 35455 145374 149644 6089 123094 147114 21002 81639 3326 77879 56080 91865 138388 76933 44492 68402 118533 34810 35341 74537 31537 4613 110522 126531 33440 77701 25567 132346 91325 116179 143920 63340 127651 51739 101579 3740 148766 109694 133670 13837 89947 68492 78874 13943 148766,109694,123094,76933,55 22 31,56 23 32,55,56,63,64,8
qseq_da006e947f8f64bd,reference,length_64_gap_8,qcluster_reference_0015,qbank_reference_69563226bd65,82793 136272 144564 137556 66645 117949 72360 119736 62646 22889 143920 17851 112691 10860 43157 149476 115842 46023 70072 35290 119706 44711 69611 85626 68309 19212 96928 18035 6501 63253 21833 61783 78199 21744 105917 6154 30300 149011 148305 21480 31120 144151 102323 61630 13751 10900 150851 147957 81486 144597 103556 74231 147880 101853 43698 4272 111963 114244 7081 78151 64685 14935 97746 4272,111963,147957,22889,55 46 8,56 47 9,55,56,63,64,8
qseq_5abb899677281b8b,reference,length_64_gap_8,qcluster_reference_0016,qbank_reference_69563226bd65,145482 92615 92595 133661 42034 81846 143920 95558 139419 147730 95366 146835 111109 54066 52845 41377 19131 84435 83729 50084 73005 64263 98115 100590 105484 121960 133161 61893 46193 149333 73642 48043 91704 3762 88768 32070 83707 118702 105860 97680 45304 18014 32640 62634 96621 92878 147424 71486 84007 134097 80185 125738 117789 36317 112078 54760 27321 144967 123858 13745 29225 7916 30758 54760,27321,3762,32640,55 32 41,56 33 42,55,56,63,64,8
qseq_21f1b5baadb1af86,reference,length_64_gap_8,qcluster_reference_0017,qbank_reference_69563226bd65,129084 96694 103029 2938 107607 58708 84341 109316 83135 87267 45061 21833 52896 109144 119926 122616 33990 17948 60956 118829 100045 65923 134148 103700 47303 62993 63820 110075 1734 92539 106575 14212 99765 23094 86071 33790 108857 150465 36317 82942 127931 34363 61825 64426 128887 94445 49896 58841 106058 71156 72443 39859 12388 15052 30630 116252 145546 80185 16006 26986 22926 17639 121819 116252,145546,128887,39859,55 43 50,56 44 51,55,56,63,64,8
qseq_09198dad7b887479,reference,length_64_gap_8,qcluster_reference_0018,qbank_reference_69563226bd65,46412 25567 4295 5901 132547 63488 138323 75311 61478 139529 56416 116901 32047 145508 752 54760 138968 31494 28088 150743 1520 39181 113417 112979 29560 72340 150409 76775 69712 120818 74917 149523 114356 107565 142222 142038 29873 132895 79541 92151 70217 132916 45550 29667 113127 132471 89705 30943 30079 98846 86035 94495 73526 136875 85373 4613 138665 96709 150072 91865 52748 31987 33586 4613,138665,4295,29667,55 1 42,56 2 43,55,56,63,64,8
qseq_0b5381c6df6b27db,reference,length_64_gap_8,qcluster_reference_0019,qbank_reference_69563226bd65,29666 80511 8240 150310 27022 125886 74528 68157 62240 44038 40576 38992 89401 53541 52828 75056 84057 95924 119484 93869 78129 63194 133862 70498 73639 126800 83897 136016 84046 34121 29353 83279 91218 56159 60481 4413 41367 128177 70388 12254 27080 131702 117426 125498 39209 137178 89997 106635 2191 87068 150659 49156 6816 39882 18284 116498 73093 31316 49132 100896 110214 131187 44547 116498,73093,38992,131187,55 10 60,56 11 61,55,56,63,64,8
qseq_36fa6c348083c0bb,reference,length_64_gap_8,qcluster_reference_0020,qbank_reference_69563226bd65,116682 27911 45537 63445 134516 137004 4339 28906 83811 114189 26512 4700 104816 87132 49942 89591 100896 107638 38142 57915 106727 51654 3757 128305 40361 54982 57721 82987 47259 89079 124267 135845 40384 57976 139276 146983 6530 23985 61270 137664 67539 65864 136387 75461 31133 144431 76553 116626 73435 146611 38690 60358 54581 78129 35864 48582 140762 23710 25967 107946 29777 64201 99641 48582,140762,60358,64201,55 50 60,56 51 61,55,56,63,64,8
qseq_4e33dc2b650413c4,reference,length_64_gap_8,qcluster_reference_0021,qbank_reference_69563226bd65,15491 89785 98453 107470 94005 94028 83600 119455 4983 41876 38134 82170 29014 109555 106833 72356 1449 64057 132767 140689 111800 75756 59770 15941 101562 125476 73930 140450 44189 56553 130370 110522 53117 84341 27570 88618 111621 7764 135864 121390 47203 102970 114244 120571 73718 49187 4183 70518 65297 102519 32277 28046 75181 119706 122964 90498 75684 5590 33990 1239 139282 41327 84007 90498,75684,33990,111621,55 57 35,56 58 36,55,56,63,64,8
qseq_99a8723a8c3e9825,reference,length_64_gap_8,qcluster_reference_0022,qbank_reference_69563226bd65,118035 104129 93309 37125 54399 22305 14478 14649 133661 110236 128743 37990 75147 83788 90951 39209 32268 120006 112536 117354 140956 77487 36589 51553 7321 66785 25279 108090 89532 49421 63878 79688 41094 88038 23009 115729 54695 20869 77164 8919 50129 134116 4158 145847 122616 6530 3786 70701 140785 73165 4183 129171 100849 82793 112706 132970 43203 51201 138107 15815 122468 56032 7916 132970,43203,4158,3786,55 41 45,56 42 46,55,56,63,64,8
qseq_35018b5db2bbab82,reference,length_64_gap_8,qcluster_reference_0023,qbank_reference_69563226bd65,108048 41521 46613 92698 111165 50476 92569 58136 63141 147764 150404 64147 126890 108876 78164 20462 65859 46080 18374 28202 6602 90154 149528 71108 127628 62922 57218 48043 82962 83899 104230 48302 26107 105354 124411 17108 54718 92521 150659 96928 28519 125903 110727 101448 34602 46635 65200 126094 38232 82018 131208 118972 4635 48560 92584 54760 37980 73411 23921 119950 67142 73718 63922 54760,37980,125903,48302,55 40 30,56 41 31,55,56,63,64,8
qseq_3758ed12d8a4adc9,reference,length_64_gap_8,qcluster_reference_0024,qbank_reference_69563226bd65,22528 22889 108225 35698 138452 96883 13751 64659 5281 98510 111535 23710 49803 121960 128841 140574 107600 18074 10860 110783 81827 116498 66438 89705 4183 95558 47441 38209 74315 116260 5901 43525 55450 21744 81639 26665 90786 131207 29307 150425 57372 87113 142585 137529 116901 31594 48617 65241 104106 121160 123411 115387 47028 105849 76156 68170 52224 85361 3482 110515 23921 89638 40576 68170,52224,22889,116901,55 0 43,56 1 44,55,56,63,64,8
qseq_a929c026194ad717,reference,length_64_gap_8,qcluster_reference_0025,qbank_reference_69563226bd65,109127 77084 93885 85179 19212 113367 86730 46300 85562 90498 79919 138822 34778 128049 12983 40883 111334 132523 135845 16221 14935 149697 16977 24566 148797 107923 127651 121249 101562 9271 139372 91393 136704 102435 47259 112784 15815 95218 50290 74797 72360 12220 34602 80350 124411 118265 23949 138107 119130 16526 126320 80299 30524 50821 142467 40515 116339 37615 65609 55016 66446 64263 62240 40515,116339,46300,93885,55 6 1,56 7 2,55,56,63,64,8
qseq_c6e2459e33e99ac7,reference,length_64_gap_8,qcluster_reference_0026,qbank_reference_69563226bd65,102435 120413 150072 103499 94579 86664 82540 32251 3757 69751 10511 103687 28677 87696 47809 149118 95395 111987 94634 22358 46503 108200 27570 41839 32206 17420 61758 28194 128186 91871 113284 46023 56506 2211 129713 149634 107309 69115 110592 42807 58346 104009 55255 52796 66072 13751 61741 74462 52182 118798 56081 39158 78129 12983 119607 7163 140838 68223 27321 61893 39689 7335 71625 7163,140838,7335,118798,55 60 48,56 61 49,55,56,63,64,8
qseq_4d673d452128a83d,reference,length_64_gap_8,qcluster_reference_0027,qbank_reference_69563226bd65,82308 145964 90740 74519 24483 34689 79688 119706 133759 75470 130300 96074 110592 101669 56553 77724 95464 91508 80673 69179 41890 126942 56529 6118 103783 61893 87524 86711 54322 110236 128250 150682 33822 98220 144809 9467 32734 40761 58703 66674 79432 140132 108710 117235 134792 130788 8451 82918 144908 47024 66446 7085 19403 81486 74817 29124 67541 34518 146504 131208 144967 48938 122440 29124,67541,130788,90740,55 44 1,56 45 2,55,56,63,64,8
qseq_3e6efe4f854b0ab7,reference,length_64_gap_8,qcluster_reference_0028,qbank_reference_69563226bd65,131079 99622 146983 70701 144152 54605 12254 142882 53969 31336 31280 89721 101579 45842 89243 5839 145221 2098 150682 91467 46272 11250 4181 32824 104579 41477 119194 62634 92799 15997 4300 11082 79708 129171 95215 61072 41349 65200 74315 145332 74090 21883 13352 63041 59727 26663 76248 58841 89117 148777 86440 63327 130252 90951 147822 145696 31133 14991 63689 22889 9167 140018 126659 145696,31133,90951,46272,55 52 19,56 53 20,55,56,63,64,8
qseq_f666087b60bea20b,reference,length_64_gap_8,qcluster_reference_0029,qbank_reference_69563226bd65,36785 52748 23434 146469 44656 109316 129752 43903 51205 9465 8282 116404 105374 23126 84486 131585 104313 110515 125170 33484 106689 56506 76505 113163 130258 54970 96912 39807 55371 116295 39620 118743 47521 26107 124145 132895 83838 134195 9753 46613 88067 124112 138136 13132 31336 132767 69836 12479 12988 66839 144152 33714 64793 34689 5610 35924 80033 2321 85977 104012 84824 37976 67663 35924,80033,129752,23434,55 5 1,56 6 2,55,56,63,64,8
qseq_fdad530a7e8df91e,reference,length_64_gap_8,qcluster_reference_0030,qbank_reference_69563226bd65,135573 19083 6408 137112 84059 70308 33228 72961 121060 73718 82422 7931 9271 36589 89947 12257 52591 95183 119503 146551 47203 136683 34935 96928 93731 40473 68278 123858 99191 1520 56960 109387 136599 76065 72034 9009 130042 91952 16168 82633 24836 115953 111080 129474 145696 72311 10180 86793 13352 53802 15997 31840 132019 35879 28575 86909 68200 62922 95994 133661 62094 49985 46167 86909,68200,28575,36589,55 53 12,56 54 13,55,56,63,64,8
qseq_7825697ef39378f9,reference,length_64_gap_8,qcluster_reference_0031,qbank_reference_69563226bd65,69751 91168 126780 131649 16538 95527 122130 107122 103191 9651 40603 19749 133297 138898 45556 142712 21744 92486 16168 95341 81486 18866 92078 49967 21002 9810 101837 51105 8229 136387 28816 150293 41712 39807 2191 44902 74511 137112 25171 82300 130928 60600 84059 144908 87113 105311 125738 94394 47093 50198 110515 98640 22365 104579 39029 86590 73838 41816 140689 126527 11229 32580 117242 86590,73838,144908,22365,55 42 51,56 43 52,55,56,63,64,8
qseq_4e888ad7ee05cf0a,reference,length_64_gap_16,qcluster_reference_0000,qbank_reference_69563226bd65,33864 48873 74392 124906 27321 100762 27570 98015 88259 87005 60793 48530 49107 111965 5135 73639 94667 37054 128177 147435 44753 8533 144952 110000 150301 43645 136152 132346 122295 782 127446 18374 37730 23429 46300 28290 88219 16835 108641 82279 101014 12721 79296 36210 32797 40131 100073 104816 41377 37339 21482 104012 128049 33075 21274 129749 57915 23036 135831 51105 7941 69985 146459 104816,41377,146459,135831,47 61 57,48 62 58,47,48,63,64,16
qseq_2a18571bbf74c08d,reference,length_64_gap_16,qcluster_reference_0001,qbank_reference_69563226bd65,148303 7509 24483 45186 20510 110075 22256 100828 107929 108475 50476 29711 8282 79894 70338 82683 56746 21038 82279 130759 118702 80518 60956 55679 68278 52177 139282 135075 33527 131784 129991 85123 119592 142585 135154 55444 70240 38508 6125 125886 107470 123411 126580 21272 11405 125592 148956 63998 61271 117681 69984 53541 44711 36215 30359 120996 52020 84486 79296 64344 87168 104230 13789 63998,61271,108475,107470,47 8 39,48 9 40,47,48,63,64,16
qseq_38891c0c578e0032,reference,length_64_gap_16,qcluster_reference_0002,qbank_reference_69563226bd65,59294 141965 6261 68223 101472 58346 63536 93994 66757 112520 143153 106600 82007 101784 86071 150389 121819 15841 53363 76079 9989 37862 30867 48560 89243 92698 53856 103700 65982 142605 50958 25085 108534 67812 80308 28575 120351 138091 93732 54605 32522 85985 30730 147616 116626 110034 114507 99513 29966 129635 74817 109694 75774 33488 74231 131649 52186 91168 13263 91277 46193 91871 117616 99513,29966,32522,91168,47 39 56,48 40 57,47,48,63,64,16
qseq_ab82e032df6d2efc,reference,length_64_gap_16,qcluster_reference_0003,qbank_reference_69563226bd65,46412 38389 23243 15815 1408 118736 53969 61270 76156 124187 90912 89401 20023 97543 151510 2130 127837 146655 24031 77852 97686 119759 39644 105971 18558 139573 26663 150741 111620 17420 40349 104115 5135 99191 117250 32206 114366 98846 33323 81107 130370 45293 31781 52224 24836 65996 77701 63922 90951 15941 101784 143279 111635 32748 23036 141347 86227 97715 85296 65752 148228 2191 72694 63922,90951,150741,148228,47 26 59,48 27 60,47,48,63,64,16
qseq_241b9f939043faed,reference,length_64_gap_16,qcluster_reference_0004,qbank_reference_69563226bd65,4749 146133 66794 145868 134250 13407 118972 89621 16740 52471 77487 127913 117316 146340 88206 39799 119000 33382 137978 93483 48508 150642 69104 23243 100873 65189 65318 79895 64737 111700 46193 74392 128305 19559 35085 144151 7238 121355 86865 95878 125886 147113 66673 109874 24617 32574 91393 44429 40335 18542 136690 67055 3823 106478 35924 100919 75079 22654 19153 26512 119484 79708 30234 44429,40335,19559,118972,47 32 5,48 33 6,47,48,63,64,16
qseq_2f7afd5ac77106d1,reference,length_64_gap_16,qcluster_reference_0005,qbank_reference_69563226bd65,70946 109814 40537 107721 94028 68040 82279 103923 8504 50660 140645 134302 87463 92151 23985 54322 149634 76332 32248 112291 119170 19749 42029 70518 77016 68348 148196 119432 104106 61579 111700 3885 128743 122835 5947 10809 25053 93835 15038 136152 93973 133862 75065 45182 10511 91277 81984 89062 104009 49132 150760 33197 11123 39644 25171 113576 120006 40384 92462 6047 38142 92720 139016 89062,104009,93973,68348,47 39 24,48 40 25,47,48,63,64,16
qseq_3cb6a3152bf033a5,reference,length_64_gap_16,qcluster_reference_0006,qbank_reference_69563226bd65,33738 148299 73526 128250 26128 15815 3326 110522 74626 107904 149369 87599 5839 94876 120413 54252 55365 36812 10395 52475 88460 145374 6622 55444 106575 56477 149476 16977 101853 73520 149104 65241 75557 40522 121736 50476 66673 127205 124223 125937 39068 35924 92015 13263 52896 8138 122675 135040 6297 103836 9095 111820 130788 147359 137112 81531 91467 23036 106848 114249 13004 12388 133759 135040,6297,9095,40522,47 49 32,48 50 33,47,48,63,64,16
qseq_88f6518cbc776189,reference,length_64_gap_16,qcluster_reference_0007,qbank_reference_69563226bd65,24031 4220 31316 103027 17609 46971 137934 56058 133297 82130 75557 143106 67197 15491 94046 80257 54739 69985 74347 141813 139969 74528 104057 82225 126025 72072 146830 61551 65916 36024 111700 82282 61893 64201 40948 78748 80299 45550 78141 51144 1057 11999 91455 66645 78257 119294 121233 86772 53395 81037 12712 94020 19294 5610 62158 83779 6401 72078 44656 4635 7335 59533 129226 86772,53395,7335,104057,47 59 21,48 60 22,47,48,63,64,16
qseq_a0940abbeadd4a9d,reference,length_64_gap_16,qcluster_reference_0008,qbank_reference_69563226bd65,142686 102435 75807 21480 139083 148228 128652 137178 58000 58703 123448 143230 134270 10900 132346 58841 131208 22358 70335 141531 25279 8832 138292 103482 41686 85937 107923 34533 15815 2471 50660 72694 101768 102597 93773 41377 35603 11233 32047 81827 134250 49896 47732 56553 37054 25119 29353 136668 45516 114773 111621 9651 104466 106692 118849 72961 118702 4613 141602 16221 142222 94394 41521 136668,45516,148228,93773,47 4 33,48 5 34,47,48,63,64,16
qseq_f23b6f9cac98cd77,reference,length_64_gap_16,qcluster_reference_0009,qbank_reference_69563226bd65,21285 100896 22365 34991 62880 65882 20589 144595 129419 20662 148299 68596 48302 8408 326 84059 49803 39029 84057 70306 44244 126735 23434 55995 126442 64724 64328 132767 70136 39209 106478 121091 44492 6622 124906 31281 12910 70388 49346 35484 69115 117823 15430 56058 63740 59889 68264 130435 37476 29918 116732 21799 63646 103027 46381 107690 125477 136875 108284 39158 96928 75774 109740 130435,37476,124906,84059,47 33 14,48 34 15,47,48,63,64,16
qseq_59f9ac6b4562b0ca,reference,length_64_gap_16,qcluster_reference_0010,qbank_reference_69563226bd65,98534 59362 39685 104579 7676 134250 40181 72259 117424 130252 115055 43698 113223 121390 5610 53363 142764 53412 84748 28575 65882 47732 72072 54695 73840 104213 70498 17167 45902 149528 40335 31316 50361 36951 106779 100212 48530 93773 86071 8935 125539 74830 81936 6401 43157 75071 137330 57511 77487 89692 41455 1520 118373 73093 126126 103528 109990 77681 1196 131314 2088 20937 23722 57511,77487,77681,39685,47 56 1,48 57 2,47,48,63,64,16
qseq_4af56446859a3943,reference,length_64_gap_16,qcluster_reference_0011,qbank_reference_69563226bd65,100590 83432 147268 113284 98510 80350 145482 45516 32249 44902 19628 38691 19734 135955 21575 68309 38750 19750 120044 107946 50962 149523 137060 50084 52182 149118 119752 5216 50921 146506 142820 110245 75814 42601 88038 104466 100585 111974 16192 146510 129024 76759 21310 48311 89468 3786 123588 58478 91277 35290 81136 93773 90915 10877 96534 16221 13993 80526 52736 42391 149330 45402 66072 58478,91277,104466,38691,47 34 10,48 35 11,47,48,63,64,16
qseq_9044b353038c59f5,reference,length_64_gap_16,qcluster_reference_0012,qbank_reference_69563226bd65,6040 114742 35455 89532 89396 107757 111987 1057 83821 66839 14231 101014 58601 37514 38567 35058 30524 68087 51201 9605 134841 149104 130802 118160 82018 33419 52458 28589 134772 75324 32960 17197 96068 60603 59007 66950 111543 141273 82007 35924 99750 142133 118401 58478 67055 26512 16052 64263 8789 115701 65777 87113 44189 78120 132767 111729 123979 62475 57071 85253 72326 101579 113541 64263,8789,16052,89532,47 45 2,48 46 3,47,48,63,64,16
qseq_2aa11d9fbd09f187,reference,length_64_gap_16,qcluster_reference_0013,qbank_reference_69563226bd65,113473 119266 86016 143230 19228 136104 84824 116339 16482 8832 8886 16538 40515 147968 75461 89997 74797 95924 27816 35392 7114 72340 15997 5610 50250 101784 60792 135490 151024 21575 148851 4220 65982 80262 9714 77852 100943 62646 126531 117206 101837 116682 102714 65923 143708 45293 77572 65269 98852 149643 24566 93808 93726 90213 69980 72203 68600 128628 89721 41013 147730 13446 8866 65269,98852,62646,8886,47 36 9,48 37 10,47,48,63,64,16
qseq_08eff137fe7a82d5,reference,length_64_gap_16,qcluster_reference_0014,qbank_reference_69563226bd65,111648 149476 133994 12338 53219 20869 110847 63833 30758 145482 31034 117235 878 62032 139419 29885 54581 77852 25038 87211 83811 132019 52415 67541 4295 113800 99004 112955 90911 120984 16635 36308 151617 9651 74528 136690 40415 100622 118736 122616 34951 4616 125758 75912 73735 110245 117053 63196 53529 106779 112805 66757 87976 113934 89191 76759 55365 130042 70473 67812 36024 83779 99750 63196,53529,29885,31034,47 14 9,48 15 10,47,48,63,64,16
qseq_2a6f540576c9750e,reference,length_64_gap_16,qcluster_reference_0015,qbank_reference_69563226bd65,134203 56243 103230 151280 71001 16835 14009 75350 54066 126780 68064 27148 110727 34778 6118 39538 134803 8773 1162 71340 18748 9222 132720 118373 135054 24765 6125 78120 123109 56332 73520 44947 69104 4300 113367 24778 89401 101669 85730 110484 34312 85123 103876 12712 49463 26515 52475 141061 66673 17167 65859 149311 13405 63962 120044 44346 87267 34518 76960 38063 41013 144540 148196 141061,66673,75350,13405,47 6 51,48 7 52,47,48,63,64,16
qseq_af5ebbb62a8b20eb,reference,length_64_gap_16,qcluster_reference_0016,qbank_reference_69563226bd65,84791 71310 74797 79426 117424 36951 115566 65463 33330 5204 8522 23526 15370 142633 405 73930 74624 50369 803 878 49437 140838 148386 9422 75350 12254 125249 64196 2171 4616 109469 43554 25171 138056 110680 83811 52736 148284 12479 9400 54970 103221 150659 116475 23710 9465 39212 129911 40384 21632 115055 41553 23921 43218 23429 68887 87140 15941 67790 86370 125590 23762 13993 129911,40384,150659,50369,47 41 16,48 42 17,47,48,63,64,16
qseq_0d3c3424bfc09e21,reference,length_64_gap_16,qcluster_reference_0017,qbank_reference_69563226bd65,101669 138826 72078 112784 137374 82540 130370 72144 1051 114742 33738 86590 114249 34117 41839 134007 53606 113284 12254 13352 60890 88219 147479 121160 7814 122888 90154 38657 52020 81827 67791 89079 14212 104115 22878 51301 30542 42391 69836 18558 53856 61324 3062 131989 20010 62246 87532 18552 82130 11250 151280 138862 56332 131162 125249 122835 54721 139419 1520 41593 113865 100150 107378 18552,82130,30542,22878,47 35 33,48 36 34,47,48,63,64,16
qseq_0525237ac44c9833,reference,length_64_gap_16,qcluster_reference_0018,qbank_reference_69563226bd65,117633 110847 98501 144540 54146 126511 68602 3823 44346 69016 22528 38142 43411 109766 59533 120818 29441 105311 35423 44395 21799 14429 147447 104790 100213 71486 35220 95215 12973 145313 149599 49600 59338 22291 38090 117229 16219 126196 27568 54605 138825 104892 17664 21480 118322 146271 91871 49284 12232 109044 90969 53010 18127 115769 96347 98564 68104 6816 31840 15841 119950 33419 117013 49284,12232,27568,100213,47 37 23,48 38 24,47,48,63,64,16
qseq_f5223b55b01f89cb,reference,length_64_gap_16,qcluster_reference_0019,qbank_reference_69563226bd65,125932 117138 107378 71098 3896 135666 59515 91467 405 25967 6367 139815 149154 135054 44677 103700 81984 34951 141347 103029 75057 100546 114447 5309 72311 56159 36779 70258 116349 38696 38857 38567 94579 147602 24765 135379 122643 131989 64263 4542 107904 111976 22544 36350 82540 39212 102842 27816 142764 131187 13789 47190 64274 33891 113804 88109 109780 71480 151445 20552 25105 39102 125903 27816,142764,13789,149154,47 49 11,48 50 12,47,48,63,64,16
qseq_7902562962522807,reference,length_64_gap_16,qcluster_reference_0020,qbank_reference_69563226bd65,62246 93994 142080 131375 100212 66297 148255 44429 76356 55790 132916 51576 9817 95558 33228 19609 108090 119721 111976 109740 63998 75147 1449 103036 112039 140689 1811 12847 99513 85396 129474 42971 69104 99723 97204 90740 31167 117206 142155 71251 149204 26686 113865 64776 128951 47658 65540 121960 5424 134842 14429 25319 18035 125387 34040 32490 81107 41447 136914 90502 64506 78643 108150 121960,5424,142080,97204,47 1 33,48 2 34,47,48,63,64,16
qseq_541e2c9197f5492a,reference,length_64_gap_16,qcluster_reference_0021,qbank_reference_69563226bd65,6738 136016 102519 79774 31840 44021 752 126196 62880 75515 67791 98640 72144 150439 12232 24836 63139 85735 11460 16475 40292 143550 75308 105012 149599 133862 33586 38716 91952 85937 46864 114236 28032 119170 87697 42971 22365 134772 61309 144419 147114 41816 45858 149162 68115 90502 33323 95106 21593 66274 115338 35455 70405 83811 61366 51150 53117 20561 63998 118972 143520 108775 103313 95106,21593,102519,114236,47 1 30,48 2 31,47,48,63,64,16
qseq_f9a096a8b8d68cec,reference,length_64_gap_16,qcluster_reference_0022,qbank_reference_69563226bd65,118401 76831 86590 57043 132609 148273 35085 25171 95471 122440 135040 70388 62432 71275 150310 62374 121390 108616 15703 143853 46613 87267 36808 150841 90911 6738 97044 36809 146168 82170 102693 89468 111901 43536 47749 76505 32413 11931 108268 44429 34117 11788 95194 50084 49627 113978 67539 122041 112329 68064 116682 72954 30943 66645 53620 44244 117474 149523 147424 134047 23080 119287 26945 122041,112329,102693,150841,47 29 22,48 30 23,47,48,63,64,16
qseq_20296c3d9cf68ff0,reference,length_64_gap_16,qcluster_reference_0023,qbank_reference_69563226bd65,95106 26292 137850 53979 51668 75308 142222 2817 1970 75756 53475 20510 9222 35518 139678 8078 132019 150465 92770 3102 85709 147192 126393 87252 9661 93817 77016 69980 752 118322 76248 79646 127651 40894 23126 136668 11376 61271 135681 52020 95471 37415 101557 98665 39807 124112 2321 142949 90890 45061 35520 45516 107638 111650 149634 33870 107395 87068 4613 11908 70072 101073 117757 142949,90890,35518,137850,47 12 1,48 13 2,47,48,63,64,16
qseq_043e0757ac0dbd07,reference,length_64_gap_16,qcluster_reference_0024,qbank_reference_69563226bd65,48807 139233 112078 150853 18035 31120 104816 75156 50617 93309 140879 8078 621 89828 50352 19197 89785 82942 117206 135629 108641 79296 25279 131271 72326 26512 95194 11410 77292 34040 142764 33382 42807 97464 32824 33840 14645 68626 78926 37415 15997 146271 104694 71136 33200 67197 91519 41013 78569 147730 108939 25119 54574 80033 23470 8231 24991 127651 149031 119706 48938 122303 46208 41013,78569,95194,93309,47 25 8,48 26 9,47,48,63,64,16
qseq_7114e66cd021d7ef,reference,length_64_gap_16,qcluster_reference_0025,qbank_reference_69563226bd65,87976 135929 12254 125010 80185 110484 114507 81376 48869 1750 98501 94650 97624 42893 4220 133994 52182 18063 45516 149523 130620 57062 55679 17108 37927 149014 57976 121091 98847 18552 85941 54763 150697 45372 144431 123618 82942 31971 46981 68264 20826 95091 967 16001 17664 1336 148305 29560 65359 66446 36812 63239 10018 75147 84486 19083 36589 47190 31120 133469 57372 47303 44038 29560,65359,37927,20826,47 23 39,48 24 40,47,48,63,64,16
qseq_61bf51609f2fba3d,reference,length_64_gap_16,qcluster_reference_0026,qbank_reference_69563226bd65,54801 8111 105717 12803 12388 82359 44169 130233 106575 87068 34117 59484 116339 100108 38232 23482 76904 22741 47567 92521 24816 122266 29024 107600 149643 34707 98559 42863 13975 10625 77860 107470 100269 6401 86338 108084 91218 110609 75557 46193 30712 12607 122888 78129 144597 99191 120351 39075 148766 140909 4613 83713 114722 59885 119432 34991 148514 41173 40415 45550 82419 62068 66785 39075,148766,4613,8111,47 49 0,48 50 1,47,48,63,64,16
qseq_f2dcccdf0595e01f,reference,length_64_gap_16,qcluster_reference_0027,qbank_reference_69563226bd65,29354 136959 94546 147468 2130 3252 85941 40349 135154 22654 106727 53736 84824 61741 4092 87005 117469 85396 96534 124646 122987 92569 70136 72961 52048 82359 4700 146504 18522 108084 118435 59378 137435 103192 94157 1051 13855 11451 73005 26470 142764 71663 108552 103033 39807 127446 25967 90154 106600 22528 53529 21848 142714 43554 68157 25482 61725 83707 24427 88835 51150 134174 53737 90154,106600,127446,108552,47 44 41,48 45 42,47,48,63,64,16
qseq_3bb00aa631911a97,reference,length_64_gap_16,qcluster_reference_0028,qbank_reference_69563226bd65,22889 26954 107122 84580 10877 105996 1336 77355 101837 71842 63789 56819 47609 66462 146413 108710 52224 76775 65146 131314 8720 91218 87524 119916 55569 68971 70701 103191 51668 47715 76505 50369 56746 149277 60481 58601 73005 19372 146168 3823 99191 65823 66757 99513 6829 33815 84248 112329 126330 30753 85039 128968 37696 38063 19628 110522 37980 18552 90502 87140 76831 118736 89963 112329,126330,87524,63789,47 21 9,48 22 10,47,48,63,64,16
qseq_31e3fd7ca6f43d33,reference,length_64_gap_16,qcluster_reference_0029,qbank_reference_69563226bd65,35455 49599 64595 25038 36785 101307 49896 67790 116295 110183 127837 33382 63327 115081 27304 83716 118035 61630 23461 117475 43184 21448 50361 61478 132258 105261 136387 56032 54760 67757 43218 132720 121877 137060 54605 101837 108048 8144 137178 110000 67680 117354 34000 133862 110680 115969 147602 103923 43100 93994 39212 119703 70258 86730 73674 149162 100529 105198 19153 20979 119183 47473 138091 103923,43100,61478,21448,47 22 20,48 23 21,47,48,63,64,16
qseq_429237a32434d2b5,reference,length_64_gap_16,qcluster_reference_0030,qbank_reference_69563226bd65,36416 25317 70136 149311 74090 146714 97938 19554 105971 16786 3896 86791 128844 124906 71108 30079 25781 83707 8950 87267 87982 30835 85213 110738 45238 67311 132682 51201 113836 139931 84724 127206 122967 3762 8144 147730 55350 91871 121060 21002 11141 85481 2152 111965 61972 57349 98220 24596 74489 30712 117426 83432 44947 70518 14759 95464 5509 129331 83346 112979 405 44488 33586 24596,74489,70518,112979,47 52 58,48 53 59,47,48,63,64,16
qseq_1207ce902e19f01c,reference,length_64_gap_16,qcluster_reference_0031,qbank_reference_69563226bd65,3786 5604 51301 127206 22786 146983 36602 73838 119759 10854 77167 112049 91388 140070 72034 60468 61985 44871 50471 75774 70079 2126 22358 111356 13440 66516 99844 46423 83838 87590 68671 44335 7295 7049 126890 70689 63962 54801 47846 11486 26954 75269 108326 91218 10243 43506 114742 41094 65656 82962 122305 138292 55228 80033 114244 73718 22889 57625 76951 80903 142469 57110 96534 41094,65656,75269,13440,47 40 23,48 41 24,47,48,63,64,16
qseq_9cc417d1e04a91f0,discovery,length_32_gap_8,qcluster_discovery_0000,qbank_discovery_26c1a7a48348,110297 138360 129126 73426 105585 138579 131623 41564 95607 16904 141060 29356 67654 128576 4169 143092 16868 130407 81662 136201 10597 105944 113815 140545 13688 145547 98607 31462 59846 147956 78009 140545,13688,138360,105944,23 0 20,24 1 21,23,24,31,32,8
qseq_30b9ff67f16fc8e8,discovery,length_32_gap_8,qcluster_discovery_0001,qbank_discovery_26c1a7a48348,78425 106296 112161 8668 24846 142123 125896 108415 134306 18653 1793 18749 41733 69840 136898 109895 46575 59723 27904 108875 90073 89869 119854 58283 1394 34225 54202 124838 132640 45758 73117 58283,1394,108415,142123,23 6 4,24 7 5,23,24,31,32,8
qseq_88e2006b622bbe67,discovery,length_32_gap_8,qcluster_discovery_0002,qbank_discovery_26c1a7a48348,11838 103296 103312 90966 74555 110512 19647 24362 131544 89799 141662 57099 59296 130879 148968 10038 65176 44797 81251 31188 92513 44504 8836 68358 143143 87206 45479 86033 57969 116305 79355 68358,143143,57969,8836,23 27 21,24 28 22,23,24,31,32,8
qseq_1240e2cdc0482937,discovery,length_32_gap_8,qcluster_discovery_0003,qbank_discovery_26c1a7a48348,44960 84915 33282 112882 32318 141353 16853 83656 64076 41293 134109 54792 63818 60461 44033 118761 47030 52667 103178 129681 92040 99489 15735 88637 131501 26812 90682 90631 31032 132413 30533 88637,131501,60461,83656,23 12 6,24 13 7,23,24,31,32,8
qseq_cb2291dad9994e05,discovery,length_32_gap_8,qcluster_discovery_0004,qbank_discovery_26c1a7a48348,37520 108884 93799 3919 79297 121097 44047 112540 94974 143213 83371 11391 102818 99489 109042 19983 66597 130242 78859 129126 121549 147540 100190 36472 97017 106227 59431 70168 100527 72996 105090 36472,97017,11391,109042,23 10 13,24 11 14,23,24,31,32,8
qseq_c6ddcce69fd114ff,discovery,length_32_gap_8,qcluster_discovery_0005,qbank_discovery_26c1a7a48348,100030 50822 16239 73112 93126 85235 42191 129644 151165 2849 79718 66990 130407 131450 103338 23525 126295 77426 91740 1569 92961 72221 131459 4839 134281 90152 20025 46782 94657 140770 90744 4839,134281,91740,23525,23 17 14,24 18 15,23,24,31,32,8
qseq_57f82984a0a768c6,discovery,length_32_gap_8,qcluster_discovery_0006,qbank_discovery_26c1a7a48348,97496 22967 2758 103201 146722 95280 23040 112700 102199 131817 97696 128658 7010 1078 80735 120053 82435 19647 52802 149783 32497 30710 26627 130707 61700 2593 88487 80667 96555 38239 14214 130707,61700,96555,131817,23 27 8,24 28 9,23,24,31,32,8
qseq_f339c328375f6c5e,discovery,length_32_gap_8,qcluster_discovery_0007,qbank_discovery_26c1a7a48348,144984 92961 94841 72938 112566 94065 44806 112451 12281 129903 128633 99794 57078 39313 140828 136310 834 97839 131501 77770 134094 133754 110027 1365 3355 143476 78425 60298 53678 76757 3403 1365,3355,97839,94841,23 16 1,24 17 2,23,24,31,32,8
qseq_dc76e1c5f6e21095,discovery,length_32_gap_8,qcluster_discovery_0008,qbank_discovery_26c1a7a48348,114033 134109 86752 149887 106920 40881 143465 36897 49049 121086 124342 25131 74097 14192 32137 151165 111647 90682 93157 85973 89869 49532 82271 87819 22967 99517 78756 17674 81513 129652 7937 87819,22967,85973,124342,23 18 9,24 19 10,23,24,31,32,8
qseq_19a18353cf554214,discovery,length_32_gap_8,qcluster_discovery_0009,qbank_discovery_26c1a7a48348,33589 38938 87147 99517 39363 105090 134892 5581 64948 128868 1983 94933 86752 111529 105187 102199 19647 87950 41733 110884 52510 96578 93683 113625 16145 123023 117715 22998 12154 56471 48284 113625,16145,48284,134892,23 29 5,24 30 6,23,24,31,32,8
qseq_1716aed49c5f8ae3,discovery,length_32_gap_8,qcluster_discovery_0010,qbank_discovery_26c1a7a48348,150027 84401 34927 111054 107881 83691 55319 140925 45342 79871 107826 21660 24166 48131 20837 121086 134467 26355 34588 136037 124192 23236 78500 9893 29613 15987 70998 71760 19769 14777 22509 9893,29613,70998,121086,23 25 14,24 26 15,23,24,31,32,8
qseq_4272ef47945a3ba4,discovery,length_32_gap_8,qcluster_discovery_0011,qbank_discovery_26c1a7a48348,12322 96511 142123 80157 47397 33878 59550 133607 57655 151309 98058 114919 60990 12863 29944 108199 144726 137787 75597 144972 108259 140226 69139 88382 79808 80384 127419 52803 69563 151317 102904 88382,79808,133607,80157,23 6 2,24 7 3,23,24,31,32,8
qseq_351530ca1c23f384,discovery,length_32_gap_8,qcluster_discovery_0012,qbank_discovery_26c1a7a48348,71309 138910 92757 125585 61202 31308 13879 42825 99293 130366 32014 3403 38215 106045 133382 128678 46475 146727 29853 58968 120717 40067 75968 90677 42995 62038 108576 84171 86659 46978 35754 90677,42995,46978,75968,23 28 21,24 29 22,23,24,31,32,8
qseq_0a58349db0b5bda9,discovery,length_32_gap_8,qcluster_discovery_0013,qbank_discovery_26c1a7a48348,99154 115749 97840 37845 59425 81687 74270 104474 113574 102729 101329 84136 132016 59466 7710 59475 53687 83190 50113 16326 21044 103338 1569 65953 60983 142912 150295 51832 100527 33221 67654 65953,60983,81687,59475,23 4 14,24 5 15,23,24,31,32,8
qseq_6c5473a4960ba6e0,discovery,length_32_gap_8,qcluster_discovery_0014,qbank_discovery_26c1a7a48348,77928 129661 78686 2786 137776 87181 48589 78960 81810 17071 81457 58317 133614 103618 126295 48579 107548 105502 145913 20266 125475 48934 44499 16103 112110 91375 53116 86767 115715 85294 143753 16103,112110,125475,48589,23 19 5,24 20 6,23,24,31,32,8
qseq_2eca3dfa5d7788fa,discovery,length_32_gap_8,qcluster_discovery_0015,qbank_discovery_26c1a7a48348,133880 67525 130974 119350 95216 96637 12323 132016 12020 106296 54874 38173 26710 136169 111424 30508 140519 115808 44892 149983 40465 12768 22754 79662 99019 149211 132567 828 5962 44509 115552 79662,99019,95216,12768,23 3 20,24 4 21,23,24,31,32,8
qseq_300bd1a2b9571100,discovery,length_32_gap_8,qcluster_discovery_0016,qbank_discovery_26c1a7a48348,97696 100021 26608 96475 130366 84401 59720 15757 87819 100883 112816 62047 113330 9797 23386 118073 108884 30895 94840 44509 4108 57355 86762 22967 94084 104504 6005 58558 73302 146964 68236 22967,94084,113330,26608,23 11 1,24 12 2,23,24,31,32,8
qseq_6790ad2d3a9f6c5f,discovery,length_32_gap_8,qcluster_discovery_0017,qbank_discovery_26c1a7a48348,64143 125708 42668 135237 145136 50305 126706 143060 110541 103178 38996 76803 133119 96643 53301 20803 115640 553 7969 133888 22780 24846 99049 31919 48884 149158 71191 126839 122246 35656 110597 31919,48884,110597,126839,23 29 26,24 30 27,23,24,31,32,8
qseq_0bb7141cdab0c545,discovery,length_32_gap_8,qcluster_discovery_0018,qbank_discovery_26c1a7a48348,67113 66235 46043 94974 63475 29476 49648 123367 114676 124351 128774 33072 47938 109895 148644 22273 85619 113907 143753 94866 93621 137020 108949 35122 68628 113574 63331 111726 125857 144880 59057 35122,68628,143753,137020,23 17 20,24 18 21,23,24,31,32,8
qseq_9d7a23e86d231a17,discovery,length_32_gap_8,qcluster_discovery_0019,qbank_discovery_26c1a7a48348,145926 46922 66352 635 35595 131817 125974 134524 31384 105404 63493 33561 99107 117018 47053 88965 57662 144791 94683 106017 4084 26355 113990 57788 83470 25009 76803 50398 105587 101256 74495 57788,83470,46922,26355,23 0 20,24 1 21,23,24,31,32,8
qseq_257ab141d3d46426,discovery,length_32_gap_8,qcluster_discovery_0020,qbank_discovery_26c1a7a48348,114512 63834 32097 147540 120196 26678 12333 12275 1773 10505 36969 18299 38068 120500 83108 17326 20536 98617 149770 44105 111286 87530 118882 2786 90439 88218 27904 146990 49332 122566 36079 2786,90439,146990,20536,23 26 15,24 27 16,23,24,31,32,8
qseq_b49924081b769a62,discovery,length_32_gap_8,qcluster_discovery_0021,qbank_discovery_26c1a7a48348,73087 11159 111849 42837 109629 128465 133880 103732 132372 87819 67391 69775 143974 110747 70390 36043 96514 10232 65176 91962 91203 129998 141931 25396 10942 150652 42124 138426 29613 38915 63667 25396,10942,69775,11159,23 10 0,24 11 1,23,24,31,32,8
qseq_ddd7ff0179930c58,discovery,length_32_gap_8,qcluster_discovery_0022,qbank_discovery_26c1a7a48348,41293 28226 10962 122894 136201 117288 6160 91962 47466 73416 103201 133607 73394 16804 20803 16489 50591 115158 11026 133683 56230 63084 37227 27228 12890 28888 84897 12768 88382 11566 66176 27228,12890,73394,115158,23 11 16,24 12 17,23,24,31,32,8
qseq_0f9cffa6dca7a085,discovery,length_32_gap_8,qcluster_discovery_0023,qbank_discovery_26c1a7a48348,16489 123189 29412 74555 37894 10253 15235 20882 116213 80735 39219 26678 64150 130149 28337 90534 143729 26358 125193 118482 58532 29761 100030 103607 110771 29653 56490 40937 7590 126632 23386 103607,110771,26358,40937,23 16 26,24 17 27,23,24,31,32,8
qseq_0452a0038e751f80,discovery,length_32_gap_8,qcluster_discovery_0024,qbank_discovery_26c1a7a48348,140719 79547 691 108632 78324 13878 105090 111281 64721 129185 53840 151317 100152 48192 78939 117965 53734 4948 10884 121395 147781 77677 33294 67113 3820 74747 69775 61131 111498 20803 79808 67113,3820,13878,79547,23 4 0,24 5 1,23,24,31,32,8
qseq_6e34ad6b9f51b34d,discovery,length_32_gap_8,qcluster_discovery_0025,qbank_discovery_26c1a7a48348,109703 114033 53866 148585 117387 24981 104872 13876 102992 29158 20243 986 11058 35054 32990 86526 135120 102203 27528 18856 24704 75977 70328 20671 111312 88506 118535 28688 127482 64143 834 20671,111312,834,20243,23 29 9,24 30 10,23,24,31,32,8
qseq_7920fd12bfe086e6,discovery,length_32_gap_8,qcluster_discovery_0026,qbank_discovery_26c1a7a48348,51176 57889 115207 68225 111054 69450 11613 37813 150189 94866 144181 43891 7361 93683 98072 79622 149195 114853 118882 117264 133040 34155 122654 146593 151000 83760 44730 118335 2950 91155 66983 146593,151000,66983,150189,23 29 7,24 30 8,23,24,31,32,8
qseq_d7b915aa23e9011b,discovery,length_32_gap_8,qcluster_discovery_0027,qbank_discovery_26c1a7a48348,54587 23471 119444 65944 118535 148904 47628 132372 7911 124342 69064 109042 123514 76262 13170 126839 60059 25730 6096 17933 16145 29204 40507 114676 131733 18715 139338 3303 30919 127018 38944 114676,131733,126839,25730,23 14 16,24 15 17,23,24,31,32,8
qseq_e1722f5d922c76c0,discovery,length_32_gap_8,qcluster_discovery_0028,qbank_discovery_26c1a7a48348,18080 465 110566 134524 65187 16237 134813 68225 133817 26025 89263 66277 108679 20266 62088 148300 26167 6440 1773 126767 89808 122943 115498 51008 102818 113574 133041 70653 106640 125289 69477 51008,102818,65187,70653,23 3 26,24 4 27,23,24,31,32,8
qseq_968251b97122afb0,discovery,length_32_gap_8,qcluster_discovery_0029,qbank_discovery_26c1a7a48348,21044 82779 87472 99489 57662 148536 105285 11856 73483 3476 126635 75307 44444 39283 137080 14214 75507 26087 85974 129689 144471 114796 55673 47653 120994 133041 147351 103790 63671 15468 63084 47653,120994,99489,26087,23 2 16,24 3 17,23,24,31,32,8
qseq_5dd536efafdb3d60,discovery,length_32_gap_8,qcluster_discovery_0030,qbank_discovery_26c1a7a48348,87147 52803 73087 129151 130213 114842 66657 3316 8794 87026 37421 111287 33878 90569 2032 141660 95746 6171 41761 66689 81513 92394 96531 77286 97733 107903 8668 82685 147636 150061 142356 77286,97733,82685,96531,23 26 21,24 27 22,23,24,31,32,8
qseq_77f322c9febc960d,discovery,length_32_gap_8,qcluster_discovery_0031,qbank_discovery_26c1a7a48348,122801 63478 95607 6096 52803 83760 34337 2319 142365 100112 66671 74190 149655 48190 105784 16913 143197 37639 9059 94866 83147 97773 105459 35965 26640 86008 149861 18761 141009 63658 59365 35965,26640,74190,142365,23 10 7,24 11 8,23,24,31,32,8
qseq_2d40b48061ea6c86,discovery,length_32_gap_16,qcluster_discovery_0000,qbank_discovery_26c1a7a48348,99115 116094 68529 144345 5370 87956 111572 47975 145795 7605 7969 40937 134813 43055 6171 4862 146717 51158 72940 14058 136206 15718 15987 72204 69064 94220 101256 39968 27893 40507 21708 4862,146717,27893,94220,15 27 24,16 28 25,15,16,31,32,16
qseq_ed63f8425c49e9ff,discovery,length_32_gap_16,qcluster_discovery_0001,qbank_discovery_26c1a7a48348,46738 68358 3476 118916 84219 126592 84937 95110 19412 108884 60983 121721 2785 69106 148149 58844 13688 135120 78556 125280 133913 93799 103056 71810 28273 11159 110534 140240 68917 127482 134767 58844,13688,126592,11159,15 4 24,16 5 25,15,16,31,32,16
qseq_34dfa655e7d64ab0,discovery,length_32_gap_16,qcluster_discovery_0002,qbank_discovery_26c1a7a48348,71893 25531 124342 40179 81699 126632 143766 141175 114001 12603 60059 82435 132382 133676 108143 144345 32434 92868 109536 25175 136099 106925 23194 18460 82169 72938 52948 59311 33221 47699 28888 144345,32434,133676,28888,15 12 29,16 13 30,15,16,31,32,16
qseq_29aa900bf3c84901,discovery,length_32_gap_16,qcluster_discovery_0003,qbank_discovery_26c1a7a48348,124351 56471 53139 58283 43677 30514 73394 32434 62047 15382 68236 124929 140897 140514 126551 81843 92438 13688 132567 97840 125708 39363 28214 99019 96531 62030 55449 8116 108029 112491 45006 81843,92438,140514,132567,15 12 17,16 13 18,15,16,31,32,16
qseq_71312b33f5a25e74,discovery,length_32_gap_16,qcluster_discovery_0004,qbank_discovery_26c1a7a48348,94645 101211 61088 136169 125475 93182 148671 2196 76268 69227 102744 20698 130409 12332 150554 120307 46010 56319 150295 110512 103964 6701 44569 145210 105459 67238 141651 66723 17073 146722 122218 120307,46010,67238,2196,15 24 6,16 25 7,15,16,31,32,16
qseq_c888006cb1aa3dc7,discovery,length_32_gap_16,qcluster_discovery_0005,qbank_discovery_26c1a7a48348,75407 80570 97154 123023 29795 140359 67826 28578 21708 73302 92040 127053 118036 118447 32318 84219 98011 4108 129590 2761 117289 65871 81968 68698 131152 5852 6772 27891 26812 91127 99517 84219,98011,118036,92040,15 11 9,16 12 10,15,16,31,32,16
qseq_48b3a7d07a29f82b,discovery,length_32_gap_16,qcluster_discovery_0006,qbank_discovery_26c1a7a48348,14088 63410 54202 27646 80148 38332 121212 41926 141545 128517 90220 53494 140638 32346 94951 103201 90848 146727 137926 39627 42145 40149 127419 75783 72075 122969 18636 131671 90430 148498 100134 103201,90848,18636,72075,15 25 23,16 26 24,15,16,31,32,16
qseq_48333401f9d5c608,discovery,length_32_gap_16,qcluster_discovery_0007,qbank_discovery_26c1a7a48348,82873 3239 2067 13911 20940 59750 27651 37869 18055 66825 18882 69106 93424 14214 148968 98855 29694 17873 10884 67842 115918 24981 34430 22110 108961 56637 126839 140005 96555 37958 49143 98855,29694,108961,67842,15 23 18,16 24 19,15,16,31,32,16
qseq_d11c0c50985f267e,discovery,length_32_gap_16,qcluster_discovery_0008,qbank_discovery_26c1a7a48348,96003 3394 19988 32820 21758 20663 145127 103521 146064 6945 41561 149804 20671 62510 133537 61628 106618 105890 101063 113416 76457 30979 81097 77474 27108 144292 24166 69009 139155 125283 24546 61628,106618,144292,3394,15 24 0,16 25 1,15,16,31,32,16
qseq_ea1f6890647087f4,discovery,length_32_gap_16,qcluster_discovery_0009,qbank_discovery_26c1a7a48348,36983 59431 88218 93157 86762 40006 34132 127367 64527 86656 22110 129998 129309 115552 27891 20036 96752 101329 91473 12049 3217 62939 38126 11457 34772 57034 77185 79718 143729 7590 18319 20036,96752,34772,22110,15 23 9,16 24 10,15,16,31,32,16
qseq_3ec7f3bd7092cea1,discovery,length_32_gap_16,qcluster_discovery_0010,qbank_discovery_26c1a7a48348,7957 125789 14192 5705 7627 93311 109181 37520 66277 138579 2153 812 108203 63667 120517 20256 8225 89660 145238 137761 139703 101382 23741 13879 32138 130936 99019 143587 36679 146693 120179 20256,8225,63667,125789,15 12 0,16 13 1,15,16,31,32,16
qseq_4d8bbc06b8faa627,discovery,length_32_gap_16,qcluster_discovery_0011,qbank_discovery_26c1a7a48348,23221 4026 824 7153 22780 122806 108035 115252 147319 17822 2849 14410 114796 59750 25399 86752 71544 27638 99358 109921 75977 128029 3316 89808 42124 91375 100533 61747 69840 119124 141471 86752,71544,108035,59750,15 5 12,16 6 13,15,16,31,32,16
qseq_5ba805aff72d4309,discovery,length_32_gap_16,qcluster_discovery_0012,qbank_discovery_26c1a7a48348,82891 13622 117904 1394 22778 16671 121366 65576 106067 69009 92787 108632 41508 7488 99358 47375 23154 85682 140828 71900 134467 49143 133913 137590 59381 2593 19553 137607 22110 121921 10437 47375,23154,41508,106067,15 11 7,16 12 8,15,16,31,32,16
qseq_71c6e5e51f368a72,discovery,length_32_gap_16,qcluster_discovery_0013,qbank_discovery_26c1a7a48348,123189 53524 10889 50459 117904 80260 57896 102541 50591 2950 18460 140359 34867 553 39283 132410 59578 119106 48589 97773 116483 25176 90534 106426 31909 41295 131459 32624 6005 44033 117169 132410,59578,10889,116483,15 1 19,16 2 20,15,16,31,32,16
qseq_bc1763f8a15c852c,discovery,length_32_gap_16,qcluster_discovery_0014,qbank_discovery_26c1a7a48348,136575 10341 92394 111982 111726 40952 29158 4948 92227 12890 115252 61856 19170 24585 125977 78425 134210 96640 117870 130524 2369 127367 40934 64655 46725 22952 119350 133699 134527 84136 128648 78425,134210,64655,133699,15 22 26,16 23 27,15,16,31,32,16
qseq_02ae006456d7c954,discovery,length_32_gap_16,qcluster_discovery_0015,qbank_discovery_26c1a7a48348,150061 141676 31806 36079 113625 4169 104299 83667 136983 635 87104 81513 84077 69259 75006 30271 125217 66854 131439 144292 98518 132725 133652 26640 122654 99358 15081 150881 25798 88506 69668 30271,125217,150881,87104,15 26 9,16 27 10,15,16,31,32,16
qseq_32d5a71334d71aa6,discovery,length_32_gap_16,qcluster_discovery_0016,qbank_discovery_26c1a7a48348,120635 40113 58396 20256 126635 94880 105459 149887 90926 127367 83754 106415 48884 143766 23525 35791 124192 117797 116146 151506 47466 87417 115808 17048 7033 92757 104505 26866 47699 127296 99794 35791,124192,126635,149887,15 3 6,16 4 7,15,16,31,32,16
qseq_814836fcdd64d260,discovery,length_32_gap_16,qcluster_discovery_0017,qbank_discovery_26c1a7a48348,31810 108754 21044 47305 115715 35803 92513 105018 7033 140433 97025 43420 138910 24068 127419 112867 147180 94467 109042 20036 125974 149421 78325 71121 106247 86432 72938 63475 129937 145261 57969 112867,147180,145261,20036,15 28 18,16 29 19,15,16,31,32,16
qseq_2fe04ffcc25f69f7,discovery,length_32_gap_16,qcluster_discovery_0018,qbank_discovery_26c1a7a48348,105099 36679 761 13041 150049 95582 53734 21337 26818 118073 147256 100266 134467 48192 6005 44806 21044 36824 113040 141956 81861 75708 87206 88382 3530 66723 17974 33221 85642 109853 125907 44806,21044,26818,113040,15 7 17,16 8 18,15,16,31,32,16
qseq_262d384784ec74e4,discovery,length_32_gap_16,qcluster_discovery_0019,qbank_discovery_26c1a7a48348,31810 144471 120179 70172 100304 3772 42952 50421 62444 256 23827 140343 128275 112831 15273 78425 83450 106505 125896 91490 54445 55186 132725 68745 129028 1983 40957 50649 59673 46035 141183 78425,83450,46035,68745,15 28 22,16 29 23,15,16,31,32,16
qseq_d27c29eaaa22494c,discovery,length_32_gap_16,qcluster_discovery_0020,qbank_discovery_26c1a7a48348,135251 61566 15987 59475 150395 78010 98617 12275 148652 23221 88859 13180 138680 69915 63386 38823 58238 8425 68553 111630 26358 108966 16798 92310 104299 99489 127906 94189 107852 2469 102821 38823,58238,68553,94189,15 17 26,16 18 27,15,16,31,32,16
qseq_81f5baa728a4db26,discovery,length_32_gap_16,qcluster_discovery_0021,qbank_discovery_26c1a7a48348,121851 137022 85753 105099 25489 137089 141894 42124 74472 6009 11817 67654 68358 90926 60461 17928 92659 79156 56717 118740 144880 30585 133119 73292 136818 70062 12332 102904 33950 67692 120517 17928,92659,6009,141894,15 8 5,16 9 6,15,16,31,32,16
qseq_65604c6b579d7a5c,discovery,length_32_gap_16,qcluster_discovery_0022,qbank_discovery_26c1a7a48348,61131 133913 47699 20681 116773 84372 46052 13563 104814 113416 119602 94220 87732 58791 84401 30294 147405 147690 118854 138818 26818 81135 106640 99489 3316 22952 57969 88463 138172 112558 19797 30294,147405,57969,118854,15 25 17,16 26 18,15,16,31,32,16
qseq_6da175d0e1ae9eba,discovery,length_32_gap_16,qcluster_discovery_0023,qbank_discovery_26c1a7a48348,148125 120179 112008 39113 59665 40142 37107 47237 20753 16478 64016 149262 44797 57534 9141 122654 72221 84312 963 32014 38442 30514 110758 7844 78009 58283 18856 28370 68795 144380 48353 122654,72221,57534,7844,15 12 22,16 13 23,15,16,31,32,16
qseq_d8c35b0fb2ec45b1,discovery,length_32_gap_16,qcluster_discovery_0024,qbank_discovery_26c1a7a48348,140204 57574 138442 118693 132929 29944 138352 125708 6514 144791 67270 16478 114796 59425 8425 41710 7127 121254 82421 106876 94318 53270 97076 145141 127482 103186 19983 148713 63903 40201 19553 41710,7127,125708,127482,15 6 23,16 7 24,15,16,31,32,16
qseq_71633b4b1a0f383a,discovery,length_32_gap_16,qcluster_discovery_0025,qbank_discovery_26c1a7a48348,37453 18319 66277 22685 120307 61890 32318 2369 66735 65675 19076 83981 78464 58317 52058 1864 39881 108760 128361 43192 15335 6995 11613 69835 13170 6514 78960 140326 114093 53410 88679 1864,39881,13170,18319,15 23 0,16 24 1,15,16,31,32,16
qseq_00dfc104dc64d98b,discovery,length_32_gap_16,qcluster_discovery_0026,qbank_discovery_26c1a7a48348,4776 90655 131481 59360 147552 31427 38973 138023 144781 87127 147581 94877 64016 23253 44626 16913 136818 61914 111750 83407 106609 105258 97696 70995 44504 47053 11058 132112 144812 4887 121957 16913,136818,59360,105258,15 2 20,16 3 21,15,16,31,32,16
qseq_1fb799c9c7240e70,discovery,length_32_gap_16,qcluster_discovery_0027,qbank_discovery_26c1a7a48348,98011 107627 25440 105944 141545 79352 11838 81881 131641 115588 31308 59534 65042 22266 120281 48779 52079 15679 57220 58228 27814 24068 116556 16311 104346 149804 130881 90767 45479 44444 80957 48779,52079,130881,57220,15 25 17,16 26 18,15,16,31,32,16
qseq_87b74913891cc317,discovery,length_32_gap_16,qcluster_discovery_0028,qbank_discovery_26c1a7a48348,62903 37845 113815 113072 97832 86033 16671 121212 140005 71666 114125 20863 3259 147636 97524 33049 89239 53687 54200 65871 14219 91442 6345 69353 62619 43401 72080 99502 64824 52633 112442 33049,89239,14219,99502,15 19 26,16 20 27,15,16,31,32,16
qseq_871f122b4e811259,discovery,length_32_gap_16,qcluster_discovery_0029,qbank_discovery_26c1a7a48348,90534 42825 85987 99502 58714 122796 68093 116896 95151 72996 93621 116145 20663 53441 129253 77185 127053 103699 103338 28318 19988 102870 149612 1983 88965 12323 60983 33559 71760 87115 14088 77185,127053,68093,1983,15 5 22,16 6 23,15,16,31,32,16
qseq_6f3cd7b3e9a9d0fc,discovery,length_32_gap_16,qcluster_discovery_0030,qbank_discovery_26c1a7a48348,66043 130092 39445 123336 36714 6854 58927 64918 43997 125789 63903 109703 92757 17073 24585 59684 123264 116232 110884 129652 114033 133880 90569 105404 77181 121635 84919 496 132001 116176 47653 59684,123264,39445,47653,15 1 29,16 2 30,15,16,31,32,16
qseq_7ce9eabeae1c43e9,discovery,length_32_gap_16,qcluster_discovery_0031,qbank_discovery_26c1a7a48348,135120 144539 110371 14660 36969 134109 3221 62107 57054 16579 6399 45708 134892 5122 14341 54510 115252 57355 24362 9958 12717 113735 98099 12515 86466 130366 87417 85155 125475 147180 118036 54510,115252,24362,134892,15 17 11,16 18 12,15,16,31,32,16
qseq_71aaeae677939220,discovery,length_64_gap_8,qcluster_discovery_0000,qbank_discovery_26c1a7a48348,145702 104181 146227 48253 149492 5417 62038 66866 101329 121086 131544 72990 21321 55262 145382 55916 118740 45624 116102 117828 52803 140240 39881 32675 82169 18577 20286 140005 27092 27114 67403 128633 74349 106017 110386 31203 142365 107548 93683 114676 47375 140897 33541 141795 11037 136818 117965 34155 147469 141398 19816 71169 117904 4091 43891 134747 54117 111506 48284 26187 53339 110754 99073 134747,54117,101329,117965,55 7 45,56 8 46,55,56,63,64,8
qseq_72134d11ae3c48dc,discovery,length_64_gap_8,qcluster_discovery_0001,qbank_discovery_26c1a7a48348,38815 91638 7965 66983 149210 85043 84826 25516 48192 59720 127706 129661 139812 96511 79156 35730 140184 16329 4091 139155 121438 15718 95151 9026 34878 99379 91375 42952 64699 117289 88218 105420 101345 149228 144781 143884 97076 10260 44295 112793 58336 14551 7752 102992 110179 129185 138869 108259 27646 7599 85015 46505 85150 69301 12154 75407 20940 32708 129981 31345 147781 28370 51673 75407,20940,117289,14551,55 28 40,56 29 41,55,56,63,64,8
qseq_fca63948c926d92e,discovery,length_64_gap_8,qcluster_discovery_0002,qbank_discovery_26c1a7a48348,88316 116146 3259 29642 65576 57927 149228 145717 40149 108415 66657 53187 66597 144205 55203 85753 31265 22266 46921 138023 128465 41733 127663 13288 136206 132410 11845 127971 49648 16103 87950 21843 112824 135522 147636 35965 86783 21441 31462 50732 12605 110681 34210 118541 93799 986 50871 12515 35730 140719 105090 84915 114676 16948 57867 16326 105910 68018 120942 109536 137590 90152 73426 16326,105910,66597,127971,55 11 26,56 12 27,55,56,63,64,8
qseq_244f9203805dff92,discovery,length_64_gap_8,qcluster_discovery_0003,qbank_discovery_26c1a7a48348,39203 496 635 96087 36568 36353 63306 55369 36085 15524 6509 54650 10772 35730 4861 40679 134016 114513 7033 37813 92310 92040 126878 86752 104663 31032 125792 147956 136443 132700 118033 136352 94220 1365 145802 115552 28914 116354 44396 110918 42597 145136 104753 30710 67303 112124 60327 47466 145547 63378 134217 19797 137144 90966 63084 142912 149492 41710 63506 54657 131439 99719 130092 142912,149492,60327,4861,55 45 13,56 46 14,55,56,63,64,8
qseq_255e42f342d532a0,discovery,length_64_gap_8,qcluster_discovery_0004,qbank_discovery_26c1a7a48348,106505 111835 15585 64216 107575 148904 112731 46010 48682 20266 59846 20940 151165 69972 83754 74555 66461 106920 75856 105090 66930 72996 75507 46909 2736 9028 23741 27055 134811 142527 17771 118349 17062 30271 113735 7461 16308 30187 67842 137761 55718 32559 11828 56237 79538 89660 18934 37481 26812 108632 48832 886 65187 107723 132658 41926 101382 20863 131817 139335 132997 80260 107445 41926,101382,142527,111835,55 28 0,56 29 1,55,56,63,64,8
qseq_9485d12e3844518e,discovery,length_64_gap_8,qcluster_discovery_0005,qbank_discovery_26c1a7a48348,91754 138535 71309 58228 48934 111043 140686 118145 63671 130083 59665 109775 91638 104599 101476 39203 93683 93799 102856 142829 58238 95035 64311 124342 69394 18700 131459 141183 88637 94096 127288 37107 126587 6452 72577 56471 64216 133754 31203 95151 48779 23827 41347 125588 19246 14761 62074 133006 88905 29412 39649 119122 15585 131837 48979 80177 47699 69668 62754 29653 125017 102352 81699 80177,47699,126587,125588,55 31 42,56 32 43,55,56,63,64,8
qseq_9520619fa2f16db3,discovery,length_64_gap_8,qcluster_discovery_0006,qbank_discovery_26c1a7a48348,66626 142365 143213 84136 20882 45140 123041 88489 138672 13218 107826 91127 109042 1078 96519 28679 125588 30514 51458 58968 69353 5699 88535 102729 29613 24068 86829 100030 142234 12717 112731 100124 18934 125280 132640 96042 147332 41598 11457 123901 2950 149211 82824 50649 2316 55269 99740 29476 143073 48682 75407 30271 40068 70168 97707 64078 17657 148838 38938 139703 108949 43097 29653 64078,17657,123901,123041,55 38 5,56 39 6,55,56,63,64,8
qseq_1fb6dd2c65eff740,discovery,length_64_gap_8,qcluster_discovery_0007,qbank_discovery_26c1a7a48348,15283 57078 93825 20025 63286 59194 78325 78425 55307 75624 103732 42308 72854 118335 46043 76117 30988 22197 115715 79845 26265 138775 69573 109629 9464 12020 96479 23236 115611 143624 96643 78624 99073 6854 84826 76803 117264 68553 33072 148522 37227 49813 70311 147013 39313 123484 96058 92465 131439 31858 147332 146593 112294 18319 8067 13876 99154 86833 51541 96511 66631 48589 107117 13876,99154,103732,147332,55 9 49,56 10 50,55,56,63,64,8
qseq_d20f1a70c878075d,discovery,length_64_gap_8,qcluster_discovery_0008,qbank_discovery_26c1a7a48348,130879 150525 134094 150295 105468 131459 110037 136899 72316 84219 86526 115846 51783 99379 55970 54792 122288 21436 61664 103618 71121 42760 130408 34433 148878 90151 4234 27711 31888 22971 19977 121366 95497 68225 40957 111281 115693 150587 133754 122218 102942 53339 138023 17398 18439 43558 109921 28249 32434 53826 100112 88007 141931 114204 118335 67575 101329 48579 66854 50207 134016 138840 94318 67575,101329,111281,18439,55 34 43,56 35 44,55,56,63,64,8
qseq_1291124a654e5dd1,discovery,length_64_gap_8,qcluster_discovery_0009,qbank_discovery_26c1a7a48348,79547 101004 144400 57355 67202 96058 94683 89738 20246 87955 133697 94059 112076 145210 46922 4948 29890 101262 28855 121549 115846 32820 149783 138951 85753 32097 20266 109353 145460 127419 89171 48131 85155 41390 66983 101561 17624 143753 73394 26765 126295 124549 138680 105028 15170 145422 78417 135041 28851 135871 145261 108884 26558 90967 82891 131152 100266 75578 56983 27288 61462 99117 63818 131152,100266,66983,96058,55 33 4,56 34 5,55,56,63,64,8
qseq_25738e3f20b4e75b,discovery,length_64_gap_8,qcluster_discovery_0010,qbank_discovery_26c1a7a48348,129652 54200 105187 26187 105784 86489 134253 110758 127031 55718 31203 22176 70998 111139 25777 105522 32708 119124 4330 142340 70062 104436 23741 137089 62378 80381 10402 824 21660 131641 4466 6452 31810 70746 20547 17291 16288 13288 11856 25204 26060 105420 53647 131917 16326 99548 75601 117289 36484 132925 20925 16917 128576 28469 58336 85974 141472 38126 16308 59892 129309 97773 94645 85974,141472,26187,4466,55 2 29,56 3 30,55,56,63,64,8
qseq_41aa7a8ca812e622,discovery,length_64_gap_8,qcluster_discovery_0011,qbank_discovery_26c1a7a48348,50822 36096 110435 93311 122431 11457 35415 79370 88679 19678 26812 114621 36119 40024 27497 7047 8221 32685 115665 86033 128674 100304 145261 125585 77645 54510 57220 8836 147663 33701 94318 49714 66584 128576 114676 137159 81662 113423 2860 132451 32434 64320 5499 45006 32497 103656 137099 122748 4189 78960 97496 92197 131623 90933 17481 106086 56191 91030 63903 146527 130408 21843 17398 106086,56191,113423,103656,55 36 44,56 37 45,55,56,63,64,8
qseq_a84eeb51296b0712,discovery,length_64_gap_8,qcluster_discovery_0012,qbank_discovery_26c1a7a48348,94657 42352 14323 102744 105890 94318 68043 18749 106348 118541 40664 107627 141894 61856 43192 75183 136036 8425 133607 111286 5122 123789 22186 61934 129125 18414 18750 83969 77370 132436 69106 136781 83190 89808 48837 45726 110381 32820 66584 24193 103656 146727 105378 99776 39129 93157 20925 133748 62038 144880 110558 691 6374 140545 29613 48832 136099 98855 5535 127906 113209 53581 151506 48832,136099,132436,133748,55 28 46,56 29 47,55,56,63,64,8
qseq_04d8391b07c709c5,discovery,length_64_gap_8,qcluster_discovery_0013,qbank_discovery_26c1a7a48348,89171 27638 58558 121097 105258 23236 133624 126696 38332 51458 119481 5157 128465 39313 2849 79229 148644 65042 101967 65187 90767 110659 89008 39208 142334 103521 62097 43734 35965 134527 29642 93825 80055 8804 98518 141660 102203 104437 145926 106516 48979 70414 23154 149612 85544 25068 32551 114375 96511 80475 90073 38215 106348 77854 66043 94657 10019 85591 31909 82648 62074 635 95094 94657,10019,133624,39208,55 5 22,56 6 23,55,56,63,64,8
qseq_07a5abeba924c030,discovery,length_64_gap_8,qcluster_discovery_0014,qbank_discovery_26c1a7a48348,7820 88340 99154 97733 43132 16201 45708 31265 36824 108415 138023 8490 132315 81662 105086 38815 40113 34867 45006 106509 62161 40409 26812 110754 24131 74898 7574 110118 16388 74484 136798 105563 72476 58844 73426 17771 5824 23150 69477 18934 15920 75760 83147 44509 144455 103296 57302 5886 69487 125810 102744 144726 106876 132803 127663 114842 57896 130568 42509 99107 81687 6005 57427 114842,57896,69477,110754,55 37 22,56 38 23,55,56,63,64,8
qseq_364500e6cffee293,discovery,length_64_gap_8,qcluster_discovery_0015,qbank_discovery_26c1a7a48348,89799 145938 25176 27288 77426 148149 65865 75025 17624 53244 123630 40659 60159 10962 139281 65161 41213 73112 64078 26631 5581 146310 59750 76958 116773 132297 118036 105264 109414 61114 59302 109073 63475 26358 125050 21228 112816 41205 68745 14430 79712 120908 12333 26710 25863 93220 3355 21298 132372 96342 122894 31473 20025 103718 80177 60269 71994 15373 60990 110027 99049 111771 62745 60269,71994,61114,116773,55 28 23,56 29 24,55,56,63,64,8
qseq_d50cd32d20b51cab,discovery,length_64_gap_8,qcluster_discovery_0016,qbank_discovery_26c1a7a48348,115301 30508 75407 148904 148536 142076 43097 106086 5158 81821 41508 149158 67857 129537 72626 137144 85150 116232 145117 36119 118854 133748 133652 112610 4005 49332 110168 22952 51716 50307 44444 87955 33756 39841 114919 68458 4862 118286 4201 135720 119317 94951 126097 39234 46867 82169 81810 104474 16799 72628 134697 125810 64339 32241 61664 72996 7820 66952 37481 95898 94467 55673 45447 72996,7820,104474,5158,55 46 7,56 47 8,55,56,63,64,8
qseq_685a54945ae534fb,discovery,length_64_gap_8,qcluster_discovery_0017,qbank_discovery_26c1a7a48348,81745 68816 63671 77773 145210 39363 58512 19885 82873 22534 141472 141387 10253 94756 149992 66023 8 2249 50555 58968 107826 36597 74272 104436 147690 133119 120500 41317 19816 70414 124379 101004 119124 35424 77903 3977 151277 122980 75157 109775 44039 70653 1284 11956 66352 8080 134827 104289 62539 9013 28214 114514 150977 90236 16099 21958 108598 88053 42837 64892 147351 70062 57220 21958,108598,75157,133119,55 37 24,56 38 25,55,56,63,64,8
qseq_851835b2b19ec751,discovery,length_64_gap_8,qcluster_discovery_0018,qbank_discovery_26c1a7a48348,3499 126878 24546 68628 90534 32990 56132 135120 16237 135171 59936 129903 62939 110597 44569 66631 74859 113423 112675 44969 19678 20681 59892 74253 3833 149158 83760 126244 83006 97025 138023 7215 6772 105880 67989 37421 47689 45778 25499 58894 35054 21843 126592 112610 140204 149244 129748 28337 80260 66487 10966 98138 63528 19112 71509 132810 17974 138775 13879 106231 2319 13674 32685 132810,17974,58894,80260,55 38 47,56 39 48,55,56,63,64,8
qseq_94602a63f5364f89,discovery,length_64_gap_8,qcluster_discovery_0019,qbank_discovery_26c1a7a48348,22514 114842 2447 71169 108270 141660 55449 126251 71309 132929 151041 83088 26627 98855 123142 99548 149861 12717 19246 14175 20837 6761 4705 132017 76262 18055 63528 28812 33072 96594 70133 121421 113916 84171 124011 13041 63478 7599 71800 136575 256 99489 138360 41936 112867 88859 76077 140925 119682 103960 59341 39150 132989 115588 114512 97524 58283 69831 77924 37453 59296 90402 79603 97524,58283,71309,33072,55 7 27,56 8 28,55,56,63,64,8
qseq_eb6df5ef365836d4,discovery,length_64_gap_8,qcluster_discovery_0020,qbank_discovery_26c1a7a48348,23236 40969 54337 123373 71313 74476 59431 111498 118482 149655 96643 81968 38828 151396 144640 30508 1797 88370 150977 42941 61151 148125 107180 55262 96311 6440 88905 20547 144345 8325 129041 121957 15274 115611 132640 46725 13261 47124 12605 27435 37813 18460 125789 4163 2067 92197 55310 8376 4839 51716 82953 36679 57969 124900 67403 34878 15170 75601 75667 134128 106415 138023 79536 34878,15170,57969,37813,55 51 39,56 52 40,55,56,63,64,8
qseq_b0540f6d86578391,discovery,length_64_gap_8,qcluster_discovery_0021,qbank_discovery_26c1a7a48348,97927 102288 134979 44047 15704 78010 99879 136036 65204 145835 553 138211 31858 93220 136798 136186 46043 41992 87523 44626 70390 43181 75420 5128 11127 73112 85155 10437 144744 30512 145658 9104 138787 116579 65856 84897 130394 50344 62619 58054 107464 93311 41366 122207 87181 143213 1512 36030 13998 11566 111281 21981 10606 40934 80761 116896 65576 51458 25516 36225 47779 13980 98853 116896,65576,65204,145658,55 7 29,56 8 30,55,56,63,64,8
qseq_48b5c921e87825ed,discovery,length_64_gap_8,qcluster_discovery_0022,qbank_discovery_26c1a7a48348,14045 47526 27904 77035 56490 83593 145717 69781 122980 147552 59057 95280 83846 65161 45342 53811 19816 113330 142835 17624 18055 4948 128931 98149 18761 84583 111726 48688 52079 69668 80761 128648 134767 146990 145926 12863 22176 25863 36192 40664 103005 3303 34210 118036 22514 21821 129125 97966 90575 69867 43181 96042 80163 25884 81135 123319 10073 54117 22754 63671 101345 5157 25499 123319,10073,134767,25863,55 31 36,56 32 37,55,56,63,64,8
qseq_dfab252eb0f19d8f,discovery,length_64_gap_8,qcluster_discovery_0023,qbank_discovery_26c1a7a48348,106509 120281 105910 145238 103056 88409 132689 46877 16311 1793 31308 3772 28047 59935 99596 20256 92961 144972 8080 59057 59534 66176 110541 119854 151277 96777 110512 3977 85722 121929 37353 87956 58968 115946 106296 21044 123023 127787 64216 40068 137080 117018 107813 95582 109280 115665 27814 70414 63561 40934 98138 104636 132297 64143 3493 85738 92757 22823 34964 9464 57896 18439 32434 85738,92757,70414,59057,55 46 18,56 47 19,55,56,63,64,8
qseq_87a57c19c5fbfc99,discovery,length_64_gap_8,qcluster_discovery_0024,qbank_discovery_26c1a7a48348,58844 23677 256 17873 121086 29091 828 147552 19678 34192 96643 130213 18065 125135 80163 30126 13688 36617 90236 20925 92733 3239 98149 138087 19990 41916 134094 40179 61914 56639 123264 4649 95898 112539 7461 27108 126696 11845 98855 104656 116102 86612 25440 79117 9886 97060 7957 120942 147188 25302 55319 31858 130409 103621 41564 1760 19988 117904 136335 18636 64143 113416 116154 1760,19988,56639,98855,55 28 37,56 29 38,55,56,63,64,8
qseq_0e2343c5494ccbeb,discovery,length_64_gap_8,qcluster_discovery_0025,qbank_discovery_26c1a7a48348,24068 146310 112793 124379 123990 132062 133269 17120 71313 25039 118013 72996 132112 21529 114513 116474 66952 110758 45726 35429 140184 90220 116177 141655 124342 55916 119682 16853 18820 31308 114621 61223 71760 120851 14392 78500 30126 56402 129253 17658 4076 34417 122748 8354 18248 93657 94145 15811 66983 129748 96646 105086 140897 129627 81734 28688 87950 86627 104181 18080 56319 104636 112335 28688,87950,129627,132112,55 52 11,56 53 12,55,56,63,64,8
qseq_79ed1ea1af192cba,discovery,length_64_gap_8,qcluster_discovery_0026,qbank_discovery_26c1a7a48348,138279 4466 18825 18820 71900 88051 94683 141931 69668 78010 121639 57078 150958 54780 115715 43192 106210 111293 61700 106045 69835 77181 64995 55186 83176 80619 9958 150306 138087 121447 71104 149158 150185 114621 94996 53581 39939 95358 140545 42145 95216 24193 41627 93311 8104 130881 25913 37759 42936 42875 145952 38442 101329 96482 12936 126799 13878 133697 126429 90848 65042 55673 132451 126799,13878,65042,54780,55 59 12,56 60 13,55,56,63,64,8
qseq_6b3efb6a1935cb58,discovery,length_64_gap_8,qcluster_discovery_0027,qbank_discovery_26c1a7a48348,80260 76117 123990 51158 26608 124549 62084 96003 85544 149846 53046 61483 23471 75420 120707 88945 83554 33879 57034 98536 88395 91740 147879 87991 72974 133374 36829 104504 46379 24608 113423 40881 112700 126108 113907 66430 68043 68236 553 20863 22110 126592 100093 133748 47305 149228 17092 136352 106296 28219 12863 130953 23245 84401 16103 62047 127053 112540 85008 149655 2536 106287 108442 62047,127053,66430,87991,55 34 22,56 35 23,55,56,63,64,8
qseq_935e53bf052c5232,discovery,length_64_gap_8,qcluster_discovery_0028,qbank_discovery_26c1a7a48348,71509 16868 97966 107826 26233 86940 2249 110512 127372 132413 134979 22186 35057 20536 30878 10732 29944 40024 24362 41627 9880 64081 16579 7171 33913 149748 94059 55310 140226 28851 148524 111849 51673 18080 35054 29795 48681 65853 62169 29204 103798 113990 23056 150027 963 21184 553 14175 2536 69106 111647 135871 96557 40179 32368 4810 126108 8081 16145 37759 41293 115552 134539 4810,126108,30878,9880,55 13 19,56 14 20,55,56,63,64,8
qseq_149f7262409c9db2,discovery,length_64_gap_8,qcluster_discovery_0029,qbank_discovery_26c1a7a48348,74151 77848 66716 28214 127485 73283 13670 8081 80157 121929 29369 24608 121639 22016 43065 13180 135492 144802 5852 115158 81324 141894 137926 98072 117288 76105 46877 40006 42509 6160 80660 75968 67766 27092 29476 71715 81215 103790 137843 112867 145019 59466 7844 34238 59194 113907 80735 80163 100124 17933 145958 129253 24166 90583 5699 22791 38944 83942 51362 83081 137590 65953 5157 22791,38944,113907,7844,55 44 41,56 45 42,55,56,63,64,8
qseq_11641937160f97d0,discovery,length_64_gap_8,qcluster_discovery_0030,qbank_discovery_26c1a7a48348,63506 12895 19647 7127 71994 77854 132451 62378 78756 6579 36085 37969 21228 63658 102213 40179 88979 3075 35054 120053 71121 6949 34501 28214 61131 47035 134120 24523 68436 134467 148498 54200 111630 85520 116177 96646 77645 56402 84718 126244 75460 64918 49562 119636 150326 127482 62047 39283 117264 124838 33950 2369 7153 68529 29204 79603 55449 118916 66631 47237 75420 579 147636 79603,55449,120053,102213,55 18 13,56 19 14,55,56,63,64,8
qseq_805a254b2b072ba4,discovery,length_64_gap_8,qcluster_discovery_0031,qbank_discovery_26c1a7a48348,76958 96514 54254 79498 138332 138124 7725 101039 27394 46756 138023 58558 99082 141655 103607 74041 92137 115588 103056 141009 46978 82491 83879 53244 108434 81662 29476 43010 118638 56983 131217 23516 40024 29944 44891 140770 18856 16326 122551 124900 7820 74472 72577 71385 21818 49641 42296 61841 39208 21958 82891 114184 15959 52667 83804 134811 118013 82271 118693 95497 5880 26358 56719 134811,118013,99082,61841,55 11 46,56 12 47,55,56,63,64,8
qseq_eafd57bdf640e711,discovery,length_64_gap_16,qcluster_discovery_0000,qbank_discovery_26c1a7a48348,127419 9464 52000 10020 65953 45342 136206 119481 34400 30585 106743 118638 63286 39627 109353 57969 78464 106663 24846 19170 124143 35062 128648 97698 64995 17873 62828 150061 29356 81843 123990 99293 56719 15335 79871 97927 16510 102870 134709 144491 8804 2067 62084 29476 29091 121823 130158 53064 56983 132017 96749 81745 144758 122748 106210 143587 139335 5535 42488 94951 134210 118591 86665 53064,56983,62084,134709,47 41 37,48 42 38,47,48,63,64,16
qseq_77a731e8ef225c22,discovery,length_64_gap_16,qcluster_discovery_0001,qbank_discovery_26c1a7a48348,88398 58205 105502 44662 12101 75183 103148 136206 41390 66866 19977 122806 121549 60502 143476 94866 32890 84077 121929 122969 129627 27092 60159 36568 102590 29694 45708 72938 22394 54815 147533 70172 49562 90677 26627 27528 105187 101256 5417 99093 115588 145152 15382 107991 140828 70995 73871 34132 121742 131544 83760 144539 90220 104782 10380 85411 59423 98400 126251 75624 31806 63331 55319 34132,121742,102590,10380,47 23 53,48 24 54,47,48,63,64,16
qseq_11f24123c5f9c2a4,discovery,length_64_gap_16,qcluster_discovery_0002,qbank_discovery_26c1a7a48348,45332 128517 23040 134539 62295 47526 151000 39113 119873 25798 98607 14900 83147 52910 48192 80055 149117 132372 101382 106210 23253 75374 43522 125283 15718 46909 29476 122806 24166 118290 34210 119124 35415 101312 88945 72476 82953 5880 99894 136310 111849 81215 3403 61462 20025 91930 136983 35662 28170 8223 10962 12605 58583 65675 84747 74969 102830 66990 30919 103621 14630 14058 2849 35662,28170,151000,25798,47 5 8,48 6 9,47,48,63,64,16
qseq_ef235b1392544573,discovery,length_64_gap_16,qcluster_discovery_0003,qbank_discovery_26c1a7a48348,103521 94657 111286 1649 2860 121421 123789 143092 109353 141183 116154 16948 79936 112540 77677 11838 10772 141676 29944 52510 39500 78859 61925 121870 9880 98149 83969 144345 2305 66584 132490 121447 127207 39113 3471 53647 15335 36588 11127 110534 104071 12796 3120 150327 7627 131450 38439 136615 75758 126427 33804 37845 13563 2300 13409 34238 40409 73239 83760 2847 66671 132001 151093 136615,75758,110534,121447,47 38 30,48 39 31,47,48,63,64,16
qseq_21043a2fbc7d635c,discovery,length_64_gap_16,qcluster_discovery_0004,qbank_discovery_26c1a7a48348,66038 76710 22971 45778 56735 104782 52802 22589 108035 24449 119636 111424 2758 61941 36714 44396 66628 17933 121438 26087 35244 134281 20318 14551 127971 7590 110918 151294 55401 26498 87691 64078 30979 1284 13688 7843 86102 107180 108199 88382 4839 64407 115207 7361 131917 33804 18311 112161 61483 12322 42825 9026 128517 119444 35965 122218 63478 82491 38332 78939 73394 102830 25039 112161,61483,64407,66628,47 40 15,48 41 16,47,48,63,64,16
qseq_b57ea60b2e7bb4a4,discovery,length_64_gap_16,qcluster_discovery_0005,qbank_discovery_26c1a7a48348,69170 579 36568 96311 80384 28249 106723 74253 132929 110559 117288 121086 106086 145823 34927 19816 59102 1983 51541 49562 29204 78417 18055 126878 18065 117441 129748 2556 50307 92227 131651 91487 66176 7820 30988 39219 148904 43055 12663 60953 79660 81242 89171 140184 55873 95019 75624 22266 110037 84597 94059 130524 117373 94661 68225 131544 89612 141060 33878 40766 145944 39119 29256 22266,110037,39119,92227,47 60 28,48 61 29,47,48,63,64,16
qseq_0629aa148ffa53bb,discovery,length_64_gap_16,qcluster_discovery_0006,qbank_discovery_26c1a7a48348,7047 121086 78009 148671 92438 37740 75977 133119 2804 145926 70346 77645 94467 75489 110025 10019 56719 29694 140005 100124 97353 59381 24846 12893 122969 127031 149228 110597 111982 85642 26045 150027 42124 106371 7673 146064 74898 88945 104514 103013 47053 77426 36889 117822 10606 67113 130524 112793 137159 24186 142223 136352 99489 77927 31858 52000 29340 65204 87127 105268 58283 54646 63561 112793,137159,149228,111982,47 25 27,48 26 28,47,48,63,64,16
qseq_7eeee6657542e8f5,discovery,length_64_gap_16,qcluster_discovery_0007,qbank_discovery_26c1a7a48348,125634 106045 97077 52000 72316 102199 29613 42016 136040 111000 13332 8325 60983 110534 92513 127053 149931 15920 106640 56717 78056 32171 5886 32497 127977 127372 96276 100883 24704 130881 69259 100304 20681 138951 136206 124131 99474 90682 48884 145917 146990 85520 1569 3313 89193 20318 103867 27409 94756 93134 10895 124143 70998 88506 119780 124929 150395 27655 93220 136724 134467 23525 10075 27409,94756,136040,124143,47 7 50,48 8 51,47,48,63,64,16
qseq_f15a63e2fa1b1c58,discovery,length_64_gap_16,qcluster_discovery_0008,qbank_discovery_26c1a7a48348,144345 120851 28071 65187 70172 103867 15283 85591 4330 149848 132017 10772 90967 33913 8781 141795 143213 19076 24905 21660 52802 85973 119376 28370 132531 100211 29412 71546 106618 83754 32138 87991 49837 124457 75968 19769 63903 15959 122218 94928 88098 6772 80435 144491 63658 135237 148209 74233 58526 22296 98536 97745 828 15735 23956 32675 148644 134109 62745 140719 6452 84937 29606 74233,58526,8781,28071,47 13 1,48 14 2,47,48,63,64,16
qseq_a4d593c685b9c648,discovery,length_64_gap_16,qcluster_discovery_0009,qbank_discovery_26c1a7a48348,100929 2369 132413 68698 149158 66985 83407 73292 94974 35562 90534 50213 27814 136443 25039 107561 115158 10962 67383 5157 12177 97496 90583 6004 64216 147552 16489 144640 59302 118845 143365 26025 127485 62539 18299 27196 147663 8325 986 33589 124457 65204 25655 61841 78009 50207 110566 94189 19864 62085 59057 131644 44569 74747 36192 34682 53116 53494 70328 11532 29204 7599 143197 94189,19864,73292,131644,47 6 50,48 7 51,47,48,63,64,16
qseq_8676aaa0b3424a0a,discovery,length_64_gap_16,qcluster_discovery_0010,qbank_discovery_26c1a7a48348,87147 136099 30431 149855 95320 106017 107548 133041 77695 142334 136040 3833 68745 66657 110283 110435 38638 74170 47779 20243 37081 137843 76803 74747 100030 102199 85722 11058 86436 32346 21441 53647 96202 34575 105701 91996 128275 43593 25396 116656 27528 141009 99517 79297 62378 72990 3120 86959 120196 108966 123142 120135 115946 71191 67575 127971 52667 128473 23804 812 79718 108431 101983 86959,120196,27528,34575,47 39 32,48 40 33,47,48,63,64,16
qseq_f7de656a3d8ab297,discovery,length_64_gap_16,qcluster_discovery_0011,qbank_discovery_26c1a7a48348,96640 64179 96482 22791 136310 142410 138442 98879 117591 54587 82421 145465 5852 57054 92735 11026 47772 122180 36597 10889 18439 7047 18299 24166 74190 91729 5417 129681 59296 95572 94866 33798 141471 112110 25573 21660 70614 26558 61841 123336 148530 95418 124900 113330 37218 145701 18761 31930 25068 95497 16917 22952 32434 30900 41205 72996 48124 106609 45140 132531 101256 78325 58927 31930,25068,64179,22952,47 0 50,48 1 51,47,48,63,64,16
qseq_aa48014ae777732e,discovery,length_64_gap_16,qcluster_discovery_0012,qbank_discovery_26c1a7a48348,95563 5852 16201 117828 86357 47653 61941 137080 137089 110118 14719 17326 18460 85609 150525 25499 97247 120959 69835 143213 95358 7725 53213 122894 71104 102565 83605 120583 122151 27288 57099 25110 68018 1793 66430 110541 79538 131651 149000 36043 140407 107550 30770 135871 4026 22589 3772 93182 14900 26710 112816 89683 34588 89690 64824 103840 97698 94734 137022 46502 148846 27228 59423 93182,14900,107550,79538,47 40 35,48 41 36,47,48,63,64,16
qseq_90a86fb10d388bbd,discovery,length_64_gap_16,qcluster_discovery_0013,qbank_discovery_26c1a7a48348,55262 38915 8520 151317 3820 26116 22534 16862 34498 143729 127367 24098 30037 46738 27231 140545 108328 16851 17657 145060 131623 115611 33049 118638 55485 112610 116177 10038 127636 102157 43507 74472 113625 85722 12537 21298 77903 61914 80660 133437 3530 34148 131817 18232 23854 62425 98579 13041 82685 36096 57305 53734 34392 119854 99776 44626 35175 48294 7985 100751 33798 29432 110168 13041,82685,21298,99776,47 34 53,48 35 54,47,48,63,64,16
qseq_fb4374f080917256,discovery,length_64_gap_16,qcluster_discovery_0014,qbank_discovery_26c1a7a48348,148408 125944 61890 2070 87950 828 70110 124838 130803 80435 34498 71900 91081 119122 92280 62619 43292 99499 101993 22296 95110 4839 104782 100030 107056 115158 57889 45121 111630 129309 150683 106723 57806 70746 142076 50213 39649 138279 83554 88679 2736 3259 87753 106100 5370 25779 13622 133931 66023 29890 78010 68018 97247 86526 128249 121639 66571 75485 20663 56490 136206 118653 145210 133931,66023,50213,115158,47 34 24,48 35 25,47,48,63,64,16
qseq_5a91d090931a172c,discovery,length_64_gap_16,qcluster_discovery_0015,qbank_discovery_26c1a7a48348,1983 32368 35595 133676 128249 31308 1424 66689 151273 24867 15235 38712 112882 31031 97154 74151 10020 128517 108431 61628 29695 120307 92652 67167 89239 110512 62521 99117 40766 71810 29356 99548 113416 83879 131914 118430 39283 32551 78464 145717 51391 108966 48884 125857 40024 139703 16311 126390 82435 149848 4108 110025 73242 21843 128774 8223 150027 138951 83846 66038 80283 76268 55518 126390,82435,128774,32368,47 53 0,48 54 1,47,48,63,64,16
qseq_0ffcc7c88e5deadb,discovery,length_64_gap_16,qcluster_discovery_0016,qbank_discovery_26c1a7a48348,11159 50305 57806 46502 64143 111982 20025 31421 12796 119326 14303 128417 65865 64360 51152 48294 68018 95563 54646 148149 58526 33221 9026 34675 94671 26047 9013 23854 16388 149331 30294 22967 17675 143794 136206 6143 88051 67544 4776 26678 64827 79355 142265 123990 147469 14719 46877 105784 81861 131671 149804 8354 151396 56887 117828 49274 14761 73242 1773 149783 31462 2710 60269 105784,81861,128417,46877,47 10 45,48 11 46,47,48,63,64,16
qseq_5da034f2ef22dd95,discovery,length_64_gap_16,qcluster_discovery_0017,qbank_discovery_26c1a7a48348,56221 59431 121929 117591 134217 94880 145917 24981 46557 69106 87422 40098 33878 42308 20318 76262 46710 79871 150958 53187 118535 117904 45726 36829 151359 112335 130158 32014 20349 85753 16311 104289 42354 58336 90968 30979 123484 11463 20436 25176 28688 75871 84470 44730 84401 142829 113423 116145 146850 48837 37639 80283 41926 52319 46065 35493 21639 50344 84826 132062 25655 150314 7950 116145,146850,84826,104289,47 57 30,48 58 31,47,48,63,64,16
qseq_3585a823b2dd2836,discovery,length_64_gap_16,qcluster_discovery_0018,qbank_discovery_26c1a7a48348,127053 109184 34772 41322 10341 139682 97840 128275 60059 36588 1394 90152 148904 145701 39777 76842 42941 113040 46596 91740 6399 149421 33804 88406 41936 105378 63084 66192 31473 54798 74484 105090 70485 99093 127485 44674 63394 141471 145141 138352 33123 136983 52731 10457 21708 32675 7627 66352 103732 64524 30770 26627 22509 137843 4810 28469 86829 138680 59961 72628 29447 47053 23350 66352,103732,148904,128275,47 11 6,48 12 7,47,48,63,64,16
qseq_f892f6508fa2bef1,discovery,length_64_gap_16,qcluster_discovery_0019,qbank_discovery_26c1a7a48348,125475 110371 74476 58791 88395 62085 83450 75977 2334 145926 25440 108029 120851 127372 116146 150881 66277 108875 88406 46782 1983 7461 145136 6009 18825 21788 102729 32188 14689 41561 129709 87753 88098 47887 35965 81599 91996 53046 135492 34501 4091 67842 124457 61202 86762 136818 44864 61664 58054 100112 41627 79622 32368 75871 69972 106876 40142 115252 130235 142223 119772 39313 65115 61664,58054,58791,79622,47 2 50,48 3 51,47,48,63,64,16
qseq_777463f8a7f6869e,discovery,length_64_gap_16,qcluster_discovery_0020,qbank_discovery_26c1a7a48348,99719 54937 27865 146288 138730 8794 24004 127661 21981 40937 9202 113735 126502 37431 123142 130953 118290 24830 124131 81832 145717 8512 126635 83190 57054 149228 105577 88218 36192 27231 16917 116556 111691 38332 31369 144984 17821 38938 84077 134827 79297 30546 49049 107903 84470 127296 48162 138155 68225 104609 141956 94810 46260 103058 76750 122894 108328 32346 32820 71900 69831 53339 137901 138155,68225,79297,8794,47 39 4,48 40 5,47,48,63,64,16
qseq_5d88f5d01f7d0b99,discovery,length_64_gap_16,qcluster_discovery_0021,qbank_discovery_26c1a7a48348,85294 58844 21821 16746 151277 91442 89464 20346 116896 9825 82169 151000 47467 32188 85311 3259 125365 40700 119106 87623 106045 2847 64892 36983 4391 132490 39119 133382 82250 31918 13914 48579 68628 106287 64311 5962 132436 112779 38442 37520 115158 25110 57574 130803 149117 49274 75489 138742 72854 93657 71428 23630 6077 61569 4189 66348 127207 127636 125217 69668 97017 27655 102590 138742,72854,21821,89464,47 1 5,48 2 6,47,48,63,64,16
qseq_79bede05d9100eaf,discovery,length_64_gap_16,qcluster_discovery_0022,qbank_discovery_26c1a7a48348,128249 91962 65853 53647 100732 7215 104782 64827 51181 26045 64081 29158 110597 141662 69308 120941 41564 69775 107464 14323 110512 39313 63671 133699 90220 142265 14551 76757 80283 111835 37718 86432 84880 112442 12768 124457 34401 98138 34155 83656 112610 125896 32346 122748 97087 61890 41293 110371 20940 104299 120492 35562 29412 147956 57220 123518 136443 28370 2249 95417 95019 14812 10402 110371,20940,110512,122748,47 19 42,48 20 43,47,48,63,64,16
qseq_eac5435e5dfdba1c,discovery,length_64_gap_16,qcluster_discovery_0023,qbank_discovery_26c1a7a48348,131623 100030 44499 112319 62295 113907 106247 74272 73242 84312 2593 46010 71299 144380 29447 29653 144292 29890 117591 76268 101983 139212 94850 85311 79808 7171 132929 69308 45758 109478 59936 81832 1284 68871 53139 119350 137492 21958 135804 52058 75025 7153 33756 58714 141353 30092 145450 10909 17771 13073 40937 140719 43132 66825 104921 95497 87641 41761 68358 1876 26692 136099 108576 10909,17771,135804,46010,47 37 10,48 38 11,47,48,63,64,16
qseq_7606deb38e2f61ac,discovery,length_64_gap_16,qcluster_discovery_0024,qbank_discovery_26c1a7a48348,103656 83850 54202 80148 51783 149612 94877 104630 81102 105587 88370 68291 86829 79233 86659 97524 59166 96643 90151 88487 18226 54848 117965 144400 50062 40465 59750 32990 48192 6452 34192 56639 40067 23697 10194 3120 133931 136986 76710 14219 2748 6761 99154 131152 36597 142142 10909 13688 83760 127120 3217 114676 127787 46738 95019 80168 3221 17674 42509 108679 136436 76803 62868 13688,83760,127787,136436,47 51 59,48 52 60,47,48,63,64,16
qseq_bdc4295a63909b60,discovery,length_64_gap_16,qcluster_discovery_0025,qbank_discovery_26c1a7a48348,76077 17674 60159 66487 63084 29256 41213 115930 2007 75667 112161 118693 128911 81843 124875 120997 18313 106618 144744 138211 109536 60060 147405 98058 85619 42060 26116 40679 112610 71191 119832 40881 552 110037 2849 118036 13725 54510 148300 5319 65256 118882 114512 122180 94923 85973 138967 38424 25913 130394 44969 44499 85127 33695 142410 116579 113423 834 27191 87146 77928 90575 3221 38424,25913,148300,85619,47 37 23,48 38 24,47,48,63,64,16
qseq_849ec4ac729a733f,discovery,length_64_gap_16,qcluster_discovery_0026,qbank_discovery_26c1a7a48348,84919 13073 96087 74476 38973 72080 141679 4330 150210 33294 100021 91962 41936 4776 117531 115267 94467 13878 32137 123456 141956 111293 59166 149983 100124 83108 50062 95481 137761 115498 97745 98518 55518 146850 129125 134811 30271 92735 7461 4372 88536 66735 112566 115042 99719 120877 101346 62130 7665 90402 150189 100211 39129 110541 7721 38815 136436 111344 20671 72429 9059 65501 59665 62130,7665,83108,98518,47 24 30,48 25 31,47,48,63,64,16
qseq_49e7e0deeaf9591c,discovery,length_64_gap_16,qcluster_discovery_0027,qbank_discovery_26c1a7a48348,77924 37845 71893 134697 31265 27711 89554 19983 130974 147581 69353 83195 52910 22778 8421 133699 90151 104474 122796 17071 147128 114197 69301 30271 110884 29676 59057 12275 68917 4005 130394 64653 74495 106522 14630 9511 127971 20847 39777 39330 132719 69487 34155 25884 42253 72804 24131 42296 102288 94159 119172 10942 131623 90933 112261 135699 141931 20837 62295 123264 72316 16308 12893 42296,102288,119172,30271,47 49 22,48 50 23,47,48,63,64,16
qseq_c9c419b44f6f22b1,discovery,length_64_gap_16,qcluster_discovery_0028,qbank_discovery_26c1a7a48348,118482 125475 85775 135905 62620 130407 5599 59133 4887 131544 80135 10038 122566 125280 64296 68745 80475 136724 7153 44453 85235 31031 97353 8225 107367 108966 143197 9880 86008 21981 111139 79662 120942 118050 59431 84826 89690 29158 112261 83195 101983 76842 114514 45121 117289 138967 86466 120717 43420 103013 36656 143008 149211 107056 24792 56719 26045 87199 132490 33221 115930 105630 10895 120717,43420,115930,59133,47 59 6,48 60 7,47,48,63,64,16
qseq_84a9980cefdd3881,discovery,length_64_gap_16,qcluster_discovery_0029,qbank_discovery_26c1a7a48348,20256 58526 34238 62953 83190 132725 26710 26187 78415 96311 59296 135171 77474 103798 126429 146302 95019 144766 148660 23630 12049 84747 76262 81810 86958 44396 85232 129590 89554 79308 83156 90933 11532 109280 134892 84219 56471 133566 125017 125789 87128 144712 40700 113209 73117 16798 67525 78500 116579 135859 36788 129125 122431 59789 83554 145547 145944 127787 127636 35761 56109 104599 96777 78500,116579,145547,12049,47 54 19,48 55 20,47,48,63,64,16
qseq_8d92e62b78a7b02e,discovery,length_64_gap_16,qcluster_discovery_0030,qbank_discovery_26c1a7a48348,14219 28851 42191 74151 32708 57099 22791 102725 88637 53453 71760 123484 11856 8376 150210 60159 111726 145823 120583 22967 15235 11474 68093 29133 90967 143974 58526 41992 67857 24546 14719 54200 40664 132925 65947 112940 83967 19412 34362 105090 124549 82095 74349 131837 83850 145717 147128 104609 63410 72177 6345 125050 110179 16311 137901 13914 12322 134555 148347 146738 131904 38823 105630 104609,63410,22967,42191,47 18 1,48 19 2,47,48,63,64,16
qseq_e1a68e8c04598860,discovery,length_64_gap_16,qcluster_discovery_0031,qbank_discovery_26c1a7a48348,52174 45158 54937 20925 97733 93659 38239 11467 76268 96591 87127 70390 31473 136036 2786 142365 50305 94645 635 121421 151165 60298 26710 94877 20547 144880 30566 102157 57534 40465 41627 96557 122151 106042 19705 90804 25167 76077 13041 15744 129652 134527 36969 36897 2758 1569 24186 62939 137144 9104 39411 2540 145465 27893 51190 56109 44105 103827 147163 73426 132297 64653 132853 62939,137144,39411,94645,47 49 16,48 50 17,47,48,63,64,16
qseq_2ee1d61a83d5397b,head_fit,length_32_gap_8,qcluster_head_fit_0000,qbank_head_fit_e7f981d47353,116028 7466 60177 131146 19530 138005 11153 151297 2838 84211 70438 16004 38711 148258 73286 130785 7417 115125 25833 82829 14047 5985 106967 99027 131259 39671 107746 137344 58381 54249 55500 99027,131259,25833,11153,23 17 5,24 18 6,23,24,31,32,8
qseq_e9cdf3a9317bdba2,head_fit,length_32_gap_8,qcluster_head_fit_0001,qbank_head_fit_e7f981d47353,144697 151078 123422 119928 44766 135817 17886 150379 93805 12943 57864 54930 105411 147565 12067 55453 147412 149883 103695 122121 148526 105450 1644 102501 52641 135779 89487 103851 42186 7369 78427 102501,52641,7369,147565,23 28 12,24 29 13,23,24,31,32,8
qseq_aa22a3d6454d9b1b,head_fit,length_32_gap_8,qcluster_head_fit_0002,qbank_head_fit_e7f981d47353,123322 62999 131471 116983 56353 19007 108181 9076 149941 130140 35631 73497 69745 109591 76612 48879 147412 23721 43783 116400 24972 61356 54053 19352 48732 67446 50124 44922 130951 147000 130664 19352,48732,149941,61356,23 7 20,24 8 21,23,24,31,32,8
qseq_28862be341979ace,head_fit,length_32_gap_8,qcluster_head_fit_0003,qbank_head_fit_e7f981d47353,134902 87276 14541 61344 28871 130118 53458 7435 79555 36569 16415 72892 104791 103413 2163 144900 73222 145035 71896 148794 121318 83008 6397 53510 12280 147297 123599 96909 12392 105946 41736 53510,12280,83008,105946,23 20 28,24 21 29,23,24,31,32,8
qseq_9e2fe8e0ef5787f1,head_fit,length_32_gap_8,qcluster_head_fit_0004,qbank_head_fit_e7f981d47353,42233 139087 100506 18332 15767 66903 80920 144396 95368 91186 127877 144799 28096 134249 133923 131471 33271 11628 115998 137624 97669 47243 87834 150541 73611 127366 109445 32765 124216 110893 61346 150541,73611,47243,144799,23 20 10,24 21 11,23,24,31,32,8
qseq_05d101f31c901ae4,head_fit,length_32_gap_8,qcluster_head_fit_0005,qbank_head_fit_e7f981d47353,117126 113514 29031 103695 2896 15122 76878 85920 122121 66911 35056 78693 20645 3363 1637 132632 148815 145536 90849 21131 96521 149364 120140 24916 127302 85886 115215 35822 32175 62751 82866 24916,127302,96521,20645,23 19 11,24 20 12,23,24,31,32,8
qseq_ce7108ad65bf4090,head_fit,length_32_gap_8,qcluster_head_fit_0006,qbank_head_fit_e7f981d47353,108450 46627 29615 106392 78103 107735 80221 137624 30806 99663 135442 67510 72253 104159 46223 811 58518 31683 53055 119994 41095 31456 79028 6569 93608 39004 126793 99860 111277 14541 46063 6569,93608,29615,67510,23 1 10,24 2 11,23,24,31,32,8
qseq_16fb6c75f25c9c43,head_fit,length_32_gap_8,qcluster_head_fit_0007,qbank_head_fit_e7f981d47353,58256 90162 106190 100686 86488 17374 89096 96940 120949 20326 119910 13148 106977 70929 125732 65235 74338 33139 13365 16843 88775 35357 50289 97552 109809 44561 70694 51893 50750 113443 78699 97552,109809,51893,119910,23 26 9,24 27 10,23,24,31,32,8
qseq_31204d26a9cb4927,head_fit,length_32_gap_8,qcluster_head_fit_0008,qbank_head_fit_e7f981d47353,94441 60849 118180 112015 17893 74359 60867 114372 115574 99539 18917 93687 100999 74195 110997 51893 56783 137244 74744 7498 134902 124169 11719 131890 39653 28775 106626 107423 130986 90003 88721 131890,39653,60849,74744,23 0 17,24 1 18,23,24,31,32,8
qseq_2fa2abacc88e1f47,head_fit,length_32_gap_8,qcluster_head_fit_0009,qbank_head_fit_e7f981d47353,23917 74627 109086 44523 130432 126539 2145 38787 127301 118670 110096 97847 78396 135345 25836 53903 37099 1085 103641 10551 134124 43315 121532 130071 41597 47224 55876 87488 120721 98374 15650 130071,41597,53903,121532,23 14 21,24 15 22,23,24,31,32,8
qseq_2fda9b5960bd90b5,head_fit,length_32_gap_8,qcluster_head_fit_0010,qbank_head_fit_e7f981d47353,120628 145993 88001 12454 96909 105888 6223 111993 123655 91387 4758 59079 91080 3465 102949 115314 138566 53438 64522 114205 144449 17488 135345 3074 23658 23405 84856 24668 43799 57856 79410 3074,23658,111993,53438,23 6 16,24 7 17,23,24,31,32,8
qseq_3d0c678266c3f17b,head_fit,length_32_gap_8,qcluster_head_fit_0011,qbank_head_fit_e7f981d47353,78025 45655 79755 75479 8375 36407 18046 56935 141634 36697 126294 5127 63989 15258 45920 93329 77280 35709 18195 105129 12629 32634 129139 88741 134663 25269 82081 78693 85950 86535 110260 88741,134663,32634,86535,23 20 28,24 21 29,23,24,31,32,8
qseq_9729415e060aaa0c,head_fit,length_32_gap_8,qcluster_head_fit_0012,qbank_head_fit_e7f981d47353,44238 85281 29030 101702 120977 16698 91140 110377 93206 129877 96733 107067 440 44561 35712 17531 73976 128071 85744 14789 103554 56929 72732 115381 116062 60573 142687 537 9481 35808 29521 115381,116062,120977,129877,23 3 8,24 4 9,23,24,31,32,8
qseq_c4b4de50e95d5738,head_fit,length_32_gap_8,qcluster_head_fit_0013,qbank_head_fit_e7f981d47353,7466 56285 77667 114846 3787 97258 149569 45716 77086 52524 111368 103301 15834 46643 65709 143286 104261 95894 11783 69522 79501 14130 117894 22935 67573 17648 144295 100163 55295 27932 35699 22935,67573,79501,27932,23 19 28,24 20 29,23,24,31,32,8
qseq_cb5ef4e40441ebe7,head_fit,length_32_gap_8,qcluster_head_fit_0014,qbank_head_fit_e7f981d47353,26307 56151 136913 24775 58533 32765 102769 15205 64770 73173 25937 43670 126732 103379 6072 86808 124230 119384 132126 39981 4511 131618 126687 37385 142594 84700 21812 150298 97552 77086 66863 37385,142594,43670,15205,23 10 6,24 11 7,23,24,31,32,8
qseq_f8dcb7f8c1407d05,head_fit,length_32_gap_8,qcluster_head_fit_0015,qbank_head_fit_e7f981d47353,92754 11153 42710 64608 45499 28801 133197 77712 50411 87030 25836 17564 14403 3689 59411 35712 12785 1632 2883 37826 93550 96682 2831 147652 81005 120354 150581 33271 130142 88495 9317 147652,81005,50411,96682,23 7 20,24 8 21,23,24,31,32,8
qseq_993c623c6875456c,head_fit,length_32_gap_8,qcluster_head_fit_0016,qbank_head_fit_e7f981d47353,19057 146568 77213 98374 109413 81009 63359 53663 123988 63595 81079 143472 82064 103874 102485 17003 65404 60160 61344 144257 59020 97648 117462 139844 431 134972 28833 100477 15372 107314 64608 139844,431,61344,100477,23 17 26,24 18 27,23,24,31,32,8
qseq_4d14be472bb0aa91,head_fit,length_32_gap_8,qcluster_head_fit_0017,qbank_head_fit_e7f981d47353,42097 54527 113979 6001 135607 20524 31873 72660 61871 95836 12067 56774 50014 32072 18195 90184 37245 148492 68814 120767 9076 121798 82840 73646 122769 58868 73356 8098 82412 25186 73173 73646,122769,120767,54527,23 18 0,24 19 1,23,24,31,32,8
qseq_79315c4c92371a7a,head_fit,length_32_gap_8,qcluster_head_fit_0018,qbank_head_fit_e7f981d47353,142244 149838 66903 132974 66453 58820 75524 115215 95613 71020 109288 77391 29037 89512 95198 26153 3664 19063 144025 139215 145035 89235 90053 145367 149045 85084 73496 59207 140138 17886 112534 145367,149045,59207,145035,23 26 19,24 27 20,23,24,31,32,8
qseq_e75e0512196a1a43,head_fit,length_32_gap_8,qcluster_head_fit_0019,qbank_head_fit_e7f981d47353,129971 69961 116807 126793 115474 8098 117886 148285 133424 64934 51516 39758 37202 38711 25294 48127 66612 23442 98249 34061 24917 24775 52296 21250 11989 133717 100999 147565 62942 45053 149019 21250,11989,39758,66612,23 10 15,24 11 16,23,24,31,32,8
qseq_66071a376c509d46,head_fit,length_32_gap_8,qcluster_head_fit_0020,qbank_head_fit_e7f981d47353,72224 79501 83692 134537 75031 105828 3340 33914 150874 132745 134902 132102 2291 42773 28096 7900 42709 44661 73595 100464 32486 97198 106085 116951 124230 40263 65404 52151 84211 142687 112234 116951,124230,2291,28096,23 11 13,24 12 14,23,24,31,32,8
qseq_8e85dbb2a357493b,head_fit,length_32_gap_8,qcluster_head_fit_0021,qbank_head_fit_e7f981d47353,47927 14254 29031 55905 53709 95372 34850 71152 53663 97648 59330 105359 75951 118902 61965 30920 29037 107525 88439 126798 98374 43730 121219 62751 147386 63359 69239 55999 58495 94624 110706 62751,147386,107525,55999,23 16 26,24 17 27,23,24,31,32,8
qseq_9350381237ced9d2,head_fit,length_32_gap_8,qcluster_head_fit_0022,qbank_head_fit_e7f981d47353,140236 132555 30559 39728 138141 58533 82840 59653 53709 108660 131731 108983 2831 57626 68002 19846 53294 34452 66050 142132 94891 17886 112004 132917 147613 41944 41107 151526 64473 6397 40244 132917,147613,41107,53294,23 25 15,24 26 16,23,24,31,32,8
qseq_7a6597fd1235e9d4,head_fit,length_32_gap_8,qcluster_head_fit_0023,qbank_head_fit_e7f981d47353,84389 125194 73470 29037 72249 16690 23377 60252 22338 59902 59086 126889 100832 111220 14343 26598 140986 19405 52742 2418 103716 54286 110942 116860 15132 94730 2924 123866 138484 57413 86918 116860,15132,60252,57413,23 6 28,24 7 29,23,24,31,32,8
qseq_d074baa587d04823,head_fit,length_32_gap_8,qcluster_head_fit_0024,qbank_head_fit_e7f981d47353,143262 79490 150954 127189 127865 14838 147409 28801 134815 26383 102901 30402 110260 105711 54395 149019 136893 7419 105359 132555 83777 102615 120526 138487 3875 11906 60252 54053 18924 138590 85347 138487,3875,18924,30402,23 27 10,24 28 11,23,24,31,32,8
qseq_ac772020816c3c91,head_fit,length_32_gap_8,qcluster_head_fit_0025,qbank_head_fit_e7f981d47353,12656 116951 109288 56382 30806 123909 115725 111111 65235 41176 8323 116986 12824 54151 57362 11475 78396 139250 85648 83640 36977 99481 99309 35357 90888 26218 22866 102901 60285 50501 136127 35357,90888,99481,102901,23 20 26,24 21 27,23,24,31,32,8
qseq_41001fd842e70a48,head_fit,length_32_gap_8,qcluster_head_fit_0026,qbank_head_fit_e7f981d47353,26383 9874 34605 96322 64173 133251 30351 134164 142665 97410 23270 43700 24916 140525 103697 54930 19792 140358 32998 119928 71685 30603 129486 10000 21048 51048 135223 74748 8905 133044 139087 10000,21048,139087,129486,23 29 21,24 30 22,23,24,31,32,8
qseq_f28de921cb7d1e9b,head_fit,length_32_gap_8,qcluster_head_fit_0027,qbank_head_fit_e7f981d47353,119041 60580 99864 125732 96682 119862 147837 148258 102345 74288 80704 36861 97267 73222 20572 64487 72883 64333 14541 128516 99054 74335 92119 46348 11674 23721 146659 38306 147543 150957 2085 46348,11674,64487,64333,23 14 16,24 15 17,23,24,31,32,8
qseq_a1102d3ebfeab271,head_fit,length_32_gap_8,qcluster_head_fit_0028,qbank_head_fit_e7f981d47353,91945 141170 79634 134902 6568 123482 4309 58767 60848 82412 135397 115056 39471 140022 146044 119389 111929 54334 2338 3875 44060 34850 57037 19262 88152 1500 111969 19625 116976 69323 141019 19262,88152,2338,115056,23 17 10,24 18 11,23,24,31,32,8
qseq_4bb9145f833df680,head_fit,length_32_gap_8,qcluster_head_fit_0029,qbank_head_fit_e7f981d47353,17003 93200 85137 85314 78932 79447 69354 85770 51119 39981 148730 69277 114640 77622 86633 131200 5030 86375 129670 139999 80102 3954 114000 77282 62166 97552 14993 90888 49312 103144 48732 77282,62166,114640,69354,23 11 5,24 12 6,23,24,31,32,8
qseq_e16ab0ab8c77afa5,head_fit,length_32_gap_8,qcluster_head_fit_0030,qbank_head_fit_e7f981d47353,43358 130770 147978 8021 33171 37589 75539 12656 12076 6492 107568 136916 64333 1021 131860 128859 32927 56774 53458 36861 49312 48073 79490 145273 137994 33479 44766 73666 24917 18068 84084 145273,137994,79490,44766,23 21 25,24 22 26,23,24,31,32,8
qseq_a8b2268b8b4b3931,head_fit,length_32_gap_8,qcluster_head_fit_0031,qbank_head_fit_e7f981d47353,18217 27728 142284 59737 81441 104697 137683 131742 107750 35409 103379 13052 58047 75479 76219 5583 45569 6733 145273 54984 111368 43690 68918 7222 148730 89421 66911 74945 109010 70841 57673 7222,148730,107750,81441,23 7 3,24 8 4,23,24,31,32,8
qseq_f2e7f3181492d336,head_fit,length_32_gap_8,qcluster_head_fit_0032,qbank_head_fit_e7f981d47353,66443 24917 100832 17198 71215 53050 25911 46660 90162 117894 56904 130118 112935 64907 92257 116986 147662 58315 477 140683 73282 121581 79324 43602 58533 82506 99898 123473 17777 89235 17000 43602,58533,121581,92257,23 20 13,24 21 14,23,24,31,32,8
qseq_7e7738f4b141fb15,head_fit,length_32_gap_8,qcluster_head_fit_0033,qbank_head_fit_e7f981d47353,31569 95948 35527 4022 142555 100237 88914 119982 21455 38360 92261 109086 40386 25836 91387 39804 21236 8883 46186 16827 88587 22475 120526 102497 18195 37589 81327 105412 135779 55491 109413 102497,18195,88587,135779,23 19 27,24 20 28,23,24,31,32,8
qseq_85dd3f95be8757e3,head_fit,length_32_gap_8,qcluster_head_fit_0034,qbank_head_fit_e7f981d47353,19915 141454 56285 77391 100105 146694 95905 80221 123964 41741 135995 98941 93129 12785 137456 86447 84313 51829 109851 74434 63453 111929 85314 66570 93601 34070 110028 12962 127301 148888 141514 66570,93601,111929,141514,23 20 29,24 21 30,23,24,31,32,8
qseq_d90ddd0b88dcc890,head_fit,length_32_gap_8,qcluster_head_fit_0035,qbank_head_fit_e7f981d47353,50162 92603 135995 3363 112697 56793 126732 41607 22866 124363 48649 56200 77384 59703 102233 146295 130269 150298 99651 145189 102580 118450 138472 92977 37992 88700 138207 80102 111927 124777 46727 92977,37992,80102,48649,23 26 9,24 27 10,23,24,31,32,8
qseq_f22f5e49caa31ccf,head_fit,length_32_gap_8,qcluster_head_fit_0036,qbank_head_fit_e7f981d47353,27005 117910 72999 117947 8441 131148 64525 24168 43670 110188 55771 151297 126375 17372 43436 8952 1029 14943 95887 148889 14789 142768 44762 84143 90137 121926 109851 102360 19792 141456 30998 84143,90137,151297,95887,23 10 17,24 11 18,23,24,31,32,8
qseq_fd1f64e170934cde,head_fit,length_32_gap_8,qcluster_head_fit_0037,qbank_head_fit_e7f981d47353,70694 54775 80665 60347 112260 95894 71555 2854 98525 36977 45740 93841 2418 105347 43963 106085 107316 18924 29755 72249 102459 121485 68918 27976 135397 107498 66195 141084 69951 6782 123866 27976,135397,107316,112260,23 15 3,24 16 4,23,24,31,32,8
qseq_a4e2a992ebc43c2c,head_fit,length_32_gap_8,qcluster_head_fit_0038,qbank_head_fit_e7f981d47353,76352 143554 68345 23602 87834 9936 4704 115229 104918 105989 62942 23733 150847 11268 39903 141231 43700 111066 48785 42233 72836 122739 79950 118180 114640 133077 98301 130785 14838 17531 87811 118180,114640,23602,115229,23 2 6,24 3 7,23,24,31,32,8
qseq_de00e04eb8a28ebd,head_fit,length_32_gap_8,qcluster_head_fit_0039,qbank_head_fit_e7f981d47353,45499 28556 85744 39791 45053 48700 117859 126732 78167 30030 117891 11854 77557 33479 107665 76899 67482 83008 10377 141170 132005 87279 130951 149935 8441 72331 6844 108950 70679 78103 137994 149935,8441,30030,141170,23 8 18,24 9 19,23,24,31,32,8
qseq_a1e606dc801327d7,head_fit,length_32_gap_8,qcluster_head_fit_0040,qbank_head_fit_e7f981d47353,69443 117492 106558 111461 132378 112027 73595 137900 145037 119203 106392 134164 150071 142973 58631 2795 105411 106085 93665 130101 128350 115314 19826 59054 109352 141514 61242 38715 4802 133304 39758 59054,109352,145037,115314,23 7 20,24 8 21,23,24,31,32,8
qseq_cd48fa645ad7a261,head_fit,length_32_gap_8,qcluster_head_fit_0041,qbank_head_fit_e7f981d47353,108500 91649 94327 132495 85228 129897 72708 35444 54090 94980 60177 90368 72892 147900 20291 5542 75434 146636 56926 117183 41831 63722 120949 123322 96660 81555 29012 46277 130831 56504 73209 123322,96660,72892,56504,23 11 28,24 12 29,23,24,31,32,8
qseq_179fd9c359339a02,head_fit,length_32_gap_8,qcluster_head_fit_0042,qbank_head_fit_e7f981d47353,150541 97377 4835 127366 30143 98715 87276 19558 53709 128983 95463 87928 110537 115838 36516 141456 121214 95836 15195 13482 66897 71052 128737 26332 40310 106136 148775 145536 75434 85360 115725 26332,40310,15195,19558,23 17 6,24 18 7,23,24,31,32,8
qseq_879b8a664850625a,head_fit,length_32_gap_8,qcluster_head_fit_0043,qbank_head_fit_e7f981d47353,3871 60277 93608 31053 34070 13482 134537 53438 79490 140683 122769 74288 91126 124216 90545 56774 92857 135223 11455 51516 118771 53055 121208 22475 146659 93200 13561 73173 79242 99054 57402 22475,146659,13482,53438,23 4 6,24 5 7,23,24,31,32,8
qseq_d80981347689ae6e,head_fit,length_32_gap_8,qcluster_head_fit_0044,qbank_head_fit_e7f981d47353,148258 61285 37099 58408 46223 51516 28748 113291 22844 56151 112418 64522 111589 5465 73789 22935 42853 133251 93329 132842 74100 74309 10169 99891 143262 122923 101754 120999 23658 113191 1656 99891,143262,1656,22935,23 29 14,24 30 15,23,24,31,32,8
qseq_831f1da03755b078,head_fit,length_32_gap_8,qcluster_head_fit_0045,qbank_head_fit_e7f981d47353,108489 12159 9369 18443 61475 53565 63150 53288 98012 15413 14815 25130 107692 109824 97790 147662 29259 107210 111368 8757 74947 35475 82506 129706 704 22913 23310 130570 131277 117947 62751 129706,704,63150,130570,23 5 26,24 6 27,23,24,31,32,8
qseq_6ee17ef58d842e7f,head_fit,length_32_gap_8,qcluster_head_fit_0046,qbank_head_fit_e7f981d47353,57925 80977 129379 63079 76617 135266 51256 94165 6232 5697 55500 142675 96933 93194 21236 67828 79056 40386 70161 56504 71052 9317 18443 105454 62166 10978 88122 13436 84045 116934 77036 105454,62166,80977,51256,23 0 5,24 1 6,23,24,31,32,8
qseq_9097342a82c0ded8,head_fit,length_32_gap_8,qcluster_head_fit_0047,qbank_head_fit_e7f981d47353,7419 28351 102652 59411 31320 61285 83780 41953 49548 107750 128718 143472 31683 41794 108500 126917 85450 43394 113406 75993 86345 93754 14877 1565 59695 81555 93635 60316 145367 147692 86396 1565,59695,41794,93754,23 12 20,24 13 21,23,24,31,32,8
qseq_240852dc93044347,head_fit,length_32_gap_8,qcluster_head_fit_0048,qbank_head_fit_e7f981d47353,8898 149916 130140 28096 90127 78103 43436 24917 109043 133013 119219 10720 14838 104918 25360 33175 24591 41403 16424 135670 4835 98705 75135 51803 138723 38854 108958 90507 49373 15132 59305 51803,138723,75135,90507,23 21 26,24 22 27,23,24,31,32,8
qseq_a63f57ec11d787cb,head_fit,length_32_gap_8,qcluster_head_fit_0049,qbank_head_fit_e7f981d47353,69951 36157 57856 93635 106913 28009 142569 107067 84421 31569 130770 28020 97267 53109 30999 30581 125340 93468 71498 5597 147000 3861 141746 118419 42764 82506 46618 26230 98733 35161 127865 118419,42764,106913,141746,23 3 21,24 4 22,23,24,31,32,8
qseq_6c78ac3750eaa186,head_fit,length_32_gap_8,qcluster_head_fit_0050,qbank_head_fit_e7f981d47353,147884 77421 126991 105412 37979 149916 32110 143523 18609 22362 150577 28486 103021 147142 26981 77534 56904 47682 30143 94301 86633 122255 48073 38327 6397 109079 138372 107735 139861 12118 33531 38327,6397,47682,139861,23 16 27,24 17 28,23,24,31,32,8
qseq_ef2bf775ae85cf2b,head_fit,length_32_gap_8,qcluster_head_fit_0051,qbank_head_fit_e7f981d47353,91649 85451 75434 40835 92195 14815 34377 61016 62303 75989 108108 51024 120590 93527 20709 126574 84330 69332 85829 94441 126439 140128 72521 132044 12325 12088 150123 77557 135941 22948 5697 132044,12325,135941,108108,23 27 9,24 28 10,23,24,31,32,8
qseq_da2245a3f76fc47b,head_fit,length_32_gap_8,qcluster_head_fit_0052,qbank_head_fit_e7f981d47353,128718 24964 6568 41966 1317 105965 137513 8635 74748 111289 28066 96436 68631 71965 73497 63908 131890 44393 71841 6223 109518 44563 63096 16424 122744 96186 69286 83100 84719 113378 2065 16424,122744,111289,105965,23 8 4,24 9 5,23,24,31,32,8
qseq_4a484719c3bbc2ba,head_fit,length_32_gap_8,qcluster_head_fit_0053,qbank_head_fit_e7f981d47353,6733 56504 111970 60961 65560 85828 119820 125284 18443 138566 50055 24591 25360 71841 32205 4215 43914 142284 84700 60347 1060 5677 146645 92708 72002 2924 63364 85314 107665 46465 55771 92708,72002,85828,50055,23 4 9,24 5 10,23,24,31,32,8
qseq_03b10e976b66ecfe,head_fit,length_32_gap_8,qcluster_head_fit_0054,qbank_head_fit_e7f981d47353,85462 64498 97377 41755 43453 78005 133120 104363 73412 6728 127466 41270 32664 150377 67340 10551 141891 35444 67569 71922 139099 25824 140022 90344 24668 86543 109646 7457 151217 68345 18435 90344,24668,133120,18435,23 5 29,24 6 30,23,24,31,32,8
qseq_53ede05967bfdde8,head_fit,length_32_gap_8,qcluster_head_fit_0055,qbank_head_fit_e7f981d47353,136382 135978 15776 2065 60961 128602 111409 67802 37743 7980 56107 59787 93129 105412 144697 12911 68422 39004 138227 34377 98791 56733 110438 1656 62641 83864 12118 72341 59183 146609 59869 1656,62641,34377,146609,23 18 28,24 19 29,23,24,31,32,8
qseq_8c452bd604af169d,head_fit,length_32_gap_8,qcluster_head_fit_0056,qbank_head_fit_e7f981d47353,3465 72810 31620 66130 133044 148225 106401 117097 93519 115314 19625 109245 118180 135108 37667 29298 76746 43337 3254 109300 80704 74114 993 74841 93329 107160 110613 123909 130421 144845 143579 74841,93329,115314,144845,23 8 28,24 9 29,23,24,31,32,8
qseq_5ef21b81f58868cc,head_fit,length_32_gap_8,qcluster_head_fit_0057,qbank_head_fit_e7f981d47353,46331 78026 76208 55018 48075 97255 149082 14708 125449 6104 26694 77511 146620 68954 100312 14343 98268 8322 56774 89518 100871 111427 7237 106826 56454 72097 22497 128573 137513 52244 48649 106826,56454,14708,7237,23 6 21,24 7 22,23,24,31,32,8
qseq_491283a63b9e0363,head_fit,length_32_gap_8,qcluster_head_fit_0058,qbank_head_fit_e7f981d47353,118869 3074 69332 82233 70838 68930 14113 82081 75391 94104 46778 30094 20291 58189 138256 90473 141766 76213 21536 2065 149015 140358 148008 93913 114372 28871 9121 68208 122930 32634 92261 93913,114372,30094,68208,23 10 26,24 11 27,23,24,31,32,8
qseq_e54e5b8ab5bc687d,head_fit,length_32_gap_8,qcluster_head_fit_0059,qbank_head_fit_e7f981d47353,128350 130142 42374 25510 30232 93020 107484 127675 26752 26671 39623 41835 29818 62627 29934 13938 142973 26757 22475 61802 1563 98756 132647 55018 94327 77391 45345 34659 90849 97255 88081 55018,94327,45345,142973,23 25 15,24 26 16,23,24,31,32,8
qseq_f7bd7ce59b9ae1d8,head_fit,length_32_gap_8,qcluster_head_fit_0060,qbank_head_fit_e7f981d47353,142665 82570 61367 89530 102949 120829 87133 91861 2831 1815 37385 137855 140022 127748 137513 131890 43847 132241 143260 31089 92682 39721 96320 90732 17336 53109 18709 51640 74434 18046 102580 90732,17336,43847,127748,23 15 12,24 16 13,23,24,31,32,8
qseq_06ec739b38ccbb84,head_fit,length_32_gap_8,qcluster_head_fit_0061,qbank_head_fit_e7f981d47353,58820 22480 120590 2896 73173 38267 30581 135397 102501 136985 138644 113355 135215 119430 131146 55160 118551 25585 120745 11628 73470 59086 9823 84104 79501 137197 24773 15583 125284 39906 32461 84104,79501,73173,9823,23 3 21,24 4 22,23,24,31,32,8
qseq_59f0fa80db417f94,head_fit,length_32_gap_8,qcluster_head_fit_0062,qbank_head_fit_e7f981d47353,116200 38393 102133 113413 146086 3604 15656 79765 15582 25360 128054 73346 34999 48033 82866 37877 54116 81009 98249 109086 60676 77059 32662 96036 93567 135995 21425 56418 108660 93020 73314 96036,93567,93020,38393,23 28 0,24 29 1,23,24,31,32,8
qseq_38ca1f5d593a04eb,head_fit,length_32_gap_8,qcluster_head_fit_0063,qbank_head_fit_e7f981d47353,22913 32927 29012 50556 144799 49473 140372 147662 42966 15650 132745 72118 37721 75844 44563 117462 142065 108278 105759 29298 83171 54151 137684 75479 19001 143709 32340 77421 24775 111409 67340 75479,19001,54151,132745,23 20 9,24 21 10,23,24,31,32,8
qseq_307008c3a6ff495a,head_fit,length_32_gap_16,qcluster_head_fit_0000,qbank_head_fit_e7f981d47353,8322 135088 25117 147978 84813 117362 146756 94101 107538 50217 32412 143990 89928 96324 45185 55803 69651 56135 33531 128983 15672 138141 119041 67361 2708 72341 100312 38026 38128 72660 62545 55803,69651,33531,32412,15 17 9,16 18 10,15,16,31,32,16
qseq_0b990d0069b12f61,head_fit,length_32_gap_16,qcluster_head_fit_0001,qbank_head_fit_e7f981d47353,113406 31989 113808 116633 89924 41592 56935 48234 22264 15672 75180 122255 132886 41665 75260 3122 63453 85646 86375 70531 33175 97642 93329 108114 144668 75245 62014 19530 14774 101079 13938 3122,63453,86375,101079,15 17 28,16 18 29,15,16,31,32,16
qseq_5ca9ff18a358b137,head_fit,length_32_gap_16,qcluster_head_fit_0002,qbank_head_fit_e7f981d47353,36651 2854 44343 126732 22948 45655 54984 84084 17372 69286 37202 105946 118771 34204 18806 57124 90545 18377 141019 63082 146160 36407 51223 103716 58324 75409 108802 142140 105963 43138 56904 57124,90545,84084,51223,15 6 21,16 7 22,15,16,31,32,16
qseq_ff9d8e1eba3f6b96,head_fit,length_32_gap_16,qcluster_head_fit_0003,qbank_head_fit_e7f981d47353,41953 142245 133077 1317 54820 106526 122234 36826 27180 43736 96847 43315 17323 38393 88380 1062 130241 6844 6719 92526 21829 763 148775 102784 41870 118419 37743 57673 5542 48184 114656 1062,130241,5542,133077,15 27 1,16 28 2,15,16,31,32,16
qseq_9a0717168af5ca59,head_fit,length_32_gap_16,qcluster_head_fit_0004,qbank_head_fit_e7f981d47353,70873 103641 123322 6209 139531 48184 43694 4641 60270 68631 56151 135397 29521 96171 127920 123595 128377 131466 32082 15650 85450 18910 89598 30094 98070 20998 135271 97834 88327 13200 105816 123595,128377,60270,97834,15 7 26,16 8 27,15,16,31,32,16
qseq_96c4afb0866b9b3e,head_fit,length_32_gap_16,qcluster_head_fit_0005,qbank_head_fit_e7f981d47353,8317 107008 84778 10000 118059 10720 20501 135148 15656 24773 90293 133884 56527 19680 45610 111277 73789 12402 85225 38306 3689 78083 54775 66133 53288 63790 90003 18193 123599 123333 6927 111277,73789,53288,18193,15 23 26,16 24 27,15,16,31,32,16
qseq_3b48c1157be6aec9,head_fit,length_32_gap_16,qcluster_head_fit_0006,qbank_head_fit_e7f981d47353,145032 16690 50162 37501 122872 27932 67836 97276 96204 87488 78396 130420 79341 97790 18195 93527 69862 1565 104482 46627 104805 80811 60187 129540 24773 38398 134124 117097 71570 113486 107746 93527,69862,117097,67836,15 26 5,16 27 6,15,16,31,32,16
qseq_80094039dcbecdf9,head_fit,length_32_gap_16,qcluster_head_fit_0007,qbank_head_fit_e7f981d47353,2338 86488 147565 40263 2291 6219 27180 33177 15553 12353 26912 64909 97041 103627 59996 138472 98070 35822 84494 66130 26425 111672 130035 141456 9121 87425 6755 89928 118180 33438 18436 138472,98070,26912,118180,15 9 27,16 10 28,15,16,31,32,16
qseq_55f3f42525dfa19e,head_fit,length_32_gap_16,qcluster_head_fit_0008,qbank_head_fit_e7f981d47353,123634 30591 1534 40605 60512 49509 139440 78041 111993 54010 44393 121997 142569 14969 47191 87969 42709 93841 58055 131438 135148 54893 8904 115981 18518 52130 65709 108064 31497 149082 131370 87969,42709,65709,44393,15 25 9,16 26 10,15,16,31,32,16
qseq_b0057f138453b95f,head_fit,length_32_gap_16,qcluster_head_fit_0009,qbank_head_fit_e7f981d47353,37631 42710 93206 61288 105412 50134 96891 10207 131268 142768 23349 135627 72331 100584 66414 120829 60849 135215 96320 143472 17552 136204 142078 137994 137456 129061 60177 57234 7190 75479 151234 120829,60849,75479,72331,15 28 11,16 29 12,15,16,31,32,16
qseq_2fbf7392548ef437,head_fit,length_32_gap_16,qcluster_head_fit_0010,qbank_head_fit_e7f981d47353,56189 144257 38306 76249 140022 13319 139818 25775 134902 88281 79560 46643 122121 71502 97276 21536 56781 32340 66050 103016 7001 89902 24168 70006 31989 147978 119133 30232 9513 104723 34605 21536,56781,13319,144257,15 4 0,16 5 1,15,16,31,32,16
qseq_2da2bdb28bc98df5,head_fit,length_32_gap_16,qcluster_head_fit_0011,qbank_head_fit_e7f981d47353,106338 116133 19063 47281 60848 132404 126137 144257 26942 27784 39259 113217 61246 70766 73048 138377 35307 46660 64770 82412 44480 101773 33677 107883 27010 32175 55996 148059 14969 106958 95126 138377,35307,55996,14969,15 25 27,16 26 28,15,16,31,32,16
qseq_dc7ec78a5633def2,head_fit,length_32_gap_16,qcluster_head_fit_0012,qbank_head_fit_e7f981d47353,99864 28500 58408 811 94773 91945 10377 124902 72253 75245 2708 46348 113291 63990 17198 147853 70492 96368 12248 25530 32576 2145 75524 104097 72053 150298 62883 141801 135268 35444 19007 147853,70492,32576,113291,15 19 11,16 20 12,15,16,31,32,16
qseq_2496ad568c1817e3,head_fit,length_32_gap_16,qcluster_head_fit_0013,qbank_head_fit_e7f981d47353,74562 82829 95727 113262 84211 46422 48732 106009 101675 2708 20476 128945 127675 50618 146645 60285 117362 123655 94730 60270 15684 107692 17630 150665 103037 70451 93688 14433 105963 20038 12612 60285,117362,127675,107692,15 11 20,16 12 21,15,16,31,32,16
qseq_53b41fc34f8a542d,head_fit,length_32_gap_16,qcluster_head_fit_0014,qbank_head_fit_e7f981d47353,110438 44929 93179 130392 51119 83777 86396 55358 49435 49373 4033 105407 45655 115215 125210 44970 107377 143158 149045 55887 16839 40605 106338 21325 45610 97618 1815 114848 144449 88652 127109 44970,107377,83777,130392,15 4 2,16 5 3,15,16,31,32,16
qseq_50207dfa51677009,head_fit,length_32_gap_16,qcluster_head_fit_0015,qbank_head_fit_e7f981d47353,128071 48167 24514 90732 33000 132102 90989 9524 136547 41218 73286 12067 145953 15467 61871 25024 148492 123306 63858 138566 145781 121614 50014 49746 151586 84045 39623 143086 123964 77448 123029 25024,148492,151586,12067,15 23 10,16 24 11,15,16,31,32,16
qseq_fcea193d470915c9,head_fit,length_32_gap_16,qcluster_head_fit_0016,qbank_head_fit_e7f981d47353,29393 6209 23349 137046 99591 134269 91862 69745 8905 97470 116400 89863 12076 123482 139215 85920 99864 50750 114205 95836 147456 60444 50289 53149 85451 47400 77448 2883 43690 14047 114161 85920,99864,97470,95836,15 8 18,16 9 19,15,16,31,32,16
qseq_be4e74dc8387d30b,head_fit,length_32_gap_16,qcluster_head_fit_0017,qbank_head_fit_e7f981d47353,61458 7862 72232 11674 86375 51024 34865 133204 55132 41107 69651 59079 46581 141778 60586 109352 92754 20291 2883 31569 138038 128557 123473 96092 124363 48649 5262 89928 110107 71922 44990 109352,92754,110107,2883,15 27 17,16 28 18,15,16,31,32,16
qseq_0d4c8f2f2035f9a0,head_fit,length_32_gap_16,qcluster_head_fit_0018,qbank_head_fit_e7f981d47353,76878 148888 142132 145035 56200 67802 32105 144820 108451 150298 127732 60519 69325 93754 102652 60254 28600 84045 129858 144482 1563 129976 91369 24136 147000 29818 28250 106558 94980 26177 95482 60254,28600,28250,102652,15 25 13,16 26 14,15,16,31,32,16
qseq_ff848256f0211ccc,head_fit,length_32_gap_16,qcluster_head_fit_0019,qbank_head_fit_e7f981d47353,18849 15834 130421 118470 97067 90989 97041 33171 135785 44377 44798 82617 44393 18174 89733 72147 118670 57112 87933 99860 58495 80425 128859 118443 44927 12248 22702 10042 81129 141560 145649 72147,118670,44798,130421,15 9 1,16 10 2,15,16,31,32,16
qseq_6e629c70e447913b,head_fit,length_32_gap_16,qcluster_head_fit_0020,qbank_head_fit_e7f981d47353,128945 30009 124438 135941 99860 60275 63585 92682 27976 132837 143323 147420 32664 83163 109646 28833 127189 80368 62570 135215 117248 23407 94980 94746 136204 7674 46209 8952 123964 110438 5127 28833,127189,135941,109646,15 2 13,16 3 14,15,16,31,32,16
qseq_8bd6599ee229f803,head_fit,length_32_gap_16,qcluster_head_fit_0021,qbank_head_fit_e7f981d47353,51119 77391 17366 35278 120120 69844 47953 140372 25937 32525 57395 108500 119197 108139 85228 5921 15825 39906 96399 67482 147420 141560 62166 89928 126452 74627 96632 19525 124387 73611 70451 5921,15825,19525,96399,15 26 17,16 27 18,15,16,31,32,16
qseq_4d6b5ac5bdb9652a,head_fit,length_32_gap_16,qcluster_head_fit_0022,qbank_head_fit_e7f981d47353,77622 65955 119439 100999 93665 51545 1972 70161 2065 57155 59167 78005 25833 72883 142665 10377 12353 50957 100105 62599 10720 144845 51077 60848 13482 5985 32722 147442 120115 58409 87279 10377,12353,100999,87279,15 2 29,16 3 30,15,16,31,32,16
qseq_72ce866daaf8353c,head_fit,length_32_gap_16,qcluster_head_fit_0023,qbank_head_fit_e7f981d47353,132904 23752 36861 82412 54929 80294 92526 7034 4511 61802 26153 24292 84104 49316 89913 140236 65112 51436 23407 89509 71922 37114 47243 133171 90906 110613 48717 8905 61380 126917 41208 140236,65112,110613,41208,15 24 29,16 25 30,15,16,31,32,16
qseq_290e47ad07ecedb2,head_fit,length_32_gap_16,qcluster_head_fit_0024,qbank_head_fit_e7f981d47353,29934 125330 37664 9597 3664 75277 54609 32009 126584 52130 27375 93527 44523 105965 132960 87435 116976 29685 19128 116795 54053 110942 123913 62166 127748 106967 65005 89509 37385 100871 113217 87435,116976,127748,32009,15 23 6,16 24 7,15,16,31,32,16
qseq_30eae26c1a69d2bf,head_fit,length_32_gap_16,qcluster_head_fit_0025,qbank_head_fit_e7f981d47353,129668 75524 22844 120697 66663 105347 42800 56783 118266 18109 72361 16468 115091 81327 25246 146295 109765 104806 72521 95727 46618 93020 94565 129877 18783 17448 90962 71215 124363 131438 39168 146295,109765,120697,39168,15 2 29,16 3 30,15,16,31,32,16
qseq_769812a3f15b7d39,head_fit,length_32_gap_16,qcluster_head_fit_0026,qbank_head_fit_e7f981d47353,19232 18068 15372 3664 11628 78396 135345 94363 49108 123866 14113 107644 59737 93200 72283 29160 92257 124450 109824 22702 14838 133596 131438 131860 118359 116657 107166 92603 107153 116031 113730 29160,92257,72283,133596,15 13 20,16 14 21,15,16,31,32,16
qseq_5fd4df1a132f1129,head_fit,length_32_gap_16,qcluster_head_fit_0027,qbank_head_fit_e7f981d47353,97960 76721 61356 91186 11419 105731 116657 16424 129976 133692 118433 98249 116951 34463 52524 135995 69277 148285 64961 31320 105989 31089 32072 119910 114161 106074 145781 33245 145968 70535 41095 135995,69277,52524,32072,15 13 21,16 14 22,15,16,31,32,16
qseq_4f83b0f5818ec8da,head_fit,length_32_gap_16,qcluster_head_fit_0028,qbank_head_fit_e7f981d47353,67361 109809 80558 43526 52947 19887 117126 42800 134972 10169 11495 61930 66377 23774 96436 32998 30990 55295 88152 85225 22994 113602 69951 33271 123029 2896 88587 35241 92261 89648 39909 32998,30990,33271,88587,15 22 25,16 23 26,15,16,31,32,16
qseq_f5cc6bd5ce7a4334,head_fit,length_32_gap_16,qcluster_head_fit_0029,qbank_head_fit_e7f981d47353,146694 81123 111929 94327 2145 130420 88439 96733 146780 136029 71498 32105 44377 107484 3618 102459 84389 32021 66612 69862 103697 35425 134876 149922 49909 125497 121532 90507 127366 116662 114640 102459,84389,111929,127366,15 1 27,16 2 28,15,16,31,32,16
qseq_92b185b38f5889da,head_fit,length_32_gap_16,qcluster_head_fit_0030,qbank_head_fit_e7f981d47353,14865 108950 100780 26177 25965 63901 95317 42186 132837 39259 116662 111220 57490 59653 119614 107944 19405 30243 126889 5542 96940 40386 29818 17630 25824 110583 34452 68943 33275 92164 6589 107944,19405,132837,59653,15 7 12,16 8 13,15,16,31,32,16
qseq_4cec3fba2e308736,head_fit,length_32_gap_16,qcluster_head_fit_0031,qbank_head_fit_e7f981d47353,148526 89384 148889 21577 121614 46581 116807 25836 74870 67510 71728 1085 69443 116983 112055 138644 94553 14130 76219 113443 83752 39671 149935 150490 80314 35056 52947 50730 29259 103648 150071 138644,94553,150071,29259,15 29 27,16 30 28,15,16,31,32,16
qseq_a2c60970dd639524,head_fit,length_32_gap_16,qcluster_head_fit_0032,qbank_head_fit_e7f981d47353,10355 106074 18377 105965 41218 89924 17448 40028 78427 97671 108400 98562 74114 6844 13052 150751 90344 81079 136794 85950 7862 1085 22948 24775 96660 127466 135670 95372 143964 60867 44922 150751,90344,78427,96660,15 7 23,16 8 24,15,16,31,32,16
qseq_0e51ca7c4e775e83,head_fit,length_32_gap_16,qcluster_head_fit_0033,qbank_head_fit_e7f981d47353,36104 17366 106941 116633 67547 147247 48855 86396 130501 113193 43315 10123 11268 87649 98301 88775 135627 119103 94327 108958 41966 125589 2135 67573 141560 17003 130241 25246 10000 149019 91884 88775,135627,141560,10123,15 23 10,16 24 11,15,16,31,32,16
qseq_28208d5cde00e8f7,head_fit,length_32_gap_16,qcluster_head_fit_0034,qbank_head_fit_e7f981d47353,29259 25911 130070 51613 131742 130081 132885 93687 89530 137160 29818 61965 57215 130304 37202 116400 30128 94773 48507 88439 135266 28066 88495 86228 49250 90551 93901 126518 22497 148339 67828 116400,30128,135266,93687,15 19 6,16 20 7,15,16,31,32,16
qseq_cf1896a270732336,head_fit,length_32_gap_16,qcluster_head_fit_0035,qbank_head_fit_e7f981d47353,53149 141772 114730 130950 12067 101570 60285 24591 145064 29755 12656 8757 64969 144306 113354 72002 144449 37281 31620 113730 64939 61344 103413 47224 55132 86375 150392 22362 131974 115056 42645 72002,144449,145064,113730,15 7 18,16 8 19,15,16,31,32,16
qseq_82ffb7222e242a27,head_fit,length_32_gap_16,qcluster_head_fit_0036,qbank_head_fit_e7f981d47353,65557 113444 32082 99116 68963 127528 16393 28399 125194 100237 150874 84504 98791 87183 12629 17119 96485 82132 130071 98268 149569 118503 123559 142594 32072 140342 68817 72810 6209 65598 73209 17119,96485,73209,16393,15 29 5,16 30 6,15,16,31,32,16
qseq_717e62ec6f3503a0,head_fit,length_32_gap_16,qcluster_head_fit_0037,qbank_head_fit_e7f981d47353,36932 132886 537 131959 150712 128123 80210 48507 105450 36223 77158 85744 59079 5030 33485 18435 15413 26383 149935 79555 101267 115994 22759 130372 141271 131148 102949 60573 46454 19667 62601 18435,15413,130372,102949,15 22 25,16 23 26,15,16,31,32,16
qseq_0a938c23db01a16b,head_fit,length_32_gap_16,qcluster_head_fit_0038,qbank_head_fit_e7f981d47353,58047 100780 98388 123482 127675 68002 8021 123306 131146 126452 109245 117439 121214 42800 74516 52815 130570 130576 39105 83611 449 90716 121046 111069 118789 127366 28069 44393 49909 58409 8375 52815,130570,39105,126452,15 17 8,16 18 9,15,16,31,32,16
qseq_430aa935dc956304,head_fit,length_32_gap_16,qcluster_head_fit_0039,qbank_head_fit_e7f981d47353,41369 106730 122769 50055 2831 76219 100832 45655 146756 13367 8635 28014 64460 69961 81553 100871 127366 107156 74232 52151 77511 4758 149045 63572 119680 3209 29160 71152 32759 138723 100881 100871,127366,13367,52151,15 8 18,16 9 19,15,16,31,32,16
qseq_415f344227df9c23,head_fit,length_32_gap_16,qcluster_head_fit_0040,qbank_head_fit_e7f981d47353,6041 4407 42645 53640 12280 129897 94301 78026 35957 83752 134249 124862 136736 144418 34204 142078 31245 124441 38787 135235 4901 35966 83171 148185 117891 34850 123599 135718 104493 49559 123145 142078,31245,78026,123599,15 6 25,16 7 26,15,16,31,32,16
qseq_a7d6e99f5b400d46,head_fit,length_32_gap_16,qcluster_head_fit_0041,qbank_head_fit_e7f981d47353,62641 88652 104871 132045 143262 146418 31089 130423 32722 26776 112260 57626 144003 102949 44929 73282 87694 124616 25824 19007 109451 129971 141135 16592 18068 109425 126294 107071 51279 69239 107314 73282,87694,109425,51279,15 24 27,16 25 28,15,16,31,32,16
qseq_b18a9ffd52497b0c,head_fit,length_32_gap_16,qcluster_head_fit_0042,qbank_head_fit_e7f981d47353,15193 128542 115125 116133 45079 123909 93129 134041 50931 70278 58451 19625 24100 83192 87435 149045 45198 53088 2291 20127 101737 48073 5697 54781 109425 122156 56864 75989 35475 54984 121046 149045,45198,93129,45079,15 5 3,16 6 4,15,16,31,32,16
qseq_6a395293a01fcb74,head_fit,length_32_gap_16,qcluster_head_fit_0043,qbank_head_fit_e7f981d47353,92576 73506 86241 15334 89048 148285 13148 90775 151549 141135 39278 77086 18917 50162 23658 105450 14774 95463 73539 97960 111111 21294 23942 105407 57367 59323 65063 79755 32662 135817 22264 105450,14774,18917,57367,15 11 23,16 12 24,15,16,31,32,16
qseq_8c57d30ae04daca9,head_fit,length_32_gap_16,qcluster_head_fit_0044,qbank_head_fit_e7f981d47353,13052 73222 44563 146160 121208 117910 46465 69354 150490 34817 135108 61965 137290 132045 128071 73048 46581 87279 8905 61504 23133 90716 130950 8323 77283 143024 132144 142238 84389 47669 128048 73048,46581,132045,84389,15 12 27,16 13 28,15,16,31,32,16
qseq_a44d6ff3e757a8d3,head_fit,length_32_gap_16,qcluster_head_fit_0045,qbank_head_fit_e7f981d47353,49245 91629 109043 27375 86295 111111 103144 123866 85137 145273 7862 34817 141135 131863 134805 69323 80374 132045 87933 143436 80038 144417 46063 79242 54053 89587 91884 17087 82549 41913 50134 69323,80374,91629,82549,15 0 27,16 1 28,15,16,31,32,16
qseq_39ff45d6ea66e39c,head_fit,length_32_gap_16,qcluster_head_fit_0046,qbank_head_fit_e7f981d47353,126448 37385 119615 104003 94565 85225 29275 12779 107103 9317 65790 4901 88775 43670 27881 97671 59185 61965 151373 127864 2883 48234 3552 147900 68345 148244 41889 17460 23133 52032 25833 97671,59185,3552,148244,15 21 24,16 22 25,15,16,31,32,16
qseq_05761515c7abb48b,head_fit,length_32_gap_16,qcluster_head_fit_0047,qbank_head_fit_e7f981d47353,125844 139215 1534 37012 36963 127297 101893 42710 77028 35056 43337 137054 86974 9509 74195 30030 107746 23577 104493 125685 71582 21812 72999 54090 28998 62124 27698 25824 19680 18096 82064 30030,107746,72999,77028,15 21 7,16 22 8,15,16,31,32,16
qseq_591292b7bbf14f10,head_fit,length_32_gap_16,qcluster_head_fit_0048,qbank_head_fit_e7f981d47353,147847 28341 79256 17893 72988 107103 133929 5542 141766 126470 97267 67255 49790 64498 1489 122952 2344 31497 44480 90775 99318 136204 12280 133884 12629 132951 78246 108400 7458 137160 28833 122952,2344,12280,28341,15 21 0,16 22 1,15,16,31,32,16
qseq_ec8c3b5ba1faf91b,head_fit,length_32_gap_16,qcluster_head_fit_0049,qbank_head_fit_e7f981d47353,151217 145079 105407 137684 83611 4309 127920 124775 65560 19057 148815 46361 10123 126375 129097 24133 133204 44927 44990 31855 54866 148452 62942 39728 127130 150379 21536 131731 69961 69999 88924 24133,133204,88924,10123,15 29 11,16 30 12,15,16,31,32,16
qseq_dd07d0bbb766d81a,head_fit,length_32_gap_16,qcluster_head_fit_0050,qbank_head_fit_e7f981d47353,14776 117665 135589 2795 108500 16653 150798 25030 18391 38327 56089 35618 136035 14708 110606 55732 98774 21455 96092 120611 88700 103021 37953 4804 72118 87515 80192 126375 139215 52947 96830 55732,98774,52947,25030,15 28 6,16 29 7,15,16,31,32,16
qseq_bddb0e2ede7c375d,head_fit,length_32_gap_16,qcluster_head_fit_0051,qbank_head_fit_e7f981d47353,101079 22480 143709 17490 66663 100237 14292 130735 53640 34866 142555 68422 31948 73314 59869 61344 141841 137684 140128 17817 69021 19012 113570 51937 105407 96909 133013 35808 48073 145781 74870 61344,141841,100237,59869,15 4 13,16 5 14,15,16,31,32,16
qseq_a0ad9de8d02ee10a,head_fit,length_32_gap_16,qcluster_head_fit_0052,qbank_head_fit_e7f981d47353,39719 130664 4309 1980 93841 46277 31873 64173 106281 127123 119103 85314 1029 63595 41741 87488 17463 85886 116983 73593 23774 29031 68208 135670 70278 54334 5483 132084 75857 96266 116976 87488,17463,116983,41741,15 17 13,16 18 14,15,16,31,32,16
qseq_a842c32afa90f976,head_fit,length_32_gap_16,qcluster_head_fit_0053,qbank_head_fit_e7f981d47353,111993 44661 35444 75135 32759 126479 73769 71861 54949 74561 22067 109852 61356 105104 36651 28020 151237 141681 35056 1500 113808 95252 88081 131444 128693 93194 128906 28341 52039 61634 89512 28020,151237,109852,35444,15 10 1,16 11 2,15,16,31,32,16
qseq_2ff99a7b9ae5fadb,head_fit,length_32_gap_16,qcluster_head_fit_0054,qbank_head_fit_e7f981d47353,96322 12223 81371 147409 59330 9538 75180 108046 32172 78693 28748 36977 101164 33852 67561 128923 77032 132842 41870 105684 52560 23774 16662 56095 124344 6492 33924 87786 793 145064 45345 128923,77032,28748,101164,15 9 11,16 10 12,15,16,31,32,16
qseq_e0b91418dfeda995,head_fit,length_32_gap_16,qcluster_head_fit_0055,qbank_head_fit_e7f981d47353,137900 80815 26110 11572 126789 4033 46348 5262 138256 142078 98334 149935 19128 86535 62207 60042 89735 40756 66469 44060 84330 8322 41889 81062 117462 90507 83192 53709 144295 49339 49763 60042,89735,138256,126789,15 7 3,16 8 4,15,16,31,32,16
qseq_ca06e8ca0b07d3b0,head_fit,length_32_gap_16,qcluster_head_fit_0056,qbank_head_fit_e7f981d47353,89291 87341 20378 25824 11674 57112 57504 123145 1062 19972 99591 107153 140138 133884 148889 61634 130749 148093 99564 60347 108451 54527 31989 117362 108680 133738 89902 9481 5262 30857 95372 61634,130749,140138,99564,15 11 17,16 12 18,15,16,31,32,16
qseq_1420f799e77f016e,head_fit,length_32_gap_16,qcluster_head_fit_0057,qbank_head_fit_e7f981d47353,28758 96185 79256 5597 108095 116784 115185 30243 59869 137054 139250 144845 128718 84778 143709 88775 130501 120745 85635 150350 147412 136916 108768 39168 101675 69951 137067 1972 92195 81555 145032 88775,130501,39168,59869,15 22 7,16 23 8,15,16,31,32,16
qseq_436b3def34bc2e85,head_fit,length_32_gap_16,qcluster_head_fit_0058,qbank_head_fit_e7f981d47353,20427 93206 109132 38377 137218 37245 104791 35808 11217 7222 111111 19352 53186 3787 43847 108095 30094 133197 108950 125732 94688 23407 95613 63989 109180 62737 91943 43453 47927 116662 139868 108095,30094,23407,104791,15 20 5,16 21 6,15,16,31,32,16
qseq_a81d594b9cae660d,head_fit,length_32_gap_16,qcluster_head_fit_0059,qbank_head_fit_e7f981d47353,42710 137456 63635 96256 116829 50750 30094 143260 131195 94980 149922 37721 150039 116662 9703 116200 9369 6287 148258 24397 124206 31855 51048 73593 130570 145379 39719 33275 130617 88741 84104 116200,9369,39719,116662,15 25 12,16 26 13,15,16,31,32,16
qseq_476780e005f57f85,head_fit,length_32_gap_16,qcluster_head_fit_0060,qbank_head_fit_e7f981d47353,68430 114719 27932 83314 117606 135108 123307 64909 55510 38026 79950 35743 95126 78693 131774 77282 63928 140821 125986 148381 48449 73152 72332 32172 98268 22362 141634 54249 138834 64934 33558 77282,63928,54249,114719,15 26 0,16 27 1,15,16,31,32,16
qseq_5ed68461a72d7079,head_fit,length_32_gap_16,qcluster_head_fit_0061,qbank_head_fit_e7f981d47353,69999 5745 30530 131438 94327 51535 93200 81123 29215 136034 32938 116986 59207 139999 26383 9145 61930 14751 1441 29755 2065 25024 144668 37667 79555 46338 87435 44208 74516 82943 119384 9145,61930,26383,25024,15 13 20,16 14 21,15,16,31,32,16
qseq_bf3bacc940b082f3,head_fit,length_32_gap_16,qcluster_head_fit_0062,qbank_head_fit_e7f981d47353,150300 85084 107166 56107 98334 76612 117135 43049 38767 50472 43436 48075 41095 63908 131731 76854 126917 14969 89924 91140 30706 67646 60849 20501 69961 39909 28961 38022 125913 64612 136360 76854,126917,41095,89924,15 11 17,16 12 18,15,16,31,32,16
qseq_e5bd353ebce983be,head_fit,length_32_gap_16,qcluster_head_fit_0063,qbank_head_fit_e7f981d47353,27623 138812 2986 125844 85649 6428 97258 74309 88721 121341 104402 99309 13482 97509 121582 36612 53667 49548 72810 81123 81354 33171 97276 103627 33438 94055 79324 8905 97648 39128 103922 36612,53667,33171,88721,15 20 7,16 21 8,15,16,31,32,16
qseq_df65efb6800f831e,head_fit,length_64_gap_8,qcluster_head_fit_0000,qbank_head_fit_e7f981d47353,138484 44070 38767 139746 128897 139215 24008 146374 52963 14292 3465 23773 33479 147305 37992 57925 48865 15334 93206 87488 56200 1441 70679 36157 106136 108064 20476 99940 111111 65557 71768 34452 133044 90716 73470 120683 110893 43436 81327 135978 19128 101349 117183 48649 32486 61458 92708 45057 124775 80996 46853 96655 39835 64939 69951 62888 10123 11674 94126 97716 46315 116756 112349 62888,10123,99940,57925,55 26 14,56 27 15,55,56,63,64,8
qseq_2608893f1db4d8c4,head_fit,length_64_gap_8,qcluster_head_fit_0001,qbank_head_fit_e7f981d47353,54609 81062 47791 37385 13272 27976 35475 2154 73346 78580 49373 60347 30591 148059 47953 151373 127682 73321 33175 106967 128953 122413 46727 151521 145453 133274 4479 90716 5483 65557 63079 57408 96891 125330 148889 13119 142284 55355 45802 97790 30101 58928 146374 56793 10722 6569 44480 80192 129877 33485 46422 32664 27869 125913 4033 58495 38781 35056 59330 62303 105731 48449 97107 58495,38781,106967,97107,55 18 61,56 19 62,55,56,63,64,8
qseq_7abeb60dfefa1dfe,head_fit,length_64_gap_8,qcluster_head_fit_0002,qbank_head_fit_e7f981d47353,118443 18774 7900 73311 102485 27698 60270 106973 80102 109288 103627 108064 138566 55358 90716 33558 74947 59207 39981 41953 77086 74870 13200 7001 78892 148730 88122 149299 98234 5697 40244 26245 440 49325 44480 142186 14962 57487 133304 148452 107160 116934 22759 88327 96485 23577 72331 88439 21731 115131 129897 47823 130420 72224 108950 82927 39671 9936 73346 145064 146246 70438 111066 82927,39671,7900,22759,55 1 41,56 2 42,55,56,63,64,8
qseq_3cbe80336558aba9,head_fit,length_64_gap_8,qcluster_head_fit_0003,qbank_head_fit_e7f981d47353,7222 57263 72224 26307 108680 68310 131974 143946 143158 89512 61648 116400 133278 120593 150874 69325 43049 65598 1563 4160 30998 61930 71728 14776 134569 147466 50217 108278 103021 141084 94980 130749 105411 69443 131259 115195 17777 71685 122930 82412 50582 91568 30243 79837 107008 13101 17119 141891 126793 111644 26912 149569 149922 48879 27991 44563 62581 105407 105684 29130 66270 61016 124732 44563,62581,143158,103021,55 7 27,56 8 28,55,56,63,64,8
qseq_81dbc19e063b6564,head_fit,length_64_gap_8,qcluster_head_fit_0004,qbank_head_fit_e7f981d47353,13451 39902 66813 135148 106136 75391 101737 121545 32461 104493 35709 147792 80920 119741 127675 5127 122121 48785 41755 135007 72521 39197 50930 74114 69543 135742 11783 75414 94101 52151 113194 151234 110613 21294 98234 25186 123909 11495 126959 31569 131146 60042 147486 28775 25417 68345 27991 89487 144003 83008 100506 75031 147840 29259 91503 46056 22866 17198 56135 32009 41870 117248 62207 46056,22866,28775,113194,55 42 29,56 43 30,55,56,63,64,8
qseq_9280d1c3f54234b7,head_fit,length_64_gap_8,qcluster_head_fit_0005,qbank_head_fit_e7f981d47353,8855 66443 130304 141681 110606 13272 12824 99767 49325 80210 74338 77502 42508 110377 6927 112135 41176 109245 33245 6733 142186 119430 137900 63858 87276 56285 71342 126389 74808 104326 59183 49339 43914 993 114096 7980 131974 89928 43013 42990 17003 111325 132045 127748 85950 69021 61285 88122 5693 71401 32021 73666 123263 137218 35724 107238 24916 75275 60316 118503 1317 134876 120702 107238,24916,71401,110377,55 48 12,56 49 13,55,56,63,64,8
qseq_41678d59643e4403,head_fit,length_64_gap_8,qcluster_head_fit_0006,qbank_head_fit_e7f981d47353,25294 41403 60614 150606 118432 99315 105888 12088 6397 51436 25848 71172 26726 68208 41218 21812 147386 130570 84757 16827 149482 88700 93246 151237 71861 82866 11495 25269 122680 62014 96204 67255 119038 72905 22248 104323 66497 148381 49473 49509 21663 49548 9617 56086 59695 130140 47317 8893 104619 17125 116133 151069 44762 130142 138377 107160 108983 84744 141181 30857 148258 56189 33139 107160,108983,41218,72905,55 13 32,56 14 33,55,56,63,64,8
qseq_2c9939808d83dd92,head_fit,length_64_gap_8,qcluster_head_fit_0007,qbank_head_fit_e7f981d47353,14708 17460 94688 147466 8322 137949 17886 11419 4107 40807 109413 70873 121232 97509 127174 56504 99040 37721 99940 74646 24591 144025 26981 39902 131200 140138 41539 7909 59869 56783 99027 135397 132886 68032 28020 107210 42374 43799 149364 125340 76953 108746 120251 66612 27596 16424 89096 38767 124363 146374 21294 8246 45802 90162 58653 72361 143472 116860 41607 37114 6569 112535 18443 72361,143472,41539,39902,55 25 22,56 26 23,55,56,63,64,8
qseq_797a376b8f2531ae,head_fit,length_64_gap_8,qcluster_head_fit_0008,qbank_head_fit_e7f981d47353,89096 71697 27827 67313 59703 114510 100999 130140 99564 97041 148381 62014 18068 107883 132495 36223 37385 28801 135397 31620 110942 83289 14130 111914 88152 58685 75479 70492 113217 50415 146044 56189 89512 477 18569 127301 17000 77712 57626 111929 9369 69325 131072 111866 61965 55834 20501 85744 15344 91186 34070 96195 38398 106977 94624 108489 133717 2854 48879 128602 80221 43138 35307 108489,133717,31620,67313,55 18 2,56 19 3,55,56,63,64,8
qseq_d6851e0536a206a2,head_fit,length_64_gap_8,qcluster_head_fit_0009,qbank_head_fit_e7f981d47353,19915 86157 26307 5892 127877 136916 89487 104326 70077 23942 125638 106488 2854 36157 14338 148008 37202 22143 19558 19625 148888 104363 23577 74335 35045 110028 126827 48075 22913 149241 54949 1489 79901 84084 3787 20427 112234 131325 84313 43726 71705 148059 3865 64333 54307 140201 71922 10722 139028 99591 61475 57504 119038 27670 29130 70278 119050 57367 130035 76612 39653 147613 51893 70278,119050,3787,76612,55 33 58,56 34 59,55,56,63,64,8
qseq_ba3a500788f70801,head_fit,length_64_gap_8,qcluster_head_fit_0010,qbank_head_fit_e7f981d47353,51214 132023 81555 131731 19232 18672 73593 51613 35056 69443 29685 111969 133570 59857 13951 143086 77151 98525 46075 140539 27596 120951 17490 4704 69989 75857 27827 105359 96632 122769 12325 78918 5002 100957 134805 7001 140358 103627 36835 18569 115038 143158 101702 44393 52812 33171 142638 119615 59167 93455 135817 23377 82213 74440 58256 126917 52032 23658 120829 120697 90507 3458 97847 126917,52032,105359,140539,55 26 18,56 27 19,55,56,63,64,8
qseq_c5089b1f1fa3ec66,head_fit,length_64_gap_8,qcluster_head_fit_0011,qbank_head_fit_e7f981d47353,38838 62581 10362 109809 43465 63592 15467 99591 117060 63990 15553 39721 149838 3865 70535 440 146246 98774 67836 55732 97642 105684 14047 16195 70929 93194 74114 64136 14433 135978 26035 117462 77534 65063 84330 124229 39278 56929 141695 73152 122769 31245 111710 136736 135718 41889 139844 108450 108387 17487 122923 132951 146708 79837 5465 101267 17003 1565 90003 55834 41741 69879 74947 101267,17003,14047,141695,55 21 37,56 22 38,55,56,63,64,8
qseq_2052d1155979b2d6,head_fit,length_64_gap_8,qcluster_head_fit_0012,qbank_head_fit_e7f981d47353,74195 73295 135215 136985 94363 119103 112595 7980 37929 74338 101773 54053 117183 104918 16462 81534 85281 763 32486 87085 49339 87515 50411 64608 116133 130071 125210 100141 134185 108843 52255 91636 39906 111733 77018 37851 111409 56353 22802 45112 74646 65560 55018 73202 110395 97198 34171 106558 67828 133884 50823 123599 150392 6322 143892 108181 63635 35724 144954 135718 77280 55876 57215 108181,63635,34171,16462,55 45 13,56 46 14,55,56,63,64,8
qseq_92332b56b0867ffe,head_fit,length_64_gap_8,qcluster_head_fit_0013,qbank_head_fit_e7f981d47353,150123 118359 115062 19813 59086 133077 29818 133692 85822 111847 55601 80241 104658 11732 44929 88456 49548 94688 116200 85088 1563 107458 151009 5745 43515 64045 30591 25937 88652 42773 139999 129670 130785 34865 28600 101675 100477 140128 63635 43847 133596 150300 56418 53109 138484 8898 99891 24292 93661 124229 20290 110856 62311 15684 64907 133884 66813 96186 7862 108064 109518 33531 34431 133884,66813,24292,115062,55 46 1,56 47 2,55,56,63,64,8
qseq_e7d9ea40f7edb6d7,head_fit,length_64_gap_8,qcluster_head_fit_0014,qbank_head_fit_e7f981d47353,26352 20645 90473 31320 58820 17909 56704 87938 104482 69745 43151 140372 125685 141746 151173 38715 81079 106392 28486 99116 113378 145649 115038 32896 96660 66873 82927 115533 49509 117462 59207 46277 30351 135817 147853 71020 36651 29275 106179 139250 93519 128859 133570 124438 56223 67510 18495 60447 12284 53510 120358 107156 108369 121107 75260 19972 38854 118576 60848 82829 104723 46182 33914 19972,38854,75260,106179,55 53 37,56 54 38,55,56,63,64,8
qseq_a7c321956c914bb7,head_fit,length_64_gap_8,qcluster_head_fit_0015,qbank_head_fit_e7f981d47353,82412 134124 65560 146620 105104 115195 88327 96733 60573 6279 83611 123128 16592 6219 118450 29275 56935 20091 23442 131259 115998 39471 49664 142638 74808 83314 55500 14815 54307 117886 125330 120358 51803 27403 58408 12088 14433 88380 141746 13502 22802 83943 3552 4107 61242 37132 120951 37385 130423 5583 126574 49038 33531 3561 3478 102917 17005 51893 66863 1563 17541 18046 150712 102917,17005,51803,37132,55 31 44,56 32 45,55,56,63,64,8
qseq_ed72a4104464b0b1,head_fit,length_64_gap_8,qcluster_head_fit_0016,qbank_head_fit_e7f981d47353,79765 54929 133304 85088 77280 35056 94301 132837 59054 40605 83692 111847 40436 132745 116779 133274 11572 91107 110028 4758 109010 113063 101973 48073 89022 142460 95482 15650 30232 50036 79490 111589 30101 73202 71328 73784 17045 119372 43694 147442 63585 12733 73412 60849 80294 4407 25030 102583 100528 52524 18609 44393 12905 100584 80704 63592 63956 7222 149838 138644 107314 148526 5020 63592,63956,30232,63585,55 27 39,56 28 40,55,56,63,64,8
qseq_249738db9002cf7b,head_fit,length_64_gap_8,qcluster_head_fit_0017,qbank_head_fit_e7f981d47353,76617 123587 36861 25024 135124 60586 3254 19405 89863 28250 6728 22866 54775 88914 103831 114372 48732 104805 55771 14877 81371 49365 47281 95482 134269 120683 123599 32072 77667 347 105127 81749 111325 91649 139429 44922 43694 131444 143086 135627 36104 80374 6844 37370 101893 52323 15344 4215 110658 22264 137900 3209 89022 25269 124046 81129 127301 103665 96322 79864 68814 33924 74886 81129,127301,104805,95482,55 16 22,56 17 23,55,56,63,64,8
qseq_cb8c2ef4c71bb2a5,head_fit,length_64_gap_8,qcluster_head_fit_0018,qbank_head_fit_e7f981d47353,118576 126272 110448 53709 75135 19207 79560 67732 43465 7200 85950 44755 90250 131277 116796 77018 56095 81664 135223 143472 10169 22105 106558 47635 10113 137139 69443 98070 1300 73222 150593 149015 39127 82412 73282 23270 25360 136857 38393 108846 79755 99036 19680 55924 89518 97291 70531 135589 111589 67340 129625 43914 133929 24917 44238 118071 89487 118503 27991 109958 70077 26352 64487 118071,89487,75135,73282,55 3 33,56 4 34,55,56,63,64,8
qseq_d3927a6923659224,head_fit,length_64_gap_8,qcluster_head_fit_0019,qbank_head_fit_e7f981d47353,103640 23733 46338 40807 80038 56774 62627 86345 89863 54090 40386 35425 91396 140358 133044 96195 143946 82213 77622 79028 122952 40263 31373 106179 130101 30603 120977 75280 121318 112310 119820 39197 111733 141906 45079 121997 18806 106281 26307 122234 38767 36612 89924 147692 72567 19972 131397 135088 87969 54778 91895 112993 72521 46056 91629 3122 132842 18495 50503 36835 139999 70161 17531 3122,132842,54778,106281,55 48 36,56 49 37,55,56,63,64,8
qseq_6ca1a746df6b5ada,head_fit,length_64_gap_8,qcluster_head_fit_0020,qbank_head_fit_e7f981d47353,89384 103641 145781 10042 79626 1459 69989 55304 94553 34453 65271 123866 109598 108046 59330 91122 74886 94717 63633 90545 57180 79950 103695 47485 140986 98787 134124 103851 83864 42966 83354 113443 109431 125449 116186 58657 107166 64898 29232 122680 9121 33531 147661 59869 54527 121612 9597 130501 24254 32759 47927 112993 138472 119092 123587 79555 80294 130432 77557 17000 149922 15122 143990 79555,80294,125449,47927,55 32 49,56 33 50,55,56,63,64,8
qseq_e09666e9e1a71cc5,head_fit,length_64_gap_8,qcluster_head_fit_0021,qbank_head_fit_e7f981d47353,76953 127493 35334 64445 79035 114730 36407 41665 29232 122498 76612 139844 82291 59894 60397 32175 26425 28250 76854 33829 131200 75512 127123 144607 6223 139632 74456 26671 87536 21536 73282 112260 43337 59857 83640 139215 106146 27991 147480 102386 145536 54090 81354 75280 54778 115053 90863 99309 59167 86121 102175 6209 142392 97960 134972 50277 28600 109824 97377 30418 148526 67255 119614 50277,28600,142392,131200,55 51 19,56 52 20,55,56,63,64,8
qseq_223e703ceb8bf3e2,head_fit,length_64_gap_8,qcluster_head_fit_0022,qbank_head_fit_e7f981d47353,75524 143013 94730 60447 100149 15656 79765 89865 101367 89928 73593 127732 120729 30920 37768 27624 63096 23117 97041 102360 39083 151173 39681 12780 49339 72810 133692 54213 95778 53602 35527 103695 140372 94533 1021 106392 88775 89048 44208 8904 17625 31053 32027 112518 30998 121270 103648 151549 9369 84886 54893 83640 75409 3865 70703 32525 86974 72253 146780 58552 63387 66130 94441 32525,86974,35527,151549,55 29 46,56 30 47,55,56,63,64,8
qseq_567fb2e05619d48f,head_fit,length_64_gap_8,qcluster_head_fit_0023,qbank_head_fit_e7f981d47353,39981 125732 97067 12612 41877 15193 128340 56504 51803 113560 26725 135589 126732 25236 94363 112935 150577 82081 96436 148185 27010 150665 45198 133044 14789 103364 137206 84674 112004 151521 77384 145632 60307 115562 131461 83989 84104 26245 125194 81079 133596 73796 13148 35334 108660 49324 75993 110333 45802 75277 94055 18193 16269 59902 87786 1703 120155 71328 19352 107071 9337 29259 20378 1703,120155,128340,94055,55 5 49,56 6 50,55,56,63,64,8
qseq_fcd7dd6259f3f2dd,head_fit,length_64_gap_8,qcluster_head_fit_0024,qbank_head_fit_e7f981d47353,79501 88652 129045 64498 110893 94624 120729 142768 109330 122156 141019 54010 73311 41755 20011 34540 76932 49509 148452 3689 132842 110395 138679 61016 27881 43690 50957 21320 52560 98791 87784 56365 85450 52837 17119 73173 116062 41889 150463 3561 134720 25082 18193 48075 145804 116983 66443 133570 54643 83752 34452 124387 47191 32119 24168 25965 110448 86430 31875 36516 74870 43684 107735 25965,110448,116062,122156,55 35 8,56 36 9,55,56,63,64,8
qseq_f995bd6d7d548001,head_fit,length_64_gap_8,qcluster_head_fit_0025,qbank_head_fit_e7f981d47353,60676 107156 64683 71728 93665 128340 1638 120115 9481 3954 138422 61246 130304 96909 114251 108773 101349 119870 135345 100464 42073 33271 48670 40801 51613 46465 143299 44131 73600 25088 128953 102485 143158 119093 87649 86241 129379 94746 143530 42709 43963 114205 113602 72331 13939 133717 22772 4107 41369 135589 35425 108282 70838 69207 120590 66414 126539 74945 91895 38838 56793 114848 72283 66414,126539,41369,69207,55 47 52,56 48 53,55,56,63,64,8
qseq_fd03e052be6e90a1,head_fit,length_64_gap_8,qcluster_head_fit_0026,qbank_head_fit_e7f981d47353,33740 144697 29031 106179 146609 30785 33177 132781 43726 100477 103413 26218 142675 98562 92398 122930 26245 85920 3811 75329 31873 54741 30819 50472 25269 25708 144105 9121 147592 68930 117004 43465 113420 108802 130071 53663 54286 94773 53458 90344 30128 96002 74841 106526 117886 41143 87811 44233 50036 61288 124680 138005 19262 130501 82617 24254 6072 120120 47808 130241 38128 132178 108489 24254,6072,53663,30128,55 34 39,56 35 40,55,56,63,64,8
qseq_a895c44da833e5c1,head_fit,length_64_gap_8,qcluster_head_fit_0027,qbank_head_fit_e7f981d47353,2506 40386 41143 109425 23133 80474 3871 62545 74744 13119 130884 61802 71705 85829 26757 64770 33485 141458 140236 41755 137046 51893 132113 17630 119133 14130 9513 92754 113808 143336 130444 80374 123587 13938 134122 8437 35631 42097 56935 32938 3340 24964 19262 55453 74768 19915 69061 87488 135262 43726 151237 148492 119741 62601 130592 108227 148339 2065 117910 13436 68834 89913 142687 108227,148339,130592,26757,55 53 13,56 54 14,55,56,63,64,8
qseq_68f482c526a28751,head_fit,length_64_gap_8,qcluster_head_fit_0028,qbank_head_fit_e7f981d47353,73314 109851 20427 26102 58409 77527 47317 60851 36444 43684 135244 71172 84700 1441 10207 58518 135779 52071 44233 130081 16424 47682 30819 17064 61380 41944 126789 4556 60139 79335 22759 54151 61930 51545 21236 57626 64445 92195 26110 111069 27489 150874 95368 46627 115053 90646 1960 90473 85112 132951 29030 131325 125449 46331 118477 93913 24168 108139 104261 121547 2831 113486 27881 93913,24168,43684,84700,55 8 11,56 9 12,55,56,63,64,8
qseq_ce7c6de1d1405c98,head_fit,length_64_gap_8,qcluster_head_fit_0029,qbank_head_fit_e7f981d47353,80489 100995 87435 81962 55732 149045 93129 58408 120593 7533 122413 135721 114205 137290 111066 30748 147840 91503 86295 44830 78103 56415 23270 61648 66941 106489 55739 74232 33553 136360 75993 26218 23658 14843 56189 40185 91817 145953 28758 108660 118621 85921 144607 80474 116028 129971 50411 103831 44787 21731 145968 108181 84672 42761 136916 12454 37721 126272 120155 59218 151078 77086 132555 12454,37721,118621,100995,55 39 0,56 40 1,55,56,63,64,8
qseq_be772bd91e0eacdd,head_fit,length_64_gap_8,qcluster_head_fit_0030,qbank_head_fit_e7f981d47353,132178 13365 7457 137139 129735 81009 76953 70052 42508 4008 103133 28020 38533 86170 147442 93665 56926 118646 29750 110107 85926 29030 65709 72161 1980 39924 15205 1220 113851 101735 134537 122759 139013 1036 17541 99651 54306 66897 54893 132102 67313 2795 18828 38327 113354 145536 27852 134432 98787 108804 127130 33558 17323 64202 2986 68943 138422 126959 138472 116133 117612 26035 109852 68943,138422,1220,134537,55 26 29,56 27 30,55,56,63,64,8
qseq_0d7f92c03d59eab9,head_fit,length_64_gap_8,qcluster_head_fit_0031,qbank_head_fit_e7f981d47353,147662 18109 15413 100163 103851 47927 16591 6136 14865 96521 12454 59079 44106 122930 76038 125589 25708 108278 126272 103874 141514 87435 148258 109413 147792 101973 1632 56935 101675 77448 144607 108108 137671 60849 89913 3465 133412 133139 61016 18852 115215 94788 32486 48700 130304 48167 32119 150463 34391 106136 104323 37501 10042 2630 64909 25657 22866 19352 44206 112004 61871 27628 97834 25657,22866,60849,96521,55 32 8,56 33 9,55,56,63,64,8
qseq_2f5fef2dfa84504c,head_fit,length_64_gap_8,qcluster_head_fit_0032,qbank_head_fit_e7f981d47353,61634 12280 21577 34884 34204 47823 61930 1703 81079 60285 97470 48585 17487 69286 39653 116028 140647 100163 84813 51613 99315 28486 130986 30603 140821 24591 33234 73496 121545 53903 23672 80474 130664 87938 5262 31320 46778 4407 4073 79864 54116 126789 143990 147847 108327 126793 121485 96035 41913 67879 9117 72018 67573 25824 89865 138472 128737 57402 43726 43515 89676 7200 121681 138472,128737,41913,121545,55 47 27,56 48 28,55,56,63,64,8
qseq_91b58cb618ccfcff,head_fit,length_64_gap_8,qcluster_head_fit_0033,qbank_head_fit_e7f981d47353,103554 13319 109824 144697 69543 39909 28009 28020 25030 140986 3478 50582 30526 104871 140649 136736 106190 38267 132178 27932 52039 73784 71152 9369 52255 89865 117097 28833 52524 25130 85926 32412 51214 73769 15759 137994 101737 21320 49250 65564 109425 93754 137561 38684 111409 9509 18774 58432 121681 111069 119994 26912 21791 89022 57362 75409 126470 37979 151586 6728 50823 47823 105129 75409,126470,117097,13319,55 25 0,56 26 1,55,56,63,64,8
qseq_fa18b3b2d50f3e8f,head_fit,length_64_gap_8,qcluster_head_fit_0034,qbank_head_fit_e7f981d47353,21052 85828 72521 79028 137683 32412 63845 43138 89902 32340 70694 84045 15656 111220 42294 96171 63901 30785 41889 30748 13119 111461 9416 98388 129061 97618 131742 72331 134122 7900 102459 89863 15372 82132 148775 106913 55887 142248 53602 39197 65118 33275 106489 63790 43954 102360 85111 132837 93020 112055 82570 73202 72232 137513 149015 103831 66813 100149 96256 39721 70531 17817 5127 103831,66813,97618,137513,55 24 52,56 25 53,55,56,63,64,8
qseq_41366569e5b97b83,head_fit,length_64_gap_8,qcluster_head_fit_0035,qbank_head_fit_e7f981d47353,150039 46056 108800 137683 71685 763 132951 30559 9121 79335 60254 49373 58408 130570 107295 64830 150541 97410 12280 76854 127189 62570 97618 94980 105828 125196 53654 150593 148815 15583 149299 146013 122759 90276 61871 39909 4479 12785 110613 129971 52766 109352 116062 20645 117492 116558 77059 86228 120951 61026 100995 21048 142609 4022 139429 78396 97470 71215 43726 36612 56089 151009 3340 78396,97470,52766,142609,55 39 51,56 40 52,55,56,63,64,8
qseq_8ecbd0a10d82fdd7,head_fit,length_64_gap_8,qcluster_head_fit_0036,qbank_head_fit_e7f981d47353,32021 101164 101737 31902 47167 123263 109245 44900 44755 137683 113808 143964 142569 36697 99199 21791 35334 1300 25911 24964 31620 70763 36651 19667 62883 27403 110107 135763 121702 44990 9005 141981 119614 145632 70052 75409 75275 56135 107480 34659 71206 56935 123913 38398 142264 80704 49325 84744 96399 78693 127056 100251 77527 65560 57124 30232 138256 13637 48021 69354 75245 44414 127864 30232,138256,19667,100251,55 22 50,56 23 51,55,56,63,64,8
qseq_95ac6eb919ac995c,head_fit,length_64_gap_8,qcluster_head_fit_0037,qbank_head_fit_e7f981d47353,99940 34999 38393 57234 109362 130143 11411 58518 71896 133304 108800 75409 59207 137897 43783 8904 56929 52560 6568 119359 132378 11783 146246 89733 53709 98715 27976 5677 84084 27670 14843 117097 126959 59869 151204 11453 32082 48855 144396 86447 107568 102473 75539 71922 103627 151217 148339 126827 38740 32634 126448 44762 67482 30857 71206 81664 14865 69207 49245 69844 73286 2163 44208 81664,14865,151204,151217,55 33 44,56 34 45,55,56,63,64,8
qseq_75bcd5e8f57d7e40,head_fit,length_64_gap_8,qcluster_head_fit_0038,qbank_head_fit_e7f981d47353,125599 52490 20645 126518 150566 79501 21812 96632 59079 30819 38360 5183 61871 19262 5892 108227 149015 47224 86535 135941 135779 81374 84856 9372 110997 125589 1896 8375 9121 108660 1060 17003 68362 66414 149998 103554 2708 41539 100832 123595 108218 118621 41736 87341 101758 104871 99309 39168 144257 106958 3604 87786 142480 128983 134720 123559 51937 98301 5745 35409 9036 93665 149385 123559,51937,35409,108218,55 58 39,56 59 40,55,56,63,64,8
qseq_4e24ef804e5602bc,head_fit,length_64_gap_8,qcluster_head_fit_0039,qbank_head_fit_e7f981d47353,69920 71328 63592 33275 88914 94126 75277 70574 142132 4769 47791 105888 8323 35409 136360 74335 19063 34431 6755 26245 19128 6572 62166 42073 63572 101893 40605 53351 62014 121270 109425 74071 134269 19166 45112 44762 87679 105450 29160 16462 704 33014 151297 46465 151549 30841 107756 58324 53903 81179 2338 65118 41755 45185 136916 78167 110143 51347 96891 30581 102901 50750 151394 78167,110143,45112,151549,55 33 43,56 34 44,55,56,63,64,8
qseq_4e5925dd0404d4b2,head_fit,length_64_gap_8,qcluster_head_fit_0040,qbank_head_fit_e7f981d47353,102583 9481 35307 77622 21236 131742 28835 37124 38601 43011 34817 45112 110642 93529 96002 90368 19012 10978 143201 110972 13959 74030 119982 47791 113191 32759 62601 130140 91396 68930 46315 97255 5164 8855 131466 93687 28783 38504 4769 54854 103413 12118 106401 97240 17893 120140 105989 106526 73539 137900 27869 55771 26757 53294 57155 74195 11265 17841 26668 76953 21806 77032 143472 74195,11265,137900,55771,55 48 50,56 49 51,55,56,63,64,8
qseq_8c92b6d7f81fe7e9,head_fit,length_64_gap_8,qcluster_head_fit_0041,qbank_head_fit_e7f981d47353,20091 74561 135124 126137 91186 7222 115574 6279 66469 29615 63572 91140 111993 121107 106009 139818 74322 40436 74335 128897 69332 70492 46660 145037 107484 137149 67802 22866 17005 9372 87710 57215 1085 123128 1116 7817 135910 16662 69447 87679 44929 89902 15267 86808 85649 142665 89423 59902 87649 28748 2924 82081 39758 48431 109451 21425 17552 15684 131863 99190 98525 77511 19405 21425,17552,126137,6279,55 2 6,56 3 7,55,56,63,64,8
qseq_07f646435843e32e,head_fit,length_64_gap_8,qcluster_head_fit_0042,qbank_head_fit_e7f981d47353,38838 30857 27976 12955 1656 40263 39185 132378 103037 9337 25480 47485 144418 24292 113291 140201 151204 43799 103364 66497 74434 127056 18511 64998 120951 58038 150071 136794 60444 19424 98012 150377 58303 54609 135718 132298 91122 50415 99891 107525 104363 51693 13561 85088 94374 21236 61458 108958 66863 134573 103713 103851 23672 127189 147370 28500 15966 52963 120526 122498 113355 10139 139064 28500,15966,9337,150377,55 8 30,56 9 31,55,56,63,64,8
qseq_d2d489038eb9e293,head_fit,length_64_gap_8,qcluster_head_fit_0043,qbank_head_fit_e7f981d47353,52766 113355 57215 96375 99040 118503 10139 58839 87834 132084 122739 59330 121208 150593 128737 68817 18834 85822 126813 41877 69920 24916 58408 66915 44787 26245 41931 72732 26110 4835 141271 129618 69239 134972 24807 53351 35870 73202 27010 15195 18852 17336 8322 103554 124438 37245 107665 132960 26725 85926 9416 84143 136382 50055 61152 129061 50415 23117 83171 126426 29755 88439 82412 129061,50415,18834,66915,55 15 22,56 16 23,55,56,63,64,8
qseq_aaddba63f9f4d1b3,head_fit,length_64_gap_8,qcluster_head_fit_0044,qbank_head_fit_e7f981d47353,19001 80704 33218 128859 67515 2924 66130 92685 81354 119439 72991 112135 110893 18294 63096 33558 72253 119050 67828 28556 139215 146694 38026 109180 101754 10851 50930 94374 98481 37929 126991 85112 67732 42294 10139 82015 88282 134410 82233 146367 95317 130304 2506 60444 135124 58029 26694 116054 51119 2708 132837 11495 9106 86430 89518 30418 106179 126448 1534 64961 89487 130392 105989 30418,106179,146694,130304,55 20 40,56 21 41,55,56,63,64,8
qseq_5efafff6deacef4e,head_fit,length_64_gap_8,qcluster_head_fit_0045,qbank_head_fit_e7f981d47353,150071 40756 107665 21052 117562 76038 30920 52430 104675 142594 18377 109180 113979 142238 3618 68954 14113 70574 39719 111238 74886 131324 119820 98012 120140 19001 1459 120118 146620 109852 36715 10436 15759 3881 102386 54775 26981 118503 84330 58451 62143 17448 119384 138005 94395 25824 41931 118351 87649 41095 89902 111969 99130 34659 31089 94327 90003 918 34884 9509 87933 65616 109431 94327,90003,117562,17448,55 3 40,56 4 41,55,56,63,64,8
qseq_c2dbfd3abd712a76,head_fit,length_64_gap_8,qcluster_head_fit_0046,qbank_head_fit_e7f981d47353,9005 75989 65112 141038 100506 23349 30444 116796 5693 80314 90053 142186 32576 131731 93805 123029 122156 37979 55132 139440 38709 129139 39394 117947 33553 35425 12962 7601 73611 127877 118771 93290 127864 39185 10268 95252 131774 135397 449 10362 100995 73286 119615 28341 122721 2135 105127 148888 57864 36516 91884 114719 90158 61504 22802 38927 56504 46643 105963 130676 108181 85055 122683 38927,56504,131774,30444,55 35 5,56 36 6,55,56,63,64,8
qseq_36a14dd6bb51f817,head_fit,length_64_gap_8,qcluster_head_fit_0047,qbank_head_fit_e7f981d47353,123595 61871 41592 133204 107750 38711 108802 102397 120349 47485 91387 114297 14969 29863 44876 47635 61356 128927 89509 149015 71728 134573 108095 131801 123964 57626 60397 26035 30094 14343 77899 99318 80368 5127 15344 61802 51097 133424 75011 36104 68430 35808 82866 14877 138644 1656 10355 114641 99190 30526 54930 30143 93200 139632 25833 93329 53288 127732 3287 30591 142288 145035 95948 93329,53288,14877,123964,55 42 23,56 43 24,55,56,63,64,8
qseq_416aa436cdae2a39,head_fit,length_64_gap_8,qcluster_head_fit_0048,qbank_head_fit_e7f981d47353,8893 51223 11674 46422 77929 10268 13637 142609 33171 46277 15334 119638 89863 114096 40736 38767 1459 38533 101168 79832 57490 83163 77527 793 108500 12733 72361 121612 97041 117362 87694 111277 145613 32172 144449 65131 108064 76038 62166 132904 94980 119359 55295 38927 103259 61889 22497 91051 50014 10534 67036 147847 119219 85744 89487 45610 36977 55304 150874 107480 46695 30009 5483 45610,36977,94980,51223,55 39 0,56 40 1,55,56,63,64,8
qseq_1dae72776a132cfb,head_fit,length_64_gap_8,qcluster_head_fit_0049,qbank_head_fit_e7f981d47353,102501 95905 86345 11719 84389 141906 46695 67732 150392 132904 105965 78580 37530 13939 57367 52299 145632 128693 22802 12118 111710 84700 132044 111644 140471 42710 96375 99898 53510 97240 107314 38615 11989 88281 144306 137054 65536 109245 61889 36963 64830 121270 106146 71555 68504 35467 91649 125910 1685 89291 1980 145189 73286 9513 115474 48478 63956 53109 89735 22866 7533 32563 109518 48478,63956,73286,95905,55 51 0,56 52 1,55,56,63,64,8
qseq_52b61c331248e6d1,head_fit,length_64_gap_8,qcluster_head_fit_0050,qbank_head_fit_e7f981d47353,94104 140649 1685 99564 41369 138812 134805 101754 47171 141271 66143 44414 111238 48507 87180 80102 91943 53109 21536 87786 3209 143336 143262 3287 3340 9337 130035 35427 63989 36407 25130 3465 70647 2291 3986 10436 37370 70679 98562 131438 51803 69286 100237 26352 91862 126889 116784 7417 74071 45345 110606 49373 140342 127297 38405 96682 99190 47485 55876 32998 13052 56904 123380 96682,99190,7417,38405,55 46 53,56 47 54,55,56,63,64,8
qseq_ff3714fe832c1c45,head_fit,length_64_gap_8,qcluster_head_fit_0051,qbank_head_fit_e7f981d47353,119359 114510 29246 13637 63585 149941 121547 7457 32175 7369 137906 135271 145273 110377 35709 1060 65636 38767 32759 147297 107423 1563 62641 67776 101758 135763 89509 18806 48718 68196 7256 150577 60849 132378 61504 146876 143336 15195 62311 12067 127174 26981 62888 81664 146688 55295 37132 109132 43718 14843 133596 80996 1500 143892 53438 128737 76953 132960 119680 64498 28998 130304 146346 128737,76953,13637,38767,55 2 16,56 3 17,55,56,63,64,8
qseq_38b1724628168057,head_fit,length_64_gap_8,qcluster_head_fit_0052,qbank_head_fit_e7f981d47353,136034 32072 125340 704 30530 64202 57155 96891 37132 101079 48732 85950 74335 68504 106281 64136 148231 115185 58685 19525 43346 110972 17463 129670 96035 146418 61648 49435 13938 111699 52296 67788 85228 93519 22248 16195 109132 63453 87679 79490 99860 49664 119439 125913 69286 26694 58657 147000 143299 125589 17523 141271 140128 46660 116400 54949 15205 38327 87536 26352 100105 123913 43700 54949,15205,48732,26694,55 9 44,56 10 45,55,56,63,64,8
qseq_22bf7787b0e05f3f,head_fit,length_64_gap_8,qcluster_head_fit_0053,qbank_head_fit_e7f981d47353,100871 57413 56086 146694 42761 146295 71172 55601 20091 85926 96436 141634 127682 119680 151590 75329 137067 109598 32486 84285 87488 64173 39623 67547 29232 111220 43338 149386 133013 22338 27670 29818 87538 150430 7601 131195 126479 126584 41835 148888 1029 132904 15132 148093 31948 135268 84778 37385 70077 52084 113193 16685 18217 19887 105888 80425 93901 99864 137897 97958 34817 7383 56151 80425,93901,113193,71172,55 49 5,56 50 6,55,56,63,64,8
qseq_33148eb70ec32b54,head_fit,length_64_gap_8,qcluster_head_fit_0054,qbank_head_fit_e7f981d47353,32896 100063 79837 121702 77712 32927 30418 30706 118071 6733 9823 73539 61356 100780 94717 3122 140821 53663 74561 69277 26694 46660 135442 150446 93519 23117 70632 101164 37124 150593 57367 29393 6492 43526 1565 31875 18852 27403 100097 120745 137624 130420 88721 13367 51545 51516 128693 119726 118059 6072 43799 24964 15467 27728 107103 10356 68954 107538 48167 149941 29030 2795 37530 10356,68954,57367,46660,55 29 20,56 30 21,55,56,63,64,8
qseq_a18a97d19c66c093,head_fit,length_64_gap_8,qcluster_head_fit_0055,qbank_head_fit_e7f981d47353,4215 55453 43914 49509 119994 28871 86447 49245 2163 138679 41107 28833 73222 58432 115574 62440 114641 106489 130617 97240 80704 100237 41835 130421 116807 77018 60252 29031 56089 130950 7674 119389 46056 118240 93529 42279 94688 70278 12629 65557 36977 30605 81079 99940 99309 41208 3595 84104 107538 111461 108804 25130 151234 2065 24165 3881 135817 18391 108227 12284 147837 44343 11906 3881,135817,73222,84104,55 11 46,56 12 47,55,56,63,64,8
qseq_935d65ebf8bbca12,head_fit,length_64_gap_8,qcluster_head_fit_0056,qbank_head_fit_e7f981d47353,121263 16827 122759 75254 106489 144293 63595 79988 92576 21663 73321 29160 8437 52430 141514 77283 57059 24100 83640 124387 32205 122930 14993 90906 20038 98301 93290 135785 51072 83864 113808 10436 55876 90368 77712 55999 12905 87133 64939 5465 69332 67463 73173 142460 57215 78103 75245 80368 50055 43726 47485 31089 43465 87030 26383 90545 69830 129670 79626 18489 30806 115998 84939 90545,69830,57215,47485,55 43 49,56 44 50,55,56,63,64,8
qseq_c9001777415d2a5d,head_fit,length_64_gap_8,qcluster_head_fit_0057,qbank_head_fit_e7f981d47353,55453 81073 39623 8898 5921 139350 60135 98301 50582 101893 123029 102769 62627 113406 86974 7195 41208 10722 6927 7369 99860 84084 98294 142566 55355 101367 133717 30530 102233 108145 116031 58432 71020 55630 133171 60160 87679 9481 97716 85950 91107 8021 17488 65063 22480 28998 47808 89423 35334 104918 28020 85920 30605 95836 118450 17249 139164 90646 15776 89354 109071 8402 1044 17249,139164,95836,98294,55 52 21,56 53 22,55,56,63,64,8
qseq_24dc0e7553b8d807,head_fit,length_64_gap_8,qcluster_head_fit_0058,qbank_head_fit_e7f981d47353,50411 116657 12402 65532 146588 19625 17777 82506 48073 96204 120956 49548 15122 73666 23672 119133 128873 53050 23377 137624 135397 138834 25965 141432 7980 75391 111409 113514 6728 18609 112418 150847 79410 28556 87938 94327 133278 49540 18828 21791 44927 37138 106136 66117 106973 91122 104402 141458 81749 89530 56260 31569 121232 9416 9145 53109 10042 126917 81534 51613 61059 107008 41095 53109,10042,48073,49540,55 7 36,56 8 37,55,56,63,64,8
qseq_03fbe8d67677572e,head_fit,length_64_gap_8,qcluster_head_fit_0059,qbank_head_fit_e7f981d47353,29215 115981 108802 140322 64998 91636 61930 29223 35540 139099 79447 60135 127745 9677 96266 129538 56290 74668 108846 64173 85822 64498 17547 85733 65063 3340 85111 116976 74808 10355 102345 52130 6582 111589 48865 71697 93687 48306 55924 61356 8246 1317 108336 94565 109445 141038 103364 64164 97067 97410 3871 145367 145459 95230 78103 107756 85649 110893 126518 97267 26383 150379 52323 107756,85649,108336,3340,55 41 24,56 42 25,55,56,63,64,8
qseq_9f2790fa6a060f93,head_fit,length_64_gap_8,qcluster_head_fit_0060,qbank_head_fit_e7f981d47353,121547 12785 19007 32091 48167 88081 151586 3954 17000 34452 127493 126137 6397 25401 73904 83989 107458 46056 104806 56418 103627 128854 132885 111130 119820 100237 97041 102788 114640 81441 95195 74309 30418 102133 23405 80474 119726 145693 97552 134041 6322 130118 149883 70679 85648 151205 28835 53294 113194 35307 76208 119093 17372 3618 96019 32105 117562 117947 27624 117612 74768 16592 43670 32105,117562,23405,46056,55 33 16,56 34 17,55,56,63,64,8
qseq_aa85dce51a425c7a,head_fit,length_64_gap_8,qcluster_head_fit_0061,qbank_head_fit_e7f981d47353,49250 142594 19846 97509 74216 39197 17198 100995 35808 23377 93608 97790 30699 44755 140342 14292 124216 1980 72097 24917 60444 15334 151234 52130 51893 66130 60185 119726 29223 63082 113555 82081 86430 102784 133738 80108 51436 16004 123145 5483 118771 109851 7458 107103 55061 60849 102345 63592 2986 135271 69951 130421 99898 4804 124775 63490 7498 60447 87133 45185 14943 17005 96399 63490,7498,14292,82081,55 14 30,56 15 31,55,56,63,64,8
qseq_6a04f61fbeec98d3,head_fit,length_64_gap_8,qcluster_head_fit_0062,qbank_head_fit_e7f981d47353,34452 89530 35425 124046 46627 17366 23407 120683 71224 24168 37281 117665 38715 141766 37370 111710 93129 24591 103874 75135 134805 87133 84361 115866 48718 111589 60512 74309 103627 121341 2838 125497 60275 114323 65118 44990 44414 24100 103144 99309 72810 17817 46695 91895 41394 27102 29521 28020 63633 89048 67313 137197 4835 37826 108983 105235 25848 28833 63990 98294 77283 53288 55887 105235,25848,141766,111710,55 12 14,56 13 15,55,56,63,64,8
qseq_b3667fdc6c464d55,head_fit,length_64_gap_8,qcluster_head_fit_0063,qbank_head_fit_e7f981d47353,28748 102583 151234 8098 8855 115186 30920 45112 47791 110107 30806 119197 125913 90863 111084 66453 56704 33740 131268 66570 91568 135244 57124 130884 18193 74335 49245 3938 62581 79410 98234 146588 43718 60347 14338 94717 124902 133204 83192 48306 33218 89150 146874 40530 97107 8317 91817 110997 44106 124732 124206 23405 147543 146708 52299 112595 36826 133120 108950 132146 125174 6219 16843 112595,36826,111084,125174,55 13 59,56 14 60,55,56,63,64,8
qseq_9ef366fc79b9a911,head_fit,length_64_gap_16,qcluster_head_fit_0000,qbank_head_fit_e7f981d47353,103874 94327 107361 126667 31902 13260 105684 84084 34884 811 107644 116784 55436 48670 149019 68508 97790 127004 142175 59411 30785 73314 148775 145804 42709 72361 123322 81062 145693 91387 33175 133929 54307 68504 136547 91636 143709 103133 127748 1685 110305 15372 79056 110583 126687 50411 64522 89735 134185 5612 117910 146246 107316 37992 66630 91126 75855 83989 140236 119910 55876 69862 121046 89735,134185,107316,107644,47 51 9,48 52 10,47,48,63,64,16
qseq_ea406e001a1cb815,head_fit,length_64_gap_16,qcluster_head_fit_0001,qbank_head_fit_e7f981d47353,44876 39719 763 52039 38398 57367 102917 105731 100995 72341 3478 43700 60867 109451 89863 39083 111289 128945 18096 79864 75409 34659 77557 69286 58381 148775 30402 49559 128927 27670 126657 107156 5612 108114 103379 99309 132023 85635 98334 52610 6041 89780 74232 64713 94126 47791 110972 3881 10534 110438 57487 4215 35631 90962 29521 143472 118670 130070 131370 133197 130771 55453 104723 3881,10534,108114,52039,47 32 2,48 33 3,47,48,63,64,16
qseq_1ec51c4b55a29d66,head_fit,length_64_gap_16,qcluster_head_fit_0002,qbank_head_fit_e7f981d47353,49250 146241 91741 16047 149223 146286 72361 147000 119928 99116 133044 35409 1637 53640 124616 112595 28783 55803 12159 16629 115038 109362 43337 137054 130771 111130 16424 137819 13561 37132 145649 85829 120611 131860 142973 141766 104493 58270 39902 136794 138422 114739 97240 148285 80704 45740 46808 18443 94301 140138 17490 59737 132852 83163 142675 99940 130423 86121 15379 70392 115195 87085 50217 18443,94301,50217,86121,47 61 56,48 62 57,47,48,63,64,16
qseq_636f143d043869f1,head_fit,length_64_gap_16,qcluster_head_fit_0003,qbank_head_fit_e7f981d47353,67255 128693 21250 13939 59079 119994 45716 64498 94980 7190 48670 96750 11433 69920 23917 29298 115998 68345 52151 119982 32765 88152 20438 119219 36612 29153 90989 90003 82291 51097 83989 43730 35209 142665 45079 118771 142248 126789 117362 73202 56189 12454 146419 122721 80811 77899 104619 144396 61016 87938 105965 136127 106958 96297 98070 6572 105104 105828 25708 121263 84719 137139 109732 144396,61016,137139,64498,47 60 6,48 61 7,47,48,63,64,16
qseq_0045d6a9b1c3a185,head_fit,length_64_gap_16,qcluster_head_fit_0004,qbank_head_fit_e7f981d47353,72708 103697 87256 58961 138344 3986 92526 20998 81962 119726 133251 25708 75275 132254 98705 74748 16591 58685 124363 149922 34605 85828 18294 98234 150798 146246 147456 77712 143990 64522 108114 36444 22362 111929 27180 131324 131863 89733 99077 100528 63633 41539 102949 32998 95158 56290 137206 25657 8904 32009 54929 41597 117606 118724 36963 132045 81179 58657 110096 123913 116054 128927 140342 25657,8904,119726,108114,47 8 29,48 9 30,47,48,63,64,16
qseq_762673d398c6197f,head_fit,length_64_gap_16,qcluster_head_fit_0005,qbank_head_fit_e7f981d47353,101349 44830 130106 129706 25937 137206 123634 144697 14969 61059 46581 97258 58685 58749 92603 116028 3122 143709 38838 49316 85084 10042 105963 120999 137819 37370 117894 114641 25294 93200 46209 12353 53640 40263 142245 91369 84886 1644 54213 138612 142238 3254 126574 98774 39653 124907 100141 43515 96171 43011 130664 71152 126077 97599 126827 20709 135266 15334 90250 44970 39671 131304 95126 43515,96171,44830,143709,47 0 16,48 1 17,47,48,63,64,16
qseq_2df34aac97fb0139,head_fit,length_64_gap_16,qcluster_head_fit_0006,qbank_head_fit_e7f981d47353,149019 75391 119615 6397 126657 105407 147847 73314 99199 49316 75245 115866 87694 130304 74232 4991 85088 1317 112260 45197 123655 32938 29393 75951 150350 54249 17564 73152 124387 16452 118869 75280 6719 93200 78005 5677 43763 67474 26153 104362 60134 50411 124844 142132 138834 141801 52837 120251 97642 32662 113555 39127 138256 151237 28486 117183 127865 32021 69543 66941 20513 124902 89421 120251,97642,5677,112260,47 34 17,48 35 18,47,48,63,64,16
qseq_64ea228a23348925,head_fit,length_64_gap_16,qcluster_head_fit_0007,qbank_head_fit_e7f981d47353,115533 100464 37664 52812 69830 89676 94055 21806 141681 10042 37124 108450 51613 74434 68196 62124 24591 125910 123029 17119 75260 119741 35870 63722 144697 83780 41107 130444 12353 54866 78117 113772 144411 47661 147409 138413 74518 3875 109288 78026 66377 60841 77213 131471 143436 25480 47224 23774 128602 4243 39902 131325 119372 7383 90888 94101 55358 32486 45610 92119 77059 145781 76862 23774,128602,24591,108450,47 15 10,48 16 11,47,48,63,64,16
qseq_4697f5f7a35a1588,head_fit,length_64_gap_16,qcluster_head_fit_0008,qbank_head_fit_e7f981d47353,918 134432 111969 54286 77283 93012 43358 8905 143024 120628 137683 146286 101675 96847 5127 79897 97255 13637 17198 60519 18332 76953 27932 39924 119197 58303 132482 131146 20127 78026 84822 97716 22248 136360 141170 124229 138141 112595 89735 125638 59669 57467 63989 16462 108181 93601 5677 25911 150392 70392 33677 103301 4022 97067 4641 49473 17487 108660 71727 144396 61059 28998 6582 25911,150392,97716,4641,47 30 53,48 31 54,47,48,63,64,16
qseq_2bde7ae4f99528b2,head_fit,length_64_gap_16,qcluster_head_fit_0009,qbank_head_fit_e7f981d47353,26332 136857 143323 118646 89022 115053 102949 89702 110448 144954 11572 147305 29275 60519 151009 128350 121208 122759 130617 151204 58324 2838 48865 104805 60586 26598 34377 27375 1044 113220 24208 146346 17841 71570 44798 37851 64683 8999 59411 110606 106179 56290 6491 25775 144418 53050 75479 121582 68310 72883 60676 142065 126917 96002 44990 16468 64164 137097 141181 30448 22562 28634 114719 121582,68310,151009,110448,47 13 7,48 14 8,47,48,63,64,16
qseq_14d3a4eb2592e81f,head_fit,length_64_gap_16,qcluster_head_fit_0010,qbank_head_fit_e7f981d47353,116934 17087 94165 88081 56527 71697 56454 101702 130304 19625 122413 60316 67446 37281 37929 141766 27881 52766 139818 119359 118240 135345 46223 75951 28783 57402 15001 125926 9106 92261 93246 126539 9076 126389 43315 61475 88914 112518 4334 142768 74748 120697 49250 112349 84744 90903 72002 83430 55018 38571 103016 123322 103144 80855 50795 100477 68002 91884 85770 110583 134805 33485 120025 83430,55018,46223,125926,47 21 26,48 22 27,47,48,63,64,16
qseq_b08473fabe3c7d8a,head_fit,length_64_gap_16,qcluster_head_fit_0011,qbank_head_fit_e7f981d47353,50582 12911 57367 12394 33531 88456 147900 63301 20045 103344 28351 41966 109824 46315 90473 18709 130118 39127 111130 62641 115574 127920 135817 99318 76219 110972 78918 109250 4835 79859 148050 19012 14843 79501 6287 141634 28020 72892 63908 129760 118771 64608 48234 61802 69325 58533 6136 76208 120977 1036 44929 127732 56783 58006 102652 56200 18193 121926 71896 93805 6582 28096 35278 76208,120977,18709,48234,47 14 41,48 15 42,47,48,63,64,16
qseq_888b43b157a30f43,head_fit,length_64_gap_16,qcluster_head_fit_0012,qbank_head_fit_e7f981d47353,68930 42279 140022 111672 14185 106626 78083 138812 133278 60185 74150 56290 6428 93529 77391 134815 54854 59323 26757 41315 30748 16843 132974 93550 20476 140201 46465 58270 52071 106392 97198 92754 83289 94773 59054 148225 117562 108139 41736 105104 7034 90962 62737 61356 43914 90137 69021 52837 93012 48033 46182 48449 66863 55160 104675 85770 59894 38533 120721 146044 52947 4073 127682 52837,93012,60185,46182,47 8 49,48 9 50,47,48,63,64,16
qseq_64e3ff4a46876be8,head_fit,length_64_gap_16,qcluster_head_fit_0013,qbank_head_fit_e7f981d47353,79901 132045 12325 61821 140821 71727 82570 143336 6279 142480 66570 108139 38838 116951 6322 81079 82866 107458 136893 49245 25130 72283 76617 132144 142566 37849 59996 18511 84104 51256 78025 59408 103413 89487 68345 131466 148381 2831 77018 91862 147370 118180 96933 57490 30402 36715 51613 69543 70929 1980 37385 86974 126439 57504 132126 120025 74216 60134 94395 72727 120120 27623 83989 69543,70929,37385,132126,47 49 53,48 50 54,47,48,63,64,16
qseq_bff6574d8e48210c,head_fit,length_64_gap_16,qcluster_head_fit_0014,qbank_head_fit_e7f981d47353,149241 99860 104326 61346 67446 151590 59703 63633 112135 90953 124344 61930 51829 136893 27976 99116 32876 41736 147456 141891 2506 43346 12223 38128 117135 60277 7419 93608 115574 127004 20091 44070 8174 15966 85613 22480 78821 15767 78083 18366 48073 34605 62751 132286 13939 107008 111409 58495 126991 105888 9106 22105 138207 126959 1085 71052 4008 142638 141084 92580 135262 130767 9823 58495,126991,9823,32876,47 61 15,48 62 16,47,48,63,64,16
qseq_075e495d9ef23024,head_fit,length_64_gap_16,qcluster_head_fit_0015,qbank_head_fit_e7f981d47353,55160 79447 145459 64202 51072 135124 71727 48770 13939 52610 125986 87341 126959 56223 69879 72253 113444 112260 35357 75329 66339 69844 69443 149045 102345 54866 77213 25833 109851 79574 123333 99054 120833 22143 17893 68310 77032 89902 82291 66813 89928 96320 24591 117248 36890 137906 91861 61847 99130 83192 33175 146780 132482 130081 130143 118869 57864 140022 123128 41831 103627 127302 105411 61847,99130,102345,130081,47 23 52,48 24 53,47,48,63,64,16
qseq_95822611553d0c7c,head_fit,length_64_gap_16,qcluster_head_fit_0016,qbank_head_fit_e7f981d47353,25130 132102 19232 23602 39083 20476 146374 97790 96830 150472 122234 117947 33042 89780 60808 36715 50472 63845 77213 43526 123559 133524 118419 66663 25911 125284 31683 58250 150300 46778 5921 137819 94101 72708 113378 17777 68345 97977 110658 15379 53654 68237 149045 52641 46618 46182 33073 137001 136205 90053 3954 142687 1565 28009 108282 113194 37530 25824 65596 3340 33434 50289 109732 137001,136205,117947,36715,47 10 14,48 11 15,47,48,63,64,16
qseq_59fb47b2fc2b274a,head_fit,length_64_gap_16,qcluster_head_fit_0017,qbank_head_fit_e7f981d47353,39728 54929 85635 109245 71498 107314 32175 78026 67361 69951 27596 64998 141456 16435 88721 6582 126272 19166 142186 144840 126732 132298 67646 134972 29818 138005 51693 84084 42761 68265 115062 30030 135817 35618 12118 59703 136985 33558 60139 11265 107071 64173 138484 24136 95230 115838 19826 142594 34377 70679 118724 135995 14455 77158 149223 38740 109445 147565 136394 135978 37589 103144 136382 142594,34377,109245,95230,47 2 43,48 3 44,47,48,63,64,16
qseq_94da80c3cc52be6b,head_fit,length_64_gap_16,qcluster_head_fit_0018,qbank_head_fit_e7f981d47353,37281 42764 69745 18518 71732 151217 126959 18046 8849 109852 108958 135779 100097 26725 18910 129858 91503 108950 85613 26726 125146 97470 5465 74930 11628 4835 1459 107160 30999 70531 96632 47661 110613 110333 49509 44233 66414 128737 5183 41953 68943 150712 29037 14338 122413 93529 91636 33275 66863 537 89518 110143 96655 118789 79501 7093 64333 25510 46348 65536 16468 105796 39623 33275,66863,110333,46348,47 32 57,48 33 58,47,48,63,64,16
qseq_970a4713a31f23dc,head_fit,length_64_gap_16,qcluster_head_fit_0019,qbank_head_fit_e7f981d47353,129625 121485 120251 82233 142029 64998 23733 19887 48700 59996 104805 74945 20291 17523 150954 58533 116756 17531 19525 71768 113444 93455 56926 85228 20524 17841 85648 86535 121997 25848 92603 123128 132852 36890 120767 19846 19915 68032 119820 96682 130269 6568 36963 42990 23658 71020 48478 38498 103021 56135 37202 100995 79873 34431 35699 73311 129706 8322 46223 87183 52376 40436 17886 38498,103021,48478,25848,47 45 28,48 46 29,47,48,63,64,16
qseq_2b012937310310e4,head_fit,length_64_gap_16,qcluster_head_fit_0020,qbank_head_fit_e7f981d47353,39728 62166 91122 76305 150298 74668 149922 1441 47485 3254 41877 133171 33852 56189 115533 107644 93841 98562 110333 137561 28835 32525 147409 150799 73539 84143 101267 73311 59020 20572 137097 16415 115131 35475 119820 17336 18672 113063 50472 45243 76208 90888 2065 103851 78537 13951 110028 19128 83943 114263 133412 100999 78246 70700 94363 31266 37743 6287 47171 129486 94374 2630 43694 19128,83943,78246,91122,47 51 1,48 52 2,47,48,63,64,16
qseq_e3f944679cc70f08,head_fit,length_64_gap_16,qcluster_head_fit_0021,qbank_head_fit_e7f981d47353,28500 26218 138428 87425 127109 139099 102583 31266 127378 44970 75524 142175 38838 56151 149859 64173 73355 64445 107295 83611 145079 107314 8898 128602 71582 103379 8883 143336 138738 80665 54984 94470 125986 82576 48033 132781 45655 137139 18672 12280 22772 74870 10000 58047 67547 93206 17000 141432 48021 118240 82829 122923 54547 85829 111699 50162 33914 56774 104159 129858 39168 81665 119430 141432,48021,12280,87425,47 38 2,48 39 3,47,48,63,64,16
qseq_8872d82f49fa377f,head_fit,length_64_gap_16,qcluster_head_fit_0022,qbank_head_fit_e7f981d47353,108095 115091 64934 116860 130570 98787 123599 10722 118470 117665 8437 45802 139429 14865 113443 15582 48234 72361 56382 62037 89863 55924 3122 96682 8241 58495 71697 93661 72708 29259 145379 33740 89518 3561 56365 30857 36157 117910 145632 29393 61346 69745 71224 132745 98733 13272 119741 150577 78103 53288 35241 104261 32877 16839 119197 35357 79897 87276 33531 104003 59869 6755 84740 150577,78103,119197,10722,47 53 6,48 54 7,47,48,63,64,16
qseq_faab846b52616a2b,head_fit,length_64_gap_16,qcluster_head_fit_0023,qbank_head_fit_e7f981d47353,116558 64612 106489 126518 52255 16468 61246 7533 107750 141456 124680 69332 102957 80241 56415 94363 124732 146086 89512 23721 131148 28500 138005 139013 6041 60252 7862 102497 56929 111277 79256 30819 54547 12612 15195 95198 66497 52963 128859 15684 77712 129045 48127 126827 98705 147000 91126 105684 140525 6001 136916 29275 63928 149935 141557 91741 96521 8174 17005 147692 108227 75989 114161 105684,140525,17005,149935,47 57 52,48 58 53,47,48,63,64,16
qseq_97a51ecd08404dac,head_fit,length_64_gap_16,qcluster_head_fit_0024,qbank_head_fit_e7f981d47353,73412 68943 105963 25130 151373 119615 15372 75779 9543 58315 52490 135839 151549 87279 73600 34540 71052 47927 24668 118180 39421 116796 115533 18852 141170 151173 440 73356 76305 78354 119041 144932 55732 60254 111847 4107 26668 71570 103301 83752 16690 22702 3986 147486 103665 38493 130423 84744 143964 123365 149569 67732 90250 142065 23577 37501 22772 108500 34452 146013 61475 60187 11453 84744,143964,22772,135839,47 55 10,48 56 11,47,48,63,64,16
qseq_8801725743fd119f,head_fit,length_64_gap_16,qcluster_head_fit_0025,qbank_head_fit_e7f981d47353,123909 127745 147661 83780 32634 128923 66612 94624 41607 95729 107484 10123 74456 126827 109245 112004 93020 150006 119359 116756 96297 96368 29223 85462 61871 145064 12612 78699 123322 22497 101737 102485 93608 105963 73365 33581 119614 76575 49312 142459 132095 25186 145613 127466 57362 151297 68508 37929 16592 28961 41665 111927 3465 51893 10113 116951 48770 126687 1172 79626 347 109079 145536 37929,16592,112004,83780,47 14 2,48 15 3,47,48,63,64,16
qseq_e6a0c02ba7b89708,head_fit,length_64_gap_16,qcluster_head_fit_0026,qbank_head_fit_e7f981d47353,60851 37929 1644 102764 24514 118450 117135 121582 13260 125913 125146 148059 104723 135271 108064 72118 17817 41208 133424 5921 36651 103713 23133 122680 96399 125589 73529 136985 47682 141578 73595 127130 87183 29750 95729 68814 98562 8323 61059 19232 8174 28486 77511 8849 97107 78918 74071 32927 64445 138256 135589 108450 17064 55999 139632 56189 56904 150305 64473 79335 123559 44233 85225 32927,64445,125146,8174,47 9 39,48 10 40,47,48,63,64,16
qseq_37e252d915d1024d,head_fit,length_64_gap_16,qcluster_head_fit_0027,qbank_head_fit_e7f981d47353,109413 130664 23369 21048 149299 135215 134876 41870 90293 120590 46182 123913 38267 119093 73600 113220 96819 117894 122739 69543 17488 26981 112234 104658 24775 110606 115838 96682 24008 45920 123482 149241 146044 3561 88775 3254 98774 69920 112518 142140 44414 10007 97255 118621 101168 85228 126667 56382 132960 16452 63595 63359 47629 142248 85950 136547 9317 6782 143336 26757 127675 132378 126426 56382,132960,143336,120590,47 57 8,48 58 9,47,48,63,64,16
qseq_ad9ae55fb21a1935,head_fit,length_64_gap_16,qcluster_head_fit_0028,qbank_head_fit_e7f981d47353,13451 66903 132837 135223 37768 148225 50503 2135 18609 95836 143709 18924 7034 87419 95195 67569 18569 140609 74870 147486 41953 67879 129922 87834 99027 9823 29293 9677 77622 41831 9372 95230 89423 138644 51214 130617 103364 75055 79897 60145 133570 90849 38927 86121 141778 138487 138005 91503 147661 96256 74646 60135 111289 93665 50823 56793 28600 123263 25117 73646 57626 5612 136736 91503,147661,74870,123263,47 17 56,48 18 57,47,48,63,64,16
qseq_a1a1e12edec29b3c,head_fit,length_64_gap_16,qcluster_head_fit_0029,qbank_head_fit_e7f981d47353,77086 16462 72053 147900 57124 136394 31245 93913 87834 44414 37851 15267 74216 25236 120602 135442 17045 89345 34070 109824 138141 51640 23405 68504 112535 84143 120949 114161 110305 61346 56704 98301 125844 90250 133923 10534 25585 88721 32486 10436 120251 52947 74434 58055 120118 52524 137149 14130 137897 129540 2163 149082 121926 125340 91126 133304 137624 73161 127302 123909 45079 79028 78693 14130,137897,23405,74434,47 21 41,48 22 42,47,48,63,64,16
qseq_99c3b2fa97dd77e7,head_fit,length_64_gap_16,qcluster_head_fit_0030,qbank_head_fit_e7f981d47353,93206 114730 84285 83640 93200 59787 112135 73796 76249 47823 75524 74870 141135 65259 130735 91817 83692 107525 74100 16690 67828 43591 19530 34452 149941 148008 44377 11572 40481 117126 117886 71502 10377 103016 15767 40605 18511 139108 50289 59408 85112 73539 141170 75479 106973 12394 43694 95613 52376 18910 98456 4033 114460 64961 147792 4804 56135 114641 108387 93468 75539 88700 53050 95613,52376,59787,74870,47 4 10,48 5 11,47,48,63,64,16
qseq_44d3914e1d48321a,head_fit,length_64_gap_16,qcluster_head_fit_0031,qbank_head_fit_e7f981d47353,59902 88282 116756 141170 2163 59703 25117 46331 43338 104493 85770 95230 16662 126789 15767 38128 18774 85450 62166 149916 50472 24591 84494 110448 135268 67446 137561 5542 19813 101455 20641 141055 107160 107316 46778 19680 58047 42073 128927 52560 23752 138074 93179 20291 123909 24514 89733 126448 12955 53663 115994 57408 7256 36123 26307 81073 150430 14943 140431 120611 85314 98334 12733 126448,12955,58047,126789,47 35 12,48 36 13,47,48,63,64,16
qseq_cf0ea8da8db01501,head_fit,length_64_gap_16,qcluster_head_fit_0032,qbank_head_fit_e7f981d47353,107735 74561 117004 144954 88281 53458 50162 35957 104493 136916 68814 102360 55876 149482 65536 150798 131325 62440 116796 63858 75844 54781 139844 142360 150751 93012 92682 36104 113514 14843 24397 143523 75254 62718 144411 45499 57864 477 150712 25082 117390 146568 143579 119038 38267 38493 150799 47661 42097 36569 62599 72053 39719 60025 147456 79765 109598 99130 102397 38767 3287 119439 23405 47661,42097,109598,23405,47 55 61,48 56 62,47,48,63,64,16
qseq_8d5eddfc0d6228f2,head_fit,length_64_gap_16,qcluster_head_fit_0033,qbank_head_fit_e7f981d47353,59900 135223 39259 45716 93290 76576 1637 61346 55304 49473 120120 10551 5235 102769 121485 71172 45243 51072 9076 139440 20501 54949 93661 57487 106561 18828 77283 94470 82580 63585 113486 114739 138834 89913 9106 59695 142555 138566 70535 12720 147592 46315 58270 12785 89567 150392 66453 138207 147409 76575 58409 38854 79324 28020 134410 58749 133077 79859 61016 77086 60512 30990 118419 138207,147409,9076,12785,47 17 42,48 18 43,47,48,63,64,16
qseq_4f34f121002c318f,head_fit,length_64_gap_16,qcluster_head_fit_0034,qbank_head_fit_e7f981d47353,47167 128573 17531 82015 20291 128340 32998 136893 43138 61436 119928 6001 55304 77391 144719 75245 3363 62601 16591 82476 50411 4073 131146 24773 39083 41573 99036 12159 150298 74309 116133 49798 113413 17198 17625 138005 19057 45920 108451 126292 46348 25030 50730 126827 98941 119982 23774 57504 81701 145804 6508 75180 70679 107746 93206 47669 150954 109851 50795 102615 114297 88001 56089 57504,81701,6001,19057,47 10 35,48 11 36,47,48,63,64,16
qseq_0a1918e0718f2254,head_fit,length_64_gap_16,qcluster_head_fit_0035,qbank_head_fit_e7f981d47353,29030 80474 141801 41176 119994 112310 77384 11732 18562 122234 50178 49316 100528 108800 94730 74518 120956 83864 61152 36977 48021 147420 37501 97410 95463 114374 8937 8098 91884 4215 1896 15904 89235 126687 138207 42186 68362 146367 146645 142175 19915 38306 43718 109250 119638 7435 148367 138074 60135 143260 27343 109824 80374 107525 64934 36890 51024 120702 46186 67474 103301 95510 124169 138074,60135,27343,100528,47 49 11,48 50 12,47,48,63,64,16
qseq_eab17a31102a31a6,head_fit,length_64_gap_16,qcluster_head_fit_0036,qbank_head_fit_e7f981d47353,49909 108941 48865 46063 75855 146708 537 50556 129922 15267 130501 70763 66339 45740 71206 68814 65536 133204 72283 40403 150593 135670 124732 80996 83683 45185 61367 87419 89509 65532 48708 32634 142973 51937 41208 132890 69443 90953 25848 124902 118477 108387 38927 87183 141891 131304 142264 4407 113355 43684 79447 124862 65790 34463 7458 56418 64998 87928 40438 19667 87030 62037 55887 4407,113355,45185,72283,47 24 17,48 25 18,47,48,63,64,16
qseq_8191d701c572764f,head_fit,length_64_gap_16,qcluster_head_fit_0037,qbank_head_fit_e7f981d47353,112534 23030 16629 145273 35444 8241 21131 144719 121532 61242 21577 13052 3254 63301 21325 128923 107538 117859 38787 34866 31089 108804 46627 148231 121263 32461 122678 25030 48670 98941 70006 25824 129625 99767 77899 103379 12911 50501 12858 68814 67446 141634 126732 13319 131801 61356 57059 117183 135627 68963 18109 56527 146013 126574 104323 28556 87419 33014 32662 84740 54053 108218 110188 117183,135627,56527,61356,47 50 44,48 51 45,47,48,63,64,16
qseq_8dadad2dbc3dc7f0,head_fit,length_64_gap_16,qcluster_head_fit_0038,qbank_head_fit_e7f981d47353,54306 38011 111969 3986 96185 56135 97671 10551 102764 39127 116784 11732 70354 69021 112135 74150 90646 53055 78026 86396 77283 59902 42853 11854 17547 57037 132886 29837 132144 31683 61802 52299 76511 28069 102501 74518 38327 107568 75277 120593 143436 76721 120999 111914 48449 82291 78387 123380 92281 38022 15132 148889 40481 136736 135124 4334 26275 113193 45053 139250 24397 97716 86543 123380,92281,38011,40481,47 0 51,48 1 52,47,48,63,64,16
qseq_10eb47eb5a165300,head_fit,length_64_gap_16,qcluster_head_fit_0039,qbank_head_fit_e7f981d47353,60444 51535 89902 147412 50750 75409 33234 125203 148775 8898 89487 15672 13052 147792 3363 53667 32035 54775 122949 43694 61648 23405 111368 12955 126272 57059 137684 98791 138428 130770 12353 67836 86170 74930 139003 46808 151373 69061 92119 148492 105828 124438 22913 63989 39860 93661 50930 5262 90849 98705 69999 50472 123634 18819 38360 105946 27536 9416 138644 60052 51214 62166 123988 5262,90849,138428,151373,47 27 35,48 28 36,47,48,63,64,16
qseq_bbbdfbee21f6cb4f,head_fit,length_64_gap_16,qcluster_head_fit_0040,qbank_head_fit_e7f981d47353,39653 128054 78537 88386 48879 59086 84313 101164 138644 57037 100881 143214 60145 15195 60270 44929 143286 12612 149019 30920 77294 83777 1060 29685 75135 149838 56704 69543 119092 20641 35427 12656 89598 811 73740 134269 3561 131974 144820 38533 9036 29837 25585 96195 36407 64939 140649 11906 22866 73355 125986 38493 2344 71172 26776 93665 73173 47669 95102 127297 83943 121547 26307 11906,22866,29837,38493,47 40 50,48 41 51,47,48,63,64,16
qseq_48647b554e6e1d95,head_fit,length_64_gap_16,qcluster_head_fit_0041,qbank_head_fit_e7f981d47353,110613 89902 77086 102345 144891 97716 2154 82829 139818 107484 29031 8174 21812 14292 76793 146499 11572 20709 11265 27536 19680 18366 121547 149922 120602 56151 120745 39902 114510 99860 68834 35334 129234 124844 7222 102360 151549 134410 113413 101349 118646 45198 12656 77294 18294 35444 48167 32205 63453 75135 7533 24773 87938 52255 67340 49365 134720 147661 144668 45057 30444 99767 113514 32205,63453,146499,7222,47 14 33,48 15 34,47,48,63,64,16
qseq_0f7737372cc644a3,head_fit,length_64_gap_16,qcluster_head_fit_0042,qbank_head_fit_e7f981d47353,133692 17005 109250 52255 93206 63858 130421 59737 14843 22497 83289 93688 135910 116976 89354 122678 15334 18068 55061 37992 88001 74434 89733 103648 58013 5483 149569 19680 37012 17336 20469 131471 61059 53055 50217 3340 78387 56926 918 64487 2883 106190 98194 61356 50503 102473 23133 144293 39804 4704 45610 44830 56189 59898 96632 84740 6844 86396 1349 139164 100957 72991 87538 144293,39804,84740,59898,47 54 52,48 55 53,47,48,63,64,16
qseq_14ad812ff78b6388,head_fit,length_64_gap_16,qcluster_head_fit_0043,qbank_head_fit_e7f981d47353,132241 115062 118419 57124 15759 151394 32205 5677 24136 113194 141055 43726 15372 61965 74886 37114 39128 84120 100237 127748 15205 1972 1656 107361 66133 49798 109362 46182 125174 79897 3254 148452 139003 73595 76324 45499 52244 18046 70077 135785 121232 132842 133717 120590 118359 35540 109245 117612 26760 39421 135607 27180 130785 105816 56135 477 53186 58408 5235 69651 23658 141891 103301 117612,26760,141055,103301,47 9 61,48 10 62,47,48,63,64,16
qseq_2bfa9f8873e11b1b,head_fit,length_64_gap_16,qcluster_head_fit_0044,qbank_head_fit_e7f981d47353,103874 123322 28748 55834 108802 34452 34391 133890 52490 72118 4594 89913 60781 37099 101164 12779 60614 109425 35618 107568 66570 141456 5020 68032 54854 98562 8098 117248 53663 49664 93635 42764 22866 127466 125913 53479 135817 81073 87538 108145 35709 130951 12943 16629 59485 22907 39105 79634 72253 23602 100237 52296 15650 70766 32628 133197 136034 127865 144719 142566 120354 109132 104326 79634,72253,59485,55834,47 43 2,48 44 3,47,48,63,64,16
qseq_3b85742a20e87a08,head_fit,length_64_gap_16,qcluster_head_fit_0045,qbank_head_fit_e7f981d47353,108114 149223 8937 22844 68963 20127 121341 122739 22907 59183 83314 96320 64525 94533 63301 27624 130276 12402 56926 58047 54116 133424 141055 22802 33924 85137 105104 38033 139667 77667 70278 9703 68508 27869 81555 86295 37721 126827 8898 146636 8323 139028 121046 26102 121263 120683 77527 86241 25848 20427 20438 135910 54527 41755 37245 43954 18046 2163 58432 133171 77283 142488 25965 86241,25848,20438,141055,47 49 21,48 50 22,47,48,63,64,16
qseq_7e8709dda5282513,head_fit,length_64_gap_16,qcluster_head_fit_0046,qbank_head_fit_e7f981d47353,64333 78387 10113 96171 120140 5921 29863 99940 37664 3861 77712 61634 147661 130501 108500 61288 45079 45655 24133 68930 43453 44353 117126 116951 67340 92261 128854 85118 34659 48167 93608 94165 79035 90250 56189 28009 7419 97315 85314 103641 27343 143436 115994 138428 44766 22338 59079 59054 93687 81553 27010 43591 26332 63956 130852 6844 89863 149386 103851 104402 111105 85646 81354 59054,93687,68930,94165,47 18 30,48 19 31,47,48,63,64,16
qseq_10ce5ee24269fd5b,head_fit,length_64_gap_16,qcluster_head_fit_0047,qbank_head_fit_e7f981d47353,80368 12325 144003 96171 46727 22959 109445 39128 101570 26332 41143 64909 25833 45185 8923 118266 44787 12824 14403 137994 142569 19792 117135 149207 124616 141432 12905 126292 120767 76612 1632 73593 81701 95894 130420 4758 73666 22067 44561 73646 115314 124907 9597 121485 57362 9225 98374 102901 126137 55876 75409 23942 38128 144954 2143 145613 113602 108660 4641 18849 20572 145379 103716 102901,126137,9597,38128,47 41 51,48 42 52,47,48,63,64,16
qseq_e726364d246904c2,head_fit,length_64_gap_16,qcluster_head_fit_0048,qbank_head_fit_e7f981d47353,36123 143892 12779 69989 109413 109852 19207 96750 9317 97642 143158 76612 78103 30101 115062 151394 10722 122792 127301 62570 8402 109732 84886 137244 74322 92119 73282 64898 142973 35475 60848 59323 112595 51829 147661 75135 78025 113217 69862 18888 72727 119133 16047 113443 38377 84740 118470 96399 91122 115038 15122 2973 87786 149941 147840 108108 72097 122949 69951 18195 6209 71342 75434 96399,91122,122949,75434,47 56 61,48 57 62,47,48,63,64,16
qseq_21d8e86d661ceef9,head_fit,length_64_gap_16,qcluster_head_fit_0049,qbank_head_fit_e7f981d47353,111018 130081 147486 60052 71727 1980 32035 22913 140342 24964 102497 5262 142768 36612 66453 151204 87180 108387 121547 125174 122952 56926 52837 67828 50582 109824 52430 33924 147247 17817 34605 149941 130771 80977 83171 93527 39394 39185 50178 26102 118433 148381 52084 65118 149241 46454 81079 99864 31320 126518 12905 28871 139350 67776 104326 56415 16685 2896 81327 113979 48075 113217 88122 99864,31320,56926,121547,47 20 17,48 21 18,47,48,63,64,16
qseq_2ca63f8886471789,head_fit,length_64_gap_16,qcluster_head_fit_0050,qbank_head_fit_e7f981d47353,127004 97977 93468 5465 78246 44523 123595 95778 135763 14969 97377 19525 86295 60397 142248 91862 35808 97315 109079 84494 54775 88495 102957 56504 15132 23773 109288 126889 48184 2924 20091 36963 25480 39259 55358 58303 147247 143013 68817 16690 149004 94533 112015 115725 44353 60139 71965 107756 46338 5612 65557 145189 70354 117910 25024 140022 33000 130118 139215 129877 7093 26942 137290 107756,46338,65557,117910,47 49 52,48 50 53,47,48,63,64,16
qseq_50ec0192510915f1,head_fit,length_64_gap_16,qcluster_head_fit_0051,qbank_head_fit_e7f981d47353,45345 73646 12088 146756 98070 75055 117886 20378 109079 7190 136360 14343 131072 87928 18518 73600 93665 111368 119994 108450 125210 108983 99591 36516 28096 107692 113413 100312 18377 79028 47167 30418 102957 19424 93841 138590 94565 36104 130576 125685 104806 94746 21175 38267 51077 111105 49325 13951 45610 90837 10000 131731 83989 52742 91396 18888 75391 77158 28556 84719 92603 62999 39791 13951,45610,75391,73646,47 55 0,48 56 1,47,48,63,64,16
qseq_b4b0d230f69440d2,head_fit,length_64_gap_16,qcluster_head_fit_0052,qbank_head_fit_e7f981d47353,51829 96195 107498 97198 120251 9664 83354 117859 51436 132102 135779 145736 80815 36444 111069 130241 90953 95510 44970 35743 73048 121107 15195 133171 83870 76971 88386 54116 107008 70694 82233 29215 18499 75135 15372 121232 19846 73769 65005 13436 145453 49664 81079 90888 91649 64498 122255 32486 52130 27827 9617 14343 78041 138484 126448 22907 100995 105816 34999 2085 111461 9509 128859 32486,52130,65005,29215,47 37 30,48 38 31,47,48,63,64,16
qseq_85bc917ef010673e,head_fit,length_64_gap_16,qcluster_head_fit_0053,qbank_head_fit_e7f981d47353,116028 54975 30030 121712 74503 132298 73048 138723 106913 18109 88081 129045 35427 3254 33740 59079 104402 140322 48478 17777 72118 15776 14455 58432 8437 44990 98388 105888 146013 118450 53602 109518 115998 9664 60841 102583 9121 125330 109591 113444 74886 74309 108046 91175 64164 30605 24254 113194 93567 69021 86808 89097 134805 41794 73161 26177 107238 131890 83611 89345 132113 39728 113427 113194,93567,134805,109518,47 51 30,48 52 31,47,48,63,64,16
qseq_582f9d9076044e2c,head_fit,length_64_gap_16,qcluster_head_fit_0054,qbank_head_fit_e7f981d47353,3458 5677 27343 121926 4641 24964 44206 93847 20378 93661 95727 57408 147792 121232 5465 104402 141681 84886 106977 23602 30143 83640 87538 123128 111368 72388 45185 41539 107166 112534 17490 38022 97618 141746 5583 85112 89648 105347 39671 70838 91945 88890 1036 131277 22105 23942 60841 50411 55739 96019 73286 32628 133278 41877 67446 56929 85744 114460 23752 3871 132951 35709 149385 50411,55739,30143,20378,47 19 7,48 20 8,47,48,63,64,16
qseq_2dbc8effbde429e1,head_fit,length_64_gap_16,qcluster_head_fit_0055,qbank_head_fit_e7f981d47353,38398 74114 67340 48021 107361 58013 57490 16435 82840 69207 101367 29037 115994 1732 18294 137855 29521 27991 91649 111589 146013 96322 39259 113191 89048 111969 117891 85635 74230 57180 3954 21320 137054 118477 18910 133717 30603 45057 90276 45499 106561 62207 36569 97599 121926 80108 66663 49108 14292 46277 2708 90368 60275 8905 148526 17045 150566 45185 107883 73209 88122 30402 64898 49108,14292,45499,57180,47 38 28,48 39 29,47,48,63,64,16
qseq_e5cfbb883ad722d0,head_fit,length_64_gap_16,qcluster_head_fit_0056,qbank_head_fit_e7f981d47353,74748 73796 19813 15132 28009 48021 78005 9225 88185 129976 104619 145379 72002 87435 150874 142569 60794 55996 4901 59669 52490 38022 132917 7457 37114 2854 109425 123559 85225 41218 73222 10123 85281 96940 58324 1500 8893 55358 147592 79410 75280 138074 43315 28758 121681 138377 28833 93246 54778 102764 144105 54929 1220 122744 65955 125210 76746 6287 63901 127493 78699 34884 106085 93246,54778,55358,43315,47 36 41,48 37 42,47,48,63,64,16
qseq_3fad9c119258f32f,head_fit,length_64_gap_16,qcluster_head_fit_0057,qbank_head_fit_e7f981d47353,127493 49763 65596 146054 99591 150606 144396 6569 126959 149299 4008 73646 56733 93455 62641 96171 26048 88587 86170 150755 116633 18917 139064 93194 84045 145536 66911 142029 57124 109646 32859 53663 43847 149569 121681 31736 77280 51339 12955 49339 111325 58451 37589 32634 40263 40904 75539 111927 124907 29837 54820 91503 147543 118059 60573 42508 141772 151204 87276 59086 56365 96092 108746 111927,124907,109646,91503,47 28 50,48 29 51,47,48,63,64,16
qseq_e8d8e9c5a14c61c8,head_fit,length_64_gap_16,qcluster_head_fit_0058,qbank_head_fit_e7f981d47353,15372 108500 80221 91313 97790 19262 96165 139868 62888 124344 106558 15582 79410 37589 148185 74288 126813 134124 96297 83752 13367 73529 111368 94374 75951 43670 72147 76213 109807 7498 109445 115902 40756 90293 90162 139108 43726 41913 112310 47224 150298 42990 70438 145632 110333 74505 67569 93901 147305 138679 78083 128350 31456 90716 92685 76352 130101 51516 125203 28500 31736 62014 109413 93901,147305,19262,74505,47 4 44,48 5 45,47,48,63,64,16
qseq_047e1750e5bcd64f,head_fit,length_64_gap_16,qcluster_head_fit_0059,qbank_head_fit_e7f981d47353,64934 96750 122121 48478 60573 120251 3122 81749 100686 70077 103641 103697 37631 68930 94863 105454 90545 45920 38498 100574 89598 79988 149916 16827 147853 46581 59996 9076 111710 137513 72388 130423 147613 70700 34204 96036 146422 63082 116795 28020 85646 53458 60185 92155 89676 28871 117562 69323 132482 89487 7417 52837 67510 36444 101702 9509 138484 3254 93200 70006 148367 87279 123380 69323,132482,3254,100686,47 56 7,48 57 8,47,48,63,64,16
qseq_1197c169316506e0,head_fit,length_64_gap_16,qcluster_head_fit_0060,qbank_head_fit_e7f981d47353,85228 86974 11428 77667 35425 112135 138679 51516 15267 48431 47953 73904 90888 93595 36123 70763 13959 78005 108278 121612 108282 5597 141719 58961 19405 130771 75434 121219 26110 69447 102178 113406 60512 150300 147409 80704 54547 61367 117886 11265 46338 6492 119041 21577 40835 129971 49909 39278 119093 131195 85055 138372 20127 96521 126789 21266 22428 37404 63908 70679 90344 4334 18569 39278,119093,90344,18569,47 59 61,48 60 62,47,48,63,64,16
qseq_d4209a4865159310,head_fit,length_64_gap_16,qcluster_head_fit_0061,qbank_head_fit_e7f981d47353,25833 30920 146645 109079 13436 3881 21175 83870 37992 22844 1966 1685 22143 59787 30559 37132 146374 18924 13160 107103 119041 67646 148059 71498 121545 123587 144396 104489 48431 26230 6397 18096 75414 107067 79501 90906 95126 73048 8905 69809 13951 118746 104619 86375 18499 147853 38927 54775 123781 50178 145273 51545 116983 70632 94363 80811 137624 96092 38393 51024 8246 79626 83777 54775,123781,67646,144396,47 20 25,48 21 26,47,48,63,64,16
qseq_f6325263104cf29e,head_fit,length_64_gap_16,qcluster_head_fit_0062,qbank_head_fit_e7f981d47353,74338 30559 96324 35427 144900 108400 51893 151237 77557 89487 78083 44343 37877 150006 100574 56365 113291 111969 106977 89865 145781 48770 26752 125844 33011 6104 74335 69207 1172 111461 93913 16629 40386 136913 48507 59185 95158 87279 18183 125685 71215 98525 95836 89863 113193 100584 4345 63387 116934 114846 26218 149482 36835 147442 147456 134569 35631 91817 60794 44900 48585 146355 72361 63387,116934,48507,35631,47 33 55,48 34 56,47,48,63,64,16
qseq_f5b714719199573c,head_fit,length_64_gap_16,qcluster_head_fit_0063,qbank_head_fit_e7f981d47353,28014 147661 123333 24972 146645 63908 72883 113486 101737 128873 111973 145736 128377 76219 20091 146286 39681 141019 70574 73496 81749 130142 22067 87786 148748 90003 113194 106146 53351 123307 96940 38493 77280 8317 69961 142687 1632 118443 98249 82015 42294 20127 59408 76511 126959 90184 137683 15776 99077 84494 90344 104362 129971 144257 8952 132254 118746 149223 150755 101349 128659 138472 68362 15776,99077,126959,113486,47 43 6,48 44 7,47,48,63,64,16
qseq_91731795cc040620,head_test,length_32_gap_8,qcluster_head_test_0000,qbank_head_test_0eac2ef317aa,59461 94912 144188 87226 87064 50077 79082 35869 117781 56041 16306 24969 43671 97625 14511 89801 47355 147223 71305 7594 5390 69118 8168 70315 93725 76091 74373 13848 69445 46187 5065 70315,93725,87064,94912,23 3 0,24 4 1,23,24,31,32,8
qseq_9cd4f72e5cf86632,head_test,length_32_gap_8,qcluster_head_test_0001,qbank_head_test_0eac2ef317aa,4477 9818 33235 6788 102572 45395 70465 7009 9925 150317 729 130972 70519 113784 75445 105280 139972 116663 95330 18884 125155 36268 135757 40433 132127 72715 57181 116264 61635 59910 143484 40433,132127,116264,116663,23 26 16,24 27 17,23,24,31,32,8
qseq_fc1519e01db05b63,head_test,length_32_gap_8,qcluster_head_test_0002,qbank_head_test_0eac2ef317aa,138090 34012 137028 8939 110756 73498 83510 87117 10724 145013 13843 53071 13154 84987 146145 91512 142321 28858 110676 39266 60467 60598 21427 137133 89054 102528 52975 112014 58110 135484 115589 137133,89054,13154,28858,23 11 16,24 12 17,23,24,31,32,8
qseq_4596078cf681cdf7,head_test,length_32_gap_8,qcluster_head_test_0003,qbank_head_test_0eac2ef317aa,79863 49581 123732 120920 32085 9704 58528 79030 19586 67665 46266 32521 50389 95880 64037 72925 15222 48361 51511 60138 100430 126437 24412 32439 129792 90406 98166 69195 108026 148507 110367 32439,129792,15222,79030,23 15 6,24 16 7,23,24,31,32,8
qseq_965048e147b83176,head_test,length_32_gap_8,qcluster_head_test_0004,qbank_head_test_0eac2ef317aa,55618 64583 115320 88565 95630 66397 130564 47018 50389 92002 37113 48995 994 61109 89319 106710 136729 70142 104155 56882 10238 88283 126992 54156 28204 4711 25826 80791 138724 56206 82067 54156,28204,48995,126992,23 10 21,24 11 22,23,24,31,32,8
qseq_3ac47cbe21cc86f9,head_test,length_32_gap_8,qcluster_head_test_0005,qbank_head_test_0eac2ef317aa,123330 75506 47318 111441 32439 14570 19120 25747 89305 76005 111723 119722 3432 133493 135604 109896 86257 59262 57452 145672 27666 139747 84351 89544 62655 65653 98452 25283 112474 56627 107448 89544,62655,25747,133493,23 6 12,24 7 13,23,24,31,32,8
qseq_3cb19378ac9a2f9c,head_test,length_32_gap_8,qcluster_head_test_0006,qbank_head_test_0eac2ef317aa,100650 21598 133101 70702 106896 130919 146599 75400 2331 41787 44125 13048 48256 110367 70516 76572 68084 130763 14255 135608 118069 109024 32439 84584 566 60467 53433 138439 16 68828 47472 84584,566,47472,109024,23 29 20,24 30 21,23,24,31,32,8
qseq_cde5936febbac102,head_test,length_32_gap_8,qcluster_head_test_0007,qbank_head_test_0eac2ef317aa,38541 93235 123006 21416 114648 59910 87366 87091 58037 60583 99735 44254 108512 84129 107448 20730 134822 135454 132076 60173 87226 26105 102605 122346 6391 130131 39073 62258 81951 58110 102606 122346,6391,58037,99735,23 7 9,24 8 10,23,24,31,32,8
qseq_3aedd63f175ca35a,head_test,length_32_gap_8,qcluster_head_test_0008,qbank_head_test_0eac2ef317aa,56833 129928 133854 128312 12222 111431 63427 20506 19073 137475 31979 37458 100540 143960 129278 116582 71982 112474 106358 108102 43000 65048 70837 49447 8666 50302 127126 98915 32281 48400 133409 49447,8666,111431,143960,23 4 12,24 5 13,23,24,31,32,8
qseq_7bd51173fba97707,head_test,length_32_gap_8,qcluster_head_test_0009,qbank_head_test_0eac2ef317aa,16032 89542 59508 145552 108831 10885 3462 113067 35110 146004 17585 61792 80344 26170 88563 24909 135390 43692 150540 138077 17632 15657 104837 142923 37458 32259 109156 31477 43272 120429 125509 142923,37458,89542,109156,23 0 25,24 1 26,23,24,31,32,8
qseq_deaf0069daca7fe4,head_test,length_32_gap_8,qcluster_head_test_0010,qbank_head_test_0eac2ef317aa,3324 117709 34837 104491 67683 98289 103820 21416 52612 82991 84351 27372 83222 121385 45206 116013 81292 63472 148435 25918 25626 63624 88939 44162 137572 107661 125188 82931 39298 744 100256 44162,137572,117709,103820,23 0 5,24 1 6,23,24,31,32,8
qseq_3ab429b2d898189c,head_test,length_32_gap_8,qcluster_head_test_0011,qbank_head_test_0eac2ef317aa,132778 145588 22965 127208 10338 64707 32775 111624 54824 74733 11606 142293 16032 87258 42885 53022 43497 50023 19893 143478 23354 38514 54375 6570 38620 38541 14813 78885 147905 139135 46674 6570,38620,19893,54824,23 17 7,24 18 8,23,24,31,32,8
qseq_fd69c9d8d4b422f4,head_test,length_32_gap_8,qcluster_head_test_0012,qbank_head_test_0eac2ef317aa,135648 121424 22012 75698 61737 71352 148503 44727 18044 32850 126925 43692 17389 75607 64984 103263 94570 95630 85483 139100 64632 108440 70367 130171 112183 131673 97231 75217 1824 92761 60857 130171,112183,22012,108440,23 1 20,24 2 21,23,24,31,32,8
qseq_24ef7141459d6469,head_test,length_32_gap_8,qcluster_head_test_0013,qbank_head_test_0eac2ef317aa,68828 97891 46187 134885 28878 112546 95439 125444 56457 138287 14511 26833 144785 105920 78767 39094 116582 103973 21598 34979 39063 102181 62113 51012 70519 125364 137467 123624 1551 6391 136211 51012,70519,56457,134885,23 7 2,24 8 3,23,24,31,32,8
qseq_fcdafaf8db1869f8,head_test,length_32_gap_8,qcluster_head_test_0014,qbank_head_test_0eac2ef317aa,96248 118785 101301 87768 115975 32630 32048 29677 104155 52999 97992 81627 80376 2737 64583 48361 88871 118703 74358 17216 56205 55322 139135 128590 24969 68635 76652 104710 148823 76021 80242 128590,24969,104155,2737,23 7 12,24 8 13,23,24,31,32,8
qseq_540c341c0fe8ac4d,head_test,length_32_gap_8,qcluster_head_test_0015,qbank_head_test_0eac2ef317aa,140281 66170 112147 41787 105249 23744 95565 142378 146597 141823 150480 100430 73064 145691 36268 124726 130256 83222 14298 101948 30777 104786 68874 100400 112174 104491 33860 49671 55162 17632 110298 100400,112174,130256,112147,23 15 1,24 16 2,23,24,31,32,8
qseq_1daaef8f350e3c0b,head_test,length_32_gap_8,qcluster_head_test_0016,qbank_head_test_0eac2ef317aa,43311 70142 147905 151545 122273 109970 95916 123822 16696 99390 123586 85993 33939 72791 31510 143919 24144 116311 108102 38049 82982 146185 56763 71981 15329 63489 51793 36488 67929 120253 87064 71981,15329,146185,51793,23 20 25,24 21 26,23,24,31,32,8
qseq_09fbff1abeebb8de,head_test,length_32_gap_8,qcluster_head_test_0017,qbank_head_test_0eac2ef317aa,121593 94652 15678 46652 114517 92982 8155 38672 136043 110344 80484 62087 98744 60583 6934 64956 107564 97633 129089 35477 80576 34458 38216 61850 125658 105923 37234 25774 121140 103542 130209 61850,125658,35477,114517,23 18 3,24 19 4,23,24,31,32,8
qseq_4538fd0084c6536e,head_test,length_32_gap_8,qcluster_head_test_0018,qbank_head_test_0eac2ef317aa,5611 50023 7800 147905 99831 87258 16696 88494 113784 19666 112876 15329 100113 96212 57185 128874 103001 61850 114149 86504 47032 43339 9497 73592 140424 94002 127491 47026 105169 111156 51399 73592,140424,147905,96212,23 2 12,24 3 13,23,24,31,32,8
qseq_1a6348381dec211c,head_test,length_32_gap_8,qcluster_head_test_0019,qbank_head_test_0eac2ef317aa,41016 64035 74179 137516 131836 130525 104973 124914 109643 91304 43304 94404 129851 33737 63385 135604 36488 31908 122144 30487 61387 103820 41861 24144 42152 84129 116933 20506 134822 142378 73580 24144,42152,134822,63385,23 27 13,24 28 14,23,24,31,32,8
qseq_416eb9c104a2cb96,head_test,length_32_gap_8,qcluster_head_test_0020,qbank_head_test_0eac2ef317aa,43272 77592 55100 48452 38062 116320 67929 80918 53779 35546 90482 87742 96948 109753 62320 49572 93979 133745 21247 76556 23862 97082 80835 75492 133460 124704 100829 57008 45395 127208 80318 75492,133460,93979,62320,23 15 13,24 16 14,23,24,31,32,8
qseq_e8e67869eca92761,head_test,length_32_gap_8,qcluster_head_test_0021,qbank_head_test_0eac2ef317aa,101013 19499 110083 126135 124285 67372 118941 81651 64421 137066 4560 14771 100170 19586 63131 35794 92488 132626 55162 145927 79966 105162 151261 23322 19973 111806 117340 116575 91547 7478 139769 23322,19973,4560,64421,23 9 7,24 10 8,23,24,31,32,8
qseq_53561a759d4c2a5f,head_test,length_32_gap_8,qcluster_head_test_0022,qbank_head_test_0eac2ef317aa,35110 18547 94260 18999 14999 68828 99088 53341 29027 38760 138728 13903 21400 28255 97082 52649 110457 43710 56682 137572 100113 123376 12611 145745 7887 38 43195 65022 68118 52709 52129 145745,7887,137572,110457,23 18 15,24 19 16,23,24,31,32,8
qseq_e9302cdfe68af85a,head_test,length_32_gap_8,qcluster_head_test_0023,qbank_head_test_0eac2ef317aa,53500 2511 119292 151244 41904 36019 47331 140534 17585 55058 106397 98452 143187 89508 24038 76260 22916 120769 84983 105764 9019 100392 99385 41260 1991 136073 141072 28858 143960 149453 13427 41260,1991,119292,89508,23 1 12,24 2 13,23,24,31,32,8
qseq_ad56865f3de163ea,head_test,length_32_gap_8,qcluster_head_test_0024,qbank_head_test_0eac2ef317aa,28858 130387 139297 149590 61901 54191 68142 17964 19850 85208 120192 19893 121546 106299 29860 102657 69253 7887 7166 109015 117133 103024 10001 76005 130758 117784 41085 127058 89508 132076 91441 76005,130758,69253,109015,23 15 18,24 16 19,23,24,31,32,8
qseq_521419b2b208ab87,head_test,length_32_gap_8,qcluster_head_test_0025,qbank_head_test_0eac2ef317aa,115385 146577 23557 146191 75840 68554 14753 86356 8015 84207 64478 10238 45946 101950 1402 83457 119920 40903 87741 90878 146373 86973 72835 33165 28858 114213 2307 35876 97071 63603 3318 33165,28858,63603,83457,23 28 14,24 29 15,23,24,31,32,8
qseq_d5c7879949df17a7,head_test,length_32_gap_8,qcluster_head_test_0026,qbank_head_test_0eac2ef317aa,67522 17603 62956 42161 55927 1991 3789 74179 48441 113044 5276 93853 93275 81627 52999 8748 67169 46694 90119 65048 102605 14239 112537 17632 132414 8194 140234 78808 9362 114080 78767 17632,132414,3789,102605,23 5 19,24 6 20,23,24,31,32,8
qseq_dc685a1d977e071a,head_test,length_32_gap_8,qcluster_head_test_0027,qbank_head_test_0eac2ef317aa,42748 32916 103751 110496 28493 52426 105162 138299 61635 98835 69118 121935 127848 76543 32202 32865 136309 131947 45789 17585 13946 9728 72690 28110 108077 36473 35050 54292 85879 35180 82316 28110,108077,54292,69118,23 26 9,24 27 10,23,24,31,32,8
qseq_d02f103fa9357f1e,head_test,length_32_gap_8,qcluster_head_test_0028,qbank_head_test_0eac2ef317aa,32620 73204 150273 124406 89915 151244 80897 70315 56682 119242 84375 16302 151166 83979 21400 11606 78089 30355 88258 30923 99525 74332 113067 99831 33146 125747 35949 71425 23122 55097 138724 99831,33146,83979,150273,23 12 1,24 13 2,23,24,31,32,8
qseq_6dc9a800c84c581d,head_test,length_32_gap_8,qcluster_head_test_0029,qbank_head_test_0eac2ef317aa,4914 118060 33806 60583 101982 149495 29799 122831 139297 134789 61283 132127 49521 61649 138770 57341 131528 40251 112243 100170 73498 144832 89939 5222 3496 70367 21560 130926 145588 10856 86257 5222,3496,29799,144832,23 5 20,24 6 21,23,24,31,32,8
qseq_5427b5dcb752bb35,head_test,length_32_gap_8,qcluster_head_test_0030,qbank_head_test_0eac2ef317aa,76606 111586 127894 56737 122359 23298 124495 130465 38531 121008 24150 57185 99522 11730 112695 150873 36494 107139 77466 87117 42748 122650 22307 63705 120724 21834 81937 134615 114347 141276 32731 63705,120724,81937,57185,23 25 10,24 26 11,23,24,31,32,8
qseq_d5b8227a9ccf5196,head_test,length_32_gap_8,qcluster_head_test_0031,qbank_head_test_0eac2ef317aa,99851 31908 148954 87184 3199 137931 67609 35694 9578 77126 6604 138090 117865 8007 101716 21634 118691 128126 126009 5222 18521 71067 99676 65685 107795 90597 4903 34479 140998 122525 68010 65685,107795,137931,6604,23 4 9,24 5 10,23,24,31,32,8
qseq_fdc4111666ae482f,head_test,length_32_gap_8,qcluster_head_test_0032,qbank_head_test_0eac2ef317aa,61850 115742 105990 38737 101577 103705 118657 136161 90119 39298 139638 69195 123015 133621 45074 128299 92869 111806 99522 85246 98630 30029 95665 23375 145021 74733 78778 43665 101318 45717 99735 23375,145021,136161,99735,23 6 29,24 7 30,23,24,31,32,8
qseq_7befcea385f49bbc,head_test,length_32_gap_8,qcluster_head_test_0033,qbank_head_test_0eac2ef317aa,11794 150077 60467 53177 68084 35109 94031 17949 7009 48400 131947 112453 112356 58005 137572 21646 98166 120872 41861 129282 73010 76742 75607 13172 140150 150480 39094 63588 91512 110496 10532 13172,140150,91512,7009,23 27 7,24 28 8,23,24,31,32,8
qseq_aec79332f0936064,head_test,length_32_gap_8,qcluster_head_test_0034,qbank_head_test_0eac2ef317aa,55322 136369 17507 126463 148048 85692 124662 48187 3384 150120 99088 150364 101976 108564 139693 133650 144289 115235 86556 38759 104087 140241 147717 120662 57778 107409 122144 91572 8037 135757 71963 120662,57778,101976,133650,23 11 14,24 12 15,23,24,31,32,8
qseq_f90afc0959ad5634,head_test,length_32_gap_8,qcluster_head_test_0035,qbank_head_test_0eac2ef317aa,137028 89832 103263 147940 139575 151369 30029 93369 2092 114759 33533 47033 91484 93338 108822 66692 141704 1824 41445 133100 9818 140880 8155 94068 105503 132039 98544 138077 64707 111848 61387 94068,105503,47033,114759,23 10 8,24 11 9,23,24,31,32,8
qseq_a4dcaa1a5db1e822,head_test,length_32_gap_8,qcluster_head_test_0036,qbank_head_test_0eac2ef317aa,128299 123015 113053 44437 10640 21634 83106 120823 151633 88871 50311 57539 7149 33896 14452 96589 95853 76021 100905 92608 141313 25826 129989 141077 130865 57958 77958 43611 52343 13775 99399 141077,130865,113053,14452,23 1 13,24 2 14,23,24,31,32,8
qseq_f6caa2e1d6148d1a,head_test,length_32_gap_8,qcluster_head_test_0037,qbank_head_test_0eac2ef317aa,135069 7594 146739 119920 138728 93235 94614 46620 100170 97795 47346 29860 133947 5832 14401 101716 116344 915 111128 140293 115589 79393 131528 104155 5287 32173 56627 64889 126783 53433 138433 104155,5287,64889,79393,23 26 20,24 27 21,23,24,31,32,8
qseq_69dafea360891a3e,head_test,length_32_gap_8,qcluster_head_test_0038,qbank_head_test_0eac2ef317aa,69228 75592 119746 126210 34367 90654 35949 48379 147223 117722 35153 108493 105422 102762 105177 29757 148923 143631 16460 21300 106518 93488 84348 89719 92428 113353 57738 139974 36179 58110 55206 89719,92428,34367,105422,23 3 11,24 4 12,23,24,31,32,8
qseq_40b0b6422add1226,head_test,length_32_gap_8,qcluster_head_test_0039,qbank_head_test_0eac2ef317aa,70135 150273 98630 48665 137990 127376 125644 49925 13068 104427 129286 70465 55290 105842 75445 122479 51841 123177 127894 108492 59741 134822 5746 54406 81836 77318 119450 58005 43762 40255 112453 54406,81836,13068,75445,23 7 13,24 8 14,23,24,31,32,8
qseq_b81e5756f6af44e4,head_test,length_32_gap_8,qcluster_head_test_0040,qbank_head_test_0eac2ef317aa,73065 33149 127698 125155 143393 119519 123822 146814 133947 28255 55945 78738 79684 108785 27884 135757 127950 66743 42152 143291 140926 3512 33146 50857 122420 66951 15878 127736 82694 85473 51112 50857,122420,27884,127736,23 13 26,24 14 27,23,24,31,32,8
qseq_2fb5a17fa7341e79,head_test,length_32_gap_8,qcluster_head_test_0041,qbank_head_test_0eac2ef317aa,64666 121800 4706 139978 121593 119920 6903 47055 108128 91549 34367 136211 123822 132331 43406 98093 139696 109970 45890 87505 97448 17244 103705 69738 82401 83661 83222 117784 22359 113503 148789 69738,82401,117784,123822,23 26 11,24 27 12,23,24,31,32,8
qseq_edd04fadd1b4ebb6,head_test,length_32_gap_8,qcluster_head_test_0042,qbank_head_test_0eac2ef317aa,151314 12081 143484 92825 108128 87742 16734 84524 83277 40533 70245 101601 70196 107966 125644 13055 25059 95921 5412 9763 35201 104706 98053 110715 61649 120710 70655 143393 19051 94628 132414 110715,61649,5412,108128,23 17 3,24 18 4,23,24,31,32,8
qseq_2db99c92052b872a,head_test,length_32_gap_8,qcluster_head_test_0043,qbank_head_test_0eac2ef317aa,116014 87655 61321 28297 29387 91098 15516 29845 21247 41016 6743 105428 136353 121546 13206 76913 130033 8251 52954 29269 55927 126533 83222 114714 82931 18076 70699 103149 19499 126008 64386 114714,82931,103149,64386,23 26 29,24 27 30,23,24,31,32,8
qseq_3f04ca50addb961e,head_test,length_32_gap_8,qcluster_head_test_0044,qbank_head_test_0eac2ef317aa,44398 43406 112995 63005 135080 54296 77604 146766 55498 124402 4126 65142 43671 82267 15878 68880 23929 51870 61729 76636 24969 114759 31780 106106 106292 47251 132076 63489 26096 57539 89931 106106,106292,4126,23929,23 9 15,24 10 16,23,24,31,32,8
qseq_e0962d552e21cd6d,head_test,length_32_gap_8,qcluster_head_test_0045,qbank_head_test_0eac2ef317aa,14698 5065 103973 28882 41066 4070 60741 150349 77849 63033 134339 146114 83197 67508 79819 10416 72690 32439 54276 151368 15009 139399 137990 14298 108026 101835 122531 36389 110834 10265 100646 14298,108026,77849,139399,23 7 20,24 8 21,23,24,31,32,8
qseq_7022c10cd211b992,head_test,length_32_gap_8,qcluster_head_test_0046,qbank_head_test_0eac2ef317aa,106358 32147 73893 108520 3384 49017 106103 9784 50951 127105 27801 107139 13761 96318 17150 17922 126467 32630 145244 119382 32620 92945 1824 52771 73010 66080 50311 12081 90406 9344 35694 52771,73010,9344,127105,23 28 8,24 29 9,23,24,31,32,8
qseq_31ae47682b920f86,head_test,length_32_gap_8,qcluster_head_test_0047,qbank_head_test_0eac2ef317aa,65685 70196 60925 56276 21247 23929 5494 75571 89672 120436 540 111632 51261 74012 126707 13296 35517 23337 145513 60521 8416 99912 21659 2729 105222 3117 1533 119161 42238 11919 128288 2729,105222,128288,60521,23 29 18,24 30 19,23,24,31,32,8
qseq_dfd013e9ffea7d0e,head_test,length_32_gap_8,qcluster_head_test_0048,qbank_head_test_0eac2ef317aa,84422 119292 99972 25950 22415 92141 2331 18258 142257 63840 93814 15878 136161 146577 82564 84855 136079 32173 128567 38456 7166 95400 105558 132778 72090 109723 48549 93763 94041 20319 104920 132778,72090,22415,105558,23 3 21,24 4 22,23,24,31,32,8
qseq_72e528473cb6d05e,head_test,length_32_gap_8,qcluster_head_test_0049,qbank_head_test_0eac2ef317aa,52649 143384 150259 73555 134973 109925 100061 123769 150674 130510 38759 14203 98452 77592 40439 58393 99972 28785 148435 25774 35451 70465 31348 85968 140534 23337 102313 29757 137260 5495 59910 85968,140534,73555,150674,23 2 7,24 3 8,23,24,31,32,8
qseq_0ea9a403c86cda63,head_test,length_32_gap_8,qcluster_head_test_0050,qbank_head_test_0eac2ef317aa,7680 98093 101523 71067 23298 3626 80897 106135 131026 40433 51224 36957 46460 123832 32543 63588 96988 91504 25799 135639 132626 18999 67406 51383 89741 59814 49572 28996 20308 66404 137750 51383,89741,101523,18999,23 1 20,24 2 21,23,24,31,32,8
qseq_9922a74ae7417757,head_test,length_32_gap_8,qcluster_head_test_0051,qbank_head_test_0eac2ef317aa,116533 108493 87307 106805 139058 118102 75322 88494 961 122252 139732 122144 120823 48361 87064 29387 110834 75002 120192 89074 150522 89054 115824 144685 11252 40329 5166 43839 26026 83704 143738 144685,11252,110834,108493,23 15 0,24 16 1,23,24,31,32,8
qseq_8d63b84fb699bab8,head_test,length_32_gap_8,qcluster_head_test_0052,qbank_head_test_0eac2ef317aa,132626 140695 94846 93462 30873 133157 130284 121520 98915 65685 100170 29677 143300 87757 123095 112243 49671 123586 136073 97226 115975 19479 45395 102898 87117 58110 139972 68880 41188 97186 139883 102898,87117,87757,94846,23 12 1,24 13 2,23,24,31,32,8
qseq_610fcb58f1902943,head_test,length_32_gap_8,qcluster_head_test_0053,qbank_head_test_0eac2ef317aa,40137 29209 39858 99831 82267 116289 12246 28773 15009 144433 98914 97082 126437 60568 105725 27363 1375 113044 3573 75322 16302 24925 58273 5276 37744 17579 123311 43666 19669 113067 69623 5276,37744,16302,27363,23 19 14,24 20 15,23,24,31,32,8
qseq_e46b055e4690c294,head_test,length_32_gap_8,qcluster_head_test_0054,qbank_head_test_0eac2ef317aa,55828 20409 70396 8666 84129 16032 37193 18521 118474 140293 13741 92220 19924 123722 47642 81068 113256 55097 45514 27182 44437 90771 95054 130171 66881 132039 68414 104208 120284 112537 138299 130171,66881,92220,27182,23 10 18,24 11 19,23,24,31,32,8
qseq_bfd2ed4eec7c60b2,head_test,length_32_gap_8,qcluster_head_test_0055,qbank_head_test_0eac2ef317aa,116933 85871 142816 72029 35546 68180 111893 3431 100608 69253 51138 100373 101301 7149 3462 61729 15135 113234 123523 89617 105558 20296 67320 49358 27400 148192 57778 125920 140926 144033 65623 49358,27400,3462,144033,23 13 28,24 14 29,23,24,31,32,8
qseq_ac663450b9e25f37,head_test,length_32_gap_8,qcluster_head_test_0056,qbank_head_test_0eac2ef317aa,80069 69036 108305 42694 129851 101013 37193 1824 90859 78583 151438 135035 89672 69737 114926 45946 53130 38 51455 134470 113196 25301 100540 69409 128197 40531 110009 112235 20174 142337 72234 69409,128197,69737,113196,23 12 19,24 13 20,23,24,31,32,8
qseq_7802000f3bd4720b,head_test,length_32_gap_8,qcluster_head_test_0057,qbank_head_test_0eac2ef317aa,31825 150480 3573 42238 124146 70506 97805 108536 93276 116113 50077 27926 63630 42456 49996 22201 91645 50561 14990 92002 145745 78648 67933 85993 95880 12689 6376 78447 137639 111359 46141 85993,95880,124146,93276,23 3 7,24 4 8,23,24,31,32,8
qseq_8064010183e817fa,head_test,length_32_gap_8,qcluster_head_test_0058,qbank_head_test_0eac2ef317aa,9799 25349 38204 128800 1430 145219 32995 121792 122962 134216 88889 52343 80975 68330 87184 147445 63603 148819 50077 57008 134339 84555 65274 128134 45713 143393 151369 52192 113053 72835 26096 128134,45713,121792,63603,23 6 15,24 7 16,23,24,31,32,8
qseq_a3bf6b0152d78c2c,head_test,length_32_gap_8,qcluster_head_test_0059,qbank_head_test_0eac2ef317aa,12080 133887 10058 135824 76447 72781 52688 64256 35180 107212 51459 20904 98483 61970 125762 92731 61679 111064 24688 76968 112235 52760 28692 27666 139408 10705 57937 78420 51112 75492 34872 27666,139408,61679,76968,23 15 18,24 16 19,23,24,31,32,8
qseq_5bace309c6c2ad0c,head_test,length_32_gap_8,qcluster_head_test_0060,qbank_head_test_0eac2ef317aa,66397 1551 61454 132508 56051 85606 3073 67372 58884 84078 96207 108305 18752 51793 108511 22353 68353 139693 105525 93818 14004 28359 36161 83222 151587 20296 110770 110595 84947 108440 132666 83222,151587,108305,51793,23 10 12,24 11 13,23,24,31,32,8
qseq_b675213eaa3a25ac,head_test,length_32_gap_8,qcluster_head_test_0061,qbank_head_test_0eac2ef317aa,57363 108026 6818 107139 88871 120528 145039 49358 61188 10005 37982 76260 100786 10705 110834 18547 67565 138077 119257 26911 46657 136002 57838 25010 55693 14203 18461 64256 106211 104648 138398 25010,55693,10005,18547,23 8 14,24 9 15,23,24,31,32,8
qseq_6ad87865bb2ec875,head_test,length_32_gap_8,qcluster_head_test_0062,qbank_head_test_0eac2ef317aa,115415 119996 80242 48361 105764 139235 82976 86504 62011 111741 9925 150444 33809 94864 2087 115824 74480 145513 26833 78815 14203 10361 143187 31646 24925 58511 33104 130668 1608 67832 19669 31646,24925,26833,9925,23 17 9,24 18 10,23,24,31,32,8
qseq_ec76547af37de142,head_test,length_32_gap_8,qcluster_head_test_0063,qbank_head_test_0eac2ef317aa,17668 39556 113206 14570 123256 10917 16774 26302 9344 83242 3781 52605 57185 137920 49843 121792 12436 50077 150565 56181 142257 7173 111807 61850 26528 48187 111137 50551 35109 15938 43439 61850,26528,12436,14570,23 15 2,24 16 3,23,24,31,32,8
qseq_7edcf925c083b536,head_test,length_32_gap_16,qcluster_head_test_0000,qbank_head_test_0eac2ef317aa,72396 84481 53071 14220 117058 33683 43635 128596 135369 80512 56730 10863 111169 107240 146145 85871 121789 62474 2035 110278 85606 119690 105920 29598 90347 4796 2148 69341 84107 151479 141710 85871,121789,2035,43635,15 17 5,16 18 6,15,16,31,32,16
qseq_30fb03a6aaf46b66,head_test,length_32_gap_16,qcluster_head_test_0001,qbank_head_test_0eac2ef317aa,64158 30487 124495 13903 139062 23744 43762 38197 42694 146145 148068 66170 131252 53209 24688 62913 95231 46416 40535 79776 93853 146863 116017 122542 35694 65500 97330 10416 25656 110909 4174 62913,95231,42694,24688,15 7 13,16 8 14,15,16,31,32,16
qseq_150729658ef7ad22,head_test,length_32_gap_16,qcluster_head_test_0002,qbank_head_test_0eac2ef317aa,21767 28692 128797 23337 2565 75229 102528 119996 110221 115385 12689 148843 68828 110817 48361 129792 42748 28492 20258 81651 15557 2789 150718 23929 20084 53559 100113 127736 101096 116663 44102 129792,42748,44102,68828,15 29 11,16 30 12,15,16,31,32,16
qseq_2d1eb5a5c210d726,head_test,length_32_gap_16,qcluster_head_test_0003,qbank_head_test_0eac2ef317aa,31876 12880 110909 66116 130972 14239 112103 51224 59508 84229 41085 16927 16718 118094 23199 19300 130865 133502 62427 16787 116158 70280 64583 136051 99583 74130 69086 52201 78709 57894 64386 19300,130865,14239,84229,15 4 8,16 5 9,15,16,31,32,16
qseq_327d131d1dde81ba,head_test,length_32_gap_16,qcluster_head_test_0004,qbank_head_test_0eac2ef317aa,38456 114558 64752 88563 121124 21246 121008 39047 60117 94404 61029 108959 37833 74631 70751 63519 129415 55618 7587 29681 55509 80471 26134 30364 87064 38049 129278 52954 27926 52237 1451 63519,129415,114558,29681,15 0 18,16 1 19,15,16,31,32,16
qseq_1be8aedace130ff2,head_test,length_32_gap_16,qcluster_head_test_0005,qbank_head_test_0eac2ef317aa,3856 21247 82340 52688 35997 77616 57838 144835 81651 98502 25918 9097 82316 41704 110834 107328 131405 50496 20174 112537 31827 78149 9925 91549 95534 27372 24688 24412 120075 107448 125364 107328,131405,120075,57838,15 27 5,16 28 6,15,16,31,32,16
qseq_ff62ff254b97e58c,head_test,length_32_gap_16,qcluster_head_test_0006,qbank_head_test_0eac2ef317aa,78420 82340 91977 118545 110083 150782 25260 137990 1292 92337 73010 81454 122144 68718 67898 66239 89319 61234 68353 9344 119983 98435 117597 145013 141907 45946 114011 59662 10547 128535 100054 66239,89319,1292,45946,15 7 24,16 8 25,15,16,31,32,16
qseq_688e8ff91dcae757,head_test,length_32_gap_16,qcluster_head_test_0007,qbank_head_test_0eac2ef317aa,95630 57363 6604 119373 56837 138398 66951 30455 87757 120710 92761 26823 36161 81253 71982 66140 56763 55097 13296 17932 35029 49447 52771 70699 2092 103542 57228 71963 83457 127623 4753 66140,56763,57228,87757,15 25 7,16 26 8,15,16,31,32,16
qseq_84dad0fd4bdf3f29,head_test,length_32_gap_16,qcluster_head_test_0008,qbank_head_test_0eac2ef317aa,32915 17823 30718 7966 115116 21982 107797 26833 97448 135604 109759 110496 15255 151398 41188 106518 5832 107519 66743 103455 11742 134300 79947 63630 11606 18258 136043 60583 2752 38620 45395 106518,5832,18258,45395,15 24 29,16 25 30,15,16,31,32,16
qseq_fc540942b826f953,head_test,length_32_gap_16,qcluster_head_test_0009,qbank_head_test_0eac2ef317aa,37856 109785 116243 115320 106495 78625 68926 3789 19300 57764 88889 43182 111098 142821 26026 99501 129891 54276 47164 49569 124393 15979 78853 148427 76514 32048 108511 125658 91628 133464 60290 99501,129891,124393,133464,15 19 28,16 20 29,15,16,31,32,16
qseq_8747dddd7a9680d1,head_test,length_32_gap_16,qcluster_head_test_0010,qbank_head_test_0eac2ef317aa,37856 31234 114036 115993 151398 140701 145639 83851 86504 92792 121706 126467 93504 7680 5746 15250 61109 126992 9211 130256 3781 47274 134339 140341 113530 67823 79667 62913 68554 70489 106750 15250,61109,5746,145639,15 13 5,16 14 6,15,16,31,32,16
qseq_5e8fee78cdbecf69,head_test,length_32_gap_16,qcluster_head_test_0011,qbank_head_test_0eac2ef317aa,17902 86133 135080 23744 101985 33792 125761 46834 80676 40137 111098 16302 134851 148991 77573 64323 56737 41688 47061 58511 62427 20233 43339 60790 82466 25334 123177 142947 61440 78778 55828 64323,56737,23744,77573,15 2 13,16 3 14,15,16,31,32,16
qseq_f9a18df5711c60f3,head_test,length_32_gap_16,qcluster_head_test_0012,qbank_head_test_0eac2ef317aa,34012 125644 25010 69710 46834 97889 30923 3573 92064 93830 7966 59910 78648 119595 126821 6791 118636 16563 67 108214 56828 55114 44254 148943 54156 89298 80344 20952 57832 33557 27057 6791,118636,55114,69710,15 20 2,16 21 3,15,16,31,32,16
qseq_0c5c24a6c141ee50,head_test,length_32_gap_16,qcluster_head_test_0013,qbank_head_test_0eac2ef317aa,112356 31234 143960 89542 66112 45510 77046 124936 16391 109503 89939 67748 62956 128797 5065 126467 109609 151035 114316 35338 48550 114582 60632 89719 19189 65706 100513 89588 95665 127126 20586 126467,109609,128797,35338,15 12 18,16 13 19,15,16,31,32,16
qseq_44d7d08f1b7a2e1c,head_test,length_32_gap_16,qcluster_head_test_0014,qbank_head_test_0eac2ef317aa,141118 132331 53690 112511 105558 121328 17922 78901 126707 93655 11671 73494 72835 89355 38803 123496 143149 39065 79620 100513 79266 1420 117865 90119 13930 59376 29519 45761 123177 43244 79288 123496,143149,79620,1420,15 17 20,16 18 21,15,16,31,32,16
qseq_3b4499eef99e9c7a,head_test,length_32_gap_16,qcluster_head_test_0015,qbank_head_test_0eac2ef317aa,138770 69932 22965 44807 76913 70367 60467 76739 148048 2789 102258 78159 54342 71036 21743 59814 69766 127736 104706 98093 80918 120920 75540 19399 128535 3588 50982 20777 68488 43406 146348 59814,69766,70367,120920,15 4 20,16 5 21,15,16,31,32,16
qseq_3090437e2efdc50c,head_test,length_32_gap_16,qcluster_head_test_0016,qbank_head_test_0eac2ef317aa,106051 135632 102190 87505 121546 141276 42238 129781 80069 82931 88563 51175 5287 123769 72715 91504 115049 107185 151166 132669 58037 119560 30272 5746 147445 77849 109785 34012 143944 37302 111503 91504,115049,141276,34012,15 4 26,16 5 27,15,16,31,32,16
qseq_423030dfe2ba479d,head_test,length_32_gap_16,qcluster_head_test_0017,qbank_head_test_0eac2ef317aa,150480 97448 23322 8666 30029 63801 19586 69341 112103 30460 36161 63548 65142 150120 51983 81144 33104 88171 3199 62913 52771 24986 139874 124266 150873 6391 20084 18884 83372 105842 74480 81144,33104,30460,63801,15 8 4,16 9 5,15,16,31,32,16
qseq_6962b28c7db5eab4,head_test,length_32_gap_16,qcluster_head_test_0018,qbank_head_test_0eac2ef317aa,92220 13055 35167 137990 120075 48517 47032 37749 120277 126707 107319 134339 103820 42538 80259 137369 87992 65123 108394 108214 139455 48256 28692 22965 23339 19120 15432 45395 151631 2906 106495 137369,87992,35167,80259,15 1 13,16 2 14,15,16,31,32,16
qseq_d40b1fc8886f79fb,head_test,length_32_gap_16,qcluster_head_test_0019,qbank_head_test_0eac2ef317aa,63603 113845 35050 5746 105558 142892 139408 90771 95916 2541 138310 107797 112546 62513 33149 15135 64123 25059 120091 14701 95330 53130 108959 41395 76630 20258 137018 4111 77507 82265 139883 15135,64123,137018,82265,15 25 28,16 26 29,15,16,31,32,16
qseq_d1cf26182a0ab751,head_test,length_32_gap_16,qcluster_head_test_0020,qbank_head_test_0eac2ef317aa,93568 43272 30481 42763 94846 54891 139727 134828 148435 111064 35810 147392 118094 3432 55828 121789 68835 45395 110344 138097 109203 28858 146599 131712 10491 28259 97805 98488 137931 79620 29640 121789,68835,146599,97805,15 21 25,16 22 26,15,16,31,32,16
qseq_ea555381d798c598,head_test,length_32_gap_16,qcluster_head_test_0021,qbank_head_test_0eac2ef317aa,147717 66642 109867 2331 13843 48383 136353 53960 3585 9344 33235 112616 113268 13296 40262 104786 26170 52605 15952 18521 37302 65233 105764 94883 68510 48187 52563 118657 96589 36494 77763 104786,26170,109867,9344,15 1 8,16 2 9,15,16,31,32,16
qseq_02884a3a24b62c8b,head_test,length_32_gap_16,qcluster_head_test_0022,qbank_head_test_0eac2ef317aa,140695 60027 17902 142293 148789 120769 101363 22401 74819 140234 11836 42456 38456 60138 51112 18620 147267 128299 113256 88571 142433 126247 28044 77664 20296 95794 106299 2541 13154 63044 131947 18620,147267,113256,126247,15 17 20,16 18 21,15,16,31,32,16
qseq_56972c5bc42eb675,head_test,length_32_gap_16,qcluster_head_test_0023,qbank_head_test_0eac2ef317aa,37822 104928 19893 115589 89319 116582 95882 139455 145589 111586 95880 119555 139009 10090 98502 63588 119996 86841 18716 15326 47192 52975 4553 120392 14948 135057 129829 31876 69409 52110 16032 63588,119996,111586,116582,15 8 4,16 9 5,15,16,31,32,16
qseq_ad448f73375b16df,head_test,length_32_gap_16,qcluster_head_test_0024,qbank_head_test_0eac2ef317aa,143683 540 117340 147051 63590 74143 106518 81292 84734 38705 26864 140228 116320 127626 138728 76921 102739 32521 55509 30869 54730 110848 65500 73498 83934 126463 131564 109437 35206 121124 147207 76921,102739,147207,540,15 29 0,16 30 1,15,16,31,32,16
qseq_2af6f7d47fc36b2a,head_test,length_32_gap_16,qcluster_head_test_0025,qbank_head_test_0eac2ef317aa,115483 13427 52709 117597 90746 74823 79082 55006 47118 34425 34239 4477 99471 47245 35810 56062 77715 10724 26101 12390 80085 127162 11375 142598 14990 117709 10046 107185 40710 25799 111127 56062,77715,11375,14990,15 21 23,16 22 24,15,16,31,32,16
qseq_cd01f77d7d52d468,head_test,length_32_gap_16,qcluster_head_test_0026,qbank_head_test_0eac2ef317aa,125091 78778 62087 36957 4695 137128 100113 46834 38049 111806 104695 123832 35517 78034 64037 13843 62945 62574 68926 77187 8748 41787 28240 99851 72029 73236 80113 141507 45047 21615 140135 13843,62945,99851,104695,15 22 9,16 23 10,15,16,31,32,16
qseq_4a30274abbad4a07,head_test,length_32_gap_16,qcluster_head_test_0027,qbank_head_test_0eac2ef317aa,88137 110009 141507 15878 95276 37793 89340 25059 126946 74480 112876 92761 66256 25826 130018 4711 95916 82340 52605 139297 115660 87258 117388 89931 26306 30973 49996 18752 134339 62113 138657 4711,95916,117388,49996,15 21 25,16 22 26,15,16,31,32,16
qseq_339ee30258b6bdb5,head_test,length_32_gap_16,qcluster_head_test_0028,qbank_head_test_0eac2ef317aa,85103 15124 122962 112398 89931 138184 10358 45190 111137 48396 134514 15762 108822 148427 99998 27926 58005 100061 30272 97633 94703 25950 83457 104087 47820 24844 12637 33100 132076 100256 16826 27926,58005,108822,24844,15 11 24,16 12 25,15,16,31,32,16
qseq_aa11d03130498e97,head_test,length_32_gap_16,qcluster_head_test_0029,qbank_head_test_0eac2ef317aa,150349 62945 140701 56737 148789 41248 59651 117648 20319 66129 51964 95276 92425 15018 60741 25380 130189 6594 126533 2092 146185 82564 104218 62011 40902 71982 111503 98289 46187 20244 69445 25380,130189,59651,66129,15 5 8,16 6 9,15,16,31,32,16
qseq_9c0292e49ab992e9,head_test,length_32_gap_16,qcluster_head_test_0030,qbank_head_test_0eac2ef317aa,32173 25938 124285 80835 28255 3384 38193 72715 123580 41248 148569 45761 48379 97279 104928 3738 25734 108056 20084 10265 19924 106135 50551 83529 108440 94558 150503 84351 52110 79954 106750 3738,25734,45761,38193,15 10 5,16 11 6,15,16,31,32,16
qseq_1271ab526a6adfde,head_test,length_32_gap_16,qcluster_head_test_0031,qbank_head_test_0eac2ef317aa,87617 6791 32698 39368 48599 4914 135423 31234 28359 136369 130919 93488 31790 64421 128082 46620 19590 6788 132331 96920 55327 73065 125658 48187 62574 63603 13196 101987 32209 17585 114648 46620,19590,32209,125658,15 27 21,16 28 22,15,16,31,32,16
qseq_14626fda3d2e72a7,head_test,length_32_gap_16,qcluster_head_test_0032,qbank_head_test_0eac2ef317aa,87551 13487 58511 13068 57772 115330 78420 79550 44330 29466 141077 100510 113196 56743 33860 37833 88475 108153 103475 31510 131673 44438 22854 75506 71238 119733 135617 14051 15009 82357 129829 37833,88475,79550,13068,15 6 2,16 7 3,15,16,31,32,16
qseq_9d03aa735400ca98,head_test,length_32_gap_16,qcluster_head_test_0033,qbank_head_test_0eac2ef317aa,64707 3573 80791 111098 21630 124879 124936 51325 101835 84555 82846 120075 52612 122451 121800 2541 108214 140998 6788 43304 127848 23375 107964 67565 54580 139160 70893 68953 33100 1880 80712 2541,108214,80712,70893,15 29 25,16 30 26,15,16,31,32,16
qseq_f44b9aabe96237bb,head_test,length_32_gap_16,qcluster_head_test_0034,qbank_head_test_0eac2ef317aa,20276 128126 45422 40706 45514 56113 72690 84555 75568 97992 20904 143854 56682 58393 95439 71948 7166 80780 106211 30777 139638 32521 120192 151166 111420 69737 107173 41248 41242 122227 26096 71948,7166,72690,56682,15 5 11,16 6 12,15,16,31,32,16
qseq_21f2a21aa1f433f3,head_test,length_32_gap_16,qcluster_head_test_0035,qbank_head_test_0eac2ef317aa,3781 136369 69319 132039 62889 97417 52192 68641 113041 71920 99851 134581 21646 143683 51012 77126 5293 120565 113067 36668 13315 86849 95630 27026 38318 10856 144832 80790 122525 133621 116017 77126,5293,38318,116017,15 23 29,16 24 30,15,16,31,32,16
qseq_77b6669f749627eb,head_test,length_32_gap_16,qcluster_head_test_0036,qbank_head_test_0eac2ef317aa,40420 58936 54524 65369 20967 104233 31646 1485 66644 33443 62150 64010 23763 54276 67169 7594 101982 7887 148507 92841 148819 11638 75346 48517 96948 128567 105558 62990 73279 79620 142592 7594,101982,75346,105558,15 21 25,16 22 26,15,16,31,32,16
qseq_b5bfb23c8ca15e4f,head_test,length_32_gap_16,qcluster_head_test_0037,qbank_head_test_0eac2ef317aa,109052 13383 11831 20276 55313 103705 80085 54524 102937 2623 75487 7087 123769 140135 139716 47968 136602 138385 151587 77477 126503 6556 103024 32521 72715 36638 107916 65123 143922 9763 124914 47968,136602,20276,140135,15 2 12,16 3 13,15,16,31,32,16
qseq_6ae484f67e525534,head_test,length_32_gap_16,qcluster_head_test_0038,qbank_head_test_0eac2ef317aa,26101 139408 97498 27807 42467 90482 49521 142599 150604 48400 36849 94775 52709 94910 86504 86973 118636 67406 85993 80791 63472 122479 46834 17823 128082 63774 117168 31780 12641 90899 566 86973,118636,31780,46834,15 26 21,16 27 22,15,16,31,32,16
qseq_d9f9889c8995e88b,head_test,length_32_gap_16,qcluster_head_test_0039,qbank_head_test_0eac2ef317aa,72143 61792 57778 138287 134822 112220 39900 65203 150341 6676 32202 108493 148954 84098 76583 64666 28692 89915 121298 52110 42238 37749 57452 97417 139609 60467 102605 58504 123586 107184 106710 64666,28692,150341,76583,15 7 13,16 8 14,15,16,31,32,16
qseq_0145004893120d34,head_test,length_32_gap_16,qcluster_head_test_0040,qbank_head_test_0eac2ef317aa,50342 117888 9586 50302 43666 26134 130465 79819 7025 140293 96275 29963 71398 73892 125761 21316 123580 99385 17410 123722 58547 150512 22855 120277 6163 98053 31776 145672 13068 88563 51224 21316,123580,7025,9586,15 7 1,16 8 2,15,16,31,32,16
qseq_766e3691ebe5ef22,head_test,length_32_gap_16,qcluster_head_test_0041,qbank_head_test_0eac2ef317aa,93499 109156 566 92982 11087 74143 139796 28239 22307 4070 22353 37914 107691 115471 69154 125644 149762 37555 43710 89570 27110 18716 111806 140652 51749 32017 2789 85104 55206 70751 23298 125644,149762,28239,111806,15 6 21,16 7 22,15,16,31,32,16
qseq_dcc79a3b8e545b0d,head_test,length_32_gap_16,qcluster_head_test_0042,qbank_head_test_0eac2ef317aa,3496 105377 4796 66219 19115 81651 37574 125761 91549 26302 14990 148954 129952 61737 53590 20308 104674 63005 101976 142378 42694 98423 126717 146863 102739 9925 70040 11919 2623 148052 94512 20308,104674,53590,2623,15 13 27,16 14 28,15,16,31,32,16
qseq_4114d7410f9295e7,head_test,length_32_gap_16,qcluster_head_test_0043,qbank_head_test_0eac2ef317aa,62643 33737 83242 115320 28297 5357 77046 123597 102258 68459 39063 854 101163 83865 102655 84107 67535 94910 103973 58434 19669 16460 101727 63385 145021 30439 32620 94703 105039 72073 129321 84107,67535,58434,123597,15 18 6,16 19 7,15,16,31,32,16
qseq_1ff93ae18013da51,head_test,length_32_gap_16,qcluster_head_test_0044,qbank_head_test_0eac2ef317aa,68810 9344 116381 42090 132076 115027 37459 141247 77046 90772 39057 45801 42152 73580 75742 28727 125644 94031 38417 59461 131224 127139 124759 27400 78625 30869 13037 50951 107545 24688 77974 28727,125644,77046,78625,15 7 23,16 8 24,15,16,31,32,16
qseq_dffa1e40b0f8707c,head_test,length_32_gap_16,qcluster_head_test_0045,qbank_head_test_0eac2ef317aa,84098 14220 118891 93655 23548 18716 126946 16787 68810 67048 137467 15762 85120 47642 106299 82206 46266 28239 3585 21316 61679 36801 54156 115945 66886 140880 49521 74014 139974 64632 60741 82206,46266,60741,85120,15 29 11,16 30 12,15,16,31,32,16
qseq_59ca9ed28467990f,head_test,length_32_gap_16,qcluster_head_test_0046,qbank_head_test_0eac2ef317aa,3856 72209 82316 8666 46141 25950 132483 16718 1238 87307 106750 77664 22916 85871 129891 15446 133326 13055 148036 27026 45267 57772 37302 30364 130131 115868 92593 90414 54375 54198 20233 15446,133326,25950,130131,15 4 23,16 5 24,15,16,31,32,16
qseq_ad54ab740a22617d,head_test,length_32_gap_16,qcluster_head_test_0047,qbank_head_test_0eac2ef317aa,78110 62889 34812 94703 130239 56113 115027 21659 70004 23512 101950 19999 80975 90365 139575 52689 10885 41904 97889 64703 98694 69305 133465 25758 11836 86504 33146 77781 42283 105929 90511 52689,10885,77781,34812,15 26 1,16 27 2,15,16,31,32,16
qseq_b43e012fcb0ada24,head_test,length_32_gap_16,qcluster_head_test_0048,qbank_head_test_0eac2ef317aa,128134 135080 40021 25301 2301 88889 2589 26857 31790 110732 127364 138657 93918 92593 112995 62087 8251 132794 50551 70315 5582 94703 41787 79344 137572 125245 7680 73454 111524 56737 36638 62087,8251,36638,125245,15 29 24,16 30 25,15,16,31,32,16
qseq_74a84eca01fbc281,head_test,length_32_gap_16,qcluster_head_test_0049,qbank_head_test_0eac2ef317aa,784 136927 122359 6937 141392 84965 81951 13206 104204 32731 53304 6779 74630 33792 49017 64960 111098 70027 142923 96318 43182 117133 36383 128800 140150 87868 4796 13761 102091 29271 145551 64960,111098,142923,87868,15 17 24,16 18 25,15,16,31,32,16
qseq_36a29ded693ff07f,head_test,length_32_gap_16,qcluster_head_test_0050,qbank_head_test_0eac2ef317aa,41040 95263 121140 66642 150604 59741 48441 781 66035 91171 143393 135604 28811 12348 112220 72090 79783 133846 41904 35109 9097 13055 96589 83457 150512 37113 44427 143977 147181 125188 96339 72090,79783,96339,96589,15 29 21,16 30 22,15,16,31,32,16
qseq_c556f8a1bd67c0eb,head_test,length_32_gap_16,qcluster_head_test_0051,qbank_head_test_0eac2ef317aa,2729 46138 62513 53590 53130 23557 4111 45190 98053 137467 102898 30439 87295 37193 149475 24925 101601 2008 38803 57738 111359 7952 102424 35110 54156 130209 6163 80551 19902 36179 56457 24925,101601,23557,137467,15 4 8,16 5 9,15,16,31,32,16
qseq_7100edfc438751fb,head_test,length_32_gap_16,qcluster_head_test_0052,qbank_head_test_0eac2ef317aa,37082 106750 5692 133465 15670 8846 78420 81714 102762 150259 84620 62574 42658 50543 39858 70367 11522 54191 89040 58393 54730 28110 17925 94187 18372 92141 141907 46657 68414 102606 87027 70367,11522,68414,42658,15 27 11,16 28 12,15,16,31,32,16
qseq_892b12fa4e730a6f,head_test,length_32_gap_16,qcluster_head_test_0053,qbank_head_test_0eac2ef317aa,79550 129829 61321 145639 110848 11979 89129 88466 779 127086 35692 146973 8037 53209 17206 111533 103372 35869 102739 132331 104706 68382 121629 151261 13946 101716 75002 93763 68583 99518 80512 111533,103372,104706,68583,15 19 27,16 20 28,15,16,31,32,16
qseq_d1f93bf7d182c7ec,head_test,length_32_gap_16,qcluster_head_test_0054,qbank_head_test_0eac2ef317aa,69428 3942 53177 111893 69737 28044 116438 39639 102240 14990 27666 37193 93462 47678 46266 113067 113503 29519 103475 77604 106518 47489 146185 70837 10409 102424 45384 124879 3572 27558 124704 113067,113503,102240,47489,15 7 20,16 8 21,15,16,31,32,16
qseq_036ef6f041a93bca,head_test,length_32_gap_16,qcluster_head_test_0055,qbank_head_test_0eac2ef317aa,46138 80471 68257 3117 70506 66035 17590 133100 33664 143799 127848 69737 20952 126881 48995 98502 134514 27945 83661 31747 41395 30435 140234 94245 39057 58511 16718 19669 12360 46834 95330 98502,134514,140234,41395,15 21 19,16 22 20,15,16,31,32,16
qseq_dce9dca97bda63c4,head_test,length_32_gap_16,qcluster_head_test_0056,qbank_head_test_0eac2ef317aa,25334 68330 108128 123597 3856 134885 111169 34458 98435 76921 114080 124109 3376 55322 41784 107319 13055 67169 55313 63385 73592 77573 96248 137066 135057 51697 87737 54725 128979 97279 145745 107319,13055,77573,135057,15 20 23,16 21 24,15,16,31,32,16
qseq_45a50d0b15c0a9c0,head_test,length_32_gap_16,qcluster_head_test_0057,qbank_head_test_0eac2ef317aa,146515 46834 99831 28904 40243 34239 78014 138433 9763 2589 29860 69806 66782 84524 118691 854 126009 59741 130428 1295 64035 73164 115116 11252 66951 17526 23116 12611 48707 131026 12641 854,126009,9763,34239,15 7 4,16 8 5,15,16,31,32,16
qseq_f4b5247936f869bc,head_test,length_32_gap_16,qcluster_head_test_0058,qbank_head_test_0eac2ef317aa,151244 63624 101363 43524 18716 61368 54 122501 4301 114129 64800 11129 70702 12503 118691 1238 64542 104837 13383 99114 115234 139609 37555 131947 9420 99397 5521 99525 70735 128567 54725 1238,64542,37555,11129,15 21 10,16 22 11,15,16,31,32,16
qseq_a067f75ce4894f33,head_test,length_32_gap_16,qcluster_head_test_0059,qbank_head_test_0eac2ef317aa,51470 48256 123006 33725 120091 67823 50300 54856 85508 148789 21834 1989 21494 107173 48886 144188 82564 37555 26159 147207 52689 35517 15952 121593 100869 34353 116344 82067 131909 48396 136002 144188,82564,35517,33725,15 20 2,16 21 3,15,16,31,32,16
qseq_3b88f8590bfd0ee5,head_test,length_32_gap_16,qcluster_head_test_0060,qbank_head_test_0eac2ef317aa,142641 3789 150080 122227 133014 17922 69086 44427 53660 88710 61387 17033 113921 10705 52555 149480 24222 79862 144056 53590 47355 35694 67535 94068 84129 40841 120192 3588 27425 27789 83851 149480,24222,40841,27789,15 24 28,16 25 29,15,16,31,32,16
qseq_de69d364544c7923,head_test,length_32_gap_16,qcluster_head_test_0061,qbank_head_test_0eac2ef317aa,59662 63840 70907 102258 9586 102181 134514 126529 36473 15124 17526 25950 19893 119600 28239 105145 117964 6392 141335 82340 77741 119256 14999 3310 70280 80918 34367 147051 1238 24844 70837 105145,117964,70837,77741,15 29 19,16 30 20,15,16,31,32,16
qseq_ed58827ff8544037,head_test,length_32_gap_16,qcluster_head_test_0062,qbank_head_test_0eac2ef317aa,27050 101363 103436 31790 53559 30435 51964 101835 89397 64666 53601 30718 105428 60290 80162 135632 102240 124495 122599 46674 68953 146191 112501 145639 33729 9818 107545 107564 143728 59376 114791 135632,102240,31790,9818,15 2 24,16 3 25,15,16,31,32,16
qseq_bf0c2e685c8f23ec,head_test,length_32_gap_16,qcluster_head_test_0063,qbank_head_test_0eac2ef317aa,125362 75412 113784 121008 101013 47657 16696 13048 53537 113196 21300 128574 2092 75568 140349 24839 21316 3199 134300 127698 106900 146766 133868 35110 78738 65159 32281 76739 121546 139575 32934 24839,21316,121008,13048,15 2 6,16 3 7,15,16,31,32,16
qseq_ce63b631455e9244,head_test,length_64_gap_8,qcluster_head_test_0000,qbank_head_test_0eac2ef317aa,39120 120192 51916 70245 63590 15557 45869 24909 130506 62956 79690 132508 144574 33063 14205 111876 144433 10863 104996 91645 56837 48756 32523 51919 48665 78778 140926 87601 138047 151402 40255 114926 30005 95439 25010 17949 136309 7859 82317 114050 92982 151035 125512 110367 112103 102572 62011 123722 38514 141335 47066 109999 72856 8037 80900 8168 22253 106411 35794 131457 63489 140695 101181 8168,22253,32523,101181,55 21 61,56 22 62,55,56,63,64,8
qseq_ad16edaf90e90f44,head_test,length_64_gap_8,qcluster_head_test_0001,qbank_head_test_0eac2ef317aa,138724 99471 25017 55618 114092 55674 96708 115363 109503 103436 90113 98764 96992 41972 54 95880 19507 135648 66404 35338 87737 6743 76283 102240 126676 75571 80162 126821 62889 5432 7296 121001 128126 29274 3781 84107 75742 64010 46526 136849 106211 120253 151631 148935 66301 6594 11953 30718 5746 148800 57894 104971 64037 110293 89868 111494 1420 109609 43581 74062 2148 104081 53071 111494,1420,64010,148800,55 36 48,56 37 49,55,56,63,64,8
qseq_ac69efd3e08cdddb,head_test,length_64_gap_8,qcluster_head_test_0002,qbank_head_test_0eac2ef317aa,112866 17466 136073 111320 79620 114316 80376 111723 109867 66301 90113 66644 67823 83244 86334 96712 143384 109156 90746 84620 30973 50354 137275 145551 142705 15399 150522 13903 22359 80712 120392 123832 133175 15181 70840 11671 130216 95231 149382 20319 15990 95880 78663 80069 75412 99676 32916 150317 115480 114094 27200 10058 18372 95534 109476 28555 120258 3738 41066 97860 72073 36614 118442 28555,120258,114316,95534,55 4 52,56 5 53,55,56,63,64,8
qseq_900f4aa1a8bac398,head_test,length_64_gap_8,qcluster_head_test_0003,qbank_head_test_0eac2ef317aa,128574 27666 43439 15938 131909 59500 103085 8416 128748 140241 151035 20050 62913 84395 25774 20712 135757 133521 98423 73893 114156 74276 68880 13037 150273 52738 112235 145639 76328 40995 15657 79442 100392 70516 84823 137372 24946 95595 51919 38304 60027 134470 1824 109503 25799 139135 104837 136602 16734 73454 59076 95263 22012 90414 69737 149507 4711 6743 115945 104233 96275 95054 83457 149507,4711,84395,25799,55 12 43,56 13 44,55,56,63,64,8
qseq_2ab675332cc2c8d9,head_test,length_64_gap_8,qcluster_head_test_0004,qbank_head_test_0eac2ef317aa,130763 38803 110293 72337 5357 60027 21516 90771 15678 58110 106710 142311 111494 69305 119479 110770 74827 151479 4695 74802 119733 9704 144056 122273 1451 3722 109015 129022 125444 130488 133621 111272 73994 21162 63235 121800 126503 68353 107328 99912 16391 115337 84584 72396 142592 106896 65026 83851 116311 11196 67901 146138 38456 120805 101096 74629 35872 32147 99522 7800 99518 133749 64673 74629,35872,7800,4695,55 58 17,56 59 18,55,56,63,64,8
qseq_e52b59bbfd1ee1d5,head_test,length_64_gap_8,qcluster_head_test_0005,qbank_head_test_0eac2ef317aa,106430 97448 112203 111848 62655 151314 35201 122650 107964 37263 85100 32439 126881 117379 27170 58706 144433 53590 73418 87617 140118 82206 30923 3588 43611 106940 69253 94652 46520 51224 6903 88283 109024 63930 74802 53210 89832 3324 77449 135527 67554 118060 51964 81352 81004 16787 31780 88563 19115 1744 145809 17035 116014 10001 100685 69916 55162 134216 131915 37234 64323 66692 115975 69916,55162,88563,53590,55 46 16,56 47 17,55,56,63,64,8
qseq_0f51edc5dfc7c98d,head_test,length_64_gap_8,qcluster_head_test_0006,qbank_head_test_0eac2ef317aa,54292 76543 92825 84947 47288 111632 35387 14239 25380 133460 15326 102258 85456 81253 82109 45761 26101 38204 53209 50742 108056 663 9420 45422 121920 105162 130189 108493 72209 25872 90597 145244 99831 70142 96207 148954 27110 114127 54159 34479 88889 146783 98053 75322 92982 42526 126503 113581 106483 128535 128197 107526 53210 16927 44807 10265 76556 144785 57778 132047 16774 102303 98914 10265,76556,14239,27110,55 6 35,56 7 36,55,56,63,64,8
qseq_f313e6b5f3f2efa3,head_test,length_64_gap_8,qcluster_head_test_0007,qbank_head_test_0eac2ef317aa,115275 146599 53779 70196 19669 29968 6376 15557 60173 123664 127491 65275 131673 123581 6934 28110 130564 55290 66256 41661 67169 66642 115384 116243 131480 94614 133175 79082 52426 120075 95199 135035 147267 14511 135828 11606 107409 115809 14377 78278 74276 34086 28240 102898 5351 22307 58504 93218 25776 79312 147181 146145 65022 78089 83865 44827 67933 143975 148052 66881 146739 117284 151587 44827,67933,11606,25776,55 34 47,56 35 48,55,56,63,64,8
qseq_dacd0e1fbd78974a,head_test,length_64_gap_8,qcluster_head_test_0008,qbank_head_test_0eac2ef317aa,55313 151545 46351 72835 29598 81182 2057 138724 122546 111367 120805 122939 112103 136161 125666 61473 82357 111723 40710 1744 19411 73294 16718 67869 25301 110905 139828 140118 141959 145415 122420 139978 8748 111311 125509 64984 110595 36801 67565 47346 117058 99851 16 42940 108128 43708 30777 47032 148819 81124 97805 82267 69319 11196 26306 56837 38759 139033 66829 107240 122359 91512 140241 56837,38759,125666,40710,55 13 17,56 14 18,55,56,63,64,8
qseq_b307d386c3e16326,head_test,length_64_gap_8,qcluster_head_test_0009,qbank_head_test_0eac2ef317aa,108822 24229 99518 134300 121328 96275 88466 113831 128800 80318 38705 16460 12081 10993 81067 14829 56276 116438 41704 116017 63930 3310 144331 45761 9763 61780 115385 21868 119996 74143 78663 9728 145023 65222 9468 115742 138343 89040 88770 61188 31776 105428 8846 142592 121789 88475 11374 81951 996 57738 98835 133175 125114 35694 147393 83865 60294 17389 66829 148507 145415 87258 14205 83865,60294,8846,996,55 41 47,56 42 48,55,56,63,64,8
qseq_00eebe508ba5c36f,head_test,length_64_gap_8,qcluster_head_test_0010,qbank_head_test_0eac2ef317aa,100510 109486 99204 30407 61029 133499 38456 71398 55006 109443 122939 22093 111848 2754 128590 83372 42804 117597 84855 27190 145814 69154 46652 6818 54292 19669 92648 54759 140135 147106 105525 20777 136762 8311 137455 4747 68142 62967 79667 73892 139972 121520 73164 98188 86399 143484 114827 66024 110732 11208 135191 28692 106518 16298 95027 120771 139716 128288 50496 61283 70315 82705 139974 120771,139716,79667,54759,55 37 26,56 38 27,55,56,63,64,8
qseq_bee0441a82c360b5,head_test,length_64_gap_8,qcluster_head_test_0011,qbank_head_test_0eac2ef317aa,78778 37793 56181 61970 80318 78815 18076 100469 52738 84987 49996 38737 50300 102303 151369 126529 75492 2511 25260 57838 129792 142268 82293 24909 139062 133465 575 15255 94652 150080 73454 125155 77898 13206 61780 135390 9468 32775 119161 151358 26823 140968 79344 65499 128341 19139 84395 84107 58890 32850 41661 71963 19666 116320 146535 97279 93706 139696 781 89395 33683 5495 71398 97279,93706,77898,84107,55 31 46,56 32 47,55,56,63,64,8
qseq_de56ed50345d29e9,head_test,length_64_gap_8,qcluster_head_test_0012,qbank_head_test_0eac2ef317aa,83244 39120 129952 125666 5334 7182 37822 46620 100175 66256 44897 92337 93218 113041 141760 32523 92814 47055 71305 141276 29740 45515 5611 22253 119257 98120 131260 125762 88283 128567 129022 107448 144574 71920 70142 41432 132076 125188 139100 72763 73893 138287 18513 74276 24229 106710 101363 9362 108545 101950 44254 103542 31573 25872 97889 38872 60632 62320 47033 19507 76073 18285 89544 38872,60632,18513,101950,55 41 48,56 42 49,55,56,63,64,8
qseq_8a65f1eb4e2a30b9,head_test,length_64_gap_8,qcluster_head_test_0013,qbank_head_test_0eac2ef317aa,38866 115945 114080 69428 121593 40519 91549 7680 62967 140855 72385 2301 10361 139399 59948 135294 129851 117648 39094 50951 63603 52201 39252 29431 41725 73580 17925 58794 62574 56331 50543 94910 86399 139972 71948 6570 105145 7068 102215 61635 56051 122831 26864 148049 48793 67901 52555 84618 100829 854 23929 3722 33767 39556 57894 151631 132478 144768 63507 120277 124818 98694 133157 151631,132478,7680,121593,55 6 3,56 7 4,55,56,63,64,8
qseq_e3679f81724986ac,head_test,length_64_gap_8,qcluster_head_test_0014,qbank_head_test_0eac2ef317aa,29740 28843 120192 75540 53874 51224 120429 87152 51399 30718 13206 101302 56828 80790 47452 1533 31240 127669 28718 60601 60909 78239 95542 38705 46187 59084 73498 102611 131326 74179 92869 50663 127491 120662 145021 84207 14220 30029 66688 125866 51420 127626 23763 36383 146935 41016 56205 100113 146114 12630 11522 16278 64037 125598 3324 61010 56022 111249 123015 121008 15762 70280 71982 61010,56022,121008,101302,55 58 10,56 59 11,55,56,63,64,8
qseq_cc2802bb4895e07b,head_test,length_64_gap_8,qcluster_head_test_0015,qbank_head_test_0eac2ef317aa,13257 111503 54580 138613 135648 67 18512 77062 40519 50496 17244 36019 29269 94423 133502 75002 98289 48756 43406 89054 70196 84207 25349 134191 43665 114926 85120 126270 83277 122962 20465 79783 137028 56205 120771 7478 133014 6594 21400 1430 21598 139471 60521 47251 134514 72690 75259 118307 130668 97498 104625 38304 2926 663 86133 121335 55828 61970 126713 89298 119711 39658 86100 121335,55828,89298,79783,55 58 30,56 59 31,55,56,63,64,8
qseq_b5dac228bb61bcc9,head_test,length_64_gap_8,qcluster_head_test_0016,qbank_head_test_0eac2ef317aa,42538 19507 94404 128052 72351 15326 68554 27679 95792 54292 10491 130239 31650 132778 137990 117487 86009 116017 83197 146599 22523 22359 56062 76742 106195 20468 54759 78149 81836 107996 141704 131915 113961 74823 2565 69428 92141 136369 100540 119534 115483 76913 8168 54824 57363 19499 91549 48756 75698 540 83851 18620 80897 70519 121008 3588 28359 43105 108056 72143 4914 68723 2541 3588,28359,27679,76913,55 6 40,56 7 41,55,56,63,64,8
qseq_fa7eee96e654879e,head_test,length_64_gap_8,qcluster_head_test_0017,qbank_head_test_0eac2ef317aa,57937 132478 575 19973 107882 114036 14829 23291 26270 20465 133390 96712 26302 64256 136002 125245 71963 114558 53500 114541 41914 10917 57539 88710 130919 148192 106135 29740 118102 99677 47346 15319 11742 150782 120075 89455 19586 111272 126925 35387 107337 108959 116515 12689 126231 143977 3856 119920 118730 117784 72209 34978 51511 88137 59376 12370 2307 58547 126893 93293 48501 138398 11606 12370,2307,126231,108959,55 43 40,56 44 41,55,56,63,64,8
qseq_3ed5d557acbe8c64,head_test,length_64_gap_8,qcluster_head_test_0018,qbank_head_test_0eac2ef317aa,11208 127894 70699 76005 2057 103263 65159 77802 84618 116344 29431 62945 61627 132331 132220 3199 111876 68257 51399 106211 117774 54730 37622 111949 148192 71305 14298 101884 86973 51824 132478 67683 111127 111741 112080 128052 42538 30435 4711 744 136936 6840 130510 56314 70465 108305 38049 70837 32775 115330 108564 40433 125245 95882 108056 82846 70519 92002 70027 21615 94512 115049 6743 82846,70519,29431,32775,55 9 47,56 10 48,55,56,63,64,8
qseq_c65d9411cf34e2d4,head_test,length_64_gap_8,qcluster_head_test_0019,qbank_head_test_0eac2ef317aa,38318 12938 118307 104141 43884 115461 111848 88601 72234 147962 146739 61635 127139 4695 138398 20586 44330 136936 27026 143478 6840 78482 18595 52201 12436 16826 15557 100650 6791 20174 104208 85693 114337 76260 1192 62011 87768 119996 139716 74276 120228 87618 79954 61387 111624 148349 68180 50300 48549 102937 96948 18521 135369 16139 61582 57764 120927 69428 75400 10547 19586 51824 37786 57764,120927,143478,48549,55 18 47,56 19 48,55,56,63,64,8
qseq_0d740a2025321d81,head_test,length_64_gap_8,qcluster_head_test_0020,qbank_head_test_0eac2ef317aa,47033 7149 150512 124759 47327 118775 44666 64984 72499 148089 16278 9097 8037 114127 134851 12641 43272 120284 25799 73480 117379 52689 48599 80471 60857 25774 9072 105503 58434 15303 1608 3781 57476 145182 13315 27110 47245 20873 132669 31413 94512 66642 41822 76925 115234 13946 68641 11638 22459 17849 12529 61582 59508 80918 71305 55509 10863 46657 110676 34367 131915 114011 47204 55509,10863,11638,1608,55 46 29,56 47 30,55,56,63,64,8
qseq_f08ec59e44ce9e58,head_test,length_64_gap_8,qcluster_head_test_0021,qbank_head_test_0eac2ef317aa,4695 76583 74143 38216 131326 26936 91360 27400 106483 108511 111128 100510 148586 140341 110909 105240 131909 102572 38620 13257 6788 125598 39409 41972 121559 77974 111431 115945 107184 151261 27057 10547 45717 95853 47331 50493 70040 49925 5287 151032 84734 37302 55290 75784 43182 93859 124495 16826 25774 93706 41040 146766 88466 143977 13741 99204 10532 12081 127848 139062 20550 87152 88601 99204,10532,6788,91360,55 19 5,56 20 6,55,56,63,64,8
qseq_3ff186c458f0868d,head_test,length_64_gap_8,qcluster_head_test_0022,qbank_head_test_0eac2ef317aa,141178 79819 55302 46351 151035 23763 133464 146494 99583 65274 125761 54730 134514 34849 47618 70519 34264 23199 103336 2541 15319 14452 110367 128082 112644 61582 77573 116311 14377 31747 139408 130506 32191 142641 114129 92761 64042 35110 91589 99259 67945 76309 58544 82705 78808 33235 137475 116702 4291 2906 117388 48081 110278 3512 17583 80676 125362 134191 35910 51983 11129 120771 98764 80676,125362,125761,34264,55 9 15,56 10 16,55,56,63,64,8
qseq_cb3a0f9a9f07a696,head_test,length_64_gap_8,qcluster_head_test_0023,qbank_head_test_0eac2ef317aa,110344 125509 84176 11919 60790 65349 57341 43213 125080 101112 14771 50311 35451 73193 64176 1888 56614 19222 111503 15984 78815 97264 30072 48702 64889 147393 35029 80790 45267 26528 56882 4903 49925 25799 25993 47451 109203 111586 62167 80318 51138 55302 3857 46266 121376 108831 30029 98914 19327 151261 2729 59948 17098 114127 73994 4395 94512 117340 135604 133502 29979 132669 94031 4395,94512,64889,64176,55 23 13,56 24 14,55,56,63,64,8
qseq_f242c852af074e64,head_test,length_64_gap_8,qcluster_head_test_0024,qbank_head_test_0eac2ef317aa,127736 114092 98630 40902 110221 78648 49406 41725 97860 101181 76260 32202 76921 27057 112453 66113 125245 144188 18752 58240 27276 107775 104648 35451 128535 108128 19120 143052 58706 102190 106106 94068 25301 67023 107184 89801 99204 62167 5222 99518 140256 80259 39368 31615 74514 24844 73065 75445 93814 9097 117709 130387 111320 139716 37744 139160 70735 126676 110083 34253 32995 68257 56457 139160,70735,24844,25301,55 44 31,56 45 32,55,56,63,64,8
qseq_914d020d50844f9f,head_test,length_64_gap_8,qcluster_head_test_0025,qbank_head_test_0eac2ef317aa,84947 25018 20458 118636 144188 132076 148987 53874 130763 53960 15432 41972 30439 14220 77318 148923 64693 107184 48707 8474 60267 3828 71948 92002 50302 37749 133344 123496 99399 82564 77974 67522 116344 74267 55409 48396 136302 25091 144433 93725 10843 4553 85246 87868 78034 148507 39928 139728 84098 40262 103436 31876 68810 53601 7173 9497 57778 75263 75487 51502 84153 39352 142705 9497,57778,4553,144188,55 40 3,56 41 4,55,56,63,64,8
qseq_b42e3ee4973857e0,head_test,length_64_gap_8,qcluster_head_test_0026,qbank_head_test_0eac2ef317aa,27945 88787 31187 57838 2148 116666 9578 144995 112243 28778 70506 97891 115320 10338 38318 1991 128341 99583 145039 80790 69710 41922 55298 61454 101842 62913 10491 129415 107077 106106 44162 127208 150782 63930 52738 134581 48995 12389 15979 136353 70840 88565 7611 36614 123540 102611 63519 31240 127698 2906 20258 124266 41066 144302 46657 119519 57341 35110 100608 83865 139796 55322 2565 119519,57341,31240,80790,55 46 18,56 47 19,55,56,63,64,8
qseq_b31b71940e3a30c9,head_test,length_64_gap_8,qcluster_head_test_0027,qbank_head_test_0eac2ef317aa,32828 63472 55509 138287 119711 21767 115459 15662 133409 133491 27884 148435 127139 138385 35949 6594 125920 43339 43058 34479 72791 125666 145691 68687 53433 149878 31234 76652 100811 139732 69766 2511 91977 10705 82931 62474 126297 70702 126717 21928 144013 17466 56763 35546 64666 64323 46652 105536 47816 36614 50951 150364 147223 60656 123586 89145 78260 25938 30407 12081 55674 37847 44999 89145,78260,15662,37847,55 6 60,56 7 61,55,56,63,64,8
qseq_ab533eb79dafa46f,head_test,length_64_gap_8,qcluster_head_test_0028,qbank_head_test_0eac2ef317aa,961 135390 138385 77187 115337 15221 109052 75346 33235 85879 38541 39298 97498 27666 141335 28584 140241 68180 74819 18716 58240 37113 122638 51919 151398 125598 137467 60857 52502 34057 46526 7087 64797 109024 146222 140256 30487 100947 66219 44757 113850 120752 43311 15085 46416 137372 103561 92648 112203 28773 88200 89832 67832 114213 99735 145244 116013 145219 83459 19209 73555 91394 20506 145244,116013,15221,77187,55 4 2,56 5 3,55,56,63,64,8
qseq_81b39db49221417f,head_test,length_64_gap_8,qcluster_head_test_0029,qbank_head_test_0eac2ef317aa,63930 122273 103336 15984 18752 13068 93979 31187 119370 14133 49303 23862 120752 52999 15135 76583 52709 52343 69742 45319 74804 145699 146766 87741 31477 69710 3714 25260 40148 141507 78663 100373 60909 124402 73893 144289 32995 145021 19590 77449 44708 99593 67945 56181 81004 146599 136298 52563 22328 46620 100869 143738 104081 123006 141796 53874 115384 16032 111346 117160 75445 30364 120769 53874,115384,3714,146599,55 25 44,56 26 45,55,56,63,64,8
qseq_abe17dda70332c2a,head_test,length_64_gap_8,qcluster_head_test_0030,qbank_head_test_0eac2ef317aa,37680 5911 7296 149475 118806 90113 142682 36614 77449 4291 60499 50561 76005 83529 119722 150480 111098 17033 20526 68687 47251 35050 24844 54276 139949 17964 144835 118060 40533 144302 105705 138310 96948 17526 575 119534 11087 85891 118003 130216 51138 78142 133101 19854 145551 47032 139471 85104 123664 72209 46700 25872 45395 1744 10705 37982 18999 130529 121729 84176 21427 31510 46351 37982,18999,118003,50561,55 37 10,56 38 11,55,56,63,64,8
qseq_4fadd1b68572058e,head_test,length_64_gap_8,qcluster_head_test_0031,qbank_head_test_0eac2ef317aa,39047 137475 33235 117597 67966 132152 151631 89588 67901 39252 18547 138385 83510 15938 6788 146004 70245 73892 120752 49843 3376 78149 53960 30330 126135 52771 115027 8474 127318 43581 53071 139949 35038 72029 87064 79266 38197 28878 3432 49998 15979 57348 126713 43666 114759 32235 78505 76514 11742 82340 10361 76911 114316 6903 132220 113206 8149 79783 112453 72781 64666 130510 103475 113206,8149,137475,146004,55 0 14,56 1 15,55,56,63,64,8
qseq_2c7e2475031e2d4b,head_test,length_64_gap_8,qcluster_head_test_0032,qbank_head_test_0eac2ef317aa,148052 95853 90406 119951 107966 87355 89298 82067 114893 19608 126391 102549 20276 97264 111876 133157 40531 42456 19073 142293 15432 43710 54375 64010 81714 130131 85246 68718 64666 130239 51383 149379 51327 7009 43204 45801 121546 118941 120823 52201 82239 117388 133947 4301 17098 19893 23116 6163 67609 40148 83457 8311 17951 111624 9586 4650 112474 68828 131224 33443 142268 58706 18942 4650,112474,19608,19893,55 8 44,56 9 45,55,56,63,64,8
qseq_a7c6327314ba6130,head_test,length_64_gap_8,qcluster_head_test_0033,qbank_head_test_0eac2ef317aa,55693 1238 55290 41066 128596 2301 74630 25993 126247 37555 11953 64673 105436 61729 57778 17296 105990 92425 34239 60925 117722 143922 52771 25595 1888 61387 82109 71591 41708 114582 83119 49868 80679 16032 91504 32017 101757 59948 99593 44708 84484 69428 49017 15009 96707 40903 106750 74600 115975 20296 85096 18661 140206 93568 33467 147962 124402 781 94864 66397 11252 151398 74321 147962,124402,74321,128596,55 61 3,56 62 4,55,56,63,64,8
qseq_9dd8dcf1f12e41bf,head_test,length_64_gap_8,qcluster_head_test_0034,qbank_head_test_0eac2ef317aa,88244 80791 60521 96248 133014 104674 138613 44195 128596 49406 99972 122150 70367 114517 7966 84622 85531 72143 67683 89319 148427 51470 34849 114100 15222 71067 45319 73108 21598 59814 36019 145589 73651 77449 102190 23684 22307 125114 142705 70893 100469 31825 40094 142433 123822 55927 123664 101948 24418 10491 124825 53874 96011 54159 84129 56279 73080 101302 15085 149495 25260 47355 139883 56279,73080,49406,67683,55 8 17,56 9 18,55,56,63,64,8
qseq_e6c894c9903c4fd9,head_test,length_64_gap_8,qcluster_head_test_0035,qbank_head_test_0eac2ef317aa,99234 61649 41445 114791 97633 14004 50663 78482 87355 124901 55313 6888 43497 62474 16696 116020 146373 52725 73065 17932 147393 53209 81253 73994 81627 136073 112203 83372 35546 77477 123293 138310 67485 60601 44254 140489 65696 8194 149480 44999 62574 107077 59262 78853 128797 92982 55206 97071 18196 57937 19902 64421 111137 51416 131224 119951 66743 30457 107337 125307 18076 51470 146597 119951,66743,16696,111137,55 13 51,56 14 52,55,56,63,64,8
qseq_0fe1be5b3431fbbf,head_test,length_64_gap_8,qcluster_head_test_0036,qbank_head_test_0eac2ef317aa,55313 66688 29366 100392 52942 110367 124146 17389 114080 11953 144188 17507 112183 123583 128312 19999 37113 51916 148507 117438 87226 59662 93655 29209 120253 779 70655 62574 74179 35810 48409 12689 125569 115384 6729 151381 73279 39252 34086 77449 89074 3453 53071 116113 101982 76913 37263 123664 19669 121448 84176 34239 105571 102244 86596 112501 68353 37793 146739 143975 55618 113256 51683 112501,68353,59662,74179,55 20 27,56 21 28,55,56,63,64,8
qseq_fb55aca90f4d171e,head_test,length_64_gap_8,qcluster_head_test_0037,qbank_head_test_0eac2ef317aa,32791 20233 139471 135423 126946 64386 119257 105503 124186 90597 94031 67832 19119 28692 42209 104218 108959 146515 95916 142947 128341 36849 137018 132998 83093 101757 25010 24229 101835 51870 60294 125569 104208 143631 18044 40251 122962 100869 133491 94910 138047 48517 40908 37793 102313 114347 5715 1033 62945 130506 66301 138287 135390 70811 58544 15984 14701 143944 79551 123769 84983 47288 68583 15984,14701,101835,48517,55 27 40,56 28 41,55,56,63,64,8
qseq_f8cc742d7e0ae787,head_test,length_64_gap_8,qcluster_head_test_0038,qbank_head_test_0eac2ef317aa,80835 111359 89577 97231 84395 19120 75717 122525 87295 60790 10005 37154 88601 96908 124285 51964 25938 27363 102314 128356 90119 121546 142413 61850 148935 149475 14051 66024 114714 115471 52237 83979 121559 106430 128386 110985 45422 51771 129282 33146 42526 143919 27372 14367 18513 140926 12081 85508 90511 59076 46657 15342 21560 55509 140767 73480 76260 7149 142892 56206 129286 54253 43244 73480,76260,46657,149475,55 49 24,56 50 25,55,56,63,64,8
qseq_f5a3e072a1cbd3dd,head_test,length_64_gap_8,qcluster_head_test_0039,qbank_head_test_0eac2ef317aa,135069 104079 33737 93276 19300 95534 133464 127698 115363 58694 6594 10409 69932 92845 51749 104973 84484 94423 67489 71398 127626 149501 84207 114791 54342 46351 33155 120720 3572 46694 141178 138807 7893 42742 57348 66688 128535 67372 46943 134202 32523 6103 55006 4711 89319 61010 95330 64707 27170 60356 68488 94703 16306 30777 61649 136302 32916 112080 103705 90113 2057 151261 139696 136302,32916,151261,60356,55 60 48,56 61 49,55,56,63,64,8
qseq_b955e7bf4c64184d,head_test,length_64_gap_8,qcluster_head_test_0040,qbank_head_test_0eac2ef317aa,37555 18513 131712 42694 105746 101842 105249 77781 22307 39362 11087 99204 55475 77741 142311 77046 67124 25938 109723 52999 120253 107564 127376 119519 73989 142599 139962 67372 145699 122560 108509 64707 41188 145927 82466 114475 31908 81964 60601 53130 100350 135369 17668 1292 143555 106805 141313 146185 89672 28493 9176 994 144918 65349 28225 70280 28718 31617 3585 114062 130670 124721 133493 70280,28718,9176,11087,55 49 9,56 50 10,55,56,63,64,8
qseq_06d466162785c483,head_test,length_64_gap_8,qcluster_head_test_0041,qbank_head_test_0eac2ef317aa,39352 96248 30457 129641 75259 25216 80069 105746 19924 3738 53690 79863 1343 92792 69742 20409 151342 39094 69307 41675 84351 67224 73193 49032 89129 25380 125832 56763 65653 56833 32209 137475 133621 43058 21040 69710 88466 103631 143922 118831 13848 23684 16718 24229 64914 18716 139962 92869 22459 13257 120528 136302 40251 11730 57348 12611 79841 3789 128956 46657 70735 135298 114094 12611,79841,39094,3738,55 16 8,56 17 9,55,56,63,64,8
qseq_3843c735a3809897,head_test,length_64_gap_8,qcluster_head_test_0042,qbank_head_test_0eac2ef317aa,103504 14999 29681 37459 90406 47489 142048 144832 19902 135617 19300 19512 51091 20276 106411 120258 107661 142337 15221 120087 18752 129928 6254 49843 131836 31637 18409 99234 60027 74827 145039 65623 141178 67124 51470 77318 122144 40706 138100 51749 22854 23512 17603 86090 150480 85456 114129 88283 73651 72385 87142 106195 25626 19669 56041 18595 3324 91202 43497 106805 5402 134592 63840 18595,3324,31637,142048,55 24 5,56 25 6,55,56,63,64,8
qseq_9ba7974c20dcff01,head_test,length_64_gap_8,qcluster_head_test_0043,qbank_head_test_0eac2ef317aa,145745 2789 79030 122944 58528 49032 102181 91512 4930 68180 16563 141907 103751 146766 147833 5715 87152 113530 74823 74321 73065 108831 89202 21630 130763 85968 68353 13055 136722 14203 104155 121385 87117 84445 35596 131865 20730 70840 144912 111876 122525 60356 93725 30316 55945 55292 102772 115221 21336 3942 62964 91628 87618 97891 140341 59393 126009 24412 56828 72073 13946 61582 19854 59393,126009,122944,14203,55 2 28,56 3 29,55,56,63,64,8
qseq_50f644f6ceec5570,head_test,length_64_gap_8,qcluster_head_test_0044,qbank_head_test_0eac2ef317aa,83222 68554 37193 139297 136051 40243 28882 32915 120258 122854 102799 31615 33165 60583 97226 17113 48267 89395 1115 15135 4395 125362 36021 128535 140978 65528 53304 144912 137323 94883 28359 101523 6676 41822 68835 663 24229 79862 75259 107797 96011 26101 109052 10416 61322 112014 30439 124851 103475 138184 52954 27363 99593 53559 59508 43304 70396 58884 111586 8373 51091 540 30460 43304,70396,52954,53559,55 49 52,56 50 53,55,56,63,64,8
qseq_f7511c1b0ca2c6f0,head_test,length_64_gap_8,qcluster_head_test_0045,qbank_head_test_0eac2ef317aa,45890 34858 132220 39772 51470 12529 33162 90511 133947 1292 117648 48396 126009 2752 1608 97625 6888 25774 113053 50982 12093 94615 33683 144912 60173 102313 14961 140206 121800 130171 19924 28203 92400 78885 19499 93709 73108 1551 45514 130018 54198 113196 4111 131564 51261 34837 32828 109503 121335 83661 35477 77449 109486 35451 89577 139033 4090 124959 3714 100170 25301 121546 23787 139033,4090,25301,109486,55 59 51,56 60 52,55,56,63,64,8
qseq_26fc5943a042affe,head_test,length_64_gap_8,qcluster_head_test_0046,qbank_head_test_0eac2ef317aa,101558 39065 85208 21494 68258 98188 142705 120528 15181 117879 54198 38193 140755 82316 109015 77616 68687 147905 79288 53341 1533 47025 105571 63590 86841 57192 729 25944 119382 61109 91919 37113 47032 95487 19924 32543 74629 100646 20712 69475 50023 67832 83197 8666 76653 38514 113850 47820 73893 53130 10856 39120 47018 80376 69932 37555 42152 114316 30873 58511 5911 125364 66020 37555,42152,119382,91919,55 27 29,56 28 30,55,56,63,64,8
qseq_8b4614e20d91fd8d,head_test,length_64_gap_8,qcluster_head_test_0047,qbank_head_test_0eac2ef317aa,86239 32147 114893 151261 50148 89145 79863 109999 72044 22639 85508 121124 99676 90694 109785 15221 114791 146138 55058 131331 17823 129926 73498 59376 117058 54296 31573 143799 76921 40519 73164 139696 86504 48168 36494 127736 105705 43710 9176 64932 12246 2307 145639 98915 111431 63840 146816 109437 99399 3512 85201 150604 118442 110909 20465 124886 114036 30355 101985 18716 91977 73064 118320 124886,114036,59376,15221,55 22 14,56 23 15,55,56,63,64,8
qseq_440ac5c9f5678367,head_test,length_64_gap_8,qcluster_head_test_0048,qbank_head_test_0eac2ef317aa,128956 65467 119733 51841 143683 69445 150718 88770 140755 20873 107519 30435 130668 145672 62167 5351 145589 84445 22328 40137 45047 102528 75540 48441 12093 142433 2926 38193 4520 46520 76514 127698 63266 110221 48665 151631 68488 105149 90617 122479 82265 115027 16278 63044 45890 116243 98371 4695 56279 139725 21560 94703 139062 145039 41787 70506 110905 95880 102314 119560 60568 117781 21400 70506,110905,150718,82265,55 5 39,56 6 40,55,56,63,64,8
qseq_6e2e346e5a714688,head_test,length_64_gap_8,qcluster_head_test_0049,qbank_head_test_0eac2ef317aa,38976 19399 131712 4291 124109 1292 14511 20276 87326 102655 76968 112866 27558 1533 149453 14771 5334 49671 72209 45713 68687 85005 124759 110457 139974 3376 60790 133465 21659 50663 96248 118691 92428 4747 107185 86841 9818 118474 147717 14367 33100 56665 32439 10265 66397 14698 144574 14203 20952 105149 121448 119534 46604 78098 87617 53500 5692 25349 96712 125188 99234 12611 133460 53500,5692,60790,96712,55 25 57,56 26 58,55,56,63,64,8
qseq_4cfae3b8f12908c6,head_test,length_64_gap_8,qcluster_head_test_0050,qbank_head_test_0eac2ef317aa,105748 100256 86782 44827 87226 70840 7133 137106 9097 6163 66886 82265 67508 23787 33809 103436 28428 52528 149501 130506 88601 43592 105564 144685 33155 41016 117284 17507 118543 112866 46266 124936 111359 32147 35477 146114 105764 29271 70735 100683 30455 111807 103475 64914 83661 43213 102411 127626 59393 31979 5351 94864 87295 10238 56882 96948 37555 114100 84348 90119 41085 117709 61109 96948,37555,17507,43592,55 26 20,56 27 21,55,56,63,64,8
qseq_7363eb752a10e2a5,head_test,length_64_gap_8,qcluster_head_test_0051,qbank_head_test_0eac2ef317aa,138433 127654 96908 131909 133493 39772 80162 48409 89455 36161 37622 136302 10981 16302 47355 93655 135057 47820 3585 47026 68459 45946 16774 35477 21286 31573 65026 114213 39368 9704 77974 53874 15135 146973 135527 66256 82340 30272 132047 26547 69475 57192 108493 140281 44094 8939 51916 64256 17949 101950 44437 142048 4711 147207 134202 20506 17389 93276 59145 5692 46460 113581 76556 20506,17389,65026,47026,55 25 18,56 26 19,55,56,63,64,8
qseq_f3b85dddd9245987,head_test,length_64_gap_8,qcluster_head_test_0052,qbank_head_test_0eac2ef317aa,102411 41904 48409 48187 19586 22965 106495 144768 72763 33809 53660 2906 5832 126783 112876 91572 41016 29027 91525 99088 67023 40243 73454 117284 73989 142600 25799 135337 148048 110293 68180 132478 35050 32775 102240 95595 87992 136278 36614 140767 39560 101884 34837 67683 17590 84620 15446 125091 118543 10705 44330 36494 148036 114149 150444 136927 105177 64984 48361 38318 35910 123015 134770 136927,105177,35050,35910,55 31 59,56 32 60,55,56,63,64,8
qseq_80e1209e03800693,head_test,length_64_gap_8,qcluster_head_test_0053,qbank_head_test_0eac2ef317aa,4650 67554 34973 134202 21494 15326 93814 15670 87787 109609 59662 25938 27276 7966 50496 1238 60857 48517 38531 124704 12529 117722 107199 3310 44427 82846 145745 128567 108536 95921 1533 84823 42283 20273 50951 93709 107797 78034 45047 66020 136927 45869 87757 92945 115234 121157 64256 3572 16444 26170 35451 121673 82705 42804 35904 66642 80069 51697 10917 44962 98891 27851 42209 66642,80069,15326,59662,55 4 9,56 5 10,55,56,63,64,8
qseq_4dc30fc9faef26e3,head_test,length_64_gap_8,qcluster_head_test_0054,qbank_head_test_0eac2ef317aa,22012 137455 5495 99912 40169 92825 1143 52426 102606 50543 12370 118657 65653 68953 29860 125509 129286 35201 114759 127491 28718 144832 1115 111169 77405 129282 31617 59076 67933 39639 3199 98452 19119 30455 142871 74358 42238 64752 129089 3462 961 117879 134514 6392 9799 146494 98093 118691 20468 41784 39298 53372 2623 54730 27223 43635 32147 111128 102572 118543 26911 21494 31979 43635,32147,1115,35201,55 21 16,56 22 17,55,56,63,64,8
qseq_0a7dc3674577b8a3,head_test,length_64_gap_8,qcluster_head_test_0055,qbank_head_test_0eac2ef317aa,114416 56838 54342 52954 125747 66951 68723 100373 30005 39858 112453 85993 129202 56828 148503 130883 91512 28727 2737 63590 74373 37459 6392 32439 38 62967 35050 24412 17035 102549 32235 84734 30457 744 29799 39556 149507 52738 124402 107448 121789 70506 131224 98502 115221 58706 5390 17668 14771 18076 84987 96992 38304 140349 87295 52343 73717 35338 131326 151166 77062 72992 84620 52343,73717,100373,18076,55 6 48,56 7 49,55,56,63,64,8
qseq_a541c2ba528e7e26,head_test,length_64_gap_8,qcluster_head_test_0056,qbank_head_test_0eac2ef317aa,104674 123581 114484 47346 118785 8311 17964 74631 78110 77507 130171 46351 103820 107916 74480 61322 32915 126533 37856 32630 79863 143384 77781 106710 100113 143291 30455 76768 1888 41675 2637 130529 41972 140959 65022 3588 104079 77604 101982 12093 58273 37518 17583 143944 64703 131026 120429 82340 50342 14902 50493 138751 94179 48379 145639 115049 104233 135069 96992 119450 19973 124886 94883 115049,104233,140959,118785,55 32 3,56 33 4,55,56,63,64,8
qseq_e6e4929f6b95c623,head_test,length_64_gap_8,qcluster_head_test_0057,qbank_head_test_0eac2ef317aa,61109 123722 36721 12938 12390 79312 108102 65499 38216 65685 120872 3828 145415 123311 94846 63266 6687 21336 44666 4650 41725 100947 30973 133100 73498 91566 10338 83093 72396 91394 101163 73480 19902 120429 115480 110009 149513 62643 67933 16710 126522 130926 128535 48702 78098 112474 114011 5611 52563 104155 34057 39977 57008 92758 126707 15984 79550 30869 135617 107691 79690 16826 89340 15984,79550,39977,12390,55 50 3,56 51 4,55,56,63,64,8
qseq_32f6a5e6d02f280b,head_test,length_64_gap_8,qcluster_head_test_0058,qbank_head_test_0eac2ef317aa,25993 16327 119479 76653 128956 35869 68142 111272 97805 101363 84351 99089 22353 33806 70840 22012 91441 25260 40519 70506 45267 28584 41987 110834 86257 146138 22625 96707 114926 95696 133014 100338 45789 51470 43671 112474 86841 93094 93235 133493 11794 101976 66116 128535 54406 72992 31477 91504 25283 17902 72690 73630 81182 134973 3512 78738 105406 76652 20550 104218 115660 132998 83457 78738,105406,104218,101976,55 58 40,56 59 41,55,56,63,64,8
qseq_5593ecf330d71e10,head_test,length_64_gap_8,qcluster_head_test_0059,qbank_head_test_0eac2ef317aa,92814 144050 87091 13930 88571 52689 115824 80790 118657 30888 98744 15255 38866 44125 146185 53177 104079 147337 89455 16696 80918 3512 105547 6178 116264 62320 118831 40137 110367 131043 19669 28252 47451 135191 145745 100113 32235 94286 62258 124285 133749 70280 46138 72209 24144 20296 131528 77318 100614 65169 61321 54856 111346 3073 26159 68635 100430 14220 69916 119555 17410 70471 56627 68635,100430,135191,54856,55 32 50,56 33 51,55,56,63,64,8
qseq_ef30a53cc0d2d60b,head_test,length_64_gap_8,qcluster_head_test_0060,qbank_head_test_0eac2ef317aa,18258 137133 68926 32995 104674 83106 62964 80259 142816 126362 44666 127669 106358 103475 59376 63044 74267 63801 62474 22201 141707 103455 129891 89868 85201 67929 127208 140880 105920 58936 105280 45047 28878 46834 70315 124809 73236 42885 56603 66080 110756 127623 47192 89397 145588 62249 67554 143960 82265 146494 7478 5832 26528 135617 104928 107519 122125 142871 130171 19073 117865 2875 147833 107519,122125,142816,28878,55 7 31,56 8 32,55,56,63,64,8
qseq_3ed06846bbb27c62,head_test,length_64_gap_8,qcluster_head_test_0061,qbank_head_test_0eac2ef317aa,109609 30777 101757 60632 117160 37518 34479 29979 98544 130979 116515 48383 67278 39362 106430 58528 111723 123015 40533 95330 82564 75340 119161 37574 34978 112014 43839 80322 62513 78663 55721 95294 133621 12360 51091 23669 119370 99525 111458 43622 31650 97226 11129 110595 89325 51749 95400 140769 88417 131865 25059 122346 37161 89340 127162 51919 99399 18512 23339 87741 125832 64673 63472 51919,99399,55721,116515,55 29 9,56 30 10,55,56,63,64,8
qseq_f3cb084c2000cb72,head_test,length_64_gap_8,qcluster_head_test_0062,qbank_head_test_0eac2ef317aa,150782 39065 54730 134615 11375 21630 111876 144672 68414 92761 9763 28493 103001 103820 67945 102303 105177 140104 27945 108785 69827 139828 81124 124914 83379 47678 98751 16298 125693 133100 4291 53690 103083 15361 60294 128052 125692 62249 31240 7587 9019 77046 78738 74358 137920 134470 48886 145552 99522 31702 86504 44195 104218 142682 64035 112695 148234 135617 51511 39977 62956 67522 43666 112695,148234,48886,15361,55 45 32,56 46 33,55,56,63,64,8
qseq_e53a2d198d418b2b,head_test,length_64_gap_8,qcluster_head_test_0063,qbank_head_test_0eac2ef317aa,17035 135390 127126 113196 104648 78505 108982 117888 11375 22223 141959 122944 133621 20730 111632 63107 80835 140755 67485 31144 52129 779 134470 15255 138752 11638 19999 82265 97126 31650 40433 31825 105428 112147 85968 118545 44827 16015 37518 115868 5582 85005 94628 70104 20050 120823 35694 35201 9298 31827 148823 84348 72781 109156 122650 104208 105746 124495 142598 80679 26822 1343 59376 104208,105746,67485,22223,55 17 8,56 18 9,55,56,63,64,8
qseq_64d81f263ed08223,head_test,length_64_gap_16,qcluster_head_test_0000,qbank_head_test_0eac2ef317aa,57937 43622 76968 101181 150806 104648 141760 11910 19669 1143 86841 4553 88417 130239 124879 73893 50741 100513 20843 85508 26096 33443 9763 74062 67341 141823 148943 62956 66397 19893 148048 139769 111359 15319 105779 124393 68723 21868 73989 67124 40847 93853 53304 19119 102937 77126 32620 81454 57341 110221 27170 72209 57229 136369 99399 105990 79619 100614 31702 112235 88565 61737 21560 81454,57341,148943,85508,47 25 18,48 26 19,47,48,63,64,16
qseq_925c6729fde64172,head_test,length_64_gap_16,qcluster_head_test_0001,qbank_head_test_0eac2ef317aa,116243 121424 87152 94561 35173 91512 150077 22253 108493 133947 108026 97448 82127 125091 17585 9468 13196 100611 36019 31232 4695 48168 148843 56743 620 90654 50982 121789 67508 138184 83379 37234 64042 97082 116533 14004 97186 63385 117784 16327 139000 115337 141959 118094 25747 47331 151402 62889 62249 18409 125245 8979 121008 150540 78778 95664 107212 20102 93846 105779 122854 92593 55327 62889,62249,93846,151402,47 57 45,48 58 46,47,48,63,64,16
qseq_52499596c6a074a4,head_test,length_64_gap_16,qcluster_head_test_0002,qbank_head_test_0eac2ef317aa,115415 49406 92825 35110 109759 66116 781 139831 23291 73892 51138 11087 88889 25059 139727 142600 138532 92425 63630 142257 144574 33721 4090 67918 26857 64956 37928 93293 137260 18752 74514 100611 102772 94558 12503 134592 49032 39063 50354 21634 62320 3117 111128 73580 38866 90365 55693 129701 125320 44999 91977 52237 58528 2789 35777 103455 84395 112644 84348 80975 76283 146577 67406 129701,125320,73580,64956,47 42 24,48 43 25,47,48,63,64,16
qseq_0ae2b5c813af0d78,head_test,length_64_gap_16,qcluster_head_test_0003,qbank_head_test_0eac2ef317aa,42748 42090 114475 25993 126270 94245 27272 101982 104710 82976 52605 30481 129321 6818 120920 93218 23329 140293 10532 41242 36473 138532 8037 47164 58694 52045 105929 70196 87429 123732 744 3572 63033 105779 124914 105149 126297 108545 1143 52999 67823 109856 99114 30330 10517 80835 16139 41922 100514 36488 14298 124886 75046 74373 3789 61440 104837 65169 87184 11794 17949 14133 122359 41922,100514,36473,10532,47 19 17,48 20 18,47,48,63,64,16
qseq_06f6302b8e8cbf37,head_test,length_64_gap_16,qcluster_head_test_0004,qbank_head_test_0eac2ef317aa,122125 149878 147393 113831 57452 113850 45366 38541 60857 9072 25017 150444 135454 63235 54253 88571 36721 134470 38417 47251 27851 73193 117438 32698 47678 96708 24969 44009 127105 58706 50543 124803 70027 118775 148935 97330 41066 151032 21646 77781 84107 68353 89054 145039 49406 119896 73717 77579 40841 88137 102605 144832 13494 100469 92557 110344 33725 78034 4560 44162 103336 87152 142329 77579,40841,127105,45366,47 27 5,48 28 6,47,48,63,64,16
qseq_01ccbe3a50fa5d0b,head_test,length_64_gap_16,qcluster_head_test_0005,qbank_head_test_0eac2ef317aa,30718 149576 125666 108959 91360 109538 30272 56614 145219 92761 119257 86782 136849 67929 89455 57772 37518 95231 135484 64010 64466 72715 26064 68382 6743 50354 72499 121157 129236 99127 55927 5721 65275 74733 31510 119242 31876 28492 114347 98694 82267 121559 30457 74373 108077 2148 130387 119871 34264 141077 21456 34239 130758 138287 61635 126522 150444 14205 64752 76581 106211 20468 82340 119871,34264,129236,86782,47 27 10,48 28 11,47,48,63,64,16
qseq_f365f3d03be49fa5,head_test,length_64_gap_16,qcluster_head_test_0006,qbank_head_test_0eac2ef317aa,63266 118093 106330 53660 74804 105923 139160 52045 97625 53601 121335 97082 144912 55927 136369 134216 92982 73580 106292 52129 4796 107448 42885 126247 102195 124406 86504 100646 142598 144033 146814 75784 51470 115221 140926 3117 140998 30005 22639 133515 45709 116014 33767 30455 55290 35507 94846 85104 112866 123586 65026 36723 78808 58393 74630 135604 80788 42456 41249 146114 112995 90113 120192 85104,112866,52129,121335,47 18 9,48 19 10,47,48,63,64,16
qseq_da32497ec6a6912c,head_test,length_64_gap_16,qcluster_head_test_0007,qbank_head_test_0eac2ef317aa,139696 109476 20730 13196 75742 16734 101948 139399 10869 116020 29387 42694 56206 54824 38803 99525 23763 51383 14701 47968 41815 142682 13172 98914 77318 3462 113845 25776 129781 11196 127318 34458 6934 137133 104079 40021 149878 56276 70004 148435 37161 60583 78278 64956 107564 78260 7149 540 108056 35173 131026 43244 15432 122073 78815 116597 50951 66743 142816 115824 64010 104928 23557 540,108056,37161,149878,47 39 35,48 40 36,47,48,63,64,16
qseq_4358fe08c09dd223,head_test,length_64_gap_16,qcluster_head_test_0008,qbank_head_test_0eac2ef317aa,56682 27182 139160 76260 33149 85483 111203 15516 46187 89325 87675 35387 29860 13172 76913 48187 56763 21928 100113 40150 56276 10993 132998 69475 105280 106710 125666 142378 65706 21646 136211 54406 96988 140206 35338 105430 18942 119746 93504 37574 134202 3431 75322 53209 114062 73164 27807 78815 95330 23929 34057 83244 116264 30005 26823 72499 126946 84584 97078 47816 83197 99385 34872 78815,95330,35387,76913,47 10 13,48 11 14,47,48,63,64,16
qseq_6714c2719d591f8a,head_test,length_64_gap_16,qcluster_head_test_0009,qbank_head_test_0eac2ef317aa,140221 46943 151545 55509 23548 76652 68583 16826 69742 48549 86592 107775 114092 124495 44398 68828 109476 139874 26159 141959 139725 133318 58890 94561 47204 105169 95439 104208 4477 70315 9795 6676 95199 147223 74276 47032 21040 14298 63266 85531 87429 41688 89040 70495 2906 78239 30973 33809 69428 16787 109015 71920 81068 67023 39057 81627 47816 18999 81004 35038 61060 1880 128082 33809,69428,133318,141959,47 20 18,48 21 19,47,48,63,64,16
qseq_47e2a78f24ccd047,head_test,length_64_gap_16,qcluster_head_test_0010,qbank_head_test_0eac2ef317aa,62643 45515 103083 58434 102937 109203 100296 103024 125920 105422 32147 56041 52129 23512 129321 56689 60583 60857 68926 111137 93276 43710 102572 30364 12390 151261 101013 27400 67823 36389 37793 68258 86973 64010 28840 73080 58504 92337 70471 94910 60568 10416 3376 21427 85201 95542 32731 15326 103149 97279 69307 136073 58037 87741 78481 29968 11374 84207 3310 23116 145219 45514 140769 15326,103149,136073,102572,47 50 21,48 51 22,47,48,63,64,16
qseq_10f926f7597c67f3,head_test,length_64_gap_16,qcluster_head_test_0011,qbank_head_test_0eac2ef317aa,12222 80512 82931 7893 9468 34458 119391 92557 102898 744 79266 69086 99397 38304 117058 110684 81627 150077 3857 110817 56682 21834 83865 22819 105377 88565 22328 3585 21516 30407 30316 99234 53372 6729 68718 105260 6138 122359 55290 94561 60746 26026 119711 47968 60467 134191 130810 63235 47025 87366 111723 37928 123496 112174 3626 125114 5832 122479 73204 68414 32931 98188 88770 63235,47025,6138,119711,47 35 41,48 36 42,47,48,63,64,16
qseq_8038c8a8293c6331,head_test,length_64_gap_16,qcluster_head_test_0012,qbank_head_test_0eac2ef317aa,39848 136051 95880 122501 67535 93504 95294 123664 98914 36957 53960 22045 110734 70135 104928 126495 142871 20458 105842 75002 110848 114714 12360 14298 121706 74829 65026 130189 87258 102195 42612 75717 87787 85473 51455 88787 47061 84524 10358 98915 127788 149840 42238 147940 70104 40420 141691 43339 78583 81455 138090 5065 124914 28785 62427 38531 14813 142923 3376 38204 69932 90859 32147 43339,78583,147940,141691,47 42 45,48 43 46,47,48,63,64,16
qseq_391c09fd77657ac2,head_test,length_64_gap_16,qcluster_head_test_0013,qbank_head_test_0eac2ef317aa,87618 70655 107319 111311 124146 47968 89868 144197 56113 101842 65233 47925 139796 57452 150604 119896 28904 106710 7611 17532 64386 44427 8007 51697 143683 70142 76921 139638 27679 137316 112453 133157 105222 116666 122346 32620 82749 100113 108128 139455 120872 28044 36179 120277 14701 6594 24038 22584 151244 42161 151358 48517 63548 105169 87505 130239 32934 69738 58542 115468 119951 68330 25595 22584,151244,106710,100113,47 16 36,48 17 37,47,48,63,64,16
qseq_f906364b8df6db87,head_test,length_64_gap_16,qcluster_head_test_0014,qbank_head_test_0eac2ef317aa,129286 49358 102181 66642 109723 51175 39848 87429 38759 80576 961 122944 121328 126717 88805 7478 12080 127110 82991 22401 135639 79776 68874 70004 94031 60356 146739 82206 130972 128288 126522 11087 51919 67609 28240 51012 61029 58950 112695 84618 7587 122546 37518 121444 47164 2637 31348 69307 33737 146004 66129 39900 136629 43204 19300 78808 142947 30005 150512 61635 3117 143384 136119 69307,33737,66642,11087,47 2 30,48 3 31,47,48,63,64,16
qseq_35cfdacdea6818b5,head_test,length_64_gap_16,qcluster_head_test_0015,qbank_head_test_0eac2ef317aa,133318 43406 102655 34858 30439 125744 104427 133326 100947 139978 140701 143922 62011 149989 89915 146222 48665 16298 40137 115461 128748 114827 19669 75487 37154 14990 104208 30316 126503 140206 7009 140959 127654 138456 130145 40560 106299 67485 66644 115275 67508 102181 50354 91566 89931 80318 68828 50023 46416 55721 148309 71305 84159 51327 29466 101950 29778 148089 78278 20244 37302 60356 16826 50023,46416,100947,37302,47 7 59,48 8 60,47,48,63,64,16
qseq_bafa2815d9d1befa,head_test,length_64_gap_16,qcluster_head_test_0016,qbank_head_test_0eac2ef317aa,110985 107139 87258 127110 88171 116582 122346 131043 98452 60294 10358 133621 116666 38417 43665 145021 33792 28811 93094 5494 125765 19051 53077 133100 32731 75217 105406 115480 73418 73193 116113 104081 91394 48361 47306 67901 44094 33664 96275 96708 4650 77849 51771 28996 116933 51383 54726 49521 18513 64583 38541 100054 105558 103561 126362 51224 62889 13903 107691 126467 12370 90511 28840 49521,18513,115480,54726,47 26 45,48 27 46,47,48,63,64,16
qseq_05ea3f43019d1145,head_test,length_64_gap_16,qcluster_head_test_0017,qbank_head_test_0eac2ef317aa,4560 19666 5721 83510 138770 38531 17823 51916 112511 854 47033 79841 2623 13172 137467 51325 32828 9784 22639 127788 13383 90771 35109 60857 69253 1115 31747 115742 87258 10005 85120 129278 85005 43058 128341 26919 144289 115868 148435 105039 119242 123177 20843 106135 70196 128956 75322 28255 15990 141907 30072 35387 18752 54325 14698 48511 132414 3073 107795 121593 122242 15250 20506 28255,15990,30072,122242,47 49 59,48 50 60,47,48,63,64,16
qseq_49ccb65e6832b122,head_test,length_64_gap_16,qcluster_head_test_0018,qbank_head_test_0eac2ef317aa,79442 82694 112982 854 125362 17296 4111 54856 44437 118102 30072 67898 125832 97226 116515 51455 105920 18661 729 77405 110110 135632 132666 60267 122420 82448 14205 40420 127623 109443 112398 10863 47678 32462 90859 144995 2307 142293 37555 136936 93636 149453 19870 7478 10005 28225 75259 129236 124704 77849 104786 89298 27425 132076 114149 129851 144119 47055 120805 16298 76157 115660 136927 129236,124704,89298,7478,47 50 42,48 51 43,47,48,63,64,16
qseq_11e9f21afd3c293c,head_test,length_64_gap_16,qcluster_head_test_0019,qbank_head_test_0eac2ef317aa,17964 19479 120096 89570 84176 127086 141907 110496 62956 3722 87770 87226 115221 120927 124704 15085 1868 72763 151261 81964 18203 12348 16 66397 142413 104786 37856 93859 3462 81836 73204 82390 15319 116264 66140 134568 76091 103001 75701 118060 48550 79783 125080 140855 23337 27789 80918 139009 82265 49303 98166 51916 6138 100167 105779 94129 45709 131990 52605 103372 67372 92731 61188 139009,82265,80918,45709,47 45 55,48 46 56,47,48,63,64,16
qseq_a2e70fd5959b962d,head_test,length_64_gap_16,qcluster_head_test_0020,qbank_head_test_0eac2ef317aa,76968 23322 142600 49572 69674 71305 110848 123006 119373 25734 44437 83529 53690 24969 78767 19893 28359 37793 63391 18547 49868 72781 64042 50302 107691 18258 2906 111632 27851 33467 119382 87152 109925 108102 14771 39252 54342 18285 17150 55896 63603 13206 10705 82109 83979 38872 83661 81964 140293 117058 25283 87326 139399 79819 64752 1861 99851 62915 32543 94652 41914 123496 139100 81964,140293,32543,18258,47 57 24,48 58 25,47,48,63,64,16
qseq_d053490b8af9dae4,head_test,length_64_gap_16,qcluster_head_test_0021,qbank_head_test_0eac2ef317aa,118102 121789 49572 11671 124803 151631 139696 151261 65500 34479 130033 26234 27727 97625 8939 98744 1880 2301 48549 10863 19051 133499 123444 62574 126713 85201 779 48793 82109 119534 43311 105652 7133 65623 42283 10981 123586 115975 53660 20319 80322 67929 101948 60521 85871 39225 109024 82227 131331 68828 132626 22459 29598 57341 96275 68414 56627 110898 63705 47033 21246 107328 47642 82227,131331,1880,126713,47 15 23,48 16 24,47,48,63,64,16
qseq_8a8b7d2a2532786c,head_test,length_64_gap_16,qcluster_head_test_0022,qbank_head_test_0eac2ef317aa,137133 57185 112014 53240 99204 45801 28359 35180 51771 94570 112356 94614 27182 49032 6888 91098 75717 61440 93488 34589 9763 99593 2926 31776 150718 24038 130284 52563 48756 70489 43311 62889 50302 98483 126925 61627 18942 141760 78110 42612 53372 110293 112203 77592 30376 88378 82982 126437 81017 134470 83106 41249 45709 120771 97071 128574 64421 84351 116158 60598 114926 134191 112616 126437,81017,51771,110293,47 7 40,48 8 41,47,48,63,64,16
qseq_d5b9015b536e7ffb,head_test,length_64_gap_16,qcluster_head_test_0023,qbank_head_test_0eac2ef317aa,112453 142600 10005 36019 65203 72925 84484 105422 129504 66688 117648 100811 104155 114759 130428 146222 59076 30316 33155 133409 102772 35694 79690 85120 43311 93979 122531 34086 142816 25334 146816 126437 37982 22415 99676 62915 111203 82265 73236 20526 41242 147350 40420 75046 31790 133344 115235 64703 13068 130670 130926 77781 32620 109486 122149 2906 62011 102313 150674 8311 50741 88417 105162 64703,13068,105422,99676,47 6 33,48 7 34,47,48,63,64,16
qseq_6ca903fdf5f03cc7,head_test,length_64_gap_16,qcluster_head_test_0024,qbank_head_test_0eac2ef317aa,126008 7887 58739 47192 75346 23548 29778 90328 22854 19973 102772 83119 103820 36494 107139 102937 32904 111524 145039 2589 145542 13761 32630 21246 40137 54725 33725 86849 73010 94615 81182 93235 86090 87601 996 111203 89672 145182 102727 46834 112352 126821 142599 115320 87429 69118 140281 94775 32202 144331 7166 127696 53537 52563 31374 27710 8007 119450 126437 34973 54005 109785 123256 94775,32202,111524,21246,47 16 22,48 17 23,47,48,63,64,16
qseq_34e6590719019c7d,head_test,length_64_gap_16,qcluster_head_test_0025,qbank_head_test_0eac2ef317aa,77466 127418 63044 96248 151369 95027 47968 41922 106940 113268 13296 66219 40953 69118 63590 128288 5276 146348 85508 40995 85201 57894 102528 22093 136705 40169 26857 8748 12098 16444 122451 85005 1420 102572 46620 61029 122252 109015 105039 102181 19479 6937 130926 145552 112616 100611 89931 56665 22459 47032 55327 37786 114316 63489 24144 108547 125744 130668 110110 130758 3856 140534 148923 56665,22459,46620,55327,47 33 49,48 34 50,47,48,63,64,16
qseq_840599640414eb74,head_test,length_64_gap_16,qcluster_head_test_0026,qbank_head_test_0eac2ef317aa,116641 26064 148507 5710 139696 45384 40420 112174 73932 93830 59076 91525 145542 80788 19073 142592 130428 42526 139009 17033 51012 113196 22307 2789 35029 19753 123624 118657 40545 139693 20458 3321 71981 126362 98751 73080 13383 136309 119746 106900 90511 73892 44448 118320 145023 123256 67224 35596 47816 25656 63489 98289 141959 122962 105162 58159 104204 94910 53341 119534 123444 7594 46266 35596,47816,105162,13383,47 53 35,48 54 36,47,48,63,64,16
qseq_d847e72ab7f8015a,head_test,length_64_gap_16,qcluster_head_test_0027,qbank_head_test_0eac2ef317aa,127654 63788 76911 74143 781 93818 102258 52771 76157 131836 24925 135035 96319 14205 140998 79632 55498 8155 59662 9795 125569 104081 116438 50561 141178 122501 139949 23322 83645 108509 114421 109643 57778 32209 101716 19209 3576 32191 116220 80069 93091 25799 151244 10005 33664 90119 138090 67554 105525 69341 129701 123330 71425 18884 43692 91645 62509 3453 49017 18716 118831 48342 37082 67554,105525,135035,49017,47 10 57,48 11 58,47,48,63,64,16
qseq_ba55238058a2f3e5,head_test,length_64_gap_16,qcluster_head_test_0028,qbank_head_test_0eac2ef317aa,55322 66881 51325 78142 64466 19608 54005 64752 92337 34872 5911 66170 126522 15659 80551 33683 37744 91977 57832 43244 19300 115363 10409 34425 91645 84176 103336 52201 58666 51983 15432 134780 59500 137066 1533 137275 132331 54580 65275 119242 1115 124506 110909 27884 102313 109203 48383 120436 114316 118870 18620 32995 23329 7722 28904 85005 52343 106896 59910 620 109052 108102 147905 120436,114316,137066,1115,47 32 39,48 33 40,47,48,63,64,16
qseq_de6c50258cf4e862,head_test,length_64_gap_16,qcluster_head_test_0029,qbank_head_test_0eac2ef317aa,106750 102303 29519 69290 138090 11252 49017 102313 22639 31876 111624 116533 143300 40908 125920 25734 53912 102424 41787 65275 84351 49925 146935 84375 6254 123586 31637 66020 129952 147905 75487 55313 28492 82448 33721 149480 104786 76739 40433 92869 37964 5351 118891 145745 88571 129286 87868 854 70367 148259 87741 120872 55100 5710 82317 64693 76157 123832 23787 97647 101901 13055 2092 854,70367,88571,147905,47 43 28,48 44 29,47,48,63,64,16
qseq_33833c1a096d6fd8,head_test,length_64_gap_16,qcluster_head_test_0030,qbank_head_test_0eac2ef317aa,35777 43105 76911 66642 2752 79288 126992 30481 77849 86596 118003 20273 67181 100905 99390 99518 99088 119733 3576 143944 22523 17603 80551 87142 83106 77573 9594 142048 27057 64914 41432 52192 111272 4395 20102 112183 84078 120284 53660 52356 73236 25944 130865 74600 94558 21615 146597 151633 24986 15446 129701 103542 38417 78625 6391 102799 53559 79684 144056 60741 14377 89355 105748 151633,24986,20273,83106,47 10 23,48 11 24,47,48,63,64,16
qseq_1328b687e143abe9,head_test,length_64_gap_16,qcluster_head_test_0031,qbank_head_test_0eac2ef317aa,3789 44438 142871 17902 85641 117487 45946 50125 77187 42612 95882 83704 115049 3512 91394 13257 133745 16710 48256 127669 132638 91628 57228 9925 69623 11196 117722 118271 105246 108153 148923 122531 35201 131865 128800 105945 91484 33063 56603 105920 13930 63588 94614 120075 151035 75263 42804 120927 121001 93488 98279 135527 99397 29598 150120 78420 76021 135648 95880 144685 54 27884 51511 120927,121001,57228,128800,47 21 33,48 22 34,47,48,63,64,16
qseq_b849548bb2d13400,head_test,length_64_gap_16,qcluster_head_test_0032,qbank_head_test_0eac2ef317aa,101948 12389 72337 20967 56051 108153 33984 10358 6699 103751 87618 1744 147678 106106 37856 98483 48267 87226 108740 73892 70396 114517 41660 54 79442 64583 52582 132331 60790 50077 82357 109024 36614 115461 66024 84176 27276 123832 82317 51870 54159 85531 73193 25301 72194 97633 149989 98835 57476 15361 94628 7887 5293 140968 54198 82705 108492 53341 53960 108520 47968 110817 67784 98835,57476,87618,106106,47 9 12,48 10 13,47,48,63,64,16
qseq_58b5f2fc86b71244,head_test,length_64_gap_16,qcluster_head_test_0033,qbank_head_test_0eac2ef317aa,92593 99735 139297 13068 60117 9784 84823 14961 31776 15135 18884 144672 126362 111533 109999 70315 7555 139728 35451 29431 121629 70735 124959 16391 121945 43439 46694 100540 15342 62011 23548 80382 130446 2565 6818 77477 110083 2057 137920 123769 20468 20526 57958 121008 118102 91589 37847 34057 2906 147181 34012 57348 88137 101523 3789 99385 57229 130209 4301 115483 80551 39762 124803 34057,2906,80382,2057,47 30 36,48 31 37,47,48,63,64,16
qseq_aeafa1f75d17f0ad,head_test,length_64_gap_16,qcluster_head_test_0034,qbank_head_test_0eac2ef317aa,99927 139831 151479 114177 9114 29845 59393 14298 64042 77477 148987 23763 40560 101013 98915 76913 30461 133846 68142 63385 33155 127318 15662 92072 55498 58890 78014 43000 146673 19669 142048 12880 79966 101950 67169 34849 121800 16927 151438 93830 109867 18752 125245 76606 7966 52343 21286 28492 12360 87601 31413 77046 75568 50551 89129 65274 129202 128979 130926 111848 88171 88283 110898 28492,12360,93830,55498,47 38 23,48 39 24,47,48,63,64,16
qseq_5b2e0cd57d7684a3,head_test,length_64_gap_16,qcluster_head_test_0035,qbank_head_test_0eac2ef317aa,140094 90347 88171 36021 142293 68382 115385 125362 106292 45422 143631 22089 70396 1451 117133 86556 125832 13055 32523 10547 133409 128356 68828 115742 48452 61010 112644 117160 9799 125307 145552 15657 132478 98435 56181 94703 144197 80975 90328 26911 94031 90772 33683 19507 87117 14203 89145 11671 122150 93706 49996 111127 135757 73294 54156 90119 103283 78505 141959 2589 729 36614 118545 11671,122150,117160,94703,47 26 34,48 27 35,47,48,63,64,16
qseq_fdb3e9723c1ba027,head_test,length_64_gap_16,qcluster_head_test_0036,qbank_head_test_0eac2ef317aa,23929 21834 33155 134851 32209 15009 145244 39120 68926 116702 71982 116597 96589 144119 56682 141823 31650 83277 138613 53912 13848 143977 2752 106103 68353 18595 77318 55409 91304 3117 60741 15979 30460 81627 99522 137128 124914 95263 76021 132076 96708 94652 78853 32731 67508 92425 32235 32017 79841 31187 66688 82048 110834 58890 61582 94404 118657 15181 120253 5065 73010 74514 121546 32017,79841,76021,39120,47 37 6,48 38 7,47,48,63,64,16
qseq_6aa8beaf33858fab,head_test,length_64_gap_16,qcluster_head_test_0037,qbank_head_test_0eac2ef317aa,101112 53537 74373 77974 63519 33777 120253 35876 88258 70315 118526 105169 30973 22639 79620 28225 31240 12689 10532 146739 67823 16826 12348 138077 17389 39266 96207 118442 52709 45946 150349 43311 124266 129236 119373 134851 47025 25216 94286 4796 67023 147392 139727 100685 21903 56206 89832 94179 126210 43058 78481 144033 121140 35206 72044 15326 21783 49843 25059 125920 48256 89298 81352 94179,126210,63519,129236,47 3 32,48 4 33,47,48,63,64,16
qseq_203d5e49b7a5608e,head_test,length_64_gap_16,qcluster_head_test_0038,qbank_head_test_0eac2ef317aa,118271 19854 150259 104081 99501 150400 51771 143738 126362 145415 104645 22012 87152 90597 92982 81068 22093 83851 62113 2637 143160 106495 133409 3828 64123 132220 12390 125644 64176 123293 111741 98371 66112 91718 91304 144302 148435 8311 130465 108959 68353 138752 93853 38803 15326 59238 88889 8015 34353 116597 92841 117648 89572 143631 133464 128299 10993 78420 112995 99204 88244 5334 61321 8015,34353,130465,98371,47 37 30,48 38 31,47,48,63,64,16
qseq_28472ff70d4ed7c4,head_test,length_64_gap_16,qcluster_head_test_0039,qbank_head_test_0eac2ef317aa,120087 84395 147445 89868 144197 117240 146494 105149 33939 52356 18521 113206 65159 53177 145798 48793 128574 6840 21783 131224 80576 33162 13930 67565 15670 129891 108394 150512 79632 138299 4174 63131 59814 143126 127848 142598 119871 80788 95038 123769 34367 36643 19115 95027 76091 51683 16302 66035 106135 81292 75303 27363 139100 127669 129810 65274 121629 32462 12689 54726 6100 39063 63385 66035,106135,19115,127669,47 41 52,48 42 53,47,48,63,64,16
qseq_b42e540d1bab82e0,head_test,length_64_gap_16,qcluster_head_test_0040,qbank_head_test_0eac2ef317aa,63588 143944 137516 3722 52110 49358 103149 96248 12246 75259 75717 89741 14753 117722 47968 40902 5166 28252 64984 4747 141372 31232 150782 51112 66219 72690 48400 82167 80484 13154 139399 40533 3431 70811 143728 43611 61303 2729 133887 65203 63266 4796 19902 84176 27666 141707 132483 105564 69445 114416 122479 43708 16710 1989 106793 109785 19854 5832 13494 49843 15557 149263 22684 105564,69445,49843,3722,47 58 2,48 59 3,47,48,63,64,16
qseq_93bf86667e55e2d4,head_test,length_64_gap_16,qcluster_head_test_0041,qbank_head_test_0eac2ef317aa,113067 141760 31100 67918 50148 102190 46187 91549 15851 22639 89040 62990 89801 9362 95542 98371 128956 58884 110898 123237 71425 75568 41040 113256 140293 80484 41904 119373 59814 106896 62509 131326 2092 92141 148923 46943 71238 28493 106292 115660 66140 56113 140769 106330 31747 123141 112183 63472 92758 86504 60601 43611 104087 141118 144433 58890 15952 100683 38417 56022 137639 39409 58936 63472,92758,71425,100683,47 19 56,48 20 57,47,48,63,64,16
qseq_da6e1845f561dc79,head_test,length_64_gap_16,qcluster_head_test_0042,qbank_head_test_0eac2ef317aa,110457 113503 151358 46526 135423 55292 31825 90119 144912 144995 86257 124285 124402 99927 138456 124704 143478 55322 51459 39556 60467 63930 81124 51697 42283 35038 85473 13848 43671 42467 55721 129089 131996 103283 104837 114484 99831 17925 84098 67784 22223 125948 35949 92337 34872 27706 78109 14753 11831 89572 102739 22523 140424 14220 38620 150077 74130 124818 99089 137372 125307 12093 123177 14753,11831,103283,81124,47 32 21,48 33 22,47,48,63,64,16
qseq_80f3929602f57ce4,head_test,length_64_gap_16,qcluster_head_test_0043,qbank_head_test_0eac2ef317aa,27372 107448 102091 88770 111920 75229 3714 39762 146766 70465 48361 115480 35546 33664 74332 110684 52129 20174 53874 93814 69290 120277 72992 47618 145809 44254 101727 96319 38737 150540 26528 11742 79947 6391 21456 7587 27400 67933 12529 106195 93218 78109 2589 19666 106793 126946 18595 84176 48501 110732 5287 32523 116311 80712 139747 67748 20952 29778 74600 102234 36019 139000 114316 84176,48501,101727,47618,47 25 22,48 26 23,47,48,63,64,16
qseq_2e0b8c890d0dde2c,head_test,length_64_gap_16,qcluster_head_test_0044,qbank_head_test_0eac2ef317aa,118102 138287 141068 54725 35180 137931 103751 39836 46652 151631 133460 20777 95853 4291 90482 24688 36021 141710 20084 112352 88770 136762 84229 110110 103973 144331 118526 127105 53077 61923 66140 1143 148943 66129 53874 80344 64256 81455 125512 98166 99912 11836 55927 15342 48517 131564 16139 72791 51138 26064 64176 59376 95595 90746 113044 151244 80788 46266 54580 10046 65623 124285 53210 72791,51138,1143,16139,47 30 45,48 31 46,47,48,63,64,16
qseq_df221957b8801b88,head_test,length_64_gap_16,qcluster_head_test_0045,qbank_head_test_0eac2ef317aa,41972 31825 115471 94615 56828 130979 139696 104427 60467 73651 115337 141372 16 9298 128891 97330 35596 34367 122650 4070 130256 92982 96708 129089 83372 64960 39057 113053 89145 14782 83038 93636 116641 95696 122560 142321 30435 107212 3462 144912 81964 21516 14051 47678 80471 90617 101363 57363 52605 147905 66951 961 47018 55475 139609 73108 6934 64466 45869 6100 52045 82227 44448 57363,52605,55475,92982,47 52 20,48 53 21,47,48,63,64,16
qseq_f22320c1d13da078,head_test,length_64_gap_16,qcluster_head_test_0046,qbank_head_test_0eac2ef317aa,146114 22307 84481 84484 9176 12360 32620 118806 69154 80382 121335 90617 15399 135035 51175 125693 80318 1861 106483 51327 14367 71963 7952 64707 68828 21162 137990 13172 146373 101987 45801 44757 14829 126008 37928 68583 131947 59948 14220 113256 21390 77062 1033 9468 64703 84620 109867 19608 100646 52582 137572 63266 35904 141072 81627 92869 28428 85104 23557 105990 145699 84375 51697 19608,100646,69154,12360,47 7 4,48 8 5,47,48,63,64,16
qseq_ebe6f4e803bba875,head_test,length_64_gap_16,qcluster_head_test_0047,qbank_head_test_0eac2ef317aa,127788 79620 94614 54725 76005 24150 74130 27851 53874 89074 99501 77974 30072 67665 121328 38216 35680 101112 9176 11252 117722 92982 20526 92869 76514 67554 78098 29271 20843 50302 100400 135608 143855 35694 118785 77958 142816 121444 116113 30272 6334 81627 21634 95696 112474 70699 121706 125080 65159 141796 76581 138836 125765 17150 149379 150873 3376 124506 32173 21659 140968 73064 135369 125080,65159,121328,92869,47 13 22,48 14 23,47,48,63,64,16
qseq_2ff510bcf99919a4,head_test,length_64_gap_16,qcluster_head_test_0048,qbank_head_test_0eac2ef317aa,26159 104695 138456 117160 78149 83865 79344 143960 116515 106106 88805 63590 116438 27851 112352 92841 105842 95231 56882 57008 124803 19139 5357 73418 91304 575 40251 51112 110367 110756 131224 67489 2301 52563 110834 10265 76157 67869 82127 115221 88770 27363 4174 118215 95853 115027 150273 121444 19870 32439 56181 29452 71948 60909 27400 62087 12838 22855 118831 124406 53209 2752 78808 121444,19870,19139,115221,47 20 38,48 21 39,47,48,63,64,16
qseq_4d2745441c63f859,head_test,length_64_gap_16,qcluster_head_test_0049,qbank_head_test_0eac2ef317aa,75046 76309 99114 121335 89617 71688 129504 17296 29598 37928 145672 95565 54156 3462 123664 14004 122073 22854 72029 15221 47820 56279 5692 104710 70735 89577 48441 118093 85531 3324 130145 35507 78815 54276 96319 135648 19189 79776 109024 54 151032 111533 57894 29366 66020 101727 105764 59262 64914 33767 66397 29979 93499 67665 35872 99831 36019 144050 46266 3588 137467 124495 5819 59262,64914,70735,78815,47 23 31,48 24 32,47,48,63,64,16
qseq_f59e89de8ace4e01,head_test,length_64_gap_16,qcluster_head_test_0050,qbank_head_test_0eac2ef317aa,41242 20586 140968 29387 64037 66644 56627 142257 915 106518 108959 108831 109785 23339 145809 81068 72856 92337 22479 31776 124901 140926 38417 126135 139747 135080 145699 53960 42742 46604 97186 140998 113530 109024 132220 61188 68488 93235 61321 109443 575 12390 136051 127162 48599 86849 51416 38049 54480 50354 40243 20258 26159 120389 21783 107882 126992 94703 64960 71238 111848 107691 139828 38049,54480,108959,145699,47 9 25,48 10 26,47,48,63,64,16
qseq_627d19308e1b699d,head_test,length_64_gap_16,qcluster_head_test_0051,qbank_head_test_0eac2ef317aa,128590 121444 31908 13761 118526 145588 146004 148082 29366 107199 147337 40094 105039 69738 113921 126362 140234 6163 38531 115879 147181 35201 115234 67554 69467 19115 121448 67224 137372 73717 122273 106135 133209 99518 134098 76328 89145 108848 133854 150565 110344 78159 80085 7149 144995 25734 76556 84481 4711 66116 4520 31702 28882 100786 136629 127894 123376 98891 65048 50311 96286 63590 30455 84481,4711,127894,140234,47 54 15,48 55 16,47,48,63,64,16
qseq_27448f244ccd9809,head_test,length_64_gap_16,qcluster_head_test_0052,qbank_head_test_0eac2ef317aa,99259 12689 89572 28882 4560 97279 18513 97226 29860 139972 121335 127139 117964 81836 108512 84098 54191 115589 34367 135824 3585 148954 102250 92792 107409 22223 133390 106292 16 59238 1238 47204 37161 9097 56682 130465 104491 92002 19139 7173 45514 48358 66397 7587 78505 2737 3117 136927 46520 118003 38 135572 113067 28239 114893 78149 93853 140968 30439 37154 69253 100338 29640 136927,46520,4560,7587,47 3 42,48 4 43,47,48,63,64,16
qseq_64108632c64930e6,head_test,length_64_gap_16,qcluster_head_test_0053,qbank_head_test_0eac2ef317aa,14701 61729 117284 126503 140701 84823 114092 114893 59814 89832 15516 17466 138752 139732 142293 65500 91304 109024 12081 119871 51091 13206 65696 92428 116933 87992 79266 61582 46187 91547 19073 25018 8251 136119 123015 115234 105260 19189 22401 73108 104786 33939 1533 72856 103542 30460 133390 101884 75784 141178 117463 52582 7133 45422 69445 26096 144858 10517 54292 26234 21336 10547 19893 101884,75784,65696,19073,47 21 29,48 22 30,47,48,63,64,16
qseq_0f14144cd04a86e0,head_test,length_64_gap_16,qcluster_head_test_0054,qbank_head_test_0eac2ef317aa,7009 83934 47642 12838 129701 80322 81958 3462 91566 146515 9468 63489 95294 79632 16718 59500 28555 121629 9211 129926 127139 51455 135824 102314 146145 66782 48511 120724 107545 113268 65169 123769 77592 106430 17932 21903 33443 68810 103542 10993 28785 149382 45395 146783 143555 91718 68835 23291 110732 18620 120505 49569 136849 137639 101948 101982 148954 73717 88939 915 141178 87787 37302 23291,110732,141178,148954,47 59 55,48 60 56,47,48,63,64,16
qseq_e4bd121fc6b77085,head_test,length_64_gap_16,qcluster_head_test_0055,qbank_head_test_0eac2ef317aa,129989 8235 14452 129792 78709 65369 121157 115027 105922 7893 49358 68880 116311 49843 30364 142413 77781 45801 104006 62643 17900 139874 83865 19957 144912 3376 104837 59651 139160 55509 33984 66886 11374 16278 119534 143290 98835 137516 146145 54205 52689 61850 140206 41188 89340 118094 73494 85201 26823 109786 57738 148954 61188 20409 42658 83106 95263 62427 26547 85473 55290 123523 132669 85201,26823,104837,98835,47 25 35,48 26 36,47,48,63,64,16
qseq_ee166d66539a1942,head_test,length_64_gap_16,qcluster_head_test_0056,qbank_head_test_0eac2ef317aa,94286 83645 131915 50311 108440 142600 57539 116344 100510 12163 135080 25283 93276 72992 22855 40903 31234 74012 27276 17900 29269 38318 3310 99522 142923 43524 33287 5710 151358 59508 125598 93706 91977 143555 20468 51919 35201 124327 139974 14511 91919 112995 123581 94703 142378 20550 76073 72781 39639 84987 17296 109203 879 134615 100486 70519 109786 106518 10001 96708 103001 84855 82227 72781,39639,29269,93276,47 19 11,48 20 12,47,48,63,64,16
qseq_0021e47d26c46f67,head_test,length_64_gap_16,qcluster_head_test_0057,qbank_head_test_0eac2ef317aa,81004 130525 89899 39225 60741 33149 94423 51325 77466 73204 18942 67554 62509 112014 119534 44448 141507 15432 20244 138077 138807 133209 148049 89455 88710 131528 25091 117133 73454 31234 34012 137475 143484 37749 147905 14570 136927 58884 31615 75229 86973 16460 145588 63107 120565 83457 54296 129504 28858 87868 129989 84983 67933 17585 38760 78014 90406 35876 663 68195 128797 15181 123597 129504,28858,78014,136927,47 54 35,48 55 36,47,48,63,64,16
qseq_f7aac0907a7b0ed2,head_test,length_64_gap_16,qcluster_head_test_0058,qbank_head_test_0eac2ef317aa,28811 134592 58936 47025 78808 132039 89355 100061 122939 70903 24222 138398 88571 68330 40433 5276 128574 135632 88283 137260 111098 54253 8964 112474 76460 59461 97647 92761 89202 62474 139297 72856 143484 50877 74761 134568 105240 88563 17925 5293 42742 137028 130506 56181 97795 59376 15399 15009 90694 67901 128891 3856 136309 125747 48501 89040 33729 62915 17579 130763 94864 113983 8939 15009,90694,59461,68330,47 24 12,48 25 13,47,48,63,64,16
qseq_6096d0a0e6ed01f3,head_test,length_64_gap_16,qcluster_head_test_0059,qbank_head_test_0eac2ef317aa,43671 60746 38204 120389 117160 139693 22328 33792 20102 55097 40908 9795 130256 28584 16 32934 21316 44897 107691 62167 44102 39065 127318 76005 71981 78089 68258 45235 36643 134885 145588 125320 61627 54480 33664 4796 66642 16298 62011 130959 56041 30005 87617 108511 144995 41188 113069 61729 84734 83372 32017 2875 85103 119555 76283 122242 121629 50493 85201 68926 141760 27743 2889 61729,84734,44102,87617,47 19 41,48 20 42,47,48,63,64,16
qseq_9d5343e55c2d3d41,head_test,length_64_gap_16,qcluster_head_test_0060,qbank_head_test_0eac2ef317aa,76652 108785 61850 63385 102091 87675 138724 150273 17113 139796 97625 78278 119555 44962 139033 103751 83510 32865 7296 131480 21834 102655 95534 151261 127318 67023 90328 41787 66881 39266 15135 65653 34589 100296 1295 88889 20084 39858 51327 6594 19411 87741 68723 15124 10705 120192 151244 21316 69305 102314 142592 7587 41815 77715 16826 132338 105377 46187 66080 41822 29387 105525 100400 21316,69305,97625,150273,47 9 6,48 10 7,47,48,63,64,16
qseq_d90247196bd03a4e,head_test,length_64_gap_16,qcluster_head_test_0061,qbank_head_test_0eac2ef317aa,39556 88640 110221 100811 134973 64752 69916 136629 8235 39977 112147 8373 54759 86973 3321 49501 147445 10532 149480 116220 40995 19973 25872 130529 120284 87117 142293 127162 151358 108493 143478 15762 71920 69467 103277 123496 3738 131260 6676 9468 76328 9925 108536 83621 86009 107564 93338 30005 131026 47820 58950 85508 14961 23354 107545 38304 142821 81067 76968 2623 54730 129989 136211 30005,131026,123496,86973,47 34 12,48 35 13,47,48,63,64,16
qseq_6a9cbb7f3d3a8470,head_test,length_64_gap_16,qcluster_head_test_0062,qbank_head_test_0eac2ef317aa,57476 21868 17583 27110 25059 43710 141335 119560 35596 100350 140349 113196 18752 28785 70837 64123 112012 9420 118636 146935 115234 97647 141313 149507 54824 140241 119996 69319 15557 145542 67832 113921 74629 84395 46700 115480 17585 35680 146145 75701 77898 110684 65274 3512 126925 78149 26936 101558 122650 29968 83645 126503 14829 109486 55896 138299 133621 75346 14298 111098 36849 147223 27884 101558,122650,119560,14829,47 6 51,48 7 52,47,48,63,64,16
qseq_4826cc66b5b2caa8,head_test,length_64_gap_16,qcluster_head_test_0063,qbank_head_test_0eac2ef317aa,2737 52110 100614 150400 23322 54730 44094 137572 74823 123540 104208 98289 82976 51697 67508 14753 23862 82167 131026 126231 61901 38737 50857 106195 18409 66688 150273 110457 20409 41904 44999 85508 52563 17244 3714 10885 92322 57228 85968 114062 104141 127105 151032 64693 109203 120253 60925 87184 19073 53779 105149 38803 54191 116515 47164 116575 2789 119951 10265 47025 108305 125444 13196 87184,19073,66688,61901,47 24 19,48 25 20,47,48,63,64,16
qseq_00e724fa96e14996,calibration,length_32_gap_8,qcluster_calibration_0000,qbank_calibration_97bd6b8e0376,51429 7122 493 122772 35827 14055 3020 81980 96267 20435 43190 110538 5188 65879 50441 86524 140026 136731 80606 85459 52876 124519 81754 39592 97375 61623 147461 29924 84368 142453 21762 39592,97375,43190,29924,23 9 26,24 10 27,23,24,31,32,8
qseq_956dd6afa923bf6d,calibration,length_32_gap_8,qcluster_calibration_0001,qbank_calibration_97bd6b8e0376,99063 121000 115626 81380 96330 128309 131689 4099 84115 89825 124103 44699 99553 143203 85976 120507 28060 57913 107591 41888 122611 145102 135781 131269 58174 137937 34843 103334 31274 74499 120625 131269,58174,81380,31274,23 2 27,24 3 28,23,24,31,32,8
qseq_e0269e3a1126b511,calibration,length_32_gap_8,qcluster_calibration_0002,qbank_calibration_97bd6b8e0376,123623 23972 32827 103048 87110 94322 9368 59953 5059 63683 30065 126877 30952 72050 62041 122093 7382 47943 36292 43728 47524 137597 77936 142635 149740 73874 35886 130969 89825 81330 1 142635,149740,62041,9368,23 13 5,24 14 6,23,24,31,32,8
qseq_3d98747f5766ce27,calibration,length_32_gap_8,qcluster_calibration_0003,qbank_calibration_97bd6b8e0376,43569 40294 64742 146229 85381 104527 125952 31576 140639 110831 98489 57970 75378 25273 28690 7122 101941 97706 62364 7338 50892 99245 52632 104053 41604 30521 103645 102834 118445 99671 45682 104053,41604,102834,140639,23 26 7,24 27 8,23,24,31,32,8
qseq_9ecf5727fa8d6d50,calibration,length_32_gap_8,qcluster_calibration_0004,qbank_calibration_97bd6b8e0376,9565 74980 133799 65289 60249 101510 60995 131634 7970 75459 78985 93428 102527 39554 105098 43864 62290 16555 119096 57993 57200 78332 116701 37374 110870 70777 146256 117115 132644 149315 40611 37374,110870,62290,102527,23 15 11,24 16 12,23,24,31,32,8
qseq_7ea0fb65a402d380,calibration,length_32_gap_8,qcluster_calibration_0005,qbank_calibration_97bd6b8e0376,94217 49311 61739 136469 18238 136981 111078 83886 142053 115741 59849 144036 42084 71371 101746 91703 91516 38971 77936 72839 73874 35160 106637 64742 80464 84716 44820 14989 40468 139538 92039 64742,80464,61739,73874,23 1 19,24 2 20,23,24,31,32,8
qseq_e2eb118e3b8f4aad,calibration,length_32_gap_8,qcluster_calibration_0006,qbank_calibration_97bd6b8e0376,105455 112778 113734 110685 34191 9377 4715 20188 136056 87541 137580 107128 131380 126774 37129 104518 69419 4766 12070 26221 142146 137968 32595 147519 129743 139255 81240 144524 71341 99458 18238 147519,129743,32595,9377,23 21 4,24 22 5,23,24,31,32,8
qseq_65b6c7a6ffbf276f,calibration,length_32_gap_8,qcluster_calibration_0007,qbank_calibration_97bd6b8e0376,3935 57532 147221 50499 87766 45161 64997 62738 113873 76809 141854 96575 78421 132737 47040 110538 113744 76298 134491 147534 23972 101387 28100 48252 53611 91885 59116 99446 99061 44091 128899 48252,53611,113873,87766,23 7 3,24 8 4,23,24,31,32,8
qseq_4621d2d1d5dd861c,calibration,length_32_gap_8,qcluster_calibration_0008,qbank_calibration_97bd6b8e0376,72839 98245 133477 74094 99515 57993 75544 101311 61132 10184 124429 29123 84115 112275 61099 119574 147534 50621 141367 137017 64742 40626 142312 51709 76471 21695 116547 121575 113864 49360 138235 51709,76471,75544,29123,23 5 10,24 6 11,23,24,31,32,8
qseq_c4acf5273feb9783,calibration,length_32_gap_8,qcluster_calibration_0009,qbank_calibration_97bd6b8e0376,138634 55891 30299 142967 58529 106603 11808 48512 68094 128531 64678 50441 43835 36084 104614 123878 78214 45076 36233 9150 35685 142295 47475 98862 58086 64095 135756 58881 110743 53611 44671 98862,58086,135756,123878,23 25 14,24 26 15,23,24,31,32,8
qseq_d0edc5fcc0963b1e,calibration,length_32_gap_8,qcluster_calibration_0010,qbank_calibration_97bd6b8e0376,116453 138820 150066 57472 116881 100895 61167 106443 54553 16018 22336 58295 13935 83678 114139 50273 82677 74623 20054 52212 60429 146256 41975 96376 71167 75478 90946 33808 82152 86010 5188 96376,71167,61167,5188,23 5 29,24 6 30,23,24,31,32,8
qseq_b37126e8e738e0fd,calibration,length_32_gap_8,qcluster_calibration_0011,qbank_calibration_97bd6b8e0376,27995 136892 37656 61731 118347 146407 4089 123748 146179 130800 85539 97670 93121 100920 130413 131435 132838 109354 113938 144993 121972 19809 11623 106276 35765 1952 124557 59980 41672 57981 149615 106276,35765,130413,37656,23 13 1,24 14 2,23,24,31,32,8
qseq_fb44202359f6732b,calibration,length_32_gap_8,qcluster_calibration_0012,qbank_calibration_97bd6b8e0376,83685 51603 31324 103391 11000 14181 151109 78421 38401 121741 119406 74690 94572 22678 123340 11432 20249 91462 120777 25864 49164 13961 54281 11472 3837 107239 146405 76487 71091 51060 124013 11472,3837,71091,51603,23 27 0,24 28 1,23,24,31,32,8
qseq_904046dc31bed454,calibration,length_32_gap_8,qcluster_calibration_0013,qbank_calibration_97bd6b8e0376,87634 61537 146229 59788 24477 50624 29287 119157 141933 91190 108294 9565 45667 117682 35687 29551 17934 37455 72839 23716 132576 4297 150328 82152 143574 49629 74711 3935 89825 77397 122851 82152,143574,29551,4297,23 14 20,24 15 21,23,24,31,32,8
qseq_99e2ce638fb77f0d,calibration,length_32_gap_8,qcluster_calibration_0014,qbank_calibration_97bd6b8e0376,84185 59096 13046 77014 29123 59414 111063 74474 40913 117115 139270 140125 145875 31975 113546 109720 21033 3809 92225 75664 102289 11634 47543 123132 62364 123883 89706 135673 46126 7389 9149 123132,62364,111063,139270,23 5 9,24 6 10,23,24,31,32,8
qseq_2db0939c2cd43d40,calibration,length_32_gap_8,qcluster_calibration_0015,qbank_calibration_97bd6b8e0376,55553 88539 22252 86010 9425 148870 127863 75544 62991 34506 122093 140145 484 112221 130286 7970 100159 62741 127006 114472 50756 87541 146229 112201 60558 23565 10533 26463 63888 86098 85381 112201,60558,127006,88539,23 17 0,24 18 1,23,24,31,32,8
qseq_a1bf76cefeae62d5,calibration,length_32_gap_8,qcluster_calibration_0016,qbank_calibration_97bd6b8e0376,146314 65375 80782 118019 109041 123056 10228 66494 50499 57209 143720 86935 101941 81754 89044 139862 52713 118054 51789 63965 145635 10951 37190 120777 43742 25273 358 125151 55279 84414 39554 120777,43742,139862,50499,23 14 7,24 15 8,23,24,31,32,8
qseq_769241db0256c707,calibration,length_32_gap_8,qcluster_calibration_0017,qbank_calibration_97bd6b8e0376,122490 99563 63683 60558 75544 141624 15310 98385 106899 68675 60712 134549 96551 30334 38755 96406 123267 114014 117796 5703 73874 126139 44351 90087 136506 116284 92039 90567 122637 112861 6549 90087,136506,106899,92039,23 7 25,24 8 26,23,24,31,32,8
qseq_1d6002e70abc5f58,calibration,length_32_gap_8,qcluster_calibration_0018,qbank_calibration_97bd6b8e0376,59116 106719 69639 58789 85381 13503 52911 62157 123348 122111 148116 10228 24510 54219 65527 132733 100271 88956 37276 71549 112807 92007 1693 8220 102601 104527 145894 75378 130096 138469 90885 8220,102601,92007,37276,23 20 17,24 21 18,23,24,31,32,8
qseq_68a59ca05bfa4af7,calibration,length_32_gap_8,qcluster_calibration_0019,qbank_calibration_97bd6b8e0376,1973 91406 120381 57472 109849 27345 80782 107347 117247 64265 145689 138474 68100 51043 108935 16991 1591 99333 21781 87382 137145 114520 98888 89327 61561 46411 137699 5703 123914 109266 92801 89327,61561,5703,51043,23 26 12,24 27 13,23,24,31,32,8
qseq_ce492ecbcaf03dff,calibration,length_32_gap_8,qcluster_calibration_0020,qbank_calibration_97bd6b8e0376,46345 131840 131306 57324 121384 132449 136701 65211 16299 43863 122159 36482 129269 122873 38401 90843 62741 76593 63565 97771 108700 114590 103048 92225 130406 117759 132644 19809 72839 112646 10470 92225,130406,112646,121384,23 28 3,24 29 4,23,24,31,32,8
qseq_0af91d60cd730741,calibration,length_32_gap_8,qcluster_calibration_0021,qbank_calibration_97bd6b8e0376,95518 101724 11909 123623 135745 131089 12852 22324 126494 40421 40626 88956 13202 83931 16446 39194 118054 117759 99601 77637 10082 51496 96406 148942 49629 132793 100942 16555 76049 133076 76044 148942,49629,16555,51496,23 26 20,24 27 21,23,24,31,32,8
qseq_dfb4fbed45c7908c,calibration,length_32_gap_8,qcluster_calibration_0022,qbank_calibration_97bd6b8e0376,77308 139871 56686 62517 69631 25281 43569 55131 50708 7586 42046 88791 54593 93882 66494 109173 97809 45589 118538 65773 139913 103450 130078 92772 5972 105637 119594 121972 97136 134024 70937 92772,5972,88791,69631,23 10 3,24 11 4,23,24,31,32,8
qseq_c43987b9f2794641,calibration,length_32_gap_8,qcluster_calibration_0023,qbank_calibration_97bd6b8e0376,143926 118092 139255 104142 60995 33122 97809 55279 13600 89747 61272 19540 74671 138513 80387 40224 79729 117500 89099 12883 122371 81766 127490 139871 42046 144767 104202 104949 85261 135213 142822 139871,42046,104202,79729,23 25 15,24 26 16,23,24,31,32,8
qseq_45ac575e244605c9,calibration,length_32_gap_8,qcluster_calibration_0024,qbank_calibration_97bd6b8e0376,135113 10518 143170 11909 137847 95376 131505 4453 31217 52880 10288 92813 54076 49311 138235 137474 36562 66850 43740 47438 80032 142493 89727 70991 50892 57790 38401 71280 124103 138513 75353 70991,50892,49311,92813,23 12 10,24 13 11,23,24,31,32,8
qseq_76a8cfe69fa85d86,calibration,length_32_gap_8,qcluster_calibration_0025,qbank_calibration_97bd6b8e0376,22976 6978 94217 99650 11435 144543 117777 116091 26494 99063 9079 42775 52627 114841 47475 106420 130286 54076 130800 107594 2078 11101 119756 30179 356 61550 48389 92813 15053 74295 22335 30179,356,114841,144543,23 12 4,24 13 5,23,24,31,32,8
qseq_7258a4a303b761e4,calibration,length_32_gap_8,qcluster_calibration_0026,qbank_calibration_97bd6b8e0376,57339 127863 50246 142135 801 77697 140250 111988 31207 136106 27269 21217 21319 118019 46852 16569 103938 19570 83767 110870 108753 101653 42614 144631 131728 30129 79261 51766 83315 121616 105455 144631,131728,121616,27269,23 28 9,24 29 10,23,24,31,32,8
qseq_9b1f4087900c808b,calibration,length_32_gap_8,qcluster_calibration_0027,qbank_calibration_97bd6b8e0376,49885 123255 117247 61167 143016 91483 124028 119574 92913 28037 144925 100154 97670 105700 114497 55023 44091 91584 4681 111775 139486 7557 105084 72461 13811 33658 112201 98391 67688 97113 68079 72461,13811,117247,144925,23 1 9,24 2 10,23,24,31,32,8
qseq_4e8702108609b9d3,calibration,length_32_gap_8,qcluster_calibration_0028,qbank_calibration_97bd6b8e0376,127180 143883 98162 61680 139189 59498 46510 23793 58436 88956 73950 114942 19872 48365 60500 22316 101426 99913 139871 67837 82737 62472 4579 57970 106815 121177 136242 138760 97136 45837 111687 57970,106815,111687,48365,23 29 12,24 30 13,23,24,31,32,8
qseq_5566043609940d39,calibration,length_32_gap_8,qcluster_calibration_0029,qbank_calibration_97bd6b8e0376,16949 111775 11065 40912 143722 84701 133886 59498 148171 4740 133206 25071 65289 4824 49963 92772 10349 2757 16299 119406 102118 126565 97384 67586 69964 60571 6883 102924 28879 59038 35289 67586,69964,35289,111775,23 29 0,24 30 1,23,24,31,32,8
qseq_86cac5405697a049,calibration,length_32_gap_8,qcluster_calibration_0030,qbank_calibration_97bd6b8e0376,143616 21084 147534 16271 94845 11608 97438 92614 10013 2450 144746 23916 52212 96361 149740 133076 111364 38454 97906 37742 70736 20054 49360 112065 122805 61404 66295 57727 61006 31178 134966 112065,122805,92614,133076,23 6 14,24 7 15,23,24,31,32,8
qseq_1126075649faa318,calibration,length_32_gap_8,qcluster_calibration_0031,qbank_calibration_97bd6b8e0376,118600 7363 127755 10146 101529 107347 113015 75522 150066 137898 98929 145965 113765 120036 2969 57892 62935 71341 6894 121363 80898 41111 29283 66643 58138 42913 131305 82969 5429 84308 24556 66643,58138,113765,131305,23 11 25,24 12 26,23,24,31,32,8
qseq_14c94cf55fd908bf,calibration,length_32_gap_8,qcluster_calibration_0032,qbank_calibration_97bd6b8e0376,764 34555 273 82826 21561 140826 132362 131305 137474 22126 81240 105310 107140 142295 11612 74873 58828 14091 120478 99766 78671 85976 113329 14463 134904 144767 99245 112647 38401 135916 135687 14463,134904,135916,34555,23 28 0,24 29 1,23,24,31,32,8
qseq_ae87a631de900399,calibration,length_32_gap_8,qcluster_calibration_0033,qbank_calibration_97bd6b8e0376,67226 55570 92813 29924 8186 105803 7453 115685 145766 96361 71056 4333 68122 2450 114942 89406 97369 43863 39321 104202 61167 106057 151075 60889 57158 79673 74657 32008 57744 94215 107653 60889,57158,115685,114942,23 6 13,24 7 14,23,24,31,32,8
qseq_e2e9fc8128314dde,calibration,length_32_gap_8,qcluster_calibration_0034,qbank_calibration_97bd6b8e0376,92221 81866 113128 53333 104468 59094 93184 104199 22033 70884 98862 146951 109222 132310 146050 133658 62741 122168 21106 99630 21342 91134 55525 74657 81240 63683 104614 31351 43646 115554 110301 74657,81240,110301,81866,23 29 0,24 30 1,23,24,31,32,8
qseq_dc81401edb6122ff,calibration,length_32_gap_8,qcluster_calibration_0035,qbank_calibration_97bd6b8e0376,19079 143407 38839 94191 151242 7586 104554 143633 58034 57053 116372 96551 135225 72005 38122 6768 312 149503 20054 82677 86330 44820 92667 37190 44180 46826 1663 90934 145102 14804 58091 37190,44180,104554,149503,23 5 16,24 6 17,23,24,31,32,8
qseq_3f0cba58a22e75fa,calibration,length_32_gap_8,qcluster_calibration_0036,qbank_calibration_97bd6b8e0376,47429 55762 146050 143063 95127 88512 123883 28879 146405 146314 68079 25223 52713 112438 8403 17212 124447 102924 114841 3362 143642 31155 94497 32742 86010 137937 145417 25135 135003 20745 91997 32742,86010,91997,28879,23 29 6,24 30 7,23,24,31,32,8
qseq_e48b6201e502ca46,calibration,length_32_gap_8,qcluster_calibration_0037,qbank_calibration_97bd6b8e0376,12883 39993 104686 46473 106815 146173 12996 116408 45292 80387 117194 107602 106027 892 38641 51561 144524 35751 60576 31189 25641 39245 100483 84469 31941 130116 45161 117800 98647 3439 85197 84469,31941,117800,51561,23 26 14,24 27 15,23,24,31,32,8
qseq_98d183cf85cfd58e,calibration,length_32_gap_8,qcluster_calibration_0038,qbank_calibration_97bd6b8e0376,53450 1096 64782 149503 56686 4449 29924 57728 126053 99505 89064 76298 136207 39771 37253 98162 85816 142376 122093 54553 84115 144567 88314 8228 4826 39631 79889 81328 102671 35289 118858 8228,4826,29924,122093,23 5 17,24 6 18,23,24,31,32,8
qseq_4e4186fde3d4a303,calibration,length_32_gap_8,qcluster_calibration_0039,qbank_calibration_97bd6b8e0376,62366 66796 66319 118004 136023 21381 1693 118019 103048 21319 101614 139691 147395 38543 99553 3020 49986 25835 81656 96330 93184 56441 11071 89064 40294 1591 114218 131672 105803 110702 145871 89064,40294,66319,118019,23 1 6,24 2 7,23,24,31,32,8
qseq_d4dd4ff402e1ab17,calibration,length_32_gap_8,qcluster_calibration_0040,qbank_calibration_97bd6b8e0376,94926 40170 8884 73453 133076 145689 108009 119756 97985 11390 7557 25261 119491 60826 69702 22687 111225 151003 33658 98937 78421 133180 146173 31137 104468 128518 96376 3935 142493 70131 132314 31137,104468,151003,69702,23 16 13,24 17 14,23,24,31,32,8
qseq_b914226cd1fe96b7,calibration,length_32_gap_8,qcluster_calibration_0041,qbank_calibration_97bd6b8e0376,1023 1663 31983 85349 47153 115626 91246 139255 3026 93171 81722 71091 132284 21781 60403 25135 50756 95869 131269 50391 64722 122963 42478 91336 23716 72774 52390 16888 138814 43701 59038 91336,23716,139255,31983,23 6 1,24 7 2,23,24,31,32,8
qseq_f3a7e565bab1f5d0,calibration,length_32_gap_8,qcluster_calibration_0042,qbank_calibration_97bd6b8e0376,85963 89025 119238 65740 38971 146401 10082 140518 14554 108770 25800 5265 74043 74674 1555 493 75522 55440 101696 54281 61235 131492 73528 64722 110402 135679 117196 68100 45598 4675 140250 64722,110402,10082,38971,23 5 3,24 6 4,23,24,31,32,8
qseq_fda0083c1475001a,calibration,length_32_gap_8,qcluster_calibration_0043,qbank_calibration_97bd6b8e0376,151003 35751 124478 127634 117974 135074 1693 133002 12550 80631 117420 2048 18514 79115 50391 5623 24641 84701 49098 44673 113008 10107 58625 116671 77805 52928 52326 59094 115146 32089 145444 116671,77805,145444,49098,23 29 17,24 30 18,23,24,31,32,8
qseq_3760ca1578a402b2,calibration,length_32_gap_8,qcluster_calibration_0044,qbank_calibration_97bd6b8e0376,130115 42260 104165 132743 43776 118292 138560 50554 133002 124741 124015 35719 55570 46473 108054 20672 145531 90885 123195 49586 124683 79786 79673 36513 123359 130230 146256 144524 118019 43154 18916 36513,123359,49586,46473,23 18 12,24 19 13,23,24,31,32,8
qseq_7ee6e29c6149089c,calibration,length_32_gap_8,qcluster_calibration_0045,qbank_calibration_97bd6b8e0376,96575 102601 104468 45228 116982 86190 936 55562 85261 138820 32972 106420 123255 67375 151246 144124 21033 84716 67620 44392 105373 24604 6667 10310 57200 568 3809 100483 15881 36902 21467 10310,57200,32972,144124,23 9 14,24 10 15,23,24,31,32,8
qseq_2c247d75c25f5c9a,calibration,length_32_gap_8,qcluster_calibration_0046,qbank_calibration_97bd6b8e0376,71330 69659 143667 103645 83143 73652 6411 113793 91873 11461 139039 30122 120668 112479 85566 116701 79880 124231 28060 127854 38401 96267 91703 129078 128664 151417 66850 20493 62369 123883 33601 129078,128664,20493,103645,23 26 2,24 27 3,23,24,31,32,8
qseq_fe246683e843b62e,calibration,length_32_gap_8,qcluster_calibration_0047,qbank_calibration_97bd6b8e0376,70965 98555 144180 3304 109159 29738 52702 114623 35327 70131 123396 84319 97657 124447 2322 120101 117855 52672 25687 31030 100291 37129 24930 2944 130098 115554 54041 71056 103759 131802 108009 2944,130098,29738,131802,23 4 28,24 5 29,23,24,31,32,8
qseq_4ce23f343cbe4091,calibration,length_32_gap_8,qcluster_calibration_0048,qbank_calibration_97bd6b8e0376,65289 68951 149456 122236 44167 13503 129924 59631 104152 127277 46298 35160 57572 15649 89810 84785 20745 105084 32089 13324 31541 56916 50610 39035 22316 99650 96449 29300 8681 138591 6744 39035,22316,127277,32089,23 8 17,24 9 18,23,24,31,32,8
qseq_926f635f0df5b586,calibration,length_32_gap_8,qcluster_calibration_0049,qbank_calibration_97bd6b8e0376,10288 100942 51630 119799 98929 24930 59849 144476 48872 63356 24620 37955 104982 125594 98862 61546 2251 95869 675 104984 36457 94371 32889 18238 66764 568 65527 124916 112807 135932 67691 18238,66764,24620,51630,23 9 1,24 10 2,23,24,31,32,8
qseq_e99d21b561781869,calibration,length_32_gap_8,qcluster_calibration_0050,qbank_calibration_97bd6b8e0376,7867 105084 67852 82622 14989 37665 135127 3362 94501 50499 32552 92966 64997 24390 76222 115021 128470 122449 10771 150378 20457 14447 17212 70965 51493 75637 104541 52632 10533 89064 51445 70965,51493,135127,150378,23 5 18,24 6 19,23,24,31,32,8
qseq_9a7b09e7f82f9be3,calibration,length_32_gap_8,qcluster_calibration_0051,qbank_calibration_97bd6b8e0376,137937 146050 53615 25864 8336 65649 50127 13555 95961 101746 56270 27063 12859 39240 141184 118054 127987 94572 70978 64477 148155 5703 83678 61272 104142 48651 84197 69393 150734 114627 38984 61272,104142,101746,114627,23 8 28,24 9 29,23,24,31,32,8
qseq_3666f8e8bb0e6328,calibration,length_32_gap_8,qcluster_calibration_0052,qbank_calibration_97bd6b8e0376,18514 97607 48672 35145 30065 1663 46567 30827 125399 151037 2908 31274 146857 14989 126494 11863 17180 61546 52928 9590 85570 8365 132793 109097 127863 8220 14552 24500 15249 143330 8790 109097,127863,31274,15249,23 10 27,24 11 28,23,24,31,32,8
qseq_b372aa56b2eaa584,calibration,length_32_gap_8,qcluster_calibration_0053,qbank_calibration_97bd6b8e0376,11808 52025 45424 81313 85128 82068 146021 117065 97849 30299 116408 122837 56563 40421 120246 114578 16991 123487 135673 55854 88614 102775 72758 116982 42046 108416 48588 32008 80766 20119 23767 116982,42046,97849,81313,23 7 2,24 8 3,23,24,31,32,8
qseq_f639b23a1caf057d,calibration,length_32_gap_8,qcluster_calibration_0054,qbank_calibration_97bd6b8e0376,57892 91437 145123 140917 96437 75027 52743 66295 1952 118019 111960 38058 20205 134604 8365 30179 34755 105084 54041 45297 41672 42485 81357 56034 19809 110215 100159 64431 25887 30228 20019 56034,19809,134604,34755,23 12 15,24 13 16,23,24,31,32,8
qseq_38f0ead0422e7713,calibration,length_32_gap_8,qcluster_calibration_0055,qbank_calibration_97bd6b8e0376,7738 9282 147534 69631 32260 73184 89296 114450 82000 133477 144187 128939 5976 123878 87762 102575 103216 117065 39701 134158 59788 20351 13955 128899 76298 140826 149891 143633 116372 20845 61660 128899,76298,143633,103216,23 26 15,24 27 16,23,24,31,32,8
qseq_33bc7857ae300df6,calibration,length_32_gap_8,qcluster_calibration_0056,qbank_calibration_97bd6b8e0376,4099 93184 40983 58529 140518 117247 6769 71605 113015 681 85288 108916 84355 34638 61647 105713 136023 27161 78399 135127 27600 67586 26559 92717 64025 10054 41350 113329 117583 25687 39240 92717,64025,136023,58529,23 15 2,24 16 3,23,24,31,32,8
qseq_b3e5f5b53015c7e8,calibration,length_32_gap_8,qcluster_calibration_0057,qbank_calibration_97bd6b8e0376,27995 69013 36059 107262 11219 92686 83925 130571 44800 89360 97488 9593 62762 90656 66349 133873 4820 13521 83632 104518 81248 34983 45348 56166 57013 7389 52620 48015 73333 22079 21073 56166,57013,22079,104518,23 28 18,24 29 19,23,24,31,32,8
qseq_10ea0e3779d23418,calibration,length_32_gap_8,qcluster_calibration_0058,qbank_calibration_97bd6b8e0376,145635 28842 67690 127854 65211 117279 108935 60320 143734 114841 59631 148155 8683 14018 1263 4681 68951 117158 150172 117919 58753 75551 79729 59096 99061 108014 65375 20748 130543 1061 77249 59096,99061,77249,75551,23 29 20,24 30 21,23,24,31,32,8
qseq_0b9a27f889511189,calibration,length_32_gap_8,qcluster_calibration_0059,qbank_calibration_97bd6b8e0376,81085 54127 6613 80358 143926 10252 30693 105455 114005 18169 139219 143616 102960 37240 51892 19072 101417 142135 107186 43375 120878 122275 36730 80757 79115 65649 113744 2280 60249 8403 108397 80757,79115,108397,142135,23 29 16,24 30 17,23,24,31,32,8
qseq_2a20ec5ca501ec77,calibration,length_32_gap_8,qcluster_calibration_0060,qbank_calibration_97bd6b8e0376,14181 60814 71330 107123 25854 124077 49039 71091 84001 114801 75645 22452 30244 78399 13323 151417 49586 139625 137924 41545 30424 20328 7807 91246 138571 88999 13046 32132 130413 123105 51789 91246,138571,30244,41545,23 11 18,24 12 19,23,24,31,32,8
qseq_df8c8a161f732435,calibration,length_32_gap_8,qcluster_calibration_0061,qbank_calibration_97bd6b8e0376,121000 49039 93962 59314 41175 12817 120525 3240 28779 98612 122844 13503 101529 134961 72543 56441 21217 62163 33958 43806 59 140026 122168 35160 132743 85539 139162 31224 145147 2417 43742 35160,132743,72543,59,23 13 19,24 14 20,23,24,31,32,8
qseq_3657afa83815726b,calibration,length_32_gap_8,qcluster_calibration_0062,qbank_calibration_97bd6b8e0376,122168 122844 148973 95801 93428 32682 70979 4748 79689 85261 34983 107140 67656 21071 35827 107262 11601 116495 76289 95791 61099 35719 43776 50854 9326 87754 13521 137580 137938 14931 95502 50854,9326,137938,11601,23 27 15,24 28 16,23,24,31,32,8
qseq_48091aa105e213ad,calibration,length_32_gap_8,qcluster_calibration_0063,qbank_calibration_97bd6b8e0376,111225 99833 3362 126139 83366 55843 46298 56650 67939 126688 87775 98489 143386 21118 137643 15881 144526 4585 28690 13432 120777 97975 75933 45334 134074 34657 21472 112296 41672 104984 142241 45334,134074,28690,67939,23 17 7,24 18 8,23,24,31,32,8
qseq_7a5323690cd1950b,calibration,length_32_gap_16,qcluster_calibration_0000,qbank_calibration_97bd6b8e0376,90843 111990 150842 102331 114861 71333 48504 61209 7118 142312 64206 9565 21561 20457 38454 108020 29138 11623 78105 129133 40004 69419 89903 20928 151011 119238 21217 764 20554 59907 80740 108020,29138,59907,64206,15 28 9,16 29 10,15,16,31,32,16
qseq_870068ae68428f23,calibration,length_32_gap_16,qcluster_calibration_0001,qbank_calibration_97bd6b8e0376,8038 14804 61603 60403 51000 70287 81330 145635 123623 128703 13305 3256 81302 99630 56825 52175 142606 20351 110912 33367 26664 55553 143826 149615 34555 11634 111677 4333 20328 132677 10533 52175,142606,111677,51000,15 25 3,16 26 4,15,16,31,32,16
qseq_021733dd85a69f47,calibration,length_32_gap_16,qcluster_calibration_0002,qbank_calibration_97bd6b8e0376,75478 142787 81330 39321 105304 5350 19448 18407 67067 114801 36600 10003 107497 137924 10013 144606 74686 68770 43863 146050 24132 10798 13323 119789 124865 102625 138977 35886 14463 82385 137236 144606,74686,19448,142787,15 5 0,16 6 1,15,16,31,32,16
qseq_1be668ecbcd6b1e3,calibration,length_32_gap_16,qcluster_calibration_0003,qbank_calibration_97bd6b8e0376,38406 92667 114411 57532 47051 148171 112479 119080 74657 141912 78224 10110 39854 51445 115209 108397 83734 52350 56686 51603 107602 99515 36574 149399 10533 106637 122632 130413 82844 55918 127731 108397,83734,36574,56686,15 21 17,16 22 18,15,16,31,32,16
qseq_8a539dc92a3b1f7b,calibration,length_32_gap_16,qcluster_calibration_0004,qbank_calibration_97bd6b8e0376,66381 79968 144180 91584 105582 42485 57298 112676 3085 88539 147685 76651 49963 148981 100077 282 135127 69639 147437 29283 89147 27151 52743 13000 110691 56906 107808 84 72154 42260 39194 282,135127,89147,79968,15 19 0,16 20 1,15,16,31,32,16
qseq_af3827ab2784f0cd,calibration,length_32_gap_16,qcluster_calibration_0005,qbank_calibration_97bd6b8e0376,140026 72795 44506 99876 107658 62472 119524 41299 56658 57414 40983 131482 25071 131306 84668 55445 117974 6349 1977 45348 6790 135437 31983 17212 145044 130172 23767 13712 129047 57892 81302 55445,117974,131482,130172,15 10 24,16 11 25,15,16,31,32,16
qseq_847c9e510e2c3a48,calibration,length_32_gap_16,qcluster_calibration_0006,qbank_calibration_97bd6b8e0376,72765 116814 81328 57051 38163 3240 26036 104165 9048 150734 41945 56434 71333 146304 59359 94406 63402 35687 121907 126565 148132 77805 60236 91402 102960 134812 122093 126157 51496 150378 32008 94406,63402,3240,60236,15 4 21,16 5 22,15,16,31,32,16
qseq_494181774a6fb043,calibration,length_32_gap_16,qcluster_calibration_0007,qbank_calibration_97bd6b8e0376,113793 23121 25478 10729 45525 85349 34604 60223 41350 88314 14931 30196 81722 50866 58265 7363 71150 53474 25439 7939 20195 102585 129743 15721 52928 137853 123902 119756 30953 20351 12914 7363,71150,119756,50866,15 26 12,16 27 13,15,16,31,32,16
qseq_ddb678644173ad0e,calibration,length_32_gap_16,qcluster_calibration_0008,qbank_calibration_97bd6b8e0376,135932 110753 41604 63402 79227 74346 107653 35123 60086 24940 51076 129917 59712 102297 34068 65879 143018 56380 21770 134812 62369 13324 25549 85000 1693 16234 70807 115183 94023 26653 142797 65879,143018,13324,60086,15 20 7,16 21 8,15,16,31,32,16
qseq_5797b4dc9bc3edfd,calibration,length_32_gap_16,qcluster_calibration_0009,qbank_calibration_97bd6b8e0376,10533 107503 101614 15882 79810 72050 79367 53293 62041 143063 41672 134391 74474 57158 143734 140716 77397 15282 136106 128943 93151 94023 101801 68270 104554 18287 68770 25418 90843 7738 135994 140716,77397,143734,41672,15 13 9,16 14 10,15,16,31,32,16
qseq_50166ee7ee10934c,calibration,length_32_gap_16,qcluster_calibration_0010,qbank_calibration_97bd6b8e0376,24300 62270 22490 60770 48588 46852 121909 96330 86917 121972 57158 21342 44092 49916 60681 76749 135127 16555 143350 45228 31288 140053 104202 33564 74445 113008 24504 50739 27953 96926 130385 76749,135127,45228,113008,15 18 24,16 19 25,15,16,31,32,16
qseq_8bc69bf9477c59f4,calibration,length_32_gap_16,qcluster_calibration_0011,qbank_calibration_97bd6b8e0376,61613 139428 27345 20990 30383 104142 43899 113834 74499 104053 45525 114298 882 93889 100157 84 9512 3304 104620 92813 13701 26036 134183 62741 120193 145762 68980 30334 2450 142655 99680 84,9512,104142,62741,15 4 22,16 5 23,15,16,31,32,16
qseq_978ef9ea9b7579b3,calibration,length_32_gap_16,qcluster_calibration_0012,qbank_calibration_97bd6b8e0376,25218 134391 4656 6086 89825 127277 108551 45334 105700 134966 142453 29705 144124 122137 79261 31765 73652 111990 110384 50441 126877 64750 127556 117664 145635 118487 25281 99284 45435 14527 34557 31765,73652,145635,144124,15 23 11,16 24 12,15,16,31,32,16
qseq_b0493e391da3a1e6,calibration,length_32_gap_16,qcluster_calibration_0013,qbank_calibration_97bd6b8e0376,5972 144224 31155 141643 58138 68556 123734 113178 11092 32008 148201 47498 104201 100938 29283 62369 114411 84577 119004 6635 2574 129055 45598 7739 16928 58828 30887 146304 119588 25687 44582 62369,114411,119004,148201,15 17 9,16 18 10,15,16,31,32,16
qseq_a146351048d8dae5,calibration,length_32_gap_16,qcluster_calibration_0014,qbank_calibration_97bd6b8e0376,130969 48573 128439 80248 147221 101724 118092 113178 35133 41222 29738 136731 49009 89327 99245 48651 105700 62177 38755 50708 58174 117486 4369 44583 34784 146405 62661 6064 23767 144925 74873 48651,105700,99245,62661,15 13 25,16 14 26,15,16,31,32,16
qseq_281768559756d7d7,calibration,length_32_gap_16,qcluster_calibration_0015,qbank_calibration_97bd6b8e0376,97849 138431 74295 39854 94191 144940 113834 120127 97375 75664 11219 46567 25400 119679 59853 106936 128939 123348 121363 19713 135756 75637 143242 74578 135679 61272 128531 57615 83678 96926 34638 106936,128939,59853,57615,15 13 26,16 14 27,15,16,31,32,16
qseq_c2dae19896fc38dd,calibration,length_32_gap_16,qcluster_calibration_0016,qbank_calibration_97bd6b8e0376,32778 27995 143018 61613 51478 75645 128892 87047 41678 61404 57623 151242 106815 82946 48672 48365 69780 50246 113765 107262 144526 51561 119588 72154 36322 124557 18238 80740 23487 7041 117856 48365,69780,18238,144526,15 25 19,16 26 20,15,16,31,32,16
qseq_39a6603175df297f,calibration,length_32_gap_16,qcluster_calibration_0017,qbank_calibration_97bd6b8e0376,7970 70246 114953 51913 4453 37374 57913 115991 82116 93962 4114 113744 139712 89279 13640 130712 13199 47041 113938 123267 9424 55570 60 46826 44078 29472 6883 129124 77118 116855 150842 130712,13199,4114,139712,15 9 11,16 10 12,15,16,31,32,16
qseq_1c70d42ba3b28cae,calibration,length_32_gap_16,qcluster_calibration_0018,qbank_calibration_97bd6b8e0376,36159 119954 10146 44063 130115 31983 2574 14931 74657 122093 123359 30299 14337 37963 56407 37276 15301 55525 141643 62517 144567 501 138270 118868 36513 36292 42818 2083 14554 52743 85279 37276,15301,14931,10146,15 6 1,16 7 2,15,16,31,32,16
qseq_1782b9bea4683558,calibration,length_32_gap_16,qcluster_calibration_0019,qbank_calibration_97bd6b8e0376,60 26063 132237 55131 44392 58083 93599 59849 118538 98657 54314 119120 25251 109266 97113 56034 52997 57414 66524 55023 133477 123267 118395 10252 47161 73099 57209 97771 132838 114763 98245 56034,52997,57209,47161,15 25 23,16 26 24,15,16,31,32,16
qseq_c1d036f6bd623bd7,calibration,length_32_gap_16,qcluster_calibration_0020,qbank_calibration_97bd6b8e0376,59849 146338 38633 117196 112221 69399 134183 69696 13227 43538 13555 75478 68079 75353 16733 117065 25281 73371 24246 35769 85630 140109 33662 102331 9113 85768 76186 149747 66643 113793 75872 117065,25281,33662,16733,15 21 13,16 22 14,15,16,31,32,16
qseq_780fbeffbe65692e,calibration,length_32_gap_16,qcluster_calibration_0021,qbank_calibration_97bd6b8e0376,24500 44063 132156 141854 19293 21217 10513 20928 16472 57929 133976 54743 1591 107140 122168 1977 135916 144476 52342 89279 85539 37240 68100 52136 83886 84197 82863 141397 1487 100938 56686 1977,135916,21217,89279,15 4 18,16 5 19,15,16,31,32,16
qseq_aebc238e316db0ec,calibration,length_32_gap_16,qcluster_calibration_0022,qbank_calibration_97bd6b8e0376,112807 81656 47429 936 126139 12914 3235 61132 122632 103435 135074 77070 116668 95502 133180 64414 91483 97136 1291 56147 71414 28622 124077 94613 71326 93005 43739 29005 113546 82821 58086 64414,91483,71414,93005,15 19 24,16 20 25,15,16,31,32,16
qseq_d4232915dde1907f,calibration,length_32_gap_16,qcluster_calibration_0023,qbank_calibration_97bd6b8e0376,67688 108378 33808 35685 29984 120878 116701 96330 29475 106443 99771 124429 149251 56745 97369 139486 14989 8884 43806 81380 41975 85630 88793 71605 55787 97679 11703 29102 89525 137474 105535 139486,14989,97369,71605,15 13 22,16 14 23,15,16,31,32,16
qseq_b283d70fb7745f23,calibration,length_32_gap_16,qcluster_calibration_0024,qbank_calibration_97bd6b8e0376,142967 39631 19072 5849 69884 147437 111677 67375 39993 9424 48588 74324 66494 12872 103435 8186 143883 15404 33705 52964 19832 14931 50391 28731 147519 37190 25671 148155 85963 77118 96041 8186,143883,103435,37190,15 13 24,16 14 25,15,16,31,32,16
qseq_e75d8d2554290f6b,calibration,length_32_gap_16,qcluster_calibration_0025,qbank_calibration_97bd6b8e0376,147647 24806 25478 41206 139706 102963 122137 28879 123425 103619 4308 31261 28352 68556 130800 134024 129055 108002 110711 131840 123081 149098 25864 126326 88614 148466 135756 130332 130016 136637 4748 134024,129055,136637,103619,15 28 8,16 29 9,15,16,31,32,16
qseq_95007140e07bbb67,calibration,length_32_gap_16,qcluster_calibration_0026,qbank_calibration_97bd6b8e0376,82844 129470 111950 137968 49986 96041 484 97117 116982 139919 32742 133180 36059 66057 29385 9388 15404 35145 132644 9112 85399 39172 20554 150435 117214 108886 124823 144940 145102 149098 115317 9388,15404,137968,133180,15 2 10,16 3 11,15,16,31,32,16
qseq_d04a2be765d2e489,calibration,length_32_gap_16,qcluster_calibration_0027,qbank_calibration_97bd6b8e0376,145661 125612 40862 143696 144476 89064 8365 143350 78927 143769 61660 25418 4308 778 34638 134999 37240 56154 22690 53293 45292 42285 32280 35327 57572 139719 68704 103143 43312 33601 91437 134999,37240,57572,78927,15 23 7,16 24 8,15,16,31,32,16
qseq_09651eb6dd2bb1c5,calibration,length_32_gap_16,qcluster_calibration_0028,qbank_calibration_97bd6b8e0376,882 92910 117777 130712 125699 117796 48365 86964 132216 45442 60630 98868 62580 2663 26140 2450 42818 59314 68107 71371 111364 47524 122371 44392 101417 9048 55525 141624 99781 124545 50866 2450,42818,62580,101417,15 11 23,16 12 24,15,16,31,32,16
qseq_7f293395fdc103bf,calibration,length_32_gap_16,qcluster_calibration_0029,qbank_calibration_97bd6b8e0376,68588 130815 145689 95802 63207 123522 46255 106027 31920 125612 20928 114627 99781 27139 136166 35827 78332 101056 52620 151243 108306 58465 70505 143926 35393 60238 14018 89739 116495 74445 127352 35827,78332,114627,151243,15 10 18,16 11 19,15,16,31,32,16
qseq_dfbb4e2e7c08f676,calibration,length_32_gap_16,qcluster_calibration_0030,qbank_calibration_97bd6b8e0376,125399 70777 24940 48015 75453 892 22490 56434 65879 54099 92426 25223 70979 117547 11033 50552 101696 81866 77455 128939 38949 87418 91483 127140 136045 36159 124065 70884 77674 46855 27478 50552,101696,38949,91483,15 19 21,16 20 22,15,16,31,32,16
qseq_0b9818300a51ab4a,calibration,length_32_gap_16,qcluster_calibration_0031,qbank_calibration_97bd6b8e0376,44092 142690 74152 72124 130756 42810 61235 72050 126877 45598 623 60429 90305 41695 25629 50775 116030 29287 123105 32474 79810 82370 119096 26653 146032 28622 59782 134491 107123 114307 51060 50775,116030,79810,623,15 19 9,16 20 10,15,16,31,32,16
qseq_b6d9d1419eda2d50,calibration,length_32_gap_16,qcluster_calibration_0032,qbank_calibration_97bd6b8e0376,63027 98888 79115 48205 52702 38295 43806 137100 6384 23972 10624 62467 55570 94901 63356 31576 52342 93121 484 123425 124013 83107 122236 127615 20188 90042 52900 4368 4114 8404 96449 31576,52342,4368,8404,15 26 28,16 27 29,15,16,31,32,16
qseq_bc1ebe3ce581763a,calibration,length_32_gap_16,qcluster_calibration_0033,qbank_calibration_97bd6b8e0376,32449 50203 52945 50499 22164 149538 61878 23121 134966 126326 151380 65437 84701 138820 24246 78660 131911 17441 50624 140185 144291 85102 40164 120036 113164 62517 20165 35133 36994 117547 73208 78660,131911,22164,35133,15 3 26,16 4 27,15,16,31,32,16
qseq_88301aa97d61200e,calibration,length_32_gap_16,qcluster_calibration_0034,qbank_calibration_97bd6b8e0376,28561 99608 52620 6613 60889 142045 116495 123281 95266 1358 72758 149503 764 99333 93962 64095 126774 58450 50775 67688 111988 43249 151591 116836 108020 56906 102433 70246 104620 78517 151319 64095,126774,104620,116836,15 27 22,16 28 23,15,16,31,32,16
qseq_0b2299d423d1f868,calibration,length_32_gap_16,qcluster_calibration_0035,qbank_calibration_97bd6b8e0376,21807 122918 99563 50868 63601 107263 82152 108009 2412 1291 74922 72605 3085 105304 72405 4820 114348 143670 135166 16457 136506 26463 8038 112778 19534 98239 55774 66643 28100 49236 132838 4820,114348,50868,105304,15 2 12,16 3 13,15,16,31,32,16
qseq_098846913a5c74ce,calibration,length_32_gap_16,qcluster_calibration_0036,qbank_calibration_97bd6b8e0376,143350 104731 28690 104673 104620 28842 11893 69513 48878 53355 42466 145875 60284 133830 70452 86455 114005 116668 7841 25887 85349 53450 88649 117247 69399 136637 29524 41222 115883 3235 95869 86455,114005,42466,85349,15 9 19,16 10 20,15,16,31,32,16
qseq_fb60649aefd57862,calibration,length_32_gap_16,qcluster_calibration_0037,qbank_calibration_97bd6b8e0376,35765 120668 125593 22678 892 43988 34755 106719 24500 14552 128899 7963 38285 143242 19304 100071 122159 118868 113970 137968 2322 81766 130406 55886 116537 36059 54852 26994 51766 113793 84659 100071,122159,116537,54852,15 23 25,16 24 26,15,16,31,32,16
qseq_917797aabe6b4f17,calibration,length_32_gap_16,qcluster_calibration_0038,qbank_calibration_97bd6b8e0376,4818 50221 112438 99771 100154 25400 8403 118850 74690 10518 13521 88793 63793 104023 132310 35960 39861 39035 120368 8692 124865 17204 40912 78751 108294 99601 12404 76413 20435 115183 94476 35960,39861,12404,63793,15 25 11,16 26 12,15,16,31,32,16
qseq_47ac1ed8bd6b282d,calibration,length_32_gap_16,qcluster_calibration_0039,qbank_calibration_97bd6b8e0376,79368 91703 10107 96452 120193 95556 8186 142045 91406 120127 44506 2433 71167 62163 84785 37190 94497 47821 8336 2322 108378 101535 76145 7879 55779 92383 139265 77859 7557 13054 64206 37190,94497,8186,44506,15 5 9,16 6 10,15,16,31,32,16
qseq_683b8c1dbb872316,calibration,length_32_gap_16,qcluster_calibration_0040,qbank_calibration_97bd6b8e0376,37374 117194 132733 41646 312 84699 128703 88649 45682 32906 108093 151228 37240 64414 147876 32449 138560 73218 49432 131689 28779 61235 2813 144476 32159 131482 122637 116855 96359 114432 4099 32449,138560,131689,312,15 18 3,16 19 4,15,16,31,32,16
qseq_d6a80a1fe714dd33,calibration,length_32_gap_16,qcluster_calibration_0041,qbank_calibration_97bd6b8e0376,84785 22335 46925 114005 87101 115209 147291 117777 118347 100920 25388 49440 17934 52627 2041 42566 93428 53293 70452 92966 101311 150867 119524 11435 76731 9791 144567 22592 69076 30392 144590 42566,93428,101311,100920,15 19 8,16 20 9,15,16,31,32,16
qseq_edb4e1034b44e9de,calibration,length_32_gap_16,qcluster_calibration_0042,qbank_calibration_97bd6b8e0376,138584 892 13528 22033 128960 25478 85324 28779 148760 72543 92801 8242 35805 121809 54862 54490 54041 122159 83315 21319 15091 43747 49311 101701 16964 7389 98487 76298 135534 146311 77674 54490,54041,8242,83315,15 10 17,16 11 18,15,16,31,32,16
qseq_748773dfa4ad171a,calibration,length_32_gap_16,qcluster_calibration_0043,qbank_calibration_97bd6b8e0376,20019 101535 27269 52175 42913 25641 90937 40626 112509 10176 98162 936 142690 58625 147437 117759 74094 34657 81631 50246 111988 138977 83476 56040 38295 110215 134381 72686 25470 43190 74592 117759,74094,58625,38295,15 12 23,16 13 24,15,16,31,32,16
qseq_8e9e12b5c31407f8,calibration,length_32_gap_16,qcluster_calibration_0044,qbank_calibration_97bd6b8e0376,24613 35460 80387 42401 13811 105237 98520 66494 83993 104800 117991 146338 4820 124741 65301 88580 95869 110831 144084 144606 38641 20745 121384 109261 101746 137997 118868 53355 98647 81248 83767 88580,95869,83767,98520,15 29 5,16 30 6,15,16,31,32,16
qseq_2634aa486a41e715,calibration,length_32_gap_16,qcluster_calibration_0045,qbank_calibration_97bd6b8e0376,58083 15988 133206 2159 117991 62337 97906 125126 21255 32906 10951 10176 67453 98520 37374 8242 116453 90305 62290 108935 103399 100071 71433 19937 107140 60630 134018 22452 54314 143063 117743 8242,116453,2159,97906,15 2 5,16 3 6,15,16,31,32,16
qseq_d56f12916a336075,calibration,length_32_gap_16,qcluster_calibration_0046,qbank_calibration_97bd6b8e0376,118538 11435 36159 43873 89406 58083 127178 108014 112647 143926 71371 51174 150031 99833 126774 51070 120878 115508 135225 5782 130697 55918 10176 69746 106049 131269 133739 137580 150670 34638 32857 51070,120878,133739,143926,15 25 8,16 26 9,15,16,31,32,16
qseq_2e640517866c6a2e,calibration,length_32_gap_16,qcluster_calibration_0047,qbank_calibration_97bd6b8e0376,95902 47780 45167 114398 30334 755 9282 50143 99333 56220 57472 109005 145871 73510 123195 59247 28025 111364 125994 139691 55762 35687 3256 117664 145078 74736 95920 38949 31796 9546 124116 59247,28025,31796,139691,15 27 18,16 28 19,15,16,31,32,16
qseq_eddef756d7918d37,calibration,length_32_gap_16,qcluster_calibration_0048,qbank_calibration_97bd6b8e0376,140639 46614 106049 51582 97117 14463 52109 74711 41131 50547 97151 19809 68588 95902 79811 22392 12070 20328 133966 56686 112120 32808 149098 142241 131505 59963 147032 122965 24563 121282 114861 22392,12070,52109,121282,15 5 28,16 6 29,15,16,31,32,16
qseq_02983721d3d36c21,calibration,length_32_gap_16,qcluster_calibration_0049,qbank_calibration_97bd6b8e0376,74548 78198 52964 75633 56825 72117 8192 125269 110966 54389 122763 36211 73510 131504 30377 96797 147767 34657 141933 101745 6635 54852 43319 35523 40912 96602 117147 69076 41131 84355 65289 96797,147767,65289,54852,15 29 20,16 30 21,15,16,31,32,16
qseq_abc03c9b99c3e61f,calibration,length_32_gap_16,qcluster_calibration_0050,qbank_calibration_97bd6b8e0376,47146 56686 25304 80765 69419 133658 84308 52350 74094 144224 55612 120777 73371 117486 116038 122236 48130 10781 102387 137720 140818 137643 46915 39701 143670 62741 67433 132428 21723 87520 96502 122236,48130,80765,74094,15 2 7,16 3 8,15,16,31,32,16
qseq_def41097f5fc35e2,calibration,length_32_gap_16,qcluster_calibration_0051,qbank_calibration_97bd6b8e0376,41975 105304 139485 4114 2908 83267 68306 91406 65301 77559 22079 32442 52997 50552 117158 87927 104686 25835 24390 37143 10218 55503 59980 128309 128943 145377 35687 20990 123037 25740 144567 87927,104686,4114,50552,15 2 12,16 3 13,15,16,31,32,16
qseq_fbcd0a0896d0dfcf,calibration,length_32_gap_16,qcluster_calibration_0052,qbank_calibration_97bd6b8e0376,128060 81240 104984 81296 109714 46745 114520 148116 114005 79968 70001 51789 59907 20443 133886 58277 67843 70246 145147 110462 0 98487 91957 60854 56896 67690 95961 45076 28956 134074 88488 58277,67843,60854,114520,15 22 5,16 23 6,15,16,31,32,16
qseq_06e82bb93d036eab,calibration,length_32_gap_16,qcluster_calibration_0053,qbank_calibration_97bd6b8e0376,71605 121145 97013 53251 568 1693 88025 130318 9565 57339 52212 31540 98612 136242 118655 19832 48588 146338 95933 69667 116495 22336 132534 14554 85217 25251 9326 110564 14931 57324 112275 19832,48588,53251,85217,15 2 23,16 3 24,15,16,31,32,16
qseq_be9fd292a2ec7477,calibration,length_32_gap_16,qcluster_calibration_0054,qbank_calibration_97bd6b8e0376,128060 106719 59096 65562 25400 47040 117214 9785 23565 53474 128396 83339 85401 92686 68951 145078 120193 139672 43538 100626 4961 144631 72302 26140 93599 37742 10533 29984 29524 80740 22324 145078,120193,85401,72302,15 11 21,16 12 22,15,16,31,32,16
qseq_317e6098e37459a0,calibration,length_32_gap_16,qcluster_calibration_0055,qbank_calibration_97bd6b8e0376,131435 70965 62991 34893 108907 142822 107263 74873 114348 79050 132534 104152 19540 31217 99766 4184 127277 59980 45297 89815 59853 135091 42433 58925 116814 60372 80988 24410 151319 66222 138224 4184,127277,45297,79050,15 17 8,16 18 9,15,16,31,32,16
qseq_38b7cf8805fe4970,calibration,length_32_gap_16,qcluster_calibration_0056,qbank_calibration_97bd6b8e0376,128647 4369 82831 47240 28150 91997 104620 143826 103415 40862 74592 138571 123878 69659 25388 33808 85000 72765 35393 129019 37338 56154 84185 58086 27277 12872 64218 36994 56040 125269 46567 33808,85000,35393,46567,15 17 29,16 18 30,15,16,31,32,16
qseq_00c40baaa9cd594d,calibration,length_32_gap_16,qcluster_calibration_0057,qbank_calibration_97bd6b8e0376,6515 48678 14552 139255 61550 73590 99733 110753 61731 78517 50427 89394 80358 137017 135003 15649 63027 142312 63888 78752 34893 32621 87634 57727 131802 130413 75369 45161 132281 28033 43418 15649,63027,139255,89394,15 2 10,16 3 11,15,16,31,32,16
qseq_87e25291c5bcd719,calibration,length_32_gap_16,qcluster_calibration_0058,qbank_calibration_97bd6b8e0376,47475 114298 142319 139625 129743 84308 39434 1763 85085 38909 104863 66222 46855 3235 104614 149503 9512 59094 70131 13528 142604 78375 108009 14397 45442 4681 145339 32682 68177 1358 142149 149503,9512,3235,1358,15 12 28,16 13 29,15,16,31,32,16
qseq_20c37c861f46a82d,calibration,length_32_gap_16,qcluster_calibration_0059,qbank_calibration_97bd6b8e0376,24556 118019 142543 148272 51603 53850 5214 111308 143018 77234 98719 130172 2537 6613 16446 50856 54862 55787 117777 104149 120478 13469 44820 124703 11612 28772 130619 55774 40170 142644 56522 50856,54862,143018,117777,15 7 17,16 8 18,15,16,31,32,16
qseq_b65231acf8ca05fc,calibration,length_32_gap_16,qcluster_calibration_0060,qbank_calibration_97bd6b8e0376,135644 37665 85000 135038 113008 88512 124015 66381 81330 47705 38295 80248 39822 26463 15053 132836 124429 105373 11071 113834 102331 121145 139625 59359 54825 56650 25612 110402 109912 44671 101417 132836,124429,113834,135038,15 18 2,16 19 3,15,16,31,32,16
qseq_3fbd505f4c0ce541,calibration,length_32_gap_16,qcluster_calibration_0061,qbank_calibration_97bd6b8e0376,106003 9953 50756 104445 35523 115626 21277 103450 108054 40164 33601 134724 135127 107095 117279 57414 40087 28063 104468 99563 91134 1555 134024 85197 45442 71330 42401 150435 42818 44800 136637 57414,40087,104445,9953,15 2 0,16 3 1,15,16,31,32,16
qseq_e4ec0e49ced9462f,calibration,length_32_gap_16,qcluster_calibration_0062,qbank_calibration_97bd6b8e0376,29102 67329 108306 95869 53251 91024 35123 69884 28013 17540 137015 119679 66643 60630 98759 91483 59038 21051 78224 32089 4114 94322 29649 146760 83925 46842 116091 92225 71326 21071 31941 91483,59038,83925,60630,15 23 12,16 24 13,15,16,31,32,16
qseq_d489618effe335c2,calibration,length_32_gap_16,qcluster_calibration_0063,qbank_calibration_97bd6b8e0376,72461 6110 39245 120653 45334 101387 146878 10252 143696 135127 19713 67995 2574 102669 101426 15053 40626 142431 108911 108429 143170 15282 16764 71485 123425 67537 30129 15249 103143 145766 74873 15053,40626,135127,16764,15 8 21,16 9 22,15,16,31,32,16
qseq_2ab61e97f8aab5ee,calibration,length_64_gap_8,qcluster_calibration_0000,qbank_calibration_97bd6b8e0376,98641 148495 146173 26572 145635 94414 56522 3277 67433 116453 83847 30953 134549 2138 117796 103391 65375 57465 15053 30693 96452 40421 71605 143063 72345 146878 126688 102625 37542 30383 144524 53333 108014 141898 38163 125126 123340 146229 2433 37007 20054 18514 110384 106645 34281 14124 90615 140716 2555 123468 83632 123914 41299 4703 64477 30129 122851 72663 90087 103216 67843 64482 48394 30129,122851,34281,30383,55 43 28,56 44 29,55,56,63,64,8
qseq_79fb9b25749106a2,calibration,length_64_gap_8,qcluster_calibration_0001,qbank_calibration_97bd6b8e0376,125305 45334 133830 135239 95127 53263 6086 56238 134999 16140 20112 56840 56034 26494 56539 20928 9744 139719 64726 78375 61623 39861 58881 78076 16888 131306 69780 109041 35839 29417 94476 130571 24587 11859 38401 134657 28772 85768 131269 125618 70796 29190 39172 57051 69419 55843 122275 144494 23883 54494 37190 16458 77559 82946 93481 25854 74671 96386 127140 493 62861 113673 73950 25854,74671,57051,56238,55 42 6,56 43 7,55,56,63,64,8
qseq_8e53bbd32e897515,calibration,length_64_gap_8,qcluster_calibration_0002,qbank_calibration_97bd6b8e0376,97113 145444 35160 61731 73528 61132 129424 63345 36574 63934 75378 33836 66381 129019 137997 143722 48394 84408 45912 144767 44180 48365 27695 104554 137853 105044 124013 140892 62204 105030 38543 130096 133799 122137 96452 131981 104462 70452 137300 50892 57686 1291 50131 36562 16457 6667 44889 61660 112845 80898 141912 21433 55886 91584 2138 116537 82152 78386 69425 126774 80697 64116 41116 116537,82152,66381,124013,55 11 25,56 12 26,55,56,63,64,8
qseq_ceb0ca670a15d84a,calibration,length_64_gap_8,qcluster_calibration_0003,qbank_calibration_97bd6b8e0376,33662 108306 135644 33658 50273 70173 67785 130756 100544 13046 39050 112809 25549 76334 102575 127140 113546 72774 110384 62873 122918 146229 103451 144495 59210 146892 138560 14397 95393 76799 35751 493 66034 21051 130134 681 67620 16949 47438 36902 115859 39554 75766 45442 104142 48130 131424 4961 49986 122965 4518 24556 137868 70463 40626 31274 146327 55036 1977 150842 143117 36233 144629 31274,146327,137868,104142,55 51 43,56 52 44,55,56,63,64,8
qseq_fcb5890e6231c429,calibration,length_64_gap_8,qcluster_calibration_0004,qbank_calibration_97bd6b8e0376,24390 56896 121775 97801 118148 116881 43352 74317 137628 99620 80697 124557 143072 62118 110644 66764 123485 93005 92913 76413 681 67696 43776 32552 54976 15007 145766 32474 73333 126877 120036 88580 82072 21381 44913 122490 135166 101614 32778 21319 130462 84369 5059 150670 48389 102585 65562 103619 117057 110538 22800 24247 107602 138857 18106 109097 27674 836 38641 137968 13850 139712 30827 109097,27674,56896,117057,55 0 47,56 1 48,55,56,63,64,8
qseq_5d393ca62fe92638,calibration,length_64_gap_8,qcluster_calibration_0005,qbank_calibration_97bd6b8e0376,74736 97488 37276 80235 4851 107602 116866 38289 96465 90469 14181 101545 3935 70505 38633 60995 60826 82677 143982 75877 147437 41051 138560 5623 125151 7396 7963 73620 30065 20672 132003 121177 49905 131732 34755 27479 43538 42485 74671 98385 21762 92801 119597 114432 126494 60727 47240 149986 2537 9618 104620 31288 36294 99446 20748 80757 64095 30953 50246 52326 109864 137868 71091 80757,64095,147437,52326,55 19 58,56 20 59,55,56,63,64,8
qseq_8fa5d17c90679d87,calibration,length_64_gap_8,qcluster_calibration_0006,qbank_calibration_97bd6b8e0376,113546 132156 42775 101311 143072 27674 140716 4585 50708 107285 76334 45680 11909 104462 76088 53293 32920 8455 42046 129470 22578 62177 130729 18805 121384 93005 117800 120578 6744 125612 129118 20188 16637 18238 84408 35687 13202 70505 89909 91483 24563 82969 17934 67691 84577 102003 37374 135437 119662 8213 147461 10678 2138 127863 98695 20211 55192 142376 26036 99284 151075 37282 67884 20211,55192,18238,135437,55 32 46,56 33 47,55,56,63,64,8
qseq_2b5696c012e3a885,calibration,length_64_gap_8,qcluster_calibration_0007,qbank_calibration_97bd6b8e0376,142330 141769 72543 56916 37338 116836 119662 82116 58436 50854 48573 128664 56147 144084 31782 24995 34657 10003 31137 124231 72435 118850 143386 109613 93325 44091 31765 127863 100483 68980 120491 119080 45541 144143 42163 29417 130230 139625 141357 39240 146405 111885 35160 107115 117800 27928 61041 142604 93861 108753 43193 69884 62935 9388 42485 65437 81328 27345 28826 9565 56840 83632 40612 65437,81328,142604,128664,55 46 10,56 47 11,55,56,63,64,8
qseq_cc732dbfa4c3ba15,calibration,length_64_gap_8,qcluster_calibration_0008,qbank_calibration_97bd6b8e0376,113970 151319 9593 33839 98239 42433 138266 39563 57686 28690 59853 130413 9112 142606 61167 56906 3348 60475 18199 67690 101745 135166 78375 3312 138474 66034 36294 16733 5948 52743 126614 103334 75018 18169 78076 143696 31178 128309 102960 38971 936 21118 40146 92221 46852 140053 45348 46473 119749 58100 149986 123255 77919 128396 116855 14804 122423 74336 87766 22164 93599 60403 123734 14804,122423,3348,142606,55 15 12,56 16 13,55,56,63,64,8
qseq_8384a62474466684,calibration,length_64_gap_8,qcluster_calibration_0009,qbank_calibration_97bd6b8e0376,137997 10729 5350 57892 72663 21071 142376 123914 90701 54219 28100 60223 35752 9425 133743 7738 53275 57981 65743 123195 146402 39563 67690 312 63027 119518 145123 62461 118858 35523 144938 137898 143984 82863 18246 1956 10224 106637 115626 143375 60571 77936 25055 25281 133976 9512 86190 92694 11033 52326 94845 93237 15537 778 136045 6110 99533 115163 20579 2251 31154 32857 145894 6110,99533,53275,67690,55 15 21,56 16 22,55,56,63,64,8
qseq_8fc3c64fe255aa83,calibration,length_64_gap_8,qcluster_calibration_0010,qbank_calibration_97bd6b8e0376,44820 91402 44180 116547 143170 65773 61239 35460 84591 4703 65405 69964 144124 99563 115691 104836 124967 123200 144579 27995 72005 77805 47146 97117 52428 137699 49885 52175 7118 51680 102118 132284 40611 48619 15301 3809 82159 135038 69884 84369 106899 110872 51709 132576 103974 127731 21467 88793 149923 24613 96465 104201 140826 150328 28352 134549 141320 29475 51174 11808 108129 109041 91190 134549,141320,11808,15301,55 58 33,56 59 34,55,56,63,64,8
qseq_2aad895b690dc274,calibration,length_64_gap_8,qcluster_calibration_0011,qbank_calibration_97bd6b8e0376,15310 54076 105803 52136 13961 87972 135644 139666 86561 58034 68306 81040 41299 47438 62182 21583 111078 137032 73654 83632 8398 113938 126326 62163 130097 78614 124140 82055 25388 85229 16576 150749 98888 91885 52627 4820 79804 35687 27995 58100 55562 31812 20211 35523 25135 130571 78399 67011 18287 93237 129805 65562 16421 21697 102275 148495 149538 78657 45424 108094 19703 138760 63965 148495,149538,135644,108094,55 5 58,56 6 59,55,56,63,64,8
qseq_aaf7472eaf064b35,calibration,length_64_gap_8,qcluster_calibration_0012,qbank_calibration_97bd6b8e0376,120525 54041 65957 123793 62366 145862 75486 60545 19917 116814 70127 138571 62351 145417 76487 33564 52964 28037 49432 34281 130775 50854 75522 105810 52620 25126 112172 137506 136253 20176 45348 72302 116866 24390 28731 12852 104165 57728 16691 144579 80757 19832 135127 128647 130712 91402 93237 20554 142550 97975 53783 29924 67375 20165 16457 146219 15007 43728 47161 87382 28060 146069 93121 146219,15007,62366,24390,55 3 32,56 4 33,55,56,63,64,8
qseq_d7463be52a0508cc,calibration,length_64_gap_8,qcluster_calibration_0013,qbank_calibration_97bd6b8e0376,74919 140818 84921 14527 113051 72045 92798 62991 140826 4703 106701 5265 10310 143722 4585 139691 4826 74548 90651 79228 108916 141367 102883 89984 15091 114307 66349 18438 34281 75633 112201 25552 9282 87541 104462 31540 145229 24995 83491 149387 72405 62351 135644 123626 106476 1400 4099 144776 58086 108521 148472 1028 78614 102669 13528 101653 116836 20165 21781 66694 56238 107967 37240 101653,116836,84921,56238,55 1 59,56 2 60,55,56,63,64,8
qseq_3d1593c52b1e49c2,calibration,length_64_gap_8,qcluster_calibration_0014,qbank_calibration_97bd6b8e0376,150793 133830 675 127858 111758 62337 7338 1522 10349 85324 107591 2944 29385 45667 104984 73453 64170 100483 53263 25441 19448 115508 102289 58083 1591 146857 95961 123468 130096 103759 125399 135994 68588 61613 146888 76334 85189 42478 68100 114398 67884 140799 105535 138560 41888 43193 45183 21319 54593 122217 22984 30692 104594 47041 119574 31256 86895 60429 143722 68890 35839 72345 88999 31256,86895,146888,64170,55 33 15,56 34 16,55,56,63,64,8
qseq_cfa85d47306cbb18,calibration,length_64_gap_8,qcluster_calibration_0015,qbank_calibration_97bd6b8e0376,33532 114680 147788 104202 21106 126688 41604 91982 16888 87893 47069 67688 142330 10252 70246 24510 56613 58302 145123 50171 94371 12996 20211 62290 14397 135679 139666 68079 44167 40421 29738 113793 41222 102118 56861 42544 60770 16993 41945 62138 15096 33601 59851 14957 97679 9702 7963 59 75664 124077 112861 32280 75453 45334 49905 78076 113297 96376 132848 107198 111078 137628 740 78076,113297,111078,58302,55 59 16,56 60 17,55,56,63,64,8
qseq_f6dd14f90d751875,calibration,length_64_gap_8,qcluster_calibration_0016,qbank_calibration_97bd6b8e0376,123425 118019 52911 43873 128553 36159 22252 51550 1513 24641 112196 87777 139219 131527 40421 53901 44800 52945 104165 740 96653 121780 10252 43312 98695 151243 108294 73333 106645 65210 25041 1763 74336 39414 83958 141184 23314 108916 112221 90747 146689 11634 45667 63793 56825 41888 61546 106763 13712 123748 32682 136738 126416 4184 84308 68252 96452 15091 84 123281 130096 145408 121393 68252,96452,36159,53901,55 4 14,56 5 15,55,56,63,64,8
qseq_06d8945d001345ea,calibration,length_64_gap_8,qcluster_calibration_0017,qbank_calibration_97bd6b8e0376,27151 21217 48910 141320 137853 94371 9512 21051 24556 52063 125399 6768 35460 13828 96944 14913 97657 127863 131306 101746 18151 16018 21626 116881 99620 128703 102119 119594 99472 38633 107653 261 105140 99733 64265 98489 93882 29524 96330 65083 17645 124916 68461 112861 149986 54049 89747 144590 90934 81304 82385 102294 136469 20431 2555 34555 13199 108551 15647 26817 3312 73970 91177 34555,13199,14913,6768,55 14 10,56 15 11,55,56,63,64,8
qseq_f1c558e3ba7c102a,calibration,length_64_gap_8,qcluster_calibration_0018,qbank_calibration_97bd6b8e0376,5671 9149 21955 4681 80464 128593 117147 43193 119499 115554 144631 57913 11994 52025 66802 122621 104982 150255 61006 48365 83018 116495 139672 101801 75574 34281 91957 67226 117245 97985 61561 31975 30196 142486 20431 56563 108416 74671 48672 125522 81631 101535 81240 60571 42478 106719 1487 34755 135687 67884 109613 21770 15881 55570 46842 68079 74295 57615 36189 122856 3439 68864 20941 68079,74295,20941,48365,55 61 18,56 62 19,55,56,63,64,8
qseq_62ec10b826343258,calibration,length_64_gap_8,qcluster_calibration_0019,qbank_calibration_97bd6b8e0376,101417 66494 144124 21815 35719 97561 107602 54490 58465 13537 49009 149098 95393 145965 4369 82583 143720 127286 83104 18413 97423 13528 125982 7118 148132 72405 36675 48678 119175 39172 134154 103619 87266 49886 1263 116645 130413 49916 5623 55397 28037 147461 90068 7494 57158 16928 12974 150749 40468 72765 59210 23998 138750 66319 84090 61041 95127 19832 140639 131089 83107 151243 8403 61041,95127,144124,72765,55 1 48,56 2 49,55,56,63,64,8
qseq_25bfa0a85bc893cf,calibration,length_64_gap_8,qcluster_calibration_0020,qbank_calibration_97bd6b8e0376,21118 40004 84319 81656 77118 65879 60691 112845 135283 31339 61623 82385 2083 30179 11212 144291 110538 85816 41942 1027 77581 64750 87541 54490 10310 19703 92614 53148 38058 21381 79171 89903 139871 89942 141035 89099 36086 25671 13323 128647 62991 13000 109169 103048 47041 116439 144524 79804 117214 132848 95127 74922 77859 150758 1555 50499 60571 111990 9193 51070 135074 1023 117919 50499,60571,2083,135074,55 11 59,56 12 60,55,56,63,64,8
qseq_c696984e49bdc62d,calibration,length_64_gap_8,qcluster_calibration_0021,qbank_calibration_97bd6b8e0376,53462 133002 113390 16421 54865 72345 95041 138235 73208 2280 1023 4297 54281 52876 110987 41888 31541 46826 129753 82737 34784 140818 35523 82055 53982 61101 24500 50868 48678 92772 45912 141933 63411 97561 149247 102118 76334 64726 8681 86073 20328 26817 148466 38339 53850 123213 129296 127755 104149 115146 137799 7122 11033 124140 140026 142295 115685 87481 45598 141912 36931 89984 60087 142295,115685,36931,31541,55 59 15,56 60 16,55,56,63,64,8
qseq_00f46f607ef852b1,calibration,length_64_gap_8,qcluster_calibration_0022,qbank_calibration_97bd6b8e0376,135673 122115 81085 18106 51941 120878 19304 83925 32503 87481 84483 54049 98391 23883 123081 47589 2555 23916 132737 41673 56441 128703 119157 57053 5532 77637 62177 61404 109261 107497 81302 66295 47780 95801 53783 356 127556 89438 142053 87438 46925 66524 936 132169 29123 78198 21255 21319 25549 55440 114432 122851 86895 134074 88314 107647 122137 99781 73333 136609 63487 67785 99533 107647,122137,88314,56441,55 53 19,56 54 20,55,56,63,64,8
qseq_b87b6f77160d290f,calibration,length_64_gap_8,qcluster_calibration_0023,qbank_calibration_97bd6b8e0376,28100 16576 46842 43742 63207 131492 17212 28690 61041 122363 13528 93967 78224 32889 124967 125304 103450 61209 59853 59953 56040 100626 110872 148942 77200 92039 25439 5214 2138 69746 92686 104152 76413 70169 40334 79689 81357 68528 104445 24620 142149 85261 61739 124077 128703 110644 34751 99472 99458 3809 43739 71167 128856 117214 104800 150355 41116 73950 74295 98410 31137 131424 140799 150355,41116,125304,17212,55 14 5,56 15 6,55,56,63,64,8
qseq_640a5cc1f51ff716,calibration,length_64_gap_8,qcluster_calibration_0024,qbank_calibration_97bd6b8e0376,4458 52073 87266 149456 129862 93962 145417 146204 114942 135074 70287 79367 84308 44078 81970 10054 108002 15968 23861 48847 61235 78751 15601 107647 25055 129308 87438 134391 90615 82821 144746 130619 87634 132737 120878 87481 67438 106851 62738 8681 131492 96465 31576 52470 21381 91406 108361 56441 71549 101048 121741 18514 146304 30129 96949 30215 95869 37190 45598 115991 117974 22252 128518 30215,95869,87481,84308,55 34 11,56 35 12,55,56,63,64,8
qseq_1e3a07c5cb582448,calibration,length_64_gap_8,qcluster_calibration_0025,qbank_calibration_97bd6b8e0376,53450 28165 84 10003 94508 50143 57209 70991 132156 5671 2813 19103 119679 8873 27928 119120 105631 105237 119157 148171 139672 104836 29649 10013 31904 31256 57204 98238 32552 145123 111078 77783 133704 40004 123883 4536 101746 25418 68122 87382 45183 72543 51561 61272 9702 136909 102601 14931 63343 96653 43312 115859 141320 46611 118600 37199 43418 23793 89903 30334 91177 6768 15310 37199,43418,101746,141320,55 35 51,56 36 52,55,56,63,64,8
qseq_64ecc7e2d6217941,calibration,length_64_gap_8,qcluster_calibration_0026,qbank_calibration_97bd6b8e0376,9278 131492 95687 107976 7879 14994 138266 131840 40542 91997 7072 93967 116606 108094 141465 61613 82677 0 72839 3020 9953 11601 128093 102669 14397 67819 106936 126326 72663 104620 18151 104149 45435 78837 117500 73874 1358 138225 123396 73950 87762 118487 38971 36823 137868 51680 69513 60403 112753 77163 1555 17212 130619 116836 87690 128201 6549 142135 90305 133090 124519 22316 8403 128201,6549,14994,95687,55 4 1,56 5 2,55,56,63,64,8
qseq_f21ea8e754daf4d4,calibration,length_64_gap_8,qcluster_calibration_0027,qbank_calibration_97bd6b8e0376,143407 110966 112090 49916 49236 67785 111990 114348 100895 132281 122805 117871 31975 20205 107602 16637 132793 51496 39035 124140 64997 89909 52350 117422 102601 13054 38163 16925 67688 30215 23565 117974 150978 17748 52997 22678 23716 106719 113834 54314 33808 93599 127490 132743 38971 36730 42810 146405 1096 8511 74152 149387 3020 132848 59319 58612 100607 73590 6613 41131 29600 45598 89327 58612,100607,49916,3020,55 2 51,56 3 52,55,56,63,64,8
qseq_f99836d0124478b1,calibration,length_64_gap_8,qcluster_calibration_0028,qbank_calibration_97bd6b8e0376,21955 70676 57204 45930 126333 87418 131802 103143 4297 131424 145766 64170 127399 56220 132821 142810 68177 92565 144124 27337 144590 76044 78224 80027 151246 39635 15024 131482 129470 113297 39245 150978 21695 83678 4099 133873 65802 40294 11432 75369 83931 26994 18514 146937 73218 76487 16140 44800 132060 32198 31324 119649 150867 24587 44091 6769 104152 102671 66222 124916 68675 77070 143407 6769,104152,39245,75369,55 29 38,56 30 39,55,56,63,64,8
qseq_6b4516dfcad9fb3d,calibration,length_64_gap_8,qcluster_calibration_0029,qbank_calibration_97bd6b8e0376,7879 57204 10146 80782 43569 92225 11612 113956 14448 49009 30377 16018 21319 125994 137643 140109 44180 137145 114883 29578 126024 10533 71167 74736 68204 45837 56166 81631 124865 147132 96926 135405 99505 83476 18287 130230 137919 128939 131465 69780 42046 130401 136801 104614 116372 60475 36931 48588 63934 78105 27478 22126 36086 57993 50258 104501 59755 5954 148861 110625 149371 20672 94191 104501,59755,63934,11612,55 47 5,56 48 6,55,56,63,64,8
qseq_8746da51c8b3255f,calibration,length_64_gap_8,qcluster_calibration_0030,qbank_calibration_97bd6b8e0376,126838 38229 149456 145377 43249 107808 97771 62290 29123 102834 34068 18742 135916 98520 151319 130401 119051 112844 91190 61132 125126 100154 90345 142493 530 96386 33705 85976 82072 58413 96926 64025 145531 100271 59409 89706 108094 56220 62661 113956 36868 106534 143696 9526 118019 125699 146204 57707 20443 83678 132284 5350 51043 57790 48678 125070 92726 107602 77581 7557 74776 103450 24604 125070,92726,90345,74776,55 21 59,56 22 60,55,56,63,64,8
qseq_fdd128910390d4d0,calibration,length_64_gap_8,qcluster_calibration_0031,qbank_calibration_97bd6b8e0376,103348 8884 83847 38058 51429 14397 116866 132733 21071 25261 59359 139862 102387 102671 36294 67375 95879 57970 63487 125070 139733 151553 64206 12070 75833 117583 55279 24604 104306 45435 48872 46842 136981 132743 69012 104518 37143 98759 2908 94217 83931 76487 109506 10328 72686 65773 21117 59980 142241 43747 82159 73654 114432 56166 25478 43983 137643 52326 80358 141624 111364 127936 64431 43983,137643,8884,56166,55 0 52,56 1 53,55,56,63,64,8
qseq_41e70e4c5b0ac16c,calibration,length_64_gap_8,qcluster_calibration_0032,qbank_calibration_97bd6b8e0376,36457 103435 7105 79673 106027 70463 123487 144606 40983 95687 40490 136017 2714 98162 110644 131898 41893 95222 100271 117547 90221 137853 123213 4089 4308 53263 148171 16691 43352 111687 44351 102834 117500 61550 93428 57707 6984 54336 6613 84115 77397 20457 124013 1978 39861 143720 55997 118347 43538 55854 114590 16991 54281 142967 99533 20493 1919 105631 114005 101535 117856 76145 13955 20493,1919,44351,95222,55 29 16,56 30 17,55,56,63,64,8
qseq_3977123dea121747,calibration,length_64_gap_8,qcluster_calibration_0033,qbank_calibration_97bd6b8e0376,105810 137898 122837 15256 68306 48678 139189 60249 79689 58925 21217 31576 87634 136489 51781 25795 39592 9953 52350 131607 39993 74445 32682 124478 12883 66222 144940 58436 83491 126024 73324 24246 137628 125997 101801 147437 69780 150319 112981 71280 6214 56850 108014 70173 47153 28721 120502 130172 69357 58083 40421 131634 100544 82863 9590 149740 50221 117981 93599 64170 27269 108361 70169 149740,50221,48678,15256,55 4 2,56 5 3,55,56,63,64,8
qseq_399b8b4fbe4807c7,calibration,length_64_gap_8,qcluster_calibration_0034,qbank_calibration_97bd6b8e0376,145383 90885 103348 95687 67586 90701 1400 142550 72765 144495 141035 312 95585 88488 86455 112296 21433 530 91361 84469 21106 23916 26036 130172 96359 25251 15458 133364 18199 20211 63557 105084 12550 29472 105535 84369 36994 96406 110831 115741 41304 145766 40862 123348 32920 52713 6894 27345 50756 114450 20119 16140 5059 2159 91873 127602 21071 146050 105098 261 81766 128396 97438 127602,21071,90701,25251,55 4 24,56 5 25,55,56,63,64,8
qseq_200320aca3fd79a8,calibration,length_64_gap_8,qcluster_calibration_0035,qbank_calibration_97bd6b8e0376,36233 48205 17748 117565 35685 65879 38752 105626 50391 27161 25803 140892 46855 57823 77936 87716 139719 62472 89909 77783 110691 126157 144291 24930 39414 11893 92007 20928 48878 84 44351 86073 19703 66299 50221 114623 56236 8837 2433 110702 109539 13469 28879 108129 95791 87098 102511 31217 61731 93599 122965 50892 55774 125074 108770 114398 143710 122851 50427 99608 60889 59782 104731 114398,143710,8837,93599,55 36 48,56 37 49,55,56,63,64,8
qseq_1f732b90c05a9e6a,calibration,length_64_gap_8,qcluster_calibration_0036,qbank_calibration_97bd6b8e0376,105304 52880 29193 94508 106534 61613 4818 64678 18413 4766 47821 113897 114590 6229 52391 88580 60466 86010 117777 102118 85074 23685 35839 75933 93259 34784 148495 64095 11212 138474 67375 18169 22490 82041 120625 13850 59828 100483 141624 1028 75353 143407 83018 64782 117351 59755 56850 114307 147851 139625 82583 99680 139666 50316 87893 69013 26375 62351 37665 43863 29475 10184 1973 69013,26375,22490,143407,55 31 40,56 32 41,55,56,63,64,8
qseq_afcefb27cc1ddd23,calibration,length_64_gap_8,qcluster_calibration_0037,qbank_calibration_97bd6b8e0376,113390 43835 46126 97438 103391 21084 64482 112981 104152 29005 110402 20435 68675 55397 134101 72543 81357 104199 43988 119789 106637 51076 116341 22335 82821 100017 60814 1952 111591 12852 21372 54423 102775 65773 71433 64017 61101 70991 24884 56040 62762 90701 89747 15289 59851 106899 115883 53157 89406 56434 135225 28100 74043 143710 77308 103334 30424 64116 130134 33836 104501 124823 124077 103334,30424,21372,115883,55 29 45,56 30 46,55,56,63,64,8
qseq_0de3830e35736f50,calibration,length_64_gap_8,qcluster_calibration_0038,qbank_calibration_97bd6b8e0376,104594 93005 46611 145766 43312 57728 43146 132237 116836 84369 120653 57013 14957 130286 128532 107808 111775 66304 26375 138270 62163 112120 34983 34130 44332 12555 15310 60889 150319 146689 4099 60571 2296 1263 10533 144606 312 19072 37880 71089 30065 21925 12872 117500 84483 117800 98943 8837 61613 142146 56563 59631 72435 76471 68528 26164 35460 130422 112778 104949 51680 134549 57200 26164,35460,57013,116836,55 10 7,56 11 8,55,56,63,64,8
qseq_640e89a123795cc8,calibration,length_64_gap_8,qcluster_calibration_0039,qbank_calibration_97bd6b8e0376,73391 139673 139719 85000 28033 39321 99876 41599 33289 143982 144143 113834 126416 37963 65608 101535 62738 46004 142655 63402 38633 133673 52676 132677 134391 32920 147132 33278 112438 2396 10431 124823 59189 18930 11461 83972 25887 97657 108020 47240 108911 130318 78752 23916 9512 91402 64116 7363 61873 49311 82055 18742 75369 82946 129862 116030 135225 45330 68675 13528 116668 133527 142146 116030,135225,144143,142146,55 9 61,56 10 62,55,56,63,64,8
qseq_98dc010a7be9c0ae,calibration,length_64_gap_8,qcluster_calibration_0040,qbank_calibration_97bd6b8e0376,117065 142319 68306 39194 13600 101048 143696 18438 53233 119351 22335 28165 92461 143670 38909 6744 99505 79171 114578 63844 13199 110685 10492 45442 137847 50621 67995 31249 20176 19713 137015 55997 50246 127602 33808 60845 82159 67591 10574 137919 84921 5671 51043 145871 25021 139672 45424 38971 116982 32595 53850 94023 123200 137580 31765 133658 127936 123213 121177 38949 47475 129269 74499 133658,127936,94023,22335,55 50 9,56 51 10,55,56,63,64,8
qseq_7d5646540d485bf1,calibration,length_64_gap_8,qcluster_calibration_0041,qbank_calibration_97bd6b8e0376,44144 33217 151553 24930 146857 115209 128532 67011 142810 119749 99766 104099 118655 15881 67696 14913 27097 87893 11703 39321 29578 136801 25952 67586 29984 1487 144823 134304 10574 77236 124140 32808 39104 151242 131075 151243 30122 145183 20457 106534 125019 67656 122963 21319 73041 46614 114891 123734 128201 11212 68831 26036 119024 60403 102119 91877 102275 60712 78517 150166 124065 131465 59210 91877,102275,39321,99766,55 18 9,56 19 10,55,56,63,64,8
qseq_27aa592082bb5ab0,calibration,length_64_gap_8,qcluster_calibration_0042,qbank_calibration_97bd6b8e0376,73041 117057 151246 882 65942 63888 108002 1663 107658 110462 130406 114411 129924 83508 142822 35359 25803 91530 71091 29984 114432 681 69702 25835 21899 43418 64482 78214 64095 113956 96602 140275 15289 106851 49629 140518 100154 138820 40490 110538 126614 6883 66850 8186 29898 84668 77238 96449 32474 9425 114861 89525 6635 39822 51174 23861 128817 3897 94322 122837 137997 98520 61633 23861,128817,6883,1663,55 40 6,56 41 7,55,56,63,64,8
qseq_e77426071e429b85,calibration,length_64_gap_8,qcluster_calibration_0043,qbank_calibration_97bd6b8e0376,113744 119574 84115 68864 21217 22164 836 18407 20941 137236 60403 80988 92461 41888 55612 45297 23863 36600 89942 13323 87541 59409 99333 48039 57465 104098 116547 30383 20195 113164 27183 70463 49394 49432 46611 9546 45541 32827 38641 2322 88791 41942 51892 80765 89147 36233 46553 18021 80248 137368 106049 47429 40004 22690 118858 56441 132428 17204 31274 125888 51493 66643 77581 56441,132428,137368,125888,55 48 58,56 49 59,55,56,63,64,8
qseq_15d6fe94ccde7978,calibration,length_64_gap_8,qcluster_calibration_0044,qbank_calibration_97bd6b8e0376,8455 137015 54825 78614 56861 150172 123623 64095 23883 111758 128846 58828 83491 77455 110831 70991 53233 33895 137924 113834 138225 119031 69746 106603 66304 9112 113793 97906 6105 63205 130965 16964 29811 133739 50391 102013 3898 23938 116408 106420 30228 45525 45442 47438 139485 25247 94845 60076 146760 31261 116982 46826 123626 28150 71605 84185 112050 51402 84001 91584 129862 126024 60680 84185,112050,53233,63205,55 15 28,56 16 29,55,56,63,64,8
qseq_e7749b4c2421b1f1,calibration,length_64_gap_8,qcluster_calibration_0045,qbank_calibration_97bd6b8e0376,30827 108416 42466 89438 68675 81980 85381 52702 114861 58413 121780 77805 90946 117855 11601 148495 57298 106203 9546 62861 70884 19304 130413 3328 110912 15649 57572 94414 114680 146972 62204 139384 31941 43461 13521 132734 16421 145078 125522 43646 21084 102883 130016 24613 47524 111225 131305 60868 21723 128846 9734 114953 108445 147788 117871 102924 41299 50391 74548 79301 33836 9425 126326 102924,41299,114861,24613,55 7 42,56 8 43,55,56,63,64,8
qseq_e22ac2783db10d72,calibration,length_64_gap_8,qcluster_calibration_0046,qbank_calibration_97bd6b8e0376,118054 115859 82152 125612 142822 100938 31207 91190 87771 56147 51496 102625 33213 145102 5350 50868 80451 14324 144498 62163 113051 43312 36931 114035 65405 15649 136574 38633 122135 130775 146951 142875 138266 75027 41304 54663 92717 64431 62177 135994 84716 73208 108306 31178 49547 22392 4792 72765 128593 7453 80387 94497 65608 30953 56658 85401 74592 38898 59038 123085 106919 21217 94166 85401,74592,62177,56147,55 37 8,56 38 9,55,56,63,64,8
qseq_469f84b8039133d7,calibration,length_64_gap_8,qcluster_calibration_0047,qbank_calibration_97bd6b8e0376,71333 100071 142493 8455 9702 136469 122159 118092 136056 113793 72663 133673 142604 48130 94064 128817 18931 54281 67453 78660 74671 97706 130098 46925 135239 127556 83018 139712 51493 128093 25492 68094 112778 13000 48015 33532 64017 52997 84921 134304 32571 4585 64283 4089 1109 98489 52342 11491 100291 30377 106603 4184 27695 59907 68100 91336 127518 3835 7963 101387 59038 82000 64046 91336,127518,118092,136469,55 6 4,56 7 5,55,56,63,64,8
qseq_fe02dcf64b76c145,calibration,length_64_gap_8,qcluster_calibration_0048,qbank_calibration_97bd6b8e0376,95776 122217 61235 127180 55612 139219 3085 139733 133364 94486 107751 144476 113546 13236 71549 32442 113164 501 107095 51561 15301 56522 22976 132799 83315 22577 13397 145339 10492 73650 87481 111364 146204 13199 59828 140335 146892 123132 62369 15988 126024 4453 61404 102594 59189 130318 5623 20477 29984 79811 9368 52632 132216 144547 91584 12296 8683 74499 15091 151075 143018 126877 8186 12296,8683,3085,107095,55 5 17,56 6 18,55,56,63,64,8
qseq_1f2d01e064d87bfe,calibration,length_64_gap_8,qcluster_calibration_0049,qbank_calibration_97bd6b8e0376,77834 138224 56441 144579 36084 63565 59782 74919 115435 111308 108886 25612 14554 84591 42478 23685 55440 123348 80233 102297 88649 71280 102331 36823 72117 7072 58465 18413 2886 135916 94685 104518 39854 27995 131732 28100 118348 143710 80464 91584 73528 41672 82946 150020 63793 130800 2814 22079 111687 120619 28561 21372 38898 11808 56539 109097 97706 143072 46510 78671 136574 57051 62688 109097,97706,131732,72117,55 33 23,56 34 24,55,56,63,64,8
qseq_749164d724503c72,calibration,length_64_gap_8,qcluster_calibration_0050,qbank_calibration_97bd6b8e0376,18407 50101 79331 11390 53148 92225 2356 52021 150734 124116 119925 52342 111990 82041 62041 81980 150779 99245 47438 16458 76289 57981 99684 75645 59314 95879 66932 75010 63345 77395 123383 74922 61404 138571 77674 101941 56840 93184 132836 100081 110987 85401 48651 79689 58302 31189 39061 100920 50868 30473 71091 23916 128108 61132 121575 68107 120036 37537 101048 109173 24504 75766 147291 68107,120036,85401,119925,55 40 9,56 41 10,55,56,63,64,8
qseq_34d02fbb7fa90281,calibration,length_64_gap_8,qcluster_calibration_0051,qbank_calibration_97bd6b8e0376,129805 87266 26036 2417 12070 50441 82400 30129 95802 24604 96359 144823 129762 130116 3348 21695 106701 63411 114139 83104 22252 7738 104202 132821 132362 28060 144495 4824 78614 58413 52326 45050 1109 55553 116495 143984 109912 98391 122115 61873 13305 44889 45228 149465 94924 5849 113128 56745 69851 140518 72045 27151 83339 17180 16421 85279 51174 122168 97561 29283 103216 261 15647 85279,51174,78614,50441,55 27 4,56 28 5,55,56,63,64,8
qseq_f3b44af70fefe357,calibration,length_64_gap_8,qcluster_calibration_0052,qbank_calibration_97bd6b8e0376,44092 150355 55918 117500 3887 86455 32008 43899 52743 104468 113128 14552 108234 54472 72125 128309 91584 124478 54976 52702 94023 19937 77581 149740 22452 85102 134385 32101 115317 114618 15301 24500 144606 146760 80079 82821 8242 124065 60712 149456 132799 91361 25800 60475 110538 94613 39861 25612 53263 14989 131732 49963 118092 101048 45412 123383 129762 90068 24811 146937 122611 6064 2251 123383,129762,91584,108234,55 15 11,56 16 12,55,56,63,64,8
qseq_615c3296205007af,calibration,length_64_gap_8,qcluster_calibration_0053,qbank_calibration_97bd6b8e0376,132310 42478 99063 65773 25247 69076 125399 69884 49963 139582 92726 83886 77614 59359 64025 149456 111885 70991 107128 119643 7738 143599 111960 6790 88388 98943 108378 104445 135437 21815 20165 48252 117065 15053 123425 84331 882 39563 91584 102834 20554 10558 47736 123195 85197 30334 61099 59481 66937 113963 20205 407 151591 132534 119597 5350 111063 142319 4961 0 97151 147221 7867 5350,111063,6790,59359,55 22 12,56 23 13,55,56,63,64,8
qseq_e29d42965347ef62,calibration,length_64_gap_8,qcluster_calibration_0054,qbank_calibration_97bd6b8e0376,6110 57465 882 110873 123425 76593 146878 130172 2078 7122 117147 39771 10407 93171 43375 67946 103391 108054 41222 126494 1061 146304 64414 2574 9368 133090 76044 104201 56840 91246 6768 31261 20554 108093 149758 21342 10328 144180 151019 31339 9565 128007 39861 18450 139270 3362 52326 84688 45912 95266 82863 85085 4820 89903 54852 130134 133799 134024 23314 124065 103978 94191 8455 130134,133799,10407,123425,55 11 3,56 12 4,55,56,63,64,8
qseq_e8b4cbf9e84d9d6f,calibration,length_64_gap_8,qcluster_calibration_0055,qbank_calibration_97bd6b8e0376,44351 79476 116547 13307 149503 14913 86098 59336 151075 139219 60571 52676 143734 103099 34068 72050 105282 114298 89825 45167 83931 12855 51781 114942 131728 64170 5948 65210 75877 101812 4543 24246 130543 130969 11608 47943 63793 32889 131166 71326 55131 55886 97985 15411 27139 70127 25537 94685 91873 143722 25629 110912 131424 50101 114432 124741 33658 63207 36868 80606 25244 85324 60466 124741,33658,63793,114298,55 35 16,56 36 17,55,56,63,64,8
qseq_3668b72ad0246cd5,calibration,length_64_gap_8,qcluster_calibration_0056,qbank_calibration_97bd6b8e0376,126494 142149 95829 12555 127277 70561 70991 83972 131911 24620 15411 24940 17934 28826 90843 68864 801 98647 131424 139428 10230 29123 8683 129296 71414 111308 66802 121000 149456 55445 119351 118045 37665 127219 128367 62841 49650 68306 45076 59024 108361 7867 14018 66494 64622 19176 81085 70463 101696 117800 115691 71918 146311 1663 85816 125618 57572 25388 79227 79367 93967 27151 22452 125618,57572,128367,79227,55 33 57,56 34 58,55,56,63,64,8
qseq_6d25af4a1b4fd7dc,calibration,length_64_gap_8,qcluster_calibration_0057,qbank_calibration_97bd6b8e0376,92461 144180 125151 124823 18287 32089 127140 3439 128899 116855 102625 74592 97488 81722 59788 138814 138454 126951 28257 115146 129862 83339 144547 21433 40862 9970 148132 43988 50101 7338 82152 25460 142604 32571 130756 75027 102034 143982 61647 50071 78386 137236 87927 131941 15256 46345 31030 15968 9112 124916 22452 120036 110966 101653 73184 34755 94166 19304 29649 143734 104982 28690 81313 34755,94166,87927,143734,55 41 58,56 42 59,55,56,63,64,8
qseq_70c5e99d3c97a1f1,calibration,length_64_gap_8,qcluster_calibration_0058,qbank_calibration_97bd6b8e0376,75551 32449 107594 88707 56154 68122 29924 20941 1028 145144 38289 149251 33839 113128 484 79804 128606 70978 83315 89090 64726 56745 133704 84716 120878 50708 25800 133966 130332 78332 132793 29898 141624 82068 25441 144746 6883 2555 12914 112196 118292 108361 45544 143602 127854 10082 28731 45837 99284 64750 75453 139672 138235 4748 19072 74578 72302 121642 99680 568 86010 59828 126774 74578,72302,144746,33839,55 34 11,56 35 12,55,56,63,64,8
qseq_38d771dc669dd24f,calibration,length_64_gap_8,qcluster_calibration_0059,qbank_calibration_97bd6b8e0376,126139 31765 54852 64206 55445 22800 50904 98603 25441 44144 130406 78386 148973 136909 116606 50101 102775 55503 87481 119080 145875 86917 24504 114005 84368 112120 144036 34604 114450 21372 131937 36322 27151 10187 46345 114035 94926 112544 44351 58020 114752 22153 103619 119004 83104 83491 43899 73528 133477 10480 67537 45642 43806 60814 60466 25629 116030 112807 51429 100071 57634 70978 143350 25629,116030,130406,114450,55 9 27,56 10 28,55,56,63,64,8
qseq_73842fbcf7277edc,calibration,length_64_gap_8,qcluster_calibration_0060,qbank_calibration_97bd6b8e0376,78927 86330 4360 130462 85169 22834 36322 20328 107095 123801 96386 10386 25878 7396 114218 80032 96949 85816 150793 122236 31178 1027 125126 47051 96406 112172 4675 123281 50343 122798 34604 102669 107751 146401 105017 29649 29984 115883 75285 120491 56380 143588 14397 110872 10218 150020 70807 137300 68204 112813 144606 9593 61006 112778 18246 127858 106899 80766 87777 23713 76487 114953 2159 127858,106899,114953,96406,55 60 23,56 61 24,55,56,63,64,8
qseq_d05001505d9c16d0,calibration,length_64_gap_8,qcluster_calibration_0061,qbank_calibration_97bd6b8e0376,44673 76298 57790 45912 23716 42084 76651 123195 51076 48394 5547 92461 51781 118847 60630 105140 109159 75408 120668 108054 19304 129133 60475 27695 9150 105304 99505 106851 139486 37665 30392 10590 35769 25864 27269 52212 16888 40626 126053 45211 78927 74152 132537 146021 91957 48512 57634 72774 34983 22592 59094 112479 57298 127490 112172 24774 38401 60681 132793 14704 34555 60576 115183 24774,38401,123195,60576,55 6 60,56 7 61,55,56,63,64,8
qseq_82e95560f835c211,calibration,length_64_gap_8,qcluster_calibration_0062,qbank_calibration_97bd6b8e0376,12753 1109 121363 15404 123485 72154 114307 9791 26471 95933 105803 88539 84197 99650 20435 69076 137997 94191 32008 92588 104527 35685 89909 140125 33259 42084 122965 116866 78837 87690 273 40490 6635 58034 17540 118023 116606 115146 20457 6768 100483 25864 4792 105140 43646 45211 1028 100157 2714 68177 60770 116645 130815 96575 4297 1555 38839 25135 34751 57634 144124 39822 143375 1555,38839,68177,84197,55 48 11,56 49 12,55,56,63,64,8
qseq_6bf499730190c207,calibration,length_64_gap_8,qcluster_calibration_0063,qbank_calibration_97bd6b8e0376,77308 130098 103435 28292 102387 131527 57013 82969 139162 149371 104614 82116 73184 89909 30383 59374 76487 110691 117486 58709 132793 113178 116408 83581 4099 148011 20852 32260 18450 130712 46126 113128 15647 151417 132677 93962 88512 70463 74873 108009 55891 112658 94488 34755 50854 51603 2978 33705 14804 3020 129762 34784 25641 140053 26494 83339 104152 45642 38339 32682 261 114497 3362 83339,104152,113178,28292,55 20 2,56 21 3,55,56,63,64,8
qseq_f956c3c7f1472bd3,calibration,length_64_gap_16,qcluster_calibration_0000,qbank_calibration_97bd6b8e0376,42084 134158 9457 20205 75833 33564 144631 97809 29811 135756 72543 50441 52175 132281 88956 65957 4656 13000 43352 55774 4849 31256 25478 144938 116341 19079 53615 33278 119597 675 16733 45161 61006 91997 61546 85085 139582 62517 4824 74295 30196 134946 78214 37455 20130 131689 35988 105310 58733 85570 70287 132237 136609 119679 107658 139384 568 5976 892 99833 94366 69752 105237 105310,58733,69752,16733,47 60 29,48 61 30,47,48,63,64,16
qseq_ccd008921b1b1b9c,calibration,length_64_gap_16,qcluster_calibration_0001,qbank_calibration_97bd6b8e0376,17077 2396 116453 126326 96797 51989 61680 108753 95518 9546 9368 13712 55886 68100 133180 84716 101745 7793 50610 64283 48394 78657 1291 107239 38633 125151 58789 72124 31274 80765 58051 35769 44114 114014 139327 2908 16569 29287 97801 37542 110090 77395 35359 37282 4579 36322 127936 43983 143242 131672 58100 45292 84090 64095 83632 27337 126416 32920 123213 130332 127006 22976 22079 43983,143242,61680,29287,47 5 36,48 6 37,47,48,63,64,16
qseq_187d62f769eb160e,calibration,length_64_gap_16,qcluster_calibration_0002,qbank_calibration_97bd6b8e0376,73712 66222 32571 130619 102294 131911 32808 115183 103974 764 21118 144476 17077 76186 112845 107186 16691 19103 49905 114861 10228 147685 34755 68177 131166 134999 143574 501 92655 6744 31217 136253 21073 131504 39321 73620 42478 43312 45642 146405 124683 96437 124077 102663 89810 119524 136106 58450 38339 117981 57707 10107 14700 27479 106831 32198 43319 142690 34843 65527 5976 111063 45544 58450,38339,65527,124077,47 58 41,48 59 42,47,48,63,64,16
qseq_920ba27da309af60,calibration,length_64_gap_16,qcluster_calibration_0003,qbank_calibration_97bd6b8e0376,9526 149503 64477 136515 126139 55787 130406 137145 13935 109159 106443 74094 116439 13961 51445 27139 142486 118023 16018 46745 38898 60691 114623 47524 96437 150779 97849 2813 99650 62526 123213 149538 43983 70937 143710 117214 5948 150842 15301 110564 66295 67537 8683 41116 70807 57209 9377 73712 85288 54076 144036 138814 7072 95266 2574 123383 37282 56859 56896 112813 143330 59409 48394 73712,85288,137145,97849,47 6 25,48 7 26,47,48,63,64,16
qseq_eaaa50b3ddd23297,calibration,length_64_gap_16,qcluster_calibration_0004,qbank_calibration_97bd6b8e0376,17479 71918 130697 68107 58753 2078 39321 20351 128060 105959 12817 75645 91406 119004 111838 112658 32089 82946 139673 11893 106276 74690 139582 51781 114279 87762 60576 72117 135113 10513 111225 13324 95920 11859 51709 69393 14201 9791 7793 134074 64622 116144 29123 9734 28013 131492 75877 24641 46611 58086 10082 892 4849 139733 71330 6613 57790 46032 114268 52945 124697 39854 73654 24641,46611,111225,71330,47 29 53,48 30 54,47,48,63,64,16
qseq_144ad2dc4a36d99b,calibration,length_64_gap_16,qcluster_calibration_0005,qbank_calibration_97bd6b8e0376,100081 83107 150066 73528 36931 118858 56686 128647 59782 144746 72540 96926 43806 100291 108700 82152 124516 57572 122236 127445 109849 59828 1358 31541 106996 45658 46553 82055 35359 85653 102669 123878 52390 21277 94406 56063 38984 65211 72461 122579 74346 115273 132428 130422 7338 53783 79929 14552 44699 149098 25251 11435 94642 97369 120668 28613 34345 117919 120036 10513 2322 70001 98868 14552,44699,59828,79929,47 20 45,48 21 46,47,48,63,64,16
qseq_807bae134b37f8b2,calibration,length_64_gap_16,qcluster_calibration_0006,qbank_calibration_97bd6b8e0376,108020 144590 38406 3935 41111 104673 2138 100942 85229 77936 11997 64742 70561 83104 123056 83018 127930 97375 119024 122159 135283 113297 7939 72795 49009 126053 75285 15882 85189 139764 90996 16018 2574 21319 126157 140026 78386 96797 71091 5671 20130 64206 122111 131527 106057 61613 80451 87481 61209 134946 19809 32132 148942 135144 124865 117351 37561 93237 36211 149538 68117 95933 42346 87481,61209,122111,21319,47 41 32,48 42 33,47,48,63,64,16
qseq_270d86dc936a8470,calibration,length_64_gap_16,qcluster_calibration_0007,qbank_calibration_97bd6b8e0376,52350 20165 67946 77308 127634 62364 61603 36457 23141 122137 93967 141624 9785 107046 123085 15404 117856 59631 131937 29190 7118 87418 59374 136731 11390 101041 113956 130756 101711 28613 131732 119031 28327 83931 71611 132537 30196 9048 15882 59314 85539 75637 142552 48015 130800 3897 142053 124272 28100 48365 87266 41131 78386 51680 70937 8336 48878 131424 119004 137997 112090 109159 65879 124272,28100,71611,30196,47 33 35,48 34 36,47,48,63,64,16
qseq_c403ee25661b2efd,calibration,length_64_gap_16,qcluster_calibration_0008,qbank_calibration_97bd6b8e0376,125522 30392 96437 130115 44144 132449 62841 40490 117682 72045 127602 61404 14957 149891 111591 10844 80782 21695 10590 122190 36814 19008 117583 108094 105068 57790 61873 15411 8656 135958 10771 136981 60545 71833 87438 120478 107647 48651 74922 110685 82385 85128 95393 121741 148132 128060 127438 119925 150328 53611 9526 54041 143072 60770 114307 92225 112647 57324 128470 36189 56270 139486 89815 119925,150328,56270,135958,47 59 28,48 60 29,47,48,63,64,16
qseq_c76adb9ddc653828,calibration,length_64_gap_16,qcluster_calibration_0009,qbank_calibration_97bd6b8e0376,119756 63487 112807 46855 123801 7807 132362 37143 31274 882 93481 49360 112221 87775 58101 26572 106003 99771 68831 129592 113657 134946 139538 73590 88025 138857 103634 45589 112065 145144 137236 86330 12877 61550 135437 92295 29475 44351 141624 75551 136033 124116 12753 119491 33658 43742 140015 106919 12974 51070 31288 69425 1513 141912 58020 11815 34755 8186 24500 129133 48619 15282 89525 106919,12974,92295,48619,47 34 59,48 35 60,47,48,63,64,16
qseq_029ecf851e7af257,calibration,length_64_gap_16,qcluster_calibration_0010,qbank_calibration_97bd6b8e0376,27674 143072 50143 69357 101545 30473 61099 122217 66598 73712 4681 56650 120381 88488 137191 116982 136253 117214 106476 125618 100017 2159 142967 131672 43806 101653 50127 149399 48205 114566 108521 108433 13432 135127 117981 77238 100271 49905 146972 116091 95041 44144 110987 22126 135932 20211 56232 89099 80765 5859 20941 52212 882 28690 7584 74686 131089 102669 8398 106420 135958 3348 122093 89099,80765,117214,108521,47 16 29,48 17 30,47,48,63,64,16
qseq_cc9debd87bb46552,calibration,length_64_gap_16,qcluster_calibration_0011,qbank_calibration_97bd6b8e0376,67536 58020 60223 90805 131607 43797 11461 46255 98909 38569 23883 134158 146173 145965 101701 4849 10224 56539 52900 27269 25041 74474 121519 96944 112050 31325 106534 31030 51478 151380 84469 140799 32260 55762 10590 24500 32008 103099 31796 100081 143330 2969 8242 108433 78752 113329 31217 43863 16457 10288 2537 30196 81558 52342 50131 9204 97679 1831 149775 52945 134020 43312 132534 43863,16457,2969,32008,47 40 35,48 41 36,47,48,63,64,16
qseq_004c6f8ab0657a08,calibration,length_64_gap_16,qcluster_calibration_0012,qbank_calibration_97bd6b8e0376,108002 6515 48763 150867 146407 96228 124667 120668 114497 36294 115146 82844 80027 99680 129917 58938 123883 23863 52997 41206 114014 117065 4824 61550 78876 57324 103435 106203 105418 1358 145144 13555 131898 65301 122611 59359 146229 91128 47051 13323 91402 85439 112275 116671 114623 134921 63078 20054 138454 31274 150749 30122 104947 36902 131166 114942 3835 117194 62163 3235 73970 31288 97406 20054,138454,30122,48763,47 50 1,48 51 2,47,48,63,64,16
qseq_18a9d71130956cdf,calibration,length_64_gap_16,qcluster_calibration_0013,qbank_calibration_97bd6b8e0376,142604 110870 139913 132216 94215 86964 34130 127399 45658 108020 58450 45343 114578 33839 2714 42478 77234 11461 10951 9113 98520 41673 33122 99458 29708 102297 121000 11608 128998 57993 114014 130098 115691 85955 87766 43828 22324 124077 121393 114623 125151 68461 55445 6978 70796 107751 64722 104731 47146 127219 142149 14804 84331 66381 16764 133002 69752 110625 148011 29300 106027 64206 136207 104731,47146,29300,22324,47 58 35,48 59 36,47,48,63,64,16
qseq_75ccefef0476ca79,calibration,length_64_gap_16,qcluster_calibration_0014,qbank_calibration_97bd6b8e0376,129893 54127 137643 35145 123383 115183 62182 108521 94755 30887 145339 1978 25887 114398 55787 114411 130800 74317 137628 9791 6769 116144 117871 147981 124158 141184 116786 76334 114841 145766 141465 92798 94471 93520 104686 48389 147851 124667 29924 118858 26140 24604 7793 117856 109912 136731 138513 98719 104518 10574 13000 62580 90843 136489 138760 30424 57981 9388 61183 94414 52702 119406 146314 98719,104518,61183,52702,47 57 59,48 58 60,47,48,63,64,16
qseq_9d517cf63e0b4665,calibration,length_64_gap_16,qcluster_calibration_0015,qbank_calibration_97bd6b8e0376,41175 142552 130178 27479 56686 101545 148472 69357 7557 20054 2814 25251 86098 80079 50171 139764 21033 87847 124625 143242 20176 73510 6613 98245 112861 124545 115564 112074 79539 69399 99684 29705 97136 107347 129394 55779 79177 61647 50391 56896 88539 62290 17063 25740 3897 42544 15601 16271 99505 29811 32060 99472 70561 71433 36902 92007 47069 146892 50221 66764 43569 50343 58091 16271,99505,80079,27479,47 12 2,48 13 3,47,48,63,64,16
qseq_a2e8727c50c5f767,calibration,length_64_gap_16,qcluster_calibration_0016,qbank_calibration_97bd6b8e0376,131380 55787 80278 82152 137032 111838 128201 107046 111078 51989 53293 356 37338 134183 27337 109354 30076 54076 116300 134904 100242 131732 94217 46411 55779 96031 62517 147647 88215 111682 57744 96376 95820 64237 147981 101545 147726 15024 141035 131607 125684 93325 104201 61404 151243 131269 10791 74474 138224 98800 85653 21433 78517 22452 61613 59849 130286 132576 134158 135003 14931 144776 69964 74474,138224,134158,85653,47 57 49,48 58 50,47,48,63,64,16
qseq_923667005fa99143,calibration,length_64_gap_16,qcluster_calibration_0017,qbank_calibration_97bd6b8e0376,104686 119597 31541 13469 93463 130571 33601 93889 76088 12753 35765 124140 144124 81548 52063 107285 96406 119351 124951 9791 40913 72461 89327 102161 8186 5350 61878 2537 38289 57946 62688 94263 15411 145044 27063 34068 32101 51630 147032 32060 151019 150435 73099 7970 107967 85381 91128 9590 89706 68864 54593 31189 3020 35359 30244 133976 140482 142787 74711 150255 15458 32595 146173 9590,89706,15411,93889,47 31 6,48 32 7,47,48,63,64,16
qseq_d351c122760f1925,calibration,length_64_gap_16,qcluster_calibration_0018,qbank_calibration_97bd6b8e0376,82946 144407 95801 104445 29984 119574 4114 16733 79115 145444 19293 28779 1400 6978 84716 70676 16446 87766 13236 55440 56840 140125 261 3412 9707 81330 26221 85401 25687 60087 92798 41206 150172 101185 29898 19304 49916 36574 58302 74592 35719 20928 113657 95802 62992 92772 136892 85955 87340 107591 94471 106645 129917 46004 13397 127006 97488 41051 127277 104183 61680 126494 56154 85955,87340,58302,95802,47 37 42,48 38 43,47,48,63,64,16
qseq_95f0c08f1c16a132,calibration,length_64_gap_16,qcluster_calibration_0019,qbank_calibration_97bd6b8e0376,45161 43740 99563 30129 70169 27674 62935 103099 118395 6105 5976 85439 65879 42285 150779 92614 130332 124028 146407 56380 83491 85128 132428 45050 14482 109613 144925 36211 77697 143016 18106 2322 102511 25261 51630 121145 33532 62841 40912 137919 105030 145444 74736 107285 135745 21697 65083 15994 97809 25887 16421 148942 138963 100159 14704 7453 51892 69702 52945 106719 99533 105455 64622 15994,97809,65083,7453,47 45 54,48 46 55,47,48,63,64,16
qseq_167a4250bddee906,calibration,length_64_gap_16,qcluster_calibration_0020,qbank_calibration_97bd6b8e0376,4824 48588 28257 124951 109041 7879 137924 143734 79689 121809 91650 50547 118600 137236 28105 63207 77674 3887 149986 55023 30065 57929 48619 2908 121145 122856 145661 52627 126017 102511 144631 136574 39635 128943 121909 11092 97607 83491 117981 125994 9953 72345 45579 85566 9175 106996 59481 105418 50554 148495 1977 71549 129805 124447 73712 36159 105700 96437 78332 61235 21342 68100 149758 105418,50554,85566,3887,47 42 16,48 43 17,47,48,63,64,16
qseq_c19f0a7c40ca526e,calibration,length_64_gap_16,qcluster_calibration_0021,qbank_calibration_97bd6b8e0376,81980 44144 69659 141912 7739 7584 93428 60868 40468 72045 26653 4458 134101 73510 38406 83734 117981 30615 105803 113128 87098 36730 801 42260 92686 68252 63934 64237 87101 25135 92772 126326 67691 27600 138820 127438 114801 140518 54314 109261 54472 101746 11608 6635 62741 69425 98862 93967 88512 25534 134391 59921 127602 33928 44167 9702 77559 114307 56270 116537 40421 38641 4715 93967,88512,109261,141912,47 38 2,48 39 3,47,48,63,64,16
qseq_f54e91fa2627aebf,calibration,length_64_gap_16,qcluster_calibration_0022,qbank_calibration_97bd6b8e0376,13961 2663 73654 13811 142298 146304 119679 131504 60534 143667 64742 62467 93844 54281 8790 136253 99833 83267 6411 50756 43747 4824 140125 128593 94926 51070 87541 3439 48763 130286 102003 133527 96041 99766 836 139764 145328 75645 64414 120777 97322 68846 4449 121616 109613 124683 68747 35960 112778 122856 10013 145531 111677 48651 57744 60558 4333 49629 22490 44582 20672 65375 77397 35960,112778,68747,131504,47 45 6,48 46 7,47,48,63,64,16
qseq_aa761d4d2d4470d1,calibration,length_64_gap_16,qcluster_calibration_0023,qbank_calibration_97bd6b8e0376,77859 36393 99553 43988 26164 119175 51913 83958 58101 31796 49886 117664 25552 151379 52997 102924 41678 36189 60429 99063 25878 62366 89147 34893 38339 136637 110711 133527 142431 106851 77936 43570 25400 112647 12852 149214 132060 68204 110685 117279 54715 27478 98296 93463 121741 120368 139871 107239 122449 83767 57892 67591 146878 143330 83267 119004 128846 29287 135127 57946 119954 84197 10798 107239,122449,84197,77936,47 60 29,48 61 30,47,48,63,64,16
qseq_f907ac99be8de89b,calibration,length_64_gap_16,qcluster_calibration_0024,qbank_calibration_97bd6b8e0376,85439 43695 130078 108129 40103 104306 100938 77783 1263 114942 73654 117351 99063 38339 64206 134812 90567 21118 82737 49629 43728 78752 53263 54976 93962 131166 51709 32280 4740 36675 104594 136489 64377 7494 76226 5972 71879 102387 84001 103450 64414 47069 85955 72435 120101 15988 96875 11461 3328 72765 23457 30129 34638 72405 50171 20112 111308 72045 62290 103435 117500 136033 110873 11461,3328,47069,110873,47 40 61,48 41 62,47,48,63,64,16
qseq_8ef8cf2de2f98991,calibration,length_64_gap_16,qcluster_calibration_0025,qbank_calibration_97bd6b8e0376,45167 28721 39554 97771 20328 146888 119120 104462 88649 45297 113023 130230 8790 143982 69667 141508 46611 60691 71341 147437 132644 49009 120193 118538 7738 25757 125952 33808 92426 27161 123623 35687 92667 28150 112090 13307 103451 60249 34638 35327 23916 94948 61633 134381 124158 66524 149615 50258 107123 112759 48872 133741 88793 72736 92913 77118 69631 40634 150779 51707 124516 75408 75486 50258,107123,34638,119120,47 37 5,48 38 6,47,48,63,64,16
qseq_de248eca68ae0495,calibration,length_64_gap_16,qcluster_calibration_0026,qbank_calibration_97bd6b8e0376,147221 101417 109613 44583 28025 58733 50273 89394 118092 132216 111950 145871 26063 48015 69851 75378 15404 111564 9149 13935 31137 26008 139485 69513 97985 23141 105098 21342 116439 16458 107602 25641 92694 149193 31540 101426 6769 109041 148861 66937 1023 115685 123383 119574 882 70965 43988 52021 128553 143670 41304 53982 6214 23457 40421 91509 125305 72050 150867 91530 79177 65802 120193 52021,128553,107602,89394,47 29 6,48 30 7,47,48,63,64,16
qseq_5ed68ddf4b585c7e,calibration,length_64_gap_16,qcluster_calibration_0027,qbank_calibration_97bd6b8e0376,101711 58529 126774 106049 49311 123626 52676 116645 122093 151553 126614 134304 52627 23861 144476 74980 52175 107285 134601 46070 56850 73712 89090 140818 70884 78386 8213 77249 55192 11859 41131 17479 62661 142146 24620 137100 100626 112296 9526 93151 105418 37665 103399 112201 36675 66299 116881 145328 85324 67226 128007 10107 20112 32008 90747 132281 21626 20211 123883 71167 150031 114752 122159 145328,85324,122159,24620,47 61 33,48 62 34,47,48,63,64,16
qseq_efcb5691417db11a,calibration,length_64_gap_16,qcluster_calibration_0028,qbank_calibration_97bd6b8e0376,119096 11000 47780 4748 119564 58020 358 112479 83481 122837 15882 30383 12404 51060 72736 88519 79106 87541 145147 23863 29898 123132 124703 35719 53901 21626 61550 143407 28561 83315 149214 112438 110161 56238 39631 88793 68270 2396 117247 25439 120578 81860 140275 43375 132362 100544 67853 28352 5782 49098 5214 32008 25218 52175 146219 74295 30129 20477 139913 45297 27928 21925 22316 28352,5782,53901,140275,47 23 41,48 24 42,47,48,63,64,16
qseq_13d7e9e365b972ba,calibration,length_64_gap_16,qcluster_calibration_0029,qbank_calibration_97bd6b8e0376,12817 33808 135673 9424 76593 40170 113864 71918 20672 50071 91136 117871 14518 39854 112065 4543 127602 130078 18176 35123 25126 134074 96522 53901 36650 18930 25803 117057 76049 124667 82385 43701 65942 30827 94215 67433 97849 64482 3167 62337 150842 134812 50499 134385 75944 126024 53611 133090 21467 84308 79889 60087 87438 96926 87754 26572 47240 58100 19176 28690 117351 58265 128518 133090,21467,87438,87754,47 51 53,48 52 54,47,48,63,64,16
qseq_37738f739d9cf146,calibration,length_64_gap_16,qcluster_calibration_0030,qbank_calibration_97bd6b8e0376,41678 102963 117800 144590 53233 38755 122111 29898 34335 38898 151380 113864 104863 59953 42478 143602 134657 112479 40521 79115 137474 99245 8455 151011 32089 137368 113938 36292 124683 36189 4114 32827 55570 148155 60086 5671 141898 84483 125982 56147 49360 146937 140015 104800 21626 123487 24940 13432 55612 139625 82821 149758 138820 35839 107140 122963 29578 131773 62290 37199 127445 13305 110625 13432,55612,29578,112479,47 55 16,48 56 17,47,48,63,64,16
qseq_595ff347879610a1,calibration,length_64_gap_16,qcluster_calibration_0031,qbank_calibration_97bd6b8e0376,144224 108346 16925 32682 43924 26036 104949 48015 14994 54303 129753 53263 119799 39631 79368 80358 94215 105700 80898 2813 22153 49586 72050 123340 146951 19601 93456 65289 58083 72117 51000 95879 118023 92801 9425 3240 97113 103391 79856 84355 9112 30334 105044 87481 100157 52928 83892 140892 7118 90345 97670 130697 121775 69667 143203 24504 66796 74674 114298 36675 145229 14819 40542 140892,7118,129753,130697,47 9 50,48 10 51,47,48,63,64,16
qseq_51daa7955e50833f,calibration,length_64_gap_16,qcluster_calibration_0032,qbank_calibration_97bd6b8e0376,58789 145147 56906 109159 142787 50621 50101 4818 42810 146179 61101 36252 24504 7793 134391 65733 76298 41678 21561 132848 42566 6229 83491 60475 44332 14124 10951 15282 112196 55503 144940 147851 52928 107285 29551 99684 25835 97423 52672 98238 91530 104800 91877 121519 94366 121177 124703 119157 4333 135781 30215 118655 32906 132169 130286 44889 143170 133739 100443 16271 43319 99505 14018 119157,4333,41678,50101,47 16 5,48 17 6,47,48,63,64,16
qseq_cad01f37afcfa827,calibration,length_64_gap_16,qcluster_calibration_0033,qbank_calibration_97bd6b8e0376,122579 60372 108433 118858 80737 106057 97322 56686 50258 134158 892 8404 99781 60223 38229 26559 10328 124077 110819 28879 60320 113873 82826 681 134604 16991 40862 143710 122798 49164 14989 19713 143170 113546 44506 143602 20443 140518 132734 92039 92278 42797 147726 73712 36189 120813 104142 76222 20119 4792 8733 55774 124326 127556 146760 12296 63027 43570 145875 148973 43797 67688 99472 76222,20119,113873,42797,47 20 40,48 21 41,47,48,63,64,16
qseq_533152edbf38a8ce,calibration,length_64_gap_16,qcluster_calibration_0034,qbank_calibration_97bd6b8e0376,76799 66524 68588 45682 122918 80387 113329 12095 119594 52390 75369 40634 93456 6126 57051 117934 67433 65879 33367 132362 145875 76145 3304 11435 109894 99458 119524 44582 105631 66643 8220 34506 17652 76660 141367 113008 45680 87731 80606 51429 103334 16555 144180 123734 31224 146405 74474 131305 15007 147534 90885 9282 81387 67536 137191 57053 52928 58753 109261 108551 33895 135756 120813 131305,15007,109894,16555,47 23 40,48 24 41,47,48,63,64,16
qseq_2e8e3129d5a06e85,calibration,length_64_gap_16,qcluster_calibration_0035,qbank_calibration_97bd6b8e0376,62461 96653 34893 31249 108020 91024 74671 72543 128396 36562 120246 132737 4360 9149 675 97406 140826 80235 117743 44800 134946 68528 26221 70435 28033 114298 45348 52109 146327 88614 54715 4849 36814 1400 117800 141449 122632 8681 127399 64477 78660 121519 106003 22153 44092 108935 147981 142295 93882 117991 132793 52928 58100 114763 105955 119564 138591 94685 21583 128439 134385 71414 46553 142295,93882,8681,21583,47 36 57,48 37 58,47,48,63,64,16
qseq_49d4c652e04ac34f,calibration,length_64_gap_16,qcluster_calibration_0036,qbank_calibration_97bd6b8e0376,109613 59853 38483 84355 407 66598 142690 12555 95776 112438 145965 142967 15091 142150 119524 133379 25251 48678 151417 93151 58413 65211 33213 139582 39245 123902 62661 120246 136892 149986 7118 31189 73275 114211 58625 8228 25757 6744 15404 117650 95687 46070 130969 11893 27479 13850 124272 77936 17204 102403 58083 106936 2450 44253 75872 31261 78743 112275 39554 57970 76289 111838 90946 77936,17204,15404,31189,47 37 30,48 38 31,47,48,63,64,16
qseq_fb372fbc7132d0b1,calibration,length_64_gap_16,qcluster_calibration_0037,qbank_calibration_97bd6b8e0376,39104 87766 37276 105282 122805 122965 108009 118347 31207 137720 11435 55397 82821 114623 96041 24811 137145 49905 1061 2969 60995 37656 4748 16299 49394 129290 109222 1109 31137 79228 132284 83143 111990 9042 7122 76487 65437 19917 138591 87382 57634 4715 90087 107046 132060 122856 60681 139862 47780 41888 57929 73652 94705 273 38633 58034 23457 136462 105637 35160 75766 137847 63557 139862,47780,57929,136462,47 49 56,48 50 57,47,48,63,64,16
qseq_73a14d8dfff6104b,calibration,length_64_gap_16,qcluster_calibration_0038,qbank_calibration_97bd6b8e0376,10013 83366 143454 127858 56034 50101 53783 143982 65773 116030 14181 134101 44253 111775 78985 104165 73712 117856 3837 24390 150793 86082 145183 12095 137236 137017 82831 126139 66643 106831 74980 130115 116391 24510 149371 106919 145689 130712 130401 101746 132003 94217 64742 4333 623 13054 121519 11623 4656 110873 2251 145871 113765 62741 8404 151380 25854 34657 62118 10310 110161 134921 92798 11623,4656,53783,24510,47 5 32,48 6 33,47,48,63,64,16
qseq_f0a379ff2ac3452e,calibration,length_64_gap_16,qcluster_calibration_0039,qbank_calibration_97bd6b8e0376,33943 128531 89406 127573 150670 104165 150031 2969 106203 12419 121384 22687 92798 7072 836 67843 64742 24884 141643 14055 59359 91877 21723 151417 136574 33217 143710 44078 29578 117500 28772 28690 97151 35523 36189 138016 122159 87927 37282 19287 74346 147876 67837 131840 144567 58625 77163 78076 127863 80278 124516 128647 112981 42566 84197 46070 141367 85401 147032 117682 77455 126024 116855 78076,127863,28690,126024,47 30 60,48 31 61,47,48,63,64,16
qseq_53ada2e6c8be865c,calibration,length_64_gap_16,qcluster_calibration_0040,qbank_calibration_97bd6b8e0376,122363 90305 100544 88539 568 74657 16569 78399 120381 73099 105455 24604 32778 13199 10558 46852 118850 67853 4579 64997 85197 108378 64622 43983 67591 143826 56380 24641 21071 22033 57892 93861 76731 81766 113793 36574 123200 104982 57465 38880 46510 130462 100236 114942 41975 134921 94191 14913 140250 56563 9791 48365 112809 32621 132156 44699 25281 136609 109354 42818 55886 139673 80027 14913,140250,48365,105455,47 50 9,48 51 10,47,48,63,64,16
qseq_e40d762b82246357,calibration,length_64_gap_16,qcluster_calibration_0041,qbank_calibration_97bd6b8e0376,131465 119096 81304 98719 41672 85566 77525 119574 122363 117057 91828 92772 87481 118004 66643 38569 104152 142150 134946 36994 15377 61209 52326 119756 22678 127518 134074 126672 123734 9149 86917 57913 111878 138591 16576 1096 75574 568 62992 132284 1109 70561 94508 78660 102527 76487 79261 60466 42346 11997 114139 43538 45658 53293 26829 61633 60284 112759 138474 132737 29524 104947 8403 60466,42346,127518,138591,47 24 32,48 25 33,47,48,63,64,16
qseq_df6287056c1d32c9,calibration,length_64_gap_16,qcluster_calibration_0042,qbank_calibration_97bd6b8e0376,118019 17063 112676 43319 38295 113963 102407 60 43742 105310 49663 10728 59096 116091 126139 99063 95879 142552 60545 55762 60320 76226 67884 1096 150031 77919 27479 143350 15458 20176 9048 9970 139673 22592 493 135127 114211 32621 35827 31371 74980 149538 26572 69702 142797 39854 92821 148011 128093 79889 23767 6349 7122 136506 64377 112844 137792 124231 119499 51561 24390 29475 119793 148011,128093,142552,99063,47 16 14,48 17 15,47,48,63,64,16
qseq_7b4bb6ba143412ab,calibration,length_64_gap_16,qcluster_calibration_0043,qbank_calibration_97bd6b8e0376,11815 130571 75369 58529 52470 5782 7389 75010 14931 36252 55169 83685 76651 22324 94215 20748 21899 72427 22578 93456 1919 96330 98487 54494 116786 31249 38289 140335 101745 52876 45348 134604 24884 32920 27089 144993 111591 21372 128060 11071 104201 66349 40087 49098 61739 51766 87927 32032 57952 80898 48573 132793 139327 102407 5547 101711 106513 40611 99063 29524 54281 59096 74548 32032,57952,22578,14931,47 17 7,48 18 8,47,48,63,64,16
qseq_9e7f39d25506728f,calibration,length_64_gap_16,qcluster_calibration_0044,qbank_calibration_97bd6b8e0376,127801 3054 89360 22834 17077 89942 99620 131941 130661 20928 77397 67516 106337 92039 102034 105955 30244 62738 48678 27785 91024 116881 99680 61132 74623 32857 82331 94406 59038 103334 11703 81791 14804 27049 8511 112845 46745 140639 88956 107128 18413 134018 146131 40224 74592 82072 116701 32972 38229 49039 9425 134024 27161 95933 138235 80235 103860 21342 79880 4554 25740 121809 21217 32972,38229,48678,18413,47 17 39,48 18 40,47,48,63,64,16
qseq_9ce3bb75f6ac9444,calibration,length_64_gap_16,qcluster_calibration_0045,qbank_calibration_97bd6b8e0376,113178 83685 2083 91703 130172 149615 109791 60403 38569 135437 78657 32972 88512 30692 121145 65733 88488 39245 48389 72839 8220 34506 15289 130116 140185 108416 103538 146937 116674 51603 72540 84368 121519 7041 64572 103974 144938 25795 108373 73218 45161 57728 62366 129047 98929 122371 6411 50854 25803 10146 56658 37656 98759 61272 14554 86524 139219 33213 98943 65773 134183 51496 112861 50854,25803,73218,122371,47 38 44,48 39 45,47,48,63,64,16
qseq_362b98464d6eede5,calibration,length_64_gap_16,qcluster_calibration_0046,qbank_calibration_97bd6b8e0376,60814 140653 95127 93861 150779 81240 131306 66643 135283 62841 4766 147255 74671 55503 107198 92565 94497 8398 39771 13324 123878 131424 131527 14324 15256 36730 114590 145862 72384 4792 117919 94366 151109 25610 5265 8242 97771 14552 46745 147291 46611 143588 7970 47240 144180 82969 31765 38454 59 150670 131672 45343 63888 40170 50554 102433 6883 16691 25803 149774 67591 34281 66034 38454,59,5265,62841,47 33 8,48 34 9,47,48,63,64,16
qseq_e3e0a1f25333f720,calibration,length_64_gap_16,qcluster_calibration_0047,qbank_calibration_97bd6b8e0376,87098 47069 118348 39434 91957 312 25273 137368 63683 1831 122135 103569 126774 115685 85459 57532 83267 15007 122490 7105 28063 119024 56850 109261 130844 65879 32808 122579 75285 92694 31274 79261 127438 93962 94414 48847 10407 129290 104917 48313 62366 13961 132310 13054 104620 36457 122798 14091 49360 65649 98487 134904 87634 108306 111990 138560 83632 30377 135091 31904 119643 130965 143599 14091,49360,85459,92694,47 13 28,48 14 29,47,48,63,64,16
qseq_85dffb5c17e1f712,calibration,length_64_gap_16,qcluster_calibration_0048,qbank_calibration_97bd6b8e0376,112201 10470 22336 1513 42163 112676 112646 120368 44092 52073 36189 68461 139327 43747 41695 25071 129055 129118 14994 140125 149399 31217 29524 140639 126157 121642 46842 74873 102289 119051 78985 94191 120507 78224 28690 69974 108433 43375 60403 44913 78837 139538 26164 139691 144526 64622 143722 23916 21723 88519 484 144776 62461 40634 114035 56063 62177 47146 3235 44889 25687 137257 21084 23916,21723,41695,42163,47 13 3,48 14 4,47,48,63,64,16
qseq_110d2f3f96f058f0,calibration,length_64_gap_16,qcluster_calibration_0049,qbank_calibration_97bd6b8e0376,80837 33122 97013 8455 23861 35685 3898 27928 42401 11212 131802 143982 79804 44180 62738 145383 46826 89942 103048 96653 89044 121909 120491 55192 73950 15968 138634 94755 113164 79786 42285 13266 94406 134724 106603 60854 139486 127438 94497 30383 107263 60466 23239 19079 98555 41695 67591 46807 16130 9618 8884 23457 100242 14447 103860 86935 7738 21807 108433 120193 81722 36902 102522 46807,16130,67591,131802,47 45 9,48 46 10,47,48,63,64,16
qseq_a785c328044cba3e,calibration,length_64_gap_16,qcluster_calibration_0050,qbank_calibration_97bd6b8e0376,27928 108907 95266 150734 23793 4184 42485 64622 67852 97384 13000 62118 41350 10798 121000 117991 103569 51445 80782 39854 122772 138441 102433 51478 42046 18151 143633 142787 55131 623 125982 101653 28025 69884 101801 46925 122851 77977 53355 66057 111584 142298 56441 81766 42818 81248 150255 37199 113657 132310 48389 56407 117115 115163 108753 144526 111682 23565 151379 99533 73439 21561 116372 37199,113657,116372,95266,47 61 1,48 62 2,47,48,63,64,16
qseq_2e0b365bac39118a,calibration,length_64_gap_16,qcluster_calibration_0051,qbank_calibration_97bd6b8e0376,111591 45837 147291 50071 57158 67586 125982 127490 109720 95869 129019 144524 47736 16949 312 89810 117486 68270 39822 43646 69399 49432 4360 74548 87893 140716 58625 87318 143667 24390 96452 118348 84408 21342 75544 15007 124429 147726 93456 43747 28292 33943 118850 97906 13537 6667 49586 103645 65375 87395 45651 62661 85816 30953 45658 139327 80837 65437 32884 142312 83734 136357 91703 103645,65375,96452,67586,47 29 4,48 30 5,47,48,63,64,16
qseq_e2cb634cd5b27d41,calibration,length_64_gap_16,qcluster_calibration_0052,qbank_calibration_97bd6b8e0376,1291 93237 74137 19703 62992 62290 129753 73083 108433 12519 24556 96575 84299 67837 145383 99333 54281 114627 35123 71879 75944 64997 3348 38295 66057 29551 149775 55503 93121 34345 73636 143696 62366 41695 3282 67785 93463 124077 120246 46567 112120 146032 32778 882 104731 114883 141624 77559 133090 124116 135239 66381 103435 11472 118858 85128 55787 74019 89099 37455 2396 81656 149098 77559,133090,85128,37455,47 54 58,48 55 59,47,48,63,64,16
qseq_ec119f5771fe42ec,calibration,length_64_gap_16,qcluster_calibration_0053,qbank_calibration_97bd6b8e0376,11909 73590 91509 27183 84716 42285 10951 48389 73652 135239 97423 115626 114218 116674 16325 138760 117981 83678 75285 143616 31178 65437 119789 57686 103451 13961 107602 21695 90937 97384 92694 95829 59788 25671 10791 3887 112479 36189 131729 134381 142810 53148 98633 111687 144776 121575 119051 35460 43988 128647 81304 120619 87777 60500 87716 36294 60681 88614 77614 101812 138469 56745 92461 35460,43988,138469,114218,47 59 11,48 60 12,47,48,63,64,16
qseq_de26bcd4e814a4d0,calibration,length_64_gap_16,qcluster_calibration_0054,qbank_calibration_97bd6b8e0376,112438 37240 2757 108935 78386 90656 57970 112275 35145 13811 2138 127178 64622 68608 57727 135225 8683 39861 112658 6635 121363 19601 74159 145862 132284 145144 93171 43863 121907 8692 56861 28292 80740 47240 120478 75522 142045 12817 62461 39061 67939 95829 89942 67884 80027 147221 130969 120193 52063 79268 13305 39993 132216 72795 21153 2237 76471 80697 3719 31178 3439 82863 30953 120193,52063,67884,64622,47 42 11,48 43 12,47,48,63,64,16
qseq_f5ead119402a3b52,calibration,length_64_gap_16,qcluster_calibration_0055,qbank_calibration_97bd6b8e0376,92039 7557 85653 71197 14055 7807 50127 62461 25439 20019 71167 129805 39822 137938 87775 74657 121780 144476 98410 124103 80032 14994 7122 109859 132169 31541 68107 134946 33564 85768 128943 138750 127854 45615 20446 56859 130619 110870 32742 62290 28100 62935 15053 107497 108907 134018 79268 104594 74548 63411 75933 119749 39414 60727 121575 49311 119004 12817 107347 56407 76649 141465 132537 104594,74548,74657,134018,47 14 44,48 15 45,47,48,63,64,16
qseq_1bb873b030212959,calibration,length_64_gap_16,qcluster_calibration_0056,qbank_calibration_97bd6b8e0376,64477 3412 134946 71326 63078 85401 65608 55445 103348 134999 69964 58709 71150 146937 59963 14527 71282 79804 19287 39771 5547 32008 98555 101387 98520 97406 59631 14819 130172 137257 81085 125994 64283 142967 145408 45525 109354 104501 88025 33958 90701 43701 87382 8242 14704 25478 118292 95585 50427 43646 128842 135850 114432 19304 94263 70435 119351 113765 92614 132848 52470 1591 22316 95585,50427,97406,45525,47 24 34,48 25 35,47,48,63,64,16
qseq_a560211be287fabd,calibration,length_64_gap_16,qcluster_calibration_0057,qbank_calibration_97bd6b8e0376,21695 91828 57707 12883 14193 60545 107034 41942 124326 9377 62366 70965 40164 36513 118445 42485 37007 127731 117351 24930 110711 143350 116674 31975 10228 135091 33339 117991 5547 140275 129592 50324 123522 79804 147851 47040 106815 104201 131898 69357 138224 10176 84591 15721 89394 28100 137032 124865 95518 19832 5859 23863 107653 102775 128108 6229 50316 84414 127490 83993 8220 119662 21899 124865,95518,116674,33339,47 21 25,48 22 26,47,48,63,64,16
qseq_fd8c4954d9b1f256,calibration,length_64_gap_16,qcluster_calibration_0058,qbank_calibration_97bd6b8e0376,140125 95961 108429 30615 135916 10003 96376 48130 140215 88793 51000 142135 77936 71918 19872 39061 111078 8873 79810 79476 7739 105582 127615 38898 493 52713 40612 142146 150031 29811 148406 19703 22269 42401 142486 57634 145383 68252 33943 84299 144567 75010 138225 69012 51429 98888 37963 35160 55570 137997 3897 149387 116836 115435 36084 105455 46553 106498 9593 39035 47041 31658 14447 35160,55570,105582,98888,47 20 44,48 21 45,47,48,63,64,16
qseq_1661341ce73265dc,calibration,length_64_gap_16,qcluster_calibration_0059,qbank_calibration_97bd6b8e0376,102294 29385 33564 125151 28842 102522 51060 129470 73371 59189 56441 107095 46567 147032 55779 132310 14324 23141 37240 145339 56859 103048 14018 123487 13850 1973 126416 31796 52212 75477 114068 52743 136056 56147 89825 102118 98489 86964 137997 5849 142431 99876 139760 30424 9425 44078 33928 128396 85630 91885 144606 90615 80278 55843 22335 72812 149538 87690 21723 112479 7363 118600 102013 128396,85630,51060,9425,47 5 43,48 6 44,47,48,63,64,16
qseq_9686cbfbe8835d2f,calibration,length_64_gap_16,qcluster_calibration_0060,qbank_calibration_97bd6b8e0376,70169 139691 140826 32682 43249 9278 73324 18805 7494 59481 75833 11612 105304 75637 48394 135405 109633 81387 114307 16457 84185 116606 21433 24563 136731 60770 129804 38406 133504 5429 118054 26274 52964 146256 8336 47543 21479 47051 2251 40224 146888 33028 91336 132169 33532 95041 124478 4297 110966 21467 36730 58612 73970 49885 58091 29190 7586 137898 132821 114411 78751 95829 122159 4297,110966,75833,18805,47 9 6,48 10 7,47,48,63,64,16
qseq_411bb4d0a294a5bb,calibration,length_64_gap_16,qcluster_calibration_0061,qbank_calibration_97bd6b8e0376,67688 72461 3412 25687 85288 104152 70965 22490 20554 65210 273 56825 52997 35523 139486 143016 3719 135166 29472 151003 147647 120381 85000 79227 28100 130096 8837 25418 28706 8242 110873 74690 109937 50547 9953 15988 8455 116881 9377 133002 121642 61235 130115 41175 132677 8741 49963 95393 85261 74674 72124 101745 89825 68608 122490 3240 107602 43461 14819 113834 45680 9618 66482 95393,85261,49963,89825,47 45 51,48 46 52,47,48,63,64,16
qseq_05686d249b2136f1,calibration,length_64_gap_16,qcluster_calibration_0062,qbank_calibration_97bd6b8e0376,110402 104445 117065 140799 99103 10533 89739 149747 35393 101426 116578 115741 112807 73970 44583 75285 106899 72405 108753 40490 71105 135932 67536 40164 92913 143170 142822 82433 84469 59247 11909 145408 138474 36465 62688 31920 568 91128 48355 9593 142875 20019 104199 140668 11601 12996 102297 107647 96267 114953 50143 85570 40611 106337 127930 119499 8192 80358 108378 150749 52627 91177 28150 107647,96267,568,140799,47 35 2,48 36 3,47,48,63,64,16
qseq_04bf0b742b62d6fe,calibration,length_64_gap_16,qcluster_calibration_0063,qbank_calibration_97bd6b8e0376,31812 76088 130965 13811 94486 94572 143375 101812 144767 130571 80278 136489 125304 26572 47051 11808 62467 21277 123468 4717 44506 2047 110644 142453 73099 83632 60814 92225 117486 51630 96452 126494 36562 1028 103974 72302 51043 4536 1 109005 14700 74657 122115 63027 57623 36059 148406 151243 56906 81085 32920 124272 29600 51913 68306 5972 11703 143170 112275 138474 92461 102575 97369 151243,56906,13811,26572,47 2 12,48 3 13,47,48,63,64,16
qseq_1da0c4cced51e0d9,locked_test,length_32_gap_8,qcluster_locked_test_0000,qbank_locked_test_066dd1f657c3,138314 117313 145246 82620 101266 59236 59570 5013 126593 89723 20790 52210 40990 77675 44494 5306 148925 4340 44644 26544 39947 141572 40999 69057 20999 63376 116724 119797 148564 134066 102251 69057,20999,119797,5013,23 26 6,24 27 7,23,24,31,32,8
qseq_a34136cc84ecfc95,locked_test,length_32_gap_8,qcluster_locked_test_0001,qbank_locked_test_066dd1f657c3,36499 79230 106356 5074 98281 73817 68465 115259 142889 148454 151079 87072 108494 91398 77480 109416 90993 76023 9615 54318 117081 65395 135690 46779 131282 84957 51659 100708 84037 67467 46598 46779,131282,148454,51659,23 8 25,24 9 26,23,24,31,32,8
qseq_f1bb45c044406460,locked_test,length_32_gap_8,qcluster_locked_test_0002,qbank_locked_test_066dd1f657c3,94531 85241 148195 5275 104269 6670 89351 65441 131921 22816 109739 46030 11619 149046 140397 101645 52093 129417 125957 44723 40130 3558 40440 7763 145634 148467 111824 122152 121261 44586 33117 7763,145634,104269,89351,23 3 5,24 4 6,23,24,31,32,8
qseq_1c51dfc69f2a653d,locked_test,length_32_gap_8,qcluster_locked_test_0003,qbank_locked_test_066dd1f657c3,148938 47872 19884 76151 82799 18156 56577 132443 146950 127693 125489 89948 51929 144015 13247 18731 22637 91712 76690 121647 50597 70146 16916 31049 115751 33117 116853 55040 109644 83867 101590 31049,115751,55040,19884,23 26 1,24 27 2,23,24,31,32,8
qseq_fe7f5055bcfa640e,locked_test,length_32_gap_8,qcluster_locked_test_0004,qbank_locked_test_066dd1f657c3,18731 148469 98364 49140 63244 44805 147873 26255 64701 86161 53942 55785 12201 100793 54520 54589 92180 151079 21984 149432 95129 118887 88059 43063 94212 47552 149675 60353 60833 59776 12958 43063,94212,60353,118887,23 26 20,24 27 21,23,24,31,32,8
qseq_743241ccbdae67ba,locked_test,length_32_gap_8,qcluster_locked_test_0005,qbank_locked_test_066dd1f657c3,101644 134797 23089 83369 144889 46889 115731 64100 27915 1706 15087 81013 66 117266 55398 96230 32835 92182 102064 128492 125471 9979 112517 67851 65205 114554 80973 59387 51659 37617 2560 67851,65205,51659,80973,23 27 25,24 28 26,23,24,31,32,8
qseq_9b556b6927ca4a47,locked_test,length_32_gap_8,qcluster_locked_test_0006,qbank_locked_test_066dd1f657c3,118835 103398 127050 103637 51114 136144 140126 43481 45952 15843 37381 18745 112758 6838 109820 35522 111718 64397 36657 36234 69694 119865 11885 101149 120264 17667 11015 85767 67467 20613 108929 101149,120264,11015,108929,23 25 29,24 26 30,23,24,31,32,8
qseq_fa0078c17dc4338b,locked_test,length_32_gap_8,qcluster_locked_test_0007,qbank_locked_test_066dd1f657c3,80768 52847 14778 62598 23707 147684 117081 48020 14966 44586 17246 5275 46341 133637 149675 128185 119796 78158 18572 137570 96159 12046 125411 10579 150774 68109 60360 118672 58370 25242 101517 10579,150774,17246,96159,23 9 19,24 10 20,23,24,31,32,8
qseq_8b6a047af91d4d7c,locked_test,length_32_gap_8,qcluster_locked_test_0008,qbank_locked_test_066dd1f657c3,16262 37726 45998 112321 76116 142471 84615 57141 26071 144122 72322 79738 38190 58764 68176 86622 33763 61297 80045 107146 41104 129223 7582 102304 130814 81820 87262 104160 63570 117363 97145 102304,130814,76116,72322,23 3 9,24 4 10,23,24,31,32,8
qseq_4cd7b29d3f26710e,locked_test,length_32_gap_8,qcluster_locked_test_0009,qbank_locked_test_066dd1f657c3,148432 151421 136776 108840 83056 85305 35977 61730 95566 35039 140571 56266 97913 45003 149401 143195 97101 45021 20841 131491 116672 2560 47926 86287 135257 60670 71629 56199 17268 139409 104904 86287,135257,56199,20841,23 26 17,24 27 18,23,24,31,32,8
qseq_2cb58a5dbefd07b1,locked_test,length_32_gap_8,qcluster_locked_test_0010,qbank_locked_test_066dd1f657c3,131116 13585 72128 104145 100123 65266 85533 79992 56945 147028 32435 127835 11178 45645 118682 148221 102304 39575 66180 116527 85119 135837 75963 94290 139126 120986 51059 38558 62593 19365 118310 94290,139126,104145,127835,23 2 10,24 3 11,23,24,31,32,8
qseq_c10f23e5ba566761,locked_test,length_32_gap_8,qcluster_locked_test_0011,qbank_locked_test_066dd1f657c3,145946 105817 98146 66490 77008 4505 144510 97120 74678 133870 135623 61074 148643 47926 78497 61286 9030 146977 4340 1631 43212 93475 61994 141692 52823 98778 102893 96609 90565 5510 113842 141692,52823,144510,93475,23 5 20,24 6 21,23,24,31,32,8
qseq_2fe73a115ed444ac,locked_test,length_32_gap_8,qcluster_locked_test_0012,qbank_locked_test_066dd1f657c3,43774 31311 118762 90493 9392 139430 128295 137942 72840 141585 61666 141762 37366 131377 6637 59824 2323 84493 131350 46216 68343 9251 62566 137849 137780 21712 73508 149401 37109 12947 93133 137849,137780,31311,131350,23 0 17,24 1 18,23,24,31,32,8
qseq_a22d05fac0d8a0d0,locked_test,length_32_gap_8,qcluster_locked_test_0013,qbank_locked_test_066dd1f657c3,12328 13927 27295 140779 32935 30307 1405 110461 60263 111566 4146 18504 145949 142652 26719 128804 145441 90167 16166 14485 149025 74883 66111 88059 64980 87298 64767 57580 108118 138779 48014 88059,64980,48014,60263,23 29 7,24 30 8,23,24,31,32,8
qseq_9f6f2c446634a963,locked_test,length_32_gap_8,qcluster_locked_test_0014,qbank_locked_test_066dd1f657c3,45819 127502 128869 73817 79136 9615 17394 85654 89323 102064 26146 77432 86287 41844 101499 137656 107169 105548 78158 99603 81820 41847 82273 73301 68536 128638 131037 124181 35351 102687 11015 73301,68536,79136,78158,23 3 17,24 4 18,23,24,31,32,8
qseq_bbcff6e62e4bd4f5,locked_test,length_32_gap_8,qcluster_locked_test_0015,qbank_locked_test_066dd1f657c3,51737 40999 150681 54598 22905 71603 32408 105248 20986 124784 121110 35138 2448 84821 14129 91659 44776 55658 123773 99139 144220 34208 72369 118611 91053 14966 77652 147660 26482 21871 57082 118611,91053,150681,144220,23 1 19,24 2 20,23,24,31,32,8
qseq_47a4965ddbc866af,locked_test,length_32_gap_8,qcluster_locked_test_0016,qbank_locked_test_066dd1f657c3,146190 36899 120168 54476 66566 121378 61744 13559 84383 70419 98019 54398 25040 37936 83869 2746 65991 59487 53913 23617 124935 25594 63969 115247 18992 97719 19211 61655 121647 51386 73703 115247,18992,25594,19211,23 20 25,24 21 26,23,24,31,32,8
qseq_da4cfe2ac03fd440,locked_test,length_32_gap_8,qcluster_locked_test_0017,qbank_locked_test_066dd1f657c3,118247 105314 116057 144102 9249 40405 140571 96510 139576 26719 51659 141249 114344 120385 13131 97260 77412 101645 1118 36499 8501 78293 34579 47108 41993 47308 8835 58668 13480 66991 84043 47108,41993,116057,140571,23 1 5,24 2 6,23,24,31,32,8
qseq_bcf22a1c93b44f1a,locked_test,length_32_gap_8,qcluster_locked_test_0018,qbank_locked_test_066dd1f657c3,94290 41199 141249 146773 68625 114140 146913 37044 6314 104038 83022 89948 108250 66111 148564 112488 8339 8507 88233 47751 33905 96986 20151 150373 101814 68349 2782 113185 133259 44018 106283 150373,101814,108250,37044,23 11 6,24 12 7,23,24,31,32,8
qseq_8a2f8ee5829f98d2,locked_test,length_32_gap_8,qcluster_locked_test_0019,qbank_locked_test_066dd1f657c3,59463 15616 28101 13851 18047 12110 142574 94500 126038 60906 18315 98308 115259 136626 120758 85774 125957 112026 100537 125802 69881 12767 72688 73946 121002 40574 35351 9308 7552 63212 47470 73946,121002,7552,15616,23 27 0,24 28 1,23,24,31,32,8
qseq_9b0d097e6539883f,locked_test,length_32_gap_8,qcluster_locked_test_0020,qbank_locked_test_066dd1f657c3,54476 5988 23608 43949 22511 36226 148474 30921 2421 86558 128655 107355 44845 41833 15028 92665 97595 80865 88163 85654 133637 93475 122885 118334 65771 67307 71640 12650 133645 80066 4909 118334,65771,85654,133645,23 18 27,24 19 28,23,24,31,32,8
qseq_579706fdb1a1947b,locked_test,length_32_gap_8,qcluster_locked_test_0021,qbank_locked_test_066dd1f657c3,54460 42866 9339 125274 13699 16012 5510 116559 104880 91659 130854 53172 113263 119039 71640 79992 54080 101630 92566 68659 98399 36899 84821 105444 21304 26489 84493 99639 40569 44731 20330 105444,21304,36899,92566,23 20 17,24 21 18,23,24,31,32,8
qseq_e85588a859da0e69,locked_test,length_32_gap_8,qcluster_locked_test_0022,qbank_locked_test_066dd1f657c3,75342 30522 54708 24888 116021 63765 71609 132660 21262 70761 81820 111566 8637 76523 113475 44494 49977 104267 9383 91222 27416 108840 105172 60762 138512 79230 37233 67973 99534 39797 126038 60762,138512,39797,132660,23 28 6,24 29 7,23,24,31,32,8
qseq_e2c44c57fbc91b78,locked_test,length_32_gap_8,qcluster_locked_test_0023,qbank_locked_test_066dd1f657c3,127980 20490 143517 52536 114303 144696 43335 21386 46735 88270 31489 80616 6715 41285 123071 58543 34776 74799 138629 137768 23608 118872 94500 79017 145911 7289 146099 123805 16100 148146 63442 79017,145911,31489,137768,23 9 18,24 10 19,23,24,31,32,8
qseq_bc9bcc671f4cde3e,locked_test,length_32_gap_8,qcluster_locked_test_0024,qbank_locked_test_066dd1f657c3,148126 39486 30658 48037 33404 131398 143396 147778 83079 45998 2936 27295 128434 43939 71250 1548 53144 2628 52718 100749 118652 68164 90868 41146 118334 52536 66422 69601 51184 52081 31093 41146,118334,53144,100749,23 15 18,24 16 19,23,24,31,32,8
qseq_b3d679678702c9a7,locked_test,length_32_gap_8,qcluster_locked_test_0025,qbank_locked_test_066dd1f657c3,69079 18517 131282 63905 141703 61785 78352 97407 118375 70356 147885 145366 21287 62188 110466 66422 38217 150928 27845 19954 38231 8507 112662 129038 17384 116248 103315 93162 144332 47926 109416 129038,17384,18517,8507,23 0 20,24 1 21,23,24,31,32,8
qseq_0c6d5db6d6721fe6,locked_test,length_32_gap_8,qcluster_locked_test_0026,qbank_locked_test_066dd1f657c3,120326 65366 35170 109501 134324 61054 127481 59912 140510 141657 136366 12355 36476 68769 21728 114292 40326 80961 147873 48020 673 119162 7775 96834 37860 48137 148053 36956 102851 11298 21551 96834,37860,12355,80961,23 10 16,24 11 17,23,24,31,32,8
qseq_27831c5205724d87,locked_test,length_32_gap_8,qcluster_locked_test_0027,qbank_locked_test_066dd1f657c3,44251 138821 147873 103987 48062 68740 113138 23707 44123 119735 111086 144898 85063 8637 91054 42874 128131 107773 9418 76 17219 66490 133027 55353 67307 146974 44545 108412 69062 146190 49148 55353,67307,49148,69062,23 29 27,24 30 28,23,24,31,32,8
qseq_c5f8163eb8e22b87,locked_test,length_32_gap_8,qcluster_locked_test_0028,qbank_locked_test_066dd1f657c3,94663 77309 34330 58764 24277 59924 87013 58543 98928 7724 69079 99569 93414 70633 82156 16100 35354 68109 74938 106822 76295 503 28284 146016 76404 49162 88730 49443 43626 148643 60780 146016,76404,60780,503,23 29 20,24 30 21,23,24,31,32,8
qseq_09a6057f45bc0cb9,locked_test,length_32_gap_8,qcluster_locked_test_0029,qbank_locked_test_066dd1f657c3,38263 3449 138526 34578 65894 47790 19906 71348 38190 74560 98146 145190 32489 72140 123773 83869 94903 138522 44776 109399 121018 53913 88163 26071 62899 9030 50106 110412 79766 151444 62000 26071,62899,34578,53913,23 2 20,24 3 21,23,24,31,32,8
qseq_0a4b00e89b855074,locked_test,length_32_gap_8,qcluster_locked_test_0030,qbank_locked_test_066dd1f657c3,145041 12650 24409 106038 53126 16573 97533 23740 70070 38674 126954 94638 7541 62010 116058 72912 37156 104904 128492 53181 42695 6865 120326 136383 90663 110380 144031 27295 117679 84933 84559 136383,90663,120326,116058,23 21 13,24 22 14,23,24,31,32,8
qseq_df9c45eb9742b656,locked_test,length_32_gap_8,qcluster_locked_test_0031,qbank_locked_test_066dd1f657c3,85767 47544 93439 127711 48017 47275 148432 126462 23801 97786 10627 15598 143515 89918 79992 97595 66933 115073 41172 113213 123498 74825 86340 75929 44310 116058 32435 26191 113001 64980 110531 75929,44310,113213,89918,23 18 12,24 19 13,23,24,31,32,8
qseq_21c4805636963c78,locked_test,length_32_gap_8,qcluster_locked_test_0032,qbank_locked_test_066dd1f657c3,140154 28990 59776 12355 3002 109390 79507 10627 23513 67829 118017 57111 79204 63552 129451 144122 62106 113102 48857 45819 25539 14752 84605 7724 73564 79710 14344 118681 141969 53147 57612 7724,73564,79507,62106,23 5 15,24 6 16,23,24,31,32,8
qseq_17fda0011c8a5c43,locked_test,length_32_gap_8,qcluster_locked_test_0033,qbank_locked_test_066dd1f657c3,77080 79957 13157 92182 80868 128541 47776 59192 21712 141572 143396 41993 54009 98786 133027 47373 57111 104121 119685 37366 138975 55769 139425 37384 82301 15598 111061 28371 6505 59387 113336 37384,82301,111061,21712,23 25 7,24 26 8,23,24,31,32,8
qseq_8d3bdd3d65549ea6,locked_test,length_32_gap_8,qcluster_locked_test_0034,qbank_locked_test_066dd1f657c3,143677 70070 137048 94596 48636 106580 113379 104285 29438 75722 39423 95834 51184 12691 43818 113185 6710 86758 54601 11737 65366 103800 114913 130910 151328 26453 99824 136776 115664 10144 24868 130910,151328,99824,95834,23 25 10,24 26 11,23,24,31,32,8
qseq_46c970832ac0f11e,locked_test,length_32_gap_8,qcluster_locked_test_0035,qbank_locked_test_066dd1f657c3,147633 119797 101108 21691 104145 30686 19415 97354 51310 40682 51276 15395 22738 148430 12110 141551 28694 43481 73701 74257 85620 88788 106194 138101 87836 66991 136638 23746 128541 116629 14966 138101,87836,141551,51276,23 14 9,24 15 10,23,24,31,32,8
qseq_825163da45192fc9,locked_test,length_32_gap_8,qcluster_locked_test_0036,qbank_locked_test_066dd1f657c3,100123 51386 45916 54339 44733 4487 118652 36899 44231 50794 93612 12034 122097 59912 79136 102266 79317 85352 37619 109188 16026 91843 37109 38048 122237 55637 80973 94736 29492 77349 22842 38048,122237,29492,44231,23 27 7,24 28 8,23,24,31,32,8
qseq_e4b8ca3bc11e4d4d,locked_test,length_32_gap_8,qcluster_locked_test_0037,qbank_locked_test_066dd1f657c3,110380 42795 120888 121242 130814 148156 73662 134619 35438 54318 80029 86910 53366 45898 58010 59983 74560 147599 16486 34333 17853 47275 49478 101938 79766 983 103540 149046 129235 7031 69941 101938,79766,86910,130814,23 10 3,24 11 4,23,24,31,32,8
qseq_6f07278206d35871,locked_test,length_32_gap_8,qcluster_locked_test_0038,qbank_locked_test_066dd1f657c3,136112 4532 88401 148999 126291 15770 100139 121634 126020 56990 22281 5419 59387 71059 66 85823 70166 62398 58163 117108 135079 99337 118017 117961 40240 142883 132370 17246 12031 12239 4982 117961,40240,4982,22281,23 29 9,24 30 10,23,24,31,32,8
qseq_9bcb65bf5f9faf51,locked_test,length_32_gap_8,qcluster_locked_test_0039,qbank_locked_test_066dd1f657c3,2726 37617 29554 68039 47825 38895 13591 129796 145909 60230 136802 22779 110425 113476 110725 117113 104455 38501 19365 121300 88481 1631 35438 73863 120301 71692 44767 130796 118568 34344 90663 73863,120301,113476,38895,23 12 4,24 13 5,23,24,31,32,8
qseq_152496975f21686d,locked_test,length_32_gap_8,qcluster_locked_test_0040,qbank_locked_test_066dd1f657c3,16268 2584 108494 36376 107858 61785 135996 35170 17387 73022 53126 564 54604 30496 68349 125274 2465 130138 64985 29344 127986 93717 7187 100981 78487 72788 54474 111764 103252 120264 8302 100981,78487,135996,36376,23 5 2,24 6 3,23,24,31,32,8
qseq_a4580d2e53b15c29,locked_test,length_32_gap_8,qcluster_locked_test_0041,qbank_locked_test_066dd1f657c3,68138 14740 77349 12897 105327 150681 48014 111810 51059 45916 33180 48827 23179 73125 89219 40919 79380 39484 47615 106002 20734 139734 97929 116293 80066 119948 126639 131491 81610 125716 21688 116293,80066,139734,39484,23 20 16,24 21 17,23,24,31,32,8
qseq_5419eb441226242f,locked_test,length_32_gap_8,qcluster_locked_test_0042,qbank_locked_test_066dd1f657c3,49176 74799 124643 19236 43706 146622 68536 60144 112522 108788 87032 42866 38217 130348 100323 16144 42874 38845 32414 151634 58764 55398 103555 66187 53609 76312 54515 53030 85247 517 135329 66187,53609,85247,32414,23 27 17,24 28 18,23,24,31,32,8
qseq_a6cbc602191f59b6,locked_test,length_32_gap_8,qcluster_locked_test_0043,qbank_locked_test_066dd1f657c3,43230 97407 61491 32835 105556 76526 36376 77553 26597 139273 57652 124948 117313 103800 38593 30496 58668 12097 49121 97037 98873 143181 129993 95207 55658 82554 82273 113125 68109 121634 109547 95207,55658,82273,105556,23 25 3,24 26 4,23,24,31,32,8
qseq_c7891dcbde6b1f1d,locked_test,length_32_gap_8,qcluster_locked_test_0044,qbank_locked_test_066dd1f657c3,101857 67129 84702 43972 5306 68349 27416 51036 145676 46931 92282 118828 150681 80997 30423 74521 76690 73863 19059 72298 103022 127443 23097 57735 26337 33905 150369 86091 142417 74512 51349 57735,26337,73863,127443,23 16 20,24 17 21,23,24,31,32,8
qseq_f5f100773212fd86,locked_test,length_32_gap_8,qcluster_locked_test_0045,qbank_locked_test_066dd1f657c3,64597 26567 82381 71609 35350 144029 27845 123119 89714 144868 21728 83022 54211 108979 52519 151287 111518 103305 46171 126708 93162 104747 45799 29139 144015 40919 139173 145288 332 50285 22346 29139,144015,26567,45799,23 0 21,24 1 22,23,24,31,32,8
qseq_69e93dd121940571,locked_test,length_32_gap_8,qcluster_locked_test_0046,qbank_locked_test_066dd1f657c3,12034 87900 52399 116223 14847 101697 60029 54708 67624 107634 5510 148341 135623 30365 3724 34395 61718 121982 82273 127729 90527 149009 5013 11473 32007 46905 80499 43252 40051 39246 6715 11473,32007,61718,101697,23 15 4,24 16 5,23,24,31,32,8
qseq_4ef9f3c5223ca6ba,locked_test,length_32_gap_8,qcluster_locked_test_0047,qbank_locked_test_066dd1f657c3,36657 39714 39348 26885 94503 135079 22909 44742 82701 35354 9030 12687 16100 135049 59318 19793 112637 125006 69615 145759 48014 37366 125081 19690 75688 29492 2746 94313 125384 67467 62464 19690,75688,125006,67467,23 16 28,24 17 29,23,24,31,32,8
qseq_0efa49723d0513f0,locked_test,length_32_gap_8,qcluster_locked_test_0048,qbank_locked_test_066dd1f657c3,12543 130156 80029 129223 136236 105276 95974 125212 54601 64084 120425 37762 110725 53144 111183 32421 132365 16772 19365 112129 119837 130348 137602 3558 7540 29859 51460 139482 100910 94643 52618 3558,7540,100910,130348,23 27 20,24 28 21,23,24,31,32,8
qseq_f233439aeec59e81,locked_test,length_32_gap_8,qcluster_locked_test_0049,qbank_locked_test_066dd1f657c3,83867 103987 88607 27416 36766 39661 56856 51688 21712 114576 52210 30203 62958 55353 54515 93475 10521 62292 100861 35174 2693 27436 28897 98399 127729 110313 73662 150827 98873 80352 46775 98399,127729,80352,62292,23 28 16,24 29 17,23,24,31,32,8
qseq_16d230317d34ee74,locked_test,length_32_gap_8,qcluster_locked_test_0050,qbank_locked_test_066dd1f657c3,130877 21629 67950 47790 136776 145256 125805 148156 91672 128913 37619 21304 87816 19803 13422 143181 127729 42107 95396 139173 86893 31864 23943 38231 64406 137158 3900 36217 138534 145041 53609 38231,64406,21629,145256,23 0 4,24 1 5,23,24,31,32,8
qseq_b06542b28f0a4011,locked_test,length_32_gap_8,qcluster_locked_test_0051,qbank_locked_test_066dd1f657c3,73125 93053 26109 135837 86795 105172 41525 137602 27467 16573 91903 87772 34516 79387 138629 93961 45828 88900 109202 140742 77080 86838 146622 7448 87410 146564 110531 38554 150786 17390 108979 7448,87410,146622,150786,23 21 27,24 22 28,23,24,31,32,8
qseq_95846e8346d6d606,locked_test,length_32_gap_8,qcluster_locked_test_0052,qbank_locked_test_066dd1f657c3,112026 76111 115664 14002 86028 139442 93582 82273 73703 136954 62367 6277 57056 117211 29796 83022 9479 145162 146254 76023 81156 50458 13559 11954 84548 91539 37260 87570 78941 7463 129993 11954,84548,76111,139442,23 0 4,24 1 5,23,24,31,32,8
qseq_0ee6af11c9dc7b62,locked_test,length_32_gap_8,qcluster_locked_test_0053,qbank_locked_test_066dd1f657c3,16319 39543 19954 143712 20522 73909 65266 6670 145441 19793 108997 61074 42789 116672 8848 105083 141805 66010 33131 49899 139132 136383 76 3756 52642 7091 34516 4982 1681 13906 96609 3756,52642,66010,8848,23 16 13,24 17 14,23,24,31,32,8
qseq_0d6a9fb10147705c,locked_test,length_32_gap_8,qcluster_locked_test_0054,qbank_locked_test_066dd1f657c3,120024 113213 27914 150242 41026 51207 83461 120778 80724 140793 120808 75438 29914 37936 42845 151036 72298 48559 35039 21869 3756 60063 80143 80399 135816 143905 3159 15079 9615 106331 116603 80399,135816,41026,35039,23 3 17,24 4 18,23,24,31,32,8
qseq_4433da9f36affde0,locked_test,length_32_gap_8,qcluster_locked_test_0055,qbank_locked_test_066dd1f657c3,140793 2709 46216 31393 33074 134940 78487 147599 149062 37409 149675 5074 136236 98786 141249 105217 99569 13990 55820 33392 36163 35170 77066 55398 117442 136614 16573 62862 65511 35138 14740 55398,117442,78487,2709,23 5 0,24 6 1,23,24,31,32,8
qseq_8cbe2a043afc9a78,locked_test,length_32_gap_8,qcluster_locked_test_0056,qbank_locked_test_066dd1f657c3,63552 15403 28655 110866 104690 33248 30921 4952 2746 94728 18047 71497 43491 132365 103555 14833 41905 83127 47799 59463 122676 119471 96226 100225 75186 52642 108840 75618 11294 100200 51310 100225,75186,71497,96226,23 10 21,24 11 22,23,24,31,32,8
qseq_2b3a9f0f5677d19c,locked_test,length_32_gap_8,qcluster_locked_test_0057,qbank_locked_test_066dd1f657c3,58608 42038 115520 110345 22842 136377 71533 66096 36234 127898 133690 65771 19155 111722 27719 89323 112387 41433 116915 21386 59115 68343 109910 148564 27915 44182 63229 116689 55785 72454 104044 148564,27915,71533,127898,23 5 8,24 6 9,23,24,31,32,8
qseq_d1fe0512db1bf3ed,locked_test,length_32_gap_8,qcluster_locked_test_0058,qbank_locked_test_066dd1f657c3,118751 47872 100207 88298 34333 108997 27432 116340 51929 149025 54009 61318 111824 101697 148999 64980 140328 103463 111616 72322 71264 119409 90782 22738 111182 102646 68479 54460 106830 74614 31300 22738,111182,74614,103463,23 28 16,24 29 17,23,24,31,32,8
qseq_3d69595976ec1a69,locked_test,length_32_gap_8,qcluster_locked_test_0059,qbank_locked_test_066dd1f657c3,23608 142574 106283 45237 72994 44123 100708 129796 31939 20278 130337 11393 24261 107355 137744 96206 105667 27436 47469 66812 74810 122676 7541 57799 43433 80961 108979 138512 26567 42904 46477 57799,43433,142574,45237,23 0 2,24 1 3,23,24,31,32,8
qseq_c1ac7a4d1194767d,locked_test,length_32_gap_8,qcluster_locked_test_0060,qbank_locked_test_066dd1f657c3,42874 43774 106444 73508 44494 87782 111566 101630 46731 35849 107886 137728 53913 3905 41199 72324 83022 60980 135261 133580 67511 122152 105421 40523 82761 135934 69615 130191 139425 91367 20509 40523,82761,41199,137728,23 13 10,24 14 11,23,24,31,32,8
qseq_5def1f5ad2588218,locked_test,length_32_gap_8,qcluster_locked_test_0061,qbank_locked_test_066dd1f657c3,23608 94515 67200 109533 115259 17394 34271 94720 47776 86838 121504 116132 12897 85498 14752 89219 28847 6111 143596 8507 125156 109501 150373 85774 31352 134785 65511 113320 143254 79984 110294 85774,31352,17394,113320,23 4 26,24 5 27,23,24,31,32,8
qseq_ec25f5c3dfb87c46,locked_test,length_32_gap_8,qcluster_locked_test_0062,qbank_locked_test_066dd1f657c3,33392 138805 121115 121242 7581 69018 102304 55986 102814 4937 52536 150681 32139 142613 117081 79289 69937 89323 129466 40796 77652 135254 88832 67950 88959 148454 135206 100855 7386 105276 54006 67950,88959,32139,7386,23 11 27,24 12 28,23,24,31,32,8
qseq_45e419afacc779be,locked_test,length_32_gap_8,qcluster_locked_test_0063,qbank_locked_test_066dd1f657c3,138827 69062 108024 93980 9118 77587 44964 99018 80288 74432 121325 7838 45125 137421 62282 39656 99907 28694 136776 90207 77007 147599 86558 22533 29126 85774 50402 70088 57292 57586 128492 22533,29126,39656,77587,23 14 4,24 15 5,23,24,31,32,8
qseq_908ff75f4882172f,locked_test,length_32_gap_8,qcluster_locked_test_0064,qbank_locked_test_066dd1f657c3,41833 146642 27125 44367 39486 4910 41899 141805 70419 62839 131307 43335 142934 123219 121051 23608 56185 140323 65462 121325 104145 17102 17324 120816 64967 112522 37150 16739 43431 142574 64784 120816,64967,16739,44367,23 26 2,24 27 3,23,24,31,32,8
qseq_2c9a9733dbc7e157,locked_test,length_32_gap_8,qcluster_locked_test_0065,qbank_locked_test_066dd1f657c3,49571 101697 61931 54509 140914 104880 127986 68536 5708 10280 51908 109202 43949 106280 111764 22653 22281 84702 43818 62504 123143 80686 119797 93081 74614 40003 33992 140323 22021 106822 144649 93081,74614,61931,127986,23 1 5,24 2 6,23,24,31,32,8
qseq_efdc095af9e16236,locked_test,length_32_gap_8,qcluster_locked_test_0066,qbank_locked_test_066dd1f657c3,144510 46606 96159 12543 135158 144706 22892 60774 89104 16262 93980 93475 71072 15086 119069 106921 115259 34516 138629 47872 15395 70303 145909 64959 122059 23201 148807 27579 115654 48630 54236 64959,122059,27579,89104,23 26 7,24 27 8,23,24,31,32,8
qseq_0d582c74df3f9bd0,locked_test,length_32_gap_8,qcluster_locked_test_0067,qbank_locked_test_066dd1f657c3,144073 44907 11281 13098 14795 112642 5275 69881 37860 5205 101645 105083 49278 35164 109399 91879 29081 90790 62367 144253 100207 85620 36901 56856 101515 51740 40860 143604 37886 57482 93180 56856,101515,69881,14795,23 6 3,24 7 4,23,24,31,32,8
qseq_20cf24657cb1ef22,locked_test,length_32_gap_8,qcluster_locked_test_0068,qbank_locked_test_066dd1f657c3,111764 137849 503 127481 61963 53137 74363 9857 55587 41833 22658 9580 67148 134627 25049 61491 45969 101686 124089 132536 42038 107363 45021 147379 73634 60353 50303 59236 39661 24664 59926 147379,73634,39661,67148,23 27 11,24 28 12,23,24,31,32,8
qseq_aef3da49d9091b4e,locked_test,length_32_gap_8,qcluster_locked_test_0069,qbank_locked_test_066dd1f657c3,10304 32435 72325 83503 22779 132325 47447 31591 6441 141195 112642 93961 77806 36899 103636 118375 61024 108250 119032 150774 35164 15598 32377 76023 82986 8921 51608 20330 29609 14003 33131 76023,82986,61024,93961,23 15 10,24 16 11,23,24,31,32,8
qseq_1b27a0e7348d4d71,locked_test,length_32_gap_8,qcluster_locked_test_0070,qbank_locked_test_066dd1f657c3,143677 136089 112026 34113 122730 107517 23160 73977 91563 118342 42147 118605 120326 145599 45993 54080 98158 127898 31300 61432 12623 65462 113796 139453 73634 92282 143625 10591 61074 24283 1118 139453,73634,12623,61074,23 19 27,24 20 28,23,24,31,32,8
qseq_3ccb7fbc460329c7,locked_test,length_32_gap_8,qcluster_locked_test_0071,qbank_locked_test_066dd1f657c3,53181 45083 136776 119250 13859 112043 51036 93591 37279 98308 15087 21984 90565 134324 135765 67339 52097 79851 59887 22909 107886 108024 122097 128185 117636 62862 3700 140682 44845 99043 29175 128185,117636,15087,140682,23 9 26,24 10 27,23,24,31,32,8
qseq_15f9872f19ff1fc1,locked_test,length_32_gap_8,qcluster_locked_test_0072,qbank_locked_test_066dd1f657c3,139442 13143 88953 64967 89223 59192 116340 104285 66933 102298 13591 74257 5801 23513 28847 49981 68536 121353 4952 33372 4692 66047 23617 45125 17277 121504 26075 24358 87772 87072 27966 45125,17277,5801,4952,23 11 17,24 12 18,23,24,31,32,8
qseq_d578e8b85fbc8522,locked_test,length_32_gap_8,qcluster_locked_test_0073,qbank_locked_test_066dd1f657c3,3097 75932 46598 32292 100207 92625 9047 142640 112016 82381 135254 97354 71606 24868 85241 132486 76119 139012 124784 61103 40405 121002 100079 61037 51608 45210 3813 45003 17074 138737 6016 61037,51608,100207,142640,23 3 6,24 4 7,23,24,31,32,8
qseq_0060e4bfc6007338,locked_test,length_32_gap_8,qcluster_locked_test_0074,qbank_locked_test_066dd1f657c3,138277 48037 24313 115731 138737 7763 148341 100676 135206 128869 72164 117573 2584 150757 29802 19681 6867 12897 147086 19429 61051 112026 39947 73125 24664 29609 131899 108436 142640 31779 11015 73125,24664,150757,24313,23 12 1,24 13 2,23,24,31,32,8
qseq_2494322d43d30e31,locked_test,length_32_gap_8,qcluster_locked_test_0075,qbank_locked_test_066dd1f657c3,88953 12046 99033 139576 91712 51184 97209 92625 102064 42874 86483 87836 70799 5862 106381 12110 16699 33476 103491 94720 50458 39714 53913 20278 12543 101521 104486 127481 35176 132018 36657 20278,12543,97209,139576,23 5 2,24 6 3,23,24,31,32,8
qseq_72e156932ee20cea,locked_test,length_32_gap_8,qcluster_locked_test_0076,qbank_locked_test_066dd1f657c3,135690 78293 23608 5988 138856 89042 114303 87610 108788 108494 42481 43043 57566 14454 53181 12623 32408 29008 60464 28324 137048 132536 59570 137621 128804 70761 32435 4505 108658 135206 88242 137621,128804,53181,60464,23 13 17,24 14 18,23,24,31,32,8
qseq_530d486deb404d29,locked_test,length_32_gap_8,qcluster_locked_test_0077,qbank_locked_test_066dd1f657c3,85352 36499 36376 115105 11960 50813 8264 84973 34862 37524 105756 19020 72322 39975 65395 55986 80997 54589 14331 49206 62010 61744 123572 1794 135800 103355 30496 83350 104843 110866 90663 1794,135800,123572,34862,23 21 7,24 22 8,23,24,31,32,8
qseq_1e0abd5fae7a9029,locked_test,length_32_gap_8,qcluster_locked_test_0078,qbank_locked_test_066dd1f657c3,41640 127037 40919 49040 131276 54595 4909 100139 5510 18156 95845 79507 19751 56345 807 83710 14222 110656 27798 115731 68164 45388 80688 113213 146977 117312 137460 38560 94001 12031 137602 113213,146977,45388,79507,23 20 10,24 21 11,23,24,31,32,8
qseq_7bcf1cf14a83d9b8,locked_test,length_32_gap_8,qcluster_locked_test_0079,qbank_locked_test_066dd1f657c3,138866 97604 112182 126462 49278 72665 18132 58092 143517 15616 58764 52603 13699 142883 82763 14851 64987 72324 149397 30365 109400 50677 19767 107858 7463 62043 41393 138522 104729 89217 61074 107858,7463,15616,142883,23 8 12,24 9 13,23,24,31,32,8
qseq_fb2a1d4b693bed7e,locked_test,length_32_gap_8,qcluster_locked_test_0080,qbank_locked_test_066dd1f657c3,113741 104044 139442 54956 69190 23513 57524 101149 99569 146190 121325 33763 102099 52290 80485 14222 37619 38560 71689 65787 81516 9251 111183 96085 2936 15079 82701 3792 9872 81787 40675 96085,2936,81516,82701,23 19 25,24 20 26,23,24,31,32,8
qseq_3e2aeb7015220866,locked_test,length_32_gap_8,qcluster_locked_test_0081,qbank_locked_test_066dd1f657c3,109274 85817 39291 29802 88832 122707 116689 18651 14938 8848 129895 126249 143254 105421 11294 125805 54733 32965 102325 151634 12007 27266 97911 78097 110287 78226 7763 606 66964 118828 33404 78097,110287,32965,8848,23 16 8,24 17 9,23,24,31,32,8
qseq_b386636535f9af0e,locked_test,length_32_gap_8,qcluster_locked_test_0082,qbank_locked_test_066dd1f657c3,59487 110656 63775 43662 52823 27436 2497 42902 55504 88473 127953 116603 8820 61836 72912 123498 50458 128145 58998 88959 80670 74883 9249 97101 93081 28897 36376 120425 73301 148371 143596 97101,93081,36376,80670,23 25 19,24 26 20,23,24,31,32,8
qseq_b8ce7d53eefce9d1,locked_test,length_32_gap_8,qcluster_locked_test_0083,qbank_locked_test_066dd1f657c3,96650 23492 86287 111279 62490 20111 107858 140793 76591 96952 39797 40172 49176 11487 117270 98778 4398 65545 65366 9580 69275 61074 8339 66010 41172 55968 129182 69601 46615 42721 12794 66010,41172,23492,76591,23 0 7,24 1 8,23,24,31,32,8
qseq_a8bc144ead1f48d9,locked_test,length_32_gap_8,qcluster_locked_test_0084,qbank_locked_test_066dd1f657c3,10359 2504 73863 18244 151287 94663 77580 62292 54329 27266 83744 48630 76 606 113185 110042 101693 27234 116743 145124 43128 4266 41146 23823 56913 88829 121378 36234 45993 32377 109590 23823,56913,110042,116743,23 14 17,24 15 18,23,24,31,32,8
qseq_721c91bf35c43f33,locked_test,length_32_gap_8,qcluster_locked_test_0085,qbank_locked_test_066dd1f657c3,83167 108375 11915 64406 138805 135254 99774 136826 98736 111571 24283 124525 148341 72163 27678 33908 113336 130503 129264 49206 35351 61686 126543 25384 130337 87546 134356 50364 74059 33969 31049 25384,130337,33969,11915,23 28 1,24 29 2,23,24,31,32,8
qseq_2179ccbc622910c8,locked_test,length_32_gap_8,qcluster_locked_test_0086,qbank_locked_test_066dd1f657c3,2073 120778 66405 113102 54142 1422 52966 92414 20327 72319 114913 94720 113830 134279 73863 103551 79635 89948 69545 9857 86467 8302 12606 81013 503 118247 116743 23359 39832 37860 13671 81013,503,134279,114913,23 12 9,24 13 10,23,24,31,32,8
qseq_b4b36428d420b58f,locked_test,length_32_gap_8,qcluster_locked_test_0087,qbank_locked_test_066dd1f657c3,17170 100189 140328 51164 108494 38554 40240 116603 96080 127266 15843 127443 65120 46216 148746 41285 28897 138349 36234 148463 38593 101266 51184 47861 108062 98146 60263 139576 18850 127537 120888 47861,108062,127443,41285,23 10 14,24 11 15,23,24,31,32,8
qseq_ca2648692ef93436,locked_test,length_32_gap_8,qcluster_locked_test_0088,qbank_locked_test_066dd1f657c3,99824 140284 48827 49121 17170 97209 38619 100537 74059 61297 138473 19681 8811 8224 97815 85352 69188 117202 147599 144696 111616 6197 15843 20767 31779 84907 58105 67315 147028 43560 55595 20767,31779,55595,111616,23 29 19,24 30 20,23,24,31,32,8
qseq_4896026ed3ece818,locked_test,length_32_gap_8,qcluster_locked_test_0089,qbank_locked_test_066dd1f657c3,94663 51736 103637 62493 144251 61491 47094 2723 145190 62504 105233 108979 125691 125996 45697 85337 59776 7463 31939 37765 89351 31211 26489 56945 137158 96556 118732 82371 129796 118310 113230 56945,137158,118732,31211,23 25 20,24 26 21,23,24,31,32,8
qseq_262402ea93e792bf,locked_test,length_32_gap_8,qcluster_locked_test_0090,qbank_locked_test_066dd1f657c3,62076 112926 113292 60448 2448 80688 128421 95040 130582 41172 35977 117332 13886 44182 41010 90549 49899 145759 83546 89042 98146 55582 142901 72516 132365 70808 74938 62895 130479 47396 145324 72516,132365,44182,90549,23 12 14,24 13 15,23,24,31,32,8
qseq_857ea0b00bbb1c92,locked_test,length_32_gap_8,qcluster_locked_test_0091,qbank_locked_test_066dd1f657c3,76837 79851 95925 103315 110255 3002 52093 130701 143348 79957 133984 119069 77412 107054 111279 27125 5740 26368 30203 37936 113466 41433 23608 33405 78293 31950 88057 86287 3792 32127 97145 33405,78293,79957,3792,23 8 27,24 9 28,23,24,31,32,8
qseq_22ed1eb80abdf624,locked_test,length_32_gap_8,qcluster_locked_test_0092,qbank_locked_test_066dd1f657c3,12443 138512 25645 87072 52210 116385 39147 34330 150681 24891 74512 45828 18517 119107 118310 604 115164 145041 132779 124791 109030 17324 24780 88163 49070 81704 55504 60835 31311 111005 120863 88163,49070,115164,18517,23 15 11,24 16 12,23,24,31,32,8
qseq_4ff27490a32b6331,locked_test,length_32_gap_8,qcluster_locked_test_0093,qbank_locked_test_066dd1f657c3,60001 72091 75932 84247 118221 86823 13543 18012 24723 47544 145288 140154 65472 54655 128185 138975 63361 134324 123273 87330 7031 55888 140397 138522 149432 129723 148454 138681 123358 45819 42902 138522,149432,7031,128185,23 19 13,24 20 14,23,24,31,32,8
qseq_9e6adfd8188d5a11,locked_test,length_32_gap_8,qcluster_locked_test_0094,qbank_locked_test_066dd1f657c3,118310 136698 149062 72325 150827 60001 97260 57524 107546 47193 128131 27234 67973 57391 69062 49755 146812 3699 90935 55606 42721 79289 88059 122833 123074 147599 20471 114799 45697 98399 69334 122833,123074,55606,146812,23 18 15,24 19 16,23,24,31,32,8
qseq_6f84fb80dcc00698,locked_test,length_32_gap_8,qcluster_locked_test_0095,qbank_locked_test_066dd1f657c3,94212 52961 134057 67851 45083 24283 78158 120900 31123 3813 24067 36901 2693 65366 9418 68039 67592 35281 89714 101814 111406 137686 55606 19350 143677 9118 26885 43560 72369 99775 50729 19350,143677,24067,78158,23 9 5,24 10 6,23,24,31,32,8
qseq_5660e64ce6087f9d,locked_test,length_32_gap_8,qcluster_locked_test_0096,qbank_locked_test_066dd1f657c3,12728 145441 7377 95040 21688 140682 27719 150850 125334 86604 103355 66187 60319 42792 32965 27616 113205 8264 61260 44273 34302 37178 78679 25789 34056 122503 120159 88788 62464 109820 149397 25789,34056,37178,120159,23 20 25,24 21 26,23,24,31,32,8
qseq_07d414400f1d7776,locked_test,length_32_gap_8,qcluster_locked_test_0097,qbank_locked_test_066dd1f657c3,122503 17337 117535 40590 75688 82479 5838 5906 79733 146099 59912 115698 14105 145441 76914 38558 69691 113099 101521 22281 6152 49690 115073 54598 130129 61744 145906 60063 127233 102578 37150 54598,130129,146099,102578,23 8 28,24 9 29,23,24,31,32,8
qseq_66a4a578e6269213,locked_test,length_32_gap_8,qcluster_locked_test_0098,qbank_locked_test_066dd1f657c3,13404 19084 37937 24346 40130 80768 18132 126378 94290 18156 92692 148678 56481 39353 70803 125437 55769 130337 131282 113213 96584 122112 146059 75438 13326 36217 65991 42904 30805 39586 15360 75438,13326,113213,15360,23 18 29,24 19 30,23,24,31,32,8
qseq_116ecdddb5e846c3,locked_test,length_32_gap_8,qcluster_locked_test_0099,qbank_locked_test_066dd1f657c3,35849 21984 54463 16573 97431 80288 102814 74825 151493 6441 87288 47750 99569 4952 42302 104729 112510 116445 91222 47668 101525 80485 33732 104455 19995 71689 104044 149397 63905 26264 49121 104455,19995,26264,54463,23 28 1,24 29 2,23,24,31,32,8
qseq_def39fb7ce377f2d,locked_test,length_32_gap_8,qcluster_locked_test_0100,qbank_locked_test_066dd1f657c3,45125 112510 141564 69941 72128 97598 73026 137942 88678 83699 124869 88959 36766 52097 61103 69954 127829 102362 135837 151634 133501 120758 26482 77587 140286 64701 126347 7188 5906 82701 11724 77587,140286,7188,73026,23 26 5,24 27 6,23,24,31,32,8
qseq_97960be229a14b35,locked_test,length_32_gap_8,qcluster_locked_test_0101,qbank_locked_test_066dd1f657c3,7342 131949 61260 42845 123843 27798 145903 9030 36226 96161 137969 97431 57732 22281 91903 134081 43774 50491 101938 121558 149051 7838 27975 9615 133124 117017 93282 72163 110852 102650 41104 9615,133124,137969,123843,23 9 3,24 10 4,23,24,31,32,8
qseq_f2dfc1960e2e8762,locked_test,length_32_gap_8,qcluster_locked_test_0102,qbank_locked_test_066dd1f657c3,148312 142921 72131 53609 43431 42302 133578 127153 11847 92381 125805 55595 46171 137656 17766 82301 13851 136562 110412 43305 67511 75063 46606 27915 66355 39484 38190 97299 67950 73354 119936 27915,66355,110412,119936,23 17 29,24 18 30,23,24,31,32,8
qseq_8cf8fe6519667910,locked_test,length_32_gap_8,qcluster_locked_test_0103,qbank_locked_test_066dd1f657c3,138856 26264 129256 144015 34459 146953 139776 95207 137602 54488 139759 93104 132370 129038 687 44945 84515 96312 110531 14276 23740 12687 2709 120986 61686 137421 27125 149672 88214 106331 89948 120986,61686,106331,2709,23 28 21,24 29 22,23,24,31,32,8
qseq_6dc7c278da4e6015,locked_test,length_32_gap_8,qcluster_locked_test_0104,qbank_locked_test_066dd1f657c3,119409 41489 110255 118310 66566 68282 46646 84019 14002 34271 63641 106002 61051 63187 92665 53699 31438 66515 84043 127829 113830 97815 57812 72121 24655 135762 130075 141093 27295 70803 8637 72121,24655,84019,31438,23 6 15,24 7 16,23,24,31,32,8
qseq_63a5f1eb390550d9,locked_test,length_32_gap_8,qcluster_locked_test_0105,qbank_locked_test_066dd1f657c3,132018 27886 35164 16464 4505 82381 2782 65441 12198 89556 16268 606 84474 30203 81704 73576 73817 9180 34271 117678 22506 570 94858 47108 47356 48137 96486 34219 17268 109608 41844 47108,47356,41844,570,23 29 20,24 30 21,23,24,31,32,8
qseq_223ab61f8ba57600,locked_test,length_32_gap_8,qcluster_locked_test_0106,qbank_locked_test_066dd1f657c3,85774 92566 122097 66964 5063 76693 14981 149051 33476 52966 96545 107634 79738 131921 88953 138899 19681 54956 24655 94858 128482 131786 94720 138512 74846 18621 97312 19059 104033 118887 32007 138512,74846,94858,54956,23 18 16,24 19 17,23,24,31,32,8
qseq_15455f391332d976,locked_test,length_32_gap_8,qcluster_locked_test_0107,qbank_locked_test_066dd1f657c3,97929 15087 41104 71090 94011 31492 100613 125437 51995 129956 117660 116559 94728 46883 128185 65342 111073 40120 21629 97299 19844 68039 69535 16202 48600 66546 72188 16699 41518 41867 147935 16202,48600,41518,116559,23 27 10,24 28 11,23,24,31,32,8
qseq_b80e57c4b24a43dd,locked_test,length_32_gap_8,qcluster_locked_test_0108,qbank_locked_test_066dd1f657c3,84377 19350 45029 93510 134066 53872 49690 151022 21092 142574 5748 4772 84405 137313 114799 91563 133690 114344 19059 140738 54598 70799 116353 131263 25594 34330 31211 117442 42845 101686 88481 131263,25594,84405,91563,23 11 14,24 12 15,23,24,31,32,8
qseq_b8c27b9fdfa8e040,locked_test,length_32_gap_8,qcluster_locked_test_0109,qbank_locked_test_066dd1f657c3,45943 51059 129371 143396 570 137364 40405 90993 109228 23359 84997 62212 121075 46646 94865 32253 65366 148899 114673 120816 52831 89100 14851 107054 143566 61655 96085 140284 64701 127898 82156 107054,143566,109228,51059,23 7 0,24 8 1,23,24,31,32,8
qseq_6b9089ca83480770,locked_test,length_32_gap_8,qcluster_locked_test_0110,qbank_locked_test_066dd1f657c3,31669 72788 25242 49040 73450 32139 16155 17245 123843 117498 74678 23153 25108 57082 51435 53780 43584 6961 74883 16809 138314 63361 32435 63511 42302 135079 9347 121882 120168 9392 27975 63511,42302,63361,16809,23 20 18,24 21 19,23,24,31,32,8
qseq_83cffe49aa554bce,locked_test,length_32_gap_8,qcluster_locked_test_0111,qbank_locked_test_066dd1f657c3,47256 141762 26719 70218 79421 55587 125411 28655 42795 39667 97101 8827 145203 22816 79635 131892 3442 37701 123773 9360 18745 110412 135623 57648 27580 80104 20599 112026 104269 35390 57939 57648,27580,28655,22816,23 6 12,24 7 13,23,24,31,32,8
qseq_52b3014787f56a82,locked_test,length_32_gap_8,qcluster_locked_test_0112,qbank_locked_test_066dd1f657c3,47119 117660 14778 52958 12387 51659 148341 16166 36090 19084 29438 81013 49755 40016 118872 27467 105248 106368 21551 148432 144724 151634 54275 118017 93170 85533 148430 108979 125489 138619 136802 118017,93170,40016,117660,23 12 0,24 13 1,23,24,31,32,8
qseq_e2d5ac1df1d223c3,locked_test,length_32_gap_8,qcluster_locked_test_0113,qbank_locked_test_066dd1f657c3,104269 47108 69079 30773 4772 40003 44367 29139 141114 130854 14574 52958 53147 148486 129820 113379 606 125083 139759 134825 65266 97929 2723 9354 865 12627 31311 69881 78158 14981 72840 9354,865,40003,52958,23 4 10,24 5 11,23,24,31,32,8
qseq_9c990e9500b6bb33,locked_test,length_32_gap_8,qcluster_locked_test_0114,qbank_locked_test_066dd1f657c3,84037 93170 63361 95207 121122 37726 48014 88678 84548 47776 6710 20231 69188 68479 99639 19350 9180 113001 12239 65402 83710 94720 92923 51736 45506 33476 136905 38131 3380 130494 32075 51736,45506,63361,32075,23 1 29,24 2 30,23,24,31,32,8
qseq_7a63313868636f6d,locked_test,length_32_gap_8,qcluster_locked_test_0115,qbank_locked_test_066dd1f657c3,865 102650 49690 94153 130744 119177 67942 97870 122885 68988 103305 81916 31093 127247 39975 85247 62598 149397 112483 125083 20111 5054 9251 129207 114799 97911 87330 92191 77007 105040 62292 129207,114799,112483,20111,23 17 19,24 18 20,23,24,31,32,8
qseq_9957d0ac0a1c7757,locked_test,length_32_gap_8,qcluster_locked_test_0116,qbank_locked_test_066dd1f657c3,80616 22905 118732 57735 90532 50326 115650 3756 130854 106078 88626 94011 96834 570 67467 27436 150757 137780 118672 73819 120808 107773 69018 41993 112289 144251 61054 113185 134057 5102 45036 41993,112289,67467,134057,23 13 27,24 14 28,23,24,31,32,8
qseq_d0f0ffcbf51831ca,locked_test,length_32_gap_8,qcluster_locked_test_0117,qbank_locked_test_066dd1f657c3,90975 102362 128804 100793 18504 26489 54655 145089 79017 27886 68659 41010 24277 78717 94153 41884 122122 37701 118375 37524 26071 26453 91843 65047 51435 69062 132111 68349 113476 66096 135816 65047,51435,102362,100793,23 0 2,24 1 3,23,24,31,32,8
qseq_04d6584638aa88cc,locked_test,length_32_gap_8,qcluster_locked_test_0118,qbank_locked_test_066dd1f657c3,138856 59824 109202 91843 53467 69601 52536 72866 110141 90367 145794 100981 2746 133027 60633 125083 113640 57358 88900 136638 70146 138821 68109 120960 59924 94736 20959 43774 29139 2584 41860 120960,59924,91843,43774,23 2 26,24 3 27,23,24,31,32,8
qseq_ad65b1d998590374,locked_test,length_32_gap_8,qcluster_locked_test_0119,qbank_locked_test_066dd1f657c3,119562 17277 30885 62487 71294 146950 109644 61558 139906 146743 124525 111722 83042 102687 55785 9339 19490 51740 18517 24067 138101 43662 27886 46024 120286 84137 118835 139249 30496 27798 81148 46024,120286,27886,51740,23 21 16,24 22 17,23,24,31,32,8
qseq_8f0afeb1486e70f1,locked_test,length_32_gap_8,qcluster_locked_test_0120,qbank_locked_test_066dd1f657c3,65266 148195 67193 53172 54398 40842 820 123071 149640 148486 147057 4067 109455 68465 1706 111086 127846 127829 113336 17384 20933 73301 87296 84960 129699 76116 130582 143566 150897 12387 1816 84960,129699,143566,111086,23 26 14,24 27 15,23,24,31,32,8
qseq_daee937a0fc72e29,locked_test,length_32_gap_8,qcluster_locked_test_0121,qbank_locked_test_066dd1f657c3,85774 113099 118611 51361 5676 111183 1630 45645 84960 20841 83714 101644 128120 38554 47790 135049 18621 139126 83744 105853 138899 106934 82620 76261 9047 63229 129796 78554 140397 4559 4146 76261,9047,5676,139126,23 3 16,24 4 17,23,24,31,32,8
qseq_bb31caf511afab2d,locked_test,length_32_gap_8,qcluster_locked_test_0122,qbank_locked_test_066dd1f657c3,147660 41860 141114 135158 68282 116853 5690 35281 127050 130532 150242 13131 106832 100910 92191 16603 67059 79204 84383 5205 35023 3401 13422 86310 149246 114694 16736 138779 40003 29008 94720 86310,149246,5205,13131,23 18 10,24 19 11,23,24,31,32,8
qseq_8886d43b1373f4f3,locked_test,length_32_gap_8,qcluster_locked_test_0123,qbank_locked_test_066dd1f657c3,93084 106921 47005 93027 23617 114247 65377 43230 125691 84075 22773 69190 148474 2409 149062 32835 124268 131722 54463 23746 134940 36195 15086 126462 46927 47799 104174 38048 46641 116724 84350 126462,46927,106921,46641,23 0 27,24 1 28,23,24,31,32,8
qseq_edb9934b8bf42b9a,locked_test,length_32_gap_8,qcluster_locked_test_0124,qbank_locked_test_066dd1f657c3,140126 122555 47756 118751 88233 92182 104285 47256 133287 129895 8921 97407 117113 65441 22021 114159 37726 97312 114694 49212 76526 139482 28990 70254 13143 121857 34271 118586 146977 89109 40590 70254,13143,122555,89109,23 0 28,24 1 29,23,24,31,32,8
qseq_10432db91871804b,locked_test,length_32_gap_8,qcluster_locked_test_0125,qbank_locked_test_066dd1f657c3,108741 130854 75579 54476 53878 36234 84548 76307 1507 104719 74560 125935 49070 84037 17245 67059 87900 24723 19844 136802 93755 103769 54080 26191 78462 132779 48137 807 43230 49735 120326 26191,78462,43230,84037,23 27 12,24 28 13,23,24,31,32,8
qseq_c300d10fc688a68b,locked_test,length_32_gap_8,qcluster_locked_test_0126,qbank_locked_test_066dd1f657c3,116915 60906 91249 53864 121511 35550 23740 91229 141683 110141 44805 21691 12097 40970 5510 40682 26642 26075 66566 61295 7377 71072 81787 137942 66876 122730 10144 151328 105667 81516 145759 137942,66876,105667,81787,23 27 21,24 28 22,23,24,31,32,8
qseq_1e77c5a2325b51a9,locked_test,length_32_gap_8,qcluster_locked_test_0127,qbank_locked_test_066dd1f657c3,106822 92542 121325 13591 76919 65511 134826 84702 39797 44380 94992 149432 86340 114862 73787 70088 64406 73350 47668 69601 98308 55785 111566 61297 97043 47845 9872 130971 46216 61024 140323 61297,97043,70088,111566,23 14 21,24 15 22,23,24,31,32,8
qseq_51da387a6f8b8ce3,locked_test,length_32_gap_16,qcluster_locked_test_0000,qbank_locked_test_066dd1f657c3,27580 148486 131491 88788 69042 90975 12793 12007 63442 114303 62626 106934 62899 122909 147343 139339 117926 106038 4266 91563 52847 35383 105327 53855 11298 56196 13161 7342 91879 101684 149675 139339,117926,149675,56196,15 29 24,16 30 25,15,16,31,32,16
qseq_eac96b201bd3fc73,locked_test,length_32_gap_16,qcluster_locked_test_0001,qbank_locked_test_066dd1f657c3,86744 112524 24633 4797 18731 88922 136954 40494 93392 136802 67150 112510 123498 145983 69615 37409 44733 140323 6016 112662 96142 107169 51608 43939 109608 120900 12639 135254 54275 72325 11847 37409,44733,51608,24633,15 21 1,16 22 2,15,16,31,32,16
qseq_224fbfe2389aa199,locked_test,length_32_gap_16,qcluster_locked_test_0002,qbank_locked_test_066dd1f657c3,131377 14778 94626 47094 123394 67155 3982 119039 94290 17246 65377 103377 135800 127980 16144 139174 35354 104038 90895 93053 60001 89442 26109 106580 21559 96159 27841 72665 12639 87013 115520 139174,35354,17246,89442,15 8 20,16 9 21,15,16,31,32,16
qseq_54fff72ea1df4a5d,locked_test,length_32_gap_16,qcluster_locked_test_0003,qbank_locked_test_066dd1f657c3,12046 130075 86823 79710 142878 142414 61622 139906 116016 101725 91003 110354 46615 44586 37617 150710 142476 65973 31093 46931 47798 111279 146974 93640 51207 140607 69079 108788 34398 121839 31547 150710,142476,69079,93640,15 25 22,16 26 23,15,16,31,32,16
qseq_6a3cdda2c52fd841,locked_test,length_32_gap_16,qcluster_locked_test_0004,qbank_locked_test_066dd1f657c3,71533 92692 116021 42038 91038 103636 108778 89281 141969 71048 23312 104447 69007 114292 137158 94011 102325 83848 145949 124268 149535 64915 116371 6433 40565 38851 117108 145041 148162 150369 105902 94011,102325,103636,124268,15 4 18,16 5 19,15,16,31,32,16
qseq_27a178b7313b9284,locked_test,length_32_gap_16,qcluster_locked_test_0005,qbank_locked_test_066dd1f657c3,147086 52860 123071 87032 2421 143188 61558 47624 23740 145288 57890 113830 49478 119107 10462 9479 12046 134626 53082 120168 136776 3127 30423 17324 18315 50794 67150 103491 113138 105825 88401 9479,12046,3127,143188,15 20 4,16 21 5,15,16,31,32,16
qseq_a55ecfdbfc976e0e,locked_test,length_32_gap_16,qcluster_locked_test_0006,qbank_locked_test_066dd1f657c3,41993 13143 47799 93475 124181 26278 687 74810 41010 105825 84137 59912 84800 37617 62593 71072 112483 125081 93717 124791 76023 83167 2746 66355 81013 43949 19429 74257 24358 73354 147028 71072,112483,43949,83167,15 24 20,16 25 21,15,16,31,32,16
qseq_907aa364eacf54c4,locked_test,length_32_gap_16,qcluster_locked_test_0007,qbank_locked_test_066dd1f657c3,104602 146616 37726 111279 59251 23359 12034 59774 983 6867 79635 80974 30423 101725 74297 113684 68129 100749 64502 94992 70088 21239 33992 26597 116248 86838 14795 44405 111571 27234 133578 113684,68129,64502,74297,15 17 13,16 18 14,15,16,31,32,16
qseq_7cc767a5697ab556,locked_test,length_32_gap_16,qcluster_locked_test_0008,qbank_locked_test_066dd1f657c3,36195 3442 144724 36778 6176 31181 131498 62282 128655 127846 122112 129451 66405 75579 32011 140914 26534 80670 112016 35351 87900 133948 137969 77587 46598 56989 113263 148643 60032 62636 88959 140914,26534,133948,131498,15 20 5,16 21 6,15,16,31,32,16
qseq_cb990c71026799bf,locked_test,length_32_gap_16,qcluster_locked_test_0009,qbank_locked_test_066dd1f657c3,138526 37156 112387 130129 132270 29828 144846 46901 67193 111183 9354 149675 68343 126020 109455 39668 112662 108062 46671 144977 16809 29108 14833 93961 19155 22368 15460 59844 65205 100189 62626 39668,112662,109455,9354,15 13 9,16 14 10,15,16,31,32,16
qseq_87116fa7f364f25a,locked_test,length_32_gap_16,qcluster_locked_test_0010,qbank_locked_test_066dd1f657c3,80066 26681 144365 22021 144223 76151 65395 71835 43431 8177 129466 91038 115316 2746 13676 23606 75932 133578 94011 19211 23159 108741 30921 100855 6314 96226 64100 55079 80686 151400 68988 23606,75932,13676,129466,15 13 9,16 14 10,15,16,31,32,16
qseq_e3c98721c581c737,locked_test,length_32_gap_16,qcluster_locked_test_0011,qbank_locked_test_066dd1f657c3,34578 5879 56012 55398 118310 104843 87451 43043 45075 47308 21869 57732 44549 113320 58764 150467 68625 77535 33476 5177 123992 106280 123498 105219 113379 116004 57272 32821 35977 134626 146357 150467,68625,44549,87451,15 11 5,16 12 6,15,16,31,32,16
qseq_4412ea40fc0a5452,locked_test,length_32_gap_16,qcluster_locked_test_0012,qbank_locked_test_066dd1f657c3,118001 92854 127953 110313 93233 71629 92625 23617 88730 75929 69275 39256 43972 17245 144706 148899 116724 47119 121882 29492 110380 82096 31531 77553 145288 30528 15086 120024 65545 8201 137728 148899,116724,17245,127953,15 12 1,16 13 2,15,16,31,32,16
qseq_b93f629c98233f79,locked_test,length_32_gap_16,qcluster_locked_test_0013,qbank_locked_test_066dd1f657c3,122097 108099 23617 85305 88434 103366 149837 108979 37765 124358 88829 41844 21229 21984 13281 146642 91102 78565 136776 2448 100207 139409 101196 134324 46881 136415 29638 77730 66010 113892 148643 146642,91102,85305,88829,15 2 9,16 3 10,15,16,31,32,16
qseq_0a11eda3e10928cb,locked_test,length_32_gap_16,qcluster_locked_test_0014,qbank_locked_test_066dd1f657c3,143677 57890 113466 119562 48137 64985 13585 138876 146016 139776 17170 80250 100749 103637 55595 93133 52718 83869 32011 24557 63969 46374 81300 80768 47751 54595 65266 69586 136337 114610 104747 93133,52718,54595,114610,15 24 28,16 25 29,15,16,31,32,16
qseq_5a9da15919674614,locked_test,length_32_gap_16,qcluster_locked_test_0015,qbank_locked_test_066dd1f657c3,80485 115698 111183 26368 143889 5801 55581 151634 105286 54956 47615 5510 8501 148925 103150 3982 14752 18850 130494 43933 133259 57648 9249 8835 12379 83056 84933 57138 46030 95596 39575 3982,14752,111183,5801,15 1 4,16 2 5,15,16,31,32,16
qseq_77868ea527d9c200,locked_test,length_32_gap_16,qcluster_locked_test_0016,qbank_locked_test_066dd1f657c3,148938 87546 5862 24358 9418 17102 52642 88922 98786 127835 47861 53878 85817 83513 10943 3547 98094 89260 89100 135690 45898 128645 7724 74983 91038 32935 37409 61286 125935 115105 77617 3547,98094,7724,135690,15 21 18,16 22 19,15,16,31,32,16
qseq_8a7e3d31a752d7a5,locked_test,length_32_gap_16,qcluster_locked_test_0017,qbank_locked_test_066dd1f657c3,138975 79992 120264 122699 19350 42481 99139 12728 133645 94550 38231 42038 45898 9383 88298 26534 106381 34776 71374 118568 143905 137942 128131 138748 43949 127711 51164 72061 31491 112488 106283 26534,106381,38231,45898,15 9 11,16 10 12,15,16,31,32,16
qseq_402471cf130f2cc8,locked_test,length_32_gap_16,qcluster_locked_test_0018,qbank_locked_test_066dd1f657c3,110280 104762 102682 122071 28999 7838 9920 127986 14105 40565 109030 52536 88057 76404 55986 107149 62801 33732 43252 68765 91003 117162 117313 57580 78497 18016 9308 105667 59236 33708 75929 107149,62801,76404,52536,15 12 10,16 13 11,15,16,31,32,16
qseq_fa121fbea23d6857,locked_test,length_32_gap_16,qcluster_locked_test_0019,qbank_locked_test_066dd1f657c3,80670 29714 135257 145324 140607 47789 113336 57735 141249 39682 146108 76914 77080 12650 114247 61260 120960 58010 43774 86558 68025 67557 49755 35281 7775 16856 93392 76307 81994 40003 89399 61260,120960,29714,76307,15 0 26,16 1 27,15,16,31,32,16
qseq_85faac97e2e3cde7,locked_test,length_32_gap_16,qcluster_locked_test_0020,qbank_locked_test_066dd1f657c3,68109 34074 3905 6176 4618 119409 52124 101499 130479 39893 103463 73638 47861 52345 20986 52536 74883 145510 11915 53185 114673 112043 84515 148126 95925 117916 46671 42641 94212 110280 118828 52536,74883,6176,52345,15 2 12,16 3 13,15,16,31,32,16
qseq_2ccb505026357c0a,locked_test,length_32_gap_16,qcluster_locked_test_0021,qbank_locked_test_066dd1f657c3,23492 128131 38217 89879 135079 106368 46775 42688 83826 106331 110859 11294 32321 135424 47356 148807 25645 108118 5143 103150 6210 6111 61037 120758 120779 119735 35350 1008 83042 107054 105756 148807,25645,89879,5143,15 2 17,16 3 18,15,16,31,32,16
qseq_933e27a38efc9606,locked_test,length_32_gap_16,qcluster_locked_test_0022,qbank_locked_test_066dd1f657c3,8501 124239 25732 111183 21442 7031 144696 146913 13098 67746 45697 66876 137436 63341 39893 130532 66010 72061 123273 3982 6342 7724 49665 23159 132312 111061 77079 131498 130850 27436 138095 130532,66010,66876,39893,15 10 13,16 11 14,15,16,31,32,16
qseq_08eeae5eea750a4b,locked_test,length_32_gap_16,qcluster_locked_test_0023,qbank_locked_test_066dd1f657c3,39486 137780 2964 135424 1118 76914 63895 150757 71835 37762 149537 141716 18572 140779 113842 34395 26719 109455 91222 70088 83022 43933 19155 97037 83513 89323 90493 2726 93961 48336 96142 34395,26719,135424,83022,15 2 19,16 3 20,15,16,31,32,16
qseq_4d5fda5ff7145d37,locked_test,length_32_gap_16,qcluster_locked_test_0024,qbank_locked_test_066dd1f657c3,111722 138526 97815 10442 52618 103463 123219 144696 135121 103769 58650 114772 61552 14740 18850 133578 147887 34609 30365 113466 150681 118652 144959 57391 95207 62212 56577 63361 87569 115164 107346 133578,147887,115164,97815,15 28 1,16 29 2,15,16,31,32,16
qseq_572924436a41803e,locked_test,length_32_gap_16,qcluster_locked_test_0025,qbank_locked_test_066dd1f657c3,118221 125030 131307 36066 33404 138277 58163 100422 820 61418 61718 90367 143348 60670 108930 28101 4910 108118 6710 121995 86838 82554 105314 13585 144410 52879 107674 37884 121982 74297 48020 28101,4910,90367,108930,15 10 13,16 11 14,15,16,31,32,16
qseq_ccaa3401770f8bfe,locked_test,length_32_gap_16,qcluster_locked_test_0026,qbank_locked_test_066dd1f657c3,67670 99028 121122 43212 7582 86910 47845 65545 61785 133386 97101 46671 139430 84605 96584 49936 12623 34081 149368 94879 48336 117290 95886 88342 58117 147684 33732 116981 53988 15028 94503 49936,12623,58117,47845,15 23 5,16 24 6,15,16,31,32,16
qseq_ec5eacee7f39745e,locked_test,length_32_gap_16,qcluster_locked_test_0027,qbank_locked_test_066dd1f657c3,130854 117679 48239 24454 88953 56917 69722 22773 36298 90935 26400 81798 47256 94290 78679 116863 60063 72840 72722 98407 14905 116853 55581 60835 86823 10432 60144 45036 92414 89217 97604 116863,60063,69722,55581,15 5 21,16 6 22,15,16,31,32,16
qseq_d781c370e5f2edcf,locked_test,length_32_gap_16,qcluster_locked_test_0028,qbank_locked_test_066dd1f657c3,88270 78293 94503 73701 48014 92240 62490 25732 42107 31311 143751 90532 143566 116132 60717 31352 139174 78203 93980 86310 97092 22124 115926 90868 27436 8827 115316 91603 119282 43431 6838 31352,139174,90868,48014,15 22 3,16 23 4,15,16,31,32,16
qseq_3a45e7273077b405,locked_test,length_32_gap_16,qcluster_locked_test_0029,qbank_locked_test_066dd1f657c3,131161 16155 94638 54595 55258 44845 21287 94399 146743 71692 88900 67557 18651 143396 130479 8201 130556 101684 71374 137834 118732 37150 134066 139409 138278 9929 146254 66964 38341 32253 29139 8201,130556,71374,134066,15 17 21,16 18 22,15,16,31,32,16
qseq_bc2ab8ab771d405a,locked_test,length_32_gap_16,qcluster_locked_test_0030,qbank_locked_test_066dd1f657c3,115926 19415 101645 32898 89568 73022 109399 88530 89219 128519 62636 54006 17277 109590 58951 90565 71348 22281 106822 144996 116939 71689 57141 46403 117458 112387 88059 26544 63511 40565 93392 90565,71348,88530,112387,15 6 24,16 7 25,15,16,31,32,16
qseq_3282c48559b0918a,locked_test,length_32_gap_16,qcluster_locked_test_0031,qbank_locked_test_066dd1f657c3,104285 120547 5801 12687 49162 50407 121079 140323 925 44231 97911 118221 76404 124784 31355 120960 85305 34208 9929 114772 13591 57648 37597 32408 26094 135052 119796 79119 128145 67467 84711 120960,85305,140323,50407,15 6 4,16 7 5,15,16,31,32,16
qseq_78a1be4f121c2fad,locked_test,length_32_gap_16,qcluster_locked_test_0032,qbank_locked_test_066dd1f657c3,107006 50407 118732 130533 22021 35703 7592 134626 42134 75032 9929 27915 110466 137768 7540 106822 82657 149763 19188 151328 61730 133151 23608 60448 78761 14756 67148 91843 31393 39661 75138 106822,82657,134626,151328,15 6 18,16 7 19,15,16,31,32,16
qseq_bedb89b6d506748d,locked_test,length_32_gap_16,qcluster_locked_test_0033,qbank_locked_test_066dd1f657c3,49443 113263 125691 141920 127233 139453 128638 87816 48137 76919 131180 149940 78188 15403 2323 148146 132536 9920 111173 136897 38263 33763 5063 99696 12046 96159 67315 23901 9872 74257 136378 148146,132536,141920,48137,15 2 7,16 3 8,15,16,31,32,16
qseq_60b996a44cb35177,locked_test,length_32_gap_16,qcluster_locked_test_0034,qbank_locked_test_066dd1f657c3,56361 127060 45289 64397 51607 57822 115024 139273 29126 3097 93719 38501 103150 106377 140124 22789 5205 82479 146622 87900 107006 127980 28990 119032 64230 127898 1097 956 88301 102905 138095 22789,5205,139273,64230,15 6 23,16 7 24,15,16,31,32,16
qseq_e1e4ea525b02be86,locked_test,length_32_gap_16,qcluster_locked_test_0035,qbank_locked_test_066dd1f657c3,123225 19211 26094 116527 3900 57272 93582 39372 67624 51207 107886 19078 70808 66187 119069 127261 60670 42200 55353 45980 52568 84396 8201 115926 64787 126090 72840 26544 147882 147028 9339 127261,60670,70808,116527,15 11 2,16 12 3,15,16,31,32,16
qseq_f8363cbd9ae8df62,locked_test,length_32_gap_16,qcluster_locked_test_0036,qbank_locked_test_066dd1f657c3,135816 41010 73909 44733 81148 113205 60552 55586 62628 30885 31300 98168 4937 89773 80288 121242 11673 131157 144541 91539 36657 62398 46016 17387 107343 73662 66490 87032 8177 11724 46889 121242,11673,80288,55586,15 13 6,16 14 7,15,16,31,32,16
qseq_709e4b2b68e8d27e,locked_test,length_32_gap_16,qcluster_locked_test_0037,qbank_locked_test_066dd1f657c3,70523 138737 81787 26597 68282 72688 51036 148469 80655 38674 55586 2584 46671 86795 143515 143625 23901 11076 26109 106830 130191 75932 8177 86694 26400 43818 17998 90984 45388 114772 73350 143625,23901,81787,38674,15 1 8,16 2 9,15,16,31,32,16
qseq_ed121418d08519f0,locked_test,length_32_gap_16,qcluster_locked_test_0038,qbank_locked_test_066dd1f657c3,94140 34683 49690 143521 92542 88607 116248 72121 23608 143345 45952 96545 51763 3002 15360 19658 12623 61836 43043 118681 113475 12728 49121 149726 149342 62464 46889 83631 39661 140401 127050 19658,12623,113475,51763,15 19 11,16 20 12,15,16,31,32,16
qseq_95abd009d550334e,locked_test,length_32_gap_16,qcluster_locked_test_0039,qbank_locked_test_066dd1f657c3,23089 29859 62895 109533 31311 72454 120159 41393 51659 76474 150242 127502 94728 83848 89585 117270 2964 86116 88832 40172 20599 149650 90549 32965 74983 147887 46374 38674 113741 10521 26453 117270,2964,109533,113741,15 2 27,16 3 28,15,16,31,32,16
qseq_20fa28653b9612f0,locked_test,length_32_gap_16,qcluster_locked_test_0040,qbank_locked_test_066dd1f657c3,123273 28990 87816 87569 37762 103491 64397 25242 94153 80616 7411 59774 73787 126347 54009 134057 133778 118672 149246 70523 61432 56917 134111 49070 19078 91659 92309 143348 108963 16268 82711 134057,133778,54009,92309,15 13 25,16 14 26,15,16,31,32,16
qseq_b0d428ee9cd2baa9,locked_test,length_32_gap_16,qcluster_locked_test_0041,qbank_locked_test_066dd1f657c3,51145 92823 93717 57752 92381 132536 111183 62010 127510 38761 61295 124358 21551 35174 112237 80352 9724 35438 18047 34074 62636 69062 25242 16464 99143 133501 58092 42200 61051 103636 59463 80352,9724,25242,99143,15 21 23,16 22 24,15,16,31,32,16
qseq_395af65966d36c90,locked_test,length_32_gap_16,qcluster_locked_test_0042,qbank_locked_test_066dd1f657c3,16262 140401 69057 35350 101697 16820 36163 103551 34609 14851 37381 75963 43626 99337 16712 117466 6670 137728 99774 125996 146977 13404 82183 64502 39797 37884 65016 55148 21691 51688 125489 117466,6670,146977,65016,15 19 25,16 20 26,15,16,31,32,16
qseq_1e5a6bab2db57f1d,locked_test,length_32_gap_16,qcluster_locked_test_0043,qbank_locked_test_066dd1f657c3,87610 6670 19884 141585 71374 53147 48137 73797 146734 86604 87410 66586 26719 27125 85337 26368 42481 75063 16849 131037 57082 37156 128645 51288 128521 97604 54329 54488 31992 119796 92665 26368,42481,71374,26719,15 3 11,16 4 12,15,16,31,32,16
qseq_b8684e9bc319a7ba,locked_test,length_32_gap_16,qcluster_locked_test_0044,qbank_locked_test_066dd1f657c3,97913 68589 110313 99028 12926 93434 72325 43823 43335 124935 37597 92180 98873 59887 111328 108741 9421 60717 150339 36499 78158 42107 89723 121337 139906 49121 9935 14105 7582 46403 57812 108741,9421,43335,110313,15 7 1,16 8 2,15,16,31,32,16
qseq_f41a55002633bb20,locked_test,length_32_gap_16,qcluster_locked_test_0045,qbank_locked_test_066dd1f657c3,137313 53699 106976 140412 138827 89281 19056 17516 151444 40919 109188 21551 40258 147778 47845 131292 147086 65266 42688 48137 53857 7838 21629 28929 52603 118420 125083 112642 91015 119039 71264 131292,147086,125083,109188,15 25 9,16 26 10,15,16,31,32,16
qseq_3b22fc5d1e8143db,locked_test,length_32_gap_16,qcluster_locked_test_0046,qbank_locked_test_066dd1f657c3,37765 62493 84821 124869 73787 1472 95396 113892 27234 80777 143596 42302 9030 16809 36138 25040 76690 10736 10280 130348 84515 12301 92182 57138 130337 39246 65702 97037 1008 51392 148899 25040,76690,124869,80777,15 2 8,16 3 9,15,16,31,32,16
qseq_d7f3067f18c728ca,locked_test,length_32_gap_16,qcluster_locked_test_0047,qbank_locked_test_066dd1f657c3,34357 131157 59774 113114 51310 60835 53942 90307 48636 131282 133075 38560 46976 26278 68138 127459 142640 125649 144223 137602 44123 58764 146642 115576 38341 104729 26567 102851 24067 98019 149062 127459,142640,44123,113114,15 19 2,16 20 3,15,16,31,32,16
qseq_0ed4c65de0e47fe7,locked_test,length_32_gap_16,qcluster_locked_test_0048,qbank_locked_test_066dd1f657c3,28324 75722 123071 112289 51736 42874 66187 43706 11178 107346 102578 59318 111073 60063 117332 5492 127544 83848 35281 62146 122296 83968 97407 13990 150774 108963 96142 131722 136698 61418 145069 5492,127544,13990,42874,15 22 4,16 23 5,15,16,31,32,16
qseq_733f731636461b78,locked_test,length_32_gap_16,qcluster_locked_test_0049,qbank_locked_test_066dd1f657c3,140738 63898 61446 66111 75490 123910 128645 32489 45036 106368 9030 26534 82260 122885 6961 114694 148126 19884 149368 139273 32377 8841 58112 27719 15360 12110 122383 3138 113945 49327 24888 114694,148126,49327,75490,15 28 3,16 29 4,15,16,31,32,16
qseq_7c2209738540baf2,locked_test,length_32_gap_16,qcluster_locked_test_0050,qbank_locked_test_066dd1f657c3,86483 32898 57799 75579 149025 88342 121325 17337 44182 141657 2504 45980 104267 105548 132699 112295 36828 116223 78679 149675 139055 83714 36195 69601 23608 47750 9180 88163 52966 98308 39353 112295,36828,69601,52966,15 22 27,16 23 28,15,16,31,32,16
qseq_a8fb8123bb8e855c,locked_test,length_32_gap_16,qcluster_locked_test_0051,qbank_locked_test_066dd1f657c3,90493 12606 8501 34261 46598 144102 115703 46881 95182 86028 146108 29344 7386 65127 9857 109030 127261 139273 56266 42107 42023 54474 108741 29554 61598 65973 11487 6637 30635 60762 151421 109030,127261,42023,115703,15 19 5,16 20 6,15,16,31,32,16
qseq_d779fa833ce0cc01,locked_test,length_32_gap_16,qcluster_locked_test_0052,qbank_locked_test_066dd1f657c3,109820 74614 70633 16654 69334 81610 44419 138095 47790 38190 112016 115625 137570 122383 75442 13851 63341 74546 36298 108741 102110 115980 53126 144121 136144 115105 132536 140068 151542 118221 80029 13851,63341,132536,122383,15 25 12,16 26 13,15,16,31,32,16
qseq_5156148e7c697449,locked_test,length_32_gap_16,qcluster_locked_test_0053,qbank_locked_test_066dd1f657c3,86433 140510 95202 96650 59115 5306 137686 26146 114159 3700 84247 122730 140412 38048 145246 55968 83369 26482 83079 4340 74614 115520 16319 144898 41489 78226 118795 124643 6197 27878 64915 55968,83369,26146,64915,15 6 29,16 7 30,15,16,31,32,16
qseq_7d777c93d0d941cc,locked_test,length_32_gap_16,qcluster_locked_test_0054,qbank_locked_test_066dd1f657c3,64980 15913 104269 133335 77806 45980 98399 31005 55986 27556 112016 94437 45036 44050 127835 86373 7775 57590 130877 99696 10304 41393 130045 146108 112483 15103 148430 143677 117636 38761 138681 86373,7775,41393,31005,15 20 6,16 21 7,15,16,31,32,16
qseq_fc423db6839c3fa0,locked_test,length_32_gap_16,qcluster_locked_test_0055,qbank_locked_test_066dd1f657c3,5838 54318 21386 142901 31669 43949 57482 5740 46646 94907 127988 66509 104269 44367 84933 70761 136236 91249 105172 29175 131135 81409 122122 146357 136626 58668 148709 125334 110213 94865 27975 70761,136236,21386,29175,15 1 18,16 2 19,15,16,31,32,16
qseq_67e4b66cd1913fa3,locked_test,length_32_gap_16,qcluster_locked_test_0056,qbank_locked_test_066dd1f657c3,23159 135738 20302 86758 78565 84809 97431 142883 56266 90714 9872 67942 136826 63898 47598 146033 40569 93170 14398 88669 109932 108354 31992 122421 131276 67339 108498 8848 115980 77730 84099 146033,40569,63898,108354,15 12 20,16 13 21,15,16,31,32,16
qseq_f88d982b64da8faf,locked_test,length_32_gap_16,qcluster_locked_test_0057,qbank_locked_test_066dd1f657c3,84582 87610 46731 23278 102687 47544 22294 46931 78487 128869 100427 82701 77591 59776 74741 2448 148320 103366 143181 46735 55587 6433 32020 49148 129417 72450 35170 16603 88678 6961 91903 2448,148320,32020,46731,15 21 1,16 22 2,15,16,31,32,16
qseq_48d8aa6fbb10cc4c,locked_test,length_32_gap_16,qcluster_locked_test_0058,qbank_locked_test_066dd1f657c3,130156 115576 73473 8613 34730 128913 67150 60230 52504 61161 38593 38674 33732 103551 105811 126291 26642 59588 141716 16100 119162 130494 5676 89281 44545 25672 87648 137656 136154 54604 23746 126291,26642,73473,136154,15 1 27,16 2 28,15,16,31,32,16
qseq_2e2e4e0ec397cb01,locked_test,length_32_gap_16,qcluster_locked_test_0059,qbank_locked_test_066dd1f657c3,101630 69062 77587 42902 49690 116863 143751 128482 25493 90935 140323 118835 105021 41285 118699 31547 137652 139409 102266 44222 19690 17394 39353 127544 80635 73819 141572 30203 91015 75490 67829 31547,137652,49690,77587,15 3 1,16 4 2,15,16,31,32,16
qseq_bd086369bceb4a60,locked_test,length_32_gap_16,qcluster_locked_test_0060,qbank_locked_test_066dd1f657c3,106331 58010 69929 30686 101521 82763 51737 94879 103463 124935 147873 3442 57425 34349 16464 118699 117202 126462 138526 65511 131701 93612 120900 70166 5491 23278 135762 6441 132826 21629 58431 118699,117202,101521,21629,15 3 28,16 4 29,15,16,31,32,16
qseq_0f3e7c8573271df6,locked_test,length_32_gap_16,qcluster_locked_test_0061,qbank_locked_test_066dd1f657c3,14002 112662 132120 20509 59147 75932 106744 146071 20574 41860 113102 49040 63775 128539 125395 43433 52229 20933 76353 134618 132018 55451 39975 88922 6109 97312 36090 19155 133075 58543 139173 43433,52229,39975,125395,15 21 13,16 22 14,15,16,31,32,16
qseq_8c2b4a359bf467d6,locked_test,length_32_gap_16,qcluster_locked_test_0062,qbank_locked_test_066dd1f657c3,20767 36956 108498 21950 45600 137421 141762 135762 75963 128754 13859 53775 149759 6101 120778 2628 19020 96312 29779 54460 93640 127233 66964 76474 983 138629 113945 12543 105811 41844 55554 2628,19020,21950,120778,15 2 13,16 3 14,15,16,31,32,16
qseq_71138579e4a1fa6a,locked_test,length_32_gap_16,qcluster_locked_test_0063,qbank_locked_test_066dd1f657c3,47875 122071 33763 55586 77432 123845 60835 103636 113001 86758 110466 103205 54520 116445 106976 113892 104121 1405 84493 1816 14938 141349 126708 92116 27966 93475 37366 113741 67307 4952 150339 113892,104121,67307,93475,15 27 24,16 28 25,15,16,31,32,16
qseq_46e44fefb1b7b37e,locked_test,length_32_gap_16,qcluster_locked_test_0064,qbank_locked_test_066dd1f657c3,9657 96952 138748 30279 113640 44419 54236 103724 10943 68557 100255 149763 9418 66387 94654 103769 78679 87711 130337 114548 3043 92182 120960 20302 41518 60906 113466 39134 1118 46227 120778 103769,78679,92182,96952,15 20 0,16 21 1,15,16,31,32,16
qseq_4a5553b48fc0b850,locked_test,length_32_gap_16,qcluster_locked_test_0065,qbank_locked_test_066dd1f657c3,114753 10591 2170 132120 131921 62106 42134 18517 71680 11886 146616 86744 142332 53082 109744 83968 141960 59912 147633 19767 46606 138522 71090 98190 108250 95202 143521 115259 135254 39832 113292 83968,141960,62106,39832,15 4 28,16 5 29,15,16,31,32,16
qseq_9d5156874ec176b1,locked_test,length_32_gap_16,qcluster_locked_test_0066,qbank_locked_test_066dd1f657c3,25766 91712 3558 33708 86161 52805 103987 75186 38131 112483 121664 146564 98184 120677 148999 28283 17853 35138 140976 149672 90935 41146 25672 66586 79710 32858 83079 99462 117660 114694 78487 28283,17853,91712,120677,15 0 12,16 1 13,15,16,31,32,16
qseq_171dd8931d128ed9,locked_test,length_32_gap_16,qcluster_locked_test_0067,qbank_locked_test_066dd1f657c3,46905 1472 12650 39714 16166 44018 46937 5862 128160 135121 19415 11673 100327 7724 82273 70799 35005 89104 14981 53185 38190 149477 103252 37409 58704 89918 108658 65545 35522 58543 57652 70799,35005,108658,135121,15 25 8,16 26 9,15,16,31,32,16
qseq_39fdcd4a127cedd2,locked_test,length_32_gap_16,qcluster_locked_test_0068,qbank_locked_test_066dd1f657c3,58105 73851 8868 55554 107634 58776 84350 42795 3043 70602 16012 34758 26719 12034 14778 57580 46016 130138 96080 110859 70419 3159 47592 62057 37937 104121 102569 6715 130796 91712 21984 57580,46016,96080,12034,15 17 12,16 18 13,15,16,31,32,16
qseq_e9577674828a2631,locked_test,length_32_gap_16,qcluster_locked_test_0069,qbank_locked_test_066dd1f657c3,124791 15481 101517 43349 150369 137602 44310 9339 83350 42721 151444 140738 118672 129947 10359 137364 127153 13671 113263 88059 4327 11298 83503 107634 39714 101082 39147 90167 517 40675 73797 137364,127153,517,83350,15 27 7,16 28 8,15,16,31,32,16
qseq_04241046f861709a,locked_test,length_32_gap_16,qcluster_locked_test_0070,qbank_locked_test_066dd1f657c3,139734 38131 16486 34302 116371 16772 143475 48105 131135 61214 79710 46671 100855 83631 16262 45969 90532 25040 70218 13157 55031 26337 87072 51288 148925 50402 118762 108518 45916 127247 74560 45969,90532,16486,16262,15 1 13,16 2 14,15,16,31,32,16
qseq_db5f47fb788f6d4d,locked_test,length_32_gap_16,qcluster_locked_test_0071,qbank_locked_test_066dd1f657c3,43059 12627 12897 77774 121121 37044 113185 149945 10736 123225 4952 77580 57890 124089 71620 134797 32489 108498 80777 125649 96998 4982 69937 15843 4882 23201 9180 67851 147873 116939 673 134797,32489,9180,15843,15 25 22,16 26 23,15,16,31,32,16
qseq_e6df2764d22cb03b,locked_test,length_32_gap_16,qcluster_locked_test_0072,qbank_locked_test_066dd1f657c3,127953 90971 98168 5143 141585 139705 23312 129223 93170 144706 30307 41738 33206 27012 32428 22923 2504 51276 145909 76591 46016 8501 118828 137656 141845 132120 33295 67148 32591 51349 76151 22923,2504,51349,76591,15 28 18,16 29 19,15,16,31,32,16
qseq_073c6ada9b70f5a4,locked_test,length_32_gap_16,qcluster_locked_test_0073,qbank_locked_test_066dd1f657c3,5838 51740 26264 88683 56913 34302 37884 143604 93443 64771 8827 87904 98399 136154 75186 118586 133765 11915 109501 83631 71064 84350 96093 98158 3900 120168 12926 13480 144029 50491 117961 118586,133765,96093,117961,15 21 29,16 22 30,15,16,31,32,16
qseq_f4372031b341c836,locked_test,length_32_gap_16,qcluster_locked_test_0074,qbank_locked_test_066dd1f657c3,95202 70808 100323 148162 65973 48827 11847 87298 84933 117498 46171 77480 125274 111224 135329 114605 23136 132536 140510 3756 95182 121454 78293 103252 102110 38499 22816 53185 19450 110345 45799 114605,23136,11847,125274,15 5 11,16 6 12,15,16,31,32,16
qseq_d13b204e7e7a5f58,locked_test,length_32_gap_16,qcluster_locked_test_0075,qbank_locked_test_066dd1f657c3,146773 86893 77591 21442 118586 83042 40016 25672 64987 120341 128645 121242 75063 33392 51737 88356 57082 96977 102893 62598 113230 114433 123358 141195 146292 63341 65771 22905 20111 72369 80223 88356,57082,141195,51737,15 22 13,16 23 14,15,16,31,32,16
qseq_7879cc834fa18cc0,locked_test,length_32_gap_16,qcluster_locked_test_0076,qbank_locked_test_066dd1f657c3,2782 74983 17219 67139 41833 72319 32428 69722 64397 49162 126543 94515 27556 104033 113945 89323 99603 15481 12511 93612 111073 73638 23834 116939 71090 21262 145754 7289 108840 14655 112026 89323,99603,108840,32428,15 27 5,16 28 6,15,16,31,32,16
qseq_52cafc25bf5576d8,locked_test,length_32_gap_16,qcluster_locked_test_0077,qbank_locked_test_066dd1f657c3,79119 38619 151444 86893 101412 149945 149432 81610 141969 96093 19020 96230 138277 90178 44310 41833 117081 42902 138681 36899 113099 43823 29638 99603 108672 22281 44182 5708 9872 35281 108155 41833,117081,108155,9872,15 29 27,16 30 28,15,16,31,32,16
qseq_21279f743111c50d,locked_test,length_32_gap_16,qcluster_locked_test_0078,qbank_locked_test_066dd1f657c3,53082 16739 79317 117335 84075 81409 97092 148053 126708 71689 90565 105817 144586 69941 148463 138821 45898 21984 71264 24358 101082 47155 118835 106822 97354 1472 87816 133258 3699 85823 120385 138821,45898,126708,71264,15 7 17,16 8 18,15,16,31,32,16
qseq_0f860c45e283639d,locked_test,length_32_gap_16,qcluster_locked_test_0079,qbank_locked_test_066dd1f657c3,148678 131441 110255 64767 44586 21229 109744 10521 120986 97911 99696 12046 125006 80961 94826 45125 36956 54080 31352 93642 75442 132111 124173 71265 75438 137768 55554 24868 100981 35039 59824 45125,36956,44586,132111,15 3 20,16 4 21,15,16,31,32,16
qseq_a2c372f327d23a52,locked_test,length_32_gap_16,qcluster_locked_test_0080,qbank_locked_test_066dd1f657c3,140286 110531 117983 35005 99018 97911 147935 136802 17671 76474 142189 82479 74036 7289 106934 69190 119998 122909 126543 43433 66405 117335 69334 144706 34163 63895 95566 23136 128131 104121 80127 69190,119998,110531,142189,15 0 9,16 1 10,15,16,31,32,16
qseq_9f924dba2b69634e,locked_test,length_32_gap_16,qcluster_locked_test_0081,qbank_locked_test_066dd1f657c3,60263 79119 85817 142531 133027 18877 94290 80536 114823 65973 111173 68349 2584 102569 39682 39134 147885 47798 76591 55079 36234 6433 77007 130877 84335 57586 129417 96977 76 65205 110866 39134,147885,102569,129417,15 12 25,16 13 26,15,16,31,32,16
qseq_d76bc8695dbdd1f5,locked_test,length_32_gap_16,qcluster_locked_test_0082,qbank_locked_test_066dd1f657c3,14331 125006 52642 17998 44964 33074 21442 6111 40258 93717 133187 50371 140976 64084 52290 38761 113615 130877 62010 92692 16262 52222 68456 123226 80997 134324 32871 97911 78766 78454 13886 38761,113615,52290,93717,15 13 8,16 14 9,15,16,31,32,16
qseq_23667c91650bdccc,locked_test,length_32_gap_16,qcluster_locked_test_0083,qbank_locked_test_066dd1f657c3,61287 106747 130337 127729 130910 69722 94153 54520 136236 85533 59774 115073 3859 9418 108354 865 27966 43823 74363 32835 62721 50668 33538 41833 99907 88473 5074 33295 83848 89104 26482 865,27966,26482,9418,15 29 12,16 30 13,15,16,31,32,16
qseq_e44da8b6c4e09ffc,locked_test,length_32_gap_16,qcluster_locked_test_0084,qbank_locked_test_066dd1f657c3,36298 100139 130494 127459 143345 125158 65127 114554 55658 76919 45029 42789 120808 131180 145911 85337 122152 122421 90532 37524 116118 46227 3442 6433 107634 61287 93027 141032 60780 78497 98539 85337,122152,90532,6433,15 17 22,16 18 23,15,16,31,32,16
qseq_c219eb8693e61385,locked_test,length_32_gap_16,qcluster_locked_test_0085,qbank_locked_test_066dd1f657c3,46408 73909 27678 120264 111743 134488 33295 35176 53857 113854 72987 25732 35354 43706 88829 87474 105083 2560 88356 94992 27579 137656 25672 26508 92477 145168 37860 125156 131477 14485 130701 87474,105083,111743,26508,15 3 22,16 4 23,15,16,31,32,16
qseq_9a9770f0a0f3fa31,locked_test,length_32_gap_16,qcluster_locked_test_0086,qbank_locked_test_066dd1f657c3,80688 60144 102412 119250 44767 72994 39975 149246 33404 13591 21691 46227 150109 139482 16486 42107 31093 138779 139945 83744 59115 113336 22506 94116 113205 26264 11886 132461 96834 84350 97209 42107,31093,26264,139482,15 24 12,16 25 13,15,16,31,32,16
qseq_6cd2d06d6be33ff3,locked_test,length_32_gap_16,qcluster_locked_test_0087,qbank_locked_test_066dd1f657c3,62464 90565 9580 20999 53185 15028 46216 30279 93414 149009 130582 120425 52097 99018 89773 17124 100537 151493 61298 148454 142471 123843 127711 118835 55587 114673 111005 44805 73564 16268 65991 17124,100537,123843,90565,15 20 0,16 21 1,15,16,31,32,16
qseq_66edf50d845f4e6c,locked_test,length_32_gap_16,qcluster_locked_test_0088,qbank_locked_test_066dd1f657c3,80536 80997 28847 133870 90178 41640 46775 53180 119453 116991 55239 58764 105021 5740 138101 15320 147885 720 40405 121511 7342 52568 16210 43212 58537 118379 143475 59588 137621 143511 101273 15320,147885,90178,53180,15 3 6,16 4 7,15,16,31,32,16
qseq_c9fbc88e1ff34c53,locked_test,length_32_gap_16,qcluster_locked_test_0089,qbank_locked_test_066dd1f657c3,94992 95396 5275 31754 87072 96080 57890 22619 10627 73634 63229 91053 85774 12239 100427 12443 58537 7377 61024 49977 3127 135206 150681 89879 54081 36066 130337 76295 127384 88900 43706 12443,58537,5275,3127,15 1 19,16 2 20,15,16,31,32,16
qseq_b9bcac569a324925,locked_test,length_32_gap_16,qcluster_locked_test_0090,qbank_locked_test_066dd1f657c3,75509 27416 88900 88270 23153 61655 28929 81082 86758 84821 745 149356 12201 57580 57524 109590 59844 44953 59016 143625 101517 145906 116672 5906 61730 118192 79232 85367 332 137942 109910 109590,59844,88900,116672,15 1 21,16 2 22,15,16,31,32,16
qseq_eefba5600698a4d1,locked_test,length_32_gap_16,qcluster_locked_test_0091,qbank_locked_test_066dd1f657c3,96151 97145 120453 7836 13929 93324 112043 68988 45969 26567 150827 22909 125996 79992 128185 116842 10846 116527 113796 62057 33667 39484 144586 129699 134057 54648 105531 84615 43933 37178 4340 116842,10846,125996,62057,15 11 18,16 12 19,15,16,31,32,16
qseq_480c2f3f59fbfd41,locked_test,length_32_gap_16,qcluster_locked_test_0092,qbank_locked_test_066dd1f657c3,107858 3526 61622 37150 113263 24902 137942 135206 47552 127953 110280 55493 150467 135837 105248 137570 51116 132536 44123 64959 40590 137780 40619 46030 148746 78019 141201 57799 57890 82772 65127 137570,51116,57890,40590,15 27 19,16 28 20,15,16,31,32,16
qseq_e5b3b281038de95c,locked_test,length_32_gap_16,qcluster_locked_test_0093,qbank_locked_test_066dd1f657c3,104642 132826 62801 53864 60029 87569 105314 142417 131899 32821 111879 39246 113114 144365 58370 13422 84582 129182 95396 104904 105172 72188 118835 52081 60360 11367 111086 127050 106747 86373 102777 13422,84582,105314,53864,15 5 2,16 6 3,15,16,31,32,16
qseq_36acc6c06dccca04,locked_test,length_32_gap_16,qcluster_locked_test_0094,qbank_locked_test_066dd1f657c3,97815 43662 80029 145266 43419 129999 31669 39668 98736 146743 66991 82799 47861 119735 17766 99534 73223 118568 95925 29609 19490 139993 134627 133645 72131 148709 119797 78454 8613 135261 78717 99534,73223,129999,139993,15 4 20,16 5 21,15,16,31,32,16
qseq_02c1f61dd568047c,locked_test,length_32_gap_16,qcluster_locked_test_0095,qbank_locked_test_066dd1f657c3,20959 14129 84559 77675 91367 100057 21551 47750 114862 109400 32414 120425 140154 30646 129947 63244 34303 12897 63894 59774 16021 106832 148469 34208 5419 40851 115316 9920 106921 37619 90527 63244,34303,14129,34208,15 0 22,16 1 23,15,16,31,32,16
qseq_4f9acb8c76697deb,locked_test,length_32_gap_16,qcluster_locked_test_0096,qbank_locked_test_066dd1f657c3,92477 3905 144121 20999 19681 91903 1681 37936 93081 127841 52210 12355 103315 52504 144996 35083 9347 48091 8361 31492 19450 687 55968 119562 94001 74825 604 13509 56196 111061 34219 35083,9347,111061,127841,15 28 8,16 29 9,15,16,31,32,16
qseq_f8c059ed0c1104ec,locked_test,length_32_gap_16,qcluster_locked_test_0097,qbank_locked_test_066dd1f657c3,44545 79017 38499 95886 27922 130854 117270 13699 113854 25594 16155 119250 7463 54141 66355 44182 47790 133690 91222 32994 133151 145441 136562 100189 151444 105531 25672 6323 84311 54329 85817 44182,47790,85817,7463,15 29 11,16 30 12,15,16,31,32,16
qseq_4b81ed42eeb6a1a6,locked_test,length_32_gap_16,qcluster_locked_test_0098,qbank_locked_test_066dd1f657c3,97425 35083 11673 19751 56945 84559 93027 32591 100893 106652 14847 117679 55148 13777 89442 21092 67783 5063 30423 23312 130877 47825 43798 78554 63244 138314 61161 35351 98308 12198 37936 21092,67783,23312,19751,15 18 2,16 19 3,15,16,31,32,16
qseq_6f38b9fb4232864b,locked_test,length_32_gap_16,qcluster_locked_test_0099,qbank_locked_test_066dd1f657c3,60717 11727 85337 79984 26143 148938 26109 45895 79788 88832 37762 109200 145124 47592 67528 33372 111173 48014 15087 65016 79507 53507 37936 69018 39714 108930 85119 67193 13264 30773 92625 33372,111173,26109,85337,15 5 1,16 6 2,15,16,31,32,16
qseq_b827fc04938b1ce9,locked_test,length_32_gap_16,qcluster_locked_test_0100,qbank_locked_test_066dd1f657c3,134826 116603 121032 109202 7031 96899 43252 69929 96545 3558 65932 32127 148709 85186 21871 35849 86806 148117 5063 4398 54329 50093 17074 56577 15596 120863 35039 127841 83350 123074 85774 35849,86806,69929,21871,15 6 13,16 7 14,15,16,31,32,16
qseq_59ed88ef666071d5,locked_test,length_32_gap_16,qcluster_locked_test_0101,qbank_locked_test_066dd1f657c3,144675 25732 94212 102814 74810 135206 149689 116293 3138 92665 140571 95473 14574 96584 91539 54733 11960 14981 138748 113684 145983 150774 112016 33295 62278 89714 99775 84515 105083 20872 80635 54733,11960,14574,140571,15 11 9,16 12 10,15,16,31,32,16
qseq_72ed010e5ff74e30,locked_test,length_32_gap_16,qcluster_locked_test_0102,qbank_locked_test_066dd1f657c3,7552 68349 86272 108930 54601 58092 13990 141675 91174 53172 67107 76861 63180 6135 86278 147028 12606 148938 54589 23606 53147 22905 75432 136562 23097 131722 116778 147102 435 57939 146071 147028,12606,58092,86278,15 4 13,16 5 14,15,16,31,32,16
qseq_2fea5943d42371bf,locked_test,length_32_gap_16,qcluster_locked_test_0103,qbank_locked_test_066dd1f657c3,332 66047 15087 60717 27975 54708 86604 136366 77007 24780 47256 2936 104447 29914 44681 94018 21629 130556 149604 109910 17246 46976 35354 26508 67557 52706 3859 42792 12543 59115 85247 94018,21629,136366,44681,15 6 13,16 7 14,15,16,31,32,16
qseq_c3d6ce919a133a7f,locked_test,length_32_gap_16,qcluster_locked_test_0104,qbank_locked_test_066dd1f657c3,111378 151400 138821 104880 100676 43433 12007 68536 82763 27580 94001 57590 100189 21691 89714 110255 43481 40016 135079 77432 132779 100749 24902 118379 3266 54589 54598 74363 143521 130503 69929 110255,43481,69929,54589,15 29 24,16 30 25,15,16,31,32,16
qseq_4d234b53cfda6717,locked_test,length_32_gap_16,qcluster_locked_test_0105,qbank_locked_test_066dd1f657c3,62625 137656 121110 5205 30279 45952 39291 150850 86161 54488 58668 94865 96952 116939 137652 42792 66812 113476 136377 127652 116057 7836 59436 135254 151400 112387 23097 47396 2560 60828 145069 42792,66812,54488,5205,15 8 2,16 9 3,15,16,31,32,16
qseq_be6fb88734a83fb8,locked_test,length_32_gap_16,qcluster_locked_test_0106,qbank_locked_test_066dd1f657c3,114808 32441 103366 110313 119039 1631 138123 50677 96159 15530 78293 147873 43378 147684 140510 101725 7031 119513 4487 89217 125006 74512 76690 104038 149231 129451 83699 111943 151079 49212 132461 101725,7031,151079,74512,15 27 20,16 28 21,15,16,31,32,16
qseq_04f14784c5a38a05,locked_test,length_32_gap_16,qcluster_locked_test_0107,qbank_locked_test_066dd1f657c3,117397 47256 21551 99603 64967 87570 71059 100855 130971 28284 65395 42457 103355 53147 138534 64406 109617 100490 68343 135079 104729 121375 81787 109070 64701 82301 41738 22619 43560 23606 89894 64406,109617,99603,104729,15 2 19,16 3 20,15,16,31,32,16
qseq_66013612f0314f59,locked_test,length_32_gap_16,qcluster_locked_test_0108,qbank_locked_test_066dd1f657c3,72322 54595 75954 52504 142228 36899 97719 27798 63211 129993 52222 80399 83503 28999 109202 139759 15530 87711 143677 126347 11610 109390 140124 129956 111667 53181 10591 72184 61994 88057 98168 139759,15530,36899,27798,15 4 6,16 5 7,15,16,31,32,16
qseq_511290bd0918a49f,locked_test,length_32_gap_16,qcluster_locked_test_0109,qbank_locked_test_066dd1f657c3,26143 74825 77007 14847 5748 13886 36138 78829 54315 48857 6715 130877 38761 148746 76151 69941 69545 89980 121511 86758 23740 89442 87711 39381 144010 146108 6961 73022 26146 69705 35390 69941,69545,14847,35390,15 2 29,16 3 30,15,16,31,32,16
qseq_4b2ed13d6025a925,locked_test,length_32_gap_16,qcluster_locked_test_0110,qbank_locked_test_066dd1f657c3,79635 61598 74363 90527 23617 26480 107769 86373 57141 92309 52642 90532 13676 53144 118762 5205 79119 35993 103205 81704 39714 115073 144253 25594 130850 71680 31754 72131 74546 109367 5306 5205,79119,26480,118762,15 4 13,16 5 14,15,16,31,32,16
qseq_7ffbafbff04f5535,locked_test,length_32_gap_16,qcluster_locked_test_0111,qbank_locked_test_066dd1f657c3,100079 78487 11393 142878 121300 7386 104747 132779 89723 114913 5690 151328 103377 32408 108412 123731 83744 5906 3699 56199 37409 149401 40842 19849 129417 13404 151491 54154 45799 145599 57358 123731,83744,40842,32408,15 21 12,16 22 13,15,16,31,32,16
qseq_cf4724c2f861e1f7,locked_test,length_32_gap_16,qcluster_locked_test_0112,qbank_locked_test_066dd1f657c3,59924 86310 58117 91095 32292 71620 68479 115731 6505 86200 82096 1548 133580 36376 41738 146913 110866 23097 44231 75438 83968 31489 145510 109114 9347 28829 63244 8442 99033 126954 130503 146913,110866,99033,91095,15 27 2,16 28 3,15,16,31,32,16
qseq_58ddf8ca78be5734,locked_test,length_32_gap_16,qcluster_locked_test_0113,qbank_locked_test_066dd1f657c3,77066 121982 19188 3900 100981 127233 85241 32935 29639 84709 102266 25594 46477 17102 128160 134825 2934 134626 140571 142574 21070 44419 41847 112129 67754 67592 55650 89260 21779 139055 20999 134825,2934,121982,21779,15 0 27,16 1 28,15,16,31,32,16
qseq_867ecf5328c9bada,locked_test,length_32_gap_16,qcluster_locked_test_0114,qbank_locked_test_066dd1f657c3,106078 145676 67851 55785 73634 64784 46897 8302 16210 26505 22658 99462 116223 131441 89980 85305 60774 33905 93162 2497 60029 67511 149650 33372 144329 63361 76914 86758 114945 60833 41847 85305,60774,16210,67851,15 7 1,16 8 2,15,16,31,32,16
qseq_0707ff8202ef0bbc,locked_test,length_32_gap_16,qcluster_locked_test_0115,qbank_locked_test_066dd1f657c3,82381 71265 105419 145949 104747 35350 21871 62057 113842 68341 44018 76116 146754 95596 140397 13871 136821 58370 61161 11737 72454 39586 673 123731 28929 141683 122097 73909 8224 111718 6277 13871,136821,76116,68341,15 10 8,16 11 9,15,16,31,32,16
qseq_73d5bd71d069b2d5,locked_test,length_32_gap_16,qcluster_locked_test_0116,qbank_locked_test_066dd1f657c3,45969 18340 56012 35354 80399 132443 50491 87191 135543 40999 106934 8114 22892 120425 13490 81889 31211 85510 9383 89219 23086 3266 134940 111571 129999 116915 76307 85305 61074 62487 112500 81889,31211,76307,62487,15 25 28,16 26 29,15,16,31,32,16
qseq_c92ba6422675e35f,locked_test,length_32_gap_16,qcluster_locked_test_0117,qbank_locked_test_066dd1f657c3,13543 124643 87298 103366 8442 140914 79317 5063 44681 4618 36480 105314 26480 93450 18012 93443 8613 77480 115316 46477 73354 138619 17124 86433 4882 148925 107146 57580 67107 108741 112321 93443,8613,93450,57580,15 12 26,16 13 27,15,16,31,32,16
qseq_eae7c7dc63b050a1,locked_test,length_32_gap_16,qcluster_locked_test_0118,qbank_locked_test_066dd1f657c3,23312 57498 107858 4340 97598 67754 97747 61432 148643 46735 11915 84474 132111 16699 100255 69644 12543 27678 123273 38560 136089 38674 97209 61558 61295 42023 141032 27579 50458 102687 26482 69644,12543,38560,26482,15 18 29,16 19 30,15,16,31,32,16
qseq_6a91043d5a9f493a,locked_test,length_32_gap_16,qcluster_locked_test_0119,qbank_locked_test_066dd1f657c3,85767 117313 115947 60762 116371 70356 113099 78352 71835 62367 74036 72322 43584 138314 122885 111810 22511 45021 104729 12687 122059 97312 18047 29139 96952 27125 140742 5275 30635 62636 138534 111810,22511,97312,70356,15 20 4,16 21 5,15,16,31,32,16
qseq_83f4de09c13d3a6c,locked_test,length_32_gap_16,qcluster_locked_test_0120,qbank_locked_test_066dd1f657c3,34113 42695 43818 61855 90868 45952 63960 32821 140412 19155 145510 54211 87569 8857 75579 79017 39947 128120 32007 124268 34395 108672 150109 48636 46731 11393 17268 22506 81803 110354 19751 79017,39947,32821,43818,15 6 1,16 7 2,15,16,31,32,16
qseq_d0500fd6478a3992,locked_test,length_32_gap_16,qcluster_locked_test_0121,qbank_locked_test_066dd1f657c3,7582 49755 109617 29108 69062 71629 103784 40619 32176 73909 148432 102412 58764 4505 89049 47373 134324 97407 100708 91053 59045 138748 33908 100327 12639 91563 69615 150676 149726 16021 100749 47373,134324,109617,91053,15 1 18,16 2 19,15,16,31,32,16
qseq_936fae0edc3e2080,locked_test,length_32_gap_16,qcluster_locked_test_0122,qbank_locked_test_066dd1f657c3,85817 24808 25242 32965 114344 19059 12793 76353 4340 13318 96226 1794 57580 48091 89714 84029 102298 112524 146974 35164 83167 62057 34683 69535 44222 35522 117081 11347 64084 100613 84137 84029,102298,64084,35164,15 27 18,16 28 19,15,16,31,32,16
qseq_248b14d745bc12fc,locked_test,length_32_gap_16,qcluster_locked_test_0123,qbank_locked_test_066dd1f657c3,73515 76307 120863 138522 3900 8820 146977 17667 144223 103097 127980 12198 96085 37279 38560 67511 72912 60906 53699 45762 5988 16202 9118 105556 145983 52958 135121 19681 87836 33074 56185 67511,72912,16202,144223,15 20 7,16 21 8,15,16,31,32,16
qseq_d2d734263f2ea29d,locked_test,length_32_gap_16,qcluster_locked_test_0124,qbank_locked_test_066dd1f657c3,85241 104267 68557 139425 144959 149837 39291 62398 125957 2964 131786 127384 97431 76119 118420 33969 31311 116118 51207 13318 8613 70523 80616 8114 26400 138512 20522 137460 144696 122403 137942 33969,31311,144696,76119,15 27 12,16 28 13,15,16,31,32,16
qseq_dfd7400326d36242,locked_test,length_32_gap_16,qcluster_locked_test_0125,qbank_locked_test_066dd1f657c3,94596 27966 94313 121365 79957 125805 18340 31939 142921 89551 17671 57358 69347 78497 125083 23179 116132 110466 106283 94638 64022 77591 136112 55637 61418 102687 9392 139174 60230 104044 2465 23179,116132,27966,2465,15 0 29,16 1 30,15,16,31,32,16
qseq_a35e019629bd4695,locked_test,length_32_gap_16,qcluster_locked_test_0126,qbank_locked_test_066dd1f657c3,145909 115247 28284 32821 101149 5177 93832 76684 90935 76591 7377 107169 9929 81803 13480 55493 138095 18572 7031 50458 129820 58668 55554 16026 8302 141032 12318 111173 141703 96093 61655 55493,138095,96093,28284,15 28 1,16 29 2,15,16,31,32,16
qseq_f0587de404cf1c12,locked_test,length_32_gap_16,qcluster_locked_test_0127,qbank_locked_test_066dd1f657c3,120303 135079 7448 126249 23707 84548 77007 75963 48956 25972 61287 36828 148996 43662 80588 34074 18073 84247 150369 55554 82479 22376 122112 19211 32871 141683 84997 39667 141675 112637 109547 34074,18073,84548,126249,15 4 2,16 5 3,15,16,31,32,16
qseq_2dcd525fcab50ce4,locked_test,length_64_gap_8,qcluster_locked_test_0000,qbank_locked_test_066dd1f657c3,87474 22637 21629 32414 38619 144977 143195 138314 16649 7761 87298 96556 120425 55493 130877 26094 38674 106356 27886 82260 5143 47256 28371 83022 118473 143751 48336 145949 83677 17853 113615 89217 73662 107343 113306 38048 77309 70808 71059 44367 111824 78454 122676 11610 15079 30734 3442 83251 27125 138619 143604 27556 96226 41330 104269 80686 9929 56577 131899 23801 118611 69937 38499 80686,9929,145949,96556,55 26 10,56 27 11,55,56,63,64,8
qseq_5bfba411767f3808,locked_test,length_64_gap_8,qcluster_locked_test_0001,qbank_locked_test_066dd1f657c3,35383 5063 102578 115316 50794 133580 26719 43305 42454 16820 105853 142343 81409 117312 97598 129820 43433 56012 115751 16026 72131 53137 29538 44907 108929 76151 50668 71264 83744 55637 77400 45762 103377 93225 112923 91102 48239 42200 54006 33908 6942 51460 106368 107363 115259 78097 14655 87451 59474 49571 87330 133501 148195 13422 13990 125384 112077 15087 148019 143889 25101 35533 35351 125384,112077,16026,51460,55 18 40,56 19 41,55,56,63,64,8
qseq_b84063a20ad55321,locked_test,length_64_gap_8,qcluster_locked_test_0002,qbank_locked_test_066dd1f657c3,151036 141657 44545 25539 144410 12328 67193 119107 118473 83079 121300 150467 20652 141762 93642 67557 129999 71689 36480 36217 16166 98281 114772 127060 18156 141249 119521 65205 99774 70633 136236 8820 59774 128638 120677 50677 146108 40565 105976 41285 57082 137768 150757 78761 47790 61054 57586 130191 27234 27467 9118 148899 146190 39682 84615 72128 148925 116445 134279 65366 39348 78679 148467 72128,148925,127060,150757,55 22 41,56 23 42,55,56,63,64,8
qseq_9c9cfa320819bb82,locked_test,length_64_gap_8,qcluster_locked_test_0003,qbank_locked_test_066dd1f657c3,145759 146564 71795 106747 100323 74678 83744 29344 45162 91174 67746 46735 54857 149432 68536 115654 34219 111086 61171 100613 34261 77007 109367 85533 25539 94865 127898 62010 134324 55856 140286 146016 10636 128521 8613 145246 94858 86287 64406 22486 45952 101082 126038 111824 57580 73638 44405 104339 34862 75782 91603 84548 27616 133984 45895 50597 83127 8264 69188 120303 82554 983 69545 50597,83127,104339,127898,55 46 25,56 47 26,55,56,63,64,8
qseq_c0770c4d31d6a30a,locked_test,length_64_gap_8,qcluster_locked_test_0004,qbank_locked_test_066dd1f657c3,114945 134825 69018 72722 90565 141249 28283 61418 88434 140510 51392 81628 147882 127510 26505 98168 106280 73851 71374 69586 13676 12543 126347 94531 9479 6942 39236 33654 80795 108924 117535 745 3442 88678 101814 150897 132779 90714 39351 26642 87670 41640 4797 27579 59045 149231 2448 673 127729 84615 51386 149477 134626 140397 105276 131921 145162 36376 70254 58105 119409 138856 109312 131921,145162,127510,94531,55 12 22,56 13 23,55,56,63,64,8
qseq_6bbe2743a0e3d5d8,locked_test,length_64_gap_8,qcluster_locked_test_0005,qbank_locked_test_066dd1f657c3,22637 11347 99696 43798 137621 66848 52345 126020 89104 135800 82021 110287 61622 139705 35420 96312 104904 742 18621 72884 16809 131350 52519 47750 129371 35802 146812 13927 151099 12046 86091 63905 137364 49981 134825 71692 84933 133578 127980 121325 109030 122601 125649 144889 62493 90714 3442 21688 67746 106830 136378 50813 2560 31779 131567 33600 84960 93980 62721 6451 62398 30423 65205 33600,84960,134825,35802,55 33 24,56 34 25,55,56,63,64,8
qseq_98fe23d2e244bb4c,locked_test,length_64_gap_8,qcluster_locked_test_0006,qbank_locked_test_066dd1f657c3,127261 72140 120888 40842 113475 72188 42454 115024 3141 80973 122699 23312 72450 120677 89104 57735 6637 21442 43305 64996 29258 21498 73022 104267 14851 82156 69545 52706 57752 43949 122601 32414 43823 47845 47875 27234 105248 141939 36234 135765 60728 53760 124173 45210 66047 72706 92381 45943 72884 73473 133287 144410 80352 134825 81013 97354 140721 24417 142652 9347 87670 146642 136366 97354,140721,45210,23312,55 42 10,56 43 11,55,56,63,64,8
qseq_4727995609245f9d,locked_test,length_64_gap_8,qcluster_locked_test_0007,qbank_locked_test_066dd1f657c3,38895 30145 22905 74521 78244 137602 135762 32170 47861 51361 53988 127941 84605 145668 84907 54857 91222 120900 121261 11004 100191 118872 44907 41905 25732 53780 116244 1706 85352 20231 47752 107054 97354 7592 52097 15843 132270 149726 75509 149432 31393 20652 19020 9872 34578 73944 54275 137744 21691 30921 43419 52805 126020 106142 43179 71294 135623 82772 96545 114945 82156 36476 120778 71294,135623,137602,145668,55 4 12,56 5 13,55,56,63,64,8
qseq_0d27e9d752c73737,locked_test,length_64_gap_8,qcluster_locked_test_0008,qbank_locked_test_066dd1f657c3,72324 129256 72374 113796 29814 149535 89104 139576 75722 26143 51608 115024 46024 24902 34349 108354 32148 145089 32170 150108 115664 51737 12046 100066 22816 21070 45799 116842 9935 54211 64397 61214 57138 119685 55493 138158 60717 54708 19350 136089 136112 63984 110725 94503 20302 31950 107110 61024 111764 98407 66515 55986 148117 113684 10943 40494 56199 63723 140721 97043 83968 100910 68557 40494,56199,68557,32170,55 61 17,56 62 18,55,56,63,64,8
qseq_aac691153a80f279,locked_test,length_64_gap_8,qcluster_locked_test_0009,qbank_locked_test_066dd1f657c3,127711 51958 15139 72959 100749 27798 6314 148430 93591 112923 148474 67851 127986 53180 26489 109390 61286 139425 81628 37524 121511 125996 91229 69694 22484 140141 52618 73515 71497 30646 148341 141939 50322 94865 3859 114559 86910 85337 47872 113138 85823 86272 53699 53366 6101 20231 149046 141585 24277 10591 32994 24902 13480 124643 49690 82772 63187 27234 36195 64084 13671 65205 69949 82772,63187,69949,30646,55 61 28,56 62 29,55,56,63,64,8
qseq_1f3503f3dd8aee33,locked_test,length_64_gap_8,qcluster_locked_test_0010,qbank_locked_test_066dd1f657c3,31669 103337 116603 51276 150710 77432 58650 42147 51607 106934 95129 22486 12794 117458 141683 14003 96834 11298 61552 109501 125904 73817 144102 35802 17102 85533 117678 103097 144586 35533 83350 64915 110380 62504 108412 109744 125606 101149 84037 71680 9308 25609 131899 46897 103150 47799 3159 76861 54601 47750 11487 35176 94826 23136 117442 67746 35351 41393 94001 52958 80974 116340 60670 67746,35351,94826,125904,55 51 19,56 52 20,55,56,63,64,8
qseq_38308f11d55ff061,locked_test,length_64_gap_8,qcluster_locked_test_0011,qbank_locked_test_066dd1f657c3,77676 119282 36234 12691 27886 16319 93443 16772 17394 4797 93642 9339 36212 69941 109030 113102 15028 44681 87782 85364 59570 27915 51958 116118 149246 75063 72048 6545 128185 7143 44953 89049 19767 9498 42200 4067 42641 41657 34683 81798 83042 44549 103464 54476 45898 99462 130479 47615 90790 51276 138278 11847 85823 33708 117335 115073 118682 102325 127037 97425 28694 14938 39513 115073,118682,9339,47615,55 10 46,56 11 47,55,56,63,64,8
qseq_017bfd2faac71400,locked_test,length_64_gap_8,qcluster_locked_test_0012,qbank_locked_test_066dd1f657c3,110531 109820 49695 2497 16268 93640 111378 45697 131892 7854 41905 124869 8264 54655 39656 107146 63895 127941 55031 136383 66511 69941 138856 124784 30686 150369 6670 77675 144336 27845 123805 55650 75438 33117 108118 113475 120986 61855 14222 5802 113336 12239 27975 14655 83251 131701 95404 11004 69705 61295 25789 10736 68349 44380 93475 12606 111224 97870 117926 24283 87298 118605 57082 12606,111224,83251,61855,55 43 36,56 44 37,55,56,63,64,8
qseq_64ad5f3d80e4051a,locked_test,length_64_gap_8,qcluster_locked_test_0013,qbank_locked_test_066dd1f657c3,128638 144675 56607 85654 42786 122383 69007 6505 18517 93081 29492 144329 32821 68769 33404 75032 142531 84582 57566 71497 92566 36300 99028 64022 62464 47751 96510 79710 125384 143348 49981 79984 49040 53147 92625 33248 42481 129207 63960 96159 25672 54488 13143 53181 77806 135158 112926 3043 113001 745 39575 64020 13990 23089 133677 141195 112483 83677 44182 145634 133151 113988 64628 141195,112483,96510,69007,55 25 5,56 26 6,55,56,63,64,8
qseq_7debf332b2ac8e29,locked_test,length_64_gap_8,qcluster_locked_test_0014,qbank_locked_test_066dd1f657c3,39291 102266 110380 58608 32176 26544 54474 110866 35533 67200 76119 865 121288 8361 116629 108963 137744 93434 33457 91054 52519 78565 8613 66111 81239 71829 65366 135079 125935 29859 67942 151022 38895 78621 27719 147778 108354 102304 49148 34578 39784 32292 43177 136144 139173 45329 64597 61730 47094 118652 39682 56856 34151 87904 102412 22773 127983 145041 38558 133637 36345 142709 129999 22773,127983,38558,71829,55 57 24,56 58 25,55,56,63,64,8
qseq_886fd27818172567,locked_test,length_64_gap_8,qcluster_locked_test_0015,qbank_locked_test_066dd1f657c3,143521 47193 115316 29714 24891 38895 44380 87782 118699 5801 33905 101525 15913 65102 79387 65702 23943 63570 13543 66047 40120 113640 61103 151421 15843 142189 120301 60552 820 97929 14756 61432 63376 81409 31492 49690 133027 41867 55606 73634 144073 55888 34074 22738 58956 6637 81013 103555 9479 51145 33732 45162 114140 107363 126462 49374 70799 35383 108354 115127 33248 148486 19844 49374,70799,19844,73634,55 61 38,56 62 39,55,56,63,64,8
qseq_97520a40b1c89f22,locked_test,length_64_gap_8,qcluster_locked_test_0016,qbank_locked_test_066dd1f657c3,133984 122699 89894 135254 80777 98950 47544 115073 88298 140571 57799 40240 49755 27616 46646 8827 118732 121242 148607 47005 30658 46889 61298 108963 143517 71510 47751 124576 47861 23943 30734 109274 9251 57015 53942 118762 34862 44907 104455 118342 13157 29458 148195 151400 14966 150467 45289 83056 13247 55808 137656 57646 79710 92282 75688 6838 22789 99337 17102 69586 66789 60464 104112 6838,22789,135254,14966,55 2 43,56 3 44,55,56,63,64,8
qseq_e934be31c1b075e5,locked_test,length_64_gap_8,qcluster_locked_test_0017,qbank_locked_test_066dd1f657c3,116445 132219 144002 10144 142343 37936 83710 125334 10462 27432 57524 16166 60833 97120 33476 55148 120986 135738 139173 51763 73946 42527 29126 70602 77309 60670 119177 96151 136802 94550 65472 143905 53467 122403 112289 105172 49176 79992 135254 148703 33311 23603 16739 122122 142531 45828 61963 111005 7973 36657 118605 49478 7761 58998 42902 10627 35522 33905 17268 85498 125158 23312 40796 10627,35522,49176,96151,55 35 26,56 36 27,55,56,63,64,8
qseq_f5a8d6467cf73dc0,locked_test,length_64_gap_8,qcluster_locked_test_0018,qbank_locked_test_066dd1f657c3,1118 124948 133690 77007 108924 30307 110866 67754 100749 65366 58608 86310 122885 78725 57812 120303 31211 42695 122059 100225 78188 80066 112522 144220 55587 111810 105902 33404 3700 126543 517 98919 32011 73473 79957 63212 5102 43378 63341 44419 66964 9920 113615 118699 94399 43949 74846 78244 138805 20841 38560 131722 87816 31492 55033 149401 131263 122699 145676 16649 52879 59045 64980 149401,131263,122059,517,55 17 29,56 18 30,55,56,63,64,8
qseq_3698b228c607f854,locked_test,length_64_gap_8,qcluster_locked_test_0019,qbank_locked_test_066dd1f657c3,96206 55504 133501 23740 43706 116385 18504 58010 54315 65395 94437 102099 35533 115898 58280 63960 25789 26509 50285 86622 4772 131892 131398 17277 106038 60670 2465 145288 82761 80973 16736 84350 62487 70799 104747 49709 120326 76295 13676 34303 136802 65896 66991 49070 78346 33372 89100 99337 67670 22376 45003 144102 150928 87451 89042 99775 94153 4910 55785 13098 119453 18012 144742 99775,94153,131892,62487,55 20 31,56 21 32,55,56,63,64,8
qseq_0f9e2b26b38773c2,locked_test,length_64_gap_8,qcluster_locked_test_0020,qbank_locked_test_066dd1f657c3,25732 112387 78346 31049 123071 117636 141657 150928 135996 106744 72887 93439 72884 89918 125489 82663 129796 142417 40590 42902 149726 18012 36376 20640 23608 43491 20509 13281 147102 144002 93081 123498 90782 82156 108929 131377 93642 83699 59776 15086 109188 131350 63376 77591 116991 127986 88953 101521 89980 11298 45895 19906 31492 102362 28284 145216 85305 4952 20330 11347 12387 130744 111824 145216,85305,31492,18012,55 51 20,56 52 21,55,56,63,64,8
qseq_c34af2a3bd714a75,locked_test,length_64_gap_8,qcluster_locked_test_0021,qbank_locked_test_066dd1f657c3,117961 61214 125081 742 76523 40523 12239 30805 33476 70166 48201 72374 145510 135052 49140 78097 29438 4146 43335 103636 17384 36476 29344 80143 14756 49278 51737 86838 96609 135079 45506 83818 3700 59487 126639 145266 59776 136827 137686 131701 44231 44586 673 5143 73380 117332 144898 123843 40860 28324 149062 63341 64980 15086 9251 105217 26094 93081 144675 142417 60633 68025 13490 105217,26094,36476,63341,55 20 50,56 21 51,55,56,63,64,8
qseq_28eb6de6ed46abe4,locked_test,length_64_gap_8,qcluster_locked_test_0022,qbank_locked_test_066dd1f657c3,141572 41905 22923 80485 113138 39381 47951 111073 117466 5419 3792 73564 40842 27922 132120 100255 93450 79733 67754 11281 29108 128638 69042 58998 99824 108269 37524 23513 6433 85063 82190 16820 7724 91659 33654 125996 122909 114605 59463 148899 13927 70602 94654 117313 43481 97395 29796 134825 23159 74363 62958 97598 25645 33295 75138 130129 21498 121664 91672 72128 144959 133870 7763 130129,21498,23159,125996,55 47 34,56 48 35,55,56,63,64,8
qseq_a9b27ab829e9e6c5,locked_test,length_64_gap_8,qcluster_locked_test_0023,qbank_locked_test_066dd1f657c3,3911 9479 40796 127510 84029 7552 83744 66010 52124 86278 133335 112026 118795 147887 67107 64959 39351 115164 108979 108269 109114 108412 30219 133578 91015 31699 105548 76023 93027 132785 34208 34302 46269 59318 16189 60319 111173 64701 132111 34271 103551 57612 68625 52847 26508 69694 121300 53609 28834 43706 96206 47469 107343 61730 81889 136614 12691 46374 35703 55658 15395 8841 63187 136614,12691,81889,147887,55 53 12,56 54 13,55,56,63,64,8
qseq_52797f1d86e9490e,locked_test,length_64_gap_8,qcluster_locked_test_0024,qbank_locked_test_066dd1f657c3,135206 66812 117442 140742 51386 64967 104044 46901 71640 133765 51349 8302 9979 145441 17268 54474 79421 44723 104486 16849 31093 61855 92542 50402 90538 56481 144253 124239 131307 147695 65702 132699 88270 65462 48201 28999 34081 33969 107546 31669 121242 113306 54009 26094 63442 112517 107363 119453 111943 114605 39668 129182 110412 98539 124525 91539 134826 57498 107006 23608 14331 8857 15403 91539,134826,46901,64967,55 6 4,56 7 5,55,56,63,64,8
qseq_3839cd4fea66fcc6,locked_test,length_64_gap_8,qcluster_locked_test_0025,qbank_locked_test_066dd1f657c3,142934 12097 46646 18016 27234 9392 97913 35522 137219 19084 77568 14454 63969 110866 4937 91015 38231 14002 17667 135934 112129 151542 48630 89104 139576 144706 54648 61471 29609 114862 69615 66511 55148 111328 119107 35174 851 51435 80143 49478 91174 117368 114772 139273 15360 97120 150531 67139 63641 145124 69644 145256 106194 116021 60552 105421 56481 84809 137621 6545 62626 126249 73863 105421,56481,145124,54648,55 48 25,56 49 26,55,56,63,64,8
qseq_33acb0c72696ec83,locked_test,length_64_gap_8,qcluster_locked_test_0026,qbank_locked_test_066dd1f657c3,60001 62721 807 36090 92823 104729 86278 143677 84099 60144 124181 49212 10579 83968 91038 145903 148469 34578 131350 40353 36480 102110 117368 88342 121511 63212 13480 101196 35703 101521 87711 70523 33708 88829 89223 17246 129723 82096 113741 103637 15403 93961 40860 18132 137686 16012 66566 82021 56481 137768 36236 87032 116118 78226 54589 59877 60464 50794 127153 88301 20959 104160 125212 59877,60464,66566,148469,55 45 15,56 46 16,55,56,63,64,8
qseq_ec4b417d795f5086,locked_test,length_64_gap_8,qcluster_locked_test_0027,qbank_locked_test_066dd1f657c3,8835 29081 36234 147379 76914 10442 134626 95539 150339 126249 12897 956 103150 76116 3859 67527 73564 122555 6210 118611 91015 19906 53913 3097 7031 150757 112043 99696 80670 72140 121647 63283 14778 33685 61214 130156 7854 110425 28655 10432 87816 22124 65127 35164 120385 5491 44731 66566 41518 130494 45799 80997 141845 14548 72959 77617 96379 127481 47396 100855 139012 132779 1631 77617,96379,121647,118611,55 29 18,56 30 19,55,56,63,64,8
qseq_3be987f3670d514a,locked_test,length_64_gap_8,qcluster_locked_test_0028,qbank_locked_test_066dd1f657c3,80045 97354 32176 109547 25766 143517 60319 15913 99775 59844 104455 100855 94116 43972 127953 15028 15320 119998 26368 54339 7717 125083 66405 26544 121375 33117 80296 31669 59045 116740 25710 24655 22842 109188 53181 6135 27012 71265 37701 51737 35351 54601 33763 52124 36899 135424 55856 17337 69705 109455 130701 100248 26482 97747 39256 107054 23492 123761 80029 31311 94290 107546 60774 107054,23492,109188,71265,55 32 36,56 33 37,55,56,63,64,8
qseq_25eb1b3bca3f77fa,locked_test,length_64_gap_8,qcluster_locked_test_0029,qbank_locked_test_066dd1f657c3,47108 45506 26337 61666 151036 144220 40842 63723 93282 40728 86558 104690 67976 146254 51608 72912 89104 48239 81889 87570 84997 13671 44742 78293 62076 94116 127693 131282 89980 79676 141564 127922 30279 110852 148432 18012 125805 64996 48857 137364 36226 79768 118221 132699 5063 43335 5708 9979 20613 134081 39661 23327 50818 124382 76526 91843 78449 92854 30632 5676 88730 22789 110412 91843,78449,48857,118221,55 37 41,56 38 42,55,56,63,64,8
qseq_fdb3efe9ac310ac9,locked_test,length_64_gap_8,qcluster_locked_test_0030,qbank_locked_test_066dd1f657c3,109114 46889 97719 50285 45388 96834 29105 116740 28847 122707 5802 43706 91539 114605 126038 78621 108436 31352 57939 129699 111718 38501 89100 56012 119107 106976 113230 52455 21092 43662 66591 125802 117466 116981 122676 82711 37617 19767 12001 135052 77080 137364 72987 93104 130532 8613 10971 78226 94826 43043 125006 115928 90993 49278 123572 68536 123731 34697 144365 6545 48105 131949 68589 68536,123731,116740,108436,55 6 15,56 7 16,55,56,63,64,8
qseq_1c4939e576ac44bd,locked_test,length_64_gap_8,qcluster_locked_test_0031,qbank_locked_test_066dd1f657c3,88242 80104 79781 45433 17324 85498 98669 115259 109644 8507 113306 72121 122122 136698 130503 8820 131892 74036 12639 24067 24723 138473 98158 124089 42688 65120 3905 130337 52958 68129 18504 68740 11076 61161 51659 134785 118221 126929 73701 109202 130348 127510 84137 82554 101521 70356 55392 46146 6637 77080 53030 115650 150897 142093 7386 75929 131754 142878 106331 2693 55586 122503 95202 75929,131754,46146,24723,55 46 19,56 47 20,55,56,63,64,8
qseq_73b5d3bae8f2b2bf,locked_test,length_64_gap_8,qcluster_locked_test_0032,qbank_locked_test_066dd1f657c3,100613 38231 72912 83575 17671 97122 55582 55554 80143 83699 16262 18132 115073 97929 37279 122833 57498 30658 7552 3905 149759 40842 113213 138495 29914 37936 62636 22789 88473 57566 17667 78621 22506 3266 5708 76690 82663 108963 99603 35162 49490 110280 90207 130744 32330 21262 64701 84405 112043 61287 31591 121365 147684 138978 46671 120286 133984 3859 61037 75342 97043 134111 86795 120286,133984,30658,113213,55 16 21,56 17 22,55,56,63,64,8
qseq_961625a8ad2dd210,locked_test,length_64_gap_8,qcluster_locked_test_0033,qbank_locked_test_066dd1f657c3,121079 3380 32441 93755 108642 35383 132365 39147 31491 144510 31211 19803 60633 107546 68765 70808 85585 29802 113945 75579 118681 80485 80296 37117 41905 130854 127652 55040 85636 120779 31311 95539 64020 66096 23136 117108 27678 69722 67107 63806 44644 73022 60353 37936 61295 125030 88298 122885 63723 24067 4327 65378 49665 77591 97122 26143 25242 106352 91054 16026 144742 83461 90538 26143,25242,144510,63723,55 8 47,56 9 48,55,56,63,64,8
qseq_7c447c39a7d7bf5a,locked_test,length_64_gap_8,qcluster_locked_test_0034,qbank_locked_test_066dd1f657c3,130503 23943 119521 65894 117466 39484 66511 96510 151491 110354 51608 102412 120286 127544 103800 21442 98308 128541 138856 17219 10061 16603 15481 134826 52706 68129 78203 62490 147086 21728 38048 88607 114140 39667 72048 126038 820 94638 82763 135516 78679 112182 48137 75442 86838 98873 98168 93450 111061 41010 8224 5491 29344 134488 144332 108354 46615 74825 148053 48020 122112 47275 89551 108354,46615,820,8224,55 35 49,56 36 50,55,56,63,64,8
qseq_a51f52bb461081fd,locked_test,length_64_gap_8,qcluster_locked_test_0035,qbank_locked_test_066dd1f657c3,67851 75584 25609 93133 16144 77617 27845 17246 27432 20490 18016 62504 138539 80485 109744 116407 140976 90993 9479 2170 137744 42023 149167 38263 94515 149945 30805 38231 88059 35174 121378 44182 3038 48636 151491 108924 114292 60880 117679 59016 30145 116863 116981 149837 1794 33763 53526 46779 110345 122296 141920 147057 70799 40682 129038 3756 112642 145256 83575 47592 55986 110725 71603 3756,112642,140976,137744,55 15 19,56 16 20,55,56,63,64,8
qseq_e62cc52469365eee,locked_test,length_64_gap_8,qcluster_locked_test_0036,qbank_locked_test_066dd1f657c3,49140 28929 4883 29802 131307 31294 27915 136383 106747 82763 139409 2504 112926 74678 1631 140793 54236 47750 130156 61491 46937 146190 14778 39513 73022 17766 54142 5102 1630 47624 128482 43177 129956 124181 67851 120900 23608 135738 8302 84821 121857 42688 99603 133578 8811 38217 12443 128655 141692 131180 111224 15395 54598 50729 124042 65266 104112 100207 4559 101693 105419 99534 119039 65266,104112,17766,74678,55 24 12,56 25 13,55,56,63,64,8
qseq_afa3ab1ede9993c3,locked_test,length_64_gap_8,qcluster_locked_test_0037,qbank_locked_test_066dd1f657c3,149432 35533 820 106921 71689 59877 45898 58776 71629 148156 140328 17516 40003 17277 76261 117535 105021 83699 113615 13157 58668 105073 46016 16820 133677 60880 46901 121288 33392 144898 143566 141551 62566 6441 134081 84037 120677 124869 124525 23603 144959 41104 76151 122122 125334 53181 517 17245 4505 129417 50322 77007 111073 107006 148925 146016 9249 83867 84335 125935 128434 1405 62626 146016,9249,17516,33392,55 10 27,56 11 28,55,56,63,64,8
qseq_e3af9a3e57b01811,locked_test,length_64_gap_8,qcluster_locked_test_0038,qbank_locked_test_066dd1f657c3,36480 80250 7763 88270 1097 42789 34398 35354 42874 133075 119865 141032 104455 135800 113842 66355 64987 47373 43378 46927 43043 67315 66812 55079 125904 115024 33392 8434 32020 24283 95925 60001 52879 46615 31300 44805 116778 49374 120264 21442 23136 141244 80961 109070 87900 31531 91563 10846 109130 22816 55820 77652 121110 130877 101793 114673 114247 84029 85247 36296 13585 8114 111183 114673,114247,101793,95925,55 53 29,56 54 30,55,56,63,64,8
qseq_d1d7905161bf68b2,locked_test,length_64_gap_8,qcluster_locked_test_0039,qbank_locked_test_066dd1f657c3,4692 92180 20734 94116 14905 16021 116407 38694 32170 54474 148312 23312 77349 63641 75442 49490 30219 103150 121664 118872 135049 86373 126291 90935 61622 148206 128295 108099 118379 23359 136049 34221 32591 108518 23153 68456 51386 108024 61471 149051 133501 85186 24808 55606 116629 63570 19690 144510 12958 47668 144868 72140 10846 79317 93027 83575 22281 57630 148432 79380 77480 110656 40411 83575,22281,14905,128295,55 3 25,56 4 26,55,56,63,64,8
qseq_3f44b991b0142c0e,locked_test,length_64_gap_8,qcluster_locked_test_0040,qbank_locked_test_066dd1f657c3,65894 116863 87296 48201 136383 37044 140328 127266 8237 60361 104690 96510 59251 63552 108362 133258 67155 5690 19884 67973 116672 46881 19056 89219 31779 101725 39484 18572 116293 147379 15460 88953 84582 70088 55582 106976 97043 142901 5492 97631 81300 76353 135186 27234 25609 5748 112780 50794 78717 71640 151099 43949 42457 46216 94992 78620 143515 106786 89442 79387 93510 87191 148430 78620,143515,116293,59251,55 27 11,56 28 12,55,56,63,64,8
qseq_c93bf104607d839d,locked_test,length_64_gap_8,qcluster_locked_test_0041,qbank_locked_test_066dd1f657c3,85620 137652 144251 88473 31005 24346 18315 3900 88530 93591 59570 73450 49695 52860 135257 94500 39291 102814 52210 62598 32935 851 43179 100910 33295 54329 40258 127266 66405 109030 38619 73508 26255 143396 34344 143391 73301 14222 93434 55420 144868 47373 111743 113099 71497 121882 117332 96161 73787 60780 8264 17268 38593 4882 147035 15139 57056 132443 62292 142342 44731 101515 148643 15139,57056,3900,49695,55 6 11,56 7 12,55,56,63,64,8
qseq_9e8e7e64dad81da2,locked_test,length_64_gap_8,qcluster_locked_test_0042,qbank_locked_test_066dd1f657c3,105419 138619 52081 120326 59192 44380 5419 121360 54236 137421 21229 35176 30423 84960 113292 38499 1118 8811 125030 49278 42688 35390 9991 77675 136638 60780 47624 8224 39348 49212 64502 28655 139174 120425 135121 131567 7448 134940 111722 123226 7973 103769 89556 143625 78158 34558 8932 97595 121664 61298 140126 19954 22346 5275 67089 49327 90984 42038 120159 128482 143181 122707 15117 49327,90984,38499,34558,55 14 44,56 15 45,55,56,63,64,8
qseq_58bec4daa8d4c785,locked_test,length_64_gap_8,qcluster_locked_test_0043,qbank_locked_test_066dd1f657c3,9339 113205 6451 108155 76690 148474 82096 116778 111279 64915 146357 103540 120425 93719 52966 93832 77564 135516 120159 116371 23513 129371 19751 55451 38231 69347 133386 147778 69615 90644 91659 46403 21629 83251 105421 63511 117162 70356 62598 79992 75186 39351 101517 34516 84377 141675 101125 13247 44222 83127 105817 90532 137436 129182 32965 140742 149013 140328 120286 71090 54475 39575 102851 140742,149013,141675,120159,55 44 17,56 45 18,55,56,63,64,8
qseq_4eb7c83f2f58895e,locked_test,length_64_gap_8,qcluster_locked_test_0044,qbank_locked_test_066dd1f657c3,103104 148126 60417 75438 93282 140286 132785 148053 43335 40590 112637 115494 92923 74820 90538 109202 37117 146977 48020 65266 127502 89399 90307 106283 142079 99824 42111 7289 18315 139993 105667 103398 140284 62628 34271 4559 43818 141032 14756 38217 50371 99775 40523 12007 80467 138876 106589 66387 36217 33538 50818 97631 6838 122885 45993 88242 148341 76012 118611 21442 115926 132370 48559 88242,148341,40523,6838,55 41 51,56 42 52,55,56,63,64,8
qseq_74e2e0a9d17a2f31,locked_test,length_64_gap_8,qcluster_locked_test_0045,qbank_locked_test_066dd1f657c3,144365 24313 72322 81108 32435 128160 63180 52229 14002 55820 37726 101686 121079 37860 120960 78253 60029 139273 79984 41738 72454 134618 14778 125081 70088 47592 24723 73701 92692 18877 98158 3038 92309 77400 96230 130744 95205 93516 14548 31547 129044 83251 45558 48857 29438 74741 108997 46374 76523 12627 4327 39667 144696 7289 106078 807 16712 149356 73026 141920 37765 9308 14740 807,16712,130744,101686,55 34 10,56 35 11,55,56,63,64,8
qseq_9c620c7c1df3d137,locked_test,length_64_gap_8,qcluster_locked_test_0046,qbank_locked_test_066dd1f657c3,102687 55637 45645 51145 21869 57272 11660 50106 124268 54318 144696 24454 117961 115703 21498 128145 86308 82657 88473 130075 29814 54474 146292 91397 6506 80616 94018 22779 71048 143625 129956 141762 113830 78462 43662 137768 69783 9724 15770 8361 54708 104719 108062 151099 61260 69188 147379 31005 55856 50668 13851 97718 78019 66405 111279 20933 36778 107006 118828 67315 93414 140328 100248 20933,36778,141762,54474,55 30 20,56 31 21,55,56,63,64,8
qseq_e4cb864001837521,locked_test,length_64_gap_8,qcluster_locked_test_0047,qbank_locked_test_066dd1f657c3,88683 64980 51763 138158 31300 71533 42038 35176 135121 118872 13906 111764 113213 141201 36217 3449 16573 149837 63211 7582 13543 121847 80223 4146 127502 121242 37156 16012 8264 104642 148925 127055 101515 43043 94858 56797 92240 105021 32435 148486 41525 120677 46216 93104 94638 517 2693 55888 130503 53507 90493 146099 79380 97929 112016 81916 90169 60633 66586 80250 51288 61855 108658 81916,90169,127055,71533,55 30 4,56 31 5,55,56,63,64,8
qseq_d78b58d22bf327ec,locked_test,length_64_gap_8,qcluster_locked_test_0048,qbank_locked_test_066dd1f657c3,111943 127652 6670 60353 96650 149537 50407 39256 34357 113102 79119 18047 100490 23740 92477 120547 103724 78941 103497 54009 75032 147887 133386 57391 130582 66405 132325 34208 129371 36298 1631 12379 49665 14756 58537 12201 87610 129451 102064 11885 89104 127829 65395 63570 27947 55493 5491 24454 79232 65402 3002 104337 35383 116689 143254 78766 94515 3911 84559 6433 78725 93233 135623 78766,94515,127652,96650,55 0 3,56 1 4,55,56,63,64,8
qseq_60951e0d6c12d458,locked_test,length_64_gap_8,qcluster_locked_test_0049,qbank_locked_test_066dd1f657c3,61718 108924 70254 118379 97536 20999 127247 20767 62398 93443 146033 50402 17998 91015 132312 26544 55258 113292 44549 37409 40120 101684 145041 72048 90493 135934 47275 116629 35390 67624 59236 97598 127541 64502 113213 2170 119177 94992 118672 10521 19690 133027 132111 123074 116740 99033 37886 67339 22021 52594 41330 43431 145676 109505 77730 124358 151634 111061 118559 2409 69079 11015 139174 124358,151634,123074,127247,55 42 5,56 43 6,55,56,63,64,8
qseq_2037de6d730ab998,locked_test,length_64_gap_8,qcluster_locked_test_0050,qbank_locked_test_066dd1f657c3,84933 72324 131949 59016 73022 145168 56481 148320 108672 54476 7775 125395 40919 120986 88163 150242 34261 67851 142934 31699 109455 15403 95596 43949 26508 84814 118751 84396 55765 147057 97120 117270 116853 149368 130854 4937 71620 89879 78253 62292 81704 61744 106078 39353 15481 38694 62636 17277 61491 143345 71294 128120 151444 60670 50402 12958 52210 62367 7763 112662 62801 47872 144898 12958,52210,106078,108672,55 41 7,56 42 8,55,56,63,64,8
qseq_326c97d185d21e7a,locked_test,length_64_gap_8,qcluster_locked_test_0051,qbank_locked_test_066dd1f657c3,13509 10943 123845 41525 32011 86272 144724 97489 66405 79733 123143 141227 59912 83575 135257 67155 127983 109202 95596 41738 100323 65991 35350 133677 118420 107169 108929 131921 31779 32020 9580 66591 144675 40970 143195 56266 113102 138856 89918 69691 44182 114554 84043 11015 72866 140068 12328 37279 48201 15117 85247 120425 39543 34271 37840 149395 54515 95974 44723 9339 25732 62464 13404 149395,54515,69691,67155,55 38 14,56 39 15,55,56,63,64,8
qseq_7c01ce156d5fe01e,locked_test,length_64_gap_8,qcluster_locked_test_0052,qbank_locked_test_066dd1f657c3,8224 72048 92182 41847 85533 149763 148999 72887 63341 97122 6838 109617 101515 18517 117535 108354 135816 35533 108062 67821 83867 35703 13249 142417 98091 91563 145162 80045 135738 34742 5879 4910 14454 101125 75929 113185 91879 69691 103097 3380 123143 6506 116004 1630 33635 109390 123805 8848 105531 10591 104112 100057 62110 120960 142414 9354 72516 71064 92854 78620 29438 97786 79230 9354,72516,80045,78620,55 26 58,56 27 59,55,56,63,64,8
qseq_0986b0e3fb6409ef,locked_test,length_64_gap_8,qcluster_locked_test_0053,qbank_locked_test_066dd1f657c3,117926 52455 33372 62895 142531 122676 48014 140721 124576 5690 130503 107006 135816 26400 22653 32408 51059 60717 17516 84814 60828 115698 76526 90790 79289 72131 39784 45819 116743 127050 21871 146254 138495 30219 99018 70799 37156 65472 26109 46016 136821 106786 100855 30921 79957 69783 17394 66405 20471 150339 50371 111518 114945 2170 46967 29914 34208 90714 66964 136954 6210 77007 132826 29914,34208,66405,135816,55 46 11,56 47 12,55,56,63,64,8
qseq_020257b613b6da24,locked_test,length_64_gap_8,qcluster_locked_test_0054,qbank_locked_test_066dd1f657c3,101686 60063 45029 116244 100066 78766 64771 46146 142332 129466 31992 73022 31181 20151 70602 43823 8442 71692 118887 78554 41867 29859 21239 95845 2497 81994 66180 111566 104729 39291 143515 66187 6277 61552 108642 108518 52718 135816 95040 51737 12691 38131 143517 121365 73350 60144 144959 36828 142093 91563 102650 133075 75235 93053 77007 4053 5074 126347 42147 56910 46030 56199 150928 4053,5074,143517,29859,55 41 20,56 42 21,55,56,63,64,8
qseq_0d6a2b7f4b93313c,locked_test,length_64_gap_8,qcluster_locked_test_0055,qbank_locked_test_066dd1f657c3,75688 23801 85654 27556 60728 62398 103784 57425 8857 68625 149759 9180 121075 145089 146734 72163 21386 83710 113796 133637 46671 19641 53526 133258 107146 17245 48838 64628 76261 145441 142342 134627 139453 125395 89585 12897 46016 119936 3558 89879 76 61171 21688 94865 72788 88270 19365 41860 99143 43560 117162 121454 73508 47825 63212 105286 118699 89556 8501 92180 38048 5838 30496 105286,118699,64628,113796,55 26 17,56 27 18,55,56,63,64,8
qseq_7a4831f54dd0f3be,locked_test,length_64_gap_8,qcluster_locked_test_0056,qbank_locked_test_066dd1f657c3,129451 38501 4532 41010 148474 129723 52210 112289 91229 117961 58370 37762 105556 145909 21092 8177 142921 136236 17516 31355 23312 123226 11660 33405 71250 37279 102578 43584 91397 54509 55878 130156 119032 60835 33295 97395 60728 108494 86200 24557 102208 144868 5013 24414 91843 49564 59983 92542 102905 145903 99534 41905 2584 138349 122122 2073 67851 96899 81628 26544 69420 121360 3401 2073,67851,4532,5013,55 1 41,56 2 42,55,56,63,64,8
qseq_4f43f4e4ce05edba,locked_test,length_64_gap_8,qcluster_locked_test_0057,qbank_locked_test_066dd1f657c3,138095 3982 44419 60828 58092 47951 55582 103398 115494 146974 9118 49278 14655 146357 88301 127835 74068 94626 146913 36298 84515 91102 35390 118751 57272 49571 115898 10280 51748 65127 77008 20330 151036 120341 69705 132325 100057 27922 103464 133151 34221 95566 125156 21287 89918 111943 70633 37597 14966 113185 148195 88473 45952 12301 62801 130532 71265 50106 35849 42695 109590 51361 109932 130532,71265,44419,118751,55 1 22,56 2 23,55,56,63,64,8
qseq_5fb46af237413eb1,locked_test,length_64_gap_8,qcluster_locked_test_0058,qbank_locked_test_066dd1f657c3,56797 104719 27966 51460 820 117368 26337 2323 103724 102426 148999 503 67950 40130 84493 122403 31123 16699 110042 93755 78158 146977 35023 101645 85241 141969 88401 88530 117335 24454 125471 113988 101499 50677 39134 45998 53760 43818 21386 98158 94001 435 137421 5838 73863 124948 44767 46897 90663 103097 110514 77774 50794 16246 39668 45289 136626 91712 59016 46403 145162 150897 123214 45289,136626,101499,16246,55 31 52,56 32 53,55,56,63,64,8
qseq_1318f183811e95a5,locked_test,length_64_gap_8,qcluster_locked_test_0059,qbank_locked_test_066dd1f657c3,3982 53126 121121 73022 94720 34330 56910 123107 125963 111667 116248 92182 40258 140738 17853 63361 3127 2421 39147 10432 64915 129256 36090 142613 71078 34271 47751 34963 12639 76312 123119 103637 22659 143345 130075 132365 21386 11886 42641 96159 84335 87836 144365 33131 30145 75235 108024 72450 83167 16736 143475 69007 3138 87782 68479 71497 148925 85241 55504 37150 109820 92180 33654 71497,148925,21386,92182,55 35 10,56 36 11,55,56,63,64,8
qseq_6143445ed2b80052,locked_test,length_64_gap_8,qcluster_locked_test_0060,qbank_locked_test_066dd1f657c3,29008 61214 64397 83867 8820 42038 45898 77080 117636 94212 11724 39147 59474 141244 114605 131498 125274 104690 24557 21239 88401 89217 139055 105817 86278 53185 149604 10061 51164 23179 77432 33905 142904 127922 23160 15086 117017 118375 65896 78497 52568 128519 57799 95404 47005 2170 128295 33732 107149 5676 37840 57752 2560 131701 105276 90207 32591 126038 87072 46615 139109 113640 84493 90207,32591,52568,5676,55 39 48,56 40 49,55,56,63,64,8
qseq_8fb47522b446eae2,locked_test,length_64_gap_8,qcluster_locked_test_0061,qbank_locked_test_066dd1f657c3,29438 42038 44731 106377 43584 46967 31405 96142 117108 112510 101266 142613 27719 76526 90935 69188 21691 150373 807 69615 138975 114799 73703 100066 119998 127459 123731 125471 83350 118420 85352 21871 15117 61622 59887 65016 121375 91879 68536 90842 30686 129956 32485 44494 135837 135186 44644 146016 17277 58776 97299 31950 36066 72866 22058 58650 76499 84383 121558 96977 38593 85636 118721 58650,76499,43584,91879,55 3 36,56 4 37,55,56,63,64,8
qseq_1dfc005ca75c05ef,locked_test,length_64_gap_8,qcluster_locked_test_0062,qbank_locked_test_066dd1f657c3,103314 49899 85063 124042 62464 65402 57890 51392 10971 56012 117458 78497 129044 33131 65378 101108 47798 113292 144959 110345 66991 79378 108672 83546 98599 135329 141275 42904 31653 90167 112662 57566 72374 96650 57732 45162 24409 13098 114772 146974 14105 98399 43823 27295 73634 49374 12328 72128 41433 126543 47752 3558 73797 71606 83575 114559 106786 107556 148643 72818 64022 39423 42902 114559,106786,57890,57566,55 5 30,56 6 31,55,56,63,64,8
qseq_0e2669dd7d6ead0e,locked_test,length_64_gap_8,qcluster_locked_test_0063,qbank_locked_test_066dd1f657c3,135049 111764 53172 121360 144846 86823 65991 113336 121261 32330 43252 145949 63187 12097 53878 9857 50303 117270 32253 113263 73977 69275 73634 121075 129796 123071 134626 43481 34758 90984 59192 53913 88434 93961 44545 55451 39586 118334 146059 87072 77675 142414 138827 96609 54655 44907 34516 102099 148703 72959 25710 140323 125802 89260 22789 81704 52879 111183 5143 73380 118672 126786 3526 81704,52879,34758,123071,55 27 24,56 28 25,55,56,63,64,8
qseq_4cb55ff3ecb4d6eb,locked_test,length_64_gap_8,qcluster_locked_test_0064,qbank_locked_test_066dd1f657c3,57648 30661 143905 98190 35170 49899 53082 88626 37279 71510 12046 113945 92923 115520 130138 61161 34516 68659 82190 67851 116863 141675 75186 26146 83867 117270 63898 55554 43798 24655 137436 132365 93516 131263 61994 115926 24317 100139 35420 139576 138526 67315 38080 54211 101412 137313 133151 13927 142414 19751 91539 125904 55392 15103 84765 51145 20327 32898 78203 7775 142343 148467 13136 51145,20327,142414,132365,55 47 30,56 48 31,55,56,63,64,8
qseq_bb23303ddae3cfe4,locked_test,length_64_gap_8,qcluster_locked_test_0065,qbank_locked_test_066dd1f657c3,2497 21498 73819 50322 80352 6865 87816 71603 64022 93719 30921 148709 46477 4559 86694 77580 14574 51929 94153 10061 39947 99639 13404 115751 93081 117290 39575 56910 43431 106381 117368 44222 109114 139409 147778 78761 140738 142889 31992 127037 104486 65342 150676 129993 84019 19084 36226 108930 69275 62958 40353 125081 54595 54520 126929 120303 26480 129264 40120 44251 133870 126639 144706 120303,26480,140738,69275,55 35 47,56 36 48,55,56,63,64,8
qseq_39fb72155244dee3,locked_test,length_64_gap_8,qcluster_locked_test_0066,qbank_locked_test_066dd1f657c3,16189 10573 66964 94018 65631 136337 81108 141939 92854 146059 81994 16012 102110 148709 52093 116842 106921 17246 100207 91102 95202 14003 149046 138123 8613 15320 45388 68536 43949 33295 46976 62172 149763 47875 6827 52124 117535 26337 66187 108778 41489 111183 57586 73508 89948 72884 61836 32253 121121 9567 120264 97870 44805 131116 99907 87570 127060 110141 87288 133578 82301 44494 7761 87570,127060,52093,117535,55 13 35,56 14 36,55,56,63,64,8
qseq_b71c95dc8029617c,locked_test,length_64_gap_8,qcluster_locked_test_0067,qbank_locked_test_066dd1f657c3,30307 94903 145441 103252 9991 16699 50326 87900 102646 122421 115105 13114 91206 107149 61024 36345 50668 14105 133984 40590 127771 124239 142342 129235 100910 18504 5838 8264 49443 97815 62801 25384 136415 77480 146059 78019 140124 52081 15117 100613 141195 5063 92692 38845 37178 83546 4927 32428 100327 45021 116740 135516 21229 18745 30423 14752 67139 142901 46606 32489 34219 94550 77008 14752,67139,34219,133984,55 59 17,56 60 18,55,56,63,64,8
qseq_d437caf2908f2c47,locked_test,length_64_gap_8,qcluster_locked_test_0068,qbank_locked_test_066dd1f657c3,74810 137652 63806 57292 147083 61491 117211 145634 64980 81013 45289 100191 7592 98778 146099 45943 126639 6176 131276 37701 20767 113476 71497 21728 127502 37860 23327 84933 118342 146108 56913 17268 84582 146190 61785 54488 23943 144996 10573 19767 121261 14778 80250 132120 37233 103150 144010 110313 133765 107556 84973 51922 27878 24346 150676 91095 85510 55420 17998 102208 14002 72788 34609 91095,85510,132120,150676,55 42 53,56 43 54,55,56,63,64,8
qseq_4e369b7f5a870bd9,locked_test,length_64_gap_8,qcluster_locked_test_0069,qbank_locked_test_066dd1f657c3,23943 40016 99337 139430 76116 17268 62170 97209 56195 5491 134826 70803 33131 11473 83818 108741 78158 147660 19059 103784 128913 121454 36480 141762 115494 138748 6715 9308 109070 142228 20640 100749 90663 19690 74229 74614 121353 37233 49899 75138 55637 54857 87410 116559 7973 78454 87474 29139 143517 117916 66991 64406 70419 149356 66 66422 9935 146913 81820 109367 68557 983 62636 66422,9935,108741,143517,55 14 47,56 15 48,55,56,63,64,8
qseq_1ce6928c3389bd21,locked_test,length_64_gap_8,qcluster_locked_test_0070,qbank_locked_test_066dd1f657c3,121288 51763 105444 63775 16012 61655 99337 128185 4505 62390 18651 76307 9498 67746 121634 102569 52805 117916 128913 78352 50458 110656 36234 141920 88087 63341 93717 134940 51184 111005 86278 53760 33685 106283 43798 151036 127898 51908 24902 116724 130129 42874 2782 141114 25049 130138 18016 82021 121857 61024 20640 129947 133347 108778 16849 74068 63969 72788 49981 46907 131701 33538 148486 74068,63969,141114,93717,55 42 25,56 43 26,55,56,63,64,8
qseq_c77a3785363427ed,locked_test,length_64_gap_8,qcluster_locked_test_0071,qbank_locked_test_066dd1f657c3,107363 59474 119797 111764 45506 131754 43599 27975 111824 47799 126249 14795 151099 144410 20640 66591 34330 12627 13438 29420 9872 143515 116629 32139 110514 101814 41489 4910 108741 103022 42134 78188 43948 64020 73797 45799 99043 43597 11393 98019 95396 30773 45075 112500 123805 2448 13143 122421 126090 3700 137656 119521 69042 147684 33905 36996 41199 32253 122730 93084 73603 79232 10442 36996,41199,12627,111824,55 16 7,56 17 8,55,56,63,64,8
qseq_3e46ae22770800e0,locked_test,length_64_gap_8,qcluster_locked_test_0072,qbank_locked_test_066dd1f657c3,74521 26191 118732 108118 73851 147379 118247 148643 116371 64397 116244 3905 142709 20574 44805 83369 131786 110287 9418 120758 102251 84037 127693 80795 136954 34963 21229 113988 62464 32441 149726 57630 66848 146108 145573 12239 26489 114548 52718 43939 31093 48201 143521 53913 136897 77480 137570 46735 121511 51059 2448 33905 106331 149051 148430 51164 7838 136626 97043 44586 90269 109820 145794 51164,7838,147379,116244,55 4 9,56 5 10,55,56,63,64,8
qseq_06cc0645398f375f,locked_test,length_64_gap_8,qcluster_locked_test_0073,qbank_locked_test_066dd1f657c3,37109 149604 124791 28283 52961 92282 11347 13927 61103 745 23359 121121 22892 127443 39682 62278 34302 53878 54475 40728 62010 125083 78620 7091 76861 68343 117266 44681 98778 18331 132270 96952 123731 110287 15481 95182 14905 145124 8201 101499 111718 148467 65702 129466 43481 118578 4909 134626 63960 129451 108642 107886 79507 69062 125158 128655 88530 59877 10359 31992 6314 97719 91398 128655,88530,145124,110287,55 36 32,56 37 33,55,56,63,64,8
qseq_62f6e13c2065b06c,locked_test,length_64_gap_8,qcluster_locked_test_0074,qbank_locked_test_066dd1f657c3,46477 151493 114140 57425 17390 66876 807 71374 41172 134619 143391 70602 58092 3700 43599 73125 43818 67089 38560 101499 67942 55353 144336 27579 98091 135690 51288 72959 83369 41393 34469 37619 69783 71620 28834 90565 63898 60448 111475 61718 24283 11076 109739 13906 94503 15596 115073 147102 75932 86287 140510 112488 47926 47308 69601 66490 71265 145573 125904 84923 79507 91206 23179 66490,71265,807,94503,55 5 43,56 6 44,55,56,63,64,8
qseq_8385e0a3280a1a76,locked_test,length_64_gap_8,qcluster_locked_test_0075,qbank_locked_test_066dd1f657c3,92923 88607 106444 101266 108929 22779 118192 37352 32148 79851 116021 61622 65127 130744 39784 92477 54857 31547 143625 7973 95845 98184 95596 91229 69691 40051 41640 51908 95886 37524 51276 150676 11619 133227 32935 97911 33635 16699 100855 64996 137460 140412 122833 110280 41884 144649 94992 47624 32139 110725 52519 48062 38593 58776 71835 72722 52081 46646 54142 51740 23603 88481 33476 72722,52081,51740,140412,55 58 40,56 59 41,55,56,63,64,8
qseq_1c8ab1fa1ef08cbd,locked_test,length_64_gap_8,qcluster_locked_test_0076,qbank_locked_test_066dd1f657c3,16654 102687 32421 77400 88832 132785 83699 66876 107006 142652 141244 94531 148117 140141 58010 144002 42302 124268 101644 103355 42789 27266 12387 114363 103097 57292 109608 110725 63898 92625 851 120159 95207 33074 983 6135 47790 77617 45506 15596 37884 39381 94865 85241 1631 106830 144332 42695 43599 24557 56607 71606 104602 143391 108024 62282 19350 118578 53942 97101 94500 84559 119134 62282,19350,56607,104602,55 49 51,56 50 52,55,56,63,64,8
qseq_3547e8d3a08b4972,locked_test,length_64_gap_8,qcluster_locked_test_0077,qbank_locked_test_066dd1f657c3,5205 40523 73125 70417 52706 109030 3982 25040 6506 69601 12443 73223 107674 150774 85823 54655 66187 4692 68625 16772 140779 61103 102362 127481 60828 146254 145246 97747 30646 3442 40494 65395 127537 61963 61054 97533 60552 148206 120778 98599 40970 139482 121664 145124 100323 147887 76119 100066 71829 49977 95834 120453 113099 114823 102814 127980 88481 16301 8857 50093 19906 82554 148221 127980,88481,40523,61103,55 0 20,56 1 21,55,56,63,64,8
qseq_d2bd0af42abc2631,locked_test,length_64_gap_8,qcluster_locked_test_0078,qbank_locked_test_066dd1f657c3,40016 132111 35390 45210 53507 34776 79992 72722 24780 100200 110255 87474 36006 119453 62958 119134 141675 26337 28371 14003 116223 87782 17853 86467 138473 120758 95886 145668 150339 17387 94638 69937 36499 48336 57482 55493 26719 97595 49981 117363 9418 77676 60029 117290 108498 74560 84814 149246 55595 96650 140284 149231 80686 58092 68282 112517 77568 30145 140976 110280 50509 78941 32321 112517,77568,110255,60029,55 9 41,56 10 42,55,56,63,64,8
qseq_dcb9d5526d7870fd,locked_test,length_64_gap_8,qcluster_locked_test_0079,qbank_locked_test_066dd1f657c3,125606 102412 46967 43662 76312 145676 85774 49140 106807 83744 20509 35164 44586 17246 74432 135158 36657 29554 57524 106283 55820 96584 108436 8848 3526 55637 18877 55769 69334 102099 93591 113925 31669 74810 105073 25645 31181 76684 39372 45943 96899 96986 138158 31653 70960 103314 61908 3756 27798 94313 25594 64100 53082 12947 130479 67315 68589 54708 111718 119865 29008 102325 118652 67315,68589,39372,76312,55 37 3,56 38 4,55,56,63,64,8
qseq_ec9216ae7b6bde09,locked_test,length_64_gap_8,qcluster_locked_test_0080,qbank_locked_test_066dd1f657c3,141032 67557 79017 27719 145946 82620 18517 9979 93591 139012 109416 142476 92191 115024 116527 81704 80997 75509 150467 141114 120808 13871 50371 149342 72840 125158 71680 86483 151421 61171 100191 123226 72061 116740 7463 60633 19641 67976 66586 107169 131292 26544 83575 28829 92923 46024 78158 103636 29108 53872 45036 117055 98669 16202 64771 14129 24888 71689 126378 107110 34302 43662 76116 14129,24888,116740,107169,55 32 38,56 33 39,55,56,63,64,8
qseq_656a6097d2573a4b,locked_test,length_64_gap_8,qcluster_locked_test_0081,qbank_locked_test_066dd1f657c3,129993 130582 94992 105073 106038 72164 102099 101499 106356 76693 34349 4398 23160 77730 27295 54275 52536 145441 103769 117335 22124 91222 44050 18517 78565 103337 14756 14966 121122 85364 23823 91054 103205 39668 127153 77675 47789 80045 105756 83022 38793 122545 12443 32435 115731 141920 111879 65047 114753 125411 130138 109416 25242 17394 69929 60144 35138 73576 108498 4692 51207 20767 102412 60144,35138,72164,103337,55 4 24,56 5 25,55,56,63,64,8
qseq_45f1bb21d75603af,locked_test,length_64_gap_8,qcluster_locked_test_0082,qbank_locked_test_066dd1f657c3,33992 122909 43059 109910 124181 20986 57540 4067 128131 136144 41860 108518 98786 133580 135837 65377 122071 114554 77400 101857 47396 83251 65366 40240 141969 120301 61161 87836 67754 59887 32176 87782 4211 125489 145668 38263 26567 119936 73576 136897 127266 77675 26508 98308 106078 140323 20767 121511 67829 56917 142342 77591 136415 11960 96609 11886 144541 43599 17245 33635 151287 95566 107886 11886,144541,65377,108518,55 14 10,56 15 11,55,56,63,64,8
qseq_c1e6dbf41b13b9fe,locked_test,length_64_gap_8,qcluster_locked_test_0083,qbank_locked_test_066dd1f657c3,120863 10591 33969 43082 48336 130156 65973 102578 71294 67089 44123 124576 51736 27915 38231 85352 146974 3442 64987 48827 76919 2934 12947 75929 73223 125274 140154 115751 143348 104747 45762 73473 110514 47799 94596 78497 16026 72450 66010 31547 146950 143188 15403 137780 137728 46146 134356 66387 23707 11298 8507 11487 113466 4327 132486 136776 51207 124869 117017 86744 88788 19849 62043 136776,51207,117017,124576,55 57 10,56 58 11,55,56,63,64,8
qseq_3fef9aa1513e113e,locked_test,length_64_gap_8,qcluster_locked_test_0084,qbank_locked_test_066dd1f657c3,117458 58764 36657 63212 137686 108099 114772 112758 125158 60063 15028 87670 140779 27806 13404 137652 12543 149672 106002 12687 94011 137364 113615 88953 67139 118605 34683 61836 4146 122833 108250 144223 48207 101499 47756 5306 89585 66111 119039 101525 73863 148709 125083 117312 46735 57540 16916 90532 69601 6314 148206 41847 6827 83079 95202 112780 23606 91659 49478 18132 96998 117679 13711 112780,23606,106002,108250,55 17 29,56 18 30,55,56,63,64,8
qseq_78a5963297c0c8d8,locked_test,length_64_gap_8,qcluster_locked_test_0085,qbank_locked_test_066dd1f657c3,109820 69062 36499 47592 114247 99775 146754 94907 93640 125081 130075 135121 23801 79421 37524 115650 22658 65402 101697 23603 27845 105976 66111 103104 115316 147028 78513 54520 10432 44251 30307 62626 13509 100893 107343 12034 40990 141716 84405 130479 100884 5690 58668 144332 58010 100079 129038 120758 147887 2465 149670 45969 151542 45980 88829 53878 111810 55258 71609 32330 40494 144122 94531 53878,111810,71609,10432,55 57 27,56 58 28,55,56,63,64,8
qseq_48ca05ce136bf746,locked_test,length_64_gap_8,qcluster_locked_test_0086,qbank_locked_test_066dd1f657c3,139734 54141 133386 106377 58998 112237 67193 6545 37381 86744 148469 7581 48239 115731 121337 34113 57580 108412 147343 120453 107556 15530 125489 72706 125716 46881 143348 120024 99018 7448 13136 1630 80724 15616 144846 84814 43798 5102 110280 109312 58704 54398 146913 112026 103398 4883 11660 127711 6867 10971 84043 77007 72884 138821 93162 145759 122601 112642 18340 16026 109416 68341 45329 145759,122601,43798,138821,55 35 52,56 36 53,55,56,63,64,8
qseq_48b90e6dcd8ddc45,locked_test,length_64_gap_8,qcluster_locked_test_0087,qbank_locked_test_066dd1f657c3,30805 44964 128295 138975 58956 98190 96510 115164 87546 108963 72319 66131 121115 87900 126378 107006 37840 3401 120758 77574 49981 115654 28283 100123 63641 89260 88607 66848 80536 96206 124181 11281 128869 126786 48062 52124 99824 43059 88298 56917 144996 87904 6101 135330 31352 120900 100793 88342 82021 145573 63283 49162 119562 42641 128541 141093 11619 5690 90169 43599 135049 99139 112483 141093,11619,107006,145573,55 14 48,56 15 49,55,56,63,64,8
qseq_a593aa7dd01d90b7,locked_test,length_64_gap_8,qcluster_locked_test_0088,qbank_locked_test_066dd1f657c3,96977 46269 125158 11076 54655 52093 49070 865 81409 118310 105083 6210 21688 105219 115024 145041 54154 90207 11367 34261 8114 61260 21262 12767 107169 115316 109188 63723 55658 97870 8841 35849 50402 29796 13157 11737 14795 62390 59463 136905 137219 136638 61785 106038 83867 56012 60448 4937 97101 11004 113684 20509 46030 9383 141349 123273 67754 115247 38761 92566 14276 36778 148432 123273,67754,113684,97870,55 49 28,56 50 29,55,56,63,64,8
qseq_da6f0f81e5f1b376,locked_test,length_64_gap_8,qcluster_locked_test_0089,qbank_locked_test_066dd1f657c3,9479 70356 88214 105667 50093 112510 7582 25049 4211 53878 41518 33117 140401 71533 123992 64767 124948 27798 117760 116527 63229 129044 144251 35354 2497 56917 52290 147035 101693 139576 73508 121454 107149 51748 98184 117961 76526 140068 112522 129699 53855 97533 90207 30279 45083 97595 61730 120453 95350 2323 96226 93233 147660 127711 104447 82761 88683 28929 96093 149025 119177 102110 4883 82761,88683,121454,140068,55 30 36,56 31 37,55,56,63,64,8
qseq_b606c495c88df8e9,locked_test,length_64_gap_8,qcluster_locked_test_0090,qbank_locked_test_066dd1f657c3,115928 104121 135261 87648 16649 3911 147035 145266 85817 18711 4340 32421 85654 68456 150850 52229 85767 35522 109932 44945 130075 78621 81787 80655 86373 132312 83968 61051 33457 8264 30686 13886 77066 95566 149689 27841 74363 127846 77432 44586 34303 146099 36499 126954 37279 121360 84957 435 92309 123394 54329 140976 47119 53988 48201 7187 53701 35456 151493 25242 141195 25432 127941 7187,53701,146099,135261,55 40 1,56 41 2,55,56,63,64,8
qseq_cc7c7fc49b5b77b0,locked_test,length_64_gap_8,qcluster_locked_test_0091,qbank_locked_test_066dd1f657c3,138095 84582 51435 91398 138856 119268 94018 17124 27806 127988 44953 30004 80066 21304 32075 56607 17277 116915 24780 95974 103555 113205 131786 86308 49936 97929 117636 89723 18504 66964 146977 108062 4989 126347 67528 47094 75509 11281 24067 57015 113466 13699 133501 77574 62593 49977 865 26681 146642 60780 32176 1008 7559 117313 78554 39784 25108 82772 74983 52831 57612 94500 5906 39784,25108,146642,52831,55 47 58,56 48 59,55,56,63,64,8
qseq_1ecce2d1aac09e8b,locked_test,length_64_gap_8,qcluster_locked_test_0092,qbank_locked_test_066dd1f657c3,79289 122296 115247 46731 59570 106038 26719 133578 56481 60906 101644 39586 101266 4989 137436 116340 71064 137686 141564 12007 80997 88607 41393 138158 26534 119998 96510 72091 38793 94550 81013 13281 41833 34151 138095 133075 105667 46606 132312 54398 126249 109228 57646 87904 124173 1631 56909 46779 99462 74313 93053 138866 7289 84960 47790 67339 46967 56345 89109 75490 72121 85498 117397 67339,46967,133075,84960,55 34 52,56 35 53,55,56,63,64,8
qseq_d8b18b3615864fc2,locked_test,length_64_gap_8,qcluster_locked_test_0093,qbank_locked_test_066dd1f657c3,148678 96226 87298 142189 103022 77574 28655 90971 94879 105286 47005 56909 112026 129699 4772 88683 70633 94865 103097 49977 124791 63180 129723 114753 13699 19490 116293 78513 56012 76526 43063 148454 12328 133501 130971 127898 93717 27012 108436 12728 141275 62110 131282 131161 122676 131949 125395 84405 12318 93180 55392 62487 31294 37937 14548 75929 77676 49936 44953 51310 121032 105667 45697 75929,77676,87298,44953,55 1 57,56 2 58,55,56,63,64,8
qseq_e73b818746667358,locked_test,length_64_gap_8,qcluster_locked_test_0094,qbank_locked_test_066dd1f657c3,14398 105853 102110 60448 136614 33905 103205 115494 8507 86287 51608 122152 42902 110531 86028 74291 8264 72840 69881 58431 34081 133027 109547 146059 18731 16307 61655 25645 7342 139132 78761 29258 100079 96230 62000 97870 25710 12947 85817 60980 89894 125957 37109 139173 90663 69057 97631 36464 19490 77400 119453 128539 18572 31393 142476 1008 143604 145634 60728 145089 64959 1816 7775 1008,143604,16307,86287,55 24 8,56 25 9,55,56,63,64,8
qseq_40b248c61cc7e097,locked_test,length_64_gap_8,qcluster_locked_test_0095,qbank_locked_test_066dd1f657c3,135186 133578 137849 62057 110380 51748 147887 42786 85364 131276 116740 44050 22376 4772 76919 100123 6637 118586 41518 43676 112289 40494 114753 96151 29008 67059 3380 127055 44805 81300 47799 17671 130582 51183 45506 110514 89323 48600 87904 15403 62839 148053 83350 106444 51736 46671 16809 126786 61963 87836 89556 140682 12687 52455 54476 88342 111279 143348 41993 40172 46937 97209 29814 88342,111279,87836,131276,55 48 8,56 49 9,55,56,63,64,8
qseq_65664dec139fef6b,locked_test,length_64_gap_8,qcluster_locked_test_0096,qbank_locked_test_066dd1f657c3,40675 125716 32414 89894 30203 27125 62212 99696 128120 149650 74068 74810 925 54142 33206 144332 59115 120301 37762 74799 86483 116385 118568 10061 10591 136802 2497 89773 82381 37233 91563 148053 115259 130099 108672 102099 107006 13490 66546 83461 87298 83350 63180 34730 128160 116743 84019 14905 69420 53857 22281 16213 105419 93717 56195 54315 148925 44123 57141 42904 143596 17384 150681 54315,148925,143596,22281,55 59 49,56 60 50,55,56,63,64,8
qseq_3394452e1ef59021,locked_test,length_64_gap_8,qcluster_locked_test_0097,qbank_locked_test_066dd1f657c3,46341 33117 35023 78679 4559 36901 109202 56990 77580 107343 25373 53760 69535 62000 43212 60360 43378 79380 35420 41172 13671 91397 122122 51929 95596 126347 147057 62188 13264 68769 131892 136089 8921 100225 110461 106054 1472 142640 14756 148371 36778 103205 46976 83744 63895 48017 131263 114823 57138 24409 112321 51145 24067 89281 131899 117363 149342 96899 55606 104112 80868 76914 98399 117363,149342,69535,41172,55 11 18,56 12 19,55,56,63,64,8
qseq_f111cfd984295e35,locked_test,length_64_gap_8,qcluster_locked_test_0098,qbank_locked_test_066dd1f657c3,54857 146642 110042 19751 121982 120888 113336 147099 34303 148643 76693 70523 113185 146754 9030 121857 121079 45998 59776 59844 1816 124576 57272 69694 18315 59436 91174 64020 97718 102208 101814 98786 21688 49374 142332 139055 83968 98190 72163 46897 36044 70803 41993 11724 90367 110255 42695 147035 130971 79378 52961 53181 84559 131398 4532 100490 71264 51607 132111 110656 52805 40440 9249 100490,71264,52961,121982,55 49 3,56 50 4,55,56,63,64,8
qseq_521317d472ce27f7,locked_test,length_64_gap_8,qcluster_locked_test_0099,qbank_locked_test_066dd1f657c3,30203 62292 36138 110656 149397 130099 9030 68176 53760 79710 15117 35514 32253 71680 114823 40411 90782 118605 30686 34333 119562 41489 88356 47875 85352 137780 125006 13247 52594 20231 108963 116016 114303 84960 41010 107169 86694 43933 32075 80670 39668 101525 100066 139734 130503 34081 60762 88922 51659 50794 21984 141032 133259 73301 126090 89568 102982 50818 138277 3900 66876 46905 87330 89568,102982,51659,43933,55 47 36,56 48 37,55,56,63,64,8
qseq_958af984b01786c0,locked_test,length_64_gap_8,qcluster_locked_test_0100,qbank_locked_test_066dd1f657c3,16712 29081 34516 116629 28101 117573 146950 8237 116939 123071 26264 12052 604 31864 45993 20790 16021 36138 2782 110725 25384 77553 119796 135052 36464 94643 21950 84615 77066 115127 110852 98146 53913 64597 99603 83848 77309 144251 114344 138978 23603 121075 52718 34758 127510 21229 150373 74938 144675 34357 31754 97043 145124 47308 105248 116672 139945 116842 21728 86558 119177 118572 127898 116672,139945,121075,115127,55 40 28,56 41 29,55,56,63,64,8
qseq_6295d4b50b3c7199,locked_test,length_64_gap_8,qcluster_locked_test_0101,qbank_locked_test_066dd1f657c3,146950 37701 89948 13098 90565 30528 12639 149670 7342 13131 101644 82301 56856 32170 67973 7973 44907 99143 78462 74234 11347 62593 19056 32485 33131 45329 83826 1706 19450 121288 80777 30632 84933 37597 2465 54509 148643 126708 107346 80961 118605 57646 40860 12379 125649 133637 2073 78346 41104 140141 103337 84702 103022 31531 69881 2746 66355 14981 20652 9347 151079 100327 37279 2746,66355,30528,32170,55 4 12,56 5 13,55,56,63,64,8
qseq_1ef50b6eb06264db,locked_test,length_64_gap_8,qcluster_locked_test_0102,qbank_locked_test_066dd1f657c3,34683 86340 86272 64784 53181 79289 133124 129256 148469 136626 138526 65511 145324 63775 27012 6505 18047 3700 135257 66437 137780 103022 38263 20111 38558 112321 26146 133645 91015 18340 116029 66422 101697 130191 124181 104447 21688 925 57482 30496 32292 49422 61908 32148 125384 97354 89223 820 55856 47470 109744 109399 81628 70417 148807 16464 2709 105248 116853 93434 126708 1118 61931 16464,2709,38558,109744,55 23 49,56 24 50,55,56,63,64,8
qseq_69084e1ccc7ff96c,locked_test,length_64_gap_8,qcluster_locked_test_0103,qbank_locked_test_066dd1f657c3,138876 31181 100749 123910 48062 55820 14003 54460 25493 35438 112517 45943 148488 88434 91398 92477 121353 119865 5306 40064 118605 11724 142471 116915 11393 109455 145906 108658 100255 147885 65441 29538 67339 141683 12623 118611 138856 34742 31950 103315 18992 72324 45036 142332 62721 103150 103377 132111 26278 52290 42200 14655 32428 37156 19020 131949 31754 69941 74521 40569 61074 12606 116244 131949,31754,74521,92477,55 57 14,56 58 15,55,56,63,64,8
qseq_3944fb6fb17d078c,locked_test,length_64_gap_8,qcluster_locked_test_0104,qbank_locked_test_066dd1f657c3,88607 13496 26400 135021 85352 131135 142709 99337 6710 34395 109200 54460 137728 148474 84582 51349 140607 88530 4146 83079 145794 144586 60728 27579 68589 30004 4211 68625 150676 40326 96159 65816 62899 84615 29175 8224 130971 63641 40016 50491 132779 83546 49709 121664 39714 87904 46269 86467 42904 47193 111183 90984 106589 84137 128421 43212 136802 55968 90782 12511 13591 85186 35438 43212,136802,87904,30004,55 44 24,56 45 25,55,56,63,64,8
qseq_6111d1f4ea60548a,locked_test,length_64_gap_8,qcluster_locked_test_0105,qbank_locked_test_066dd1f657c3,124042 64967 138349 85337 67528 146616 91174 72164 105853 78226 84311 52536 121378 2709 143511 67950 109114 135816 14655 18012 49422 85510 148341 98094 143348 139339 102851 145256 83369 34151 94399 5988 51435 73863 92309 135186 125030 69190 130877 66047 39381 80724 6433 3127 128131 38895 130156 4266 2964 48636 148999 87570 128295 89399 93170 115024 39947 140068 130582 8613 51386 67592 78462 115024,39947,121378,94399,55 11 29,56 12 30,55,56,63,64,8
qseq_7c380da0ca8ae40a,locked_test,length_64_gap_8,qcluster_locked_test_0106,qbank_locked_test_066dd1f657c3,100427 121122 117202 116293 96230 90984 108024 54211 122059 62626 136614 140682 79421 123358 58608 86028 54601 134324 123273 52966 80029 77676 56266 49977 87782 138512 36016 53137 101857 32858 140284 29554 131157 73576 39256 66876 39661 41847 149432 38560 141762 570 108362 140721 126954 90367 65472 41010 127153 136821 28284 97299 80045 143712 78829 81239 8501 87139 45645 52603 50407 51608 131307 81239,8501,51608,38560,55 60 38,56 61 39,55,56,63,64,8
qseq_42c4a68f6ef33ac2,locked_test,length_64_gap_8,qcluster_locked_test_0107,qbank_locked_test_066dd1f657c3,90842 50407 92282 90644 101515 117636 116021 118887 12031 53701 11178 88434 120547 46408 111378 123845 54142 37366 77568 48857 120264 30004 147778 45289 140571 99028 13177 115664 145946 82156 46967 134797 148371 17268 24261 78244 62487 97747 93510 17387 56713 43305 40682 61855 114247 113099 128145 134626 3002 33404 53366 103315 112483 33392 140682 17246 55586 55986 141683 113892 67193 139759 89948 17246,55586,112483,90644,55 51 2,56 52 3,55,56,63,64,8
qseq_feff6bd915fd696f,locked_test,length_64_gap_8,qcluster_locked_test_0108,qbank_locked_test_066dd1f657c3,107346 4952 20734 127060 148430 145041 11619 53126 66546 36766 88530 20841 144254 105548 69334 103636 79421 145190 12097 136089 64767 79781 42134 120341 84711 144010 58280 76919 32935 143345 145266 40569 106934 21262 73301 2421 50509 150897 12110 16026 24277 6942 33081 118732 70799 114292 86604 105286 127544 851 116853 60717 91102 147599 73662 23160 137849 40258 48017 47094 98399 127953 22738 23160,137849,91102,2421,55 51 34,56 52 35,55,56,63,64,8
qseq_97910adcaefcff50,locked_test,length_64_gap_8,qcluster_locked_test_0109,qbank_locked_test_066dd1f657c3,128434 38674 145599 140323 11393 128754 66422 27878 83968 139776 107355 47790 43939 105314 45993 127771 69275 19490 5708 2421 51922 89980 55650 16144 56266 28284 3700 61287 18992 36090 38231 57391 102777 109590 108375 35550 127943 141249 12387 127544 143604 105811 96486 66812 13422 140976 43626 71064 16699 144996 11886 112517 105756 108362 143860 24902 31950 139945 150676 81610 27922 135516 62958 24902,31950,62958,89980,55 61 20,56 62 21,55,56,63,64,8
qseq_ab156757e4a52ad8,locked_test,length_64_gap_8,qcluster_locked_test_0110,qbank_locked_test_066dd1f657c3,52642 44776 21070 142531 136378 141920 32075 135257 93324 101630 5156 139759 101645 47875 131722 110412 125156 56913 103464 101082 40051 140126 11960 99143 67592 37597 130075 27436 11015 130910 53855 24261 130503 146016 139109 18016 76837 72131 27580 116863 65787 90538 134619 151491 28694 68740 114303 127459 16262 88434 114913 45895 132219 2584 71795 139776 46731 42695 49564 136236 127153 84933 59844 139776,46731,93324,88434,55 7 48,56 8 49,55,56,63,64,8
qseq_f0bf7fa16dc3ec20,locked_test,length_64_gap_8,qcluster_locked_test_0111,qbank_locked_test_066dd1f657c3,60670 143195 53126 118611 121378 142904 149013 5013 40326 100708 93084 105276 93582 94437 3905 49206 94826 41899 57292 75618 126639 19954 60774 84137 63283 14655 146292 13326 151493 36722 125411 27234 53147 144010 89104 53172 44222 11885 93719 88481 83677 26075 39832 65932 101149 65205 21070 51740 68659 113475 97407 125384 40682 570 72121 130533 111722 6505 23901 9857 81239 118887 116853 130533,111722,40682,60774,55 51 21,56 52 22,55,56,63,64,8
qseq_f45d6c70f198f516,locked_test,length_64_gap_8,qcluster_locked_test_0112,qbank_locked_test_066dd1f657c3,145203 61318 43177 131157 127829 132536 52455 103800 29814 135996 11960 35849 149062 12443 131037 101521 77591 62172 83056 44586 10061 114799 131491 128541 22511 14331 79781 41489 122676 81916 92477 51114 103097 120303 18689 46216 105667 3043 52093 34081 94638 113475 53775 112488 50326 29108 74059 9857 141275 144846 59387 74521 15913 114344 86744 31093 129371 49176 32591 11473 136776 102650 40016 31093,129371,43177,122676,55 1 27,56 2 28,55,56,63,64,8
qseq_4870fb6c35e0d737,locked_test,length_64_gap_8,qcluster_locked_test_0113,qbank_locked_test_066dd1f657c3,26191 132111 10359 43431 40565 139453 35023 138349 149062 136698 51763 15598 31300 80997 23312 120960 11178 106744 133948 106002 47552 102777 23327 88087 37366 65016 97101 125212 43599 148938 32421 138095 137313 93081 117335 26146 110287 8857 24868 122833 114945 145983 147684 60001 47752 74512 139776 71606 72163 58112 58543 35162 100793 78565 79957 10462 142093 68740 22779 98407 29126 72374 39797 10462,142093,58543,139453,55 49 4,56 50 5,55,56,63,64,8
qseq_aac35328b9ce9d1e,locked_test,length_64_gap_8,qcluster_locked_test_0114,qbank_locked_test_066dd1f657c3,22789 4053 14548 62278 64100 62390 94858 26337 97536 99043 116778 142093 90935 104602 141201 66876 104642 117162 57939 104337 10432 135996 91229 503 79738 149432 125437 34302 62566 82711 89551 133948 121337 93104 111086 127481 27914 53030 42111 7187 8827 13161 13490 80616 51608 87836 148117 141585 85305 65102 97145 92180 125606 2709 22484 148469 865 115451 94643 147935 22637 75342 27878 148469,865,141201,127481,55 13 34,56 14 35,55,56,63,64,8
qseq_4eb76c7b6c01fb45,locked_test,length_64_gap_8,qcluster_locked_test_0115,qbank_locked_test_066dd1f657c3,16573 51608 103097 61908 105811 113114 104642 116853 113796 33117 119177 45003 148899 144742 83744 46615 6827 80499 149763 58440 97122 132325 101149 34261 20790 29814 101725 29081 86823 112237 6441 44182 67976 42527 113138 146773 118342 20734 57015 72994 56577 13777 112758 57735 108436 74810 17170 90493 135330 59774 145266 78565 92665 110213 147102 145203 60980 58776 49564 41899 126543 39575 54515 145203,60980,29081,61908,55 26 2,56 27 3,55,56,63,64,8
qseq_5a11bc9a757288a2,locked_test,length_64_gap_8,qcluster_locked_test_0116,qbank_locked_test_066dd1f657c3,58704 53980 117335 50303 10442 143475 56185 42457 125030 88087 7187 27806 23746 3043 36300 51183 141572 34081 119735 90895 140124 134081 124239 49094 127541 5862 47598 138805 2934 69784 114247 118420 148320 12097 36901 117961 35802 37366 80724 2560 119865 80865 66096 132370 34579 41844 116629 42454 121982 97631 72840 137652 93414 113379 74068 66010 102982 42866 57437 101149 51736 43177 51460 66010,102982,57437,34579,55 57 43,56 58 44,55,56,63,64,8
qseq_e797301baedc0bb0,locked_test,length_64_gap_8,qcluster_locked_test_0117,qbank_locked_test_066dd1f657c3,124784 48630 39381 63857 112780 78920 33206 37109 79766 49070 66437 76690 113185 52706 140721 103355 148000 45210 44805 61836 120779 85774 11673 115073 96277 143517 146812 118721 34776 29859 150369 93233 54708 141585 83794 109188 129796 5492 130854 49140 101645 36464 31294 52831 30658 47756 37156 42454 84800 86028 51183 97719 98873 147379 101697 31311 115731 43972 15596 115024 148156 1816 12958 31311,115731,103355,45210,55 14 16,56 15 17,55,56,63,64,8
qseq_bcee2a0c6dfad8bf,locked_test,length_64_gap_8,qcluster_locked_test_0118,qbank_locked_test_066dd1f657c3,23901 17246 34398 136827 89281 78621 150531 115164 93582 51922 137460 115259 117760 86116 138978 129999 85817 117363 89773 94399 22659 131491 144073 74741 29108 87451 54857 100676 58280 135674 45645 107886 10736 85364 1706 103540 21984 7717 141201 92182 113854 60780 8302 14851 61214 109910 49327 40353 983 37352 52290 81994 51386 127153 56266 71606 44367 136821 137313 104690 116353 79017 103800 71606,44367,74741,22659,55 22 19,56 23 20,55,56,63,64,8
qseq_1f6242ca8cd13f15,locked_test,length_64_gap_8,qcluster_locked_test_0119,qbank_locked_test_066dd1f657c3,60063 120301 118751 82021 19681 95350 57015 79387 109820 147885 120303 34163 50818 23513 48037 90782 79507 123761 66187 149013 35977 11619 62010 42845 100427 44222 141551 142342 9872 77412 144649 59774 33969 140510 26480 144365 124382 57437 93170 147695 47469 47790 72091 139442 109030 39832 29714 76684 130479 81803 83575 12379 94626 49981 12650 125802 9360 47544 105248 16856 118887 145510 80045 125802,9360,57015,120303,55 5 9,56 6 10,55,56,63,64,8
qseq_84c31810e891eb40,locked_test,length_64_gap_8,qcluster_locked_test_0120,qbank_locked_test_066dd1f657c3,59487 29828 72184 140154 60263 5143 98094 55582 82190 83369 68129 83079 83167 77553 112289 40565 50509 52642 78346 36298 84709 54081 118681 820 13671 114344 116132 86483 30203 138278 50303 5054 13559 134488 22658 65441 40440 9047 35164 109202 113138 123219 52718 105853 136802 8857 141249 2421 138314 75438 87288 8177 55040 43179 37936 5748 604 142471 66789 149167 95350 11960 26642 5748,604,30203,55582,55 27 6,56 28 7,55,56,63,64,8
qseq_72fff3925499dad7,locked_test,length_64_gap_8,qcluster_locked_test_0121,qbank_locked_test_066dd1f657c3,85654 127953 42107 145903 123910 108963 42147 93450 22058 2628 134356 58704 150369 35522 110313 86744 58280 78979 71620 20734 81239 26143 79676 55658 63511 144332 86758 16210 62625 32139 120960 81889 99639 141244 56195 110866 31491 59318 95845 42641 39246 132699 121504 123805 112295 82190 120779 124576 70799 133151 120264 6867 123773 35005 136378 88959 53775 32898 99907 95350 137219 88242 34395 88959,53775,121504,108963,55 41 4,56 42 5,55,56,63,64,8
qseq_2ec803b0bed31c61,locked_test,length_64_gap_8,qcluster_locked_test_0122,qbank_locked_test_066dd1f657c3,117458 44742 83968 30496 22816 91174 32965 144365 93162 8224 106444 102257 13671 27416 22619 93582 97786 39975 112077 44767 122676 148486 86694 1681 16739 93510 82761 13249 131491 60032 42792 54655 103104 15783 40258 120326 98168 93591 113205 47875 7289 16573 149640 73515 103800 68138 103366 46030 15086 86795 57732 20231 105233 33180 60780 125904 102304 69694 65102 139132 145510 97489 149535 125904,102304,7289,113205,55 39 37,56 40 38,55,56,63,64,8
qseq_a1eade9e109cdde1,locked_test,length_64_gap_8,qcluster_locked_test_0123,qbank_locked_test_066dd1f657c3,94826 47598 44733 98364 118221 37597 7143 35023 140401 145906 109608 26368 21287 149167 125274 55398 148206 83503 60880 43433 52860 112780 42481 22484 77676 95040 148454 79635 103305 23608 138158 80399 36996 97092 16486 122097 73817 10061 109455 56910 127941 142640 63895 27616 122112 72324 77412 106807 90782 14003 94550 143195 19954 118828 111879 69334 96226 43179 149231 110859 113336 114363 18850 69334,96226,125274,97092,55 13 32,56 14 33,55,56,63,64,8
qseq_3766ced4214195be,locked_test,length_64_gap_8,qcluster_locked_test_0124,qbank_locked_test_066dd1f657c3,44182 109400 131116 62367 133258 60032 116223 118473 142093 29258 116118 49070 99043 5906 70761 59924 138539 38131 41993 94018 124358 130503 61318 126038 24313 69615 138534 109590 101266 8434 127941 121647 102851 97120 59798 9991 46146 26544 92414 107343 52229 8820 88669 71620 104719 87900 80223 91015 39575 119282 62801 36828 114559 144332 103377 122885 138526 92309 73909 32253 89714 76151 127055 122885,138526,131116,52229,55 1 39,56 2 40,55,56,63,64,8
qseq_febee87326e95f97,locked_test,length_64_gap_8,qcluster_locked_test_0125,qbank_locked_test_066dd1f657c3,44182 116004 69042 27719 111182 119453 64959 148678 31950 32858 80352 3900 30528 74799 88233 127922 83968 45993 86200 40590 57939 136897 46122 35390 127541 141805 68769 90565 50407 83869 107006 12606 61855 51036 52831 14002 19211 45289 149013 31176 61558 136562 119282 49176 21629 74363 22376 26453 21779 80593 135121 61744 92309 59236 72706 108274 61297 55658 149689 77676 120986 118379 72987 108274,61297,80352,61558,55 9 39,56 10 40,55,56,63,64,8
qseq_08178501c10980e4,locked_test,length_64_gap_8,qcluster_locked_test_0126,qbank_locked_test_066dd1f657c3,118017 148146 100855 122425 111183 90549 118221 117442 38048 121002 149537 130191 94011 111173 107054 16969 68129 24655 129038 150757 114605 124791 131180 114610 58440 81013 148019 12034 68456 17245 127153 55986 31005 60029 148463 118795 80288 140510 119453 46967 147343 89556 77535 83127 37409 7582 82799 19793 31311 97718 78097 30496 50364 149051 12767 66848 8237 12958 12794 145983 11367 56989 84582 66848,8237,60029,68129,55 32 15,56 33 16,55,56,63,64,8
qseq_c9b936fb62e422a1,locked_test,length_64_gap_8,qcluster_locked_test_0127,qbank_locked_test_066dd1f657c3,91843 98190 35383 139173 144541 76012 59474 16262 67670 32011 53526 74846 139576 19681 49709 147778 54515 134619 76861 85364 132219 148469 97092 75584 8442 114610 108274 11367 136112 71689 61446 10846 126786 93434 132325 37352 92542 98399 18731 84405 120986 111005 48239 150774 84037 137744 147028 97595 43774 95205 91015 55968 28999 107006 98364 145124 124791 60780 62010 18244 27580 5838 144996 145124,124791,54515,10846,55 15 30,56 16 31,55,56,63,64,8
qseq_861498c56a1fb66b,locked_test,length_64_gap_16,qcluster_locked_test_0000,qbank_locked_test_066dd1f657c3,12052 71835 140412 19365 3558 42134 12034 63180 50491 118652 127693 79984 133187 26264 21728 127233 19995 46976 43949 65395 130129 14778 47825 77675 19767 20231 143188 138473 94313 52345 46374 146754 4487 90984 34271 31005 83350 92625 105217 116057 107886 144002 151491 80655 74059 9657 103784 114753 61931 73787 120808 57590 22738 35350 141716 132826 84137 91053 107546 30686 38341 123805 115316 114753,61931,3558,90984,47 3 32,48 4 33,47,48,63,64,16
qseq_c5d788687e323b48,locked_test,length_64_gap_16,qcluster_locked_test_0001,qbank_locked_test_066dd1f657c3,105327 47155 113466 83826 83127 77675 59798 65441 67089 17394 71048 113830 99462 9517 98146 111764 85533 3756 13177 146059 106331 67950 123572 20986 61297 65896 116629 26505 87298 73125 9421 24888 122425 38761 60762 46881 72912 34344 129895 46907 16654 36006 8114 7289 100255 35993 8820 83744 13859 84099 150369 130850 146071 19490 47094 99639 61744 131477 125030 66437 103337 59045 79710 83744,13859,26505,38761,47 26 32,48 27 33,47,48,63,64,16
qseq_e17680bbdca5e436,locked_test,length_64_gap_16,qcluster_locked_test_0002,qbank_locked_test_066dd1f657c3,116603 109744 46646 61718 41905 106283 148221 76499 76023 77675 46889 95396 81148 47798 97631 134279 47799 46939 113892 148709 94140 114605 70088 60360 39668 98873 53366 80127 50407 40016 73380 94654 140401 63806 57648 51183 150827 14851 46976 148746 54081 4211 118835 48201 38554 129417 66933 47750 127986 136821 132365 117458 118872 93612 73576 129264 19906 9580 13131 121647 136383 104337 110514 47750,127986,54081,53366,47 39 25,48 40 26,47,48,63,64,16
qseq_c6d45537fd7c97d5,locked_test,length_64_gap_16,qcluster_locked_test_0003,qbank_locked_test_066dd1f657c3,97913 21779 143515 45506 149759 82986 119837 6342 66591 73125 8637 2323 9857 18047 75063 45558 29175 8507 126291 49278 71059 42038 37044 30885 78679 135837 96952 62721 62566 2421 74825 62504 103104 94865 138899 673 14778 29814 122296 107343 94596 137849 142189 7838 34163 49148 106002 81013 89714 75442 51392 65702 47094 108024 89980 24414 3813 148195 130503 77400 67107 65342 62626 81013,89714,51392,73125,47 49 8,48 50 9,47,48,63,64,16
qseq_999f93a71efcbe30,locked_test,length_64_gap_16,qcluster_locked_test_0004,qbank_locked_test_066dd1f657c3,6451 50371 76919 41199 92282 119069 103097 137621 125083 115520 47798 133187 144002 123143 73797 112483 3449 86838 117961 41433 45645 67592 16307 82986 133984 130494 82620 2409 84559 129264 20231 53855 72322 37597 14752 101793 121647 78293 78565 146108 77568 88829 17998 57752 40051 77079 127502 104843 27719 75490 72048 142889 83042 69018 115731 61103 131282 120677 142709 32935 118611 21092 84515 104843,27719,53855,77568,47 30 39,48 31 40,47,48,63,64,16
qseq_d366e240d1f7d2b5,locked_test,length_64_gap_16,qcluster_locked_test_0005,qbank_locked_test_066dd1f657c3,135738 14222 95129 101725 49977 97870 16144 141692 100981 66010 851 34261 151400 148999 26071 119735 131441 60906 58764 122909 60319 90532 96899 46615 37000 145676 8361 17324 83710 16189 112500 74825 59474 16307 145069 6111 133580 47799 107006 16210 6176 53857 3911 33392 72324 38895 64230 89568 110141 80536 148703 9339 150108 13929 115703 44380 139132 68129 52847 109070 151421 64915 95539 89568,110141,64915,145069,47 60 33,48 61 34,47,48,63,64,16
qseq_87e511ea3d090ce4,locked_test,length_64_gap_16,qcluster_locked_test_0006,qbank_locked_test_066dd1f657c3,110287 150373 142921 112662 91539 147379 144002 136905 114808 88233 17219 141692 13404 77806 97604 106652 62839 24317 23136 123273 75032 61037 100248 52618 44767 41884 66511 78829 57141 26534 51763 142889 35977 21442 46269 144586 55968 77587 15087 95350 67059 139173 80616 9857 131037 109130 105853 41993 35438 116118 84709 14854 18731 103150 123394 63898 46122 105219 18517 45980 43419 141969 28999 41993,35438,112662,26534,47 2 28,48 3 29,47,48,63,64,16
qseq_760c7311c33fb73a,locked_test,length_64_gap_16,qcluster_locked_test_0007,qbank_locked_test_066dd1f657c3,114247 6342 79635 117211 139109 14778 97092 54236 148195 74546 46216 142417 93162 131949 60448 61471 37044 11015 35420 89723 98146 69188 118699 118572 63984 43706 61161 121122 132120 17853 113892 2409 87330 91672 66437 126954 24891 110425 61051 68479 21551 26368 59436 91206 143521 146564 60906 16268 128521 114913 116244 136236 77675 96142 133578 58998 133984 65472 55353 90971 128754 75342 97260 16268,128521,77675,14778,47 51 4,48 52 5,47,48,63,64,16
qseq_178e59bba162af36,locked_test,length_64_gap_16,qcluster_locked_test_0008,qbank_locked_test_066dd1f657c3,99033 29828 117312 67592 60880 23492 114140 125471 73508 96226 72121 114159 110866 45998 118762 77008 82259 100884 146754 57498 77580 60353 141216 120888 32330 132270 49140 84548 109617 33295 112182 12767 143596 149231 141960 129723 5676 114862 143287 88057 46477 42023 16213 86893 40353 79781 33457 38554 126786 67339 18711 25049 100708 106976 69275 27922 71606 33081 90493 109744 87570 3547 121647 38554,126786,18711,57498,47 49 18,48 50 19,47,48,63,64,16
qseq_f3506460129fa1dd,locked_test,length_64_gap_16,qcluster_locked_test_0009,qbank_locked_test_066dd1f657c3,50509 143860 8339 34219 19844 69601 93832 100057 86308 93414 151491 127153 138978 11960 71795 98919 32408 48207 114753 49212 49443 32011 142414 53775 21498 106744 132325 113213 90527 34578 136776 63960 10432 45003 61260 42904 65441 71072 16100 9354 133027 87836 36138 27798 139174 46341 145203 72665 115316 94728 94992 27012 10442 144031 86373 102851 138827 86287 146292 149535 90984 42946 60774 72665,115316,9354,98919,47 38 14,48 39 15,47,48,63,64,16
qseq_e5d25c75c6ad5a7a,locked_test,length_64_gap_16,qcluster_locked_test_0010,qbank_locked_test_066dd1f657c3,150373 59588 149231 146071 61418 151022 61655 148488 118881 4927 83826 46671 104747 145246 69949 92854 40494 143712 138522 84800 80974 68479 13699 95886 7463 75438 9383 564 117636 1405 13136 47751 26453 67557 78513 57138 72450 112077 67670 138512 51607 68039 62490 66387 48207 8841 129451 106921 43179 26567 136954 57630 78097 144254 141683 14655 84933 99028 54601 56196 22909 43818 106283 106921,43179,57630,92854,47 50 14,48 51 15,47,48,63,64,16
qseq_dc50b514d2b1f370,locked_test,length_64_gap_16,qcluster_locked_test_0011,qbank_locked_test_066dd1f657c3,137656 16464 91603 7581 149640 65894 2497 66964 112517 1118 47789 127459 15598 74846 96899 45329 49140 108518 26094 37765 105817 131701 25049 32835 137313 47756 75722 13906 35083 31992 136144 11298 3526 57292 80655 53147 103987 88233 52860 85620 57590 56856 92282 107343 128804 63212 92823 51386 99696 105531 76404 16319 123074 83167 146812 65366 116842 130850 22892 116016 23086 24277 66586 51386,99696,112517,83167,47 7 52,48 8 53,47,48,63,64,16
qseq_dda6aaefdfb44a66,locked_test,length_64_gap_16,qcluster_locked_test_0012,qbank_locked_test_066dd1f657c3,124576 131786 33404 132312 62839 82701 20640 12110 145946 121375 26337 121079 19155 91539 125471 111328 31438 55040 32821 25101 12031 109390 119471 67592 28829 5988 41884 65047 127941 26508 129956 139055 46646 13326 67129 72884 87900 9392 54142 39682 87013 92191 89568 13906 53872 9118 3756 111879 74036 86362 103551 127544 146734 122122 131921 88473 143391 72994 37260 54595 21728 11367 40494 111879,74036,88473,131786,47 54 0,48 55 1,47,48,63,64,16
qseq_8ce689f12046bfaa,locked_test,length_64_gap_16,qcluster_locked_test_0013,qbank_locked_test_066dd1f657c3,36066 35703 40619 61855 34558 68659 20652 71265 44182 100613 7838 130877 20872 107146 102646 143348 106976 123226 93832 71640 42481 37384 83127 101686 117222 148019 97101 69941 32489 111616 62188 126593 13990 72722 149689 41860 46883 96486 61446 36296 56577 129038 13131 141249 143391 39484 7031 97299 68625 114808 147882 124935 30773 32821 144889 49735 141692 79733 33295 149368 95845 113796 38560 97299,68625,36296,68659,47 38 4,48 39 5,47,48,63,64,16
qseq_4a1ada3956bdb664,locked_test,length_64_gap_16,qcluster_locked_test_0014,qbank_locked_test_066dd1f657c3,820 138619 83546 16699 107556 29492 52345 7559 73851 13326 100490 76353 7188 32428 50794 117660 76684 13264 99043 17268 13496 149670 72866 742 29175 54476 12897 64915 97911 2782 93084 88832 14905 97913 41738 100981 106934 97092 69018 127729 32176 23834 125606 146974 123358 3141 135257 52568 136415 80352 146734 53780 85186 57540 107343 14574 27718 36899 36345 40405 31294 38554 148156 52568,136415,127729,3141,47 38 44,48 39 45,47,48,63,64,16
qseq_bcc34f8a9f6bc813,locked_test,length_64_gap_16,qcluster_locked_test_0015,qbank_locked_test_066dd1f657c3,82986 69937 12793 2782 63905 24891 51164 14105 116981 131899 20471 12007 49148 62801 143566 82701 103540 78244 86893 73125 88087 89585 8237 88953 37765 136776 31300 103784 142417 22923 48207 71689 45998 12639 132270 148371 136378 5054 113925 21551 97043 44681 143751 72959 145441 120341 34578 149356 100207 113640 87191 30686 84043 97718 140779 86433 142332 42946 63244 110656 32253 84657 3699 149356,100207,136378,22923,47 35 28,48 36 29,47,48,63,64,16
qseq_9d7244141d0f20cc,locked_test,length_64_gap_16,qcluster_locked_test_0016,qbank_locked_test_066dd1f657c3,61024 46976 30773 9249 75432 126543 83369 81803 11298 141564 27914 47751 82772 31438 101693 31939 93170 84711 76837 7838 99775 113102 32127 55554 117466 19056 127953 120986 122152 47470 67148 144010 123219 144029 127544 54488 142414 37840 78829 51763 94654 47825 27798 33131 6016 5491 26075 80536 115654 60032 71048 147882 6451 72454 41172 33404 119471 54598 102325 129223 51929 80997 118375 80536,115654,47470,41172,47 28 53,48 29 54,47,48,63,64,16
qseq_2a373cbae8135f1b,locked_test,length_64_gap_16,qcluster_locked_test_0017,qbank_locked_test_066dd1f657c3,109130 5676 97911 60762 110213 10144 11076 89894 564 132660 39484 101814 133187 147406 38048 112522 63775 67339 114548 145676 61024 83699 117017 99139 112517 55658 47875 41525 56607 52081 3700 124576 88683 127247 113263 80616 98950 133778 17766 129895 4053 91038 45600 145366 84814 29492 34758 48600 41026 43431 12511 133259 93510 66405 40440 24633 69057 37233 33969 117442 18073 140286 116778 48600,41026,67339,112517,47 16 23,48 17 24,47,48,63,64,16
qseq_0f6358d2a58a5934,locked_test,length_64_gap_16,qcluster_locked_test_0018,qbank_locked_test_066dd1f657c3,77008 122707 115316 96277 88301 85774 71078 62895 149009 105667 91397 125489 113230 63341 144742 91054 143889 133778 119250 117270 129466 27125 78766 77535 61598 49899 75963 3380 78097 19751 15395 43949 137780 61051 113306 87298 48091 19236 32292 517 39543 47861 102325 98778 69783 88233 5802 141275 59016 111173 148996 25049 40569 105817 131292 135049 72884 101278 84037 53988 117055 108924 59045 141275,59016,47861,105817,47 40 52,48 41 53,47,48,63,64,16
qseq_dff3742a76aefd95,locked_test,length_64_gap_16,qcluster_locked_test_0019,qbank_locked_test_066dd1f657c3,88214 134279 111764 131722 101266 108412 95040 144996 54598 136154 604 28284 24808 6111 84709 125158 82761 5306 8237 113292 38761 21869 100537 80352 23312 43676 7188 55586 15117 65102 144724 126090 79230 89918 146743 32421 109416 71064 25710 27806 108494 37701 83503 76861 144510 112321 89948 137728 865 145256 12606 14752 65771 57812 38217 69057 32253 43933 55040 122601 119032 69334 111182 137728,865,84709,100537,47 13 21,48 14 22,47,48,63,64,16
qseq_4c3a2c7cd5701237,locked_test,length_64_gap_16,qcluster_locked_test_0020,qbank_locked_test_066dd1f657c3,124869 79136 89281 75032 135543 29318 32330 123219 120286 44723 34730 134057 39484 43179 111183 27841 135934 42904 64502 32428 127544 118342 115127 73701 86091 49899 60144 57735 53147 36006 144868 77580 94515 62958 50106 112129 73515 131037 130156 130129 85247 102851 56607 9517 113925 33180 44845 142079 122909 135424 94879 129796 58998 98539 96159 34330 116991 32871 31591 80296 53701 63570 21691 142079,122909,144868,115127,47 29 21,48 30 22,47,48,63,64,16
qseq_682256282a95dd7e,locked_test,length_64_gap_16,qcluster_locked_test_0021,qbank_locked_test_066dd1f657c3,99143 17246 85823 138866 138095 143287 41146 144160 131892 58117 26505 74432 29438 49148 90532 79204 123731 112642 118795 12328 118342 39668 58537 75929 148432 114610 22619 62110 85364 33654 56196 33667 91603 20471 100207 47624 132111 151099 71629 48201 36710 13927 39667 132365 60144 45210 79738 20841 137849 66387 88356 56797 73787 25789 44907 54595 39682 117760 120888 72184 66546 16699 71603 20841,137849,66546,132111,47 59 35,48 60 36,47,48,63,64,16
qseq_45096a8c1051855f,locked_test,length_64_gap_16,qcluster_locked_test_0022,qbank_locked_test_066dd1f657c3,13509 120341 7143 109739 138827 46216 27234 102208 12110 95596 50371 60361 43349 42147 38263 110213 129371 95404 1630 135121 16166 101499 10627 47544 148341 4146 24808 146743 8434 141227 34113 11619 79733 16246 126038 88530 91038 104690 2709 51207 137048 141762 136614 97870 67624 14778 149535 120808 112522 72048 93475 77221 85533 71603 24902 119069 130156 131892 114559 65402 135330 29139 84582 120808,112522,114559,24902,47 57 53,48 58 54,47,48,63,64,16
qseq_2461f6163bbd5fe5,locked_test,length_64_gap_16,qcluster_locked_test_0023,qbank_locked_test_066dd1f657c3,90207 76119 96998 55986 140976 146059 149062 46881 47447 64230 47861 79289 58608 81409 138101 15117 72184 131263 138526 139734 93582 23097 120385 50093 75963 64020 148746 130850 92381 137834 148564 16649 95396 19236 12793 67851 104337 67193 45980 138978 36195 119032 30658 85498 104121 134111 123805 46374 59798 149837 39423 138158 12239 105419 19350 65120 129182 123214 74297 59844 117363 103366 104843 46374,59798,64020,137834,47 24 28,48 25 29,47,48,63,64,16
qseq_a8647da7f32d5441,locked_test,length_64_gap_16,qcluster_locked_test_0024,qbank_locked_test_066dd1f657c3,108274 43433 12794 121018 106711 5063 75063 64230 93591 142883 57812 69535 55808 125411 114433 73301 63570 43584 37156 138619 115105 141969 96545 78244 98736 125471 112289 52594 27678 96584 128519 80536 55554 66047 34302 77564 45125 61598 113854 113292 96834 77079 24888 36163 103150 24655 130337 121353 93961 87670 91015 52860 44964 56185 95040 50491 15139 89585 125081 50106 63341 32994 69347 121353,93961,15139,5063,47 55 4,48 56 5,47,48,63,64,16
qseq_84901e45b209a626,locked_test,length_64_gap_16,qcluster_locked_test_0025,qbank_locked_test_066dd1f657c3,82986 8507 135674 76591 49140 74810 58704 30219 93434 32898 47552 89723 127233 108099 67973 140141 91015 75490 86558 45916 14105 100323 104486 9418 137744 91397 149689 39486 19844 54154 21304 50364 19884 56266 41844 88730 46216 47861 62043 49094 101515 111718 28847 62839 131161 52594 90782 98184 57358 110866 122421 31653 33295 104447 74560 148371 49690 22923 137158 54141 29420 57425 77580 98184,57358,62043,57425,47 37 60,48 38 61,47,48,63,64,16
qseq_bf39379ec89b1dfb,locked_test,length_64_gap_16,qcluster_locked_test_0026,qbank_locked_test_066dd1f657c3,31123 58163 108788 150676 148454 111005 129796 83461 16262 123910 89918 145573 5988 146099 122676 19155 58537 17245 26642 138495 4340 93719 120168 13422 26505 54598 22021 61037 91659 60717 76526 30279 60835 83710 82761 34742 82273 41657 137747 27266 59045 104447 55808 14966 110141 114140 44222 128754 4266 79738 19641 29438 134057 43043 112517 2465 107517 111183 136776 60880 51908 46779 37109 128754,4266,76526,26642,47 29 17,48 30 18,47,48,63,64,16
qseq_b73120bbcd9bed6e,locked_test,length_64_gap_16,qcluster_locked_test_0027,qbank_locked_test_066dd1f657c3,103150 136802 3547 123358 89714 144223 63244 99043 116340 13851 51183 123843 19415 123773 40682 146974 101645 23608 79738 150850 69644 75342 84405 96277 85364 55420 46731 89042 57138 7775 92665 71606 45162 131116 8237 54857 37701 10971 89918 865 13886 148195 55808 84711 29814 41433 72706 70523 36090 69420 84383 67193 49936 37409 9421 57812 135934 6111 52831 10573 132219 57391 103377 70523,36090,84383,148195,47 49 40,48 50 41,47,48,63,64,16
qseq_e85f9689e40eb175,locked_test,length_64_gap_16,qcluster_locked_test_0028,qbank_locked_test_066dd1f657c3,3127 134825 5491 29458 79851 4772 94879 63442 107769 103636 130532 143345 34074 25609 54318 43378 84350 135261 62170 146564 63341 90895 108778 131282 54398 18132 146033 39484 150897 67155 78293 54339 143596 13990 150242 122730 102777 27886 54476 44545 96379 34862 15087 60717 144541 48105 40258 32330 101125 30885 62146 23359 45075 63905 149650 69783 29814 35993 98399 113114 105248 50677 78462 32330,101125,54318,108778,47 13 21,48 14 22,47,48,63,64,16
qseq_2cc7638e021caf56,locked_test,length_64_gap_16,qcluster_locked_test_0029,qbank_locked_test_066dd1f657c3,30632 55353 112483 69691 109416 132779 4211 63244 98184 68109 145906 39797 80588 89049 54474 80768 114945 114159 43433 145754 133948 42023 7761 109547 27947 36345 144724 146616 142531 135257 91843 110354 145911 13247 43431 25242 74521 132365 113320 24868 81300 54648 51929 79380 72912 12606 131786 57524 41146 147778 6314 124089 67527 93324 28834 35849 48062 34398 91174 82772 47776 145041 36956 57524,41146,54474,27947,47 13 23,48 14 24,47,48,63,64,16
qseq_ea8d1573c48f89ca,locked_test,length_64_gap_16,qcluster_locked_test_0030,qbank_locked_test_066dd1f657c3,72840 84711 123843 5510 85636 39667 145573 105219 142476 117162 145256 97354 119837 47624 10846 120778 121511 10579 9383 133335 34469 115980 54315 135543 97786 137158 17671 14795 144002 32421 111616 24891 108412 115928 84311 104455 62625 57652 34730 40728 113684 33476 35083 61931 110287 143625 150676 118887 41393 7836 82096 47108 88087 145168 22905 38231 27579 107773 19658 131263 141675 26480 140126 118887,41393,108412,107773,47 31 56,48 32 57,47,48,63,64,16
qseq_44a6c1010acda168,locked_test,length_64_gap_16,qcluster_locked_test_0031,qbank_locked_test_066dd1f657c3,41847 91672 52290 8921 96952 14222 143511 109910 127510 89442 97929 94503 94992 23312 119936 5275 4327 32408 40569 81082 5492 37765 65787 82657 86373 40130 119562 68740 119797 32148 13326 82761 132120 1472 46477 149945 137313 41146 125437 108929 72121 17337 20231 2421 38694 135330 55554 60263 119685 102412 94728 61666 6016 22294 123358 104486 95974 4211 121511 131276 72887 4053 43481 60263,119685,38694,119936,47 43 13,48 44 14,47,48,63,64,16
qseq_519e3252d5035d66,locked_test,length_64_gap_16,qcluster_locked_test_0032,qbank_locked_test_066dd1f657c3,74846 94515 92477 148146 137570 30496 147684 146254 51116 7763 34609 34302 43063 100855 119032 61744 112517 97122 23089 118751 73564 67942 126786 23801 35383 59016 33708 68465 3127 78497 35420 130129 58704 16100 149025 64020 51036 3449 36298 122383 136049 19188 43349 43335 17667 31176 91206 20522 133765 4952 147778 26544 19450 77591 69334 80352 64987 33131 35522 139012 149231 118310 5205 20522,133765,35383,30496,47 23 4,48 24 5,47,48,63,64,16
qseq_856866da45b337e6,locked_test,length_64_gap_16,qcluster_locked_test_0033,qbank_locked_test_066dd1f657c3,19020 12301 149432 73564 133580 129451 108741 116293 47845 145759 53775 4797 79380 133386 66566 73701 37617 12650 144706 13098 116244 111764 12794 39543 48827 67783 132785 121839 89323 135257 12947 18331 123143 12052 102325 54463 65545 55581 61931 87330 84075 33206 43939 24277 108269 148126 126543 673 66111 6277 26071 151421 113001 52594 91843 30635 131350 40565 37117 108118 87670 87288 111879 673,66111,113001,37117,47 51 57,48 52 58,47,48,63,64,16
qseq_c9d37a9e279d1100,locked_test,length_64_gap_16,qcluster_locked_test_0034,qbank_locked_test_066dd1f657c3,65462 120888 124643 87330 149051 149477 25432 21629 55820 32377 60353 125395 102905 59045 111224 109367 46939 118605 145754 138539 146357 86278 142878 99824 25384 79136 19415 106283 9991 80104 121122 69586 42904 96226 17516 79733 23278 119936 96486 136802 93162 9615 24261 139442 7582 30661 22368 112662 109455 40970 127247 16654 142093 5879 68039 106976 50729 88730 22486 71606 7143 67976 139759 112662,109455,120888,106283,47 0 26,48 1 27,47,48,63,64,16
qseq_e4df24c41b098efa,locked_test,length_64_gap_16,qcluster_locked_test_0035,qbank_locked_test_066dd1f657c3,50371 69275 71078 94736 106652 62493 94865 17245 135738 45125 141093 93053 20490 106194 80973 119282 30661 65378 95205 7592 42134 128120 77774 27845 71048 72164 104267 84605 96986 35849 1816 45029 46907 57890 70356 117266 9118 88922 26489 94503 148156 54460 63283 96834 114772 84559 19844 62076 13929 105419 81409 28834 71620 62487 46889 26071 151634 147882 119107 53030 73703 37178 18012 62076,13929,30661,96986,47 15 27,48 16 28,47,48,63,64,16
qseq_085720033919f549,locked_test,length_64_gap_16,qcluster_locked_test_0036,qbank_locked_test_066dd1f657c3,121664 123273 20959 90975 70254 63775 23179 82479 28284 105248 142079 60552 125006 45762 66566 53942 56199 37936 54476 88434 107773 141969 9991 104747 148999 100676 138534 43335 43082 13591 125274 139425 111182 93392 45980 145266 102257 47275 66511 100861 46615 18992 69190 19078 91539 137436 52618 67307 1681 144121 6111 22738 117266 129044 32994 33969 110280 129182 128655 55493 54398 7854 128131 67307,1681,117266,54398,47 51 59,48 52 60,47,48,63,64,16
qseq_e07858cc46978b0b,locked_test,length_64_gap_16,qcluster_locked_test_0037,qbank_locked_test_066dd1f657c3,25373 5935 127953 16849 122421 46976 114344 14003 13422 88959 62895 16268 43599 74068 135762 36480 31491 43177 67339 53913 120677 8114 65441 9979 96226 19751 1097 79738 70070 6715 115073 74291 66096 148221 121857 32170 96161 149675 124089 41026 106711 125158 61836 138805 58280 8224 104690 51101 51145 31181 73350 90971 109200 49327 71064 144696 72121 1118 150676 61161 5802 132325 114159 51101,51145,46976,5935,47 4 0,48 5 1,47,48,63,64,16
qseq_819cc6fc065d7733,locked_test,length_64_gap_16,qcluster_locked_test_0038,qbank_locked_test_066dd1f657c3,74257 12511 17277 26143 10846 37936 16319 9418 141683 45125 86694 30279 74432 75782 72188 39351 102362 23603 91229 68349 39832 83714 122676 71374 85817 57939 43823 46731 131859 119936 131350 43419 57590 135765 65047 146071 7143 111879 122421 100327 142652 129256 39513 20278 31950 112926 45600 80104 94531 135738 72866 15395 131491 136049 25766 139012 149246 7448 29779 150850 4559 87330 117222 80104,94531,17277,75782,47 1 12,48 2 13,47,48,63,64,16
qseq_bb792046ebe07a6b,locked_test,length_64_gap_16,qcluster_locked_test_0039,qbank_locked_test_066dd1f657c3,121337 86340 29105 14833 51958 59474 143195 93104 44182 127443 149025 125158 4398 9418 98158 18731 110852 12097 87298 80768 73944 85823 53980 23834 127233 116981 98308 101082 9920 116991 138473 76012 5988 100749 63895 116863 115898 124791 121995 147083 135934 77432 33538 140510 25049 127153 96584 23513 33992 44964 38499 96650 83968 148703 101686 105073 132370 39147 65047 36163 22368 119797 104269 23513,33992,148703,101082,47 52 26,48 53 27,47,48,63,64,16
qseq_c202ee8c17591774,locked_test,length_64_gap_16,qcluster_locked_test_0040,qbank_locked_test_066dd1f657c3,61446 139339 150710 93282 84137 78487 39348 61963 103636 137219 39236 97425 4505 2465 14344 119562 66848 47875 3127 65894 90782 114247 120758 53855 41172 148463 92923 86758 140914 46901 124089 108269 64100 129820 34558 148117 53980 40120 94728 112182 86910 107858 148000 34163 112026 127050 5205 67150 93084 113925 75186 116743 19803 51349 35390 41847 74614 5740 48037 58776 111810 51608 144410 67150,93084,148463,84137,47 24 3,48 25 4,47,48,63,64,16
qseq_c6a7f92be377f553,locked_test,length_64_gap_16,qcluster_locked_test_0041,qbank_locked_test_066dd1f657c3,33074 14981 102064 136089 30658 63984 66405 5063 74546 80868 38217 61432 80865 57752 97043 103366 69644 127060 6314 20278 151036 49478 87330 138866 19906 135079 6433 37524 122097 84765 120269 84960 139576 57648 125081 91397 131161 88788 84702 149395 66490 4910 111173 106711 104447 34398 136236 84615 16603 58776 109188 83714 97122 123845 55650 109820 14548 133645 37762 84559 83503 90782 125935 84615,16603,127060,149395,47 16 38,48 17 39,47,48,63,64,16
qseq_87c39f451e3659cc,locked_test,length_64_gap_16,qcluster_locked_test_0042,qbank_locked_test_066dd1f657c3,47544 144510 120286 140571 20231 69188 97911 14002 89948 16021 41146 44405 88832 46030 105667 84019 138512 36066 125006 37156 84814 67139 78019 37150 69783 6101 148117 40682 7135 62598 144996 85636 81108 38560 144541 130854 133227 6715 104174 13851 16213 23179 87782 143195 104880 129207 72184 83503 4067 7188 147882 33905 127502 120453 77591 65441 1008 122545 143860 93516 68176 73223 84474 83503,4067,20231,93516,47 3 58,48 4 59,47,48,63,64,16
qseq_28ce67ac4575a17e,locked_test,length_64_gap_16,qcluster_locked_test_0043,qbank_locked_test_066dd1f657c3,94515 59147 24409 96093 14344 111764 127835 129796 27125 87836 38048 72163 42904 96151 78487 39134 86604 61686 32253 4211 61908 5988 108930 54475 97533 40675 120888 90178 126020 85498 108929 92477 136626 19078 145203 73797 137364 109820 147379 148142 89104 77432 22653 5102 111743 17390 94654 119268 102362 38851 147102 114554 14276 66437 73817 145634 70808 135543 11619 35170 84615 121121 27234 119268,102362,14344,73797,47 3 34,48 4 35,47,48,63,64,16
qseq_5c6d17bb45a1da8c,locked_test,length_64_gap_16,qcluster_locked_test_0044,qbank_locked_test_066dd1f657c3,123273 133335 125802 78226 77568 55785 24277 143566 83818 69334 84075 109188 83503 109820 41026 104602 40919 71640 46122 133287 116853 27580 11393 40064 66515 149025 123843 127443 89714 24283 122421 53507 40565 102426 56797 119177 94531 110213 102905 14129 88832 140914 129207 42904 109030 118681 131899 50597 31093 130910 108269 97533 42695 141227 81156 2409 48630 59776 99043 139430 43933 16307 120168 50597,31093,27580,109820,47 20 12,48 21 13,47,48,63,64,16
qseq_0c23f4e419ef8bb4,locked_test,length_64_gap_16,qcluster_locked_test_0045,qbank_locked_test_066dd1f657c3,91249 93084 108436 112488 54488 2560 41172 116672 63641 19020 59774 65377 106054 6109 99774 112043 145794 55392 125904 110725 13543 107886 145266 54080 113737 8264 39484 5013 123845 37279 46927 66848 116293 32428 117678 52831 103314 36956 15103 106280 96206 38190 517 63898 148899 62958 29105 86287 67950 77349 137849 31176 33635 37617 135052 47861 61318 73026 149051 136776 58956 102893 46775 86287,67950,46775,52831,47 61 34,48 62 35,47,48,63,64,16
qseq_3b892d590b2a2bbf,locked_test,length_64_gap_16,qcluster_locked_test_0046,qbank_locked_test_066dd1f657c3,137768 49936 70803 31653 62188 142921 25108 36766 33538 141114 134081 122545 106377 42527 47776 23513 6710 63376 116991 136826 6827 49981 79957 32994 75618 10280 57272 103398 36195 32835 44586 88922 5690 92180 118375 110514 78097 123358 3699 114823 86694 31211 36996 101938 146099 45558 90532 32020 101125 517 41993 40523 55820 83826 61931 93591 36236 98158 29492 57939 58440 24723 124239 32020,101125,24723,29492,47 60 57,48 61 58,47,48,63,64,16
qseq_edae811f1c5b6147,locked_test,length_64_gap_16,qcluster_locked_test_0047,qbank_locked_test_066dd1f657c3,54398 3558 122122 9615 116842 63857 117270 31181 26505 65462 36901 30686 12110 78679 138526 143751 117458 148312 19490 105219 32007 40003 89351 18517 101266 16262 100191 151328 89551 138349 125411 118682 74521 135816 37524 50458 96998 49564 49981 41657 117397 47951 104904 117108 80045 78019 67467 108436 88059 10521 138277 140779 69783 49755 144102 63552 16100 131398 62000 44776 150774 28655 118559 108436,88059,122122,150774,47 1 59,48 2 60,47,48,63,64,16
qseq_30fabb160110c794,locked_test,length_64_gap_16,qcluster_locked_test_0048,qbank_locked_test_066dd1f657c3,94907 67624 97598 139442 4398 43626 21304 74825 121847 116939 140571 56910 138349 140721 148807 54598 51763 93282 97145 71374 116004 28829 100676 101684 63641 23746 91903 150681 139993 26567 77574 91015 68164 32127 37409 38554 118887 7386 76526 143566 62212 46897 68589 46905 86910 141275 105811 28929 66 103463 60833 52642 68765 6314 11178 82096 30885 61666 114576 95404 34609 43597 22773 28929,66,54598,21304,47 14 5,48 15 6,47,48,63,64,16
qseq_428ab89f35538827,locked_test,length_64_gap_16,qcluster_locked_test_0049,qbank_locked_test_066dd1f657c3,65266 19803 34333 134057 31531 73977 129796 93591 100139 84350 42641 30365 136154 134940 2073 39586 120888 42111 68282 114433 107006 30773 149397 123107 104339 53147 30658 31176 22842 72369 15783 49278 66591 5275 132312 118420 137570 104267 14331 47598 116132 79635 69784 37765 129999 109617 143188 50364 32330 19690 36300 125805 75929 102251 12650 30522 98873 21629 129723 148454 15103 69018 29828 50364,32330,31176,39586,47 26 14,48 27 15,47,48,63,64,16
qseq_2fa46b1a78a1c890,locked_test,length_64_gap_16,qcluster_locked_test_0050,qbank_locked_test_066dd1f657c3,26075 83869 57292 29828 94437 69954 35456 140401 138876 40326 94643 131157 84405 51114 5801 19658 120286 34302 57391 52536 118751 131307 136154 121360 62628 102064 91603 100255 124239 131949 4532 3547 77806 9383 97209 69644 77574 57141 63765 142332 55079 104112 51036 27922 44733 104642 54275 29554 64767 71298 67059 103551 44681 47275 107556 27579 38231 19020 74234 16820 64996 39893 17170 29554,64767,120286,47275,47 15 52,48 16 53,47,48,63,64,16
qseq_40fa12d023506353,locked_test,length_64_gap_16,qcluster_locked_test_0051,qbank_locked_test_066dd1f657c3,135329 54515 4053 62278 66964 148925 40051 61286 20231 132325 88233 91563 83699 145599 90532 51688 78346 2782 10144 807 42795 6827 120758 144510 85774 64985 20734 6152 45693 2709 36296 65342 43818 119039 34349 114772 52568 128541 134111 99033 29554 75342 96486 43676 24409 56266 102851 88626 66010 46905 133984 80127 37840 29139 94153 115316 85305 43419 99028 109399 106331 59147 60880 88626,66010,145599,2782,47 12 16,48 13 17,47,48,63,64,16
qseq_04f231246429a70a,locked_test,length_64_gap_16,qcluster_locked_test_0052,qbank_locked_test_066dd1f657c3,46216 143195 63212 94290 107343 24888 25609 86893 143396 49121 80961 47845 2723 72140 31005 83251 91367 62839 66187 95473 81803 90782 25384 88401 116248 27432 21229 26597 108155 88900 132111 124358 24808 1118 78226 149837 14833 13859 93510 96159 74229 103377 26681 77591 119471 140976 76690 141805 126038 53030 6942 62464 138619 50106 59774 51361 31754 65472 80635 21869 35438 44742 57812 141805,126038,103377,119471,47 40 43,48 41 44,47,48,63,64,16
qseq_ba800771749555e0,locked_test,length_64_gap_16,qcluster_locked_test_0053,qbank_locked_test_066dd1f657c3,13871 82799 47872 149604 119177 37156 44953 76591 94638 21841 118795 68164 34330 20231 118652 3526 112524 77730 50677 7717 31300 61718 97911 87296 86622 6670 74820 46030 102257 124948 79136 133335 127986 108930 13143 115247 74983 63187 24891 35849 46937 50509 49936 46931 52961 62146 20509 133151 40523 135186 94643 56345 141960 43676 57482 12511 140742 55785 53913 84907 111086 116021 18711 133151,40523,74820,31300,47 25 19,48 26 20,47,48,63,64,16
qseq_98e63dedd3dc86e0,locked_test,length_64_gap_16,qcluster_locked_test_0054,qbank_locked_test_066dd1f657c3,132111 39667 62390 84605 93439 43059 31352 71250 87711 121360 42641 16012 7188 22506 147102 31669 79119 139055 5801 93961 33404 56012 137652 72140 9421 17384 146953 116740 86806 50326 131477 606 54509 5054 3982 122122 76978 110213 106054 16155 38593 117368 6323 22021 101517 100200 140682 118887 64767 78487 97092 73819 76307 92542 105021 102682 148142 130045 25108 50106 149759 139979 128655 118887,64767,42641,106054,47 9 37,48 10 38,47,48,63,64,16
qseq_3c753d755b6bd9ba,locked_test,length_64_gap_16,qcluster_locked_test_0055,qbank_locked_test_066dd1f657c3,120269 35354 117363 89281 33405 105233 106280 24780 93170 82479 67851 93640 120677 18517 43431 109400 129993 4532 102646 133578 1630 68589 125384 79136 85367 129256 141032 71090 36016 141216 107355 46927 104747 127988 122909 81628 103097 118473 13480 851 89223 109114 44812 90307 148371 72454 52805 87711 102325 89773 18331 18047 115494 108498 80104 2421 127060 116244 93591 90565 26109 25645 14105 87711,102325,117363,90565,47 1 58,48 2 59,47,48,63,64,16
qseq_d4fe663578495da2,locked_test,length_64_gap_16,qcluster_locked_test_0056,qbank_locked_test_066dd1f657c3,140682 122383 102814 53126 138095 57292 55986 33295 126038 57890 31950 49690 42641 34333 29554 54589 3449 126462 46122 129451 149837 29081 77617 108118 9657 139453 21950 72788 15079 119796 140397 134826 20933 145069 80868 45237 60670 114753 53507 78253 140126 19690 19751 1405 73380 22124 84137 117442 73473 54318 54601 59318 67339 133227 114823 85498 141275 138876 66 43212 142471 38593 72450 117442,73473,149837,67339,47 19 51,48 20 52,47,48,63,64,16
qseq_2201364b56804e89,locked_test,length_64_gap_16,qcluster_locked_test_0057,qbank_locked_test_066dd1f657c3,53760 77432 93133 59474 143712 3699 147873 48600 56607 101645 24891 13490 14981 30805 11281 117535 142921 50407 16262 136827 73946 46146 89049 147035 101082 4532 11886 95974 3905 31181 107110 70303 19415 42200 43626 88473 89219 55239 2465 120677 11673 81820 101517 36766 132699 101630 125996 113114 109501 46016 96230 29779 54006 66566 124643 99226 122833 27234 13886 90367 104033 1405 71692 113114,109501,43626,147035,47 33 22,48 34 23,47,48,63,64,16
qseq_f32acb4fd578850f,locked_test,length_64_gap_16,qcluster_locked_test_0058,qbank_locked_test_066dd1f657c3,145911 147057 18132 39484 4340 97815 107006 143677 23312 11673 47598 59798 30773 116981 138158 85063 85533 138619 90169 62626 116132 149397 31393 112289 5906 101686 53082 130637 105811 51737 39147 119069 45036 144898 118473 89551 54154 54080 10462 105083 91603 44549 38048 9360 133765 59147 13509 88730 108274 16246 101590 82701 13543 55637 64767 26337 54733 12001 54475 47256 49899 73473 20327 88730,108274,44549,53082,47 40 25,48 41 26,47,48,63,64,16
qseq_d64b0f696a9973c9,locked_test,length_64_gap_16,qcluster_locked_test_0059,qbank_locked_test_066dd1f657c3,107858 54211 140721 60728 136776 46341 77652 117368 137942 30279 151542 144031 146773 17245 95834 121079 101686 9347 99824 72987 124948 53185 120778 97747 43063 111073 19954 86795 142414 143391 40728 49695 116724 58764 118732 53030 12897 118681 67193 120960 90663 77553 17277 79710 65266 96226 22659 115024 81803 2409 53699 143677 956 120159 28990 83369 44050 97354 54154 13281 138681 139576 39543 115024,81803,140721,86795,47 1 26,48 2 27,47,48,63,64,16
qseq_e6ef372c158d52f3,locked_test,length_64_gap_16,qcluster_locked_test_0060,qbank_locked_test_066dd1f657c3,3526 129371 89714 55451 131161 63211 47544 27922 134057 115024 60633 78620 72091 82260 2504 6451 60360 102851 45600 61318 61037 151099 143287 48020 107886 56910 31992 110466 46185 108274 94140 49212 3141 107769 115980 54236 62464 24409 101630 5988 87782 109739 59318 47396 32148 142471 61836 62490 102362 58537 12543 15843 7592 63570 142878 136827 22506 114576 148117 71795 106381 97533 77432 62490,102362,32148,31992,47 43 25,48 44 26,47,48,63,64,16
qseq_912f5f2e1fe7e622,locked_test,length_64_gap_16,qcluster_locked_test_0061,qbank_locked_test_066dd1f657c3,105421 144541 41172 55582 135996 105172 31352 35354 75963 91229 27012 145794 59912 61655 8848 74741 118375 128539 33131 138629 22506 140154 34261 38593 138512 54475 78449 16856 10280 2465 78766 85119 25789 61074 47598 121504 108788 20490 24283 72374 146099 45898 78717 58105 91863 41026 138827 6838 73787 35162 31389 136776 136614 104044 27436 109400 93475 110280 55148 104267 132370 42902 71692 6838,73787,47598,38593,47 33 22,48 34 23,47,48,63,64,16
qseq_8612fc768680433e,locked_test,length_64_gap_16,qcluster_locked_test_0062,qbank_locked_test_066dd1f657c3,98190 40405 64987 84377 26885 94865 89879 13136 96609 9392 98539 116853 99337 11076 51908 44731 127510 78513 145441 111005 127980 93961 101938 134627 85305 23834 59887 106368 84335 109505 5492 89323 34579 41899 1816 83794 86744 122421 92191 21551 132111 89042 93832 89773 72454 49564 43823 63723 74820 62636 20767 70761 131157 140412 40326 91539 121375 91053 100057 33905 144868 34302 22816 63723,74820,93961,121375,47 20 55,48 21 56,47,48,63,64,16
qseq_5cf2a527d8989faf,locked_test,length_64_gap_16,qcluster_locked_test_0063,qbank_locked_test_066dd1f657c3,29108 34776 118835 51349 100139 1008 4910 78454 100793 62464 83022 22533 69954 59251 119936 83818 93392 71609 22816 73564 121337 13929 7091 111061 114559 144122 100861 89104 96584 10636 14398 103314 100427 61730 87900 121325 133501 20327 51460 70166 46024 77007 7187 72061 77580 745 60633 72706 132486 118334 40440 42147 7342 146059 9118 88730 49665 117678 45998 146016 148467 46775 15843 72706,132486,100861,20327,47 25 36,48 26 37,47,48,63,64,16
qseq_ed76628ab8e308e4,locked_test,length_64_gap_16,qcluster_locked_test_0064,qbank_locked_test_066dd1f657c3,89323 117335 94879 138876 19236 24358 99639 57540 61785 138473 4909 66991 50813 66131 51116 40440 111183 44681 41844 46477 138821 17853 62626 45898 83513 95404 9935 98778 11673 84765 139109 7724 81704 17998 16100 22368 104160 116021 49564 43597 127829 11737 83022 76919 12031 143860 40619 89260 100191 62057 93081 100248 142934 5801 1008 118586 11015 129796 127537 126462 113466 7836 127481 89260,100191,111183,104160,47 15 35,48 16 36,47,48,63,64,16
qseq_edc2120217ddda95,locked_test,length_64_gap_16,qcluster_locked_test_0065,qbank_locked_test_066dd1f657c3,43433 141114 56195 103398 73354 77574 36899 117442 125274 45943 38341 135257 118652 81300 123394 134488 117266 60728 4772 40990 41010 75442 30734 105811 103987 88473 41525 69691 54476 43419 142889 687 29318 73576 63895 149397 27616 11619 106832 55586 5143 15320 14344 150774 103355 94638 83794 38190 42527 138827 12623 102099 83869 91672 94437 3699 96230 138314 75138 54398 99907 86116 92625 38190,42527,99907,141114,47 59 0,48 60 1,47,48,63,64,16
qseq_c8a818807b56b2a2,locked_test,length_64_gap_16,qcluster_locked_test_0066,qbank_locked_test_066dd1f657c3,116743 119513 40796 76307 32428 90714 29438 121325 113125 3982 102851 83714 94290 103315 103398 84957 15360 61908 129993 89281 61432 80868 51361 46735 21304 23327 91563 1097 98146 145949 55586 43491 62839 15530 63211 20302 142878 48838 90984 124948 137219 69018 2497 23179 54318 133677 42107 5879 125006 39348 22909 11473 74512 93180 94663 83056 78244 42904 67783 16736 96545 88959 73817 5879,125006,94290,133677,47 11 44,48 12 45,47,48,63,64,16
qseq_ba9e3a380ada5f5b,locked_test,length_64_gap_16,qcluster_locked_test_0067,qbank_locked_test_066dd1f657c3,33708 26642 113741 61994 103104 51737 96206 135543 24414 47845 87298 6865 138495 67829 104038 68607 68176 144002 65896 81628 88832 35550 95925 102777 31300 118611 29105 144868 116223 12443 100855 90549 35438 48037 51386 75138 81409 116132 139734 35977 35456 145216 142079 47798 3380 32377 44380 67528 9479 30145 70356 112522 39784 16856 124239 46881 30219 62895 149397 13136 139055 65462 76404 67528,9479,65896,67829,47 17 12,48 18 13,47,48,63,64,16
qseq_f070deac0abbfa6f,locked_test,length_64_gap_16,qcluster_locked_test_0068,qbank_locked_test_066dd1f657c3,1008 46897 54476 147086 78226 3911 27295 29108 148467 39147 57015 43230 18156 20327 57111 108250 136821 44419 66313 57272 62057 45969 65402 91860 37762 29139 36016 24454 59236 63187 87262 104880 11660 62801 47926 117202 144889 90367 83826 1422 16213 108118 145441 38080 17998 57890 148146 16654 21728 102687 32176 62076 46146 11673 143287 58431 129235 145983 87782 138473 63857 56199 132219 16654,21728,38080,91860,47 42 22,48 43 23,47,48,63,64,16
qseq_325eefd45d242377,locked_test,length_64_gap_16,qcluster_locked_test_0069,qbank_locked_test_066dd1f657c3,56195 43774 27841 25108 85620 70633 139453 46641 34344 108929 47592 82620 54142 39797 2934 20327 117363 129820 108840 80865 133870 131157 606 37765 9354 42721 11619 20734 136897 62899 32591 30423 29108 72091 55637 81409 41884 89714 68765 21070 134057 63187 81889 130637 128655 69954 76837 67851 97815 68025 34074 48201 87711 72688 45952 126708 9580 55079 73863 46227 21092 21869 4909 67851,97815,136897,76837,47 27 45,48 28 46,47,48,63,64,16
qseq_c5d3a93429b03116,locked_test,length_64_gap_16,qcluster_locked_test_0070,qbank_locked_test_066dd1f657c3,5838 34303 62282 145266 101515 40064 58105 15843 105286 89109 93180 20652 62504 570 88669 21691 77676 42902 6210 28990 141716 70356 49709 29638 66964 16699 72884 127541 150339 116340 51310 141032 99043 75618 47615 50326 109820 79204 56913 97431 69601 101499 97312 99534 104762 146033 47789 117290 30646 100490 104719 145366 82381 34357 68589 124382 5802 104112 109130 93434 99774 117211 133187 117290,30646,101499,15843,47 40 6,48 41 7,47,48,63,64,16
qseq_a0a9af165bba12af,locked_test,length_64_gap_16,qcluster_locked_test_0071,qbank_locked_test_066dd1f657c3,60144 126954 74234 47119 142531 90549 742 105040 119409 76693 19415 147406 3127 116293 63641 104145 59824 33600 136415 108024 16144 52594 39423 48091 122071 148371 93980 147343 85774 82986 139442 133124 44050 144742 46185 116778 69018 42789 117202 45895 148463 60464 88059 123358 101697 32965 17516 76861 7761 27234 31438 123107 96952 140738 79380 128131 73380 60417 93443 84377 89104 110852 145909 76861,7761,3127,136415,47 11 17,48 12 18,47,48,63,64,16
qseq_ec65266d00c49f58,locked_test,length_64_gap_16,qcluster_locked_test_0072,qbank_locked_test_066dd1f657c3,141585 89568 11367 90549 9354 3127 85186 83699 69347 70419 36006 126347 67511 18156 55554 87296 10462 101793 51349 131398 61666 98184 115664 59924 89894 55765 78497 57752 80399 145069 84137 16189 73603 88233 21841 42786 5906 110380 10943 84973 51435 32176 99603 141227 40574 91860 5275 65127 71795 24780 15783 147660 33732 100323 73701 36722 111061 8921 23740 70523 62043 120547 76116 65127,71795,23740,90549,47 57 2,48 58 3,47,48,63,64,16
qseq_84f33e8b2705affe,locked_test,length_64_gap_16,qcluster_locked_test_0073,qbank_locked_test_066dd1f657c3,9392 48037 126249 129699 89723 116724 24409 124173 115664 3547 56909 53855 148195 60762 88832 90971 124791 37150 56990 101725 108250 129999 89948 62839 134066 97929 121079 86373 53780 41433 7582 52718 27841 116689 123225 143345 93170 71510 123358 101273 34697 127941 69615 36217 137728 58998 144846 60980 43419 101644 148467 75579 127846 38217 142613 147660 1405 7552 131949 145441 36499 78097 52081 60980,43419,3547,34697,47 8 39,48 9 40,47,48,63,64,16
qseq_b2ba8fcd466fa683,locked_test,length_64_gap_16,qcluster_locked_test_0074,qbank_locked_test_066dd1f657c3,142342 141675 77568 35351 125802 132785 63552 3700 148117 18244 6197 77676 12767 64020 8442 6441 25710 13157 49148 116689 118586 77349 104112 96486 111061 65366 131498 144073 75963 50402 120341 106194 118568 114605 149650 143195 31992 65047 34516 62170 47845 150774 13438 27579 22923 108062 127037 150681 110656 31438 131307 117498 80593 48630 85654 129182 133259 66313 57648 35849 13886 14454 4882 150681,110656,13157,4882,47 16 61,48 17 62,47,48,63,64,16
qseq_4d4e33d461dd7e5a,locked_test,length_64_gap_16,qcluster_locked_test_0075,qbank_locked_test_066dd1f657c3,107363 44681 100066 109455 32075 82183 63723 49695 122555 81082 31123 145041 47615 41393 97395 83127 106807 77079 103104 29105 86272 68456 122730 129956 118568 74521 18839 8848 51922 62106 6545 26453 10846 146977 63775 65120 76591 121110 14655 87296 144329 106002 144696 82273 97929 64987 17766 44123 39351 73473 80066 117466 135330 33763 56990 68536 119162 122112 34330 125384 92116 127247 21984 44123,39351,34330,144329,47 57 39,48 58 40,47,48,63,64,16
qseq_7f31335256331fa7,locked_test,length_64_gap_16,qcluster_locked_test_0076,qbank_locked_test_066dd1f657c3,110852 32421 27556 64020 64987 18572 82763 148206 89281 12052 69057 12650 60319 134626 78941 92542 8835 96556 59016 93162 21869 43798 46927 18731 81013 108099 50407 146642 61744 113320 29081 103464 54475 53082 96998 150928 74846 112237 34776 90782 9517 18745 53864 141572 91003 130910 132443 45819 11393 53775 47447 140126 19995 25242 61730 6865 69062 48559 108997 22659 84582 3266 37762 45819,11393,53082,108099,47 32 24,48 33 25,47,48,63,64,16
qseq_a414aa2e06d5f305,locked_test,length_64_gap_16,qcluster_locked_test_0077,qbank_locked_test_066dd1f657c3,64100 57735 23943 16969 23606 130532 131282 79788 81610 42200 135079 121378 75438 9047 61161 8857 95205 138827 125384 91398 8339 22923 94531 72688 29008 18047 62212 2497 89049 99696 63570 91367 121122 62398 20872 105040 9567 38895 78513 129956 144410 121558 43419 32292 118578 148206 7836 139945 77730 43798 27125 15087 137834 44222 19658 100613 94503 32435 7448 36016 37524 134626 66047 139945,77730,29008,100613,47 23 54,48 24 55,47,48,63,64,16
qseq_272c451a78a919f0,locked_test,length_64_gap_16,qcluster_locked_test_0078,qbank_locked_test_066dd1f657c3,36657 49374 75490 39256 75932 66355 93510 113945 115664 118828 5708 24664 54648 65342 13131 41899 37156 44123 97595 144649 88664 79378 45600 81013 61295 62487 76690 139273 54315 62367 22773 127841 128482 59463 143195 80974 100066 123910 20151 36722 48062 72319 92180 145124 49278 55357 70254 98950 82657 23603 83677 106283 101196 139482 8224 148925 116029 41393 13249 118578 134626 67107 86483 98950,82657,148925,106283,47 54 50,48 55 51,47,48,63,64,16
qseq_ba54275d9c045a5f,locked_test,length_64_gap_16,qcluster_locked_test_0079,qbank_locked_test_066dd1f657c3,74820 98599 137313 112923 139993 10627 55888 46408 43949 72840 57812 7559 7386 96312 73819 98094 100537 93980 114799 66933 103491 115926 32075 29008 72188 138278 148643 37109 124268 26400 55586 135158 144223 65378 106589 68765 83575 28990 141683 102412 75235 68988 50106 17124 149356 4952 56945 149062 12097 51929 35993 92180 13585 140397 151022 126708 23359 125649 45828 18992 3699 128754 77574 149062,12097,139993,103491,47 3 19,48 4 20,47,48,63,64,16
qseq_a498734d610e140c,locked_test,length_64_gap_16,qcluster_locked_test_0080,qbank_locked_test_066dd1f657c3,57939 61744 66131 131037 29796 742 135934 135186 149945 68282 2560 77432 5708 93582 57586 111224 134324 5879 61655 84582 77079 95207 84809 101082 144251 100613 7342 73576 73603 22923 136802 100537 9657 24261 13247 17671 33732 149246 52222 65991 120326 72121 56345 8507 32935 114140 91003 65205 136827 8868 51922 55033 144253 2448 20999 97037 16573 121882 5676 141216 93980 121982 29105 65205,136827,121982,111224,47 60 14,48 61 15,47,48,63,64,16
qseq_2301809228369e6c,locked_test,length_64_gap_16,qcluster_locked_test_0081,qbank_locked_test_066dd1f657c3,133578 13136 38845 83677 9479 140401 16649 22637 3401 86744 40919 113737 90167 109399 84809 102304 13114 47094 43823 9339 45993 149051 118872 104038 78621 113842 142417 49374 119471 80768 48091 36090 151421 45799 38499 29258 503 18012 49755 119837 60448 54474 83699 13871 2504 16189 43676 40003 64985 79387 45083 22909 57630 33763 147660 64915 78203 10736 46901 18340 19906 50818 34862 40003,64985,33763,45993,47 52 19,48 53 20,47,48,63,64,16
qseq_a168f38769998acd,locked_test,length_64_gap_16,qcluster_locked_test_0082,qbank_locked_test_066dd1f657c3,62899 63905 46931 37937 46341 148564 78941 86806 117466 4487 122059 116629 126291 79378 6152 94515 30805 50093 9354 75932 14847 35174 12201 135762 72688 77730 112321 83167 147099 43059 84814 35802 112043 98950 72987 75722 124382 27798 9047 52519 94212 113230 39291 98190 73819 72325 65816 25101 125384 27947 31405 44907 89042 129235 97260 139576 148146 4989 22511 10304 47108 31492 88342 25101,125384,116629,65816,47 10 45,48 11 46,47,48,63,64,16
qseq_61f8ca73d4e01402,locked_test,length_64_gap_16,qcluster_locked_test_0083,qbank_locked_test_066dd1f657c3,12728 27556 16820 36657 33667 61471 129264 55595 125083 70254 108494 20959 141939 106331 28283 31355 139249 118578 33685 16210 53137 58117 112758 24902 51392 6101 30145 70070 84809 57437 125957 53864 145256 111722 24261 98308 742 86604 50458 38131 127247 66848 11367 58163 33476 24358 99534 13851 17387 151022 63894 52805 84923 102851 31300 34862 13559 84657 145089 13496 49040 121360 13161 13851,17387,51392,129264,47 23 5,48 24 6,47,48,63,64,16
qseq_af90e80e54926876,locked_test,length_64_gap_16,qcluster_locked_test_0084,qbank_locked_test_066dd1f657c3,58282 61558 59192 11473 5740 113842 40051 26509 69042 66010 138473 83699 39291 38845 50326 113306 78679 44251 126249 28897 38554 101196 14398 86694 37860 7973 133765 52399 129182 45952 35354 80768 131786 105825 11960 30365 1794 52290 51460 102298 14833 80223 146357 105548 18731 64985 122833 98669 88530 71620 13871 26075 112321 54275 84311 73863 5838 24454 98407 101697 81516 79204 122555 98669,88530,131786,138473,47 31 9,48 32 10,47,48,63,64,16
qseq_ed772ccfd241b953,locked_test,length_64_gap_16,qcluster_locked_test_0085,qbank_locked_test_066dd1f657c3,103724 110255 27719 44845 149535 73473 35977 134797 126543 39668 84311 71064 8857 145676 8820 11619 105902 143517 4772 140397 31939 12301 9479 118572 27718 75432 75932 90868 18315 44733 128869 35174 9421 110294 115703 94663 150757 70166 111061 122403 78829 29458 39353 111722 38895 127266 85823 93475 60032 96952 74234 53857 90178 147083 119948 53701 136562 119069 72048 6670 149025 21239 27806 93475,60032,115703,6670,47 33 58,48 34 59,47,48,63,64,16
qseq_7928a31af593c0f1,locked_test,length_64_gap_16,qcluster_locked_test_0086,qbank_locked_test_066dd1f657c3,31438 80066 78226 26337 95834 115664 96486 36163 89551 113466 94903 45433 126543 115073 84043 76474 62504 130744 56909 86091 80029 122909 116371 119471 130494 80686 140126 92191 130854 145510 62593 2421 65366 93443 53913 127988 144586 49443 102412 113615 20652 129796 113336 55420 41525 80593 56012 38341 23160 4505 8848 6016 132486 120269 108963 23201 51288 29814 92477 61655 142901 110313 59798 38341,23160,127988,110313,47 34 60,48 35 61,47,48,63,64,16
qseq_89fa715624806ec6,locked_test,length_64_gap_16,qcluster_locked_test_0087,qbank_locked_test_066dd1f657c3,1816 72140 25766 150467 145069 66991 15598 77309 109030 6111 131398 13929 103398 142709 106711 77652 19849 31176 143905 104719 146071 10846 107146 14752 98950 139576 62839 105314 61446 47615 87288 23312 8921 2465 41738 87262 4053 90714 55392 27915 82301 71294 19767 54142 19793 141920 34151 40569 45083 151287 44419 63857 130099 34056 59147 3138 62076 21477 15086 30805 41993 27718 138534 40569,45083,34151,104719,47 45 18,48 46 19,47,48,63,64,16
qseq_816fde403ab99a1b,locked_test,length_64_gap_16,qcluster_locked_test_0088,qbank_locked_test_066dd1f657c3,14002 68039 148486 60001 7581 93162 50322 21386 137656 40130 47750 122909 119513 102777 42302 76116 105548 46185 65366 135049 9030 113185 101590 49162 9383 49070 78565 89556 18244 85533 135424 144675 147406 80536 61931 131477 125083 143751 80588 47373 42481 21691 88473 49571 81156 55493 36212 65127 137652 25230 141227 124791 66812 67557 83022 138619 42795 83513 73797 120301 76353 106652 108672 65127,137652,49571,80588,47 42 37,48 43 38,47,48,63,64,16
qseq_6a65786e7b323923,locked_test,length_64_gap_16,qcluster_locked_test_0089,qbank_locked_test_066dd1f657c3,5143 103636 21386 87288 10636 66848 62367 35390 28990 148488 108778 138277 63180 62598 6545 122555 90532 129895 35170 130533 91659 126639 50818 4883 106807 43481 47275 15598 30635 84907 57111 51059 65441 503 73223 64597 22506 110042 45003 37886 53180 137942 16307 126954 127037 62172 137747 104747 84615 138629 55820 43252 33295 76499 40842 23801 78449 97870 564 137849 78226 108250 135996 104747,84615,45003,4883,47 37 22,48 38 23,47,48,63,64,16
qseq_47c4c758e71c93bb,locked_test,length_64_gap_16,qcluster_locked_test_0090,qbank_locked_test_066dd1f657c3,125935 119865 9249 129256 44953 13177 37617 149009 67829 97489 79119 74741 96977 9517 23707 39147 47751 77221 5013 88242 87711 127841 104033 139453 107858 43662 131350 139776 30203 86744 135329 26544 103398 9421 19793 52093 116842 70303 5690 100200 99018 64628 128295 110461 84615 148126 3002 31300 61491 79204 32011 93104 43082 51288 73473 120778 101273 31939 109390 5143 37701 118913 19211 31300,61491,9517,87711,47 12 19,48 13 20,47,48,63,64,16
qseq_82a9dc26c70796f4,locked_test,length_64_gap_16,qcluster_locked_test_0091,qbank_locked_test_066dd1f657c3,18156 120301 147935 91659 122601 142332 85247 12443 32898 87474 85337 17245 101857 8868 105073 127050 69949 9991 8177 134826 110354 16772 104337 72369 27012 13136 36899 144073 68988 17853 123394 46598 60464 142709 94550 24317 85774 1706 38761 36236 43059 129038 83079 114823 85767 97595 43177 36090 80865 61318 80223 44964 64767 54463 62493 59474 147599 53172 130910 128754 57425 84029 94116 36090,80865,9991,54463,47 16 52,48 17 53,47,48,63,64,16
qseq_9d0fca0923ce0d60,locked_test,length_64_gap_16,qcluster_locked_test_0092,qbank_locked_test_066dd1f657c3,119948 37701 55586 51386 33206 83251 138512 36163 68765 13559 116248 67139 73817 127771 142652 91563 47447 150369 92182 151036 57540 113988 104729 110287 114772 101499 54080 117162 67557 29554 4692 65102 22658 141216 83714 88683 10061 23327 29108 56989 25766 128645 9360 112016 6210 45998 77587 11619 33404 17337 114159 14276 69705 16809 32170 29139 35383 45237 27718 6545 151099 29258 17245 11619,33404,45237,14276,47 56 50,48 57 51,47,48,63,64,16
qseq_31a7babe1f3f4ead,locked_test,length_64_gap_16,qcluster_locked_test_0093,qbank_locked_test_066dd1f657c3,42457 22773 94212 7289 41199 11281 73026 59926 19236 865 143517 102266 28284 68349 55785 102325 98184 104339 30635 43481 39586 51349 94626 81013 111743 51361 18839 143195 113185 121288 59236 52847 21477 49040 117270 132325 65896 82096 57292 29126 123498 97407 33992 84029 130582 149640 108498 113741 91053 116029 112522 22892 121353 136089 9724 69188 85620 22619 74229 117397 140682 45819 34862 113741,91053,69188,22892,47 54 50,48 55 51,47,48,63,64,16
qseq_33756b90a1c26925,locked_test,length_64_gap_16,qcluster_locked_test_0094,qbank_locked_test_066dd1f657c3,142640 149246 99639 127060 125606 100327 35533 80296 5879 97395 77568 114862 74036 49140 41860 77480 145754 37366 135800 136377 65047 82799 52222 865 138619 102412 101645 148807 57648 68138 41199 53137 26508 110725 52958 59983 13927 96834 45645 139173 68988 139249 3159 8264 6111 59926 45125 34344 92282 59588 16654 140607 129895 149025 67129 144002 37178 78449 135738 28101 146913 120453 146357 34344,92282,45125,49140,47 45 12,48 46 13,47,48,63,64,16
qseq_08be46ea0b53fb9b,locked_test,length_64_gap_16,qcluster_locked_test_0095,qbank_locked_test_066dd1f657c3,14129 126020 76295 51164 22294 62958 58117 78346 100139 46779 120303 121511 112237 20490 104145 118379 77806 136638 39682 55582 12001 5879 145162 74229 40326 141275 64022 34056 146754 55257 27678 71064 54398 104747 148938 142531 119513 92282 86558 46615 99603 105073 82259 99775 115073 115698 71294 100884 67754 131263 63283 23159 84615 9479 130556 47875 60448 4982 67527 148996 58650 66355 113379 100884,67754,71294,105073,47 45 40,48 46 41,47,48,63,64,16
qseq_32b4e3763d043ceb,locked_test,length_64_gap_16,qcluster_locked_test_0096,qbank_locked_test_066dd1f657c3,72818 51036 40411 143181 149726 61994 131377 31653 144253 135800 55392 57437 86161 112517 19490 143566 59387 12007 5177 36066 66964 58280 115073 16262 64701 50458 97092 119282 54339 142079 97260 39575 51958 85367 606 15117 102650 50106 72522 121242 55986 84405 44018 108062 110294 42302 137942 29258 31779 52504 93582 146950 68341 123119 23159 27915 135049 31093 19803 78487 82190 146734 25493 29258,31779,131377,146950,47 5 50,48 6 51,47,48,63,64,16
qseq_f2668f0fcd35df75,locked_test,length_64_gap_16,qcluster_locked_test_0097,qbank_locked_test_066dd1f657c3,63244 127898 143521 115625 116118 141845 107054 122601 87032 39586 55582 133151 66509 132111 102266 143604 61318 140124 61931 564 32330 102298 51101 14003 26509 43059 139442 105276 34056 24723 78941 33992 40574 14105 111943 90868 67511 19084 39348 30219 121075 57812 11298 143625 89918 23153 62282 36016 18651 86373 18504 68138 58998 10280 82021 33131 44494 17387 145069 133386 121375 135254 9047 36016,18651,111943,107054,47 33 5,48 34 6,47,48,63,64,16
qseq_79dd6f874f04f6c6,locked_test,length_64_gap_16,qcluster_locked_test_0098,qbank_locked_test_066dd1f657c3,17268 94903 25789 35354 96977 39543 43939 83056 71090 98091 30522 9392 2964 94515 85823 21728 27436 67315 19078 83546 32994 138856 13585 38048 86310 27125 62801 20999 72324 144846 34578 34303 103987 88342 55765 9180 63442 24780 25493 83826 121504 28929 90207 116223 74251 45697 68589 109608 94865 25432 61051 21477 72788 19155 100893 46775 146033 69722 26255 5063 14756 126038 149395 109608,94865,27125,103987,47 24 31,48 25 32,47,48,63,64,16
qseq_7b551ea0f90ddea9,locked_test,length_64_gap_16,qcluster_locked_test_0099,qbank_locked_test_066dd1f657c3,23740 47752 73863 37619 145906 90714 72522 44953 12623 65894 95566 38851 70146 8302 23179 115073 37117 115494 147102 15395 113741 51101 61994 37840 31864 5510 141349 25672 140126 13249 86910 11178 142709 133778 87288 60828 121982 87648 130582 113320 94437 146033 111406 27914 117081 148312 8201 143889 94001 127261 150710 130937 147778 37381 61730 53366 83251 115520 125384 129038 119735 6838 145162 143889,94001,44953,147102,47 6 17,48 7 18,47,48,63,64,16
qseq_5275c768316cd402,locked_test,length_64_gap_16,qcluster_locked_test_0100,qbank_locked_test_066dd1f657c3,129796 59115 125471 127953 149535 75929 131135 145676 101686 78621 97407 113830 92309 114554 14655 68341 51183 45506 122383 74521 57498 58956 86893 89918 133580 71264 34208 74059 73380 143521 79380 142883 69190 33905 74251 77309 5935 89217 86758 27125 76312 43798 7411 55878 147028 46341 97260 33074 88788 130075 118721 77221 122403 76684 23086 41393 23603 94116 27432 117313 54515 78717 127986 33074,88788,92309,89217,47 11 36,48 12 37,47,48,63,64,16
qseq_e85b8c3c1ad18adc,locked_test,length_64_gap_16,qcluster_locked_test_0101,qbank_locked_test_066dd1f657c3,2073 117313 76523 53137 129371 147873 3138 48014 33372 40590 60144 14854 69615 68988 47193 140286 110866 19995 130877 118017 63905 30773 34822 35438 7836 57612 92542 60464 46967 135206 121032 45329 56913 136366 58163 68138 745 116672 59887 3380 127988 9479 123910 22637 15460 133124 147885 2782 75584 26075 13157 1405 19793 98873 10359 84548 88301 110213 12627 149397 129895 128645 100708 2782,75584,14854,136366,47 10 32,48 11 33,47,48,63,64,16
qseq_212a4ca6191645b4,locked_test,length_64_gap_16,qcluster_locked_test_0102,qbank_locked_test_066dd1f657c3,10462 116842 19906 55239 137686 109590 63511 47119 77079 80029 64771 117961 97911 103784 50093 24633 121051 31492 11727 86310 46403 86340 108250 61171 673 65702 65127 73817 120303 96206 50677 67339 100123 143475 137780 21629 148117 17390 5862 106786 59487 50813 81803 76474 113336 86091 115654 22905 122097 77568 147695 118881 76404 49422 79788 27878 136821 125395 114753 65472 54520 35138 37409 22905,122097,54520,86310,47 59 18,48 60 19,47,48,63,64,16
qseq_de9453d7214b7e3c,locked_test,length_64_gap_16,qcluster_locked_test_0103,qbank_locked_test_066dd1f657c3,136415 98786 146108 148206 3813 120779 2964 48037 127980 39832 55398 117290 40728 13281 26143 116057 71250 14002 86694 30646 102064 33457 84247 85247 144336 139055 83127 71265 47119 48207 93591 52718 141551 143712 84405 34302 58105 51059 147099 111279 16012 123761 127510 144868 49695 3526 128120 129796 11885 66010 110380 29779 140571 87013 25710 62628 60464 30307 47750 39893 91053 44310 92923 129796,11885,146108,86694,47 1 17,48 2 18,47,48,63,64,16
qseq_89853c889eea6d34,locked_test,length_64_gap_16,qcluster_locked_test_0104,qbank_locked_test_066dd1f657c3,12201 105021 68343 16210 106194 52097 102893 55581 23312 7411 148925 70523 20652 11885 85533 16026 110294 148195 37409 865 48838 25594 125649 63229 39667 68456 138473 62490 80104 131722 108929 56910 3449 60230 38895 61598 104033 143604 138278 140738 48600 18621 117678 100207 54474 124268 33685 17384 87772 67976 49278 15596 102905 62010 113475 106368 52860 83251 89714 67307 66586 31389 87296 17384,87772,31389,11885,47 60 12,48 61 13,47,48,63,64,16
qseq_ac93ef5971ba7b45,locked_test,length_64_gap_16,qcluster_locked_test_0105,qbank_locked_test_066dd1f657c3,74036 79957 16736 63211 115698 149763 51386 44222 117313 104904 104285 108250 21498 136614 145324 13136 15087 138978 40990 47193 21386 35164 60880 82156 96085 18877 114140 41518 16820 145676 5802 51659 144122 15481 31176 42302 145906 100427 86200 94140 112016 27467 133075 102982 135257 84335 50322 95925 135543 44731 116778 7559 77774 13143 61785 7775 117535 130138 62721 74432 91563 52536 73022 95925,135543,86200,42302,47 37 34,48 38 35,47,48,63,64,16
qseq_69ce36b50c0d6fdd,locked_test,length_64_gap_16,qcluster_locked_test_0106,qbank_locked_test_066dd1f657c3,97145 146059 35174 48020 136383 103337 33206 127693 117636 96093 35438 83699 120900 34261 73564 73350 99907 33992 29638 54339 139482 92923 119513 66010 70799 86467 51392 111943 44549 97043 76837 51145 88057 148195 112510 137048 28999 151493 40569 78725 105817 12007 130796 51059 146773 146616 111378 115247 40353 145041 87298 98308 12301 85654 98736 47470 123845 26071 50491 15770 11660 102682 106934 115247,40353,29638,51145,47 17 30,48 18 31,47,48,63,64,16
qseq_a2251141f55d7677,locked_test,length_64_gap_16,qcluster_locked_test_0107,qbank_locked_test_066dd1f657c3,131754 95404 51145 102058 109501 126593 74363 604 99028 135674 128804 91712 65511 54956 49981 52594 114292 150757 66812 44805 22738 89714 89260 124935 145366 26075 98778 92180 51222 54315 67059 55986 129947 97120 71078 31211 120986 111279 47108 139409 67851 43212 84960 114673 88481 73350 130503 131180 136378 70808 44273 3141 78487 49564 61598 137969 52222 94596 65631 93104 13929 51288 62043 131180,136378,66812,67851,47 17 39,48 18 40,47,48,63,64,16
qseq_818a2438231bd53a,locked_test,length_64_gap_16,qcluster_locked_test_0108,qbank_locked_test_066dd1f657c3,33392 120863 104337 126929 104690 32253 17268 111183 136821 103497 57732 50818 40172 73576 145573 10280 65377 109932 80616 10144 136897 43597 141551 35390 148312 77008 94437 12627 32485 78253 5419 74614 19059 85063 141960 57939 150108 61260 33654 136112 7463 112077 40590 106976 32965 66566 45762 76404 127233 14981 24902 55392 116939 34113 119177 150710 54488 51763 24313 28829 129956 99639 103022 76404,127233,40590,77008,47 41 24,48 42 25,47,48,63,64,16
qseq_0c2fffa14785c9cd,locked_test,length_64_gap_16,qcluster_locked_test_0109,qbank_locked_test_066dd1f657c3,32835 55040 92566 41833 141683 50326 99028 52618 106038 83042 66566 101521 57138 28929 77432 143396 44805 97718 117442 9479 49735 119039 16246 108788 20509 4340 7187 14847 49478 61598 18073 149009 37352 78462 20640 5074 32127 53775 87330 16210 12639 129993 109608 127261 72450 61171 73634 80296 45558 60774 9991 26109 98190 54515 63376 149604 109590 134057 22637 139055 47308 94992 41899 80296,45558,37352,101521,47 31 10,48 32 11,47,48,63,64,16
qseq_bd22634b70260d1f,locked_test,length_64_gap_16,qcluster_locked_test_0110,qbank_locked_test_066dd1f657c3,12606 139482 25384 86467 73603 130910 55808 38080 33732 94550 120888 22506 135424 139012 99226 102362 4982 59877 88434 39575 123761 113796 119409 5510 44776 16246 134356 52210 143475 5306 57482 83167 51349 97431 54488 80997 83848 98364 89556 113125 110255 125606 29175 23278 122503 95596 138539 82479 62862 51036 143515 133347 54733 8434 139979 143396 59318 57437 40999 44805 129796 6637 105817 82479,62862,55808,44805,47 5 58,48 6 59,47,48,63,64,16
qseq_a07a94cc2f1836e2,locked_test,length_64_gap_16,qcluster_locked_test_0111,qbank_locked_test_066dd1f657c3,61622 97425 53526 22653 106352 86278 27467 28897 66313 61552 93475 55808 36828 32075 117113 81798 97913 103497 16916 43212 98190 57292 102257 45697 85823 100225 78725 71059 1794 88664 140793 6710 146016 47926 51763 100884 55765 123273 140682 54081 32858 23097 80768 5492 80467 11886 5074 99028 147885 146974 11619 3043 15770 114772 110859 37279 57272 123074 89217 81803 8224 139055 76526 99028,147885,57272,53526,47 55 1,48 56 2,47,48,63,64,16
qseq_e7d002fb1a57e773,locked_test,length_64_gap_16,qcluster_locked_test_0112,qbank_locked_test_066dd1f657c3,149763 97911 7386 73301 37109 76523 129223 109399 66509 41860 51207 1008 35281 81148 57082 93225 131037 94865 58704 130191 62076 67528 31181 102578 9030 144649 79781 22637 39381 52210 19056 34963 73603 120986 11724 46408 108997 120779 127652 113102 146977 138095 55606 53172 68164 13591 36234 78487 143396 62172 84821 13699 83079 137436 105286 142343 80635 7289 58951 117573 55148 51908 30307 78487,143396,7386,13591,47 1 44,48 2 45,47,48,63,64,16
qseq_eeccbf20a4d3621a,locked_test,length_64_gap_16,qcluster_locked_test_0113,qbank_locked_test_066dd1f657c3,98919 6838 925 61418 65991 10442 38619 143188 131161 71533 144959 37886 7386 148467 44964 3699 135261 41433 87648 71620 26509 71078 121032 114862 77564 103555 84383 51183 107355 51349 118221 6865 35138 4618 73223 141195 86200 130129 85352 46024 75688 22533 25766 33763 61558 88087 19844 76353 116740 86116 61260 89399 31950 145288 58608 74983 84335 17516 7717 69954 43491 88163 47155 76353,116740,69954,89399,47 58 50,48 59 51,47,48,63,64,16
qseq_5ef2422ec91542b8,locked_test,length_64_gap_16,qcluster_locked_test_0114,qbank_locked_test_066dd1f657c3,19211 94503 60417 46171 92180 123358 12034 125691 122059 79768 90868 147599 84582 85533 67679 52519 14139 144251 12897 68625 63641 85186 56185 128869 57056 146754 31405 149537 123910 85654 93324 87262 104174 35164 14129 88730 69042 36828 133984 126708 147778 55033 39291 53526 148467 88829 101266 27616 68456 103551 72128 79738 33206 113102 13929 36657 17124 10573 52958 97407 97533 102569 95566 27616,68456,56185,146754,47 21 24,48 22 25,47,48,63,64,16
qseq_755dee450e48d910,locked_test,length_64_gap_16,qcluster_locked_test_0115,qbank_locked_test_066dd1f657c3,36956 127459 135158 83369 807 108354 606 92923 121018 83794 114548 64985 63341 73819 110345 101108 142079 84075 27579 87139 130533 93439 35039 48105 48062 124239 59776 74313 12031 66131 63212 4910 101793 12627 68282 111810 23707 80288 20522 6942 84657 18315 75032 54463 72665 65511 90895 61171 90868 6961 69347 149640 114159 49094 47094 5879 56607 142921 27915 120453 11737 45600 133386 61171,90868,65511,114159,47 44 51,48 45 52,47,48,63,64,16
qseq_bd3b1ed4c2889345,locked_test,length_64_gap_16,qcluster_locked_test_0116,qbank_locked_test_066dd1f657c3,25732 95040 106194 38231 41104 68343 49278 20599 59436 71374 116527 3141 94018 148703 74257 52399 60717 57735 50818 136112 57799 76499 115731 55587 60448 84657 19641 16809 45895 126090 84960 145324 125904 37279 15783 100884 73354 123219 41860 132785 121982 34776 117332 122676 129796 19658 35039 100079 138314 144160 61491 15596 139055 63857 121288 38217 114823 146773 139249 34459 147882 35083 55968 100079,138314,41104,45895,47 3 27,48 4 28,47,48,63,64,16
qseq_fa6d929c9b1cfa2f,locked_test,length_64_gap_16,qcluster_locked_test_0117,qbank_locked_test_066dd1f657c3,4211 38080 25710 63229 49094 110514 121647 21984 137421 15079 54601 52536 141585 145168 111475 141657 145949 63905 108062 94550 5143 19429 20151 109070 20986 29318 106331 29344 13143 146974 8507 50813 5708 114247 19490 27436 69941 31355 132779 112758 77221 86310 55079 88683 45943 81300 108788 118017 42904 111566 62839 2497 83794 21498 52229 64502 37619 17337 23746 76023 98950 143889 65462 118017,42904,63905,8507,47 16 29,48 17 30,47,48,63,64,16
qseq_b6db20d03b0cfd48,locked_test,length_64_gap_16,qcluster_locked_test_0118,qbank_locked_test_066dd1f657c3,149604 52603 51908 88163 96312 133335 111810 54318 96998 110294 138522 22779 34697 151421 141960 51740 43335 92692 13671 86287 13543 49121 129723 94399 12052 47356 150676 58010 7188 23617 58764 62106 46883 17074 84099 16246 32821 92191 61295 39381 6101 123992 97870 144898 119069 149759 70602 29105 73703 63511 54595 101082 9118 90307 16100 128638 20522 87410 136626 140323 32428 124784 129947 29105,73703,138522,88163,47 9 2,48 10 3,47,48,63,64,16
qseq_553001b210920ed2,locked_test,length_64_gap_16,qcluster_locked_test_0119,qbank_locked_test_066dd1f657c3,106352 86028 42111 8857 27125 63570 52961 58704 25539 127481 116021 12793 27436 58431 148432 1405 29458 36828 75432 105286 9498 31123 149837 93832 22909 100123 106580 121018 63898 49070 7135 27719 136897 99033 146190 94728 6637 139012 32253 93180 104642 119513 121242 149670 5419 36376 52618 148474 137219 107517 80973 127771 21871 59824 66 129699 88214 18340 21984 127037 150108 1681 17384 148474,137219,127771,93180,47 50 38,48 51 39,47,48,63,64,16
qseq_d179924da0f80757,locked_test,length_64_gap_16,qcluster_locked_test_0120,qbank_locked_test_066dd1f657c3,54154 135254 147885 124643 10432 59147 61318 32408 39714 40919 39586 129895 121300 3982 121378 34459 139453 76261 16736 116353 39947 73603 138779 63969 70602 25672 108741 28999 144996 140571 2323 1681 81082 44953 72121 104455 143517 5419 142901 146071 128185 12511 130075 35703 29538 60361 16307 11281 105756 148488 56989 73508 65377 38501 60780 58370 62566 136562 61471 104904 132365 27878 45952 11281,105756,70602,121378,47 23 13,48 24 14,47,48,63,64,16
qseq_77cf542ba4bad981,locked_test,length_64_gap_16,qcluster_locked_test_0121,qbank_locked_test_066dd1f657c3,72163 49070 131276 109505 865 35005 36138 48857 79676 93443 87191 56012 16486 39348 81994 72887 93084 96093 114247 84559 46269 86028 119409 84973 5013 62628 96952 2584 123992 6101 103337 105902 114159 118721 4909 115980 37366 102905 8857 137421 104269 57111 146033 47845 38895 12387 100676 4067 27580 123498 145909 115625 132018 148312 16100 89351 91397 55595 110294 33074 105421 18745 110213 4067,27580,114247,35005,47 17 4,48 18 5,47,48,63,64,16
qseq_afce8d2ee99af68f,locked_test,length_64_gap_16,qcluster_locked_test_0122,qbank_locked_test_066dd1f657c3,13143 109644 13438 59926 115316 67307 44549 115024 146812 66405 69784 16210 66422 142709 46931 28694 113001 12793 78352 147086 61963 136089 86744 107858 127980 9251 105040 133124 125963 116407 70088 122112 57082 112289 79957 77676 137747 12097 56990 142093 132536 22773 84548 45329 48137 88678 101125 74059 29438 47845 34730 95182 33081 69691 48062 21629 13326 35849 105976 19365 9567 120779 52568 74059,29438,133124,69784,47 26 9,48 27 10,47,48,63,64,16
qseq_6c33108c5c8979c2,locked_test,length_64_gap_16,qcluster_locked_test_0123,qbank_locked_test_066dd1f657c3,60448 139055 40172 94437 3558 142476 67851 27012 110866 45969 147035 70602 84767 51763 132826 9251 150774 126347 55856 68589 11960 45329 113114 51929 96486 93104 85817 146059 109200 3982 99139 85119 49490 16573 35164 127247 74059 145203 19803 36234 133501 62862 15117 104121 42695 144959 116603 78158 145246 117442 131722 72131 111718 107556 9935 17246 35977 143521 90935 55398 45021 74512 27886 78158,145246,62862,109200,47 40 27,48 41 28,47,48,63,64,16
qseq_e5fe54bdbf5bb09f,locked_test,length_64_gap_16,qcluster_locked_test_0124,qbank_locked_test_066dd1f657c3,40919 48827 3558 17667 21442 49977 13318 127247 87474 113830 148053 120159 92282 7973 103377 84582 118732 128295 21551 2726 62278 95396 74512 62490 18745 46171 82554 116689 120758 79017 143712 57437 102578 57612 105853 13543 149368 74560 22124 50677 9249 53172 118568 59570 72369 45388 1507 61446 103784 24655 15460 54211 67315 115494 57292 16699 71265 150681 88669 128421 67851 141551 1405 61446,103784,102578,116689,47 31 26,48 32 27,47,48,63,64,16
qseq_7ec90f33214798f2,locked_test,length_64_gap_16,qcluster_locked_test_0125,qbank_locked_test_066dd1f657c3,66355 144706 72369 72788 111764 33081 64628 25230 94879 24664 45558 14276 134785 148341 111667 119409 115650 68343 36899 79017 61260 100793 89281 84247 34208 134111 29126 79733 14981 144073 83848 95350 73701 3127 48014 100981 18850 131899 76295 32253 125081 75235 20790 75063 82479 100427 110380 36722 38341 94638 31393 103540 98736 73515 57590 130582 47799 5838 129993 142878 6210 117211 66131 36722,38341,3127,47799,47 32 55,48 33 56,47,48,63,64,16
qseq_beab71035c9db0a1,locked_test,length_64_gap_16,qcluster_locked_test_0126,qbank_locked_test_066dd1f657c3,123498 143254 61286 94638 107343 45237 128519 36828 27915 143751 32821 132365 16573 66490 34074 62278 119936 1422 139453 145754 142613 118699 14966 73022 570 69615 17245 3813 96556 11886 72369 144329 3859 148807 51736 97209 91015 38263 16268 18504 12511 20327 126708 31491 78554 111667 142921 21551 17998 75782 49443 143905 71692 50407 80593 142904 70218 150531 132779 41010 78487 128804 24808 21551,17998,143254,132365,47 0 10,48 1 11,47,48,63,64,16
qseq_83b829ed1c92e76f,locked_test,length_64_gap_16,qcluster_locked_test_0127,qbank_locked_test_066dd1f657c3,119039 25732 52805 105902 43043 132370 35849 3859 48037 72887 137849 26642 94001 11847 86893 27295 114753 52961 43378 80223 72959 64771 147684 61686 13851 147379 84657 125963 115664 88959 58650 127502 53780 146773 109744 44273 144002 141703 147778 7541 71497 144696 59588 14981 20640 13886 118652 41899 127055 62628 36296 91659 114772 127953 116004 140154 104145 138629 136905 138866 108099 18745 136112 41899,127055,144696,53780,47 40 31,48 41 32,47,48,63,64,16
